wave,supplier_id,su_name,parent_su_name,sto,srm,enable_week,order_bucket,period,n_suppliers,vol,weekend_msbd,weekend_ship,sat_ship,sun_ship,ifr,late_orders,o2d_stated,o2d_actual,o2s_actual,fast_badge,del_rel,delivered_vol
other,30326,VIG Furniture CA 90058 Slauson,Lima Trading LLC,Casegoods,Joseph Hannigan,2026-07-19,fri_sat,post,1.0,62.0,0.03225806451612903,0.0,0.0,0.0,1.0,0.0,5.30188679245283,5.483870967741935,2.2096774193548385,0.3870967741935484,0.7868852459016393,61.0
other,30326,VIG Furniture CA 90058 Slauson,Lima Trading LLC,Casegoods,Joseph Hannigan,2026-07-19,fri_sat,pre,1.0,130.0,0.007692307692307693,0.007692307692307693,0.007692307692307693,0.0,0.9692307692307692,4.0,6.851239669421488,6.107692307692307,2.4692307692307693,0.3,0.8359375,128.0
other,30326,VIG Furniture CA 90058 Slauson,Lima Trading LLC,Casegoods,Joseph Hannigan,2026-07-19,weekday,post,1.0,169.0,0.0,0.0,0.0,0.0,0.9526627218934911,8.000000000000004,5.538461538461538,5.27810650887574,0.9822485207100592,0.40828402366863903,0.8154761904761905,168.0
other,30326,VIG Furniture CA 90058 Slauson,Lima Trading LLC,Casegoods,Joseph Hannigan,2026-07-19,weekday,pre,1.0,293.0,0.0,0.0,0.0,0.0,0.9488054607508533,14.999999999999995,6.057251908396947,5.771331058020478,1.1911262798634812,0.36177474402730375,0.7731958762886598,291.0
wave1_jun_jul,14129,nuLOOM NJ 08512,nuLOOM,Rugs,Brianna Barrett,2026-06-21,fri_sat,post,1.0,5056.0,0.7935126582278481,0.714003164556962,0.022556390977443608,0.6917293233082706,0.9078322784810127,465.99999999999994,4.809475806451613,4.114896988906498,1.206371191135734,0.7931170886075949,0.8565182829888712,5032.0
wave1_jun_jul,14129,nuLOOM NJ 08512,nuLOOM,Rugs,Brianna Barrett,2026-06-21,fri_sat,pre,1.0,4446.0,0.0002249212775528565,0.7233468286099866,0.0031510240828269186,0.720684222372271,0.9871794871794872,56.9999999999998,5.136842105263158,4.0792614276063945,1.131892865181184,0.7678812415654521,0.9218468468468468,4440.0
wave1_jun_jul,14129,nuLOOM NJ 08512,nuLOOM,Rugs,Brianna Barrett,2026-06-21,weekday,post,1.0,9866.0,0.027772146766673424,0.003243462396107845,0.00030416708912095713,0.0029402818615025853,0.9326981552807622,664.0000000000005,4.098212429848265,3.252739448051948,0.6461522863226199,0.8683356983579972,0.8801223241590214,9810.0
wave1_jun_jul,14129,nuLOOM NJ 08512,nuLOOM,Rugs,Brianna Barrett,2026-06-21,weekday,pre,1.0,9372.0,0.00010670081092616304,0.002667520273154076,0.0,0.0026692291266282296,0.9512377294067434,457.0000000000004,4.134852283876595,3.183333333333333,0.6758488148622678,0.879534784464362,0.9223778466802096,9353.0
wave1_jun_jul,27593,NFusion CA El Monte,"GigaCloud Trading, Inc.",Outdoor Furniture,Amy Connell,2026-07-05,fri_sat,post,1.0,1127.0,0.9165927240461402,0.7923691215616682,0.0,0.7923691215616682,0.7391304347826086,294.00000000000006,5.999095022624434,5.499556344276841,1.6645962732919255,0.5004436557231589,0.7976929902395741,1127.0
wave1_jun_jul,27593,NFusion CA El Monte,"GigaCloud Trading, Inc.",Outdoor Furniture,Amy Connell,2026-07-05,fri_sat,pre,1.0,1388.0,0.0007204610951008645,0.8811239193083573,0.0,0.8817591925018025,0.9920749279538905,10.999999999999961,6.399851079672375,5.798846431146359,1.6113914924297044,0.38976945244956773,0.9090252707581228,1385.0
wave1_jun_jul,27593,NFusion CA El Monte,"GigaCloud Trading, Inc.",Outdoor Furniture,Amy Connell,2026-07-05,weekday,post,1.0,2162.0,0.002312673450508788,0.00786308973172988,0.006478482184173994,0.0013882461823229986,0.969472710453284,66.00000000000003,5.324582338902148,4.952734012974977,1.05090236001851,0.5851063829787234,0.8149697814969782,2151.0
wave1_jun_jul,27593,NFusion CA El Monte,"GigaCloud Trading, Inc.",Outdoor Furniture,Amy Connell,2026-07-05,weekday,pre,1.0,3003.0,0.000999000999000999,0.004995004995004995,0.0016661112962345886,0.003332222592469177,0.9100899100899101,269.9999999999999,5.869789872545643,5.350883038987004,1.119,0.5118215118215118,0.8731218697829716,2995.0
wave1_jun_jul,28971,NFusion CA 91761 Warehouse CA11,"GigaCloud Trading, Inc.",Outdoor Furniture,Amy Connell,2026-07-05,fri_sat,post,1.0,1690.0,0.906508875739645,0.9088757396449704,0.0,0.9094138543516874,0.8763313609467456,208.99999999999997,6.09399636143117,5.748367952522255,1.5725281231497927,0.4396449704142012,0.8096371207614516,1681.0
wave1_jun_jul,28971,NFusion CA 91761 Warehouse CA11,"GigaCloud Trading, Inc.",Outdoor Furniture,Amy Connell,2026-07-05,fri_sat,pre,1.0,1902.0,0.0010515247108307045,0.7644584647739222,0.0,0.7644584647739222,0.9752891692954785,46.99999999999992,6.4514038876889845,6.208311415044713,1.7313354363827549,0.33543638275499477,0.8509741969457609,1899.0
wave1_jun_jul,28971,NFusion CA 91761 Warehouse CA11,"GigaCloud Trading, Inc.",Outdoor Furniture,Amy Connell,2026-07-05,weekday,post,1.0,3336.0,0.0035971223021582736,0.009892086330935251,0.0065986802639472104,0.0032993401319736052,0.8914868105515588,362.0,5.932817337461301,5.401860744297719,1.113977204559088,0.5113908872901679,0.8094663852879108,3317.0
wave1_jun_jul,28971,NFusion CA 91761 Warehouse CA11,"GigaCloud Trading, Inc.",Outdoor Furniture,Amy Connell,2026-07-05,weekday,pre,1.0,4369.0,0.001373311970702678,0.010986495765621425,0.006414662084765177,0.004581901489117984,0.7317463950560769,1172.0000000000002,6.388954448902525,6.024552547039926,1.2950744558991982,0.40627145799954223,0.7904893177119228,4353.0
wave1_jun_jul,34809,Safavieh GA31407 B,Safavieh,Rugs,Alex Resnick,2026-07-05,fri_sat,post,1.0,2738.0,0.7399561723886048,0.5383491599707816,0.0,0.5385458531238583,0.7154857560262966,778.9999999999999,4.496641791044776,3.99743964886613,1.3028863719400803,0.8842220598977356,0.8400439238653001,2732.0
wave1_jun_jul,34809,Safavieh GA31407 B,Safavieh,Rugs,Alex Resnick,2026-07-05,fri_sat,pre,1.0,2455.0,0.0,0.6089613034623218,0.0,0.6089613034623218,0.9910386965376782,22.000000000000078,4.902823920265781,4.359413202933985,1.3637474541751526,0.8374745417515275,0.8140293637846656,2452.0
wave1_jun_jul,34809,Safavieh GA31407 B,Safavieh,Rugs,Alex Resnick,2026-07-05,weekday,post,1.0,5487.0,0.0007289958082741025,0.001822489520685256,0.0007291286912139992,0.001093693036820999,0.928922908693275,390.00000000000017,3.8406040268456376,3.325,0.6669704702880058,0.8888281392381994,0.8508997429305912,5446.0
wave1_jun_jul,34809,Safavieh GA31407 B,Safavieh,Rugs,Alex Resnick,2026-07-05,weekday,pre,1.0,5458.0,0.0,0.0021986075485525836,0.00018328445747800586,0.0020161290322580645,0.8451813851227555,845.0000000000003,4.172246119319245,3.524307466519905,0.8005499541704858,0.8679003297911323,0.8590308370044053,5448.0
wave1_jun_jul,59119,Safavieh CA 92518,Safavieh,Rugs,Alex Resnick,2026-07-05,fri_sat,post,1.0,3160.0,0.6762658227848102,0.5281645569620254,0.001266624445851805,0.5272324255858138,0.7199367088607594,885.0000000000001,5.042512077294686,4.579080824088748,1.2200759974667512,0.6560126582278482,0.805087440381558,3145.0
wave1_jun_jul,59119,Safavieh CA 92518,Safavieh,Rugs,Alex Resnick,2026-07-05,fri_sat,pre,1.0,3222.0,0.0006207324643078833,0.585350713842334,0.000931098696461825,0.5844196151458722,0.9878957169459963,38.99999999999987,5.431459254579911,4.89137181874612,1.3795779019242707,0.6052141527001862,0.8624223602484472,3220.0
wave1_jun_jul,59119,Safavieh CA 92518,Safavieh,Rugs,Alex Resnick,2026-07-05,weekday,post,1.0,6131.0,0.0008155276463872126,0.000978633175664655,0.0006530612244897959,0.00032653061224489796,0.9760234871962159,147.0000000000003,4.5342762063227955,3.9298675821481117,0.537469387755102,0.690751916489969,0.8831423895253683,6110.0
wave1_jun_jul,59119,Safavieh CA 92518,Safavieh,Rugs,Alex Resnick,2026-07-05,weekday,pre,1.0,6541.0,0.00030576364470264486,0.001834581868215869,0.0003058571647040832,0.001529285823520416,0.9804311267390308,127.99999999999976,4.699079132199157,4.151904543368517,0.577458326961309,0.7023390918819752,0.8289655172413793,6525.0
wave1_jun_jul,59466,nuLOOM CA 95206,nuLOOM,Rugs,Brianna Barrett,2026-07-12,fri_sat,post,1.0,1158.0,0.7573402417962003,0.7348877374784111,0.4407951598962835,0.29472774416594644,0.9835924006908463,18.999999999999982,5.107705779334501,4.327272727272727,0.5358686257562663,0.7124352331606217,0.8067590987868284,1154.0
wave1_jun_jul,59466,nuLOOM CA 95206,nuLOOM,Rugs,Brianna Barrett,2026-07-12,fri_sat,pre,1.0,1684.0,0.0,0.588479809976247,0.3972684085510689,0.19121140142517815,0.9958432304038005,6.99999999999993,5.858091787439614,4.783462224866151,0.8206650831353919,0.6211401425178147,0.9290822407628129,1678.0
wave1_jun_jul,59466,nuLOOM CA 95206,nuLOOM,Rugs,Brianna Barrett,2026-07-12,weekday,post,1.0,2333.0,0.0004286326618088298,0.0008572653236176596,0.0004288164665523156,0.0004288164665523156,0.9275610801543077,169.0000000000001,4.139412538360368,3.7969085444396735,0.5754716981132075,0.7471067295327904,0.8319002579535684,2326.0
wave1_jun_jul,59466,nuLOOM CA 95206,nuLOOM,Rugs,Brianna Barrett,2026-07-12,weekday,pre,1.0,3310.0,0.00030211480362537764,0.019939577039274924,0.019969742813918306,0.0,0.9410876132930514,195.00000000000003,4.813585607940446,4.086745526235972,0.6217851739788199,0.682477341389728,0.8867294260552687,3293.0
wave1_jun_jul,70707,Aosom LLC NJ 08022,Aosom LLC,APS Outdoor,Amber Xiang,2026-07-05,fri_sat,post,1.0,1329.0,0.9187358916478555,0.8502633559066968,0.0,0.8502633559066968,0.9390519187358917,80.99999999999997,4.213139801375095,4.024943310657596,1.217456734386757,0.8743416102332581,0.6971990915972748,1321.0
wave1_jun_jul,70707,Aosom LLC NJ 08022,Aosom LLC,APS Outdoor,Amber Xiang,2026-07-05,fri_sat,pre,1.0,2309.0,0.0,0.8406236466002599,0.0,0.8409878682842288,0.9952360329146817,11.000000000000055,4.493881118881119,3.912083152880035,1.2192374350086654,0.8895625812039845,0.9367691641403205,2309.0
wave1_jun_jul,70707,Aosom LLC NJ 08022,Aosom LLC,APS Outdoor,Amber Xiang,2026-07-05,weekday,post,1.0,2776.0,0.005763688760806916,0.0018011527377521613,0.0,0.0018031013342949874,0.9949567723342939,14.000000000000092,3.2964181286549707,2.851932105453232,0.6895059502344032,0.8955331412103746,0.8900580551523948,2756.0
wave1_jun_jul,70707,Aosom LLC NJ 08022,Aosom LLC,APS Outdoor,Amber Xiang,2026-07-05,weekday,pre,1.0,5073.0,0.0005913660555884093,0.01714961561206387,0.0,0.01717670286278381,0.9789079440173467,107.00000000000014,3.3642,2.7588792423046566,0.7553800592300098,0.918588606347329,0.9324511159391665,5063.0
wave1_jun_jul,85184,Aosom LLC GA30294,Aosom LLC,APS Outdoor,Amber Xiang,2026-07-05,fri_sat,post,1.0,1775.0,0.9138028169014084,0.8276056338028169,0.0,0.8280721533258174,0.900281690140845,177.00000000000009,4.3553907586993725,4.126482213438735,1.3489289740698986,0.9132394366197183,0.7969457013574661,1768.0
wave1_jun_jul,85184,Aosom LLC GA30294,Aosom LLC,APS Outdoor,Amber Xiang,2026-07-05,fri_sat,pre,1.0,2756.0,0.000725689404934688,0.7866473149492017,0.0,0.7880770628862231,0.9934687953555879,17.99999999999988,4.696579624862082,4.011627906976744,1.2395492548164304,0.9049346879535559,0.9396363636363636,2750.0
wave1_jun_jul,85184,Aosom LLC GA30294,Aosom LLC,APS Outdoor,Amber Xiang,2026-07-05,weekday,post,1.0,3550.0,0.0050704225352112674,0.0008450704225352113,0.0,0.000846262341325811,0.9766197183098592,82.99999999999997,3.5096071121307713,3.189991518235793,0.7940761636107193,0.9061971830985915,0.871031746031746,3528.0
wave1_jun_jul,85184,Aosom LLC GA30294,Aosom LLC,APS Outdoor,Amber Xiang,2026-07-05,weekday,pre,1.0,5675.0,0.0003524229074889868,0.004052863436123348,0.0001763046544428773,0.0038787023977433005,0.9770925110132158,130.00000000000026,3.5299283154121865,3.226671370612101,0.8270451339915373,0.9138325991189428,0.8631950573698146,5665.0
wave1_jun_jul,93132,Safavieh IN46075,Safavieh,Rugs,Alex Resnick,2026-07-05,fri_sat,post,1.0,5332.0,0.7674418604651163,0.48424606151537886,0.0022509848058525606,0.4820859125867567,0.6209677419354839,2021.0,4.22894838960031,4.143768768768769,1.6128306133933596,0.8790322580645161,0.7197368421052631,5320.0
wave1_jun_jul,93132,Safavieh IN46075,Safavieh,Rugs,Alex Resnick,2026-07-05,fri_sat,pre,1.0,5295.0,0.0005665722379603399,0.5831916902738432,0.0,0.5831916902738432,0.9325779036827195,357.00000000000006,4.689157566302652,4.398676748582231,1.6276917264828108,0.856657223796034,0.7662190278040477,5287.0
wave1_jun_jul,93132,Safavieh IN46075,Safavieh,Rugs,Alex Resnick,2026-07-05,weekday,post,1.0,10902.0,0.002568336085121996,0.001100715465052284,0.0004588418830870882,0.0006423786363219235,0.9418455329297377,633.9999999999994,3.432266591145096,2.9566216340409888,0.6955125263834083,0.8775454045129334,0.8871965291239731,10833.0
wave1_jun_jul,93132,Safavieh IN46075,Safavieh,Rugs,Alex Resnick,2026-07-05,weekday,pre,1.0,11494.0,0.0,0.012267269879937358,0.00026102845210127906,0.012007308796658836,0.8763702801461632,1420.9999999999995,3.710288727987843,3.2711598746081503,0.8205864439223876,0.872977205498521,0.835992675908972,11469.0
wave1_jun_jul,223799,Safavieh Texas,Safavieh,Rugs,Alex Resnick,2026-07-05,fri_sat,post,1.0,5627.0,0.6950417629287364,0.6115159054558379,0.0,0.6119509158812022,0.8027368046916652,1110.0,4.287992667277726,4.181559273762905,1.2356393384314424,0.9063444108761329,0.7184986595174263,5595.0
wave1_jun_jul,223799,Safavieh Texas,Safavieh,Rugs,Alex Resnick,2026-07-05,fri_sat,pre,1.0,5076.0,0.0003940110323089047,0.6101260835303388,0.02108374384236453,0.5891625615763547,0.8081166272655634,974.0,4.708747716663284,4.578356002365465,1.6059113300492611,0.7951142631993696,0.7491612393921453,5067.0
wave1_jun_jul,223799,Safavieh Texas,Safavieh,Rugs,Alex Resnick,2026-07-05,weekday,post,1.0,11147.0,0.0014353637750067283,0.002242755898448013,0.00044895393732603036,0.0017958157493041214,0.9110074459495828,992.0000000000002,3.540632782953602,3.2381850853548966,0.6950431034482759,0.9275141293621603,0.8585712998828934,11101.0
wave1_jun_jul,223799,Safavieh Texas,Safavieh,Rugs,Alex Resnick,2026-07-05,weekday,pre,1.0,11046.0,0.0007242440702516748,0.0034401593336954553,0.001991671193192106,0.0014484881405033496,0.8166757197175448,2024.9999999999998,3.862691875701984,3.4750430292598966,0.7773854789063914,0.8895527792866196,0.8215677390122338,11035.0
wave1_jun_jul,288109,WINADO INC NJ 08505(3),WINADO INC,APS Outdoor,Melody Lu,2026-07-05,fri_sat,post,1.0,2291.0,0.07507638585770406,0.8258402444347447,0.0004366812227074236,0.825764192139738,0.9463116542994325,123.00000000000006,4.967670504871568,4.207968476357268,1.3572052401746726,0.8013967699694456,0.8762071992976295,2278.0
wave1_jun_jul,288109,WINADO INC NJ 08505(3),WINADO INC,APS Outdoor,Melody Lu,2026-07-05,fri_sat,pre,1.0,1926.0,0.0,0.7206645898234684,0.035343035343035345,0.6860706860706861,0.9896157840083074,19.999999999999932,5.069185737094199,4.093555093555094,1.4802494802494803,0.8130841121495327,0.927159209157128,1922.0
wave1_jun_jul,288109,WINADO INC NJ 08505(3),WINADO INC,APS Outdoor,Melody Lu,2026-07-05,weekday,post,1.0,4281.0,0.1957486568558748,0.011212333566923615,0.0,0.011225444340505144,0.9761737911702874,101.99999999999984,4.2964107439980985,3.3304449648711945,0.9382600561272217,0.8304134548002803,0.8958382318363508,4253.0
wave1_jun_jul,288109,WINADO INC NJ 08505(3),WINADO INC,APS Outdoor,Melody Lu,2026-07-05,weekday,pre,1.0,4430.0,0.0004514672686230248,0.0327313769751693,0.00949367088607595,0.02328209764918626,0.8880361173814898,496.00000000000017,4.270571827057183,3.3900452488687782,1.0630650994575046,0.8406320541760722,0.8534209333937471,4414.0
wave1_jun_jul,325564,SLM GA3,YISHANG TRADE INC,APS Outdoor,Melody Lu,2026-07-05,fri_sat,post,1.0,1722.0,0.9204413472706156,0.8524970963995354,0.002324230098779779,0.8506682161533992,0.8681765389082462,227.00000000000006,4.932464454976303,4.515415939499709,1.422428820453225,0.8501742160278746,0.9025670945157527,1714.0
wave1_jun_jul,325564,SLM GA3,YISHANG TRADE INC,APS Outdoor,Melody Lu,2026-07-05,fri_sat,pre,1.0,3383.0,0.0,0.808158439255099,0.016262566528681254,0.7921348314606742,0.9902453443689033,33.00000000000006,5.859197124026363,4.901984009475866,1.4887640449438202,0.7865799586166125,0.9136754672204094,3371.0
wave1_jun_jul,325564,SLM GA3,YISHANG TRADE INC,APS Outdoor,Melody Lu,2026-07-05,weekday,post,1.0,3220.0,0.005279503105590062,0.008074534161490683,0.003115264797507788,0.004984423676012461,0.9568322981366459,139.00000000000006,4.324968233799238,3.653990024937656,0.9644859813084112,0.8798136645962733,0.8770337922403004,3196.0
wave1_jun_jul,325564,SLM GA3,YISHANG TRADE INC,APS Outdoor,Melody Lu,2026-07-05,weekday,pre,1.0,6644.0,0.0,0.022125225767609873,0.01415023332831552,0.007978323046816197,0.9333232992173389,443.0000000000002,5.1070825011522505,4.230004518752824,1.0645889792231256,0.8243527995183624,0.8641714458194989,6626.0
wave2_aug,10585,Craig Frames Inc.,Craig Frames Inc.,Decor,Waverly Winterer,2026-08-02,fri_sat,post,1.0,265.0,0.5132075471698113,0.6981132075471698,0.0,0.6981132075471698,0.7358490566037735,70.00000000000001,5.054263565891473,4.739622641509434,1.7018867924528303,0.6981132075471698,0.8754716981132076,265.0
wave2_aug,10585,Craig Frames Inc.,Craig Frames Inc.,Decor,Waverly Winterer,2026-08-02,fri_sat,pre,1.0,707.0,0.0,0.9490806223479491,0.0,0.9490806223479491,0.9872701555869873,8.999999999999996,5.359826589595376,4.903818953323904,1.5516265912305516,0.6888260254596889,0.9476661951909476,707.0
wave2_aug,10585,Craig Frames Inc.,Craig Frames Inc.,Decor,Waverly Winterer,2026-08-02,weekday,post,1.0,445.0,0.0,0.0,0.0,0.0,1.0,0.0,3.8443935926773456,3.847191011235955,0.9685393258426966,0.8292134831460675,0.8561797752808988,445.0
wave2_aug,10585,Craig Frames Inc.,Craig Frames Inc.,Decor,Waverly Winterer,2026-08-02,weekday,pre,1.0,1337.0,0.0014958863126402393,0.004487658937920718,0.0029940119760479044,0.0014970059880239522,0.9872849663425579,17.00000000000007,4.428351309707242,4.098728496634256,1.0097305389221556,0.7606581899775617,0.8778110944527736,1334.0
wave2_aug,12396,Ashley Furniture MS 38841,Ashley Furniture,Upholstery,Anne Marie Conde,2026-08-02,fri_sat,post,1.0,179.0,0.8268156424581006,0.8044692737430168,0.4022346368715084,0.4022346368715084,0.9888268156424581,1.9999999999999978,3.8452380952380953,3.6871508379888267,0.7932960893854749,0.9329608938547486,0.7262569832402235,179.0
wave2_aug,12396,Ashley Furniture MS 38841,Ashley Furniture,Upholstery,Anne Marie Conde,2026-08-02,fri_sat,pre,1.0,454.0,0.0,0.7158590308370044,0.4052863436123348,0.31057268722466963,0.9933920704845814,3.000000000000023,4.122641509433962,3.618101545253863,0.6255506607929515,0.9008810572687225,0.8429203539823009,452.0
wave2_aug,12396,Ashley Furniture MS 38841,Ashley Furniture,Upholstery,Anne Marie Conde,2026-08-02,weekday,post,1.0,294.0,0.006802721088435374,0.017006802721088437,0.013605442176870748,0.003401360544217687,0.9829931972789115,5.000000000000005,2.978102189781022,2.9246575342465753,0.6870748299319728,0.9081632653061225,0.7551724137931034,290.0
wave2_aug,12396,Ashley Furniture MS 38841,Ashley Furniture,Upholstery,Anne Marie Conde,2026-08-02,weekday,pre,1.0,741.0,0.002699055330634278,0.010796221322537112,0.009562841530054645,0.001366120218579235,0.9541160593792173,33.99999999999999,3.042089985486212,3.0779753761969904,0.7418032786885246,0.9068825910931174,0.7148760330578512,726.0
wave2_aug,12397,Ashley Furniture WI 54612,Ashley Furniture,Upholstery,Anne Marie Conde,2026-08-02,fri_sat,post,1.0,113.0,0.7699115044247787,0.8053097345132744,0.504424778761062,0.3008849557522124,0.9646017699115044,4.000000000000006,4.086538461538462,4.026785714285714,0.5929203539823009,0.8584070796460177,0.6160714285714286,112.0
wave2_aug,12397,Ashley Furniture WI 54612,Ashley Furniture,Upholstery,Anne Marie Conde,2026-08-02,fri_sat,pre,1.0,310.0,0.0,0.7419354838709677,0.43506493506493504,0.3116883116883117,0.9870967741935484,4.000000000000011,3.9832214765100673,4.062091503267974,0.6071428571428571,0.8935483870967742,0.6852459016393443,305.0
wave2_aug,12397,Ashley Furniture WI 54612,Ashley Furniture,Upholstery,Anne Marie Conde,2026-08-02,weekday,post,1.0,220.0,0.004545454545454545,0.004545454545454545,0.004545454545454545,0.0,0.9954545454545455,0.9999999999999942,3.019704433497537,2.9454545454545453,0.5,0.8636363636363636,0.7045454545454546,220.0
wave2_aug,12397,Ashley Furniture WI 54612,Ashley Furniture,Upholstery,Anne Marie Conde,2026-08-02,weekday,pre,1.0,606.0,0.0,0.006600660066006601,0.006633499170812604,0.0,0.9851485148514851,9.000000000000007,3.2547993019197206,3.109452736318408,0.5588723051409619,0.8877887788778878,0.7508305647840532,602.0
wave2_aug,28772,Linon CA 92408,Linon,Casegoods,Connor Henderson,2026-08-02,fri_sat,post,1.0,178.0,0.9719101123595506,0.8089887640449438,0.0,0.8089887640449438,1.0,0.0,5.844827586206897,4.601123595505618,1.0786516853932584,0.6685393258426966,0.7752808988764045,178.0
wave2_aug,28772,Linon CA 92408,Linon,Casegoods,Connor Henderson,2026-08-02,fri_sat,pre,1.0,561.0,0.0035650623885918,0.6702317290552585,0.05,0.6214285714285714,0.9946524064171123,3.000000000000012,5.768248175182482,5.083928571428571,1.3392857142857142,0.5935828877005348,0.8228980322003577,559.0
wave2_aug,28772,Linon CA 92408,Linon,Casegoods,Connor Henderson,2026-08-02,weekday,post,1.0,397.0,0.0025188916876574307,0.0,0.0,0.0,0.982367758186398,6.999999999999999,4.820652173913044,4.335012594458438,0.6020151133501259,0.6397984886649875,0.7468354430379747,395.0
wave2_aug,28772,Linon CA 92408,Linon,Casegoods,Connor Henderson,2026-08-02,weekday,pre,1.0,1053.0,0.001899335232668566,0.04083570750237417,0.008547008547008548,0.032288698955365625,0.8347578347578347,174.00000000000006,4.978,4.2744539411206075,0.8717948717948718,0.6818613485280152,0.7442965779467681,1052.0
wave2_aug,51786,NeoChair CA 90723,NEO CHAIR INC,Casegoods,Karolina Coulter,2026-08-02,fri_sat,post,1.0,103.0,0.8349514563106796,0.8349514563106796,0.0,0.8349514563106796,1.0,0.0,3.7941176470588234,3.6310679611650487,1.145631067961165,0.9805825242718447,0.7572815533980582,103.0
wave2_aug,51786,NeoChair CA 90723,NEO CHAIR INC,Casegoods,Karolina Coulter,2026-08-02,fri_sat,pre,1.0,249.0,0.0,0.8232931726907631,0.0,0.8232931726907631,0.9959839357429718,1.0000000000000124,4.261044176706827,3.7590361445783134,1.1927710843373494,0.8955823293172691,0.9758064516129032,248.0
wave2_aug,51786,NeoChair CA 90723,NEO CHAIR INC,Casegoods,Karolina Coulter,2026-08-02,weekday,post,1.0,163.0,0.0,0.0,0.0,0.0,0.9938650306748467,0.9999999999999942,3.2222222222222223,2.6993865030674846,0.656441717791411,0.9570552147239264,0.9631901840490797,163.0
wave2_aug,51786,NeoChair CA 90723,NEO CHAIR INC,Casegoods,Karolina Coulter,2026-08-02,weekday,pre,1.0,499.0,0.0,0.0,0.0,0.0,0.9338677354709419,32.99999999999998,3.454728370221328,2.9498997995991982,0.6933867735470942,0.9438877755511023,0.9195171026156942,497.0
wave2_aug,56438,Costway CA 92337B,Costway,APS Outdoor,David Liu,2026-08-02,fri_sat,post,1.0,66.0,0.9848484848484849,0.6060606060606061,0.36363636363636365,0.24242424242424243,0.8484848484848485,9.999999999999998,4.212121212121212,3.378787878787879,0.9545454545454546,0.8939393939393939,0.9393939393939394,66.0
wave2_aug,56438,Costway CA 92337B,Costway,APS Outdoor,David Liu,2026-08-02,fri_sat,pre,1.0,129.0,0.0,0.8527131782945736,0.2713178294573643,0.5813953488372093,0.9922480620155039,1.0000000000000018,4.8046875,3.9375,1.0232558139534884,0.7441860465116279,0.921875,128.0
wave2_aug,56438,Costway CA 92337B,Costway,APS Outdoor,David Liu,2026-08-02,weekday,post,1.0,30.0,0.0,0.0,0.0,0.0,0.9333333333333333,1.9999999999999996,5.366666666666666,4.448275862068965,0.896551724137931,0.6,0.896551724137931,29.0
wave2_aug,56438,Costway CA 92337B,Costway,APS Outdoor,David Liu,2026-08-02,weekday,pre,1.0,365.0,0.0,0.01643835616438356,0.010958904109589041,0.005479452054794521,0.8465753424657534,56.000000000000014,4.3008356545961,3.879120879120879,1.0054794520547945,0.726027397260274,0.8543956043956044,364.0
wave2_aug,58217,"VM MP, LLC PA 18634",Spreetail,Storage & Org - Frequency,Claire Przybocki,2026-08-02,fri_sat,post,1.0,225.0,0.7688888888888888,0.7466666666666667,0.5022222222222222,0.24444444444444444,0.9911111111111112,1.999999999999988,3.5294117647058822,2.455357142857143,0.52,0.9022222222222223,0.8794642857142857,224.0
wave2_aug,58217,"VM MP, LLC PA 18634",Spreetail,Storage & Org - Frequency,Claire Przybocki,2026-08-02,fri_sat,pre,1.0,859.0,0.0,0.6833527357392316,0.4307334109429569,0.25261932479627475,0.9778812572759022,18.999999999999968,3.8414043583535107,2.6421911421911424,0.5785797438882422,0.8870779976717112,0.8974358974358975,858.0
wave2_aug,58217,"VM MP, LLC PA 18634",Spreetail,Storage & Org - Frequency,Claire Przybocki,2026-08-02,weekday,post,1.0,476.0,0.0021008403361344537,0.0021008403361344537,0.0021008403361344537,0.0,0.9831932773109243,8.000000000000025,3.0108225108225106,2.2236286919831225,0.49369747899159666,0.8592436974789915,0.8985200845665962,473.0
wave2_aug,58217,"VM MP, LLC PA 18634",Spreetail,Storage & Org - Frequency,Claire Przybocki,2026-08-02,weekday,pre,1.0,1892.0,0.0,0.0021141649048625794,0.0010582010582010583,0.0010582010582010583,0.919661733615222,152.00000000000003,2.7426067907995617,2.26380042462845,0.5661375661375662,0.9001057082452432,0.8627869727709557,1873.0
wave2_aug,58218,"VM MP, LLC IN 46143",Spreetail,Storage & Org - Frequency,Claire Przybocki,2026-08-02,fri_sat,post,1.0,123.0,0.7560975609756098,0.6910569105691057,0.45528455284552843,0.23577235772357724,0.983739837398374,1.9999999999999973,3.4152542372881354,2.5528455284552845,0.4878048780487805,0.9349593495934959,0.7967479674796748,123.0
wave2_aug,58218,"VM MP, LLC IN 46143",Spreetail,Storage & Org - Frequency,Claire Przybocki,2026-08-02,fri_sat,pre,1.0,461.0,0.0,0.7049891540130152,0.42950108459869846,0.2754880694143167,0.9978308026030369,0.9999999999999822,3.818385650224215,2.658695652173913,0.5227765726681128,0.9392624728850325,0.934640522875817,459.0
wave2_aug,58218,"VM MP, LLC IN 46143",Spreetail,Storage & Org - Frequency,Claire Przybocki,2026-08-02,weekday,post,1.0,262.0,0.0,0.0,0.0,0.0,0.9732824427480916,6.999999999999997,2.5214007782101167,2.053639846743295,0.40458015267175573,0.9465648854961832,0.8505747126436781,261.0
wave2_aug,58218,"VM MP, LLC IN 46143",Spreetail,Storage & Org - Frequency,Claire Przybocki,2026-08-02,weekday,pre,1.0,950.0,0.0,0.003157894736842105,0.001053740779768177,0.002107481559536354,0.9505263157894737,47.00000000000002,2.7642543859649122,2.1160337552742616,0.5827186512118019,0.9147368421052632,0.8921775898520085,946.0
wave2_aug,58219,"VM MP, LLC GA 31308",Spreetail,Storage & Org - Frequency,Claire Przybocki,2026-08-02,fri_sat,post,1.0,126.0,0.6428571428571429,0.6349206349206349,0.3412698412698413,0.29365079365079366,0.9841269841269841,2.000000000000007,3.35,2.272,0.48412698412698413,0.9285714285714286,0.88,125.0
wave2_aug,58219,"VM MP, LLC GA 31308",Spreetail,Storage & Org - Frequency,Claire Przybocki,2026-08-02,fri_sat,pre,1.0,363.0,0.0,0.7134986225895317,0.4573002754820937,0.256198347107438,0.9917355371900827,2.9999999999999902,3.376068376068376,2.2699724517906334,0.5509641873278237,0.9586776859504132,0.9088397790055248,362.0
wave2_aug,58219,"VM MP, LLC GA 31308",Spreetail,Storage & Org - Frequency,Claire Przybocki,2026-08-02,weekday,post,1.0,225.0,0.0044444444444444444,0.0044444444444444444,0.0044444444444444444,0.0,0.9822222222222222,4.000000000000001,2.560747663551402,1.9419642857142858,0.4533333333333333,0.92,0.8482142857142857,224.0
wave2_aug,58219,"VM MP, LLC GA 31308",Spreetail,Storage & Org - Frequency,Claire Przybocki,2026-08-02,weekday,pre,1.0,666.0,0.0,0.003003003003003003,0.0,0.003003003003003003,0.9444444444444444,37.000000000000014,2.669826224328594,2.081081081081081,0.6066066066066066,0.9324324324324325,0.8870481927710844,664.0
wave2_aug,59554,EC EXPORT INC. NJ 08505,EC EXPORT INC. NJ 08831,APS,Ida Li,2026-08-02,fri_sat,post,1.0,112.0,1.0,0.9375,0.41964285714285715,0.5178571428571429,0.9642857142857143,3.9999999999999982,4.777777777777778,4.330357142857143,1.125,0.8125,0.8125,112.0
wave2_aug,59554,EC EXPORT INC. NJ 08505,EC EXPORT INC. NJ 08831,APS,Ida Li,2026-08-02,fri_sat,pre,1.0,450.0,0.0,0.8666666666666667,0.4177777777777778,0.4488888888888889,0.9933333333333333,3.0000000000000195,5.299319727891157,4.4222222222222225,1.22,0.7466666666666667,0.9260089686098655,446.0
wave2_aug,59554,EC EXPORT INC. NJ 08505,EC EXPORT INC. NJ 08831,APS,Ida Li,2026-08-02,weekday,post,1.0,271.0,0.01107011070110701,0.01107011070110701,0.0,0.011111111111111112,0.966789667896679,8.999999999999998,3.515267175572519,3.200743494423792,1.048148148148148,0.8450184501845018,0.8029739776951673,269.0
wave2_aug,59554,EC EXPORT INC. NJ 08505,EC EXPORT INC. NJ 08831,APS,Ida Li,2026-08-02,weekday,pre,1.0,1011.0,0.0,0.03560830860534125,0.027722772277227723,0.007920792079207921,0.973293768545994,27.000000000000036,3.990990990990991,3.382936507936508,1.0693069306930694,0.8447082096933729,0.8534396809571286,1003.0
wave2_aug,62366,Best Choice Products IN 46231,Best Choice Products,Decor,Shannon Hoar,2026-08-02,fri_sat,post,1.0,149.0,0.9865771812080537,0.7114093959731543,0.006711409395973154,0.7046979865771812,0.8053691275167785,29.000000000000007,4.260273972602739,4.268456375838926,1.4093959731543624,0.9463087248322147,0.6621621621621622,148.0
wave2_aug,62366,Best Choice Products IN 46231,Best Choice Products,Decor,Shannon Hoar,2026-08-02,fri_sat,pre,1.0,520.0,0.0,0.8480769230769231,0.08670520231213873,0.7630057803468208,0.9903846153846154,4.999999999999982,4.633136094674557,4.194605009633912,1.1791907514450868,0.8615384615384616,0.7818532818532818,518.0
wave2_aug,62366,Best Choice Products IN 46231,Best Choice Products,Decor,Shannon Hoar,2026-08-02,weekday,post,1.0,229.0,0.004366812227074236,0.008733624454148471,0.004366812227074236,0.004366812227074236,0.9912663755458515,2.0000000000000044,3.5972850678733033,3.2401746724890828,0.6593886462882096,0.8471615720524017,0.759825327510917,229.0
wave2_aug,62366,Best Choice Products IN 46231,Best Choice Products,Decor,Shannon Hoar,2026-08-02,weekday,pre,1.0,1021.0,0.0009794319294809011,0.004897159647404506,0.00392156862745098,0.000980392156862745,0.9862879529872673,14.000000000000039,3.8246492985971945,3.193103448275862,0.6295566502463055,0.8462291870714985,0.8061023622047244,1016.0
wave2_aug,67894,TwinXLcom MN,Bare Home,Soft Home,Jaiden Lawlor,2026-08-02,fri_sat,post,1.0,396.0,0.8080808080808081,0.398989898989899,0.002544529262086514,0.3994910941475827,0.6136363636363636,153.0,4.873096446700508,4.987179487179487,1.4376590330788803,0.8080808080808081,0.5025641025641026,390.0
wave2_aug,67894,TwinXLcom MN,Bare Home,Soft Home,Jaiden Lawlor,2026-08-02,fri_sat,pre,1.0,842.0,0.0023752969121140144,0.7494061757719715,0.0023752969121140144,0.7470308788598575,0.9881235154394299,10.000000000000034,5.789600967351874,5.055952380952381,1.1104513064133017,0.5831353919239906,0.9184652278177458,834.0
wave2_aug,67894,TwinXLcom MN,Bare Home,Soft Home,Jaiden Lawlor,2026-08-02,weekday,post,1.0,711.0,0.0,0.0014064697609001407,0.0014184397163120568,0.0,0.9873417721518988,8.99999999999997,4.5790960451977405,4.182978723404255,0.6113475177304964,0.770745428973277,0.8439716312056738,705.0
wave2_aug,67894,TwinXLcom MN,Bare Home,Soft Home,Jaiden Lawlor,2026-08-02,weekday,pre,1.0,1687.0,0.0005927682276229994,0.002963841138114997,0.0011862396204033216,0.0017793594306049821,0.98814463544754,19.99999999999993,4.8655462184873945,4.215558194774347,0.6251482799525504,0.7409602845287493,0.8933889219773675,1679.0
wave2_aug,79055,Costway NJ 08505,Costway,APS Outdoor,David Liu,2026-08-02,fri_sat,post,1.0,373.0,0.9892761394101877,0.7989276139410187,0.16890080428954424,0.6300268096514745,0.9061662198391421,34.99999999999998,4.517615176151762,3.9405405405405407,1.2412868632707774,0.8739946380697051,0.8945945945945946,370.0
wave2_aug,79055,Costway NJ 08505,Costway,APS Outdoor,David Liu,2026-08-02,fri_sat,pre,1.0,1142.0,0.0,0.850262697022767,0.25263157894736843,0.5991228070175438,0.98861646234676,13.000000000000036,4.853593611357587,4.186514886164623,1.2210526315789474,0.840630472854641,0.9413309982486865,1142.0
wave2_aug,79055,Costway NJ 08505,Costway,APS Outdoor,David Liu,2026-08-02,weekday,post,1.0,756.0,0.0026455026455026454,0.0026455026455026454,0.0013227513227513227,0.0013227513227513227,0.9629629629629629,28.00000000000004,3.6035182679296347,3.009259259259259,0.9087301587301587,0.8875661375661376,0.8386243386243386,756.0
wave2_aug,79055,Costway NJ 08505,Costway,APS Outdoor,David Liu,2026-08-02,weekday,pre,1.0,2187.0,0.0004572473708276177,0.005029721079103796,0.00411522633744856,0.0009144947416552355,0.9716506630086877,61.99999999999991,4.050162563864375,3.2980284273269143,0.918609967992684,0.8591678097850938,0.9000920810313076,2172.0
wave2_aug,87326,NeoChair TX 77507,NEO CHAIR INC,Casegoods,Karolina Coulter,2026-08-02,fri_sat,post,1.0,139.0,0.8561151079136691,0.7266187050359713,0.0,0.7266187050359713,0.9928057553956835,0.9999999999999938,3.7553956834532376,3.5611510791366907,1.014388489208633,0.9712230215827338,0.7482014388489209,139.0
wave2_aug,87326,NeoChair TX 77507,NEO CHAIR INC,Casegoods,Karolina Coulter,2026-08-02,fri_sat,pre,1.0,298.0,0.0,0.7818791946308725,0.0,0.7818791946308725,0.9630872483221476,11.0,4.040816326530612,3.5454545454545454,1.1476510067114094,0.9026845637583892,0.9528619528619529,297.0
wave2_aug,87326,NeoChair TX 77507,NEO CHAIR INC,Casegoods,Karolina Coulter,2026-08-02,weekday,post,1.0,345.0,0.0,0.0,0.0,0.0,0.9971014492753624,0.9999999999999815,3.0321637426900585,2.616279069767442,0.5581395348837209,0.9594202898550724,0.9239766081871345,342.0
wave2_aug,87326,NeoChair TX 77507,NEO CHAIR INC,Casegoods,Karolina Coulter,2026-08-02,weekday,pre,1.0,596.0,0.0016778523489932886,0.0,0.0,0.0,0.9261744966442953,44.0,2.861774744027304,2.4352941176470586,0.5815126050420169,0.9664429530201343,0.9176470588235294,595.0
wave2_aug,100349,Shenzhenshi hongyanzhiji keji CA 91761(6),HK DANSHUO TRADING LIMITED,APS,Yolanda GUI,2026-08-02,fri_sat,post,1.0,177.0,0.9774011299435028,0.672316384180791,0.011299435028248588,0.6610169491525424,0.8587570621468926,25.000000000000007,5.425287356321839,5.104046242774566,1.231638418079096,0.6101694915254238,0.7325581395348837,172.0
wave2_aug,100349,Shenzhenshi hongyanzhiji keji CA 91761(6),HK DANSHUO TRADING LIMITED,APS,Yolanda GUI,2026-08-02,fri_sat,pre,1.0,407.0,0.004914004914004914,0.538083538083538,0.07616707616707617,0.4619164619164619,0.9877149877149877,5.000000000000019,5.492537313432836,5.341523341523342,1.714987714987715,0.5552825552825553,0.8617283950617284,405.0
wave2_aug,100349,Shenzhenshi hongyanzhiji keji CA 91761(6),HK DANSHUO TRADING LIMITED,APS,Yolanda GUI,2026-08-02,weekday,post,1.0,280.0,0.0035714285714285713,0.017857142857142856,0.014285714285714285,0.0035714285714285713,0.9321428571428572,18.999999999999993,4.9963503649635035,4.453571428571428,0.8357142857142857,0.6535714285714286,0.8458781362007168,279.0
wave2_aug,100349,Shenzhenshi hongyanzhiji keji CA 91761(6),HK DANSHUO TRADING LIMITED,APS,Yolanda GUI,2026-08-02,weekday,pre,1.0,733.0,0.0,0.020463847203274217,0.009549795361527967,0.010914051841746248,0.9154160982264665,62.000000000000036,4.782849239280774,4.184174624829468,0.9972714870395635,0.7080491132332879,0.8852459016393442,732.0
wave2_aug,101813,"Zhejiang Xingyang Furniture Co.,Ltd. CA 92880","Zhejiang Xingyang Furniture Co.,Ltd.",APS,Lacey Yan,2026-08-02,fri_sat,post,1.0,165.0,0.9454545454545454,0.9393939393939394,0.0,0.9393939393939394,0.9939393939393939,1.0000000000000064,6.828220858895706,6.642424242424243,1.4727272727272727,0.14545454545454545,0.8658536585365854,164.0
wave2_aug,101813,"Zhejiang Xingyang Furniture Co.,Ltd. CA 92880","Zhejiang Xingyang Furniture Co.,Ltd.",APS,Lacey Yan,2026-08-02,fri_sat,pre,1.0,481.0,0.002079002079002079,0.9584199584199584,0.0020833333333333333,0.9583333333333334,0.9916839916839917,4.0,7.189873417721519,6.389583333333333,1.4729166666666667,0.19334719334719336,0.8676470588235294,476.0
wave2_aug,101813,"Zhejiang Xingyang Furniture Co.,Ltd. CA 92880","Zhejiang Xingyang Furniture Co.,Ltd.",APS,Lacey Yan,2026-08-02,weekday,post,1.0,418.0,0.0023923444976076554,0.007177033492822967,0.004784688995215311,0.0023923444976076554,0.9952153110047847,2.0000000000000107,6.794685990338165,6.100478468899522,0.9904306220095693,0.2631578947368421,0.9282296650717703,418.0
wave2_aug,101813,"Zhejiang Xingyang Furniture Co.,Ltd. CA 92880","Zhejiang Xingyang Furniture Co.,Ltd.",APS,Lacey Yan,2026-08-02,weekday,pre,1.0,926.0,0.0010799136069114472,0.03779697624190065,0.0021598272138228943,0.035637149028077755,0.9632829373650108,33.99999999999999,6.794731064763996,6.221382289416846,1.1047516198704104,0.30885529157667385,0.8562091503267973,918.0
wave2_aug,119437,Aosom LLC CA 92374,Aosom LLC,APS Outdoor,Amber Xiang,2026-08-02,fri_sat,post,1.0,451.0,0.9822616407982262,0.7671840354767184,0.0,0.7706013363028953,0.9844789356984479,6.999999999999993,5.033783783783784,4.77728285077951,1.0913140311804008,0.6363636363636364,0.7661469933184856,449.0
wave2_aug,119437,Aosom LLC CA 92374,Aosom LLC,APS Outdoor,Amber Xiang,2026-08-02,fri_sat,pre,1.0,2273.0,0.0008798944126704796,0.6612406511218654,0.0,0.6618229854689565,0.9894412670479542,24.00000000000008,5.847389558232932,5.132540730955526,1.1743725231175695,0.44082710074791026,0.914563966356795,2259.0
wave2_aug,119437,Aosom LLC CA 92374,Aosom LLC,APS Outdoor,Amber Xiang,2026-08-02,weekday,post,1.0,920.0,0.003260869565217391,0.002173913043478261,0.0,0.0021810250817884407,0.991304347826087,7.999999999999954,4.571902654867257,3.9377729257641922,0.5736095965103599,0.6619565217391304,0.915938864628821,916.0
wave2_aug,119437,Aosom LLC CA 92374,Aosom LLC,APS Outdoor,Amber Xiang,2026-08-02,weekday,pre,1.0,4324.0,0.0,0.001156336725254394,0.0,0.0011576753878212549,0.9946808510638298,23.000000000000153,5.343231236848258,4.510189902732747,0.5693447557304931,0.5256706753006476,0.926948051948052,4312.0
wave2_aug,119825,shanghaihuzidian NJ 07836,Hong Kong HuaYa Trade Limited,APS Home Improvement,Yinan Du,2026-08-02,fri_sat,post,1.0,449.0,0.8195991091314031,0.7260579064587973,0.2650334075723831,0.4610244988864143,0.9955456570155902,2.000000000000014,3.955056179775281,3.296875,0.7104677060133631,0.9131403118040089,0.8404494382022472,445.0
wave2_aug,119825,shanghaihuzidian NJ 07836,Hong Kong HuaYa Trade Limited,APS Home Improvement,Yinan Du,2026-08-02,fri_sat,pre,1.0,1542.0,0.0,0.685473411154345,0.33809214795587283,0.34782608695652173,0.9922178988326849,11.999999999999957,4.359920896506263,3.4246753246753245,0.7709279688513953,0.8644617380025941,0.9251302083333334,1536.0
wave2_aug,119825,shanghaihuzidian NJ 07836,Hong Kong HuaYa Trade Limited,APS Home Improvement,Yinan Du,2026-08-02,weekday,post,1.0,876.0,0.00228310502283105,0.001141552511415525,0.001142857142857143,0.0,0.9874429223744292,11.00000000000001,2.982537834691502,2.502288329519451,0.5474285714285714,0.9166666666666666,0.931113662456946,871.0
wave2_aug,119825,shanghaihuzidian NJ 07836,Hong Kong HuaYa Trade Limited,APS Home Improvement,Yinan Du,2026-08-02,weekday,pre,1.0,3170.0,0.0003154574132492114,0.0015772870662460567,0.0015772870662460567,0.0,0.9394321766561514,192.0,3.2890675241157554,2.7791101293783527,0.6772870662460568,0.88801261829653,0.8856779930136551,3149.0
wave2_aug,122707,SLM TX2,YISHANG TRADE INC,APS Outdoor,Melody Lu,2026-08-02,fri_sat,post,1.0,195.0,0.9948717948717949,0.9076923076923077,0.0,0.9076923076923077,0.9846153846153847,2.9999999999999893,4.206185567010309,4.0,1.2666666666666666,0.9692307692307692,0.8461538461538461,195.0
wave2_aug,122707,SLM TX2,YISHANG TRADE INC,APS Outdoor,Melody Lu,2026-08-02,fri_sat,pre,1.0,649.0,0.0,0.7981510015408321,0.0015408320493066256,0.7966101694915254,0.987673343605547,7.9999999999999725,4.728260869565218,4.155864197530864,1.489984591679507,0.8551617873651772,0.9350850077279753,647.0
wave2_aug,122707,SLM TX2,YISHANG TRADE INC,APS Outdoor,Melody Lu,2026-08-02,weekday,post,1.0,396.0,0.0025252525252525255,0.022727272727272728,0.0,0.02278481012658228,0.9116161616161617,34.999999999999986,3.289002557544757,3.070886075949367,1.0227848101265822,0.9570707070707071,0.8096446700507615,394.0
wave2_aug,122707,SLM TX2,YISHANG TRADE INC,APS Outdoor,Melody Lu,2026-08-02,weekday,pre,1.0,1204.0,0.0,0.018272425249169437,0.0008312551953449709,0.017456359102244388,0.96843853820598,38.00000000000005,3.7154953429297204,3.2136325852036576,1.0266001662510391,0.9210963455149501,0.8939014202172096,1197.0
wave2_aug,125733,Shenzhen Zhichen Trading Co. LTD. CA 91748,Shenzhen Zhichen Trading Co. LTD.,APS K&D,Stella Yin,2026-08-02,fri_sat,post,1.0,128.0,0.9375,0.765625,0.47244094488188976,0.2992125984251969,0.9609375,5.0,4.8359375,4.0,0.5984251968503937,0.71875,0.8582677165354331,127.0
wave2_aug,125733,Shenzhen Zhichen Trading Co. LTD. CA 91748,Shenzhen Zhichen Trading Co. LTD.,APS K&D,Stella Yin,2026-08-02,fri_sat,pre,1.0,423.0,0.0,0.6997635933806147,0.06855791962174941,0.6312056737588653,0.9858156028368794,6.000000000000009,5.904076738609112,5.061611374407583,1.2860520094562649,0.524822695035461,0.8836104513064132,421.0
wave2_aug,125733,Shenzhen Zhichen Trading Co. LTD. CA 91748,Shenzhen Zhichen Trading Co. LTD.,APS K&D,Stella Yin,2026-08-02,weekday,post,1.0,256.0,0.0078125,0.0078125,0.0078125,0.0,0.99609375,1.0,4.171314741035856,3.60546875,0.6875,0.81640625,0.8705882352941177,255.0
wave2_aug,125733,Shenzhen Zhichen Trading Co. LTD. CA 91748,Shenzhen Zhichen Trading Co. LTD.,APS K&D,Stella Yin,2026-08-02,weekday,pre,1.0,803.0,0.0,0.0161892901618929,0.0012468827930174563,0.014962593516209476,0.9202988792029888,63.999999999999986,4.960858585858586,4.383270911360799,0.8877805486284289,0.6774595267745953,0.8571428571428571,798.0
wave2_aug,153347,Alphamarts TX 77521(2),Alphamarts,APS Outdoor,Melody Lu,2026-08-02,fri_sat,post,1.0,118.0,0.9915254237288136,0.5254237288135594,0.0,0.5254237288135594,0.7627118644067796,28.000000000000004,4.431034482758621,3.7777777777777777,1.3135593220338984,0.8559322033898306,0.7844827586206896,116.0
wave2_aug,153347,Alphamarts TX 77521(2),Alphamarts,APS Outdoor,Melody Lu,2026-08-02,fri_sat,pre,1.0,381.0,0.0,0.7007874015748031,0.04199475065616798,0.6587926509186351,0.926509186351706,28.00000000000002,4.70189701897019,4.356200527704486,1.5748031496062993,0.8110236220472441,0.8390501319261213,379.0
wave2_aug,153347,Alphamarts TX 77521(2),Alphamarts,APS Outdoor,Melody Lu,2026-08-02,weekday,post,1.0,191.0,0.0,0.0,0.0,0.0,0.9842931937172775,2.9999999999999925,3.360215053763441,2.9368421052631577,0.7958115183246073,0.9476439790575916,0.8263157894736842,190.0
wave2_aug,153347,Alphamarts TX 77521(2),Alphamarts,APS Outdoor,Melody Lu,2026-08-02,weekday,pre,1.0,842.0,0.0,0.019002375296912115,0.010714285714285714,0.008333333333333333,0.8764845605700713,103.99999999999997,4.059259259259259,3.65554231227652,1.1035714285714286,0.8657957244655582,0.815035799522673,838.0
wave2_aug,172965,BLUEBELL INTERNATIONAL INC. CA 91761,BLUEBELL INTERNATIONAL INC.,APS,Yolanda GUI,2026-08-02,fri_sat,post,1.0,86.0,0.8604651162790697,0.6046511627906976,0.011627906976744186,0.5930232558139535,0.9069767441860465,8.000000000000005,5.470588235294118,4.77906976744186,1.0232558139534884,0.627906976744186,0.8372093023255814,86.0
wave2_aug,172965,BLUEBELL INTERNATIONAL INC. CA 91761,BLUEBELL INTERNATIONAL INC.,APS,Yolanda GUI,2026-08-02,fri_sat,pre,1.0,270.0,0.0,0.5666666666666667,0.07037037037037037,0.4962962962962963,0.9740740740740741,6.999999999999995,6.055762081784387,5.374074074074074,1.5333333333333334,0.5592592592592592,0.8830188679245283,265.0
wave2_aug,172965,BLUEBELL INTERNATIONAL INC. CA 91761,BLUEBELL INTERNATIONAL INC.,APS,Yolanda GUI,2026-08-02,weekday,post,1.0,186.0,0.0,0.016129032258064516,0.016129032258064516,0.0,0.9354838709677419,12.00000000000001,4.805555555555555,4.166666666666667,0.8064516129032258,0.6559139784946236,0.8870967741935484,186.0
wave2_aug,172965,BLUEBELL INTERNATIONAL INC. CA 91761,BLUEBELL INTERNATIONAL INC.,APS,Yolanda GUI,2026-08-02,weekday,pre,1.0,516.0,0.0,0.009689922480620155,0.001937984496124031,0.007751937984496124,0.9186046511627907,42.000000000000014,5.168958742632613,4.345631067961165,0.8953488372093024,0.6201550387596899,0.9027237354085603,514.0
wave2_aug,174756,Zhejiang Paide Network Technology Co Ltd CA 92571,Zhejiang Paide Network Technology Co Ltd,APS,Ricky Yu,2026-08-02,fri_sat,post,1.0,123.0,1.0,0.8373983739837398,0.032520325203252036,0.8048780487804879,0.926829268292683,8.999999999999995,5.401639344262295,5.073170731707317,1.1951219512195121,0.5934959349593496,0.8211382113821138,123.0
wave2_aug,174756,Zhejiang Paide Network Technology Co Ltd CA 92571,Zhejiang Paide Network Technology Co Ltd,APS,Ricky Yu,2026-08-02,fri_sat,pre,1.0,292.0,0.0,0.863013698630137,0.0684931506849315,0.7945205479452054,0.9965753424657534,1.000000000000004,5.617241379310345,4.852739726027397,1.4452054794520548,0.5547945205479452,0.934931506849315,292.0
wave2_aug,174756,Zhejiang Paide Network Technology Co Ltd CA 92571,Zhejiang Paide Network Technology Co Ltd,APS,Ricky Yu,2026-08-02,weekday,post,1.0,176.0,0.005681818181818182,0.005681818181818182,0.005681818181818182,0.0,0.9488636363636364,9.000000000000002,4.7897727272727275,4.244318181818182,0.8579545454545454,0.7272727272727273,0.9034090909090909,176.0
wave2_aug,174756,Zhejiang Paide Network Technology Co Ltd CA 92571,Zhejiang Paide Network Technology Co Ltd,APS,Ricky Yu,2026-08-02,weekday,pre,1.0,575.0,0.0,0.0034782608695652175,0.0017391304347826088,0.0017391304347826088,0.9826086956521739,10.000000000000005,5.047535211267606,4.248695652173913,0.72,0.6834782608695652,0.9214659685863874,573.0
wave2_aug,182959,Brightech Inc. CA,Brightech Inc.,Lighting,Kya Mehlman,2026-08-02,fri_sat,post,1.0,239.0,0.20502092050209206,0.7071129707112971,0.0,0.7071129707112971,0.9790794979079498,5.0,6.132478632478633,5.434599156118144,0.9539748953974896,0.3305439330543933,0.8565400843881856,237.0
wave2_aug,182959,Brightech Inc. CA,Brightech Inc.,Lighting,Kya Mehlman,2026-08-02,fri_sat,pre,1.0,578.0,0.0017301038062283738,0.7993079584775087,0.0,0.7993079584775087,0.9757785467128027,14.000000000000021,6.622775800711744,5.756055363321799,1.1522491349480968,0.25432525951557095,0.9109947643979057,573.0
wave2_aug,182959,Brightech Inc. CA,Brightech Inc.,Lighting,Kya Mehlman,2026-08-02,weekday,post,1.0,447.0,0.0022371364653243847,0.0044742729306487695,0.0022471910112359553,0.0022471910112359553,0.9507829977628636,21.999999999999986,6.085253456221198,5.1855203619909505,0.5348314606741573,0.32662192393736017,0.9049773755656109,442.0
wave2_aug,182959,Brightech Inc. CA,Brightech Inc.,Lighting,Kya Mehlman,2026-08-02,weekday,pre,1.0,1132.0,0.0,0.011484098939929329,0.002652519893899204,0.008841732979664015,0.9399293286219081,67.99999999999999,6.3166058394160585,5.2102928127772845,0.5685234305923961,0.31802120141342755,0.9138543516873889,1126.0
wave2_aug,225771,Shenzhenshixiangde CA91761(12),"HONG KONG LIUXIN TECHNOLOGY CO., LIMITED",APS,Yolanda GUI,2026-08-02,fri_sat,post,1.0,133.0,1.0,0.7218045112781954,0.0,0.7218045112781954,0.9172932330827067,11.000000000000007,4.857142857142857,4.526315789473684,1.112781954887218,0.7142857142857143,0.8345864661654135,133.0
wave2_aug,225771,Shenzhenshixiangde CA91761(12),"HONG KONG LIUXIN TECHNOLOGY CO., LIMITED",APS,Yolanda GUI,2026-08-02,fri_sat,pre,1.0,405.0,0.0024691358024691358,0.5925925925925926,0.07901234567901234,0.5135802469135803,0.9753086419753086,10.0,6.071782178217822,5.688888888888889,1.6666666666666667,0.5037037037037037,0.8716049382716049,405.0
wave2_aug,225771,Shenzhenshixiangde CA91761(12),"HONG KONG LIUXIN TECHNOLOGY CO., LIMITED",APS,Yolanda GUI,2026-08-02,weekday,post,1.0,264.0,0.0,0.022727272727272728,0.022727272727272728,0.0,0.9393939393939394,15.999999999999986,4.984674329501916,4.401515151515151,0.8560606060606061,0.6666666666666666,0.8783269961977186,263.0
wave2_aug,225771,Shenzhenshixiangde CA91761(12),"HONG KONG LIUXIN TECHNOLOGY CO., LIMITED",APS,Yolanda GUI,2026-08-02,weekday,pre,1.0,870.0,0.0,0.011494252873563218,0.002306805074971165,0.00922722029988466,0.9379310344827586,54.000000000000014,5.216121495327103,4.540415704387991,0.9688581314878892,0.6528735632183909,0.8852838933951332,863.0
wave2_aug,234429,AMEZIEL INC IN 46219,AMEZIEL INC,APS AEOF,Carl Li,2026-08-02,fri_sat,post,1.0,310.0,1.0,0.45483870967741935,0.0,0.4563106796116505,0.45483870967741935,169.0,4.118811881188119,4.067961165048544,2.0064724919093853,0.9516129032258065,0.9288025889967637,309.0
wave2_aug,234429,AMEZIEL INC IN 46219,AMEZIEL INC,APS AEOF,Carl Li,2026-08-02,fri_sat,pre,1.0,754.0,0.001326259946949602,0.9628647214854111,0.0,0.966711051930759,0.9893899204244032,7.999999999999977,4.198910081743869,3.8324468085106385,1.5166444740346205,0.946949602122016,0.9388297872340425,752.0
wave2_aug,234429,AMEZIEL INC IN 46219,AMEZIEL INC,APS AEOF,Carl Li,2026-08-02,weekday,post,1.0,483.0,0.002070393374741201,0.002070393374741201,0.0,0.002070393374741201,0.9875776397515528,6.0000000000000115,3.2273684210526317,2.875776397515528,0.9751552795031055,0.94824016563147,0.9399585921325052,483.0
wave2_aug,234429,AMEZIEL INC IN 46219,AMEZIEL INC,APS AEOF,Carl Li,2026-08-02,weekday,pre,1.0,1407.0,0.0,0.0042643923240938165,0.0,0.004288777698355968,0.9538024164889837,64.99999999999997,3.328757225433526,2.9835596854896353,1.089349535382416,0.9388770433546553,0.899641577060932,1395.0
wave2_aug,239346,Annie Selke NJ 08512,Annie Selke,PG Rugs,Rachel Markham,2026-08-02,fri_sat,post,1.0,449.0,0.8663697104677061,0.7060133630289532,0.0066815144766146995,0.6993318485523385,0.9398663697104677,27.000000000000018,4.452272727272727,3.975501113585746,1.0489977728285078,0.8530066815144766,0.8552338530066815,449.0
wave2_aug,239346,Annie Selke NJ 08512,Annie Selke,PG Rugs,Rachel Markham,2026-08-02,fri_sat,pre,1.0,1492.0,0.0,0.7794906166219839,0.03822937625754527,0.7417840375586855,0.985254691689008,22.000000000000014,5.313138189244384,4.171255876427132,1.176391683433937,0.685656836461126,0.9291497975708503,1482.0
wave2_aug,239346,Annie Selke NJ 08512,Annie Selke,PG Rugs,Rachel Markham,2026-08-02,weekday,post,1.0,868.0,0.002304147465437788,0.0069124423963133645,0.0,0.006936416184971098,0.9493087557603687,44.0,3.8593563766388557,3.203488372093023,0.5722543352601156,0.8870967741935484,0.8706293706293706,858.0
wave2_aug,239346,Annie Selke NJ 08512,Annie Selke,PG Rugs,Rachel Markham,2026-08-02,weekday,pre,1.0,3213.0,0.0,0.0018674136321195146,0.0,0.001869741352446245,0.9056956115779645,303.0,4.43138500635324,3.3282371294851796,0.6410096603303209,0.7939620292561469,0.9103125,3200.0
wave2_aug,239701,HangzhouSkytech NJ 08016,"Hangzhou Skytech Outdoor Co., LTD",APS,Danica Guo,2026-08-09,fri_sat,post,1.0,30.0,1.0,0.9666666666666667,0.3333333333333333,0.6333333333333333,0.9666666666666667,0.9999999999999998,6.3,4.633333333333334,1.0666666666666667,0.6333333333333333,0.9333333333333333,30.0
wave2_aug,239701,HangzhouSkytech NJ 08016,"Hangzhou Skytech Outdoor Co., LTD",APS,Danica Guo,2026-08-09,fri_sat,pre,1.0,124.0,0.0967741935483871,0.8790322580645161,0.3387096774193548,0.5403225806451613,1.0,0.0,4.421487603305785,4.096774193548387,1.3225806451612903,0.9112903225806451,0.8629032258064516,124.0
wave2_aug,239701,HangzhouSkytech NJ 08016,"Hangzhou Skytech Outdoor Co., LTD",APS,Danica Guo,2026-08-09,weekday,post,1.0,48.0,0.0,0.0,0.0,0.0,0.9791666666666666,1.0000000000000018,6.777777777777778,3.5434782608695654,1.6875,0.5625,0.9782608695652174,46.0
wave2_aug,239701,HangzhouSkytech NJ 08016,"Hangzhou Skytech Outdoor Co., LTD",APS,Danica Guo,2026-08-09,weekday,pre,1.0,296.0,0.0,0.013513513513513514,0.0,0.013513513513513514,0.956081081081081,13.000000000000014,3.922033898305085,3.0236486486486487,1.1216216216216217,0.9527027027027027,0.875,296.0
wave2_aug,247707,simplehuman CA 90808,simplehuman,Storage & Org - Frequency,Bryn Bennett,2026-08-02,fri_sat,post,1.0,93.0,0.7204301075268817,0.6774193548387096,0.0,0.6847826086956522,0.967741935483871,2.9999999999999973,5.1022727272727275,5.032608695652174,1.0869565217391304,0.6559139784946236,0.6413043478260869,92.0
wave2_aug,247707,simplehuman CA 90808,simplehuman,Storage & Org - Frequency,Bryn Bennett,2026-08-02,fri_sat,pre,1.0,254.0,0.0,0.6614173228346457,0.007905138339920948,0.6561264822134387,0.9724409448818898,6.999999999999988,5.128205128205129,4.454545454545454,1.051383399209486,0.5708661417322834,0.8853754940711462,253.0
wave2_aug,247707,simplehuman CA 90808,simplehuman,Storage & Org - Frequency,Bryn Bennett,2026-08-02,weekday,post,1.0,178.0,0.0,0.0,0.0,0.0,0.9719101123595506,4.999999999999993,3.9559748427672954,3.4157303370786516,0.4943820224719101,0.6966292134831461,0.8089887640449438,178.0
wave2_aug,247707,simplehuman CA 90808,simplehuman,Storage & Org - Frequency,Bryn Bennett,2026-08-02,weekday,pre,1.0,485.0,0.0,0.0,0.0,0.0,0.9608247422680413,18.999999999999986,4.274122807017544,3.6542443064182195,0.5797101449275363,0.7072164948453609,0.8840579710144928,483.0
wave2_aug,266873,Hong Kong Linsy International Trading NJ 08016(2),HONG KONG LINSYHOME INTERNATIONAL TRADING LIMITED,APS Bedroom,Wendy Wang,2026-08-02,fri_sat,post,1.0,93.0,1.0,0.7526881720430108,0.0,0.7526881720430108,0.989247311827957,0.9999999999999991,4.56043956043956,3.4731182795698925,1.010752688172043,0.8172043010752689,0.8924731182795699,93.0
wave2_aug,266873,Hong Kong Linsy International Trading NJ 08016(2),HONG KONG LINSYHOME INTERNATIONAL TRADING LIMITED,APS Bedroom,Wendy Wang,2026-08-02,fri_sat,pre,1.0,350.0,0.0,0.74,0.05142857142857143,0.6885714285714286,1.0,0.0,4.6657142857142855,3.537142857142857,1.0,0.88,0.9657142857142857,350.0
wave2_aug,266873,Hong Kong Linsy International Trading NJ 08016(2),HONG KONG LINSYHOME INTERNATIONAL TRADING LIMITED,APS Bedroom,Wendy Wang,2026-08-02,weekday,post,1.0,215.0,0.004651162790697674,0.0,0.0,0.0,0.8697674418604651,28.00000000000001,3.205607476635514,2.883720930232558,0.9023255813953488,0.9348837209302325,0.813953488372093,215.0
wave2_aug,266873,Hong Kong Linsy International Trading NJ 08016(2),HONG KONG LINSYHOME INTERNATIONAL TRADING LIMITED,APS Bedroom,Wendy Wang,2026-08-02,weekday,pre,1.0,774.0,0.0,0.0,0.0,0.0,0.9289405684754521,55.00000000000004,3.3627844712182062,2.9676165803108807,0.9288486416558862,0.9031007751937985,0.8387516254876463,769.0
wave2_aug,272293,AMEZIEL INC AW-TX 77489,AMEZIEL INC,APS AEOF,Carl Li,2026-08-02,fri_sat,post,1.0,178.0,0.9719101123595506,0.8426966292134831,0.0,0.8426966292134831,0.8595505617977528,25.0,4.232954545454546,4.163841807909605,1.5842696629213484,0.9550561797752809,0.847457627118644,177.0
wave2_aug,272293,AMEZIEL INC AW-TX 77489,AMEZIEL INC,APS AEOF,Carl Li,2026-08-02,fri_sat,pre,1.0,480.0,0.0020833333333333333,0.9166666666666666,0.004166666666666667,0.9125,0.9895833333333334,4.999999999999982,4.4423480083857445,4.222916666666666,1.5791666666666666,0.8708333333333333,0.9331941544885177,479.0
wave2_aug,272293,AMEZIEL INC AW-TX 77489,AMEZIEL INC,APS AEOF,Carl Li,2026-08-02,weekday,post,1.0,360.0,0.0,0.002777777777777778,0.0028011204481792717,0.0,0.9611111111111111,13.99999999999999,3.4586894586894585,3.176470588235294,0.9859943977591037,0.9527777777777777,0.9211267605633803,355.0
wave2_aug,272293,AMEZIEL INC AW-TX 77489,AMEZIEL INC,APS AEOF,Carl Li,2026-08-02,weekday,pre,1.0,976.0,0.0010245901639344263,0.015368852459016393,0.01026694045174538,0.00513347022587269,0.944672131147541,53.99999999999998,3.654601861427094,3.2974358974358973,1.108829568788501,0.9395491803278688,0.9034907597535934,974.0
wave2_aug,280957,"CHITA (HK) IMPORT & EXPORT CO., LIMITED CA 91762 ",SPRINGDIAL (HK) E-COMMERCE LIMITED,APS,Sean Xu,2026-08-02,fri_sat,post,1.0,167.0,0.9760479041916168,0.5508982035928144,0.42168674698795183,0.13253012048192772,0.7724550898203593,38.0,5.225806451612903,4.716867469879518,0.9759036144578314,0.5868263473053892,0.8072289156626506,166.0
wave2_aug,280957,"CHITA (HK) IMPORT & EXPORT CO., LIMITED CA 91762 ",SPRINGDIAL (HK) E-COMMERCE LIMITED,APS,Sean Xu,2026-08-02,fri_sat,pre,1.0,576.0,0.0,0.6857638888888888,0.2202797202797203,0.47027972027972026,0.953125,27.0,5.927643784786642,5.31993006993007,1.06993006993007,0.3958333333333333,0.8133802816901409,568.0
wave2_aug,280957,"CHITA (HK) IMPORT & EXPORT CO., LIMITED CA 91762 ",SPRINGDIAL (HK) E-COMMERCE LIMITED,APS,Sean Xu,2026-08-02,weekday,post,1.0,346.0,0.0,0.0,0.0,0.0,0.9913294797687862,2.999999999999989,5.3444108761329305,4.6104651162790695,0.7014492753623188,0.5520231213872833,0.8717201166180758,343.0
wave2_aug,280957,"CHITA (HK) IMPORT & EXPORT CO., LIMITED CA 91762 ",SPRINGDIAL (HK) E-COMMERCE LIMITED,APS,Sean Xu,2026-08-02,weekday,pre,1.0,1206.0,0.001658374792703151,0.03980099502487562,0.014166666666666666,0.025833333333333333,0.9029850746268657,116.99999999999994,5.317349607672188,5.271285475792988,1.1058333333333332,0.5124378109452736,0.7594300083822296,1193.0
wave2_aug,292501,"FUFU and GAGA Trade Co., Ltd. NJ 08820","FUFU and GAGA Trade Co., Ltd.",APS Bedroom,Christal Ding,2026-08-02,fri_sat,post,1.0,179.0,0.9385474860335196,0.4972067039106145,0.0,0.4972067039106145,0.7039106145251397,52.99999999999999,4.806818181818182,4.06145251396648,1.5195530726256983,0.8324022346368715,0.770949720670391,179.0
wave2_aug,292501,"FUFU and GAGA Trade Co., Ltd. NJ 08820","FUFU and GAGA Trade Co., Ltd.",APS Bedroom,Christal Ding,2026-08-02,fri_sat,pre,1.0,547.0,0.0,0.7239488117001828,0.0,0.7239488117001828,0.9963436928702011,2.000000000000009,4.8812615955473095,4.159049360146252,1.5539305301645339,0.8043875685557587,0.9212454212454212,546.0
wave2_aug,292501,"FUFU and GAGA Trade Co., Ltd. NJ 08820","FUFU and GAGA Trade Co., Ltd.",APS Bedroom,Christal Ding,2026-08-02,weekday,post,1.0,388.0,0.002577319587628866,0.002577319587628866,0.0,0.002577319587628866,1.0,0.0,3.926701570680628,3.116580310880829,0.8556701030927835,0.8118556701030928,0.8652849740932642,386.0
wave2_aug,292501,"FUFU and GAGA Trade Co., Ltd. NJ 08820","FUFU and GAGA Trade Co., Ltd.",APS Bedroom,Christal Ding,2026-08-02,weekday,pre,1.0,1104.0,0.0,0.0009057971014492754,0.0,0.0009057971014492754,0.990036231884058,10.999999999999988,4.325581395348837,3.468239564428312,0.8913043478260869,0.7663043478260869,0.908675799086758,1095.0
wave2_aug,302342,Westin Outdoor GA 31320,Westin Outdoor,Outdoor Furniture,Isha Singh,2026-08-02,fri_sat,post,1.0,611.0,0.9705400981996727,0.9083469721767594,0.20130932896890344,0.707037643207856,0.9934533551554828,3.9999999999999902,5.74457429048414,4.752459016393443,1.1391162029459903,0.6284779050736498,0.9556650246305419,609.0
wave2_aug,302342,Westin Outdoor GA 31320,Westin Outdoor,Outdoor Furniture,Isha Singh,2026-08-02,fri_sat,pre,1.0,3380.0,0.0008875739644970414,0.9186390532544378,0.27711914641375224,0.6431535269709544,0.9976331360946745,8.000000000000115,6.193734793187348,5.191817373258227,1.2459988144635448,0.5292899408284024,0.9155264723378941,3362.0
wave2_aug,302342,Westin Outdoor GA 31320,Westin Outdoor,Outdoor Furniture,Isha Singh,2026-08-02,weekday,post,1.0,1273.0,0.007855459544383346,0.003142183817753339,0.002364066193853428,0.0007880220646178094,0.99057344854674,11.999999999999968,4.960880195599022,3.8705603788476717,0.8739164696611506,0.7879025923016496,0.8595106550907656,1267.0
wave2_aug,302342,Westin Outdoor GA 31320,Westin Outdoor,Outdoor Furniture,Isha Singh,2026-08-02,weekday,pre,1.0,6456.0,0.0010842627013630732,0.012081784386617101,0.0023284694194349582,0.009779571561626824,0.9769206939281289,149.00000000000009,5.714079538165491,4.6210804098106175,1.0162992859360447,0.6773543990086741,0.8461777985365094,6423.0
wave2_aug,313006,"Hangzhou Skytech Outdoor Co., LTD CA 92880","Hangzhou Skytech Outdoor Co., LTD",APS,Danica Guo,2026-08-02,fri_sat,post,1.0,97.0,0.9484536082474226,0.9896907216494846,0.09278350515463918,0.8969072164948454,0.9896907216494846,0.9999999999999964,6.164835164835165,5.447916666666667,1.2061855670103092,0.6082474226804123,0.8854166666666666,96.0
wave2_aug,313006,"Hangzhou Skytech Outdoor Co., LTD CA 92880","Hangzhou Skytech Outdoor Co., LTD",APS,Danica Guo,2026-08-02,fri_sat,pre,1.0,356.0,0.0,0.8286516853932584,0.3202247191011236,0.5084269662921348,0.9044943820224719,34.00000000000001,7.0423728813559325,5.51685393258427,1.148876404494382,0.31179775280898875,0.9325842696629213,356.0
wave2_aug,313006,"Hangzhou Skytech Outdoor Co., LTD CA 92880","Hangzhou Skytech Outdoor Co., LTD",APS,Danica Guo,2026-08-02,weekday,post,1.0,196.0,0.0,0.0,0.0,0.0,0.9744897959183674,4.999999999999995,6.051136363636363,4.77720207253886,1.0564102564102564,0.5306122448979592,0.8716577540106952,187.0
wave2_aug,313006,"Hangzhou Skytech Outdoor Co., LTD CA 92880","Hangzhou Skytech Outdoor Co., LTD",APS,Danica Guo,2026-08-02,weekday,pre,1.0,686.0,0.0,0.0014577259475218659,0.0014577259475218659,0.0,0.8760932944606414,84.99999999999997,6.089837997054492,4.848396501457726,1.0132743362831858,0.5991253644314869,0.922740524781341,686.0
wave2_aug,320582,SmartStandard CA 92337,NORTH ELM ARTISAN LLC_1,APS Home Improvement,Aria Yao,2026-08-02,fri_sat,post,1.0,251.0,0.952191235059761,0.6812749003984063,0.16733067729083664,0.5139442231075697,0.6772908366533864,81.00000000000001,4.710843373493976,4.745019920318725,1.5378486055776892,0.749003984063745,0.7689243027888446,251.0
wave2_aug,320582,SmartStandard CA 92337,NORTH ELM ARTISAN LLC_1,APS Home Improvement,Aria Yao,2026-08-02,fri_sat,pre,1.0,503.0,0.0,0.7117296222664016,0.18886679920477137,0.5228628230616302,0.9443339960238568,28.00000000000002,5.67280163599182,5.260437375745527,1.6500994035785288,0.5149105367793241,0.874,500.0
wave2_aug,320582,SmartStandard CA 92337,NORTH ELM ARTISAN LLC_1,APS Home Improvement,Aria Yao,2026-08-02,weekday,post,1.0,475.0,0.0,0.004210526315789474,0.0,0.004210526315789474,0.8231578947368421,84.00000000000001,4.370449678800856,4.145263157894737,1.1094736842105264,0.7747368421052632,0.791578947368421,475.0
wave2_aug,320582,SmartStandard CA 92337,NORTH ELM ARTISAN LLC_1,APS Home Improvement,Aria Yao,2026-08-02,weekday,pre,1.0,1118.0,0.0017889087656529517,0.008050089445438283,0.006261180679785331,0.0017889087656529517,0.8953488372093024,116.99999999999996,4.988909426987061,4.355992844364938,1.1118067978533095,0.6708407871198568,0.8600896860986547,1115.0
wave2_aug,322082,"Hangzhou Mengfeisi Home Furnishings Co., CA 92571 ","Hangzhou Mengfeisi Home Furnishings Co., Ltd",APS Outdoor,Moti Mao,2026-08-02,fri_sat,post,1.0,66.0,0.9848484848484849,0.8333333333333334,0.0,0.8333333333333334,1.0,0.0,4.47457627118644,4.46969696969697,1.3333333333333333,0.6060606060606061,0.6060606060606061,66.0
wave2_aug,322082,"Hangzhou Mengfeisi Home Furnishings Co., CA 92571 ","Hangzhou Mengfeisi Home Furnishings Co., Ltd",APS Outdoor,Moti Mao,2026-08-02,fri_sat,pre,1.0,461.0,0.0,0.8308026030368764,0.013071895424836602,0.8213507625272332,0.9956616052060737,2.0000000000000155,6.758465011286682,5.7973856209150325,1.1111111111111112,0.3774403470715835,0.8300653594771242,459.0
wave2_aug,322082,"Hangzhou Mengfeisi Home Furnishings Co., CA 92571 ","Hangzhou Mengfeisi Home Furnishings Co., Ltd",APS Outdoor,Moti Mao,2026-08-02,weekday,post,1.0,114.0,0.0,0.0,0.0,0.0,0.9824561403508771,2.000000000000006,3.763157894736842,3.456140350877193,0.6140350877192983,0.8421052631578947,0.7807017543859649,114.0
wave2_aug,322082,"Hangzhou Mengfeisi Home Furnishings Co., CA 92571 ","Hangzhou Mengfeisi Home Furnishings Co., Ltd",APS Outdoor,Moti Mao,2026-08-02,weekday,pre,1.0,924.0,0.0,0.003246753246753247,0.0,0.003246753246753247,0.9426406926406926,53.00000000000003,5.8416389811738645,5.103896103896104,0.6201298701298701,0.4805194805194805,0.8039003250270856,923.0
wave2_aug,324716,Stellweilan Tessberg LLC CA 91789,Stellweilan Tessberg LLC,Storage & Org,Supplier Service Desk,2026-08-02,fri_sat,post,1.0,90.0,0.7,0.6111111111111112,0.26666666666666666,0.34444444444444444,0.9666666666666667,2.999999999999999,5.193181818181818,4.433333333333334,0.7333333333333333,0.7,0.8777777777777778,90.0
wave2_aug,324716,Stellweilan Tessberg LLC CA 91789,Stellweilan Tessberg LLC,Storage & Org,Supplier Service Desk,2026-08-02,fri_sat,pre,1.0,334.0,0.0,0.6197604790419161,0.23723723723723725,0.3843843843843844,0.9970059880239521,0.9999999999999893,5.390243902439025,4.437125748502994,0.7807807807807807,0.6526946107784432,0.9367469879518072,332.0
wave2_aug,324716,Stellweilan Tessberg LLC CA 91789,Stellweilan Tessberg LLC,Storage & Org,Supplier Service Desk,2026-08-02,weekday,post,1.0,248.0,0.0,0.004032258064516129,0.004032258064516129,0.0,0.9637096774193549,8.999999999999993,3.9916666666666667,3.5524193548387095,0.5403225806451613,0.75,0.8467741935483871,248.0
wave2_aug,324716,Stellweilan Tessberg LLC CA 91789,Stellweilan Tessberg LLC,Storage & Org,Supplier Service Desk,2026-08-02,weekday,pre,1.0,737.0,0.0013568521031207597,0.0027137042062415195,0.0027137042062415195,0.0,0.9877883310719131,9.00000000000004,4.321985815602837,3.5020408163265304,0.4843962008141113,0.7408412483039348,0.9028727770177839,731.0
wave2_aug,324724,shanghaihuzidianzishangwuyouxiangongsi CA 91789 ,Hong Kong HuaYa Trade Limited,APS Home Improvement,Yinan Du,2026-08-02,fri_sat,post,1.0,172.0,0.8546511627906976,0.6511627906976745,0.3023255813953488,0.3488372093023256,0.9941860465116279,1.0000000000000018,4.8579881656804735,4.261627906976744,0.5872093023255814,0.7034883720930233,0.813953488372093,172.0
wave2_aug,324724,shanghaihuzidianzishangwuyouxiangongsi CA 91789 ,Hong Kong HuaYa Trade Limited,APS Home Improvement,Yinan Du,2026-08-02,fri_sat,pre,1.0,528.0,0.0,0.6893939393939394,0.24621212121212122,0.4431818181818182,0.9962121212121212,1.9999999999999982,5.242774566473988,4.5606060606060606,0.8390151515151515,0.6609848484848485,0.904397705544933,523.0
wave2_aug,324724,shanghaihuzidianzishangwuyouxiangongsi CA 91789 ,Hong Kong HuaYa Trade Limited,APS Home Improvement,Yinan Du,2026-08-02,weekday,post,1.0,366.0,0.0,0.0,0.0,0.0,0.9781420765027322,8.000000000000009,4.205555555555556,3.4986225895316805,0.4821917808219178,0.7240437158469946,0.9008264462809917,363.0
wave2_aug,324724,shanghaihuzidianzishangwuyouxiangongsi CA 91789 ,Hong Kong HuaYa Trade Limited,APS Home Improvement,Yinan Du,2026-08-02,weekday,pre,1.0,1116.0,0.0017921146953405018,0.002688172043010753,0.0017937219730941704,0.0008968609865470852,0.9910394265232975,10.000000000000032,4.414903403863845,3.6792114695340503,0.5506726457399103,0.742831541218638,0.9387938793879388,1111.0
wave2_aug,325735,"Sorara Outdoor Living USA, Inc. GA 30168","Sorara Outdoor Living USA, Inc.",Outdoor Structures,Yun Yau,2026-08-02,fri_sat,post,1.0,182.0,0.9945054945054945,0.5824175824175825,0.005494505494505495,0.5769230769230769,0.5934065934065934,74.0,4.56353591160221,4.681318681318682,1.978021978021978,0.945054945054945,0.7692307692307693,182.0
wave2_aug,325735,"Sorara Outdoor Living USA, Inc. GA 30168","Sorara Outdoor Living USA, Inc.",Outdoor Structures,Yun Yau,2026-08-02,fri_sat,pre,1.0,661.0,0.0030257186081694403,0.6202723146747352,0.0015128593040847202,0.6187594553706506,0.9939485627836612,3.999999999999966,4.7291021671826625,4.547655068078669,1.8184568835098336,0.913767019667171,0.8986384266263238,661.0
wave2_aug,325735,"Sorara Outdoor Living USA, Inc. GA 30168","Sorara Outdoor Living USA, Inc.",Outdoor Structures,Yun Yau,2026-08-02,weekday,post,1.0,458.0,0.002183406113537118,0.021834061135371178,0.004366812227074236,0.017467248908296942,0.9563318777292577,19.999999999999996,3.9714285714285715,3.5,1.0305676855895196,0.9454148471615721,0.8859649122807017,456.0
wave2_aug,325735,"Sorara Outdoor Living USA, Inc. GA 30168","Sorara Outdoor Living USA, Inc.",Outdoor Structures,Yun Yau,2026-08-02,weekday,pre,1.0,1113.0,0.0,0.04851752021563342,0.009883198562443846,0.03863432165318958,0.9254267744833783,82.99999999999996,4.16528162511542,3.6585804132973943,1.1769991015274035,0.8876909254267745,0.8742081447963801,1105.0
wave2_aug,326372,Tmekeeper INC. CA 91761 (3),Tmekeeper INC.,APS Bedroom,Christal Ding,2026-08-02,fri_sat,post,1.0,82.0,0.975609756097561,0.5609756097560976,0.0,0.5609756097560976,0.6585365853658537,27.999999999999996,5.195121951219512,5.085365853658536,1.6097560975609757,0.6951219512195121,0.7682926829268293,82.0
wave2_aug,326372,Tmekeeper INC. CA 91761 (3),Tmekeeper INC.,APS Bedroom,Christal Ding,2026-08-02,fri_sat,pre,1.0,264.0,0.0,0.5909090909090909,0.0,0.5909090909090909,0.9924242424242424,1.9999999999999982,6.073359073359073,5.575757575757576,1.5416666666666667,0.5075757575757576,0.8783269961977186,263.0
wave2_aug,326372,Tmekeeper INC. CA 91761 (3),Tmekeeper INC.,APS Bedroom,Christal Ding,2026-08-02,weekday,post,1.0,153.0,0.0,0.0,0.0,0.0,0.9607843137254902,5.999999999999996,5.093333333333334,4.901960784313726,0.954248366013072,0.6470588235294118,0.7843137254901961,153.0
wave2_aug,326372,Tmekeeper INC. CA 91761 (3),Tmekeeper INC.,APS Bedroom,Christal Ding,2026-08-02,weekday,pre,1.0,490.0,0.0,0.030612244897959183,0.030612244897959183,0.0,0.7877551020408163,104.0,5.539256198347108,5.1,1.183673469387755,0.6326530612244898,0.7709611451942741,489.0
wave2_aug,327749,无忧达美西区CAJW02,Hong Kong Baojia International Limited,APS,Yinan Du,2026-08-02,fri_sat,post,1.0,114.0,0.9912280701754386,0.8245614035087719,0.0,0.8245614035087719,0.8333333333333334,18.999999999999996,5.245454545454545,5.3097345132743365,1.719298245614035,0.6578947368421053,0.6991150442477876,113.0
wave2_aug,327749,无忧达美西区CAJW02,Hong Kong Baojia International Limited,APS,Yinan Du,2026-08-02,fri_sat,pre,1.0,297.0,0.003367003367003367,0.7138047138047138,0.0,0.7138047138047138,0.98989898989899,2.9999999999999862,5.833910034602076,5.700336700336701,1.872053872053872,0.5387205387205387,0.9054054054054054,296.0
wave2_aug,327749,无忧达美西区CAJW02,Hong Kong Baojia International Limited,APS,Yinan Du,2026-08-02,weekday,post,1.0,232.0,0.004310344827586207,0.017241379310344827,0.0,0.017241379310344827,0.9827586206896551,4.000000000000008,4.729257641921397,4.491379310344827,0.9956896551724138,0.6810344827586207,0.8922413793103449,232.0
wave2_aug,327749,无忧达美西区CAJW02,Hong Kong Baojia International Limited,APS,Yinan Du,2026-08-02,weekday,pre,1.0,652.0,0.0,0.004601226993865031,0.0015337423312883436,0.003067484662576687,0.995398773006135,2.9999999999999827,4.822152886115445,4.329754601226994,0.9877300613496932,0.7116564417177914,0.9151234567901234,648.0
wave2_aug,329896,无忧达美东区NJJW04,Hong Kong Baojia International Limited,APS,Yinan Du,2026-08-02,fri_sat,post,1.0,237.0,0.9915611814345991,0.9620253164556962,0.0,0.9620253164556962,0.9831223628691983,4.0000000000000036,4.515151515151516,4.042553191489362,1.5232067510548524,0.8734177215189873,0.851063829787234,235.0
wave2_aug,329896,无忧达美东区NJJW04,Hong Kong Baojia International Limited,APS,Yinan Du,2026-08-02,fri_sat,pre,1.0,520.0,0.0,0.7865384615384615,0.0,0.7865384615384615,1.0,0.0,4.673870333988212,3.917307692307692,1.698076923076923,0.8480769230769231,0.9324324324324325,518.0
wave2_aug,329896,无忧达美东区NJJW04,Hong Kong Baojia International Limited,APS,Yinan Du,2026-08-02,weekday,post,1.0,456.0,0.0043859649122807015,0.0021929824561403508,0.0,0.002197802197802198,0.9978070175438597,0.9999999999999778,3.3378378378378377,3.0308370044052864,1.0153846153846153,0.8728070175438597,0.8432671081677704,453.0
wave2_aug,329896,无忧达美东区NJJW04,Hong Kong Baojia International Limited,APS,Yinan Du,2026-08-02,weekday,pre,1.0,1060.0,0.0009433962264150943,0.002830188679245283,0.0,0.002830188679245283,0.9754716981132076,25.999999999999993,3.2300288739172283,2.9292452830188678,1.0037735849056604,0.8877358490566037,0.9017013232514177,1058.0
wave2_aug,329946,Nourison PA 18067,Nourison,Rugs,Alex Melius,2026-08-02,fri_sat,post,1.0,155.0,0.896774193548387,0.8580645161290322,0.0,0.8580645161290322,0.9806451612903225,3.0000000000000075,4.26530612244898,3.8741721854304636,1.3161290322580645,0.8580645161290322,0.8344370860927153,151.0
wave2_aug,329946,Nourison PA 18067,Nourison,Rugs,Alex Melius,2026-08-02,fri_sat,pre,1.0,278.0,0.0,0.7985611510791367,0.0,0.8014440433212996,0.9676258992805755,9.000000000000005,4.6213235294117645,4.215827338129497,1.5379061371841156,0.8669064748201439,0.9025270758122743,277.0
wave2_aug,329946,Nourison PA 18067,Nourison,Rugs,Alex Melius,2026-08-02,weekday,post,1.0,299.0,0.0,0.0033444816053511705,0.0033444816053511705,0.0,0.9698996655518395,8.999999999999995,3.640677966101695,3.1666666666666665,0.8695652173913043,0.8762541806020067,0.8299319727891157,294.0
wave2_aug,329946,Nourison PA 18067,Nourison,Rugs,Alex Melius,2026-08-02,weekday,pre,1.0,666.0,0.0,0.015015015015015015,0.0030120481927710845,0.012048192771084338,0.9669669669669669,22.00000000000002,3.8837920489296636,3.308623298033283,0.9081325301204819,0.8543543543543544,0.8628048780487805,656.0
wave2_aug,344657,Shenzhenshi Daman Shiye Youxiangongsi GA 31407,Shenzhenshi Daman Shiye Youxiangongsi,APS K&D,Stella Yin,2026-08-02,fri_sat,post,1.0,146.0,0.3493150684931507,0.773972602739726,0.1103448275862069,0.6689655172413793,0.8356164383561644,24.0,5.3517241379310345,4.3310344827586205,1.606896551724138,0.8561643835616438,0.8482758620689655,145.0
wave2_aug,344657,Shenzhenshi Daman Shiye Youxiangongsi GA 31407,Shenzhenshi Daman Shiye Youxiangongsi,APS K&D,Stella Yin,2026-08-02,fri_sat,pre,1.0,327.0,0.0,0.7370030581039755,0.24464831804281345,0.4923547400611621,0.9327217125382263,21.99999999999999,5.254601226993865,4.443425076452599,1.5229357798165137,0.8470948012232415,0.8990825688073395,327.0
wave2_aug,344657,Shenzhenshi Daman Shiye Youxiangongsi GA 31407,Shenzhenshi Daman Shiye Youxiangongsi,APS K&D,Stella Yin,2026-08-02,weekday,post,1.0,284.0,0.0035211267605633804,0.056338028169014086,0.03546099290780142,0.02127659574468085,0.5211267605633803,136.0,4.816849816849817,3.971631205673759,1.25177304964539,0.8661971830985915,0.7651245551601423,281.0
wave2_aug,344657,Shenzhenshi Daman Shiye Youxiangongsi GA 31407,Shenzhenshi Daman Shiye Youxiangongsi,APS K&D,Stella Yin,2026-08-02,weekday,pre,1.0,578.0,0.0017301038062283738,0.04844290657439446,0.0415944540727903,0.006932409012131715,0.7110726643598616,167.0,4.7763864042933815,4.09375,1.4020797227036395,0.8442906574394463,0.8076923076923077,572.0
wave2_aug,346062,"FUFU and GAGA Trade Co., Ltd. CA 91761 (3)","FUFU and GAGA Trade Co., Ltd.",APS Bedroom,Christal Ding,2026-08-02,fri_sat,post,1.0,131.0,0.9847328244274809,0.5648854961832062,0.0,0.5648854961832062,0.7099236641221374,38.00000000000001,5.969230769230769,4.884615384615385,1.5038167938931297,0.7404580152671756,0.7441860465116279,129.0
wave2_aug,346062,"FUFU and GAGA Trade Co., Ltd. CA 91761 (3)","FUFU and GAGA Trade Co., Ltd.",APS Bedroom,Christal Ding,2026-08-02,fri_sat,pre,1.0,381.0,0.0,0.6850393700787402,0.0026246719160104987,0.6824146981627297,0.9921259842519685,2.9999999999999947,5.88,5.2493438320209975,1.5958005249343832,0.5485564304461942,0.9028871391076115,381.0
wave2_aug,346062,"FUFU and GAGA Trade Co., Ltd. CA 91761 (3)","FUFU and GAGA Trade Co., Ltd.",APS Bedroom,Christal Ding,2026-08-02,weekday,post,1.0,223.0,0.0,0.0,0.0,0.0,0.9506726457399103,11.000000000000007,4.916666666666667,4.668161434977579,0.9237668161434978,0.6457399103139013,0.7802690582959642,223.0
wave2_aug,346062,"FUFU and GAGA Trade Co., Ltd. CA 91761 (3)","FUFU and GAGA Trade Co., Ltd.",APS Bedroom,Christal Ding,2026-08-02,weekday,pre,1.0,760.0,0.0,0.02631578947368421,0.023746701846965697,0.002638522427440633,0.7605263157894737,181.99999999999997,5.117647058823529,4.908970976253298,1.195250659630607,0.6855263157894737,0.7357992073976222,757.0
wave2_aug,347934,Ningbo Jiangbei Fufu CA 91761 (3),Ningbo Jiangbei Fufu,APS Bedroom,Christal Ding,2026-08-02,fri_sat,post,1.0,72.0,0.9861111111111112,0.5138888888888888,0.0,0.5138888888888888,0.6111111111111112,27.999999999999996,5.492753623188406,5.138888888888889,1.7777777777777777,0.5972222222222222,0.7323943661971831,71.0
wave2_aug,347934,Ningbo Jiangbei Fufu CA 91761 (3),Ningbo Jiangbei Fufu,APS Bedroom,Christal Ding,2026-08-02,fri_sat,pre,1.0,274.0,0.0,0.5583941605839416,0.0,0.5604395604395604,0.9817518248175182,5.000000000000009,5.667910447761194,5.117216117216117,1.6043956043956045,0.551094890510949,0.8424908424908425,273.0
wave2_aug,347934,Ningbo Jiangbei Fufu CA 91761 (3),Ningbo Jiangbei Fufu,APS Bedroom,Christal Ding,2026-08-02,weekday,post,1.0,191.0,0.0,0.0,0.0,0.0,0.9528795811518325,8.999999999999998,4.648351648351649,4.2408376963350785,0.9738219895287958,0.7277486910994765,0.806282722513089,191.0
wave2_aug,347934,Ningbo Jiangbei Fufu CA 91761 (3),Ningbo Jiangbei Fufu,APS Bedroom,Christal Ding,2026-08-02,weekday,pre,1.0,495.0,0.00404040404040404,0.014141414141414142,0.014141414141414142,0.0,0.7818181818181819,107.99999999999999,5.377358490566038,5.016194331983805,1.1676767676767676,0.6404040404040404,0.7221095334685599,493.0
wave2_aug,349177,"Zhejiang Linya Co., Ltd NJ 07036",LINYA OUTDOOR LIVING LLC,APS Home Improvement,Danica Guo,2026-08-02,fri_sat,post,1.0,89.0,1.0,0.8651685393258427,0.3707865168539326,0.4943820224719101,0.9550561797752809,4.0,5.2727272727272725,4.01123595505618,0.8202247191011236,0.7191011235955056,0.9204545454545454,88.0
wave2_aug,349177,"Zhejiang Linya Co., Ltd NJ 07036",LINYA OUTDOOR LIVING LLC,APS Home Improvement,Danica Guo,2026-08-02,fri_sat,pre,1.0,280.0,0.0,0.8214285714285714,0.2785714285714286,0.5428571428571428,0.9857142857142858,3.999999999999986,5.660516605166052,4.378571428571429,1.125,0.6892857142857143,0.9,280.0
wave2_aug,349177,"Zhejiang Linya Co., Ltd NJ 07036",LINYA OUTDOOR LIVING LLC,APS Home Improvement,Danica Guo,2026-08-02,weekday,post,1.0,167.0,0.011976047904191617,0.011976047904191617,0.011976047904191617,0.0,0.9341317365269461,10.999999999999995,3.2129032258064516,2.9457831325301207,1.0119760479041917,0.8143712574850299,0.8614457831325302,166.0
wave2_aug,349177,"Zhejiang Linya Co., Ltd NJ 07036",LINYA OUTDOOR LIVING LLC,APS Home Improvement,Danica Guo,2026-08-02,weekday,pre,1.0,658.0,0.0,0.05319148936170213,0.04573170731707317,0.007621951219512195,0.8936170212765957,70.00000000000003,4.119741100323624,3.6778115501519757,1.2225609756097562,0.7720364741641338,0.8358662613981763,658.0
wave2_aug,349462,YESURE INC. CA 92571,YESURE INC.,APS Decor,Qiwen Fan,2026-08-02,fri_sat,post,1.0,96.0,0.96875,0.7916666666666666,0.0,0.7916666666666666,0.9166666666666666,8.000000000000004,5.591397849462366,5.135416666666667,1.3854166666666667,0.5520833333333334,0.8125,96.0
wave2_aug,349462,YESURE INC. CA 92571,YESURE INC.,APS Decor,Qiwen Fan,2026-08-02,fri_sat,pre,1.0,432.0,0.0,0.7662037037037037,0.0023148148148148147,0.7638888888888888,0.9930555555555556,2.9999999999999893,6.113744075829384,5.851508120649652,1.4513888888888888,0.4027777777777778,0.8329466357308585,431.0
wave2_aug,349462,YESURE INC. CA 92571,YESURE INC.,APS Decor,Qiwen Fan,2026-08-02,weekday,post,1.0,143.0,0.006993006993006993,0.006993006993006993,0.0,0.006993006993006993,0.965034965034965,5.000000000000005,4.607407407407408,4.160839160839161,0.8811188811188811,0.6713286713286714,0.8461538461538461,143.0
wave2_aug,349462,YESURE INC. CA 92571,YESURE INC.,APS Decor,Qiwen Fan,2026-08-02,weekday,pre,1.0,809.0,0.0,0.011124845488257108,0.011124845488257108,0.0,0.9629171817058096,29.999999999999996,5.842239185750636,5.19035846724351,0.8207663782447466,0.5092707045735476,0.8378712871287128,808.0
wave2_aug,353664,shenzhenzhijingdianzishangwuyouxiangong WPPA2,shenzhenzhijingdianzishangwuyouxiangongsi,APS Bedroom,Lydia Liu,2026-08-02,fri_sat,post,1.0,94.0,0.9680851063829787,0.8404255319148937,0.0425531914893617,0.7978723404255319,0.9042553191489362,8.999999999999996,4.802197802197802,4.382978723404255,1.6382978723404256,0.851063829787234,0.9148936170212766,94.0
wave2_aug,353664,shenzhenzhijingdianzishangwuyouxiangong WPPA2,shenzhenzhijingdianzishangwuyouxiangongsi,APS Bedroom,Lydia Liu,2026-08-02,fri_sat,pre,1.0,318.0,0.0,0.7767295597484277,0.025157232704402517,0.7515723270440252,0.9622641509433962,11.999999999999996,5.119354838709677,4.455974842767295,1.6855345911949686,0.8364779874213837,0.886435331230284,317.0
wave2_aug,353664,shenzhenzhijingdianzishangwuyouxiangong WPPA2,shenzhenzhijingdianzishangwuyouxiangongsi,APS Bedroom,Lydia Liu,2026-08-02,weekday,post,1.0,190.0,0.0,0.005263157894736842,0.0,0.005263157894736842,0.9473684210526315,10.00000000000001,3.962162162162162,3.1,1.068421052631579,0.8736842105263158,0.8947368421052632,190.0
wave2_aug,353664,shenzhenzhijingdianzishangwuyouxiangong WPPA2,shenzhenzhijingdianzishangwuyouxiangongsi,APS Bedroom,Lydia Liu,2026-08-02,weekday,pre,1.0,607.0,0.0,0.03459637561779242,0.008237232289950576,0.026359143327841845,0.9588138385502472,24.99999999999998,4.279731993299833,3.2520593080724876,1.0626029654036244,0.8731466227347611,0.9304635761589404,604.0
wave2_aug,356194,Shenzhen Like Keji Youxiangongsi GA 31407,Shenzhen Like Keji Youxiangongsi,APS Bedroom,Lydia Liu,2026-08-02,fri_sat,post,1.0,272.0,0.8272058823529411,0.7977941176470589,0.08455882352941177,0.7132352941176471,0.8345588235294118,44.99999999999999,5.133333333333334,4.595588235294118,1.4044117647058822,0.8088235294117647,0.948339483394834,271.0
wave2_aug,356194,Shenzhen Like Keji Youxiangongsi GA 31407,Shenzhen Like Keji Youxiangongsi,APS Bedroom,Lydia Liu,2026-08-02,fri_sat,pre,1.0,878.0,0.0,0.7619589977220956,0.10592255125284739,0.6560364464692483,0.9031890660592256,84.99999999999996,5.198366394399066,4.673120728929385,1.520501138952164,0.8109339407744874,0.8695652173913043,874.0
wave2_aug,356194,Shenzhen Like Keji Youxiangongsi GA 31407,Shenzhen Like Keji Youxiangongsi,APS Bedroom,Lydia Liu,2026-08-02,weekday,post,1.0,581.0,0.0,0.0378657487091222,0.03614457831325301,0.0017211703958691911,0.6609294320137694,196.99999999999997,4.323374340949034,3.913793103448276,1.0843373493975903,0.8588640275387264,0.7706896551724138,580.0
wave2_aug,356194,Shenzhen Like Keji Youxiangongsi GA 31407,Shenzhen Like Keji Youxiangongsi,APS Bedroom,Lydia Liu,2026-08-02,weekday,pre,1.0,1546.0,0.0,0.03363518758085381,0.022006472491909384,0.011650485436893204,0.7613195342820182,368.99999999999994,4.563119629874421,3.9566343042071197,1.0653721682847896,0.8551099611901681,0.8229571984435797,1542.0
wave2_aug,356699,shanghaihuzidianzishangwuyouxiangongsi NJ 08016,Hong Kong HuaYa Trade Limited,APS Home Improvement,Yinan Du,2026-08-02,fri_sat,post,1.0,114.0,0.8859649122807017,0.8070175438596491,0.43859649122807015,0.3684210526315789,1.0,0.0,4.178571428571429,3.473684210526316,0.6140350877192983,0.9385964912280702,0.8947368421052632,114.0
wave2_aug,356699,shanghaihuzidianzishangwuyouxiangongsi NJ 08016,Hong Kong HuaYa Trade Limited,APS Home Improvement,Yinan Du,2026-08-02,fri_sat,pre,1.0,368.0,0.002717391304347826,0.7608695652173914,0.33152173913043476,0.42934782608695654,0.9972826086956522,0.999999999999984,4.544198895027624,3.551630434782609,0.7880434782608695,0.8858695652173914,0.9482288828337875,367.0
wave2_aug,356699,shanghaihuzidianzishangwuyouxiangongsi NJ 08016,Hong Kong HuaYa Trade Limited,APS Home Improvement,Yinan Du,2026-08-02,weekday,post,1.0,235.0,0.0,0.0,0.0,0.0,0.9957446808510638,1.0000000000000013,2.8879310344827585,2.5256410256410255,0.6340425531914894,0.9659574468085106,0.8283261802575107,233.0
wave2_aug,356699,shanghaihuzidianzishangwuyouxiangongsi NJ 08016,Hong Kong HuaYa Trade Limited,APS Home Improvement,Yinan Du,2026-08-02,weekday,pre,1.0,703.0,0.0,0.002844950213371266,0.0014245014245014246,0.0014245014245014246,0.9943100995732574,4.000000000000017,3.377713458755427,2.735042735042735,0.6524216524216524,0.9075391180654339,0.9313304721030042,699.0
wave2_aug,361472,Ningboyuxudianzishangwuyouxiangongsi NJ 08873,Ningboyuxudianzishangwuyouxiangongsi,APS AEOF,Ricky Yu,2026-08-02,fri_sat,post,1.0,66.0,1.0,0.9393939393939394,0.0,0.9393939393939394,1.0,0.0,4.96969696969697,4.075757575757576,1.2424242424242424,0.803030303030303,0.9090909090909091,66.0
wave2_aug,361472,Ningboyuxudianzishangwuyouxiangongsi NJ 08873,Ningboyuxudianzishangwuyouxiangongsi,APS AEOF,Ricky Yu,2026-08-02,fri_sat,pre,1.0,299.0,0.0,0.8294314381270903,0.0,0.8294314381270903,0.9832775919732442,4.9999999999999964,4.942372881355932,4.2885906040268456,1.648829431438127,0.8060200668896321,0.8851351351351351,296.0
wave2_aug,361472,Ningboyuxudianzishangwuyouxiangongsi NJ 08873,Ningboyuxudianzishangwuyouxiangongsi,APS AEOF,Ricky Yu,2026-08-02,weekday,post,1.0,120.0,0.016666666666666666,0.008333333333333333,0.0,0.008333333333333333,0.9416666666666667,7.000000000000002,4.097345132743363,3.3833333333333333,1.0583333333333333,0.8,0.7457627118644068,118.0
wave2_aug,361472,Ningboyuxudianzishangwuyouxiangongsi NJ 08873,Ningboyuxudianzishangwuyouxiangongsi,APS AEOF,Ricky Yu,2026-08-02,weekday,pre,1.0,560.0,0.0017857142857142857,0.05714285714285714,0.0,0.05714285714285714,0.9285714285714286,39.999999999999986,4.798165137614679,3.842857142857143,1.1767857142857143,0.7464285714285714,0.8723021582733813,556.0
wave2_aug,368845,GLERUS LTD NJ 07036,GLERUS LTD,Casegoods,Zichu Wang,2026-08-02,fri_sat,post,1.0,105.0,0.9714285714285714,0.7047619047619048,0.37142857142857144,0.3333333333333333,1.0,0.0,4.823529411764706,3.361904761904762,0.6761904761904762,0.819047619047619,0.9428571428571428,105.0
wave2_aug,368845,GLERUS LTD NJ 07036,GLERUS LTD,Casegoods,Zichu Wang,2026-08-02,fri_sat,pre,1.0,301.0,0.0,0.8438538205980066,0.3289036544850498,0.5149501661129569,0.9900332225913622,2.9999999999999862,4.793814432989691,3.6387959866220734,0.9634551495016611,0.8106312292358804,0.9222972972972973,296.0
wave2_aug,368845,GLERUS LTD NJ 07036,GLERUS LTD,Casegoods,Zichu Wang,2026-08-02,weekday,post,1.0,247.0,0.012145748987854251,0.0,0.0,0.0,0.9635627530364372,9.000000000000004,3.7245762711864407,3.133603238866397,0.8299595141700404,0.805668016194332,0.8373983739837398,246.0
wave2_aug,368845,GLERUS LTD NJ 07036,GLERUS LTD,Casegoods,Zichu Wang,2026-08-02,weekday,pre,1.0,642.0,0.0,0.029595015576323987,0.028081123244929798,0.0015600624024961,0.8800623052959502,76.99999999999997,3.5008210180623975,3.0842433697347893,0.9173166926677067,0.8333333333333334,0.8034591194968553,636.0
wave2_aug,370173,aifei(shanghai)kejiyouxiangongsi GA 30517,aifei(shanghai)kejiyouxiangongsi,APS K&D,Eve Deng,2026-08-02,fri_sat,post,1.0,113.0,0.5575221238938053,0.5663716814159292,0.061946902654867256,0.504424778761062,0.5929203539823009,45.99999999999999,4.433628318584071,4.1415929203539825,1.7787610619469028,0.9823008849557522,0.9292035398230089,113.0
wave2_aug,370173,aifei(shanghai)kejiyouxiangongsi GA 30517,aifei(shanghai)kejiyouxiangongsi,APS K&D,Eve Deng,2026-08-02,fri_sat,pre,1.0,190.0,0.0,0.7789473684210526,0.010526315789473684,0.7684210526315789,0.9842105263157894,3.0000000000000093,4.579787234042553,4.347368421052631,1.768421052631579,0.9368421052631579,0.8631578947368421,190.0
wave2_aug,370173,aifei(shanghai)kejiyouxiangongsi GA 30517,aifei(shanghai)kejiyouxiangongsi,APS K&D,Eve Deng,2026-08-02,weekday,post,1.0,185.0,0.0,0.15675675675675677,0.15675675675675677,0.0,0.3081081081081081,128.0,3.9175824175824174,4.1891891891891895,1.7243243243243243,0.9351351351351351,0.6216216216216216,185.0
wave2_aug,370173,aifei(shanghai)kejiyouxiangongsi GA 30517,aifei(shanghai)kejiyouxiangongsi,APS K&D,Eve Deng,2026-08-02,weekday,pre,1.0,334.0,0.0,0.15868263473053892,0.08682634730538923,0.0718562874251497,0.7245508982035929,91.99999999999999,4.006079027355623,3.844311377245509,1.374251497005988,0.8772455089820359,0.7747747747747747,333.0
wave2_aug,372043,shenzhenshilijinchengmaoyiyouxiangongsi GA 30331,Hong Kong HuaYa Trade Limited,APS Home Improvement,Yinan Du,2026-08-02,fri_sat,post,1.0,113.0,0.9911504424778761,0.48672566371681414,0.23008849557522124,0.25663716814159293,0.6991150442477876,34.0,4.221238938053097,3.690265486725664,1.168141592920354,0.9911504424778761,0.9292035398230089,113.0
wave2_aug,372043,shenzhenshilijinchengmaoyiyouxiangongsi GA 30331,Hong Kong HuaYa Trade Limited,APS Home Improvement,Yinan Du,2026-08-02,fri_sat,pre,1.0,413.0,0.0,0.7699757869249395,0.288135593220339,0.48184019370460046,0.9975786924939467,1.0000000000000104,4.594059405940594,3.982968369829684,1.0338983050847457,0.9152542372881356,0.9219512195121952,410.0
wave2_aug,372043,shenzhenshilijinchengmaoyiyouxiangongsi GA 30331,Hong Kong HuaYa Trade Limited,APS Home Improvement,Yinan Du,2026-08-02,weekday,post,1.0,206.0,0.0048543689320388345,0.019417475728155338,0.019417475728155338,0.0,0.9271844660194175,14.999999999999993,3.478048780487805,2.7718446601941746,0.6990291262135923,0.9611650485436893,0.9077669902912622,206.0
wave2_aug,372043,shenzhenshilijinchengmaoyiyouxiangongsi GA 30331,Hong Kong HuaYa Trade Limited,APS Home Improvement,Yinan Du,2026-08-02,weekday,pre,1.0,806.0,0.0,0.034739454094292806,0.02119700748129676,0.01371571072319202,0.8982630272952854,81.99999999999997,3.827020202020202,3.07356608478803,0.9251870324189526,0.924317617866005,0.9126092384519351,801.0
wave2_aug,373889, SLM CA3,YISHANG TRADE INC,APS Outdoor,Melody Lu,2026-08-02,fri_sat,post,1.0,264.0,0.9810606060606061,0.8257575757575758,0.0038022813688212928,0.8250950570342205,0.9507575757575758,12.99999999999999,4.652509652509653,4.437262357414449,1.3003802281368821,0.8371212121212122,0.7718631178707225,263.0
wave2_aug,373889, SLM CA3,YISHANG TRADE INC,APS Outdoor,Melody Lu,2026-08-02,fri_sat,pre,1.0,938.0,0.0,0.6663113006396588,0.008547008547008548,0.6591880341880342,0.9840085287846482,15.000000000000014,5.785791173304629,5.174145299145299,1.5673076923076923,0.6119402985074627,0.9017094017094017,936.0
wave2_aug,373889, SLM CA3,YISHANG TRADE INC,APS Outdoor,Melody Lu,2026-08-02,weekday,post,1.0,536.0,0.0018656716417910447,0.0037313432835820895,0.0018726591760299626,0.0018726591760299626,0.9813432835820896,10.0,4.588571428571429,4.033771106941838,0.8614232209737828,0.7686567164179104,0.8480300187617261,533.0
wave2_aug,373889, SLM CA3,YISHANG TRADE INC,APS Outdoor,Melody Lu,2026-08-02,weekday,pre,1.0,1803.0,0.0,0.011092623405435386,0.006104328523862375,0.004994450610432853,0.9317803660565723,123.00000000000009,4.935665914221219,4.204785754034502,0.9655937846836848,0.7598447032723239,0.8585746102449888,1796.0
wave2_aug,401646,NEO CHAIR INC GA 30567,NEO CHAIR INC,Casegoods,Karolina Coulter,2026-08-02,fri_sat,post,1.0,368.0,0.7961956521739131,0.717391304347826,0.0,0.717391304347826,0.9646739130434783,12.999999999999996,4.131506849315069,3.7010869565217392,1.0679347826086956,0.967391304347826,0.7989130434782609,368.0
wave2_aug,401646,NEO CHAIR INC GA 30567,NEO CHAIR INC,Casegoods,Karolina Coulter,2026-08-02,fri_sat,pre,1.0,956.0,0.0010460251046025104,0.7301255230125523,0.0,0.7301255230125523,0.99581589958159,3.9999999999999574,4.480128893662728,3.918410041841004,1.096234309623431,0.9163179916317992,0.8866736621196223,953.0
wave2_aug,401646,NEO CHAIR INC GA 30567,NEO CHAIR INC,Casegoods,Karolina Coulter,2026-08-02,weekday,post,1.0,780.0,0.001282051282051282,0.001282051282051282,0.001282051282051282,0.0,0.9948717948717949,3.999999999999986,3.18668407310705,2.655128205128205,0.6282051282051282,0.9564102564102565,0.9371794871794872,780.0
wave2_aug,401646,NEO CHAIR INC GA 30567,NEO CHAIR INC,Casegoods,Karolina Coulter,2026-08-02,weekday,pre,1.0,1917.0,0.0,0.001564945226917058,0.0,0.0015657620041753654,0.9754825247782994,46.99999999999997,3.314864144912094,2.8715404699738905,0.6409185803757829,0.9353155972874283,0.8967505241090147,1908.0
wave2_aug,405768,"Haomaijia Technology (Shenzhen) Co., LTD NJ 07036",EBELLO HOME INC_1,APS Upholstery,Lacey Yan,2026-08-16,fri_sat,pre,1.0,78.0,0.24358974358974358,0.7051282051282052,0.5256410256410257,0.1794871794871795,0.9871794871794872,0.9999999999999964,4.5675675675675675,3.3205128205128207,0.7051282051282052,0.8461538461538461,0.9358974358974359,78.0
wave2_aug,405768,"Haomaijia Technology (Shenzhen) Co., LTD NJ 07036",EBELLO HOME INC_1,APS Upholstery,Lacey Yan,2026-08-16,weekday,pre,1.0,239.0,0.0041841004184100415,0.016736401673640166,0.016736401673640166,0.0,0.9456066945606695,12.999999999999995,3.3587443946188342,3.080168776371308,0.8828451882845189,0.8451882845188284,0.8305084745762712,236.0
wave2_aug,406363,GA.,SHENZHENSHIMINGXIAOSHANGMAOYOUXIANGONGSI,APS Bedroom,Lydia Liu,2026-08-02,fri_sat,post,1.0,144.0,0.9652777777777778,0.7708333333333334,0.04861111111111111,0.7222222222222222,0.8263888888888888,25.000000000000007,4.835714285714285,4.416666666666667,1.5208333333333333,0.8402777777777778,0.875,144.0
wave2_aug,406363,GA.,SHENZHENSHIMINGXIAOSHANGMAOYOUXIANGONGSI,APS Bedroom,Lydia Liu,2026-08-02,fri_sat,pre,1.0,475.0,0.0,0.7410526315789474,0.13263157894736843,0.608421052631579,0.9621052631578947,18.000000000000025,5.2709677419354835,4.461052631578947,1.5747368421052632,0.7473684210526316,0.9006342494714588,473.0
wave2_aug,406363,GA.,SHENZHENSHIMINGXIAOSHANGMAOYOUXIANGONGSI,APS Bedroom,Lydia Liu,2026-08-02,weekday,post,1.0,316.0,0.006329113924050633,0.012658227848101266,0.00949367088607595,0.0031645569620253164,0.8417721518987342,49.999999999999986,4.080906148867314,3.6867088607594938,1.0886075949367089,0.9177215189873418,0.7777777777777778,315.0
wave2_aug,406363,GA.,SHENZHENSHIMINGXIAOSHANGMAOYOUXIANGONGSI,APS Bedroom,Lydia Liu,2026-08-02,weekday,pre,1.0,912.0,0.0,0.05263157894736842,0.046052631578947366,0.006578947368421052,0.856359649122807,130.99999999999997,4.738598442714127,3.8289473684210527,1.0745614035087718,0.8432017543859649,0.8541666666666666,912.0
wave2_aug,406808,Yii Lighting CA  92324,Eternadecor INC_1,APS Home Improvement,Aria LI,2026-08-02,fri_sat,post,1.0,76.0,0.9868421052631579,0.7368421052631579,0.0,0.7368421052631579,0.7763157894736842,17.000000000000004,6.094594594594595,6.0394736842105265,1.7894736842105263,0.25,0.75,76.0
wave2_aug,406808,Yii Lighting CA  92324,Eternadecor INC_1,APS Home Improvement,Aria LI,2026-08-02,fri_sat,pre,1.0,399.0,0.002506265664160401,0.7568922305764411,0.0,0.7568922305764411,0.9824561403508771,7.000000000000021,6.751322751322752,6.533834586466165,1.7167919799498748,0.21052631578947367,0.7964824120603015,398.0
wave2_aug,406808,Yii Lighting CA  92324,Eternadecor INC_1,APS Home Improvement,Aria LI,2026-08-02,weekday,post,1.0,218.0,0.0045871559633027525,0.03211009174311927,0.027522935779816515,0.0045871559633027525,0.926605504587156,16.0,6.11214953271028,5.844036697247707,1.1009174311926606,0.3761467889908257,0.8348623853211009,218.0
wave2_aug,406808,Yii Lighting CA  92324,Eternadecor INC_1,APS Home Improvement,Aria LI,2026-08-02,weekday,pre,1.0,863.0,0.0011587485515643105,0.01853997682502897,0.013904982618771726,0.004634994206257242,0.929316338354577,61.0,6.532530120481928,6.241579558652729,1.0869061413673233,0.320973348783314,0.7750582750582751,858.0
wave2_aug,407374,"Shenzhen Litian Technology Co., Ltd CA 92324","Shenzhen Litian Technology Co., Ltd",APS Home Improvement,Nicole Sun,2026-08-02,fri_sat,post,1.0,162.0,0.9814814814814815,0.9259259259259259,0.012345679012345678,0.9135802469135802,0.9444444444444444,9.000000000000004,5.75625,5.407407407407407,1.5061728395061729,0.5246913580246914,0.8518518518518519,162.0
wave2_aug,407374,"Shenzhen Litian Technology Co., Ltd CA 92324","Shenzhen Litian Technology Co., Ltd",APS Home Improvement,Nicole Sun,2026-08-02,fri_sat,pre,1.0,468.0,0.0,0.7756410256410257,0.019230769230769232,0.7564102564102564,0.9850427350427351,6.999999999999975,5.875,5.532051282051282,1.705128205128205,0.5683760683760684,0.8760683760683761,468.0
wave2_aug,407374,"Shenzhen Litian Technology Co., Ltd CA 92324","Shenzhen Litian Technology Co., Ltd",APS Home Improvement,Nicole Sun,2026-08-02,weekday,post,1.0,296.0,0.037162162162162164,0.02702702702702703,0.02702702702702703,0.0,0.9695945945945946,8.99999999999999,5.335616438356165,4.902027027027027,1.0439189189189189,0.6148648648648649,0.8648648648648649,296.0
wave2_aug,407374,"Shenzhen Litian Technology Co., Ltd CA 92324","Shenzhen Litian Technology Co., Ltd",APS Home Improvement,Nicole Sun,2026-08-02,weekday,pre,1.0,804.0,0.0037313432835820895,0.012437810945273632,0.0024875621890547263,0.009950248756218905,0.9490049751243781,41.000000000000014,5.269377382465057,4.6824408468244085,1.0733830845771144,0.667910447761194,0.8354114713216958,802.0
wave2_aug,409062,NJ-19[谷仓新泽西19号仓],"Linyi Lingmoxuan Technology Co., Ltd",APS Bedroom,Iris Sang,2026-08-02,fri_sat,post,1.0,137.0,0.9343065693430657,0.8321167883211679,0.44525547445255476,0.38686131386861317,0.9854014598540146,1.9999999999999976,4.388059701492537,3.7372262773722627,0.7226277372262774,0.8832116788321168,0.8613138686131386,137.0
wave2_aug,409062,NJ-19[谷仓新泽西19号仓],"Linyi Lingmoxuan Technology Co., Ltd",APS Bedroom,Iris Sang,2026-08-02,fri_sat,pre,1.0,492.0,0.0,0.7703252032520326,0.41260162601626016,0.35772357723577236,0.9979674796747967,1.000000000000019,4.268041237113402,3.5833333333333335,0.790650406504065,0.9288617886178862,0.9329268292682927,492.0
wave2_aug,409062,NJ-19[谷仓新泽西19号仓],"Linyi Lingmoxuan Technology Co., Ltd",APS Bedroom,Iris Sang,2026-08-02,weekday,post,1.0,388.0,0.0,0.002577319587628866,0.002577319587628866,0.0,0.9381443298969072,24.0,3.243455497382199,2.9767441860465116,0.8762886597938144,0.904639175257732,0.8860103626943006,386.0
wave2_aug,409062,NJ-19[谷仓新泽西19号仓],"Linyi Lingmoxuan Technology Co., Ltd",APS Bedroom,Iris Sang,2026-08-02,weekday,pre,1.0,1060.0,0.0,0.0,0.0,0.0,0.9575471698113207,45.00000000000005,3.0756704980842913,2.7632575757575757,0.8229166666666666,0.9330188679245283,0.8479087452471483,1052.0
wave2_aug,409174,zhengzhoushijianxingwangluokejiyouxiangongsi GA 31407,zhengzhoushijianxingwangluokejiyouxiangongsi,APS Bedroom,Lydia Liu,2026-08-02,fri_sat,post,1.0,107.0,0.897196261682243,0.8598130841121495,0.11214953271028037,0.7476635514018691,0.897196261682243,11.000000000000002,5.384615384615385,4.869158878504673,1.355140186915888,0.7663551401869159,0.9345794392523364,107.0
wave2_aug,409174,zhengzhoushijianxingwangluokejiyouxiangongsi GA 31407,zhengzhoushijianxingwangluokejiyouxiangongsi,APS Bedroom,Lydia Liu,2026-08-02,fri_sat,pre,1.0,320.0,0.0,0.828125,0.15,0.678125,0.965625,11.000000000000014,5.054140127388535,4.50625,1.275,0.803125,0.925,320.0
wave2_aug,409174,zhengzhoushijianxingwangluokejiyouxiangongsi GA 31407,zhengzhoushijianxingwangluokejiyouxiangongsi,APS Bedroom,Lydia Liu,2026-08-02,weekday,post,1.0,193.0,0.0,0.04145077720207254,0.03626943005181347,0.0051813471502590676,0.7305699481865285,51.99999999999999,4.408376963350785,3.989637305699482,1.160621761658031,0.9067357512953368,0.8541666666666666,192.0
wave2_aug,409174,zhengzhoushijianxingwangluokejiyouxiangongsi GA 31407,zhengzhoushijianxingwangluokejiyouxiangongsi,APS Bedroom,Lydia Liu,2026-08-02,weekday,pre,1.0,602.0,0.0,0.03986710963455149,0.02823920265780731,0.011627906976744186,0.8621262458471761,82.99999999999997,4.911413969335605,4.252911813643927,1.0730897009966778,0.7940199335548173,0.7913188647746243,599.0
wave2_aug,414154,"NINGBO JOYS IMP. EXP. CO.,LTD NJ 08505",Gymax LLC,APS Outdoor,David Liu,2026-08-02,fri_sat,post,1.0,146.0,0.9863013698630136,0.8493150684931506,0.17123287671232876,0.678082191780822,0.9383561643835616,9.000000000000004,4.638888888888889,4.13103448275862,1.2534246575342465,0.8767123287671232,0.8896551724137931,145.0
wave2_aug,414154,"NINGBO JOYS IMP. EXP. CO.,LTD NJ 08505",Gymax LLC,APS Outdoor,David Liu,2026-08-02,fri_sat,pre,1.0,450.0,0.0022222222222222222,0.8844444444444445,0.23777777777777778,0.6466666666666666,0.9933333333333333,3.0000000000000195,5.183257918552036,4.366666666666666,1.211111111111111,0.7755555555555556,0.9688888888888889,450.0
wave2_aug,414154,"NINGBO JOYS IMP. EXP. CO.,LTD NJ 08505",Gymax LLC,APS Outdoor,David Liu,2026-08-02,weekday,post,1.0,286.0,0.0034965034965034965,0.0,0.0,0.0,0.972027972027972,8.000000000000014,3.9420289855072466,3.2552447552447554,0.9405594405594405,0.8566433566433567,0.8111888111888111,286.0
wave2_aug,414154,"NINGBO JOYS IMP. EXP. CO.,LTD NJ 08505",Gymax LLC,APS Outdoor,David Liu,2026-08-02,weekday,pre,1.0,862.0,0.0,0.00580046403712297,0.004651162790697674,0.0011627906976744186,0.9814385150812065,16.0,4.501779359430605,3.4603729603729603,0.9081395348837209,0.8248259860788864,0.8421052631578947,855.0
wave2_aug,429873,"Zhengzhou Bevi Import  Export Trading Co., Ltd. PA 19030","HONGKONG OUSHENG NETWORK TECHNOLOGY CO.,LIMITED",APS Bedroom,Asia Supplier Service Desk,2026-08-02,fri_sat,post,1.0,53.0,0.9433962264150944,1.0,0.49056603773584906,0.5094339622641509,0.9811320754716981,0.9999999999999998,4.981132075471698,4.673076923076923,0.9811320754716981,0.8113207547169812,0.9230769230769231,52.0
wave2_aug,429873,"Zhengzhou Bevi Import  Export Trading Co., Ltd. PA 19030","HONGKONG OUSHENG NETWORK TECHNOLOGY CO.,LIMITED",APS Bedroom,Asia Supplier Service Desk,2026-08-02,fri_sat,pre,1.0,289.0,0.0,0.916955017301038,0.43944636678200694,0.47750865051903113,0.9896193771626297,3.0000000000000138,4.890070921985815,4.598591549295775,1.0795847750865053,0.7854671280276817,0.8838028169014085,284.0
wave2_aug,429873,"Zhengzhou Bevi Import  Export Trading Co., Ltd. PA 19030","HONGKONG OUSHENG NETWORK TECHNOLOGY CO.,LIMITED",APS Bedroom,Asia Supplier Service Desk,2026-08-02,weekday,post,1.0,87.0,0.0,0.022988505747126436,0.022988505747126436,0.0,0.8850574712643678,9.999999999999998,3.3452380952380953,3.3448275862068964,1.0574712643678161,0.8850574712643678,0.8045977011494253,87.0
wave2_aug,429873,"Zhengzhou Bevi Import  Export Trading Co., Ltd. PA 19030","HONGKONG OUSHENG NETWORK TECHNOLOGY CO.,LIMITED",APS Bedroom,Asia Supplier Service Desk,2026-08-02,weekday,pre,1.0,698.0,0.0,0.02865329512893983,0.02865329512893983,0.0,0.9613180515759312,27.000000000000025,3.9107142857142856,3.7557471264367814,1.018624641833811,0.7965616045845272,0.8357348703170029,694.0
wave2_aug,458764,NEW BKFARMHOUSE INC CA 91761 (4),NEW BKFARMHOUSE INC,APS Pet,Regan Zou,2026-08-02,fri_sat,post,1.0,106.0,0.9433962264150944,0.6037735849056604,0.0,0.6037735849056604,0.7641509433962265,24.999999999999993,6.0,5.754716981132075,1.7075471698113207,0.41509433962264153,0.8018867924528302,106.0
wave2_aug,458764,NEW BKFARMHOUSE INC CA 91761 (4),NEW BKFARMHOUSE INC,APS Pet,Regan Zou,2026-08-02,fri_sat,pre,1.0,302.0,0.0,0.6854304635761589,0.0,0.6854304635761589,0.9801324503311258,5.999999999999997,6.073089700996678,5.401993355481728,1.7218543046357615,0.46357615894039733,0.8933333333333333,300.0
wave2_aug,458764,NEW BKFARMHOUSE INC CA 91761 (4),NEW BKFARMHOUSE INC,APS Pet,Regan Zou,2026-08-02,weekday,post,1.0,189.0,0.021164021164021163,0.015873015873015872,0.0,0.016042780748663103,0.9417989417989417,11.00000000000001,5.786096256684492,5.454545454545454,1.0748663101604279,0.4973544973544973,0.893048128342246,187.0
wave2_aug,458764,NEW BKFARMHOUSE INC CA 91761 (4),NEW BKFARMHOUSE INC,APS Pet,Regan Zou,2026-08-02,weekday,pre,1.0,488.0,0.0,0.01639344262295082,0.01639344262295082,0.0,0.7971311475409836,99.00000000000001,5.624481327800829,5.348360655737705,1.1680327868852458,0.5758196721311475,0.8008213552361396,487.0
wave2_aug,461382, USNJHM01,LUXHOME (HK) TRADING LIMITED,APS Bedroom,Lydia Liu,2026-08-02,fri_sat,post,1.0,57.0,0.9649122807017544,0.8421052631578947,0.38596491228070173,0.45614035087719296,0.9824561403508771,1.000000000000003,4.701754385964913,3.912280701754386,0.7543859649122807,0.9122807017543859,0.8947368421052632,57.0
wave2_aug,461382, USNJHM01,LUXHOME (HK) TRADING LIMITED,APS Bedroom,Lydia Liu,2026-08-02,fri_sat,pre,1.0,312.0,0.0,0.8237179487179487,0.22756410256410256,0.5961538461538461,1.0,0.0,4.970491803278689,4.076923076923077,1.1634615384615385,0.8012820512820513,0.9519230769230769,312.0
wave2_aug,461382, USNJHM01,LUXHOME (HK) TRADING LIMITED,APS Bedroom,Lydia Liu,2026-08-02,weekday,post,1.0,102.0,0.0,0.0,0.0,0.0,0.9607843137254902,3.9999999999999973,4.232323232323233,3.215686274509804,0.7843137254901961,0.8235294117647058,0.9411764705882353,102.0
wave2_aug,461382, USNJHM01,LUXHOME (HK) TRADING LIMITED,APS Bedroom,Lydia Liu,2026-08-02,weekday,pre,1.0,560.0,0.0,0.0,0.0,0.0,0.9875,6.999999999999975,4.204379562043796,3.2517857142857145,0.8517857142857143,0.8214285714285714,0.9284436493738819,559.0
wave2_aug,463964,Grand Leisure Outdoor Product CA 92335,Grand Leisure Outdoor Product Co.,APS Outdoor,Melody Lu,2026-08-16,fri_sat,pre,1.0,392.0,0.007653061224489796,0.9081632653061225,0.0,0.9081632653061225,0.9872448979591837,4.999999999999995,6.481578947368421,5.520408163265306,1.4234693877551021,0.35714285714285715,0.8823529411764706,391.0
wave2_aug,463964,Grand Leisure Outdoor Product CA 92335,Grand Leisure Outdoor Product Co.,APS Outdoor,Melody Lu,2026-08-16,weekday,pre,1.0,797.0,0.03513174404015056,0.0012547051442910915,0.0,0.0012547051442910915,0.972396486825596,22.0,6.25891677675033,5.5037688442211055,1.056461731493099,0.4780426599749059,0.8324937027707808,794.0
wave2_aug,468576,shilijincheng dangerous CA 91762(2),Hong Kong HuaYa Trade Limited,APS Home Improvement,Yinan Du,2026-08-02,fri_sat,post,1.0,69.0,0.9710144927536232,0.6231884057971014,0.42028985507246375,0.2028985507246377,0.7536231884057971,17.0,4.661764705882353,4.36231884057971,1.0579710144927537,0.7971014492753623,0.8695652173913043,69.0
wave2_aug,468576,shilijincheng dangerous CA 91762(2),Hong Kong HuaYa Trade Limited,APS Home Improvement,Yinan Du,2026-08-02,fri_sat,pre,1.0,276.0,0.0,0.6413043478260869,0.22181818181818183,0.4218181818181818,0.9855072463768116,3.999999999999987,5.465201465201465,4.7672727272727276,1.08,0.605072463768116,0.8836363636363637,275.0
wave2_aug,468576,shilijincheng dangerous CA 91762(2),Hong Kong HuaYa Trade Limited,APS Home Improvement,Yinan Du,2026-08-02,weekday,post,1.0,135.0,0.0,0.0,0.0,0.0,0.9555555555555556,5.999999999999994,4.548872180451128,4.2444444444444445,0.8074074074074075,0.7185185185185186,0.9037037037037037,135.0
wave2_aug,468576,shilijincheng dangerous CA 91762(2),Hong Kong HuaYa Trade Limited,APS Home Improvement,Yinan Du,2026-08-02,weekday,pre,1.0,475.0,0.0,0.008421052631578947,0.008438818565400843,0.0,0.96,19.000000000000018,4.9,4.432203389830509,0.770042194092827,0.6589473684210526,0.8893617021276595,470.0
wave2_aug,493064,USSAV02,LUXHOME (HK) TRADING LIMITED,APS Bedroom,Lydia Liu,2026-08-09,fri_sat,post,1.0,20.0,1.0,0.95,0.0,0.95,1.0,0.0,5.473684210526316,4.75,1.2,0.7,0.95,20.0
wave2_aug,493064,USSAV02,LUXHOME (HK) TRADING LIMITED,APS Bedroom,Lydia Liu,2026-08-09,fri_sat,pre,1.0,286.0,0.04895104895104895,0.7167832167832168,0.01048951048951049,0.7062937062937062,0.958041958041958,12.000000000000007,5.316901408450704,4.5929824561403505,1.506993006993007,0.8041958041958042,0.9295774647887324,284.0
wave2_aug,493064,USSAV02,LUXHOME (HK) TRADING LIMITED,APS Bedroom,Lydia Liu,2026-08-09,weekday,post,1.0,15.0,0.0,0.0,0.0,0.0,0.7333333333333333,4.000000000000001,5.0,3.8666666666666667,1.1333333333333333,0.8666666666666667,0.9333333333333333,15.0
wave2_aug,493064,USSAV02,LUXHOME (HK) TRADING LIMITED,APS Bedroom,Lydia Liu,2026-08-09,weekday,pre,1.0,483.0,0.002070393374741201,0.0,0.0,0.0,0.8178053830227743,88.00000000000003,4.435244161358811,3.939958592132505,1.1511387163561078,0.8530020703933747,0.8029045643153527,482.0
wave2_aug,498757,Alphamarts AL 08505,Alphamarts,APS Outdoor,Melody Lu,2026-08-02,fri_sat,post,1.0,231.0,0.9913419913419913,0.6060606060606061,0.03896103896103896,0.5670995670995671,0.7359307359307359,61.000000000000014,4.844444444444444,3.8701298701298703,1.3852813852813852,0.8138528138528138,0.8874458874458875,231.0
wave2_aug,498757,Alphamarts AL 08505,Alphamarts,APS Outdoor,Melody Lu,2026-08-02,fri_sat,pre,1.0,698.0,0.0,0.7220630372492837,0.053237410071942444,0.6719424460431654,0.9914040114613181,5.999999999999988,5.2656716417910445,3.9741007194244604,1.4201438848920864,0.7607449856733525,0.9176300578034682,692.0
wave2_aug,498757,Alphamarts AL 08505,Alphamarts,APS Outdoor,Melody Lu,2026-08-02,weekday,post,1.0,413.0,0.0,0.0,0.0,0.0,0.9951573849878934,2.000000000000021,3.955,2.8155339805825244,0.8813559322033898,0.8692493946731235,0.9393203883495146,412.0
wave2_aug,498757,Alphamarts AL 08505,Alphamarts,APS Outdoor,Melody Lu,2026-08-02,weekday,pre,1.0,1328.0,0.0007530120481927711,0.02786144578313253,0.0,0.02786144578313253,0.927710843373494,96.00000000000001,4.208885424785659,3.027128862094951,1.0579819277108433,0.8501506024096386,0.9146991622239147,1313.0
