supplier_id,su_name,parent_suid,parent_su_name,ops,purchase_order_number,order_complete_date,msbd_su,sp_lt,order_lt,cushion,supplierpartid,supplierpartnumber,SKU,ProductCategory,sto,inducted_on_time_or_early,order_lt_days,sp_lt_days
31945,South Sea Rattan NC27409,180,South Sea Rattan,12400362662,666008116,2026-07-04,2026-08-07,,600,0,15014431,75206-SPI-D6311,SA2115,Outdoor,Outdoor Furniture,0,25.0,
31945,South Sea Rattan NC27409,180,South Sea Rattan,12400891222,666057396,2026-07-04,2026-08-07,,600,0,39705088,TPS18-I33019-2,SA10191,Bedding,Outdoor Furniture,0,25.0,
31945,South Sea Rattan NC27409,180,South Sea Rattan,12243172953,664315429,2026-06-25,2026-08-06,,600,0,28574665,75206-SPI-E46027-2,SA2115,Outdoor,Outdoor Furniture,0,25.0,
31945,South Sea Rattan NC27409,180,South Sea Rattan,12370560525,663314604,2026-06-20,2026-07-31,,600,0,17777704,72092-COF-D6311,UNRS7813,Outdoor,Outdoor Furniture,0,25.0,
31945,South Sea Rattan NC27409,180,South Sea Rattan,12394796641,666568982,2026-07-06,2026-07-27,,360,0,49285277,74143-DIAGRUSH,SA10226,Outdoor,Outdoor Furniture,1,15.0,
31945,South Sea Rattan NC27409,180,South Sea Rattan,80135230330,663939823,2026-06-23,2026-07-21,,360,0,28545158,10043-ASB,SA2747,Entertainment Furniture,Outdoor Furniture,1,15.0,
31945,South Sea Rattan NC27409,180,South Sea Rattan,12195304183,660833926,2026-06-07,2026-07-17,,600,0,28574681,72091-GRY-D33010-2,UNRS7812,Outdoor,Outdoor Furniture,0,25.0,
31945,South Sea Rattan NC27409,180,South Sea Rattan,12255820309,660913902,2026-06-07,2026-07-17,,600,0,28574681,72091-GRY-D33010-2,UNRS7812,Outdoor,Outdoor Furniture,0,25.0,
31945,South Sea Rattan NC27409,180,South Sea Rattan,12290117942,660829275,2026-06-07,2026-07-17,,600,0,18943359,72091-COF-D6311,UNRS7812,Outdoor,Outdoor Furniture,0,25.0,
31945,South Sea Rattan NC27409,180,South Sea Rattan,12360217572,662900217,2026-06-17,2026-07-15,,360,0,30396788,78343-RUW,HIDN6900,Outdoor,Outdoor Furniture,1,15.0,
31945,South Sea Rattan NC27409,180,South Sea Rattan,12235563559,659428021,2026-05-31,2026-07-10,,600,0,39201742,3106-WAL-C4712,SA10171,Upholstery - Core,Outdoor Furniture,1,25.0,
31945,South Sea Rattan NC27409,180,South Sea Rattan,12150360553,657029238,2026-05-21,2026-06-26,,600,0,17777704,72092-COF-D6311,UNRS7813,Outdoor,Outdoor Furniture,1,25.0,
31945,South Sea Rattan NC27409,180,South Sea Rattan,11366223376,659147292,2026-05-29,2026-06-19,,360,0,23109093,76643-CHE,SA2006,Outdoor,Outdoor Furniture,1,15.0,
31945,South Sea Rattan NC27409,180,South Sea Rattan,12252914675,654959475,2026-05-11,2026-06-16,,600,0,28574681,72091-GRY-D33010-2,UNRS7812,Outdoor,Outdoor Furniture,0,25.0,
31945,South Sea Rattan NC27409,180,South Sea Rattan,11359456046,654730041,2026-05-10,2026-06-15,,600,0,39705089,TPS18-I33029-2,SA10192,Bedding,Outdoor Furniture,1,25.0,
31945,South Sea Rattan NC27409,180,South Sea Rattan,12091888973,652201470,2026-04-27,2026-06-02,,600,1,3015388,75206-SPI-E6635,SA2115,Outdoor,Outdoor Furniture,0,25.0,
31945,South Sea Rattan NC27409,180,South Sea Rattan,12243182255,654206453,2026-05-07,2026-05-29,,360,0,39201492,3344-ANT,SA10149,Entertainment Furniture,Outdoor Furniture,1,15.0,
31945,South Sea Rattan NC27409,180,South Sea Rattan,12193945935,650211357,2026-04-20,2026-05-26,,600,0,7724314,72091-GRY-D6311,UNRS7812,Outdoor,Outdoor Furniture,1,25.0,
31945,South Sea Rattan NC27409,180,South Sea Rattan,12101312963,652652869,2026-04-29,2026-05-20,,360,0,16744427,5443-WW,BYIL4650,Entertainment Furniture,Outdoor Furniture,1,15.0,
31945,South Sea Rattan NC27409,180,South Sea Rattan,12208251781,652622943,2026-04-29,2026-05-20,,360,0,39201491,3343-ANT,SA10148,Entertainment Furniture,Outdoor Furniture,1,15.0,
31945,South Sea Rattan NC27409,180,South Sea Rattan,12082971023,650907567,2026-04-24,2026-05-15,,360,0,28545158,10043-ASB,SA2747,Entertainment Furniture,Outdoor Furniture,1,15.0,
31945,South Sea Rattan NC27409,180,South Sea Rattan,12200855925,651115902,2026-04-25,2026-05-15,,360,1,39201489,3144-WAL,SA10146,Entertainment Furniture,Outdoor Furniture,1,15.0,
31945,South Sea Rattan NC27409,180,South Sea Rattan,12208556905,651296209,2026-04-25,2026-05-15,,360,1,14458627,1444-WW,BYIL4844,Entertainment Furniture,Outdoor Furniture,1,15.0,
31945,South Sea Rattan NC27409,180,South Sea Rattan,12051441263,648210230,2026-04-09,2026-05-14,,600,0,28573166,4321-WAL-A53026-1,BYIL4818,Furniture - Kitchen and Dining,Outdoor Furniture,1,25.0,
31945,South Sea Rattan NC27409,180,South Sea Rattan,12104930459,648170162,2026-04-09,2026-05-14,,600,0,28545185,10006-ASB-B27018-1,SA2750,Upholstery - Core,Outdoor Furniture,1,25.0,
31945,South Sea Rattan NC27409,180,South Sea Rattan,12198830862,650792535,2026-04-23,2026-05-14,,360,0,28545158,10043-ASB,SA2747,Entertainment Furniture,Outdoor Furniture,1,15.0,
31945,South Sea Rattan NC27409,180,South Sea Rattan,12179342291,650224996,2026-04-20,2026-05-11,,360,0,39201489,3144-WAL,SA10146,Entertainment Furniture,Outdoor Furniture,1,15.0,
31945,South Sea Rattan NC27409,180,South Sea Rattan,12144001545,646387050,2026-03-30,2026-05-05,,600,3,28545186,10006-ASB-B27019-1,SA2750,Upholstery - Core,Outdoor Furniture,1,25.0,
31945,South Sea Rattan NC27409,180,South Sea Rattan,11321081856,648735966,2026-04-12,2026-05-01,,360,0,56483039,72144-BOU,SA10258,Outdoor,Outdoor Furniture,1,15.0,
31945,South Sea Rattan NC27409,180,South Sea Rattan,11350304087,646776815,2026-04-01,2026-04-23,,360,0,28864274,73443-SND,SA2770,Outdoor,Outdoor Furniture,1,15.0,
31945,South Sea Rattan NC27409,180,South Sea Rattan,11988240523,643129359,2026-03-13,2026-04-20,,600,0,49285283,74101-DIAGRUSH-D33028-2,SA10227,Outdoor,Outdoor Furniture,1,25.0,
31945,South Sea Rattan NC27409,180,South Sea Rattan,12107779215,643585683,2026-03-15,2026-04-20,,600,0,28573166,4321-WAL-A53026-1,BYIL4818,Furniture - Kitchen and Dining,Outdoor Furniture,1,25.0,
31945,South Sea Rattan NC27409,180,South Sea Rattan,12085268261,642981497,2026-03-12,2026-04-17,,600,0,28573166,4321-WAL-A53026-1,BYIL4818,Furniture - Kitchen and Dining,Outdoor Furniture,1,25.0,
31945,South Sea Rattan NC27409,180,South Sea Rattan,11310288747,641020926,2026-03-01,2026-04-06,,600,0,39201466,3120-WAL-B4064,SA10143,Furniture - Kitchen and Dining,Outdoor Furniture,1,25.0,
31945,South Sea Rattan NC27409,180,South Sea Rattan,12045561099,643470408,2026-03-15,2026-04-06,,360,0,39201492,3344-ANT,SA10149,Entertainment Furniture,Outdoor Furniture,1,15.0,
31945,South Sea Rattan NC27409,180,South Sea Rattan,11259229826,639512446,2026-02-20,2026-03-27,,600,0,28545195,98006-BAH-B27018-1,SA2751,Upholstery - Core,Outdoor Furniture,1,25.0,
31945,South Sea Rattan NC27409,180,South Sea Rattan,11301497377,639780367,2026-02-22,2026-03-27,,600,0,28545186,10006-ASB-B27019-1,SA2750,Upholstery - Core,Outdoor Furniture,1,25.0,
31945,South Sea Rattan NC27409,180,South Sea Rattan,12074490461,642133386,2026-03-07,2026-03-17,,168,0,27758885,BR15-07-1824,FPRF1239,Furniture - Bedroom,Outdoor Furniture,1,7.0,
31945,South Sea Rattan NC27409,180,South Sea Rattan,12044006841,639750056,2026-02-22,2026-03-13,,360,0,9446624,77844-PEB,DABH1869,Entertainment Furniture,Outdoor Furniture,1,15.0,
31945,South Sea Rattan NC27409,180,South Sea Rattan,12073214842,641209248,2026-03-02,2026-03-11,,168,0,15822840,ST-BLA-EC48-D,FPRF1103,Entertainment Furniture,Outdoor Furniture,0,7.0,
31945,South Sea Rattan NC27409,180,South Sea Rattan,12004339492,635973285,2026-01-31,2026-03-06,,600,1,28573102,4306-WAL-C58003-B27019-1,BYIL4845,Upholstery - Core,Outdoor Furniture,1,25.0,
31945,South Sea Rattan NC27409,180,South Sea Rattan,11871467113,635258138,2026-01-26,2026-03-03,,600,0,5891174,1421-WW-A3304,BYIL4816,Furniture - Kitchen and Dining,Outdoor Furniture,0,25.0,
31945,South Sea Rattan NC27409,180,South Sea Rattan,11276313397,636534012,2026-02-03,2026-02-24,,360,0,28545158,10043-ASB,SA2747,Entertainment Furniture,Outdoor Furniture,1,15.0,
31945,South Sea Rattan NC27409,180,South Sea Rattan,11967943912,633438711,2026-01-15,2026-02-19,,600,0,39201568,3100-DININGSET2-WAL-B27017-1,SA10160,Furniture - Kitchen and Dining,Outdoor Furniture,1,25.0,
31945,South Sea Rattan NC27409,180,South Sea Rattan,11968839042,633503017,2026-01-15,2026-02-19,,600,0,39201838,3321-ANT-B27018-1,SA10182,Furniture - Kitchen and Dining,Outdoor Furniture,0,25.0,
31945,South Sea Rattan NC27409,180,South Sea Rattan,11936415302,631180438,2026-01-01,2026-02-09,,600,0,39201838,3321-ANT-B27018-1,SA10182,Furniture - Kitchen and Dining,Outdoor Furniture,1,25.0,
31945,South Sea Rattan NC27409,180,South Sea Rattan,11960572201,633712889,2026-01-17,2026-02-09,,360,0,39201489,3144-WAL,SA10146,Entertainment Furniture,Outdoor Furniture,1,15.0,
31945,South Sea Rattan NC27409,180,South Sea Rattan,11210626557,629011658,2025-12-18,2026-02-05,,600,0,28545180,10006-ASB-A3304,SA2750,Upholstery - Core,Outdoor Furniture,1,25.0,
31945,South Sea Rattan NC27409,180,South Sea Rattan,11202795617,628078518,2025-12-13,2026-01-30,,600,0,28545180,10006-ASB-A3304,SA2750,Upholstery - Core,Outdoor Furniture,1,25.0,
31945,South Sea Rattan NC27409,180,South Sea Rattan,11732520903,624848368,2025-11-29,2026-01-16,,600,1,28574614,72092-COF-D33012-2,UNRS7813,Outdoor,Outdoor Furniture,1,25.0,
31945,South Sea Rattan NC27409,180,South Sea Rattan,11810091125,624779527,2025-11-29,2026-01-16,,600,1,28573632,1420-WW-C58003-B27019-1,BYIL4831,Furniture - Kitchen and Dining,Outdoor Furniture,1,25.0,
31945,South Sea Rattan NC27409,180,South Sea Rattan,11846225601,624297060,2025-11-28,2026-01-16,,600,1,39201828,3320-ANT-B27018-1,SA10181,Furniture - Kitchen and Dining,Outdoor Furniture,1,25.0,
31945,South Sea Rattan NC27409,180,South Sea Rattan,11762124649,623755795,2025-11-26,2025-12-19,,360,1,39201491,3343-ANT,SA10148,Entertainment Furniture,Outdoor Furniture,1,15.0,
31945,South Sea Rattan NC27409,180,South Sea Rattan,11762127259,623755795,2025-11-26,2025-12-19,,360,1,39201492,3344-ANT,SA10149,Entertainment Furniture,Outdoor Furniture,1,15.0,
31945,South Sea Rattan NC27409,180,South Sea Rattan,11797148952,619505719,2025-11-06,2025-12-15,,600,0,39201476,3121-WAL-B4064,SA10144,Furniture - Kitchen and Dining,Outdoor Furniture,1,25.0,
31945,South Sea Rattan NC27409,180,South Sea Rattan,11794099062,619276831,2025-11-05,2025-12-12,,600,0,39201568,3100-DININGSET2-WAL-B27017-1,SA10160,Furniture - Kitchen and Dining,Outdoor Furniture,1,25.0,
31945,South Sea Rattan NC27409,180,South Sea Rattan,11771931891,618333550,2025-10-31,2025-12-09,,600,0,39201470,3121-WAL-A3304,SA10144,Furniture - Kitchen and Dining,Outdoor Furniture,1,25.0,
31945,South Sea Rattan NC27409,180,South Sea Rattan,11684576989,617830245,2025-10-29,2025-12-08,,600,0,14458627,1444-WW,BYIL4844,Entertainment Furniture,Outdoor Furniture,1,25.0,
31945,South Sea Rattan NC27409,180,South Sea Rattan,11684576999,617830245,2025-10-29,2025-12-08,,600,0,4735899,1443-WW,BYIL4834,Entertainment Furniture,Outdoor Furniture,1,25.0,
31945,South Sea Rattan NC27409,180,South Sea Rattan,11129687357,617341991,2025-10-27,2025-12-04,,600,0,28573166,4321-WAL-A53026-1,BYIL4818,Furniture - Kitchen and Dining,Outdoor Furniture,1,25.0,
31945,South Sea Rattan NC27409,180,South Sea Rattan,11792805861,619898768,2025-11-09,2025-12-02,,360,0,30396788,78343-RUW,HIDN6900,Outdoor,Outdoor Furniture,1,15.0,
31945,South Sea Rattan NC27409,180,South Sea Rattan,11792806161,619898768,2025-11-09,2025-12-02,,360,0,30396790,78344-RUW,HIDN6901,Outdoor,Outdoor Furniture,1,15.0,
31945,South Sea Rattan NC27409,180,South Sea Rattan,11623054443,616451990,2025-10-23,2025-12-01,,600,0,7724314,72091-GRY-D6311,UNRS7812,Outdoor,Outdoor Furniture,1,25.0,
31945,South Sea Rattan NC27409,180,South Sea Rattan,11726569421,614970288,2025-10-13,2025-11-17,,600,7,28574132,77806-PEB-D33008-2,DABH1875,Outdoor,Outdoor Furniture,1,25.0,
31945,South Sea Rattan NC27409,180,South Sea Rattan,11704064081,613366905,2025-10-03,2025-11-07,,600,7,28573166,4321-WAL-A53026-1,BYIL4818,Furniture - Kitchen and Dining,Outdoor Furniture,1,25.0,
31945,South Sea Rattan NC27409,180,South Sea Rattan,11683212682,613157155,2025-10-02,2025-11-06,,600,7,27336542,8620-WAL-C4712,BYIL4858,Outdoor,Outdoor Furniture,1,25.0,
31945,South Sea Rattan NC27409,180,South Sea Rattan,11614602243,615892379,2025-10-19,2025-10-28,,168,0,27758885,BR15-07-1824,FPRF1239,Furniture - Bedroom,Outdoor Furniture,1,7.0,
31945,South Sea Rattan NC27409,180,South Sea Rattan,11682037912,611036255,2025-09-18,2025-10-23,,600,7,28573644,1423-WW-B27018-1,BYIL4812,Upholstery - Core,Outdoor Furniture,1,25.0,
31945,South Sea Rattan NC27409,180,South Sea Rattan,11607348099,612265918,2025-09-26,2025-10-17,,360,7,39201757,3117-WAL-42RD,SA10176,Furniture - Kitchen and Dining,Outdoor Furniture,1,15.0,
31945,South Sea Rattan NC27409,180,South Sea Rattan,11041857506,609695759,2025-09-09,2025-10-14,,600,7,18943359,72091-COF-D6311,UNRS7812,Outdoor,Outdoor Furniture,1,25.0,
31945,South Sea Rattan NC27409,180,South Sea Rattan,11534910709,609676276,2025-09-09,2025-10-14,,600,7,39201662,3300-DININGCASTER-ANT-C4712,SA10185,Furniture - Kitchen and Dining,Outdoor Furniture,1,25.0,
31945,South Sea Rattan NC27409,180,South Sea Rattan,11574946869,609664141,2025-09-09,2025-10-14,,600,7,56482992,72101-BOU-E33024-2,SA10265,Outdoor,Outdoor Furniture,1,25.0,
31945,South Sea Rattan NC27409,180,South Sea Rattan,11713543395,613297617,2025-10-03,2025-10-14,,168,7,8596375,ER-BLC-EA48-D,FPRF1059,Entertainment Furniture,Outdoor Furniture,1,7.0,
31945,South Sea Rattan NC27409,180,South Sea Rattan,11567067309,609607332,2025-09-08,2025-10-13,,600,7,56482992,72101-BOU-E33024-2,SA10265,Outdoor,Outdoor Furniture,1,25.0,
31945,South Sea Rattan NC27409,180,South Sea Rattan,11506630053,607147355,2025-08-27,2025-10-02,,600,7,39201662,3300-DININGCASTER-ANT-C4712,SA10185,Furniture - Kitchen and Dining,Outdoor Furniture,1,25.0,
31945,South Sea Rattan NC27409,180,South Sea Rattan,11022103066,606805238,2025-08-25,2025-09-30,,600,7,3784653,77806-PEB-D6311,DABH1875,Outdoor,Outdoor Furniture,1,25.0,
31945,South Sea Rattan NC27409,180,South Sea Rattan,11624037535,606751080,2025-08-25,2025-09-30,,600,7,28574134,77806-PEB-D33011-2,DABH1875,Outdoor,Outdoor Furniture,1,25.0,
31945,South Sea Rattan NC27409,180,South Sea Rattan,11538807499,606642432,2025-08-24,2025-09-29,,600,7,28574661,75206-SPI-D33011-2,SA2115,Outdoor,Outdoor Furniture,1,25.0,
31945,South Sea Rattan NC27409,180,South Sea Rattan,11489094293,605710976,2025-08-19,2025-09-24,,600,7,39201659,3300-DININGCASTER-ANT-B27018-1,SA10185,Furniture - Kitchen and Dining,Outdoor Furniture,1,25.0,
31945,South Sea Rattan NC27409,180,South Sea Rattan,11648698492,608720457,2025-09-02,2025-09-23,,360,7,39201492,3344-ANT,SA10149,Entertainment Furniture,Outdoor Furniture,1,15.0,
31945,South Sea Rattan NC27409,180,South Sea Rattan,11040249377,605224186,2025-08-16,2025-09-22,,600,7,28574676,72091-COF-D33012-2,UNRS7812,Outdoor,Outdoor Furniture,1,25.0,
31945,South Sea Rattan NC27409,180,South Sea Rattan,11506946929,604089677,2025-08-09,2025-09-15,,600,7,9390266,1406-P-A3304,BYIL4830,Upholstery - Core,Outdoor Furniture,1,25.0,
31945,South Sea Rattan NC27409,180,South Sea Rattan,11506958789,604089677,2025-08-09,2025-09-15,,600,7,7464197,1420-P-A3304,BYIL4831,Furniture - Kitchen and Dining,Outdoor Furniture,1,25.0,
31945,South Sea Rattan NC27409,180,South Sea Rattan,11530419859,605980480,2025-08-21,2025-09-12,,360,7,39201489,3144-WAL,SA10146,Entertainment Furniture,Outdoor Furniture,1,15.0,
31945,South Sea Rattan NC27409,180,South Sea Rattan,11522175373,608584602,2025-09-02,2025-09-11,,168,7,5948079,7546-01,FPRF1001,Furniture - Bedroom,Outdoor Furniture,1,7.0,
31945,South Sea Rattan NC27409,180,South Sea Rattan,11463174523,603537042,2025-08-05,2025-09-10,,600,7,11230355,2406-WAL-A3304,BYIL4848,Upholstery - Core,Outdoor Furniture,1,25.0,
31945,South Sea Rattan NC27409,180,South Sea Rattan,11585158681,604625551,2025-08-12,2025-09-03,,360,7,16081480,75843-SHL,AGRV3637,Entertainment Furniture,Outdoor Furniture,1,15.0,
31945,South Sea Rattan NC27409,180,South Sea Rattan,11586583685,604017616,2025-08-09,2025-08-29,,360,7,30396788,78343-RUW,HIDN6900,Outdoor,Outdoor Furniture,1,15.0,
31945,South Sea Rattan NC27409,180,South Sea Rattan,10980549116,601110060,2025-07-23,2025-08-27,,600,7,28573212,2406-WAL-B27018-1,BYIL4848,Upholstery - Core,Outdoor Furniture,1,25.0,
31945,South Sea Rattan NC27409,180,South Sea Rattan,11003989676,604281059,2025-08-10,2025-08-19,,168,7,27758885,BR15-07-1824,FPRF1239,Furniture - Bedroom,Outdoor Furniture,1,7.0,
31945,South Sea Rattan NC27409,180,South Sea Rattan,11530972042,599983048,2025-07-15,2025-08-19,,600,7,39201745,3306-ANT-A3304,SA10174,Upholstery - Core,Outdoor Furniture,1,25.0,
31945,South Sea Rattan NC27409,180,South Sea Rattan,11479931312,601837282,2025-07-27,2025-08-15,,360,7,30396788,78343-RUW,HIDN6900,Outdoor,Outdoor Furniture,1,15.0,
31945,South Sea Rattan NC27409,180,South Sea Rattan,11446379889,599238078,2025-07-10,2025-08-14,,600,7,39705091,TPS18-G6608,SA10194,Bedding,Outdoor Furniture,1,25.0,
31945,South Sea Rattan NC27409,180,South Sea Rattan,11405058273,598738970,2025-07-07,2025-08-11,,600,7,28574133,77806-PEB-D33010-2,DABH1875,Outdoor,Outdoor Furniture,1,25.0,
31945,South Sea Rattan NC27409,180,South Sea Rattan,10957388906,597616114,2025-07-01,2025-08-08,,600,7,39201477,3121-WAL-C4712,SA10144,Furniture - Kitchen and Dining,Outdoor Furniture,1,25.0,
31945,South Sea Rattan NC27409,180,South Sea Rattan,11503493912,597895960,2025-07-02,2025-08-08,,600,7,28573167,4321-WAL-A53027-1,BYIL4818,Furniture - Kitchen and Dining,Outdoor Furniture,1,25.0,
31945,South Sea Rattan NC27409,180,South Sea Rattan,11509906925,598375548,2025-07-05,2025-08-08,,600,7,39705090,TPS18-F33009-2,SA10193,Bedding,Outdoor Furniture,1,25.0,
31945,South Sea Rattan NC27409,180,South Sea Rattan,11544200962,600897372,2025-07-22,2025-07-31,,168,7,27758885,BR15-07-1824,FPRF1239,Furniture - Bedroom,Outdoor Furniture,1,7.0,
31945,South Sea Rattan NC27409,180,South Sea Rattan,11431686239,597976294,2025-07-03,2025-07-25,,360,7,15227528,5443-P,BYIL4650,Entertainment Furniture,Outdoor Furniture,1,15.0,
238939,"Braxton Culler, Inc NC 27350",13208,"CCNC Operations, LLC dba Braxton Culler",12263031763,666001257,2026-07-04,2026-09-28,,1440,0,121569844,1023-073/OCEAN,BXCM1784,Accent Furniture,PG Upholstery - Core,0,60.0,
238939,"Braxton Culler, Inc NC 27350",13208,"CCNC Operations, LLC dba Braxton Culler",12427013442,668194629,2026-07-15,2026-09-24,,1200,0,120615454,848-021/CELERY,BXCM5157,Furniture - Bedroom,PG Upholstery - Core,0,50.0,
238939,"Braxton Culler, Inc NC 27350",13208,"CCNC Operations, LLC dba Braxton Culler",12292507389,663522796,2026-06-21,2026-09-04,,1200,0,120615454,848-021/CELERY,BXCM5157,Furniture - Bedroom,PG Upholstery - Core,0,50.0,
238939,"Braxton Culler, Inc NC 27350",13208,"CCNC Operations, LLC dba Braxton Culler",12370734495,663330435,2026-06-20,2026-09-04,,1200,0,120615454,848-021/CELERY,BXCM5157,Furniture - Bedroom,PG Upholstery - Core,0,50.0,
238939,"Braxton Culler, Inc NC 27350",13208,"CCNC Operations, LLC dba Braxton Culler",12425912422,668133946,2026-07-15,2026-09-02,,840,0,130069514,1023-094/0611-66/AGEDBARREL,BXCM5030,Accent Furniture,PG Upholstery - Core,0,35.0,
238939,"Braxton Culler, Inc NC 27350",13208,"CCNC Operations, LLC dba Braxton Culler",12420724652,668012166,2026-07-14,2026-09-01,,840,0,96984523,970-012/0120-61/NAVY,BXCM5029,Furniture - Kitchen and Dining,PG Upholstery - Core,0,35.0,
238939,"Braxton Culler, Inc NC 27350",13208,"CCNC Operations, LLC dba Braxton Culler",12412880132,667874832,2026-07-13,2026-08-31,,840,0,113063481,767-009M/0317-61,BXCM5143,Upholstery - Core,PG Upholstery - Core,0,35.0,
238939,"Braxton Culler, Inc NC 27350",13208,"CCNC Operations, LLC dba Braxton Culler",12414617112,667288077,2026-07-10,2026-08-28,,840,0,55218740,1046-094/0863-91/NAVY,BXCM3776,Accent Furniture,PG Upholstery - Core,0,35.0,
238939,"Braxton Culler, Inc NC 27350",13208,"CCNC Operations, LLC dba Braxton Culler",12414617262,667288077,2026-07-10,2026-08-28,,840,0,55218740,1046-094/0863-91/NAVY,BXCM3776,Accent Furniture,PG Upholstery - Core,0,35.0,
238939,"Braxton Culler, Inc NC 27350",13208,"CCNC Operations, LLC dba Braxton Culler",11424550976,664911710,2026-06-28,2026-08-21,,840,1,43716362,549-005/0865-91,BXCM1676,Upholstery - Core,PG Upholstery - Core,0,35.0,
238939,"Braxton Culler, Inc NC 27350",13208,"CCNC Operations, LLC dba Braxton Culler",11482204937,666341602,2026-07-05,2026-08-21,,840,0,130064041,809-094/0268-54/AGEDBARREL,BXCM4490,Accent Furniture,PG Upholstery - Core,0,35.0,
238939,"Braxton Culler, Inc NC 27350",13208,"CCNC Operations, LLC dba Braxton Culler",12257142263,665445857,2026-07-01,2026-08-21,,840,0,97007048,728-109/0256-54/ANTIQUEFROSTWHITE,BXCM4836,Upholstery - Core,PG Upholstery - Core,0,35.0,
238939,"Braxton Culler, Inc NC 27350",13208,"CCNC Operations, LLC dba Braxton Culler",12314432299,665156967,2026-06-29,2026-08-21,,840,0,151139593,973-009/6205-43/HONEY,BXCM1822,Upholstery - Core,PG Upholstery - Core,0,35.0,
238939,"Braxton Culler, Inc NC 27350",13208,"CCNC Operations, LLC dba Braxton Culler",12392674515,664997650,2026-06-28,2026-08-21,,840,0,96091136,705-109/0317-63/HAVANA,BXCM4063,Upholstery - Core,PG Upholstery - Core,0,35.0,
238939,"Braxton Culler, Inc NC 27350",13208,"CCNC Operations, LLC dba Braxton Culler",12407552405,666243902,2026-07-05,2026-08-21,,840,0,151576829,722-109W1/6205-74/HAVANA,BXCM4244,Upholstery - Core,PG Upholstery - Core,0,35.0,
238939,"Braxton Culler, Inc NC 27350",13208,"CCNC Operations, LLC dba Braxton Culler",11420309046,664122340,2026-06-24,2026-08-19,,840,1,117123033,1031-009/0425-63/HAZEL,BXCM4525,Upholstery - Core,PG Upholstery - Core,0,35.0,
238939,"Braxton Culler, Inc NC 27350",13208,"CCNC Operations, LLC dba Braxton Culler",12349045679,668084545,2026-07-15,2026-08-19,,600,0,130053073,1023-072/AGEDBARREL,BXCM1783,Entertainment Furniture,PG Upholstery - Core,0,25.0,
238939,"Braxton Culler, Inc NC 27350",13208,"CCNC Operations, LLC dba Braxton Culler",12423571952,667980745,2026-07-14,2026-08-18,,600,0,25866940,914-071/HONEY,BXCL1149,Entertainment Furniture,PG Upholstery - Core,0,25.0,
238939,"Braxton Culler, Inc NC 27350",13208,"CCNC Operations, LLC dba Braxton Culler",11483110497,667736307,2026-07-13,2026-08-17,,600,0,107543450,809-144G/STONEHEARTH,BXCM4487,Furniture - Bedroom,PG Upholstery - Core,0,25.0,
238939,"Braxton Culler, Inc NC 27350",13208,"CCNC Operations, LLC dba Braxton Culler",12374138852,667873683,2026-07-13,2026-08-17,,600,0,130076598,807-020/PUMICE,BXCM1655,Furniture - Bedroom,PG Upholstery - Core,0,25.0,
238939,"Braxton Culler, Inc NC 27350",13208,"CCNC Operations, LLC dba Braxton Culler",12409368131,667736036,2026-07-13,2026-08-17,,600,0,41693028,1977-075/GL0999-098/HONEY,BXCM1667,Furniture - Kitchen and Dining,PG Upholstery - Core,0,25.0,
238939,"Braxton Culler, Inc NC 27350",13208,"CCNC Operations, LLC dba Braxton Culler",11462887867,663246652,2026-06-19,2026-08-14,,840,0,96985746,970-012/0863-91/COFFEE,BXCM5029,Furniture - Kitchen and Dining,PG Upholstery - Core,0,35.0,
238939,"Braxton Culler, Inc NC 27350",13208,"CCNC Operations, LLC dba Braxton Culler",12235721679,659440653,2026-05-31,2026-08-14,,1200,0,120615454,848-021/CELERY,BXCM5157,Furniture - Bedroom,PG Upholstery - Core,1,50.0,
238939,"Braxton Culler, Inc NC 27350",13208,"CCNC Operations, LLC dba Braxton Culler",12277756813,667401053,2026-07-11,2026-08-14,,600,0,107543432,809-144G/ANTIQUEFROST,BXCM4487,Furniture - Bedroom,PG Upholstery - Core,0,25.0,
238939,"Braxton Culler, Inc NC 27350",13208,"CCNC Operations, LLC dba Braxton Culler",12343184689,667663004,2026-07-12,2026-08-14,,600,0,92022355,907-171/SEAGLASS,BXCL1145,Entertainment Furniture,PG Upholstery - Core,0,25.0,
238939,"Braxton Culler, Inc NC 27350",13208,"CCNC Operations, LLC dba Braxton Culler",12354150981,663267399,2026-06-19,2026-08-14,,840,0,96985988,1023-094/0126-73/COFFEE,BXCM5030,Accent Furniture,PG Upholstery - Core,0,35.0,
238939,"Braxton Culler, Inc NC 27350",13208,"CCNC Operations, LLC dba Braxton Culler",12357335951,663469943,2026-06-21,2026-08-14,,840,0,151576584,722-109W1/0210-61/HAVANA,BXCM4244,Upholstery - Core,PG Upholstery - Core,0,35.0,
238939,"Braxton Culler, Inc NC 27350",13208,"CCNC Operations, LLC dba Braxton Culler",12362166042,663025231,2026-06-18,2026-08-13,,840,0,151576868,722-109W1/0448-64/PUMICE,BXCM4244,Upholstery - Core,PG Upholstery - Core,0,35.0,
238939,"Braxton Culler, Inc NC 27350",13208,"CCNC Operations, LLC dba Braxton Culler",12416421495,667058537,2026-07-09,2026-08-13,,600,0,132839362,838-072/FLAX,BXCM5133,Entertainment Furniture,PG Upholstery - Core,0,25.0,
238939,"Braxton Culler, Inc NC 27350",13208,"CCNC Operations, LLC dba Braxton Culler",12271572613,666875313,2026-07-08,2026-08-12,,600,0,121569856,1031-122/OCEAN,BXCM4528,Entertainment Furniture,PG Upholstery - Core,0,25.0,
238939,"Braxton Culler, Inc NC 27350",13208,"CCNC Operations, LLC dba Braxton Culler",12334565899,666986730,2026-07-08,2026-08-12,,600,0,65523490,1031-122/SEAGLASS,BXCM4528,Entertainment Furniture,PG Upholstery - Core,0,25.0,
238939,"Braxton Culler, Inc NC 27350",13208,"CCNC Operations, LLC dba Braxton Culler",11435633096,666717421,2026-07-07,2026-08-11,,600,0,130053177,1031-072/PUMICE,BXCM4523,Entertainment Furniture,PG Upholstery - Core,0,25.0,
238939,"Braxton Culler, Inc NC 27350",13208,"CCNC Operations, LLC dba Braxton Culler",11435633476,666717421,2026-07-07,2026-08-11,,600,0,130053167,1031-071/PUMICE,BXCM4529,Entertainment Furniture,PG Upholstery - Core,0,25.0,
238939,"Braxton Culler, Inc NC 27350",13208,"CCNC Operations, LLC dba Braxton Culler",11484303107,666723569,2026-07-07,2026-08-11,,600,0,65523467,1031-122/ANTFROSTWHITE,BXCM4528,Entertainment Furniture,PG Upholstery - Core,0,25.0,
238939,"Braxton Culler, Inc NC 27350",13208,"CCNC Operations, LLC dba Braxton Culler",12221147133,662751607,2026-06-16,2026-08-11,,840,0,96985261,970-012/0611-66/CELERY,BXCM5029,Furniture - Kitchen and Dining,PG Upholstery - Core,0,35.0,
238939,"Braxton Culler, Inc NC 27350",13208,"CCNC Operations, LLC dba Braxton Culler",12331692259,666743094,2026-07-07,2026-08-11,,600,0,65519116,1031-072/SEAGLASS,BXCM4523,Entertainment Furniture,PG Upholstery - Core,0,25.0,
238939,"Braxton Culler, Inc NC 27350",13208,"CCNC Operations, LLC dba Braxton Culler",11406732216,662471032,2026-06-15,2026-08-10,,840,0,151576793,722-109W1/0344-63/TRUFFLE,BXCM4244,Upholstery - Core,PG Upholstery - Core,0,35.0,
238939,"Braxton Culler, Inc NC 27350",13208,"CCNC Operations, LLC dba Braxton Culler",12250193715,654735175,2026-05-10,2026-08-10,,1440,0,50079182,1023-073/FROSTWHITE,BXCM1784,Accent Furniture,PG Upholstery - Core,1,60.0,
238939,"Braxton Culler, Inc NC 27350",13208,"CCNC Operations, LLC dba Braxton Culler",12329915389,666563046,2026-07-06,2026-08-10,,600,0,50078506,1023-071/NAVY,BXCM1782,Entertainment Furniture,PG Upholstery - Core,0,25.0,
238939,"Braxton Culler, Inc NC 27350",13208,"CCNC Operations, LLC dba Braxton Culler",12395047701,666590901,2026-07-06,2026-08-10,,600,0,126211011,1045-273/AGEDBARREL,BXCM5146,Accent Furniture,PG Upholstery - Core,0,25.0,
238939,"Braxton Culler, Inc NC 27350",13208,"CCNC Operations, LLC dba Braxton Culler",11430657396,665852735,2026-07-03,2026-08-07,,600,0,65519092,1031-072/ANTBLACK,BXCM4523,Entertainment Furniture,PG Upholstery - Core,0,25.0,
238939,"Braxton Culler, Inc NC 27350",13208,"CCNC Operations, LLC dba Braxton Culler",11430867126,665890376,2026-07-03,2026-08-07,,600,0,65523490,1031-122/SEAGLASS,BXCM4528,Entertainment Furniture,PG Upholstery - Core,0,25.0,
238939,"Braxton Culler, Inc NC 27350",13208,"CCNC Operations, LLC dba Braxton Culler",12251002683,664961884,2026-06-28,2026-08-07,,600,0,92022407,914-072/BRASS,BXCL1150,Entertainment Furniture,PG Upholstery - Core,0,25.0,
238939,"Braxton Culler, Inc NC 27350",13208,"CCNC Operations, LLC dba Braxton Culler",12317267499,665376416,2026-06-30,2026-08-07,,600,0,95661568,1977-075/GL0999-098/CELERY,BXCM1667,Furniture - Kitchen and Dining,PG Upholstery - Core,0,25.0,
238939,"Braxton Culler, Inc NC 27350",13208,"CCNC Operations, LLC dba Braxton Culler",12323324679,665915128,2026-07-03,2026-08-07,,600,0,112879743,838-044/HAZEL,BXCM5139,Furniture - Bedroom,PG Upholstery - Core,0,25.0,
238939,"Braxton Culler, Inc NC 27350",13208,"CCNC Operations, LLC dba Braxton Culler",12360579581,664457897,2026-06-26,2026-08-07,,600,0,107543432,809-144G/ANTIQUEFROST,BXCM4487,Furniture - Bedroom,PG Upholstery - Core,0,25.0,
238939,"Braxton Culler, Inc NC 27350",13208,"CCNC Operations, LLC dba Braxton Culler",12383937372,664643008,2026-06-27,2026-08-07,,600,0,65523472,1031-122/CELERY,BXCM4528,Entertainment Furniture,PG Upholstery - Core,0,25.0,
238939,"Braxton Culler, Inc NC 27350",13208,"CCNC Operations, LLC dba Braxton Culler",12383937812,664643008,2026-06-27,2026-08-07,,600,0,65523472,1031-122/CELERY,BXCM4528,Entertainment Furniture,PG Upholstery - Core,0,25.0,
238939,"Braxton Culler, Inc NC 27350",13208,"CCNC Operations, LLC dba Braxton Culler",12389039101,666013323,2026-07-04,2026-08-07,,600,0,92023025,1023-071/SEAGLASS,BXCM1782,Entertainment Furniture,PG Upholstery - Core,0,25.0,
238939,"Braxton Culler, Inc NC 27350",13208,"CCNC Operations, LLC dba Braxton Culler",12389924282,665118738,2026-06-29,2026-08-07,,600,0,107543435,809-144G/NAVY,BXCM4487,Furniture - Bedroom,PG Upholstery - Core,0,25.0,
238939,"Braxton Culler, Inc NC 27350",13208,"CCNC Operations, LLC dba Braxton Culler",12391501961,666230979,2026-07-05,2026-08-07,,600,0,107543493,809-044G/SEAGLASS,BXCM4486,Furniture - Bedroom,PG Upholstery - Core,0,25.0,
238939,"Braxton Culler, Inc NC 27350",13208,"CCNC Operations, LLC dba Braxton Culler",12392817141,666356925,2026-07-05,2026-08-07,,600,0,121569828,1024-122/SEAGLASS,BXCM1641,Entertainment Furniture,PG Upholstery - Core,0,25.0,
238939,"Braxton Culler, Inc NC 27350",13208,"CCNC Operations, LLC dba Braxton Culler",12397982822,665799292,2026-07-03,2026-08-07,,600,0,129448780,1071-022/ANTBLACK,BXCM5706,Entertainment Furniture,PG Upholstery - Core,0,25.0,
238939,"Braxton Culler, Inc NC 27350",13208,"CCNC Operations, LLC dba Braxton Culler",12402465162,666195971,2026-07-05,2026-08-07,,600,0,130052887,914-072/AGEDBARREL,BXCL1150,Entertainment Furniture,PG Upholstery - Core,0,25.0,
238939,"Braxton Culler, Inc NC 27350",13208,"CCNC Operations, LLC dba Braxton Culler",12408571845,666343505,2026-07-05,2026-08-07,,600,0,133327482,818-044/MINERAL,BXCL1785,Furniture - Bedroom,PG Upholstery - Core,0,25.0,
238939,"Braxton Culler, Inc NC 27350",13208,"CCNC Operations, LLC dba Braxton Culler",80138811480,665028815,2026-06-29,2026-08-07,,600,0,95661575,1977-075/GL0999-098/COFFEE,BXCM1667,Furniture - Kitchen and Dining,PG Upholstery - Core,0,25.0,
238939,"Braxton Culler, Inc NC 27350",13208,"CCNC Operations, LLC dba Braxton Culler",80139606820,665342728,2026-06-30,2026-08-07,,600,0,65523483,1031-122/HONEY,BXCM4528,Entertainment Furniture,PG Upholstery - Core,0,25.0,
238939,"Braxton Culler, Inc NC 27350",13208,"CCNC Operations, LLC dba Braxton Culler",11468593607,664297897,2026-06-25,2026-08-06,,600,0,115199509,809-044G/OCEAN,BXCM4486,Furniture - Bedroom,PG Upholstery - Core,0,25.0,
238939,"Braxton Culler, Inc NC 27350",13208,"CCNC Operations, LLC dba Braxton Culler",12266319999,661639039,2026-06-11,2026-08-06,,840,0,126214117,1046-194/0863-93/TRUFFLE,BXCM3777,Accent Furniture,PG Upholstery - Core,0,35.0,
238939,"Braxton Culler, Inc NC 27350",13208,"CCNC Operations, LLC dba Braxton Culler",12302144089,664190909,2026-06-24,2026-08-05,,600,0,107543503,809-144G/HONEY,BXCM4487,Furniture - Bedroom,PG Upholstery - Core,0,25.0,
238939,"Braxton Culler, Inc NC 27350",13208,"CCNC Operations, LLC dba Braxton Culler",12377219802,664077719,2026-06-24,2026-08-05,,600,0,130053384,818-144/AGEDBARREL,BXCL1753,Furniture - Bedroom,PG Upholstery - Core,0,25.0,
238939,"Braxton Culler, Inc NC 27350",13208,"CCNC Operations, LLC dba Braxton Culler",12338246875,661254914,2026-06-09,2026-08-04,,840,0,134050091,1922-012/0886-91/FLAX,BXCM5641,Furniture - Kitchen and Dining,PG Upholstery - Core,0,35.0,
238939,"Braxton Culler, Inc NC 27350",13208,"CCNC Operations, LLC dba Braxton Culler",12296668909,663748838,2026-06-22,2026-08-03,,600,0,65519116,1031-072/SEAGLASS,BXCM4523,Entertainment Furniture,PG Upholstery - Core,0,25.0,
238939,"Braxton Culler, Inc NC 27350",13208,"CCNC Operations, LLC dba Braxton Culler",12351391555,662102048,2026-06-14,2026-08-03,,600,0,92023021,1023-071/CELERY,BXCM1782,Entertainment Furniture,PG Upholstery - Core,0,25.0,
238939,"Braxton Culler, Inc NC 27350",13208,"CCNC Operations, LLC dba Braxton Culler",12288171159,663216821,2026-06-19,2026-07-31,,600,0,121569840,1023-072/PACIFIC,BXCM1783,Entertainment Furniture,PG Upholstery - Core,1,25.0,
238939,"Braxton Culler, Inc NC 27350",13208,"CCNC Operations, LLC dba Braxton Culler",12289196819,663269110,2026-06-19,2026-07-31,,600,0,132839485,914-071/FLAX,BXCL1149,Entertainment Furniture,PG Upholstery - Core,0,25.0,
238939,"Braxton Culler, Inc NC 27350",13208,"CCNC Operations, LLC dba Braxton Culler",80126962420,660488358,2026-06-05,2026-07-31,,840,0,96985085,970-012/0321-91/CELERY,BXCM5029,Furniture - Kitchen and Dining,PG Upholstery - Core,0,35.0,
238939,"Braxton Culler, Inc NC 27350",13208,"CCNC Operations, LLC dba Braxton Culler",12353141945,663021294,2026-06-18,2026-07-30,,600,0,107543493,809-044G/SEAGLASS,BXCM4486,Furniture - Bedroom,PG Upholstery - Core,0,25.0,
238939,"Braxton Culler, Inc NC 27350",13208,"CCNC Operations, LLC dba Braxton Culler",12207533101,652572452,2026-04-29,2026-07-29,,1440,0,50079185,1023-073/HAVANA,BXCM1784,Accent Furniture,PG Upholstery - Core,1,60.0,
238939,"Braxton Culler, Inc NC 27350",13208,"CCNC Operations, LLC dba Braxton Culler",12222994413,662878035,2026-06-17,2026-07-29,,600,0,121569822,1024-122/COFFEE,BXCM1641,Entertainment Furniture,PG Upholstery - Core,0,25.0,
238939,"Braxton Culler, Inc NC 27350",13208,"CCNC Operations, LLC dba Braxton Culler",12244278929,660144678,2026-06-03,2026-07-29,,840,0,64848252,1046-009/0884-93/ANTBLACK,BXCM3779,Upholstery - Core,PG Upholstery - Core,0,35.0,
238939,"Braxton Culler, Inc NC 27350",13208,"CCNC Operations, LLC dba Braxton Culler",12276986189,662849919,2026-06-17,2026-07-29,,600,0,112879569,838-071/OCEAN,BXCM5134,Entertainment Furniture,PG Upholstery - Core,0,25.0,
238939,"Braxton Culler, Inc NC 27350",13208,"CCNC Operations, LLC dba Braxton Culler",11459105057,662679563,2026-06-16,2026-07-28,,600,0,92022458,953-071/HAVANA,BXCL1160,Entertainment Furniture,PG Upholstery - Core,0,25.0,
238939,"Braxton Culler, Inc NC 27350",13208,"CCNC Operations, LLC dba Braxton Culler",12300447422,659097330,2026-05-29,2026-07-24,,840,0,96987182,1023-094/0865-91/HONEY,BXCM5030,Accent Furniture,PG Upholstery - Core,0,35.0,
238939,"Braxton Culler, Inc NC 27350",13208,"CCNC Operations, LLC dba Braxton Culler",12335733961,662068217,2026-06-13,2026-07-24,,600,0,107543422,809-044G/NAVY,BXCM4486,Furniture - Bedroom,PG Upholstery - Core,1,25.0,
238939,"Braxton Culler, Inc NC 27350",13208,"CCNC Operations, LLC dba Braxton Culler",12343074832,661752648,2026-06-12,2026-07-24,,600,0,129448368,1912-122/AGEDBARREL,BXCM5701,Entertainment Furniture,PG Upholstery - Core,0,25.0,
238939,"Braxton Culler, Inc NC 27350",13208,"CCNC Operations, LLC dba Braxton Culler",12343322122,661766571,2026-06-12,2026-07-24,,600,0,92022326,907-171/ANTFROSTWHITE,BXCL1145,Entertainment Furniture,PG Upholstery - Core,1,25.0,
238939,"Braxton Culler, Inc NC 27350",13208,"CCNC Operations, LLC dba Braxton Culler",12347645462,662121599,2026-06-14,2026-07-24,,600,0,107543435,809-144G/NAVY,BXCM4487,Furniture - Bedroom,PG Upholstery - Core,0,25.0,
238939,"Braxton Culler, Inc NC 27350",13208,"CCNC Operations, LLC dba Braxton Culler",12337716762,661668272,2026-06-11,2026-07-23,,600,0,107543422,809-044G/NAVY,BXCM4486,Furniture - Bedroom,PG Upholstery - Core,1,25.0,
238939,"Braxton Culler, Inc NC 27350",13208,"CCNC Operations, LLC dba Braxton Culler",11562741951,661378054,2026-06-10,2026-07-22,,600,0,89428986,818-144/NAVY,BXCL1753,Furniture - Bedroom,PG Upholstery - Core,0,25.0,
238939,"Braxton Culler, Inc NC 27350",13208,"CCNC Operations, LLC dba Braxton Culler",12264561569,661520054,2026-06-10,2026-07-22,,600,0,82263803,934-072/FROSTWHITE,BXCL1152,Entertainment Furniture,PG Upholstery - Core,1,25.0,
238939,"Braxton Culler, Inc NC 27350",13208,"CCNC Operations, LLC dba Braxton Culler",11392183166,661209267,2026-06-09,2026-07-21,,600,0,89428989,818-144/SEAGLASS,BXCL1753,Furniture - Bedroom,PG Upholstery - Core,1,25.0,
238939,"Braxton Culler, Inc NC 27350",13208,"CCNC Operations, LLC dba Braxton Culler",12334912122,661269520,2026-06-09,2026-07-21,,600,0,65045654,809-044/CELERY,BXCM4486,Furniture - Bedroom,PG Upholstery - Core,1,25.0,
238939,"Braxton Culler, Inc NC 27350",13208,"CCNC Operations, LLC dba Braxton Culler",11421959157,657214419,2026-05-22,2026-07-20,,840,0,64848773,1046-009/0126-63/BLACK,BXCM3779,Upholstery - Core,PG Upholstery - Core,1,35.0,
238939,"Braxton Culler, Inc NC 27350",13208,"CCNC Operations, LLC dba Braxton Culler",11424968577,657651142,2026-05-23,2026-07-20,,840,0,92022314,1064-029WS/HONEY,BXCL1684,Furniture - Kitchen and Dining,PG Upholstery - Core,0,35.0,
238939,"Braxton Culler, Inc NC 27350",13208,"CCNC Operations, LLC dba Braxton Culler",11427994627,658172056,2026-05-25,2026-07-20,,840,0,65363572,546-009/0863-84,BXCM4522,Upholstery - Core,PG Upholstery - Core,1,35.0,
238939,"Braxton Culler, Inc NC 27350",13208,"CCNC Operations, LLC dba Braxton Culler",11449087337,661188658,2026-06-09,2026-07-20,,600,0,121573497,809-144G/NICKEL,BXCM4487,Furniture - Bedroom,PG Upholstery - Core,0,25.0,
238939,"Braxton Culler, Inc NC 27350",13208,"CCNC Operations, LLC dba Braxton Culler",12221688019,658281517,2026-05-25,2026-07-20,,840,0,65363531,546-009/0126-63,BXCM4522,Upholstery - Core,PG Upholstery - Core,1,35.0,
238939,"Braxton Culler, Inc NC 27350",13208,"CCNC Operations, LLC dba Braxton Culler",12283007395,657340289,2026-05-22,2026-07-20,,840,0,116807359,520-009/0425-53/HAVANA,BXCL1512,Upholstery - Core,PG Upholstery - Core,1,35.0,
238939,"Braxton Culler, Inc NC 27350",13208,"CCNC Operations, LLC dba Braxton Culler",12307375722,661040760,2026-06-08,2026-07-20,,600,0,92022384,914-071/HAVANA,BXCL1149,Entertainment Furniture,PG Upholstery - Core,1,25.0,
238939,"Braxton Culler, Inc NC 27350",13208,"CCNC Operations, LLC dba Braxton Culler",12332770772,661142332,2026-06-08,2026-07-20,,600,0,130076600,807-026/PUMICE,BXCM1655,Furniture - Bedroom,PG Upholstery - Core,1,25.0,
238939,"Braxton Culler, Inc NC 27350",13208,"CCNC Operations, LLC dba Braxton Culler",11447071967,660830724,2026-06-07,2026-07-17,,600,0,27774923,818-044/BISQUE,BXCL1785,Furniture - Bedroom,PG Upholstery - Core,0,25.0,
238939,"Braxton Culler, Inc NC 27350",13208,"CCNC Operations, LLC dba Braxton Culler",12152017693,657176457,2026-05-21,2026-07-17,,840,0,65363527,539-005/0884-91,BXCM4518,Upholstery - Core,PG Upholstery - Core,1,35.0,
238939,"Braxton Culler, Inc NC 27350",13208,"CCNC Operations, LLC dba Braxton Culler",12190600913,660528218,2026-06-05,2026-07-17,,600,0,92023025,1023-071/SEAGLASS,BXCM1782,Entertainment Furniture,PG Upholstery - Core,1,25.0,
238939,"Braxton Culler, Inc NC 27350",13208,"CCNC Operations, LLC dba Braxton Culler",12322645472,660539989,2026-06-05,2026-07-17,,600,0,107543493,809-044G/SEAGLASS,BXCM4486,Furniture - Bedroom,PG Upholstery - Core,1,25.0,
238939,"Braxton Culler, Inc NC 27350",13208,"CCNC Operations, LLC dba Braxton Culler",12324465342,660634879,2026-06-06,2026-07-17,,600,0,115199532,807-026/OCEAN,BXCM1655,Furniture - Bedroom,PG Upholstery - Core,1,25.0,
238939,"Braxton Culler, Inc NC 27350",13208,"CCNC Operations, LLC dba Braxton Culler",12324625972,660645297,2026-06-06,2026-07-17,,600,0,126210936,838-044/AGEDBARREL,BXCM5139,Furniture - Bedroom,PG Upholstery - Core,1,25.0,
238939,"Braxton Culler, Inc NC 27350",13208,"CCNC Operations, LLC dba Braxton Culler",12326949845,660575808,2026-06-06,2026-07-17,,600,0,107543493,809-044G/SEAGLASS,BXCM4486,Furniture - Bedroom,PG Upholstery - Core,1,25.0,
238939,"Braxton Culler, Inc NC 27350",13208,"CCNC Operations, LLC dba Braxton Culler",80127057130,660541289,2026-06-05,2026-07-17,,600,0,65519116,1031-072/SEAGLASS,BXCM4523,Entertainment Furniture,PG Upholstery - Core,0,25.0,
238939,"Braxton Culler, Inc NC 27350",13208,"CCNC Operations, LLC dba Braxton Culler",11443793627,660357634,2026-06-04,2026-07-16,,600,0,130354090,809-044G/MINERAL,BXCM4486,Furniture - Bedroom,PG Upholstery - Core,1,25.0,
238939,"Braxton Culler, Inc NC 27350",13208,"CCNC Operations, LLC dba Braxton Culler",12262201761,656881725,2026-05-20,2026-07-16,,840,0,96985877,970-012/0886-91/CELERY,BXCM5029,Furniture - Kitchen and Dining,PG Upholstery - Core,1,35.0,
238939,"Braxton Culler, Inc NC 27350",13208,"CCNC Operations, LLC dba Braxton Culler",12319211482,660314556,2026-06-04,2026-07-16,,600,0,107543503,809-144G/HONEY,BXCM4487,Furniture - Bedroom,PG Upholstery - Core,0,25.0,
238939,"Braxton Culler, Inc NC 27350",13208,"CCNC Operations, LLC dba Braxton Culler",12322765495,660305029,2026-06-04,2026-07-16,,600,0,92023025,1023-071/SEAGLASS,BXCM1782,Entertainment Furniture,PG Upholstery - Core,1,25.0,
238939,"Braxton Culler, Inc NC 27350",13208,"CCNC Operations, LLC dba Braxton Culler",12223599342,656746689,2026-05-19,2026-07-15,,840,0,126211878,1046-194/0863-91/AGEDBARREL,BXCM3777,Accent Furniture,PG Upholstery - Core,1,35.0,
238939,"Braxton Culler, Inc NC 27350",13208,"CCNC Operations, LLC dba Braxton Culler",12316062952,660125377,2026-06-03,2026-07-15,,600,0,27529517,979-075/GL0999-061/Bisque,BXCL1175,Furniture - Kitchen and Dining,PG Upholstery - Core,1,25.0,
238939,"Braxton Culler, Inc NC 27350",13208,"CCNC Operations, LLC dba Braxton Culler",12319268945,660089368,2026-06-03,2026-07-15,,600,0,121569828,1024-122/SEAGLASS,BXCM1641,Entertainment Furniture,PG Upholstery - Core,0,25.0,
238939,"Braxton Culler, Inc NC 27350",13208,"CCNC Operations, LLC dba Braxton Culler",12319268985,660089368,2026-06-03,2026-07-15,,600,0,65523488,1031-122/NAVY,BXCM4528,Entertainment Furniture,PG Upholstery - Core,0,25.0,
238939,"Braxton Culler, Inc NC 27350",13208,"CCNC Operations, LLC dba Braxton Culler",12314011192,659990911,2026-06-02,2026-07-14,,600,0,107543493,809-044G/SEAGLASS,BXCM4486,Furniture - Bedroom,PG Upholstery - Core,1,25.0,
238939,"Braxton Culler, Inc NC 27350",13208,"CCNC Operations, LLC dba Braxton Culler",12316250765,659902858,2026-06-02,2026-07-14,,600,0,92022332,907-171/CELERY,BXCL1145,Entertainment Furniture,PG Upholstery - Core,1,25.0,
238939,"Braxton Culler, Inc NC 27350",13208,"CCNC Operations, LLC dba Braxton Culler",11411430497,655742184,2026-05-15,2026-07-13,,840,0,55220047,1046-194/0865-91/SEAGLASS,BXCM3777,Accent Furniture,PG Upholstery - Core,1,35.0,
238939,"Braxton Culler, Inc NC 27350",13208,"CCNC Operations, LLC dba Braxton Culler",11412789137,655910302,2026-05-16,2026-07-13,,840,0,64523610,520-009/0120-81/BLACK,BXCL1512,Upholstery - Core,PG Upholstery - Core,0,35.0,
238939,"Braxton Culler, Inc NC 27350",13208,"CCNC Operations, LLC dba Braxton Culler",11390843166,659595566,2026-05-31,2026-07-10,,600,0,92022700,1054-073/COFFEE,BXCM1606,Accent Furniture,PG Upholstery - Core,1,25.0,
238939,"Braxton Culler, Inc NC 27350",13208,"CCNC Operations, LLC dba Braxton Culler",12236824989,659530899,2026-05-31,2026-07-10,,600,0,65523488,1031-122/NAVY,BXCM4528,Entertainment Furniture,PG Upholstery - Core,0,25.0,
238939,"Braxton Culler, Inc NC 27350",13208,"CCNC Operations, LLC dba Braxton Culler",12260364485,655544562,2026-05-14,2026-07-10,,840,0,129799782,9740-009/0220-61/HONEY,BXCM5723,Upholstery - Core,PG Upholstery - Core,1,35.0,
238939,"Braxton Culler, Inc NC 27350",13208,"CCNC Operations, LLC dba Braxton Culler",12289334801,659142104,2026-05-29,2026-07-10,,600,0,27529521,979-075/GL0999-061/Celery,BXCL1175,Furniture - Kitchen and Dining,PG Upholstery - Core,1,25.0,
238939,"Braxton Culler, Inc NC 27350",13208,"CCNC Operations, LLC dba Braxton Culler",12292896921,659354970,2026-05-30,2026-07-10,,600,0,121573683,979-075/GL0999-098/HAZEL,BXCL1175,Furniture - Kitchen and Dining,PG Upholstery - Core,0,25.0,
238939,"Braxton Culler, Inc NC 27350",13208,"CCNC Operations, LLC dba Braxton Culler",12304392532,659347151,2026-05-30,2026-07-10,,600,0,113143757,1045-273/BRASS,BXCM5146,Accent Furniture,PG Upholstery - Core,0,25.0,
238939,"Braxton Culler, Inc NC 27350",13208,"CCNC Operations, LLC dba Braxton Culler",12301188905,658923097,2026-05-28,2026-07-09,,600,0,132874407,1023-071/FLAX,BXCM1782,Entertainment Furniture,PG Upholstery - Core,1,25.0,
238939,"Braxton Culler, Inc NC 27350",13208,"CCNC Operations, LLC dba Braxton Culler",11384264616,658619391,2026-05-26,2026-07-07,,600,0,65523454,1031-071/HONEY,BXCM4529,Entertainment Furniture,PG Upholstery - Core,1,25.0,
238939,"Braxton Culler, Inc NC 27350",13208,"CCNC Operations, LLC dba Braxton Culler",12126375563,654923211,2026-05-11,2026-07-07,,840,0,126213375,1046-194/0742-83/AGEDBARREL,BXCM3777,Accent Furniture,PG Upholstery - Core,0,35.0,
238939,"Braxton Culler, Inc NC 27350",13208,"CCNC Operations, LLC dba Braxton Culler",12297039755,658670682,2026-05-26,2026-07-07,,600,0,113150417,1048-071/ANTIQUEBLACK,BXCM5149,Entertainment Furniture,PG Upholstery - Core,1,25.0,
238939,"Braxton Culler, Inc NC 27350",13208,"CCNC Operations, LLC dba Braxton Culler",11376828096,657331307,2026-05-22,2026-07-06,,600,0,121568671,1054-073/OCEAN,BXCM1606,Accent Furniture,PG Upholstery - Core,1,25.0,
238939,"Braxton Culler, Inc NC 27350",13208,"CCNC Operations, LLC dba Braxton Culler",11376834906,657332258,2026-05-22,2026-07-06,,600,0,121568671,1054-073/OCEAN,BXCM1606,Accent Furniture,PG Upholstery - Core,1,25.0,
238939,"Braxton Culler, Inc NC 27350",13208,"CCNC Operations, LLC dba Braxton Culler",11377346986,657399116,2026-05-22,2026-07-06,,600,0,41438764,1024-022/HONEY,BXCM1640,Entertainment Furniture,PG Upholstery - Core,1,25.0,
238939,"Braxton Culler, Inc NC 27350",13208,"CCNC Operations, LLC dba Braxton Culler",11382680026,658331028,2026-05-25,2026-07-06,,600,0,130053364,818-044/AGEDBARREL,BXCL1785,Furniture - Bedroom,PG Upholstery - Core,0,25.0,
238939,"Braxton Culler, Inc NC 27350",13208,"CCNC Operations, LLC dba Braxton Culler",11426818247,657953692,2026-05-24,2026-07-06,,600,0,39938191,1054-071/BLACK,BXCM1605,Entertainment Furniture,PG Upholstery - Core,1,25.0,
238939,"Braxton Culler, Inc NC 27350",13208,"CCNC Operations, LLC dba Braxton Culler",12152901083,657258162,2026-05-22,2026-07-06,,600,0,121569816,1024-022/OCEAN,BXCM1640,Entertainment Furniture,PG Upholstery - Core,1,25.0,
238939,"Braxton Culler, Inc NC 27350",13208,"CCNC Operations, LLC dba Braxton Culler",12160343263,658098990,2026-05-25,2026-07-06,,600,0,120615455,848-020/CELERY,BXCM5157,Furniture - Bedroom,PG Upholstery - Core,1,25.0,
238939,"Braxton Culler, Inc NC 27350",13208,"CCNC Operations, LLC dba Braxton Culler",12266581231,657997898,2026-05-22,2026-07-06,,600,0,129448300,1033-072/AGEDBARREL,BXCM5696,Entertainment Furniture,PG Upholstery - Core,1,25.0,
238939,"Braxton Culler, Inc NC 27350",13208,"CCNC Operations, LLC dba Braxton Culler",12272157421,657686078,2026-05-24,2026-07-06,,600,0,133327640,1031-072/MINERAL,BXCM4523,Entertainment Furniture,PG Upholstery - Core,0,25.0,
238939,"Braxton Culler, Inc NC 27350",13208,"CCNC Operations, LLC dba Braxton Culler",12272171461,657686078,2026-05-24,2026-07-06,,600,0,133327489,1031-122/MINERAL,BXCM4528,Entertainment Furniture,PG Upholstery - Core,0,25.0,
238939,"Braxton Culler, Inc NC 27350",13208,"CCNC Operations, LLC dba Braxton Culler",12277040081,658114776,2026-05-25,2026-07-06,,600,0,65519116,1031-072/SEAGLASS,BXCM4523,Entertainment Furniture,PG Upholstery - Core,0,25.0,
238939,"Braxton Culler, Inc NC 27350",13208,"CCNC Operations, LLC dba Braxton Culler",12278290412,657232035,2026-05-22,2026-07-06,,600,0,113150418,1048-071/ANTIQUEFROSTWHITE,BXCM5149,Entertainment Furniture,PG Upholstery - Core,1,25.0,
238939,"Braxton Culler, Inc NC 27350",13208,"CCNC Operations, LLC dba Braxton Culler",12279127522,657305551,2026-05-22,2026-07-06,,600,0,65523472,1031-122/CELERY,BXCM4528,Entertainment Furniture,PG Upholstery - Core,0,25.0,
238939,"Braxton Culler, Inc NC 27350",13208,"CCNC Operations, LLC dba Braxton Culler",12284078862,657681981,2026-05-24,2026-07-06,,600,0,107543459,809-144G/CELERY,BXCM4487,Furniture - Bedroom,PG Upholstery - Core,0,25.0,
238939,"Braxton Culler, Inc NC 27350",13208,"CCNC Operations, LLC dba Braxton Culler",12288871412,658099106,2026-05-25,2026-07-06,,600,0,130076513,907-171/AGEDBARREL,BXCL1145,Entertainment Furniture,PG Upholstery - Core,1,25.0,
238939,"Braxton Culler, Inc NC 27350",13208,"CCNC Operations, LLC dba Braxton Culler",12290922872,658319418,2026-05-25,2026-07-06,,600,0,65523490,1031-122/SEAGLASS,BXCM4528,Entertainment Furniture,PG Upholstery - Core,0,25.0,
238939,"Braxton Culler, Inc NC 27350",13208,"CCNC Operations, LLC dba Braxton Culler",12292338435,658098953,2026-05-25,2026-07-06,,600,0,129448736,1072-071/AGEDBARREL,BXCM5716,Entertainment Furniture,PG Upholstery - Core,0,25.0,
238939,"Braxton Culler, Inc NC 27350",13208,"CCNC Operations, LLC dba Braxton Culler",12293413955,658205609,2026-05-25,2026-07-06,,600,0,65045649,809-044/ANTIQUEFROST,BXCM4486,Furniture - Bedroom,PG Upholstery - Core,0,25.0,
238939,"Braxton Culler, Inc NC 27350",13208,"CCNC Operations, LLC dba Braxton Culler",12293413975,658205609,2026-05-25,2026-07-06,,600,0,65045670,809-044/NAVY,BXCM4486,Furniture - Bedroom,PG Upholstery - Core,0,25.0,
238939,"Braxton Culler, Inc NC 27350",13208,"CCNC Operations, LLC dba Braxton Culler",11375362506,657096671,2026-05-21,2026-06-26,,600,0,92022962,1024-022/SEAGLASS,BXCM1640,Entertainment Furniture,PG Upholstery - Core,1,25.0,
238939,"Braxton Culler, Inc NC 27350",13208,"CCNC Operations, LLC dba Braxton Culler",12152100663,657180893,2026-05-21,2026-06-26,,600,0,65519093,1031-072/ANTFROSTWHITE,BXCM4523,Entertainment Furniture,PG Upholstery - Core,0,25.0,
238939,"Braxton Culler, Inc NC 27350",13208,"CCNC Operations, LLC dba Braxton Culler",12174503169,654192832,2026-05-07,2026-06-26,,840,0,117124585,1031-009/0809-33/OCEAN,BXCM4525,Upholstery - Core,PG Upholstery - Core,0,35.0,
238939,"Braxton Culler, Inc NC 27350",13208,"CCNC Operations, LLC dba Braxton Culler",12264071101,657033677,2026-05-21,2026-06-26,,600,0,107543432,809-144G/ANTIQUEFROST,BXCM4487,Furniture - Bedroom,PG Upholstery - Core,0,25.0,
238939,"Braxton Culler, Inc NC 27350",13208,"CCNC Operations, LLC dba Braxton Culler",12279690865,657064213,2026-05-21,2026-06-26,,600,0,121573676,979-075/GL0999-061/ANTIQUEFROSTWHITE,BXCL1175,Furniture - Kitchen and Dining,PG Upholstery - Core,1,25.0,
238939,"Braxton Culler, Inc NC 27350",13208,"CCNC Operations, LLC dba Braxton Culler",12183119342,654027111,2026-05-06,2026-06-25,,840,0,96134067,818-094/0317-63/HONEY,BXCM4596,Accent Furniture,PG Upholstery - Core,1,35.0,
238939,"Braxton Culler, Inc NC 27350",13208,"CCNC Operations, LLC dba Braxton Culler",12206406989,656892741,2026-05-20,2026-06-25,,600,0,107543493,809-044G/SEAGLASS,BXCM4486,Furniture - Bedroom,PG Upholstery - Core,1,25.0,
238939,"Braxton Culler, Inc NC 27350",13208,"CCNC Operations, LLC dba Braxton Culler",12277779105,656912741,2026-05-20,2026-06-25,,600,0,107543505,809-144G/SEAGLASS,BXCM4487,Furniture - Bedroom,PG Upholstery - Core,0,25.0,
238939,"Braxton Culler, Inc NC 27350",13208,"CCNC Operations, LLC dba Braxton Culler",12182198679,656646023,2026-05-19,2026-06-24,,600,6,120615455,848-020/CELERY,BXCM5157,Furniture - Bedroom,PG Upholstery - Core,1,25.0,
238939,"Braxton Culler, Inc NC 27350",13208,"CCNC Operations, LLC dba Braxton Culler",12273965025,656599768,2026-05-19,2026-06-24,,600,6,65519116,1031-072/SEAGLASS,BXCM4523,Entertainment Furniture,PG Upholstery - Core,0,25.0,
238939,"Braxton Culler, Inc NC 27350",13208,"CCNC Operations, LLC dba Braxton Culler",12198506229,656203390,2026-05-17,2026-06-22,,600,6,27529542,979-075/GL0999-098/Celery,BXCL1175,Furniture - Kitchen and Dining,PG Upholstery - Core,1,25.0,
238939,"Braxton Culler, Inc NC 27350",13208,"CCNC Operations, LLC dba Braxton Culler",12229942332,653383769,2026-05-03,2026-06-22,,840,0,55220047,1046-194/0865-91/SEAGLASS,BXCM3777,Accent Furniture,PG Upholstery - Core,1,35.0,
238939,"Braxton Culler, Inc NC 27350",13208,"CCNC Operations, LLC dba Braxton Culler",12253144475,656081072,2026-05-17,2026-06-22,,600,6,121569037,914-072/WILLOW,BXCL1150,Entertainment Furniture,PG Upholstery - Core,1,25.0,
238939,"Braxton Culler, Inc NC 27350",13208,"CCNC Operations, LLC dba Braxton Culler",12253251351,656148059,2026-05-17,2026-06-22,,600,6,39938218,1054-073/FROSTWHITE,BXCM1606,Accent Furniture,PG Upholstery - Core,1,25.0,
238939,"Braxton Culler, Inc NC 27350",13208,"CCNC Operations, LLC dba Braxton Culler",12260048692,655773984,2026-05-15,2026-06-22,,600,6,112879639,838-072/COFFEE,BXCM5133,Entertainment Furniture,PG Upholstery - Core,1,25.0,
238939,"Braxton Culler, Inc NC 27350",13208,"CCNC Operations, LLC dba Braxton Culler",12265703035,655939796,2026-05-16,2026-06-22,,600,6,65523438,1031-071/ANTFROSTWHITE,BXCM4529,Entertainment Furniture,PG Upholstery - Core,1,25.0,
238939,"Braxton Culler, Inc NC 27350",13208,"CCNC Operations, LLC dba Braxton Culler",12103113323,652805904,2026-04-30,2026-06-19,,840,0,96986980,1023-094/0851-54/FROSTWHITE,BXCM5030,Accent Furniture,PG Upholstery - Core,0,35.0,
238939,"Braxton Culler, Inc NC 27350",13208,"CCNC Operations, LLC dba Braxton Culler",12225929495,652829758,2026-04-30,2026-06-19,,840,0,150860956,546-009/0210-61,BXCM4522,Upholstery - Core,PG Upholstery - Core,1,35.0,
238939,"Braxton Culler, Inc NC 27350",13208,"CCNC Operations, LLC dba Braxton Culler",12254319942,655334300,2026-05-13,2026-06-18,,600,6,126211007,838-071/AGEDBARREL,BXCM5134,Entertainment Furniture,PG Upholstery - Core,1,25.0,
238939,"Braxton Culler, Inc NC 27350",13208,"CCNC Operations, LLC dba Braxton Culler",11354963366,655269018,2026-05-12,2026-06-17,,600,6,130052887,914-072/AGEDBARREL,BXCL1150,Entertainment Furniture,PG Upholstery - Core,1,25.0,
238939,"Braxton Culler, Inc NC 27350",13208,"CCNC Operations, LLC dba Braxton Culler",11388192827,652457911,2026-04-28,2026-06-17,,840,0,64792282,549-005/0126-73,BXCM1676,Upholstery - Core,PG Upholstery - Core,1,35.0,
238939,"Braxton Culler, Inc NC 27350",13208,"CCNC Operations, LLC dba Braxton Culler",12069114049,645138558,2026-03-23,2026-06-16,,1440,0,50079186,1023-073/HONEY,BXCM1784,Accent Furniture,PG Upholstery - Core,1,60.0,
238939,"Braxton Culler, Inc NC 27350",13208,"CCNC Operations, LLC dba Braxton Culler",12183616581,652123764,2026-04-27,2026-06-16,,840,0,115176190,1046-194/0204-64/OCEAN,BXCM3777,Accent Furniture,PG Upholstery - Core,1,35.0,
238939,"Braxton Culler, Inc NC 27350",13208,"CCNC Operations, LLC dba Braxton Culler",12249724942,654968552,2026-05-11,2026-06-16,,600,6,107543435,809-144G/NAVY,BXCM4487,Furniture - Bedroom,PG Upholstery - Core,0,25.0,
238939,"Braxton Culler, Inc NC 27350",13208,"CCNC Operations, LLC dba Braxton Culler",11401700187,654384227,2026-05-08,2026-06-15,,600,6,112879736,838-044/BISQUE,BXCM5139,Furniture - Bedroom,PG Upholstery - Core,1,25.0,
238939,"Braxton Culler, Inc NC 27350",13208,"CCNC Operations, LLC dba Braxton Culler",12119782583,654395268,2026-05-08,2026-06-15,,600,6,120615455,848-020/CELERY,BXCM5157,Furniture - Bedroom,PG Upholstery - Core,1,25.0,
238939,"Braxton Culler, Inc NC 27350",13208,"CCNC Operations, LLC dba Braxton Culler",12204503765,650972248,2026-04-24,2026-06-15,,840,0,113063575,767-009/0126-63,BXCM5142,Upholstery - Core,PG Upholstery - Core,1,35.0,
238939,"Braxton Culler, Inc NC 27350",13208,"CCNC Operations, LLC dba Braxton Culler",12234814691,654721919,2026-05-10,2026-06-15,,600,6,65519098,1031-072/CELERY,BXCM4523,Entertainment Furniture,PG Upholstery - Core,0,25.0,
238939,"Braxton Culler, Inc NC 27350",13208,"CCNC Operations, LLC dba Braxton Culler",12249631445,654689413,2026-05-10,2026-06-15,,600,6,65046149,809-144/NAVY,BXCM4487,Furniture - Bedroom,PG Upholstery - Core,0,25.0,
238939,"Braxton Culler, Inc NC 27350",13208,"CCNC Operations, LLC dba Braxton Culler",12250520715,654761998,2026-05-10,2026-06-15,,600,6,65045672,809-044/SEAGLASS,BXCM4486,Furniture - Bedroom,PG Upholstery - Core,1,25.0,
238939,"Braxton Culler, Inc NC 27350",13208,"CCNC Operations, LLC dba Braxton Culler",11378776167,650848813,2026-04-24,2026-06-12,,840,0,116891309,914-009/0809-14/COFFEE,BXCL1616,Upholstery - Core,PG Upholstery - Core,1,35.0,
238939,"Braxton Culler, Inc NC 27350",13208,"CCNC Operations, LLC dba Braxton Culler",11400695357,654238088,2026-05-07,2026-06-12,,600,6,107543503,809-144G/HONEY,BXCM4487,Furniture - Bedroom,PG Upholstery - Core,1,25.0,
238939,"Braxton Culler, Inc NC 27350",13208,"CCNC Operations, LLC dba Braxton Culler",12118271883,654198491,2026-05-07,2026-06-12,,600,6,25869937,1046-171//Black,BXCL1408,Entertainment Furniture,PG Upholstery - Core,1,25.0,
238939,"Braxton Culler, Inc NC 27350",13208,"CCNC Operations, LLC dba Braxton Culler",12242284555,654140288,2026-05-07,2026-06-12,,600,6,121573636,979-075/GL0999-098/OCEAN,BXCL1175,Furniture - Kitchen and Dining,PG Upholstery - Core,0,25.0,
238939,"Braxton Culler, Inc NC 27350",13208,"CCNC Operations, LLC dba Braxton Culler",12243368875,654221716,2026-05-07,2026-06-12,,600,6,50078502,1023-071/HONEY,BXCM1782,Entertainment Furniture,PG Upholstery - Core,1,25.0,
238939,"Braxton Culler, Inc NC 27350",13208,"CCNC Operations, LLC dba Braxton Culler",12112093343,653836427,2026-05-05,2026-06-10,,600,6,92022349,907-171/NAVY,BXCL1145,Entertainment Furniture,PG Upholstery - Core,1,25.0,
238939,"Braxton Culler, Inc NC 27350",13208,"CCNC Operations, LLC dba Braxton Culler",11352454656,653688170,2026-05-04,2026-06-09,,600,6,65523488,1031-122/NAVY,BXCM4528,Entertainment Furniture,PG Upholstery - Core,0,25.0,
238939,"Braxton Culler, Inc NC 27350",13208,"CCNC Operations, LLC dba Braxton Culler",12167874169,653603333,2026-05-04,2026-06-09,,600,6,121568791,1046-171/WILLOW,BXCL1408,Entertainment Furniture,PG Upholstery - Core,1,25.0,
238939,"Braxton Culler, Inc NC 27350",13208,"CCNC Operations, LLC dba Braxton Culler",12232399422,653642571,2026-05-04,2026-06-09,,600,6,65046149,809-144/NAVY,BXCM4487,Furniture - Bedroom,PG Upholstery - Core,0,25.0,
238939,"Braxton Culler, Inc NC 27350",13208,"CCNC Operations, LLC dba Braxton Culler",12213348341,653023160,2026-05-01,2026-06-08,,600,6,65519116,1031-072/SEAGLASS,BXCM4523,Entertainment Furniture,PG Upholstery - Core,0,25.0,
238939,"Braxton Culler, Inc NC 27350",13208,"CCNC Operations, LLC dba Braxton Culler",12215186961,653164274,2026-05-02,2026-06-08,,600,6,50078506,1023-071/NAVY,BXCM1782,Entertainment Furniture,PG Upholstery - Core,0,25.0,
238939,"Braxton Culler, Inc NC 27350",13208,"CCNC Operations, LLC dba Braxton Culler",12215706095,652962100,2026-05-01,2026-06-08,,600,6,92022957,1024-022/CELERY,BXCM1640,Entertainment Furniture,PG Upholstery - Core,1,25.0,
238939,"Braxton Culler, Inc NC 27350",13208,"CCNC Operations, LLC dba Braxton Culler",12229849145,653122330,2026-05-02,2026-06-08,,600,6,92022446,953-071/CELERY,BXCL1160,Entertainment Furniture,PG Upholstery - Core,1,25.0,
238939,"Braxton Culler, Inc NC 27350",13208,"CCNC Operations, LLC dba Braxton Culler",12230761165,653196763,2026-05-02,2026-06-08,,600,6,39938205,1054-071/NAVY,BXCM1605,Entertainment Furniture,PG Upholstery - Core,1,25.0,
238939,"Braxton Culler, Inc NC 27350",13208,"CCNC Operations, LLC dba Braxton Culler",12232383485,653316681,2026-05-03,2026-06-08,,600,6,121568671,1054-073/OCEAN,BXCM1606,Accent Furniture,PG Upholstery - Core,1,25.0,
238939,"Braxton Culler, Inc NC 27350",13208,"CCNC Operations, LLC dba Braxton Culler",12209518961,652809712,2026-04-30,2026-06-05,,600,6,112879639,838-072/COFFEE,BXCM5133,Entertainment Furniture,PG Upholstery - Core,1,25.0,
238939,"Braxton Culler, Inc NC 27350",13208,"CCNC Operations, LLC dba Braxton Culler",12210750201,652813346,2026-04-30,2026-06-05,,600,6,65519098,1031-072/CELERY,BXCM4523,Entertainment Furniture,PG Upholstery - Core,0,25.0,
238939,"Braxton Culler, Inc NC 27350",13208,"CCNC Operations, LLC dba Braxton Culler",12220589902,652662604,2026-04-29,2026-06-04,,600,6,92023025,1023-071/SEAGLASS,BXCM1782,Entertainment Furniture,PG Upholstery - Core,1,25.0,
238939,"Braxton Culler, Inc NC 27350",13208,"CCNC Operations, LLC dba Braxton Culler",11344178586,652471778,2026-04-28,2026-06-03,,600,6,92022418,914-072/GREYSTONE,BXCL1150,Entertainment Furniture,PG Upholstery - Core,1,25.0,
238939,"Braxton Culler, Inc NC 27350",13208,"CCNC Operations, LLC dba Braxton Culler",11344182216,652471778,2026-04-28,2026-06-03,,600,6,92022379,914-071/GREYSTONE,BXCL1149,Entertainment Furniture,PG Upholstery - Core,1,25.0,
238939,"Braxton Culler, Inc NC 27350",13208,"CCNC Operations, LLC dba Braxton Culler",12099338283,652490378,2026-04-28,2026-06-03,,600,6,121568799,1046-171/COFFEE,BXCL1408,Entertainment Furniture,PG Upholstery - Core,1,25.0,
238939,"Braxton Culler, Inc NC 27350",13208,"CCNC Operations, LLC dba Braxton Culler",11379396727,652169439,2026-04-27,2026-06-02,,600,6,80206771,807-020/SEAGLASS,BXCM1655,Furniture - Bedroom,PG Upholstery - Core,0,25.0,
238939,"Braxton Culler, Inc NC 27350",13208,"CCNC Operations, LLC dba Braxton Culler",11385658677,651997613,2026-04-27,2026-06-02,,600,6,126210875,1054-073/TRUFFLE,BXCM1606,Accent Furniture,PG Upholstery - Core,1,25.0,
238939,"Braxton Culler, Inc NC 27350",13208,"CCNC Operations, LLC dba Braxton Culler",11385913207,652044747,2026-04-27,2026-06-02,,600,6,41438786,1024-122/HONEY,BXCM1641,Entertainment Furniture,PG Upholstery - Core,1,25.0,
238939,"Braxton Culler, Inc NC 27350",13208,"CCNC Operations, LLC dba Braxton Culler",12218191785,652141328,2026-04-27,2026-06-02,,600,6,130053076,1023-072/PUMICE,BXCM1783,Entertainment Furniture,PG Upholstery - Core,1,25.0,
238939,"Braxton Culler, Inc NC 27350",13208,"CCNC Operations, LLC dba Braxton Culler",12218191795,652141328,2026-04-27,2026-06-02,,600,6,130053067,1023-071/PUMICE,BXCM1782,Entertainment Furniture,PG Upholstery - Core,1,25.0,
238939,"Braxton Culler, Inc NC 27350",13208,"CCNC Operations, LLC dba Braxton Culler",12219155585,652268652,2026-04-27,2026-06-02,,600,6,112879718,838-022/NAVY,BXCM5138,Entertainment Furniture,PG Upholstery - Core,1,25.0,
238939,"Braxton Culler, Inc NC 27350",13208,"CCNC Operations, LLC dba Braxton Culler",12086689943,651206891,2026-04-25,2026-06-01,,600,6,92022370,914-071/CELERY,BXCL1149,Entertainment Furniture,PG Upholstery - Core,1,25.0,
238939,"Braxton Culler, Inc NC 27350",13208,"CCNC Operations, LLC dba Braxton Culler",12089642323,651480334,2026-04-26,2026-06-01,,600,6,65523490,1031-122/SEAGLASS,BXCM4528,Entertainment Furniture,PG Upholstery - Core,0,25.0,
238939,"Braxton Culler, Inc NC 27350",13208,"CCNC Operations, LLC dba Braxton Culler",12092810163,651775797,2026-04-26,2026-06-01,,600,6,115199509,809-044G/OCEAN,BXCM4486,Furniture - Bedroom,PG Upholstery - Core,1,25.0,
238939,"Braxton Culler, Inc NC 27350",13208,"CCNC Operations, LLC dba Braxton Culler",12140764869,651141638,2026-04-25,2026-06-01,,600,6,121573673,1977-075/GL0999-098/HAZEL,BXCM1667,Furniture - Kitchen and Dining,PG Upholstery - Core,0,25.0,
238939,"Braxton Culler, Inc NC 27350",13208,"CCNC Operations, LLC dba Braxton Culler",12144335819,651433920,2026-04-26,2026-06-01,,600,6,65523482,1031-122/HAVANA,BXCM4528,Entertainment Furniture,PG Upholstery - Core,0,25.0,
238939,"Braxton Culler, Inc NC 27350",13208,"CCNC Operations, LLC dba Braxton Culler",12188305131,650883837,2026-04-24,2026-06-01,,600,6,65523490,1031-122/SEAGLASS,BXCM4528,Entertainment Furniture,PG Upholstery - Core,0,25.0,
238939,"Braxton Culler, Inc NC 27350",13208,"CCNC Operations, LLC dba Braxton Culler",12188315151,650885488,2026-04-24,2026-06-01,,600,6,27774927,818-044/CELERY,BXCL1785,Furniture - Bedroom,PG Upholstery - Core,1,25.0,
238939,"Braxton Culler, Inc NC 27350",13208,"CCNC Operations, LLC dba Braxton Culler",12193234481,651260400,2026-04-25,2026-06-01,,600,6,82263796,934-072/ANTFROSTWHITE,BXCL1152,Entertainment Furniture,PG Upholstery - Core,1,25.0,
238939,"Braxton Culler, Inc NC 27350",13208,"CCNC Operations, LLC dba Braxton Culler",12193801712,651006350,2026-04-25,2026-06-01,,600,6,107543470,809-044G/CELERY,BXCM4486,Furniture - Bedroom,PG Upholstery - Core,1,25.0,
238939,"Braxton Culler, Inc NC 27350",13208,"CCNC Operations, LLC dba Braxton Culler",12196135931,651502399,2026-04-26,2026-06-01,,600,6,41438769,1024-022/NAVY,BXCM1640,Entertainment Furniture,PG Upholstery - Core,1,25.0,
238939,"Braxton Culler, Inc NC 27350",13208,"CCNC Operations, LLC dba Braxton Culler",12203985652,651240235,2026-04-25,2026-06-01,,600,6,113150426,1048-071/HAZEL,BXCM5149,Entertainment Furniture,PG Upholstery - Core,1,25.0,
238939,"Braxton Culler, Inc NC 27350",13208,"CCNC Operations, LLC dba Braxton Culler",12211924102,651870376,2026-04-26,2026-06-01,,600,6,65523438,1031-071/ANTFROSTWHITE,BXCM4529,Entertainment Furniture,PG Upholstery - Core,1,25.0,
238939,"Braxton Culler, Inc NC 27350",13208,"CCNC Operations, LLC dba Braxton Culler",12080628133,650689137,2026-04-23,2026-05-29,,600,0,92022407,914-072/BRASS,BXCL1150,Entertainment Furniture,PG Upholstery - Core,1,25.0,
238939,"Braxton Culler, Inc NC 27350",13208,"CCNC Operations, LLC dba Braxton Culler",12136234859,650748024,2026-04-23,2026-05-29,,600,0,92022747,1055-073/COFFEE,BXCM1607,Accent Furniture,PG Upholstery - Core,1,25.0,
238939,"Braxton Culler, Inc NC 27350",13208,"CCNC Operations, LLC dba Braxton Culler",11332852996,650522556,2026-04-22,2026-05-28,,600,0,121573676,979-075/GL0999-061/ANTIQUEFROSTWHITE,BXCL1175,Furniture - Kitchen and Dining,PG Upholstery - Core,1,25.0,
238939,"Braxton Culler, Inc NC 27350",13208,"CCNC Operations, LLC dba Braxton Culler",12079906583,650627555,2026-04-22,2026-05-28,,600,0,129799990,9740-009/0317-63/HAZEL,BXCM5723,Upholstery - Core,PG Upholstery - Core,0,25.0,
238939,"Braxton Culler, Inc NC 27350",13208,"CCNC Operations, LLC dba Braxton Culler",12133927989,650567169,2026-04-22,2026-05-28,,600,0,107543432,809-144G/ANTIQUEFROST,BXCM4487,Furniture - Bedroom,PG Upholstery - Core,1,25.0,
238939,"Braxton Culler, Inc NC 27350",13208,"CCNC Operations, LLC dba Braxton Culler",12183719461,650545627,2026-04-22,2026-05-28,,600,0,89482797,807-020/NICKEL,BXCM1655,Furniture - Bedroom,PG Upholstery - Core,0,25.0,
238939,"Braxton Culler, Inc NC 27350",13208,"CCNC Operations, LLC dba Braxton Culler",12183719471,650545627,2026-04-22,2026-05-28,,600,0,89482797,807-020/NICKEL,BXCM1655,Furniture - Bedroom,PG Upholstery - Core,0,25.0,
238939,"Braxton Culler, Inc NC 27350",13208,"CCNC Operations, LLC dba Braxton Culler",12182439481,650448320,2026-04-21,2026-05-27,,600,0,120615455,848-020/CELERY,BXCM5157,Furniture - Bedroom,PG Upholstery - Core,1,25.0,
238939,"Braxton Culler, Inc NC 27350",13208,"CCNC Operations, LLC dba Braxton Culler",12195740275,650342424,2026-04-21,2026-05-27,,600,0,39938211,1054-073/BLACK,BXCM1606,Accent Furniture,PG Upholstery - Core,1,25.0,
238939,"Braxton Culler, Inc NC 27350",13208,"CCNC Operations, LLC dba Braxton Culler",12195885805,650352275,2026-04-21,2026-05-27,,600,0,92023025,1023-071/SEAGLASS,BXCM1782,Entertainment Furniture,PG Upholstery - Core,0,25.0,
238939,"Braxton Culler, Inc NC 27350",13208,"CCNC Operations, LLC dba Braxton Culler",12197339185,650454440,2026-04-21,2026-05-27,,600,0,92023025,1023-071/SEAGLASS,BXCM1782,Entertainment Furniture,PG Upholstery - Core,1,25.0,
238939,"Braxton Culler, Inc NC 27350",13208,"CCNC Operations, LLC dba Braxton Culler",12126100549,650138430,2026-04-20,2026-05-26,,600,0,65523467,1031-122/ANTFROSTWHITE,BXCM4528,Entertainment Furniture,PG Upholstery - Core,1,25.0,
238939,"Braxton Culler, Inc NC 27350",13208,"CCNC Operations, LLC dba Braxton Culler",12129199989,650186096,2026-04-20,2026-05-26,,600,0,130053073,1023-072/AGEDBARREL,BXCM1783,Entertainment Furniture,PG Upholstery - Core,1,25.0,
238939,"Braxton Culler, Inc NC 27350",13208,"CCNC Operations, LLC dba Braxton Culler",12178850611,650187607,2026-04-20,2026-05-26,,600,0,127576350,1922-012/0884-91/JAVA,BXCM5641,Furniture - Kitchen and Dining,PG Upholstery - Core,0,25.0,
238939,"Braxton Culler, Inc NC 27350",13208,"CCNC Operations, LLC dba Braxton Culler",12189088125,650285230,2026-04-20,2026-05-26,,600,0,92022370,914-071/CELERY,BXCL1149,Entertainment Furniture,PG Upholstery - Core,1,25.0,
238939,"Braxton Culler, Inc NC 27350",13208,"CCNC Operations, LLC dba Braxton Culler",12193303655,650161066,2026-04-20,2026-05-26,,600,0,130076600,807-026/PUMICE,BXCM1655,Furniture - Bedroom,PG Upholstery - Core,1,25.0,
238939,"Braxton Culler, Inc NC 27350",13208,"CCNC Operations, LLC dba Braxton Culler",12194588385,650252329,2026-04-20,2026-05-26,,600,0,65045670,809-044/NAVY,BXCM4486,Furniture - Bedroom,PG Upholstery - Core,1,25.0,
238939,"Braxton Culler, Inc NC 27350",13208,"CCNC Operations, LLC dba Braxton Culler",11370943907,649784971,2026-04-18,2026-05-22,,600,0,25866945,914-072/BLACK,BXCL1150,Entertainment Furniture,PG Upholstery - Core,1,25.0,
238939,"Braxton Culler, Inc NC 27350",13208,"CCNC Operations, LLC dba Braxton Culler",12039182053,649954652,2026-04-19,2026-05-22,,600,0,65523437,1031-071/ANTBLACK,BXCM4529,Entertainment Furniture,PG Upholstery - Core,1,25.0,
238939,"Braxton Culler, Inc NC 27350",13208,"CCNC Operations, LLC dba Braxton Culler",12039183423,649954652,2026-04-19,2026-05-22,,600,0,65523466,1031-122/ANTBLACK,BXCM4528,Entertainment Furniture,PG Upholstery - Core,1,25.0,
238939,"Braxton Culler, Inc NC 27350",13208,"CCNC Operations, LLC dba Braxton Culler",12070206553,649826539,2026-04-18,2026-05-22,,600,0,121568668,934-072/WILLOW,BXCL1152,Entertainment Furniture,PG Upholstery - Core,1,25.0,
238939,"Braxton Culler, Inc NC 27350",13208,"CCNC Operations, LLC dba Braxton Culler",12171617711,649845193,2026-04-18,2026-05-22,,600,0,112879750,838-044/PACIFIC,BXCM5139,Furniture - Bedroom,PG Upholstery - Core,1,25.0,
238939,"Braxton Culler, Inc NC 27350",13208,"CCNC Operations, LLC dba Braxton Culler",12177542081,650067303,2026-04-19,2026-05-22,,600,0,65523479,1031-122/FROSTWHITE,BXCM4528,Entertainment Furniture,PG Upholstery - Core,1,25.0,
238939,"Braxton Culler, Inc NC 27350",13208,"CCNC Operations, LLC dba Braxton Culler",12178831382,650088371,2026-04-19,2026-05-22,,600,0,65523490,1031-122/SEAGLASS,BXCM4528,Entertainment Furniture,PG Upholstery - Core,1,25.0,
238939,"Braxton Culler, Inc NC 27350",13208,"CCNC Operations, LLC dba Braxton Culler",12184439732,649749162,2026-04-18,2026-05-22,,600,0,92022446,953-071/CELERY,BXCL1160,Entertainment Furniture,PG Upholstery - Core,1,25.0,
238939,"Braxton Culler, Inc NC 27350",13208,"CCNC Operations, LLC dba Braxton Culler",12121309799,649558436,2026-04-16,2026-05-21,,600,0,129448599,1912-022/AGEDBARREL,BXCM5703,Entertainment Furniture,PG Upholstery - Core,0,25.0,
238939,"Braxton Culler, Inc NC 27350",13208,"CCNC Operations, LLC dba Braxton Culler",12183255715,649438796,2026-04-16,2026-05-21,,600,0,129448793,1912-070/HONEY,BXCM5717,Entertainment Furniture,PG Upholstery - Core,0,25.0,
238939,"Braxton Culler, Inc NC 27350",13208,"CCNC Operations, LLC dba Braxton Culler",11324544996,649280671,2026-04-15,2026-05-20,,600,0,92022964,1054-171/ANTBLACK,BXCM1647,Entertainment Furniture,PG Upholstery - Core,1,25.0,
238939,"Braxton Culler, Inc NC 27350",13208,"CCNC Operations, LLC dba Braxton Culler",11325293056,649404799,2026-04-15,2026-05-20,,600,0,132860255,979-075/GL0999-061/FLAX,BXCL1175,Furniture - Kitchen and Dining,PG Upholstery - Core,1,25.0,
238939,"Braxton Culler, Inc NC 27350",13208,"CCNC Operations, LLC dba Braxton Culler",12169338362,649383444,2026-04-15,2026-05-20,,600,0,96985082,970-012/0321-91/BLACK,BXCM5029,Furniture - Kitchen and Dining,PG Upholstery - Core,0,25.0,
238939,"Braxton Culler, Inc NC 27350",13208,"CCNC Operations, LLC dba Braxton Culler",12178305942,649283911,2026-04-15,2026-05-20,,600,0,130053364,818-044/AGEDBARREL,BXCL1785,Furniture - Bedroom,PG Upholstery - Core,1,25.0,
238939,"Braxton Culler, Inc NC 27350",13208,"CCNC Operations, LLC dba Braxton Culler",11366174237,649078419,2026-04-14,2026-05-19,,600,0,92022747,1055-073/COFFEE,BXCM1607,Accent Furniture,PG Upholstery - Core,1,25.0,
238939,"Braxton Culler, Inc NC 27350",13208,"CCNC Operations, LLC dba Braxton Culler",12165630171,649195396,2026-04-14,2026-05-19,,600,0,112879559,838-071/COFFEE,BXCM5134,Entertainment Furniture,PG Upholstery - Core,1,25.0,
238939,"Braxton Culler, Inc NC 27350",13208,"CCNC Operations, LLC dba Braxton Culler",12059328723,648881774,2026-04-13,2026-05-18,,600,0,27774930,818-044/GREYSTONE,BXCL1785,Furniture - Bedroom,PG Upholstery - Core,1,25.0,
238939,"Braxton Culler, Inc NC 27350",13208,"CCNC Operations, LLC dba Braxton Culler",12161490801,648879669,2026-04-13,2026-05-18,,600,0,96990739,708-109/0822-61/JAVA,BXCM4807,Upholstery - Core,PG Upholstery - Core,1,25.0,
238939,"Braxton Culler, Inc NC 27350",13208,"CCNC Operations, LLC dba Braxton Culler",11319022646,648622880,2026-04-11,2026-05-15,,600,0,64848197,1046-009/0884-91/ANTBLACK,BXCM3779,Upholstery - Core,PG Upholstery - Core,1,25.0,
238939,"Braxton Culler, Inc NC 27350",13208,"CCNC Operations, LLC dba Braxton Culler",12057209743,648680019,2026-04-12,2026-05-15,,600,0,41693028,1977-075/GL0999-098/HONEY,BXCM1667,Furniture - Kitchen and Dining,PG Upholstery - Core,1,25.0,
238939,"Braxton Culler, Inc NC 27350",13208,"CCNC Operations, LLC dba Braxton Culler",12086163862,648504157,2026-04-11,2026-05-15,,600,0,25866940,914-071/HONEY,BXCL1149,Entertainment Furniture,PG Upholstery - Core,1,25.0,
238939,"Braxton Culler, Inc NC 27350",13208,"CCNC Operations, LLC dba Braxton Culler",12086203342,648504157,2026-04-11,2026-05-15,,600,0,65523482,1031-122/HAVANA,BXCM4528,Entertainment Furniture,PG Upholstery - Core,1,25.0,
238939,"Braxton Culler, Inc NC 27350",13208,"CCNC Operations, LLC dba Braxton Culler",12112170399,648751436,2026-04-12,2026-05-15,,600,0,130065729,818-094/0809-63/AGEDBARREL,BXCM4596,Accent Furniture,PG Upholstery - Core,0,25.0,
238939,"Braxton Culler, Inc NC 27350",13208,"CCNC Operations, LLC dba Braxton Culler",12158728201,648651186,2026-04-12,2026-05-15,,600,0,126210936,838-044/AGEDBARREL,BXCM5139,Furniture - Bedroom,PG Upholstery - Core,1,25.0,
238939,"Braxton Culler, Inc NC 27350",13208,"CCNC Operations, LLC dba Braxton Culler",12104128679,648173145,2026-04-09,2026-05-14,,600,0,113150428,1048-071/JAVA,BXCM5149,Entertainment Furniture,PG Upholstery - Core,1,25.0,
238939,"Braxton Culler, Inc NC 27350",13208,"CCNC Operations, LLC dba Braxton Culler",12104128699,648173145,2026-04-09,2026-05-14,,600,0,126211007,838-071/AGEDBARREL,BXCM5134,Entertainment Furniture,PG Upholstery - Core,1,25.0,
238939,"Braxton Culler, Inc NC 27350",13208,"CCNC Operations, LLC dba Braxton Culler",12165912115,648081398,2026-04-08,2026-05-13,,600,0,121569282,953-071/OCEAN,BXCL1160,Entertainment Furniture,PG Upholstery - Core,1,25.0,
238939,"Braxton Culler, Inc NC 27350",13208,"CCNC Operations, LLC dba Braxton Culler",12100653459,647818566,2026-04-07,2026-05-12,,600,0,65519116,1031-072/SEAGLASS,BXCM4523,Entertainment Furniture,PG Upholstery - Core,0,25.0,
238939,"Braxton Culler, Inc NC 27350",13208,"CCNC Operations, LLC dba Braxton Culler",12145624161,647663425,2026-04-06,2026-05-11,,600,0,27774927,818-044/CELERY,BXCL1785,Furniture - Bedroom,PG Upholstery - Core,1,25.0,
238939,"Braxton Culler, Inc NC 27350",13208,"CCNC Operations, LLC dba Braxton Culler",11310835686,647202094,2026-04-03,2026-05-08,,600,0,117173908,1966-009/0414-63/JAVA,BXCM4796,Upholstery - Core,PG Upholstery - Core,1,25.0,
238939,"Braxton Culler, Inc NC 27350",13208,"CCNC Operations, LLC dba Braxton Culler",12041461843,647337648,2026-04-04,2026-05-08,,600,0,65045672,809-044/SEAGLASS,BXCM4486,Furniture - Bedroom,PG Upholstery - Core,1,25.0,
238939,"Braxton Culler, Inc NC 27350",13208,"CCNC Operations, LLC dba Braxton Culler",12059985131,640966349,2026-03-01,2026-05-08,,1200,0,120615454,848-021/CELERY,BXCM5157,Furniture - Bedroom,PG Upholstery - Core,1,50.0,
238939,"Braxton Culler, Inc NC 27350",13208,"CCNC Operations, LLC dba Braxton Culler",12097706279,647540590,2026-04-05,2026-05-08,,600,0,41693028,1977-075/GL0999-098/HONEY,BXCM1667,Furniture - Kitchen and Dining,PG Upholstery - Core,1,25.0,
238939,"Braxton Culler, Inc NC 27350",13208,"CCNC Operations, LLC dba Braxton Culler",12127409811,647202126,2026-04-03,2026-05-08,,600,0,39938211,1054-073/BLACK,BXCM1606,Accent Furniture,PG Upholstery - Core,1,25.0,
238939,"Braxton Culler, Inc NC 27350",13208,"CCNC Operations, LLC dba Braxton Culler",12140936731,647298566,2026-04-04,2026-05-08,,600,0,134059667,1023-094/0268-54/FLAX,BXCM5030,Accent Furniture,PG Upholstery - Core,0,25.0,
238939,"Braxton Culler, Inc NC 27350",13208,"CCNC Operations, LLC dba Braxton Culler",12143761041,647504524,2026-04-05,2026-05-08,,600,0,27774932,818-044/HAVANA,BXCL1785,Furniture - Bedroom,PG Upholstery - Core,1,25.0,
238939,"Braxton Culler, Inc NC 27350",13208,"CCNC Operations, LLC dba Braxton Culler",12154347015,647211743,2026-04-03,2026-05-08,,600,0,129448706,1072-072/OCEAN,BXCM5715,Entertainment Furniture,PG Upholstery - Core,1,25.0,
238939,"Braxton Culler, Inc NC 27350",13208,"CCNC Operations, LLC dba Braxton Culler",12136954931,647002585,2026-04-02,2026-05-07,,600,0,113150480,1048-072/BISQUE,BXCM5153,Entertainment Furniture,PG Upholstery - Core,1,25.0,
238939,"Braxton Culler, Inc NC 27350",13208,"CCNC Operations, LLC dba Braxton Culler",12088543369,646795161,2026-04-01,2026-05-06,,600,0,65523490,1031-122/SEAGLASS,BXCM4528,Entertainment Furniture,PG Upholstery - Core,1,25.0,
238939,"Braxton Culler, Inc NC 27350",13208,"CCNC Operations, LLC dba Braxton Culler",12088543379,646795161,2026-04-01,2026-05-06,,600,0,65523472,1031-122/CELERY,BXCM4528,Entertainment Furniture,PG Upholstery - Core,1,25.0,
238939,"Braxton Culler, Inc NC 27350",13208,"CCNC Operations, LLC dba Braxton Culler",12088543389,646795161,2026-04-01,2026-05-06,,600,0,121573691,979-075/GL0999-061/WILLOW,BXCL1175,Furniture - Kitchen and Dining,PG Upholstery - Core,1,25.0,
238939,"Braxton Culler, Inc NC 27350",13208,"CCNC Operations, LLC dba Braxton Culler",12146083872,646814986,2026-04-01,2026-05-06,,600,0,126210936,838-044/AGEDBARREL,BXCM5139,Furniture - Bedroom,PG Upholstery - Core,1,25.0,
238939,"Braxton Culler, Inc NC 27350",13208,"CCNC Operations, LLC dba Braxton Culler",12133418761,646705974,2026-03-31,2026-05-05,,600,0,121569835,1023-071/PACIFIC,BXCM1782,Entertainment Furniture,PG Upholstery - Core,0,25.0,
238939,"Braxton Culler, Inc NC 27350",13208,"CCNC Operations, LLC dba Braxton Culler",12146563205,646655492,2026-03-31,2026-05-05,,600,0,126211011,1045-273/AGEDBARREL,BXCM5146,Accent Furniture,PG Upholstery - Core,1,25.0,
238939,"Braxton Culler, Inc NC 27350",13208,"CCNC Operations, LLC dba Braxton Culler",12146568775,646594909,2026-03-31,2026-05-05,,600,0,92022962,1024-022/SEAGLASS,BXCM1640,Entertainment Furniture,PG Upholstery - Core,1,25.0,
238939,"Braxton Culler, Inc NC 27350",13208,"CCNC Operations, LLC dba Braxton Culler",12144850615,646458078,2026-03-30,2026-05-04,,600,0,92022384,914-071/HAVANA,BXCL1149,Entertainment Furniture,PG Upholstery - Core,0,25.0,
238939,"Braxton Culler, Inc NC 27350",13208,"CCNC Operations, LLC dba Braxton Culler",12077865949,645844810,2026-03-27,2026-05-01,,600,0,96986478,1023-094/0321-91/HONEY,BXCM5030,Accent Furniture,PG Upholstery - Core,1,25.0,
238939,"Braxton Culler, Inc NC 27350",13208,"CCNC Operations, LLC dba Braxton Culler",12078250489,645879931,2026-03-27,2026-05-01,,600,0,107543505,809-144G/SEAGLASS,BXCM4487,Furniture - Bedroom,PG Upholstery - Core,1,25.0,
238939,"Braxton Culler, Inc NC 27350",13208,"CCNC Operations, LLC dba Braxton Culler",12128223131,646262931,2026-03-29,2026-05-01,,600,0,129448625,1071-070/BLACK,BXCM5713,Entertainment Furniture,PG Upholstery - Core,1,25.0,
238939,"Braxton Culler, Inc NC 27350",13208,"CCNC Operations, LLC dba Braxton Culler",12128223151,646262931,2026-03-29,2026-05-01,,600,0,129448760,1071-022/BLACK,BXCM5706,Entertainment Furniture,PG Upholstery - Core,1,25.0,
238939,"Braxton Culler, Inc NC 27350",13208,"CCNC Operations, LLC dba Braxton Culler",12138782042,646189839,2026-03-29,2026-05-01,,600,0,50078506,1023-071/NAVY,BXCM1782,Entertainment Furniture,PG Upholstery - Core,0,25.0,
238939,"Braxton Culler, Inc NC 27350",13208,"CCNC Operations, LLC dba Braxton Culler",12022640023,645658332,2026-03-26,2026-04-30,,600,0,96986625,1023-094/0611-56/CELERY,BXCM5030,Accent Furniture,PG Upholstery - Core,1,25.0,
238939,"Braxton Culler, Inc NC 27350",13208,"CCNC Operations, LLC dba Braxton Culler",12134658665,645652879,2026-03-26,2026-04-30,,600,0,126211011,1045-273/AGEDBARREL,BXCM5146,Accent Furniture,PG Upholstery - Core,1,25.0,
238939,"Braxton Culler, Inc NC 27350",13208,"CCNC Operations, LLC dba Braxton Culler",11342057297,645512900,2026-03-25,2026-04-29,,600,0,96077355,546-109/0317-63,BXCM4521,Upholstery - Core,PG Upholstery - Core,0,25.0,
238939,"Braxton Culler, Inc NC 27350",13208,"CCNC Operations, LLC dba Braxton Culler",12132625445,645493576,2026-03-25,2026-04-29,,600,0,64792282,549-005/0126-73,BXCM1676,Upholstery - Core,PG Upholstery - Core,0,25.0,
238939,"Braxton Culler, Inc NC 27350",13208,"CCNC Operations, LLC dba Braxton Culler",12130466565,645335607,2026-03-24,2026-04-28,,600,0,130076599,807-021/PUMICE,BXCM1655,Furniture - Bedroom,PG Upholstery - Core,1,25.0,
238939,"Braxton Culler, Inc NC 27350",13208,"CCNC Operations, LLC dba Braxton Culler",11297952336,645175469,2026-03-23,2026-04-27,,600,0,90138358,807-044GL/BISQUE,BXCM1657,Furniture - Bedroom,PG Upholstery - Core,1,25.0,
238939,"Braxton Culler, Inc NC 27350",13208,"CCNC Operations, LLC dba Braxton Culler",12003763083,645090822,2026-03-23,2026-04-27,,600,0,96077366,546-109/0863-91,BXCM4521,Upholstery - Core,PG Upholstery - Core,0,25.0,
238939,"Braxton Culler, Inc NC 27350",13208,"CCNC Operations, LLC dba Braxton Culler",12030107031,638691890,2026-02-16,2026-04-27,,1200,0,120615454,848-021/CELERY,BXCM5157,Furniture - Bedroom,PG Upholstery - Core,1,50.0,
238939,"Braxton Culler, Inc NC 27350",13208,"CCNC Operations, LLC dba Braxton Culler",11334707887,644433262,2026-03-20,2026-04-24,,600,0,92515148,1046-094/0742-83/BRASS,BXCM3776,Accent Furniture,PG Upholstery - Core,1,25.0,
238939,"Braxton Culler, Inc NC 27350",13208,"CCNC Operations, LLC dba Braxton Culler",11338658447,645006292,2026-03-22,2026-04-24,,600,0,65363572,546-009/0863-84,BXCM4522,Upholstery - Core,PG Upholstery - Core,0,25.0,
238939,"Braxton Culler, Inc NC 27350",13208,"CCNC Operations, LLC dba Braxton Culler",11971368439,638317506,2026-02-14,2026-04-24,,1200,0,120615454,848-021/CELERY,BXCM5157,Furniture - Bedroom,PG Upholstery - Core,1,50.0,
238939,"Braxton Culler, Inc NC 27350",13208,"CCNC Operations, LLC dba Braxton Culler",12014593613,644974773,2026-03-22,2026-04-24,,600,0,39938239,1055-073/GREYSTONE,BXCM1607,Accent Furniture,PG Upholstery - Core,1,25.0,
238939,"Braxton Culler, Inc NC 27350",13208,"CCNC Operations, LLC dba Braxton Culler",12060748619,644495711,2026-03-20,2026-04-24,,600,0,50078502,1023-071/HONEY,BXCM1782,Entertainment Furniture,PG Upholstery - Core,0,25.0,
238939,"Braxton Culler, Inc NC 27350",13208,"CCNC Operations, LLC dba Braxton Culler",12065074769,644785824,2026-03-22,2026-04-24,,600,0,65519098,1031-072/CELERY,BXCM4523,Entertainment Furniture,PG Upholstery - Core,0,25.0,
238939,"Braxton Culler, Inc NC 27350",13208,"CCNC Operations, LLC dba Braxton Culler",12116816482,644488315,2026-03-20,2026-04-24,,600,0,27774932,818-044/HAVANA,BXCL1785,Furniture - Bedroom,PG Upholstery - Core,1,25.0,
238939,"Braxton Culler, Inc NC 27350",13208,"CCNC Operations, LLC dba Braxton Culler",12120493742,644753642,2026-03-22,2026-04-24,,600,0,130057121,970-028/0268-54/AGEDBARREL,BXCM1751,Furniture - Kitchen and Dining,PG Upholstery - Core,1,25.0,
238939,"Braxton Culler, Inc NC 27350",13208,"CCNC Operations, LLC dba Braxton Culler",12101282371,644174889,2026-03-19,2026-04-23,,600,0,115190710,1023-094/0611-56/OCEAN,BXCM5030,Accent Furniture,PG Upholstery - Core,1,25.0,
238939,"Braxton Culler, Inc NC 27350",13208,"CCNC Operations, LLC dba Braxton Culler",12117195285,644290974,2026-03-19,2026-04-23,,600,0,27529538,979-075/GL0999-098/Bisque,BXCL1175,Furniture - Kitchen and Dining,PG Upholstery - Core,1,25.0,
238939,"Braxton Culler, Inc NC 27350",13208,"CCNC Operations, LLC dba Braxton Culler",12100309141,644096942,2026-03-18,2026-04-22,,600,0,121569836,1023-071/WILLOW,BXCM1782,Entertainment Furniture,PG Upholstery - Core,0,25.0,
238939,"Braxton Culler, Inc NC 27350",13208,"CCNC Operations, LLC dba Braxton Culler",12100309811,644096942,2026-03-18,2026-04-22,,600,0,121569841,1023-072/WILLOW,BXCM1783,Entertainment Furniture,PG Upholstery - Core,0,25.0,
238939,"Braxton Culler, Inc NC 27350",13208,"CCNC Operations, LLC dba Braxton Culler",12111410382,644080246,2026-03-18,2026-04-22,,600,0,65519098,1031-072/CELERY,BXCM4523,Entertainment Furniture,PG Upholstery - Core,0,25.0,
238939,"Braxton Culler, Inc NC 27350",13208,"CCNC Operations, LLC dba Braxton Culler",12111637472,644100872,2026-03-18,2026-04-22,,600,0,64848868,1046-009/0126-73/ANTBLACK,BXCM3779,Upholstery - Core,PG Upholstery - Core,0,25.0,
238939,"Braxton Culler, Inc NC 27350",13208,"CCNC Operations, LLC dba Braxton Culler",12112072442,644127323,2026-03-18,2026-04-22,,600,0,107543505,809-144G/SEAGLASS,BXCM4487,Furniture - Bedroom,PG Upholstery - Core,1,25.0,
238939,"Braxton Culler, Inc NC 27350",13208,"CCNC Operations, LLC dba Braxton Culler",12097082391,643864174,2026-03-17,2026-04-21,,600,0,107543505,809-144G/SEAGLASS,BXCM4487,Furniture - Bedroom,PG Upholstery - Core,1,25.0,
238939,"Braxton Culler, Inc NC 27350",13208,"CCNC Operations, LLC dba Braxton Culler",11997757203,643782856,2026-03-16,2026-04-20,,600,0,126210917,838-072/TRUFFLE,BXCM5133,Entertainment Furniture,PG Upholstery - Core,0,25.0,
238939,"Braxton Culler, Inc NC 27350",13208,"CCNC Operations, LLC dba Braxton Culler",12045923639,643496260,2026-03-15,2026-04-17,,600,0,112879639,838-072/COFFEE,BXCM5133,Entertainment Furniture,PG Upholstery - Core,1,25.0,
238939,"Braxton Culler, Inc NC 27350",13208,"CCNC Operations, LLC dba Braxton Culler",12088163281,643182756,2026-03-13,2026-04-17,,600,0,65523461,1031-071/SEAGLASS,BXCM4529,Entertainment Furniture,PG Upholstery - Core,1,25.0,
238939,"Braxton Culler, Inc NC 27350",13208,"CCNC Operations, LLC dba Braxton Culler",12090746291,643375776,2026-03-14,2026-04-17,,600,0,121568795,1046-171/OCEAN,BXCL1408,Entertainment Furniture,PG Upholstery - Core,1,25.0,
238939,"Braxton Culler, Inc NC 27350",13208,"CCNC Operations, LLC dba Braxton Culler",12093256681,643554284,2026-03-15,2026-04-17,,600,0,92022384,914-071/HAVANA,BXCL1149,Entertainment Furniture,PG Upholstery - Core,1,25.0,
238939,"Braxton Culler, Inc NC 27350",13208,"CCNC Operations, LLC dba Braxton Culler",12102168895,643178570,2026-03-13,2026-04-17,,600,0,130065744,818-094/0851-55/AGEDBARREL,BXCM4596,Accent Furniture,PG Upholstery - Core,1,25.0,
238939,"Braxton Culler, Inc NC 27350",13208,"CCNC Operations, LLC dba Braxton Culler",12102206095,643181788,2026-03-13,2026-04-17,,600,0,96985877,970-012/0886-91/CELERY,BXCM5029,Furniture - Kitchen and Dining,PG Upholstery - Core,0,25.0,
238939,"Braxton Culler, Inc NC 27350",13208,"CCNC Operations, LLC dba Braxton Culler",11281280646,642745374,2026-03-10,2026-04-14,,600,0,129448736,1072-071/AGEDBARREL,BXCM5716,Entertainment Furniture,PG Upholstery - Core,1,25.0,
238939,"Braxton Culler, Inc NC 27350",13208,"CCNC Operations, LLC dba Braxton Culler",11980715633,642635390,2026-03-10,2026-04-14,,600,0,107543493,809-044G/SEAGLASS,BXCM4486,Furniture - Bedroom,PG Upholstery - Core,1,25.0,
238939,"Braxton Culler, Inc NC 27350",13208,"CCNC Operations, LLC dba Braxton Culler",11980715813,642635390,2026-03-10,2026-04-14,,600,0,107543493,809-044G/SEAGLASS,BXCM4486,Furniture - Bedroom,PG Upholstery - Core,1,25.0,
238939,"Braxton Culler, Inc NC 27350",13208,"CCNC Operations, LLC dba Braxton Culler",12033753979,642733834,2026-03-10,2026-04-14,,600,0,115194406,818-094/0317-85/WILLOW,BXCM4596,Accent Furniture,PG Upholstery - Core,0,25.0,
238939,"Braxton Culler, Inc NC 27350",13208,"CCNC Operations, LLC dba Braxton Culler",12081446311,642675716,2026-03-10,2026-04-14,,600,0,115199531,807-021/OCEAN,BXCM1655,Furniture - Bedroom,PG Upholstery - Core,1,25.0,
238939,"Braxton Culler, Inc NC 27350",13208,"CCNC Operations, LLC dba Braxton Culler",11273048306,642450774,2026-03-04,2026-04-13,,600,0,27774927,818-044/CELERY,BXCL1785,Furniture - Bedroom,PG Upholstery - Core,1,25.0,
238939,"Braxton Culler, Inc NC 27350",13208,"CCNC Operations, LLC dba Braxton Culler",11273048386,642450774,2026-03-04,2026-04-13,,600,0,96985085,970-012/0321-91/CELERY,BXCM5029,Furniture - Kitchen and Dining,PG Upholstery - Core,1,25.0,
238939,"Braxton Culler, Inc NC 27350",13208,"CCNC Operations, LLC dba Braxton Culler",12029401879,642437854,2026-03-09,2026-04-13,,600,0,121569785,818-044/MUSHROOM,BXCL1785,Furniture - Bedroom,PG Upholstery - Core,1,25.0,
238939,"Braxton Culler, Inc NC 27350",13208,"CCNC Operations, LLC dba Braxton Culler",12092657405,642459640,2026-03-09,2026-04-13,,600,0,82263799,934-072/COFFEE,BXCL1152,Entertainment Furniture,PG Upholstery - Core,0,25.0,
238939,"Braxton Culler, Inc NC 27350",13208,"CCNC Operations, LLC dba Braxton Culler",12094105315,642566416,2026-03-09,2026-04-13,,600,0,130064135,809-094/0884-91/PUMICE,BXCM4490,Accent Furniture,PG Upholstery - Core,0,25.0,
238939,"Braxton Culler, Inc NC 27350",13208,"CCNC Operations, LLC dba Braxton Culler",11316838607,641971791,2026-03-06,2026-04-10,,600,0,117123065,1031-009/0425-81/JAVA,BXCM4525,Upholstery - Core,PG Upholstery - Core,0,25.0,
238939,"Braxton Culler, Inc NC 27350",13208,"CCNC Operations, LLC dba Braxton Culler",12073746691,642070251,2026-03-07,2026-04-10,,600,0,121569828,1024-122/SEAGLASS,BXCM1641,Entertainment Furniture,PG Upholstery - Core,1,25.0,
238939,"Braxton Culler, Inc NC 27350",13208,"CCNC Operations, LLC dba Braxton Culler",12073838531,642076575,2026-03-07,2026-04-10,,600,0,39810086,1046-171/NAVY,BXCL1408,Entertainment Furniture,PG Upholstery - Core,1,25.0,
238939,"Braxton Culler, Inc NC 27350",13208,"CCNC Operations, LLC dba Braxton Culler",12076125901,642330060,2026-03-08,2026-04-10,,600,0,64523637,520-009/0126-63/HAVANA,BXCL1512,Upholstery - Core,PG Upholstery - Core,0,25.0,
238939,"Braxton Culler, Inc NC 27350",13208,"CCNC Operations, LLC dba Braxton Culler",12083795292,641992633,2026-03-06,2026-04-10,,600,0,118542933,1031-009/0809-33/CELERY,BXCM4525,Upholstery - Core,PG Upholstery - Core,0,25.0,
238939,"Braxton Culler, Inc NC 27350",13208,"CCNC Operations, LLC dba Braxton Culler",12090624255,642284793,2026-03-08,2026-04-10,,600,0,121568671,1054-073/OCEAN,BXCM1606,Accent Furniture,PG Upholstery - Core,1,25.0,
238939,"Braxton Culler, Inc NC 27350",13208,"CCNC Operations, LLC dba Braxton Culler",12070823491,641847171,2026-03-05,2026-04-09,,600,0,133327566,1024-022/MINERAL,BXCM1640,Entertainment Furniture,PG Upholstery - Core,1,25.0,
238939,"Braxton Culler, Inc NC 27350",13208,"CCNC Operations, LLC dba Braxton Culler",11967039873,641655372,2026-03-04,2026-04-08,,600,0,92022962,1024-022/SEAGLASS,BXCM1640,Entertainment Furniture,PG Upholstery - Core,1,25.0,
238939,"Braxton Culler, Inc NC 27350",13208,"CCNC Operations, LLC dba Braxton Culler",12067163071,641559432,2026-03-04,2026-04-08,,600,0,121569828,1024-122/SEAGLASS,BXCM1641,Entertainment Furniture,PG Upholstery - Core,1,25.0,
238939,"Braxton Culler, Inc NC 27350",13208,"CCNC Operations, LLC dba Braxton Culler",12013798949,641336141,2026-03-02,2026-04-06,,600,0,130053327,1966-071/PUMICE,BXCM4736,Entertainment Furniture,PG Upholstery - Core,1,25.0,
238939,"Braxton Culler, Inc NC 27350",13208,"CCNC Operations, LLC dba Braxton Culler",12062037171,641160230,2026-03-02,2026-04-06,,600,0,82263796,934-072/ANTFROSTWHITE,BXCL1152,Entertainment Furniture,PG Upholstery - Core,1,25.0,
238939,"Braxton Culler, Inc NC 27350",13208,"CCNC Operations, LLC dba Braxton Culler",12062735841,641212384,2026-03-02,2026-04-06,,600,0,107543495,809-044G/ANTIQUEFROST,BXCM4486,Furniture - Bedroom,PG Upholstery - Core,1,25.0,
238939,"Braxton Culler, Inc NC 27350",13208,"CCNC Operations, LLC dba Braxton Culler",11907992833,640594480,2026-02-27,2026-04-03,,600,0,25866940,914-071/HONEY,BXCL1149,Entertainment Furniture,PG Upholstery - Core,1,25.0,
238939,"Braxton Culler, Inc NC 27350",13208,"CCNC Operations, LLC dba Braxton Culler",11950103113,640675825,2026-02-27,2026-04-03,,600,0,130053177,1031-072/PUMICE,BXCM4523,Entertainment Furniture,PG Upholstery - Core,0,25.0,
238939,"Braxton Culler, Inc NC 27350",13208,"CCNC Operations, LLC dba Braxton Culler",11950103133,640675825,2026-02-27,2026-04-03,,600,0,130053167,1031-071/PUMICE,BXCM4529,Entertainment Furniture,PG Upholstery - Core,0,25.0,
238939,"Braxton Culler, Inc NC 27350",13208,"CCNC Operations, LLC dba Braxton Culler",12003971679,640630780,2026-02-27,2026-04-03,,600,0,120615455,848-020/CELERY,BXCM5157,Furniture - Bedroom,PG Upholstery - Core,1,25.0,
238939,"Braxton Culler, Inc NC 27350",13208,"CCNC Operations, LLC dba Braxton Culler",12062570562,640319336,2026-02-25,2026-04-01,,600,0,65523468,1031-122/BISQUE,BXCM4528,Entertainment Furniture,PG Upholstery - Core,1,25.0,
238939,"Braxton Culler, Inc NC 27350",13208,"CCNC Operations, LLC dba Braxton Culler",12048684591,640099411,2026-02-24,2026-03-31,,600,0,126211014,1045-071/AGEDBARREL,BXCM5150,Entertainment Furniture,PG Upholstery - Core,1,25.0,
238939,"Braxton Culler, Inc NC 27350",13208,"CCNC Operations, LLC dba Braxton Culler",11260105996,639630938,2026-02-21,2026-03-27,,600,0,130076710,1977-075/GL0999-098/AGEDBARREL,BXCM1667,Furniture - Kitchen and Dining,PG Upholstery - Core,1,25.0,
238939,"Braxton Culler, Inc NC 27350",13208,"CCNC Operations, LLC dba Braxton Culler",11938622133,639634252,2026-02-21,2026-03-27,,600,0,130053182,1031-122/AGEDBARREL,BXCM4528,Entertainment Furniture,PG Upholstery - Core,1,25.0,
238939,"Braxton Culler, Inc NC 27350",13208,"CCNC Operations, LLC dba Braxton Culler",11986318149,639433984,2026-02-20,2026-03-27,,600,0,55220047,1046-194/0865-91/SEAGLASS,BXCM3777,Accent Furniture,PG Upholstery - Core,1,25.0,
238939,"Braxton Culler, Inc NC 27350",13208,"CCNC Operations, LLC dba Braxton Culler",12039060341,639590541,2026-02-21,2026-03-27,,600,0,92022384,914-071/HAVANA,BXCL1149,Entertainment Furniture,PG Upholstery - Core,1,25.0,
238939,"Braxton Culler, Inc NC 27350",13208,"CCNC Operations, LLC dba Braxton Culler",12041238401,639558727,2026-02-21,2026-03-27,,600,0,65523454,1031-071/HONEY,BXCM4529,Entertainment Furniture,PG Upholstery - Core,1,25.0,
238939,"Braxton Culler, Inc NC 27350",13208,"CCNC Operations, LLC dba Braxton Culler",12044187741,639764148,2026-02-22,2026-03-27,,600,0,50078506,1023-071/NAVY,BXCM1782,Entertainment Furniture,PG Upholstery - Core,0,25.0,
238939,"Braxton Culler, Inc NC 27350",13208,"CCNC Operations, LLC dba Braxton Culler",12044777791,639808367,2026-02-22,2026-03-27,,600,0,65523467,1031-122/ANTFROSTWHITE,BXCM4528,Entertainment Furniture,PG Upholstery - Core,1,25.0,
238939,"Braxton Culler, Inc NC 27350",13208,"CCNC Operations, LLC dba Braxton Culler",11933622183,639292007,2026-02-19,2026-03-26,,600,0,80206771,807-020/SEAGLASS,BXCM1655,Furniture - Bedroom,PG Upholstery - Core,1,25.0,
238939,"Braxton Culler, Inc NC 27350",13208,"CCNC Operations, LLC dba Braxton Culler",11933622363,639292007,2026-02-19,2026-03-26,,600,0,80206771,807-020/SEAGLASS,BXCM1655,Furniture - Bedroom,PG Upholstery - Core,1,25.0,
238939,"Braxton Culler, Inc NC 27350",13208,"CCNC Operations, LLC dba Braxton Culler",12048606525,639241168,2026-02-19,2026-03-26,,600,0,41693024,1977-075/GL0999-098/FROSTWHITE,BXCM1667,Furniture - Kitchen and Dining,PG Upholstery - Core,1,25.0,
238939,"Braxton Culler, Inc NC 27350",13208,"CCNC Operations, LLC dba Braxton Culler",11981604299,639169070,2026-02-18,2026-03-25,,600,0,27529521,979-075/GL0999-061/Celery,BXCL1175,Furniture - Kitchen and Dining,PG Upholstery - Core,1,25.0,
238939,"Braxton Culler, Inc NC 27350",13208,"CCNC Operations, LLC dba Braxton Culler",11290606837,638837225,2026-02-16,2026-03-23,,600,0,65045654,809-044/CELERY,BXCM4486,Furniture - Bedroom,PG Upholstery - Core,1,25.0,
238939,"Braxton Culler, Inc NC 27350",13208,"CCNC Operations, LLC dba Braxton Culler",11976384989,638672530,2026-02-16,2026-03-23,,600,0,121569840,1023-072/PACIFIC,BXCM1783,Entertainment Furniture,PG Upholstery - Core,1,25.0,
238939,"Braxton Culler, Inc NC 27350",13208,"CCNC Operations, LLC dba Braxton Culler",11976743419,638703540,2026-02-16,2026-03-23,,600,0,55221843,1046-009/0268-54/NAVY,BXCM3779,Upholstery - Core,PG Upholstery - Core,1,25.0,
238939,"Braxton Culler, Inc NC 27350",13208,"CCNC Operations, LLC dba Braxton Culler",12029356091,638638270,2026-02-16,2026-03-23,,600,0,27774941,818-044/FROSTWHITE,BXCL1785,Furniture - Bedroom,PG Upholstery - Core,1,25.0,
238939,"Braxton Culler, Inc NC 27350",13208,"CCNC Operations, LLC dba Braxton Culler",12021937811,638051664,2026-02-13,2026-03-20,,600,0,92023027,1023-072/ANTFROSTWHITE,BXCM1783,Entertainment Furniture,PG Upholstery - Core,1,25.0,
238939,"Braxton Culler, Inc NC 27350",13208,"CCNC Operations, LLC dba Braxton Culler",12025037171,638397610,2026-02-15,2026-03-20,,600,0,80206771,807-020/SEAGLASS,BXCM1655,Furniture - Bedroom,PG Upholstery - Core,1,25.0,
238939,"Braxton Culler, Inc NC 27350",13208,"CCNC Operations, LLC dba Braxton Culler",12027281731,638454333,2026-02-15,2026-03-20,,600,0,65523482,1031-122/HAVANA,BXCM4528,Entertainment Furniture,PG Upholstery - Core,1,25.0,
238939,"Braxton Culler, Inc NC 27350",13208,"CCNC Operations, LLC dba Braxton Culler",11965650809,637940294,2026-02-12,2026-03-19,,600,0,64831224,1046-094/0884-91/SEAGLASS,BXCM3776,Accent Furniture,PG Upholstery - Core,1,25.0,
238939,"Braxton Culler, Inc NC 27350",13208,"CCNC Operations, LLC dba Braxton Culler",11991290551,637770847,2026-02-11,2026-03-18,,600,0,112879703,838-022/COFFEE,BXCM5138,Entertainment Furniture,PG Upholstery - Core,1,25.0,
238939,"Braxton Culler, Inc NC 27350",13208,"CCNC Operations, LLC dba Braxton Culler",11285897397,637694695,2026-02-10,2026-03-17,,600,0,96065106,1046-009/0321-91/CELERY,BXCM3779,Upholstery - Core,PG Upholstery - Core,1,25.0,
238939,"Braxton Culler, Inc NC 27350",13208,"CCNC Operations, LLC dba Braxton Culler",12015875201,637595571,2026-02-10,2026-03-17,,600,0,82263810,934-072/SEAGLASS,BXCL1152,Entertainment Furniture,PG Upholstery - Core,1,25.0,
238939,"Braxton Culler, Inc NC 27350",13208,"CCNC Operations, LLC dba Braxton Culler",11958249869,637455915,2026-02-09,2026-03-16,,600,0,65523482,1031-122/HAVANA,BXCM4528,Entertainment Furniture,PG Upholstery - Core,1,25.0,
238939,"Braxton Culler, Inc NC 27350",13208,"CCNC Operations, LLC dba Braxton Culler",12024467932,637423895,2026-02-09,2026-03-16,,600,0,65519098,1031-072/CELERY,BXCM4523,Entertainment Furniture,PG Upholstery - Core,0,25.0,
238939,"Braxton Culler, Inc NC 27350",13208,"CCNC Operations, LLC dba Braxton Culler",12024467942,637423895,2026-02-09,2026-03-16,,600,0,65523443,1031-071/CELERY,BXCM4529,Entertainment Furniture,PG Upholstery - Core,0,25.0,
238939,"Braxton Culler, Inc NC 27350",13208,"CCNC Operations, LLC dba Braxton Culler",11954799169,637216563,2026-02-08,2026-03-13,,600,0,92022745,1055-073/CELERY,BXCM1607,Accent Furniture,PG Upholstery - Core,1,25.0,
238939,"Braxton Culler, Inc NC 27350",13208,"CCNC Operations, LLC dba Braxton Culler",12006993961,636966380,2026-02-06,2026-03-13,,600,0,92022993,1055-171/COFFEE,BXCM1648,Entertainment Furniture,PG Upholstery - Core,1,25.0,
238939,"Braxton Culler, Inc NC 27350",13208,"CCNC Operations, LLC dba Braxton Culler",12009223021,637113801,2026-02-07,2026-03-13,,600,0,120615455,848-020/CELERY,BXCM5157,Furniture - Bedroom,PG Upholstery - Core,1,25.0,
238939,"Braxton Culler, Inc NC 27350",13208,"CCNC Operations, LLC dba Braxton Culler",12010986101,637223226,2026-02-08,2026-03-13,,600,0,112879565,838-071/JAVA,BXCM5134,Entertainment Furniture,PG Upholstery - Core,1,25.0,
238939,"Braxton Culler, Inc NC 27350",13208,"CCNC Operations, LLC dba Braxton Culler",12011264091,637276346,2026-02-08,2026-03-13,,600,0,121568993,914-072/PACIFIC,BXCL1150,Entertainment Furniture,PG Upholstery - Core,1,25.0,
238939,"Braxton Culler, Inc NC 27350",13208,"CCNC Operations, LLC dba Braxton Culler",12012950961,637372868,2026-02-09,2026-03-13,,600,0,133327566,1024-022/MINERAL,BXCM1640,Entertainment Furniture,PG Upholstery - Core,1,25.0,
238939,"Braxton Culler, Inc NC 27350",13208,"CCNC Operations, LLC dba Braxton Culler",12022248885,637096402,2026-02-07,2026-03-13,,600,0,25866871,907-171/JAVA,BXCL1145,Entertainment Furniture,PG Upholstery - Core,1,25.0,
238939,"Braxton Culler, Inc NC 27350",13208,"CCNC Operations, LLC dba Braxton Culler",12025480825,637316085,2026-02-08,2026-03-13,,600,0,50079143,1023-072/FROSTWHITE,BXCM1783,Entertainment Furniture,PG Upholstery - Core,1,25.0,
238939,"Braxton Culler, Inc NC 27350",13208,"CCNC Operations, LLC dba Braxton Culler",11238577956,636698611,2026-02-04,2026-03-11,,600,0,65523483,1031-122/HONEY,BXCM4528,Entertainment Furniture,PG Upholstery - Core,1,25.0,
238939,"Braxton Culler, Inc NC 27350",13208,"CCNC Operations, LLC dba Braxton Culler",12002041181,636626075,2026-02-04,2026-03-11,,600,0,107543493,809-044G/SEAGLASS,BXCM4486,Furniture - Bedroom,PG Upholstery - Core,1,25.0,
238939,"Braxton Culler, Inc NC 27350",13208,"CCNC Operations, LLC dba Braxton Culler",12016365405,636695362,2026-02-04,2026-03-11,,600,0,132839367,838-071/FLAX,BXCM5134,Entertainment Furniture,PG Upholstery - Core,1,25.0,
238939,"Braxton Culler, Inc NC 27350",13208,"CCNC Operations, LLC dba Braxton Culler",11893527963,636509160,2026-02-03,2026-03-10,,600,1,126210860,1054-171/AGEDBARREL,BXCM1647,Entertainment Furniture,PG Upholstery - Core,1,25.0,
238939,"Braxton Culler, Inc NC 27350",13208,"CCNC Operations, LLC dba Braxton Culler",11938064799,636156864,2026-02-01,2026-03-06,,600,1,126210847,1054-073/AGEDBARREL,BXCM1606,Accent Furniture,PG Upholstery - Core,1,25.0,
238939,"Braxton Culler, Inc NC 27350",13208,"CCNC Operations, LLC dba Braxton Culler",11993015821,635962687,2026-01-31,2026-03-06,,600,1,39938218,1054-073/FROSTWHITE,BXCM1606,Accent Furniture,PG Upholstery - Core,1,25.0,
238939,"Braxton Culler, Inc NC 27350",13208,"CCNC Operations, LLC dba Braxton Culler",12005997622,636083033,2026-02-01,2026-03-06,,600,1,92022476,953-072/ANTFROSTWHITE,BXCL1161,Entertainment Furniture,PG Upholstery - Core,1,25.0,
238939,"Braxton Culler, Inc NC 27350",13208,"CCNC Operations, LLC dba Braxton Culler",12003378605,635744614,2026-01-29,2026-03-05,,600,1,50078502,1023-071/HONEY,BXCM1782,Entertainment Furniture,PG Upholstery - Core,0,25.0,
238939,"Braxton Culler, Inc NC 27350",13208,"CCNC Operations, LLC dba Braxton Culler",11878195033,635497057,2026-01-28,2026-03-04,,600,0,116811961,773-009/0809-63/HAVANA,BXCL1562,Upholstery - Core,PG Upholstery - Core,1,25.0,
238939,"Braxton Culler, Inc NC 27350",13208,"CCNC Operations, LLC dba Braxton Culler",11984839192,635421176,2026-01-27,2026-03-03,,600,0,92022962,1024-022/SEAGLASS,BXCM1640,Entertainment Furniture,PG Upholstery - Core,1,25.0,
238939,"Braxton Culler, Inc NC 27350",13208,"CCNC Operations, LLC dba Braxton Culler",11997076642,635459440,2026-01-27,2026-03-03,,600,0,50078502,1023-071/HONEY,BXCM1782,Entertainment Furniture,PG Upholstery - Core,0,25.0,
238939,"Braxton Culler, Inc NC 27350",13208,"CCNC Operations, LLC dba Braxton Culler",11997488785,635336900,2026-01-27,2026-03-03,,600,0,112879639,838-072/COFFEE,BXCM5133,Entertainment Furniture,PG Upholstery - Core,1,25.0,
238939,"Braxton Culler, Inc NC 27350",13208,"CCNC Operations, LLC dba Braxton Culler",11998346555,635393740,2026-01-27,2026-03-03,,600,0,65363525,539-005/0865-91,BXCM4518,Upholstery - Core,PG Upholstery - Core,1,25.0,
238939,"Braxton Culler, Inc NC 27350",13208,"CCNC Operations, LLC dba Braxton Culler",11998495645,635403124,2026-01-27,2026-03-03,,600,0,50078502,1023-071/HONEY,BXCM1782,Entertainment Furniture,PG Upholstery - Core,0,25.0,
238939,"Braxton Culler, Inc NC 27350",13208,"CCNC Operations, LLC dba Braxton Culler",11979885932,635193657,2026-01-26,2026-03-02,,600,0,50079143,1023-072/FROSTWHITE,BXCM1783,Entertainment Furniture,PG Upholstery - Core,1,25.0,
238939,"Braxton Culler, Inc NC 27350",13208,"CCNC Operations, LLC dba Braxton Culler",11867600703,634843079,2026-01-24,2026-02-27,,600,0,115121990,970-028/0884-91/OCEAN,BXCM1751,Furniture - Kitchen and Dining,PG Upholstery - Core,1,25.0,
238939,"Braxton Culler, Inc NC 27350",13208,"CCNC Operations, LLC dba Braxton Culler",11914684799,634760658,2026-01-23,2026-02-27,,600,0,129448690,1072-072/AGEDBARREL,BXCM5715,Entertainment Furniture,PG Upholstery - Core,1,25.0,
238939,"Braxton Culler, Inc NC 27350",13208,"CCNC Operations, LLC dba Braxton Culler",11988134672,634846949,2026-01-24,2026-02-27,,600,0,96987178,1023-094/0865-91/FROSTWHITE,BXCM5030,Accent Furniture,PG Upholstery - Core,1,25.0,
238939,"Braxton Culler, Inc NC 27350",13208,"CCNC Operations, LLC dba Braxton Culler",11993051225,635020790,2026-01-25,2026-02-27,,600,0,50078506,1023-071/NAVY,BXCM1782,Entertainment Furniture,PG Upholstery - Core,1,25.0,
238939,"Braxton Culler, Inc NC 27350",13208,"CCNC Operations, LLC dba Braxton Culler",11261074177,634677026,2026-01-22,2026-02-26,,600,0,27774932,818-044/HAVANA,BXCL1785,Furniture - Bedroom,PG Upholstery - Core,1,25.0,
238939,"Braxton Culler, Inc NC 27350",13208,"CCNC Operations, LLC dba Braxton Culler",11912177229,634605992,2026-01-22,2026-02-26,,600,0,134183457,1071-070/CELERY,BXCM5713,Entertainment Furniture,PG Upholstery - Core,1,25.0,
238939,"Braxton Culler, Inc NC 27350",13208,"CCNC Operations, LLC dba Braxton Culler",11861108133,634460066,2026-01-21,2026-02-25,,600,0,107543505,809-144G/SEAGLASS,BXCM4487,Furniture - Bedroom,PG Upholstery - Core,1,25.0,
238939,"Braxton Culler, Inc NC 27350",13208,"CCNC Operations, LLC dba Braxton Culler",11861574413,634498573,2026-01-21,2026-02-25,,600,0,93315431,818-049/CELERY,BXCM4734,Decorative Accent - Wall Accents,PG Upholstery - Core,1,25.0,
238939,"Braxton Culler, Inc NC 27350",13208,"CCNC Operations, LLC dba Braxton Culler",11908273639,634499247,2026-01-21,2026-02-25,,600,0,116552211,767-009M/0643-61,BXCM5143,Upholstery - Core,PG Upholstery - Core,1,25.0,
238939,"Braxton Culler, Inc NC 27350",13208,"CCNC Operations, LLC dba Braxton Culler",11970734521,634430971,2026-01-21,2026-02-25,,600,0,107543495,809-044G/ANTIQUEFROST,BXCM4486,Furniture - Bedroom,PG Upholstery - Core,1,25.0,
238939,"Braxton Culler, Inc NC 27350",13208,"CCNC Operations, LLC dba Braxton Culler",11981031752,634450608,2026-01-21,2026-02-25,,600,0,39993219,1064-049/NAVY,BXCM1619,Decorative Accent - Wall Accents,PG Upholstery - Core,0,25.0,
238939,"Braxton Culler, Inc NC 27350",13208,"CCNC Operations, LLC dba Braxton Culler",11972951912,634320497,2026-01-20,2026-02-24,,600,0,65523438,1031-071/ANTFROSTWHITE,BXCM4529,Entertainment Furniture,PG Upholstery - Core,1,25.0,
238939,"Braxton Culler, Inc NC 27350",13208,"CCNC Operations, LLC dba Braxton Culler",11983020085,634361932,2026-01-20,2026-02-24,,600,0,126221212,1019-009XP/0107-84/TRUFFLE,BXCM3770,Upholstery - Core,PG Upholstery - Core,1,25.0,
238939,"Braxton Culler, Inc NC 27350",13208,"CCNC Operations, LLC dba Braxton Culler",11856526493,634148678,2026-01-19,2026-02-23,,600,0,112879554,838-071/ANTIQUEBLACK,BXCM5134,Entertainment Furniture,PG Upholstery - Core,1,25.0,
238939,"Braxton Culler, Inc NC 27350",13208,"CCNC Operations, LLC dba Braxton Culler",11964919582,634128687,2026-01-19,2026-02-23,,600,0,121568762,1064-049/OCEAN,BXCM1619,Decorative Accent - Wall Accents,PG Upholstery - Core,1,25.0,
238939,"Braxton Culler, Inc NC 27350",13208,"CCNC Operations, LLC dba Braxton Culler",11966938821,634151927,2026-01-19,2026-02-23,,600,0,90138362,807-044GL/CELERY,BXCM1657,Furniture - Bedroom,PG Upholstery - Core,1,25.0,
238939,"Braxton Culler, Inc NC 27350",13208,"CCNC Operations, LLC dba Braxton Culler",11847667023,633558643,2026-01-16,2026-02-20,,600,0,41438763,1024-022/HAVANA,BXCM1640,Entertainment Furniture,PG Upholstery - Core,1,25.0,
238939,"Braxton Culler, Inc NC 27350",13208,"CCNC Operations, LLC dba Braxton Culler",11847667063,633558643,2026-01-16,2026-02-20,,600,0,41438763,1024-022/HAVANA,BXCM1640,Entertainment Furniture,PG Upholstery - Core,1,25.0,
238939,"Braxton Culler, Inc NC 27350",13208,"CCNC Operations, LLC dba Braxton Culler",11848289633,633601915,2026-01-16,2026-02-20,,600,0,39993212,1064-049/FROSTWHITE,BXCM1619,Decorative Accent - Wall Accents,PG Upholstery - Core,1,25.0,
238939,"Braxton Culler, Inc NC 27350",13208,"CCNC Operations, LLC dba Braxton Culler",11967803565,633605316,2026-01-16,2026-02-20,,600,0,25866948,914-072/JAVA,BXCL1150,Entertainment Furniture,PG Upholstery - Core,1,25.0,
238939,"Braxton Culler, Inc NC 27350",13208,"CCNC Operations, LLC dba Braxton Culler",11970068242,633590459,2026-01-16,2026-02-20,,600,0,130053332,807-049/AGEDBARREL,BXCM1656,Decorative Accent - Wall Accents,PG Upholstery - Core,1,25.0,
238939,"Braxton Culler, Inc NC 27350",13208,"CCNC Operations, LLC dba Braxton Culler",11845470153,633410601,2026-01-15,2026-02-19,,600,0,65523483,1031-122/HONEY,BXCM4528,Entertainment Furniture,PG Upholstery - Core,1,25.0,
238939,"Braxton Culler, Inc NC 27350",13208,"CCNC Operations, LLC dba Braxton Culler",11842121253,633207414,2026-01-13,2026-02-18,,600,0,129448690,1072-072/AGEDBARREL,BXCM5715,Entertainment Furniture,PG Upholstery - Core,1,25.0,
238939,"Braxton Culler, Inc NC 27350",13208,"CCNC Operations, LLC dba Braxton Culler",11885519109,632900520,2026-01-11,2026-02-16,,600,0,93315431,818-049/CELERY,BXCM4734,Decorative Accent - Wall Accents,PG Upholstery - Core,1,25.0,
238939,"Braxton Culler, Inc NC 27350",13208,"CCNC Operations, LLC dba Braxton Culler",11938788231,632766802,2026-01-11,2026-02-16,,600,0,129264003,150-023/0863-93,BXCM5656,Entertainment Furniture,PG Upholstery - Core,1,25.0,
238939,"Braxton Culler, Inc NC 27350",13208,"CCNC Operations, LLC dba Braxton Culler",11942602281,632438709,2026-01-09,2026-02-16,,600,0,43716287,549-005/0268-54,BXCM1676,Upholstery - Core,PG Upholstery - Core,1,25.0,
238939,"Braxton Culler, Inc NC 27350",13208,"CCNC Operations, LLC dba Braxton Culler",11948048811,632799980,2026-01-11,2026-02-16,,600,0,121568795,1046-171/OCEAN,BXCL1408,Entertainment Furniture,PG Upholstery - Core,1,25.0,
238939,"Braxton Culler, Inc NC 27350",13208,"CCNC Operations, LLC dba Braxton Culler",11948662531,632850017,2026-01-11,2026-02-16,,600,0,41693027,1977-075/GL0999-098/HAVANA,BXCM1667,Furniture - Kitchen and Dining,PG Upholstery - Core,1,25.0,
238939,"Braxton Culler, Inc NC 27350",13208,"CCNC Operations, LLC dba Braxton Culler",11954639485,632483953,2026-01-09,2026-02-16,,600,0,132839436,1912-070/MINERAL,BXCM5717,Entertainment Furniture,PG Upholstery - Core,1,25.0,
238939,"Braxton Culler, Inc NC 27350",13208,"CCNC Operations, LLC dba Braxton Culler",11956289952,632606778,2026-01-10,2026-02-16,,600,0,65523479,1031-122/FROSTWHITE,BXCM4528,Entertainment Furniture,PG Upholstery - Core,1,25.0,
238939,"Braxton Culler, Inc NC 27350",13208,"CCNC Operations, LLC dba Braxton Culler",11957012362,632659823,2026-01-10,2026-02-16,,600,0,65046140,809-144/FROSTWHITE,BXCM4487,Furniture - Bedroom,PG Upholstery - Core,1,25.0,
238939,"Braxton Culler, Inc NC 27350",13208,"CCNC Operations, LLC dba Braxton Culler",11957970662,632724255,2026-01-10,2026-02-16,,600,0,130076708,1977-075/GL0999-060/PUMICE,BXCM1667,Furniture - Kitchen and Dining,PG Upholstery - Core,1,25.0,
238939,"Braxton Culler, Inc NC 27350",13208,"CCNC Operations, LLC dba Braxton Culler",11958555375,632618550,2026-01-10,2026-02-16,,600,0,92023137,1031-071/NICKEL,BXCM4529,Entertainment Furniture,PG Upholstery - Core,1,25.0,
238939,"Braxton Culler, Inc NC 27350",13208,"CCNC Operations, LLC dba Braxton Culler",11959277105,632672285,2026-01-10,2026-02-16,,600,0,65523488,1031-122/NAVY,BXCM4528,Entertainment Furniture,PG Upholstery - Core,1,25.0,
238939,"Braxton Culler, Inc NC 27350",13208,"CCNC Operations, LLC dba Braxton Culler",11959792672,632843553,2026-01-11,2026-02-16,,600,0,129448304,1033-072/ANTFROSTWHITE,BXCM5696,Entertainment Furniture,PG Upholstery - Core,1,25.0,
238939,"Braxton Culler, Inc NC 27350",13208,"CCNC Operations, LLC dba Braxton Culler",11961180295,632790320,2026-01-11,2026-02-16,,600,0,121569865,838-022/CELERY,BXCM5138,Entertainment Furniture,PG Upholstery - Core,1,25.0,
238939,"Braxton Culler, Inc NC 27350",13208,"CCNC Operations, LLC dba Braxton Culler",11962077635,632859686,2026-01-11,2026-02-16,,600,0,112879697,838-022/BISQUE,BXCM5138,Entertainment Furniture,PG Upholstery - Core,1,25.0,
238939,"Braxton Culler, Inc NC 27350",13208,"CCNC Operations, LLC dba Braxton Culler",11829004993,632371656,2026-01-08,2026-02-13,,600,0,92022338,907-171/FROSTWHITE,BXCL1145,Entertainment Furniture,PG Upholstery - Core,1,25.0,
238939,"Braxton Culler, Inc NC 27350",13208,"CCNC Operations, LLC dba Braxton Culler",11238326407,632149798,2026-01-07,2026-02-12,,600,2,113150480,1048-072/BISQUE,BXCM5153,Entertainment Furniture,PG Upholstery - Core,1,25.0,
238939,"Braxton Culler, Inc NC 27350",13208,"CCNC Operations, LLC dba Braxton Culler",11199850806,631977749,2026-01-06,2026-02-11,,600,2,96987175,1023-094/0865-91/CELERY,BXCM5030,Accent Furniture,PG Upholstery - Core,1,25.0,
238939,"Braxton Culler, Inc NC 27350",13208,"CCNC Operations, LLC dba Braxton Culler",11820856953,631773609,2026-01-04,2026-02-10,,600,2,107543422,809-044G/NAVY,BXCM4486,Furniture - Bedroom,PG Upholstery - Core,1,25.0,
238939,"Braxton Culler, Inc NC 27350",13208,"CCNC Operations, LLC dba Braxton Culler",11868833789,631801144,2026-01-05,2026-02-10,,600,2,92022958,1024-022/COFFEE,BXCM1640,Entertainment Furniture,PG Upholstery - Core,1,25.0,
238939,"Braxton Culler, Inc NC 27350",13208,"CCNC Operations, LLC dba Braxton Culler",11930720611,631935304,2026-01-05,2026-02-10,,600,2,126210958,1054-171/PUMICE,BXCM1647,Entertainment Furniture,PG Upholstery - Core,1,25.0,
238939,"Braxton Culler, Inc NC 27350",13208,"CCNC Operations, LLC dba Braxton Culler",11945690632,631843417,2026-01-05,2026-02-10,,600,2,130076525,979-075/GL0999-098/AGEDBARREL,BXCL1175,Furniture - Kitchen and Dining,PG Upholstery - Core,1,25.0,
238939,"Braxton Culler, Inc NC 27350",13208,"CCNC Operations, LLC dba Braxton Culler",11948093275,631894887,2026-01-05,2026-02-10,,600,2,116550520,549-005/0425-53,BXCM1676,Upholstery - Core,PG Upholstery - Core,1,25.0,
238939,"Braxton Culler, Inc NC 27350",13208,"CCNC Operations, LLC dba Braxton Culler",11229984597,631076036,2026-01-01,2026-02-09,,600,2,133327587,818-144/FLAX,BXCL1753,Furniture - Bedroom,PG Upholstery - Core,1,25.0,
238939,"Braxton Culler, Inc NC 27350",13208,"CCNC Operations, LLC dba Braxton Culler",11232264357,631370600,2026-01-02,2026-02-09,,600,2,126211011,1045-273/AGEDBARREL,BXCM5146,Accent Furniture,PG Upholstery - Core,1,25.0,
238939,"Braxton Culler, Inc NC 27350",13208,"CCNC Operations, LLC dba Braxton Culler",11802058003,630872247,2025-12-31,2026-02-09,,600,2,107543505,809-144G/SEAGLASS,BXCM4487,Furniture - Bedroom,PG Upholstery - Core,1,25.0,
238939,"Braxton Culler, Inc NC 27350",13208,"CCNC Operations, LLC dba Braxton Culler",11810682969,630993751,2025-12-31,2026-02-09,,600,2,80206771,807-020/SEAGLASS,BXCM1655,Furniture - Bedroom,PG Upholstery - Core,1,25.0,
238939,"Braxton Culler, Inc NC 27350",13208,"CCNC Operations, LLC dba Braxton Culler",11921615091,630890067,2025-12-31,2026-02-09,,600,2,50078501,1023-071/HAVANA,BXCM1782,Entertainment Furniture,PG Upholstery - Core,0,25.0,
238939,"Braxton Culler, Inc NC 27350",13208,"CCNC Operations, LLC dba Braxton Culler",11921922191,630915630,2025-12-31,2026-02-09,,600,2,27082593,520-009/0863-91/HAVANA,BXCL1512,Upholstery - Core,PG Upholstery - Core,1,25.0,
238939,"Braxton Culler, Inc NC 27350",13208,"CCNC Operations, LLC dba Braxton Culler",11929840121,631506202,2026-01-03,2026-02-09,,600,2,90138362,807-044GL/CELERY,BXCM1657,Furniture - Bedroom,PG Upholstery - Core,1,25.0,
238939,"Braxton Culler, Inc NC 27350",13208,"CCNC Operations, LLC dba Braxton Culler",11934408185,630876216,2025-12-31,2026-02-09,,600,2,115176174,1046-194/0213-61/MUSHROOM,BXCM3777,Accent Furniture,PG Upholstery - Core,1,25.0,
238939,"Braxton Culler, Inc NC 27350",13208,"CCNC Operations, LLC dba Braxton Culler",11935168095,630940942,2025-12-31,2026-02-09,,600,2,65523483,1031-122/HONEY,BXCM4528,Entertainment Furniture,PG Upholstery - Core,1,25.0,
238939,"Braxton Culler, Inc NC 27350",13208,"CCNC Operations, LLC dba Braxton Culler",11938796732,631356935,2026-01-02,2026-02-09,,600,2,133815613,1046-171/MINERAL,BXCL1408,Entertainment Furniture,PG Upholstery - Core,1,25.0,
238939,"Braxton Culler, Inc NC 27350",13208,"CCNC Operations, LLC dba Braxton Culler",11939935045,631298817,2026-01-02,2026-02-09,,600,2,130063844,809-094/0219-61/PUMICE,BXCM4490,Accent Furniture,PG Upholstery - Core,1,25.0,
238939,"Braxton Culler, Inc NC 27350",13208,"CCNC Operations, LLC dba Braxton Culler",11942505612,631609248,2026-01-04,2026-02-09,,600,2,89428949,818-044/SEAGLASS,BXCL1785,Furniture - Bedroom,PG Upholstery - Core,1,25.0,
238939,"Braxton Culler, Inc NC 27350",13208,"CCNC Operations, LLC dba Braxton Culler",11908288505,630778646,2025-12-30,2026-02-06,,600,2,129448377,1912-122/HAVANA,BXCM5701,Entertainment Furniture,PG Upholstery - Core,1,25.0,
238939,"Braxton Culler, Inc NC 27350",13208,"CCNC Operations, LLC dba Braxton Culler",11931377572,630801564,2025-12-30,2026-02-06,,600,2,27774927,818-044/CELERY,BXCL1785,Furniture - Bedroom,PG Upholstery - Core,1,25.0,
238939,"Braxton Culler, Inc NC 27350",13208,"CCNC Operations, LLC dba Braxton Culler",11931377592,630801564,2025-12-30,2026-02-06,,600,2,89428984,818-144/COFFEE,BXCL1753,Furniture - Bedroom,PG Upholstery - Core,1,25.0,
238939,"Braxton Culler, Inc NC 27350",13208,"CCNC Operations, LLC dba Braxton Culler",11932712555,630752726,2025-12-30,2026-02-06,,600,2,121573136,818-049/PACIFIC,BXCM4734,Decorative Accent - Wall Accents,PG Upholstery - Core,0,25.0,
238939,"Braxton Culler, Inc NC 27350",13208,"CCNC Operations, LLC dba Braxton Culler",11932715595,630752726,2025-12-30,2026-02-06,,600,2,93315441,818-049/NAVY,BXCM4734,Decorative Accent - Wall Accents,PG Upholstery - Core,0,25.0,
238939,"Braxton Culler, Inc NC 27350",13208,"CCNC Operations, LLC dba Braxton Culler",11933022805,630778646,2025-12-30,2026-02-06,,600,2,129448791,1912-070/HAVANA,BXCM5717,Entertainment Furniture,PG Upholstery - Core,1,25.0,
238939,"Braxton Culler, Inc NC 27350",13208,"CCNC Operations, LLC dba Braxton Culler",11903165351,629958223,2025-12-26,2026-02-04,,600,2,27529517,979-075/GL0999-061/Bisque,BXCL1175,Furniture - Kitchen and Dining,PG Upholstery - Core,1,25.0,
238939,"Braxton Culler, Inc NC 27350",13208,"CCNC Operations, LLC dba Braxton Culler",11905016291,629754821,2025-12-24,2026-02-04,,600,2,96994620,1031-094/0851-94/NAVY,BXCM4994,Accent Furniture,PG Upholstery - Core,1,25.0,
238939,"Braxton Culler, Inc NC 27350",13208,"CCNC Operations, LLC dba Braxton Culler",11913564712,629667329,2025-12-23,2026-02-04,,600,2,27774924,818-044/BLACK,BXCL1785,Furniture - Bedroom,PG Upholstery - Core,1,25.0,
238939,"Braxton Culler, Inc NC 27350",13208,"CCNC Operations, LLC dba Braxton Culler",11913701911,630304672,2025-12-28,2026-02-04,,600,2,112879639,838-072/COFFEE,BXCM5133,Entertainment Furniture,PG Upholstery - Core,1,25.0,
238939,"Braxton Culler, Inc NC 27350",13208,"CCNC Operations, LLC dba Braxton Culler",11917961372,629824408,2025-12-25,2026-02-04,,600,2,65519119,1031-072/STONEHEARTH,BXCM4523,Entertainment Furniture,PG Upholstery - Core,0,25.0,
238939,"Braxton Culler, Inc NC 27350",13208,"CCNC Operations, LLC dba Braxton Culler",11926722142,630443834,2025-12-28,2026-02-04,,600,2,121573111,1031-071/OCEAN,BXCM4529,Entertainment Furniture,PG Upholstery - Core,1,25.0,
238939,"Braxton Culler, Inc NC 27350",13208,"CCNC Operations, LLC dba Braxton Culler",11175765006,629162326,2025-12-19,2026-02-03,,600,2,113150480,1048-072/BISQUE,BXCM5153,Entertainment Furniture,PG Upholstery - Core,1,25.0,
238939,"Braxton Culler, Inc NC 27350",13208,"CCNC Operations, LLC dba Braxton Culler",11913350105,629369785,2025-12-21,2026-02-03,,600,2,117243090,970-012/0809-14/FROSTWHITE,BXCM5029,Furniture - Kitchen and Dining,PG Upholstery - Core,0,25.0,
238939,"Braxton Culler, Inc NC 27350",13208,"CCNC Operations, LLC dba Braxton Culler",11896082721,629023072,2025-12-18,2026-02-02,,600,2,80206771,807-020/SEAGLASS,BXCM1655,Furniture - Bedroom,PG Upholstery - Core,1,25.0,
238939,"Braxton Culler, Inc NC 27350",13208,"CCNC Operations, LLC dba Braxton Culler",11779318683,628893225,2025-12-17,2026-01-30,,600,2,65519116,1031-072/SEAGLASS,BXCM4523,Entertainment Furniture,PG Upholstery - Core,1,25.0,
238939,"Braxton Culler, Inc NC 27350",13208,"CCNC Operations, LLC dba Braxton Culler",11777227083,628725513,2025-12-16,2026-01-29,,600,2,93315323,1966-071/NAVY,BXCM4736,Entertainment Furniture,PG Upholstery - Core,1,25.0,
238939,"Braxton Culler, Inc NC 27350",13208,"CCNC Operations, LLC dba Braxton Culler",11671596439,616866457,2025-10-26,2026-01-28,,1440,0,130053087,1023-073/TRUFFLE,BXCM1784,Accent Furniture,PG Upholstery - Core,1,60.0,
238939,"Braxton Culler, Inc NC 27350",13208,"CCNC Operations, LLC dba Braxton Culler",11821391229,628538469,2025-12-15,2026-01-28,,600,2,112879569,838-071/OCEAN,BXCM5134,Entertainment Furniture,PG Upholstery - Core,1,25.0,
238939,"Braxton Culler, Inc NC 27350",13208,"CCNC Operations, LLC dba Braxton Culler",11903858495,628597673,2025-12-15,2026-01-28,,600,2,93315434,818-049/FROSTWHITE,BXCM4734,Decorative Accent - Wall Accents,PG Upholstery - Core,1,25.0,
238939,"Braxton Culler, Inc NC 27350",13208,"CCNC Operations, LLC dba Braxton Culler",11165716266,628012626,2025-12-12,2026-01-27,,600,0,130076599,807-021/PUMICE,BXCM1655,Furniture - Bedroom,PG Upholstery - Core,1,25.0,
238939,"Braxton Culler, Inc NC 27350",13208,"CCNC Operations, LLC dba Braxton Culler",11773897633,628397195,2025-12-14,2026-01-27,,600,2,121569853,1031-072/WILLOW,BXCM4523,Entertainment Furniture,PG Upholstery - Core,1,25.0,
238939,"Braxton Culler, Inc NC 27350",13208,"CCNC Operations, LLC dba Braxton Culler",11899299185,628191087,2025-12-13,2026-01-27,,600,2,121569834,1023-071/OCEAN,BXCM1782,Entertainment Furniture,PG Upholstery - Core,1,25.0,
238939,"Braxton Culler, Inc NC 27350",13208,"CCNC Operations, LLC dba Braxton Culler",11811865389,627787788,2025-12-11,2026-01-23,,600,2,132839395,838-044/MINERAL,BXCM5139,Furniture - Bedroom,PG Upholstery - Core,1,25.0,
238939,"Braxton Culler, Inc NC 27350",13208,"CCNC Operations, LLC dba Braxton Culler",11893094685,627647658,2025-12-10,2026-01-22,,600,2,129448780,1071-022/ANTBLACK,BXCM5706,Entertainment Furniture,PG Upholstery - Core,1,25.0,
238939,"Braxton Culler, Inc NC 27350",13208,"CCNC Operations, LLC dba Braxton Culler",11162339646,627488416,2025-12-09,2026-01-21,,600,2,126210919,838-071/PUMICE,BXCM5134,Entertainment Furniture,PG Upholstery - Core,1,25.0,
238939,"Braxton Culler, Inc NC 27350",13208,"CCNC Operations, LLC dba Braxton Culler",11762056283,627476312,2025-12-09,2026-01-21,,600,2,115370481,807-049/OCEAN,BXCM1656,Decorative Accent - Wall Accents,PG Upholstery - Core,1,25.0,
238939,"Braxton Culler, Inc NC 27350",13208,"CCNC Operations, LLC dba Braxton Culler",11804448489,627237517,2025-12-08,2026-01-20,,600,3,126210919,838-071/PUMICE,BXCM5134,Entertainment Furniture,PG Upholstery - Core,1,25.0,
238939,"Braxton Culler, Inc NC 27350",13208,"CCNC Operations, LLC dba Braxton Culler",11804461729,627238768,2025-12-08,2026-01-20,,600,3,121573364,973-071/OCEAN,BXCL1204,Entertainment Furniture,PG Upholstery - Core,1,25.0,
238939,"Braxton Culler, Inc NC 27350",13208,"CCNC Operations, LLC dba Braxton Culler",11753923193,626820068,2025-12-06,2026-01-19,,600,3,112879639,838-072/COFFEE,BXCM5133,Entertainment Furniture,PG Upholstery - Core,1,25.0,
238939,"Braxton Culler, Inc NC 27350",13208,"CCNC Operations, LLC dba Braxton Culler",11872961071,626978719,2025-12-07,2026-01-19,,600,3,90138375,807-044GL/SEAGLASS,BXCM1657,Furniture - Bedroom,PG Upholstery - Core,0,25.0,
238939,"Braxton Culler, Inc NC 27350",13208,"CCNC Operations, LLC dba Braxton Culler",11872965541,626978719,2025-12-07,2026-01-19,,600,3,80206771,807-020/SEAGLASS,BXCM1655,Furniture - Bedroom,PG Upholstery - Core,0,25.0,
238939,"Braxton Culler, Inc NC 27350",13208,"CCNC Operations, LLC dba Braxton Culler",11795351379,626530939,2025-12-04,2026-01-16,,600,1,126214244,1046-194/0206-61/TRUFFLE,BXCM3777,Accent Furniture,PG Upholstery - Core,1,25.0,
238939,"Braxton Culler, Inc NC 27350",13208,"CCNC Operations, LLC dba Braxton Culler",11739887463,625632598,2025-12-01,2026-01-13,,600,1,50078506,1023-071/NAVY,BXCM1782,Entertainment Furniture,PG Upholstery - Core,1,25.0,
238939,"Braxton Culler, Inc NC 27350",13208,"CCNC Operations, LLC dba Braxton Culler",11740709203,625632598,2025-12-01,2026-01-13,,600,1,50079151,1023-072/NAVY,BXCM1783,Entertainment Furniture,PG Upholstery - Core,1,25.0,
238939,"Braxton Culler, Inc NC 27350",13208,"CCNC Operations, LLC dba Braxton Culler",11781937139,625621185,2025-12-01,2026-01-13,,600,1,121569837,1023-072/HAZEL,BXCM1783,Entertainment Furniture,PG Upholstery - Core,1,25.0,
238939,"Braxton Culler, Inc NC 27350",13208,"CCNC Operations, LLC dba Braxton Culler",11860032921,625775588,2025-12-01,2026-01-13,,600,1,126210888,1048-072/PUMICE,BXCM5153,Entertainment Furniture,PG Upholstery - Core,1,25.0,
238939,"Braxton Culler, Inc NC 27350",13208,"CCNC Operations, LLC dba Braxton Culler",11860369551,625823770,2025-12-01,2026-01-13,,600,1,107543432,809-144G/ANTIQUEFROST,BXCM4487,Furniture - Bedroom,PG Upholstery - Core,1,25.0,
238939,"Braxton Culler, Inc NC 27350",13208,"CCNC Operations, LLC dba Braxton Culler",11144462056,624468962,2025-11-28,2026-01-12,,600,1,116792172,1064-029/0336-22/FROSTWHITE,BXCL1683,Furniture - Kitchen and Dining,PG Upholstery - Core,1,25.0,
238939,"Braxton Culler, Inc NC 27350",13208,"CCNC Operations, LLC dba Braxton Culler",11144463776,624468962,2025-11-28,2026-01-12,,600,1,116790299,1064-028/0336-22/FROSTWHITE,BXCM3960,Furniture - Kitchen and Dining,PG Upholstery - Core,1,25.0,
238939,"Braxton Culler, Inc NC 27350",13208,"CCNC Operations, LLC dba Braxton Culler",11148648236,625165947,2025-11-30,2026-01-12,,600,1,126212492,528-028SN/0519-61/TRUFFLE,BXCL1513,Furniture - Kitchen and Dining,PG Upholstery - Core,1,25.0,
238939,"Braxton Culler, Inc NC 27350",13208,"CCNC Operations, LLC dba Braxton Culler",11183870127,625061653,2025-11-29,2026-01-12,,600,1,107543493,809-044G/SEAGLASS,BXCM4486,Furniture - Bedroom,PG Upholstery - Core,1,25.0,
238939,"Braxton Culler, Inc NC 27350",13208,"CCNC Operations, LLC dba Braxton Culler",11725499513,624066262,2025-11-27,2026-01-12,,600,1,121569851,1031-072/OCEAN,BXCM4523,Entertainment Furniture,PG Upholstery - Core,1,25.0,
238939,"Braxton Culler, Inc NC 27350",13208,"CCNC Operations, LLC dba Braxton Culler",11738095223,625358452,2025-11-30,2026-01-12,,600,1,65523483,1031-122/HONEY,BXCM4528,Entertainment Furniture,PG Upholstery - Core,1,25.0,
238939,"Braxton Culler, Inc NC 27350",13208,"CCNC Operations, LLC dba Braxton Culler",11738454483,625395227,2025-11-30,2026-01-12,,600,1,107543505,809-144G/SEAGLASS,BXCM4487,Furniture - Bedroom,PG Upholstery - Core,1,25.0,
238939,"Braxton Culler, Inc NC 27350",13208,"CCNC Operations, LLC dba Braxton Culler",11767096579,624105098,2025-11-27,2026-01-12,,600,1,50078506,1023-071/NAVY,BXCM1782,Entertainment Furniture,PG Upholstery - Core,1,25.0,
238939,"Braxton Culler, Inc NC 27350",13208,"CCNC Operations, LLC dba Braxton Culler",11773499369,624430166,2025-11-28,2026-01-12,,600,1,130053067,1023-071/PUMICE,BXCM1782,Entertainment Furniture,PG Upholstery - Core,1,25.0,
238939,"Braxton Culler, Inc NC 27350",13208,"CCNC Operations, LLC dba Braxton Culler",11782312559,625276441,2025-11-30,2026-01-12,,600,1,96985261,970-012/0611-66/CELERY,BXCM5029,Furniture - Kitchen and Dining,PG Upholstery - Core,0,25.0,
238939,"Braxton Culler, Inc NC 27350",13208,"CCNC Operations, LLC dba Braxton Culler",11840117921,623732899,2025-11-26,2026-01-12,,600,1,80206771,807-020/SEAGLASS,BXCM1655,Furniture - Bedroom,PG Upholstery - Core,0,25.0,
238939,"Braxton Culler, Inc NC 27350",13208,"CCNC Operations, LLC dba Braxton Culler",11845712331,624237583,2025-11-28,2026-01-12,,600,1,97007149,728-109/0317-85/JAVA,BXCM4836,Upholstery - Core,PG Upholstery - Core,0,25.0,
238939,"Braxton Culler, Inc NC 27350",13208,"CCNC Operations, LLC dba Braxton Culler",11846429521,624316927,2025-11-28,2026-01-12,,600,1,65523490,1031-122/SEAGLASS,BXCM4528,Entertainment Furniture,PG Upholstery - Core,1,25.0,
238939,"Braxton Culler, Inc NC 27350",13208,"CCNC Operations, LLC dba Braxton Culler",11850449862,623733123,2025-11-26,2026-01-12,,600,1,92022363,914-071/ANTFROSTWHITE,BXCL1149,Entertainment Furniture,PG Upholstery - Core,1,25.0,
238939,"Braxton Culler, Inc NC 27350",13208,"CCNC Operations, LLC dba Braxton Culler",11851836815,623735654,2025-11-26,2026-01-12,,600,1,82263810,934-072/SEAGLASS,BXCL1152,Entertainment Furniture,PG Upholstery - Core,1,25.0,
238939,"Braxton Culler, Inc NC 27350",13208,"CCNC Operations, LLC dba Braxton Culler",11853843321,625123445,2025-11-30,2026-01-12,,600,1,65523488,1031-122/NAVY,BXCM4528,Entertainment Furniture,PG Upholstery - Core,1,25.0,
238939,"Braxton Culler, Inc NC 27350",13208,"CCNC Operations, LLC dba Braxton Culler",11863148125,624871095,2025-11-29,2026-01-12,,600,1,65519093,1031-072/ANTFROSTWHITE,BXCM4523,Entertainment Furniture,PG Upholstery - Core,1,25.0,
238939,"Braxton Culler, Inc NC 27350",13208,"CCNC Operations, LLC dba Braxton Culler",11863779835,624925511,2025-11-29,2026-01-12,,600,1,96076846,539-005/0851-54,BXCM4518,Upholstery - Core,PG Upholstery - Core,1,25.0,
238939,"Braxton Culler, Inc NC 27350",13208,"CCNC Operations, LLC dba Braxton Culler",11864351412,625126198,2025-11-30,2026-01-12,,600,1,115199505,809-044G/WILLOW,BXCM4486,Furniture - Bedroom,PG Upholstery - Core,1,25.0,
238939,"Braxton Culler, Inc NC 27350",13208,"CCNC Operations, LLC dba Braxton Culler",11865822412,625316189,2025-11-30,2026-01-12,,600,1,126221897,1046-194/0219-61/AGEDBARREL,BXCM3777,Accent Furniture,PG Upholstery - Core,1,25.0,
238939,"Braxton Culler, Inc NC 27350",13208,"CCNC Operations, LLC dba Braxton Culler",11866755665,625195996,2025-11-30,2026-01-12,,600,1,113150430,1048-071/NAVY,BXCM5149,Entertainment Furniture,PG Upholstery - Core,1,25.0,
238939,"Braxton Culler, Inc NC 27350",13208,"CCNC Operations, LLC dba Braxton Culler",11868257705,625342070,2025-11-30,2026-01-12,,600,1,65523490,1031-122/SEAGLASS,BXCM4528,Entertainment Furniture,PG Upholstery - Core,1,25.0,
238939,"Braxton Culler, Inc NC 27350",13208,"CCNC Operations, LLC dba Braxton Culler",11763952959,623589892,2025-11-25,2026-01-09,,600,0,126232056,1064-012/0822-61/TRUFFLE,BXCM1612,Furniture - Kitchen and Dining,PG Upholstery - Core,1,25.0,
238939,"Braxton Culler, Inc NC 27350",13208,"CCNC Operations, LLC dba Braxton Culler",11838857761,623630445,2025-11-25,2026-01-09,,600,1,129800442,9740-009/0425-63/COFFEE,BXCM5723,Upholstery - Core,PG Upholstery - Core,1,25.0,
238939,"Braxton Culler, Inc NC 27350",13208,"CCNC Operations, LLC dba Braxton Culler",11631006295,623320143,2025-11-24,2026-01-08,,600,0,41651130,1055-171/HAVANA,BXCM1648,Entertainment Furniture,PG Upholstery - Core,1,25.0,
238939,"Braxton Culler, Inc NC 27350",13208,"CCNC Operations, LLC dba Braxton Culler",11845742005,623234883,2025-11-24,2026-01-08,,600,0,65519093,1031-072/ANTFROSTWHITE,BXCM4523,Entertainment Furniture,PG Upholstery - Core,1,25.0,
238939,"Braxton Culler, Inc NC 27350",13208,"CCNC Operations, LLC dba Braxton Culler",11847912735,623419681,2025-11-24,2026-01-08,,600,0,25866940,914-071/HONEY,BXCL1149,Entertainment Furniture,PG Upholstery - Core,1,25.0,
238939,"Braxton Culler, Inc NC 27350",13208,"CCNC Operations, LLC dba Braxton Culler",11122040636,622517914,2025-11-21,2026-01-07,,600,0,65519116,1031-072/SEAGLASS,BXCM4523,Entertainment Furniture,PG Upholstery - Core,1,25.0,
238939,"Braxton Culler, Inc NC 27350",13208,"CCNC Operations, LLC dba Braxton Culler",11705275573,622435183,2025-11-20,2026-01-07,,600,0,92022422,914-072/HAVANA,BXCL1150,Entertainment Furniture,PG Upholstery - Core,1,25.0,
238939,"Braxton Culler, Inc NC 27350",13208,"CCNC Operations, LLC dba Braxton Culler",11713689973,623116762,2025-11-23,2026-01-07,,600,0,117112446,1023-012/0425-53/PACIFIC,BXCM2380,Furniture - Kitchen and Dining,PG Upholstery - Core,1,25.0,
238939,"Braxton Culler, Inc NC 27350",13208,"CCNC Operations, LLC dba Braxton Culler",11750635509,622543880,2025-11-21,2026-01-07,,600,0,130053386,818-144/PUMICE,BXCL1753,Furniture - Bedroom,PG Upholstery - Core,1,25.0,
238939,"Braxton Culler, Inc NC 27350",13208,"CCNC Operations, LLC dba Braxton Culler",11810331791,622699272,2025-11-22,2026-01-07,,600,0,65523483,1031-122/HONEY,BXCM4528,Entertainment Furniture,PG Upholstery - Core,1,25.0,
238939,"Braxton Culler, Inc NC 27350",13208,"CCNC Operations, LLC dba Braxton Culler",11820713901,622967363,2025-11-23,2026-01-07,,600,0,112879751,838-044/SEAGLASS,BXCM5139,Furniture - Bedroom,PG Upholstery - Core,1,25.0,
238939,"Braxton Culler, Inc NC 27350",13208,"CCNC Operations, LLC dba Braxton Culler",11829072941,622808238,2025-11-22,2026-01-07,,600,0,130052887,914-072/AGEDBARREL,BXCL1150,Entertainment Furniture,PG Upholstery - Core,1,25.0,
238939,"Braxton Culler, Inc NC 27350",13208,"CCNC Operations, LLC dba Braxton Culler",11837127375,622534380,2025-11-21,2026-01-07,,600,0,39938261,1055-071/HAVANA,BXCM1608,Entertainment Furniture,PG Upholstery - Core,1,25.0,
238939,"Braxton Culler, Inc NC 27350",13208,"CCNC Operations, LLC dba Braxton Culler",11841021972,622955153,2025-11-23,2026-01-07,,600,0,39938222,1054-073/JAVA,BXCM1606,Accent Furniture,PG Upholstery - Core,1,25.0,
238939,"Braxton Culler, Inc NC 27350",13208,"CCNC Operations, LLC dba Braxton Culler",11843976485,623079071,2025-11-23,2026-01-07,,600,0,65519098,1031-072/CELERY,BXCM4523,Entertainment Furniture,PG Upholstery - Core,1,25.0,
238939,"Braxton Culler, Inc NC 27350",13208,"CCNC Operations, LLC dba Braxton Culler",11698652233,622287917,2025-11-20,2026-01-06,,600,0,117112446,1023-012/0425-53/PACIFIC,BXCM2380,Furniture - Kitchen and Dining,PG Upholstery - Core,0,25.0,
238939,"Braxton Culler, Inc NC 27350",13208,"CCNC Operations, LLC dba Braxton Culler",11703386743,622287917,2025-11-20,2026-01-06,,600,0,117112466,1023-012/0425-63/PACIFIC,BXCM2380,Furniture - Kitchen and Dining,PG Upholstery - Core,0,25.0,
238939,"Braxton Culler, Inc NC 27350",13208,"CCNC Operations, LLC dba Braxton Culler",11744937499,622112220,2025-11-19,2026-01-05,,600,0,97007565,728-109/0805-61/HAVANA,BXCM4836,Upholstery - Core,PG Upholstery - Core,0,25.0,
238939,"Braxton Culler, Inc NC 27350",13208,"CCNC Operations, LLC dba Braxton Culler",11163231357,621902038,2025-11-18,2026-01-02,,600,0,50078502,1023-071/HONEY,BXCM1782,Entertainment Furniture,PG Upholstery - Core,1,25.0,
238939,"Braxton Culler, Inc NC 27350",13208,"CCNC Operations, LLC dba Braxton Culler",11804570331,621878333,2025-11-18,2026-01-02,,600,0,41693016,1977-075/GL0999-098/BISQUE,BXCM1667,Furniture - Kitchen and Dining,PG Upholstery - Core,1,25.0,
238939,"Braxton Culler, Inc NC 27350",13208,"CCNC Operations, LLC dba Braxton Culler",11664928045,612707222,2025-09-29,2025-12-31,,1440,0,132874441,1023-073/MINERAL,BXCM1784,Accent Furniture,PG Upholstery - Core,1,60.0,
238939,"Braxton Culler, Inc NC 27350",13208,"CCNC Operations, LLC dba Braxton Culler",11738877749,621656971,2025-11-17,2025-12-31,,600,0,107543470,809-044G/CELERY,BXCM4486,Furniture - Bedroom,PG Upholstery - Core,1,25.0,
238939,"Braxton Culler, Inc NC 27350",13208,"CCNC Operations, LLC dba Braxton Culler",11739188359,621679781,2025-11-17,2025-12-31,,600,0,27774927,818-044/CELERY,BXCL1785,Furniture - Bedroom,PG Upholstery - Core,1,25.0,
238939,"Braxton Culler, Inc NC 27350",13208,"CCNC Operations, LLC dba Braxton Culler",11815069371,621636822,2025-11-17,2025-12-31,,600,0,130053336,807-049/PUMICE,BXCM1656,Decorative Accent - Wall Accents,PG Upholstery - Core,1,25.0,
238939,"Braxton Culler, Inc NC 27350",13208,"CCNC Operations, LLC dba Braxton Culler",11158545497,621290570,2025-11-15,2025-12-30,,600,0,39993219,1064-049/NAVY,BXCM1619,Decorative Accent - Wall Accents,PG Upholstery - Core,1,25.0,
238939,"Braxton Culler, Inc NC 27350",13208,"CCNC Operations, LLC dba Braxton Culler",11692159255,612289993,2025-09-26,2025-12-30,,1440,0,132874441,1023-073/MINERAL,BXCM1784,Accent Furniture,PG Upholstery - Core,1,60.0,
238939,"Braxton Culler, Inc NC 27350",13208,"CCNC Operations, LLC dba Braxton Culler",11723462471,614749576,2025-10-12,2025-12-30,,1200,0,120615454,848-021/CELERY,BXCM5157,Furniture - Bedroom,PG Upholstery - Core,1,50.0,
238939,"Braxton Culler, Inc NC 27350",13208,"CCNC Operations, LLC dba Braxton Culler",11817994915,621014330,2025-11-14,2025-12-30,,600,0,121569856,1031-122/OCEAN,BXCM4528,Entertainment Furniture,PG Upholstery - Core,1,25.0,
238939,"Braxton Culler, Inc NC 27350",13208,"CCNC Operations, LLC dba Braxton Culler",11820572725,621210031,2025-11-15,2025-12-30,,600,0,112879639,838-072/COFFEE,BXCM5133,Entertainment Furniture,PG Upholstery - Core,1,25.0,
238939,"Braxton Culler, Inc NC 27350",13208,"CCNC Operations, LLC dba Braxton Culler",11804529901,620813528,2025-11-13,2025-12-29,,600,0,92022731,1055-073/ANTBLACK,BXCM1607,Accent Furniture,PG Upholstery - Core,1,25.0,
238939,"Braxton Culler, Inc NC 27350",13208,"CCNC Operations, LLC dba Braxton Culler",11805195321,620868108,2025-11-13,2025-12-29,,600,0,121569839,1023-072/OCEAN,BXCM1783,Entertainment Furniture,PG Upholstery - Core,1,25.0,
238939,"Braxton Culler, Inc NC 27350",13208,"CCNC Operations, LLC dba Braxton Culler",11724692569,620643300,2025-11-12,2025-12-19,,600,0,117121909,809-094/0414-43/JAVA,BXCM4490,Accent Furniture,PG Upholstery - Core,1,25.0,
238939,"Braxton Culler, Inc NC 27350",13208,"CCNC Operations, LLC dba Braxton Culler",11811850552,620636296,2025-11-12,2025-12-19,,600,0,130053336,807-049/PUMICE,BXCM1656,Decorative Accent - Wall Accents,PG Upholstery - Core,1,25.0,
238939,"Braxton Culler, Inc NC 27350",13208,"CCNC Operations, LLC dba Braxton Culler",11813676375,620687993,2025-11-12,2025-12-19,,600,0,78219782,818-094/0884-91/HAVANA,BXCM4596,Accent Furniture,PG Upholstery - Core,1,25.0,
238939,"Braxton Culler, Inc NC 27350",13208,"CCNC Operations, LLC dba Braxton Culler",11799358821,620420432,2025-11-11,2025-12-18,,600,0,130053332,807-049/AGEDBARREL,BXCM1656,Decorative Accent - Wall Accents,PG Upholstery - Core,1,25.0,
238939,"Braxton Culler, Inc NC 27350",13208,"CCNC Operations, LLC dba Braxton Culler",11809468075,620364675,2025-11-11,2025-12-18,,600,0,133327437,818-049/MINERAL,BXCM4734,Decorative Accent - Wall Accents,PG Upholstery - Core,1,25.0,
238939,"Braxton Culler, Inc NC 27350",13208,"CCNC Operations, LLC dba Braxton Culler",11811147985,620495992,2025-11-11,2025-12-18,,600,0,126221688,1046-009/0219-61/TRUFFLE,BXCM3779,Upholstery - Core,PG Upholstery - Core,1,25.0,
238939,"Braxton Culler, Inc NC 27350",13208,"CCNC Operations, LLC dba Braxton Culler",11690267035,611636682,2025-09-22,2025-12-17,,1440,0,121569846,1023-073/WILLOW,BXCM1784,Accent Furniture,PG Upholstery - Core,1,60.0,
238939,"Braxton Culler, Inc NC 27350",13208,"CCNC Operations, LLC dba Braxton Culler",11718718329,620219108,2025-11-10,2025-12-17,,600,0,65519098,1031-072/CELERY,BXCM4523,Entertainment Furniture,PG Upholstery - Core,1,25.0,
238939,"Braxton Culler, Inc NC 27350",13208,"CCNC Operations, LLC dba Braxton Culler",11807943685,620243431,2025-11-10,2025-12-17,,600,0,115199535,807-026/PACIFIC,BXCM1655,Furniture - Bedroom,PG Upholstery - Core,1,25.0,
238939,"Braxton Culler, Inc NC 27350",13208,"CCNC Operations, LLC dba Braxton Culler",11474207502,595767831,2025-06-19,2025-12-16,,2880,0,121572198,816-094/0807-52/SEAGLASS,BXCM3730,Accent Furniture,PG Upholstery - Core,1,120.0,
238939,"Braxton Culler, Inc NC 27350",13208,"CCNC Operations, LLC dba Braxton Culler",11672586683,620007374,2025-11-09,2025-12-16,,600,0,107543505,809-144G/SEAGLASS,BXCM4487,Furniture - Bedroom,PG Upholstery - Core,1,25.0,
238939,"Braxton Culler, Inc NC 27350",13208,"CCNC Operations, LLC dba Braxton Culler",11711238339,619709752,2025-11-07,2025-12-16,,600,0,50079151,1023-072/NAVY,BXCM1783,Entertainment Furniture,PG Upholstery - Core,1,25.0,
238939,"Braxton Culler, Inc NC 27350",13208,"CCNC Operations, LLC dba Braxton Culler",11788447351,619599617,2025-11-07,2025-12-16,,600,0,97006695,728-109/0120-61/ANTIQUEBLACK,BXCM4836,Upholstery - Core,PG Upholstery - Core,1,25.0,
238939,"Braxton Culler, Inc NC 27350",13208,"CCNC Operations, LLC dba Braxton Culler",11788744321,619604602,2025-11-07,2025-12-16,,600,0,121569840,1023-072/PACIFIC,BXCM1783,Entertainment Furniture,PG Upholstery - Core,1,25.0,
238939,"Braxton Culler, Inc NC 27350",13208,"CCNC Operations, LLC dba Braxton Culler",11801055242,619796167,2025-11-08,2025-12-16,,600,0,121569832,1023-071/HAZEL,BXCM1782,Entertainment Furniture,PG Upholstery - Core,1,25.0,
238939,"Braxton Culler, Inc NC 27350",13208,"CCNC Operations, LLC dba Braxton Culler",11805555515,620047606,2025-11-09,2025-12-16,,600,0,41651134,1055-171/NAVY,BXCM1648,Entertainment Furniture,PG Upholstery - Core,1,25.0,
238939,"Braxton Culler, Inc NC 27350",13208,"CCNC Operations, LLC dba Braxton Culler",11110233086,619432033,2025-11-06,2025-12-15,,600,0,65519109,1031-072/HONEY,BXCM4523,Entertainment Furniture,PG Upholstery - Core,1,25.0,
238939,"Braxton Culler, Inc NC 27350",13208,"CCNC Operations, LLC dba Braxton Culler",11787201051,619491751,2025-11-06,2025-12-15,,600,0,129448699,1072-072/HAVANA,BXCM5715,Entertainment Furniture,PG Upholstery - Core,1,25.0,
238939,"Braxton Culler, Inc NC 27350",13208,"CCNC Operations, LLC dba Braxton Culler",11142970507,619220563,2025-11-05,2025-12-12,,600,0,27592062,818-144/Havana,BXCL1753,Furniture - Bedroom,PG Upholstery - Core,1,25.0,
238939,"Braxton Culler, Inc NC 27350",13208,"CCNC Operations, LLC dba Braxton Culler",11618052393,619232593,2025-11-05,2025-12-12,,600,0,65523438,1031-071/ANTFROSTWHITE,BXCM4529,Entertainment Furniture,PG Upholstery - Core,1,25.0,
238939,"Braxton Culler, Inc NC 27350",13208,"CCNC Operations, LLC dba Braxton Culler",11659183683,619232593,2025-11-05,2025-12-12,,600,0,65523438,1031-071/ANTFROSTWHITE,BXCM4529,Entertainment Furniture,PG Upholstery - Core,1,25.0,
238939,"Braxton Culler, Inc NC 27350",13208,"CCNC Operations, LLC dba Braxton Culler",11781110011,619255856,2025-11-05,2025-12-12,,600,0,65363582,546-109/0204-64,BXCM4521,Upholstery - Core,PG Upholstery - Core,1,25.0,
238939,"Braxton Culler, Inc NC 27350",13208,"CCNC Operations, LLC dba Braxton Culler",11794063272,619273364,2025-11-05,2025-12-12,,600,0,116943476,835-028/0913-61/HAVANA,BXCL1716,Furniture - Kitchen and Dining,PG Upholstery - Core,1,25.0,
238939,"Braxton Culler, Inc NC 27350",13208,"CCNC Operations, LLC dba Braxton Culler",11794063422,619273364,2025-11-05,2025-12-12,,600,0,116943476,835-028/0913-61/HAVANA,BXCL1716,Furniture - Kitchen and Dining,PG Upholstery - Core,1,25.0,
238939,"Braxton Culler, Inc NC 27350",13208,"CCNC Operations, LLC dba Braxton Culler",11794466875,619222886,2025-11-05,2025-12-12,,600,0,130053064,1023-071/AGEDBARREL,BXCM1782,Entertainment Furniture,PG Upholstery - Core,1,25.0,
238939,"Braxton Culler, Inc NC 27350",13208,"CCNC Operations, LLC dba Braxton Culler",11701287349,619047766,2025-11-04,2025-12-11,,600,0,50078502,1023-071/HONEY,BXCM1782,Entertainment Furniture,PG Upholstery - Core,1,25.0,
238939,"Braxton Culler, Inc NC 27350",13208,"CCNC Operations, LLC dba Braxton Culler",11785698262,618837392,2025-11-03,2025-12-10,,600,0,55217957,1046-094/0229-66/NAVY,BXCM3776,Accent Furniture,PG Upholstery - Core,1,25.0,
238939,"Braxton Culler, Inc NC 27350",13208,"CCNC Operations, LLC dba Braxton Culler",11763742892,618652544,2025-11-02,2025-12-09,,600,0,113150425,1048-071/HAVANA,BXCM5149,Entertainment Furniture,PG Upholstery - Core,1,25.0,
238939,"Braxton Culler, Inc NC 27350",13208,"CCNC Operations, LLC dba Braxton Culler",11777541551,618744664,2025-11-02,2025-12-09,,600,0,65519094,1031-072/BISQUE,BXCM4523,Entertainment Furniture,PG Upholstery - Core,0,25.0,
238939,"Braxton Culler, Inc NC 27350",13208,"CCNC Operations, LLC dba Braxton Culler",11783736122,618652544,2025-11-02,2025-12-09,,600,0,113150486,1048-072/HAVANA,BXCM5153,Entertainment Furniture,PG Upholstery - Core,1,25.0,
238939,"Braxton Culler, Inc NC 27350",13208,"CCNC Operations, LLC dba Braxton Culler",11785232205,618525983,2025-11-01,2025-12-09,,600,0,130061735,1031-029/0611-56/AGEDBARREL,BXCM2378,Furniture - Kitchen and Dining,PG Upholstery - Core,1,25.0,
238939,"Braxton Culler, Inc NC 27350",13208,"CCNC Operations, LLC dba Braxton Culler",11689211839,618208511,2025-10-30,2025-12-08,,600,0,130053067,1023-071/PUMICE,BXCM1782,Entertainment Furniture,PG Upholstery - Core,1,25.0,
238939,"Braxton Culler, Inc NC 27350",13208,"CCNC Operations, LLC dba Braxton Culler",11689211849,618208511,2025-10-30,2025-12-08,,600,0,130053076,1023-072/PUMICE,BXCM1783,Entertainment Furniture,PG Upholstery - Core,1,25.0,
238939,"Braxton Culler, Inc NC 27350",13208,"CCNC Operations, LLC dba Braxton Culler",11778920192,618107914,2025-10-30,2025-12-08,,600,0,121569834,1023-071/OCEAN,BXCM1782,Entertainment Furniture,PG Upholstery - Core,1,25.0,
238939,"Braxton Culler, Inc NC 27350",13208,"CCNC Operations, LLC dba Braxton Culler",11779407245,618066411,2025-10-30,2025-12-08,,600,0,92022971,1054-171/COFFEE,BXCM1647,Entertainment Furniture,PG Upholstery - Core,1,25.0,
238939,"Braxton Culler, Inc NC 27350",13208,"CCNC Operations, LLC dba Braxton Culler",11639542763,617819416,2025-10-29,2025-12-05,,600,0,107543505,809-144G/SEAGLASS,BXCM4487,Furniture - Bedroom,PG Upholstery - Core,1,25.0,
238939,"Braxton Culler, Inc NC 27350",13208,"CCNC Operations, LLC dba Braxton Culler",11777353745,617869759,2025-10-29,2025-12-05,,600,0,129448736,1072-071/AGEDBARREL,BXCM5716,Entertainment Furniture,PG Upholstery - Core,1,25.0,
238939,"Braxton Culler, Inc NC 27350",13208,"CCNC Operations, LLC dba Braxton Culler",11777836635,617916288,2025-10-29,2025-12-05,,600,0,50078502,1023-071/HONEY,BXCM1782,Entertainment Furniture,PG Upholstery - Core,1,25.0,
238939,"Braxton Culler, Inc NC 27350",13208,"CCNC Operations, LLC dba Braxton Culler",11095979906,617435734,2025-10-27,2025-12-04,,600,0,64831475,1046-094/0212-83/BLACK,BXCM3776,Accent Furniture,PG Upholstery - Core,1,25.0,
238939,"Braxton Culler, Inc NC 27350",13208,"CCNC Operations, LLC dba Braxton Culler",11639201473,617597244,2025-10-28,2025-12-04,,600,0,93315431,818-049/CELERY,BXCM4734,Decorative Accent - Wall Accents,PG Upholstery - Core,1,25.0,
238939,"Braxton Culler, Inc NC 27350",13208,"CCNC Operations, LLC dba Braxton Culler",11640020683,617662605,2025-10-28,2025-12-04,,600,0,130053370,818-049/AGEDBARREL,BXCM4734,Decorative Accent - Wall Accents,PG Upholstery - Core,1,25.0,
238939,"Braxton Culler, Inc NC 27350",13208,"CCNC Operations, LLC dba Braxton Culler",11640379093,617691518,2025-10-28,2025-12-04,,600,0,39938225,1054-073/NAVY,BXCM1606,Accent Furniture,PG Upholstery - Core,1,25.0,
238939,"Braxton Culler, Inc NC 27350",13208,"CCNC Operations, LLC dba Braxton Culler",11774500185,617652801,2025-10-28,2025-12-04,,600,0,129448690,1072-072/AGEDBARREL,BXCM5715,Entertainment Furniture,PG Upholstery - Core,1,25.0,
238939,"Braxton Culler, Inc NC 27350",13208,"CCNC Operations, LLC dba Braxton Culler",11774502865,617652801,2025-10-28,2025-12-04,,600,0,129448736,1072-071/AGEDBARREL,BXCM5716,Entertainment Furniture,PG Upholstery - Core,1,25.0,
238939,"Braxton Culler, Inc NC 27350",13208,"CCNC Operations, LLC dba Braxton Culler",11599785089,611652901,2025-09-22,2025-12-03,,1200,0,120615454,848-021/CELERY,BXCM5157,Furniture - Bedroom,PG Upholstery - Core,1,50.0,
238939,"Braxton Culler, Inc NC 27350",13208,"CCNC Operations, LLC dba Braxton Culler",11750937355,617159417,2025-10-27,2025-12-03,,600,0,92022426,914-072/NAVY,BXCL1150,Entertainment Furniture,PG Upholstery - Core,1,25.0,
238939,"Braxton Culler, Inc NC 27350",13208,"CCNC Operations, LLC dba Braxton Culler",11759190191,617288261,2025-10-27,2025-12-03,,600,0,130076601,807-020/AGEDBARREL,BXCM1655,Furniture - Bedroom,PG Upholstery - Core,1,25.0,
238939,"Braxton Culler, Inc NC 27350",13208,"CCNC Operations, LLC dba Braxton Culler",11759190221,617288261,2025-10-27,2025-12-03,,600,0,130076722,807-044GGL/AGEDBARREL,BXCM1657,Furniture - Bedroom,PG Upholstery - Core,1,25.0,
238939,"Braxton Culler, Inc NC 27350",13208,"CCNC Operations, LLC dba Braxton Culler",11769979045,617294437,2025-10-27,2025-12-03,,600,0,65523493,1031-122/STONEHEARTH,BXCM4528,Entertainment Furniture,PG Upholstery - Core,1,25.0,
238939,"Braxton Culler, Inc NC 27350",13208,"CCNC Operations, LLC dba Braxton Culler",11770410595,617331008,2025-10-27,2025-12-03,,600,0,113150418,1048-071/ANTIQUEFROSTWHITE,BXCM5149,Entertainment Furniture,PG Upholstery - Core,1,25.0,
238939,"Braxton Culler, Inc NC 27350",13208,"CCNC Operations, LLC dba Braxton Culler",11770410605,617331008,2025-10-27,2025-12-03,,600,0,113150479,1048-072/ANTIQUEFROSTWHITE,BXCM5153,Entertainment Furniture,PG Upholstery - Core,1,25.0,
238939,"Braxton Culler, Inc NC 27350",13208,"CCNC Operations, LLC dba Braxton Culler",11090685696,616639834,2025-10-24,2025-12-02,,600,0,116864304,702-009/0425-81/JAVA,BXCM5005,Upholstery - Core,PG Upholstery - Core,1,25.0,
238939,"Braxton Culler, Inc NC 27350",13208,"CCNC Operations, LLC dba Braxton Culler",11603494313,617061044,2025-10-26,2025-12-02,,600,0,117112446,1023-012/0425-53/PACIFIC,BXCM2380,Furniture - Kitchen and Dining,PG Upholstery - Core,0,25.0,
238939,"Braxton Culler, Inc NC 27350",13208,"CCNC Operations, LLC dba Braxton Culler",11623606143,616576448,2025-10-24,2025-12-02,,600,0,113150428,1048-071/JAVA,BXCM5149,Entertainment Furniture,PG Upholstery - Core,1,25.0,
238939,"Braxton Culler, Inc NC 27350",13208,"CCNC Operations, LLC dba Braxton Culler",11632736393,617136566,2025-10-26,2025-12-02,,600,0,41693027,1977-075/GL0999-098/HAVANA,BXCM1667,Furniture - Kitchen and Dining,PG Upholstery - Core,1,25.0,
238939,"Braxton Culler, Inc NC 27350",13208,"CCNC Operations, LLC dba Braxton Culler",11670885179,616928279,2025-10-26,2025-12-02,,600,0,107543505,809-144G/SEAGLASS,BXCM4487,Furniture - Bedroom,PG Upholstery - Core,1,25.0,
238939,"Braxton Culler, Inc NC 27350",13208,"CCNC Operations, LLC dba Braxton Culler",11672225569,616912923,2025-10-26,2025-12-02,,600,0,41651100,1054-171/BLACK,BXCM1647,Entertainment Furniture,PG Upholstery - Core,1,25.0,
238939,"Braxton Culler, Inc NC 27350",13208,"CCNC Operations, LLC dba Braxton Culler",11750634182,616883749,2025-10-26,2025-12-02,,600,0,115199534,807-021/PACIFIC,BXCM1655,Furniture - Bedroom,PG Upholstery - Core,1,25.0,
238939,"Braxton Culler, Inc NC 27350",13208,"CCNC Operations, LLC dba Braxton Culler",11753314061,616822317,2025-10-25,2025-12-02,,600,0,80206771,807-020/SEAGLASS,BXCM1655,Furniture - Bedroom,PG Upholstery - Core,1,25.0,
238939,"Braxton Culler, Inc NC 27350",13208,"CCNC Operations, LLC dba Braxton Culler",11755973701,617025453,2025-10-26,2025-12-02,,600,0,41693028,1977-075/GL0999-098/HONEY,BXCM1667,Furniture - Kitchen and Dining,PG Upholstery - Core,1,25.0,
238939,"Braxton Culler, Inc NC 27350",13208,"CCNC Operations, LLC dba Braxton Culler",11756404035,617097263,2025-10-26,2025-12-02,,600,0,96062315,1046-194/0321-91/BLACK,BXCM3777,Accent Furniture,PG Upholstery - Core,1,25.0,
238939,"Braxton Culler, Inc NC 27350",13208,"CCNC Operations, LLC dba Braxton Culler",11756424475,617097263,2025-10-26,2025-12-02,,600,0,96062315,1046-194/0321-91/BLACK,BXCM3777,Accent Furniture,PG Upholstery - Core,1,25.0,
238939,"Braxton Culler, Inc NC 27350",13208,"CCNC Operations, LLC dba Braxton Culler",11759252242,616576382,2025-10-24,2025-12-02,,600,0,43716360,549-005/0863-91,BXCM1676,Upholstery - Core,PG Upholstery - Core,1,25.0,
238939,"Braxton Culler, Inc NC 27350",13208,"CCNC Operations, LLC dba Braxton Culler",11759253932,616576382,2025-10-24,2025-12-02,,600,0,43716360,549-005/0863-91,BXCM1676,Upholstery - Core,PG Upholstery - Core,1,25.0,
238939,"Braxton Culler, Inc NC 27350",13208,"CCNC Operations, LLC dba Braxton Culler",11760402172,616771750,2025-10-25,2025-12-02,,600,0,92022723,1054-073/SEAGLASS,BXCM1606,Accent Furniture,PG Upholstery - Core,1,25.0,
238939,"Braxton Culler, Inc NC 27350",13208,"CCNC Operations, LLC dba Braxton Culler",11767270015,617075622,2025-10-26,2025-12-02,,600,0,65523482,1031-122/HAVANA,BXCM4528,Entertainment Furniture,PG Upholstery - Core,1,25.0,
238939,"Braxton Culler, Inc NC 27350",13208,"CCNC Operations, LLC dba Braxton Culler",11767564965,617099383,2025-10-26,2025-12-02,,600,0,89428942,818-044/ANTFROSTWHITE,BXCL1785,Furniture - Bedroom,PG Upholstery - Core,1,25.0,
238939,"Braxton Culler, Inc NC 27350",13208,"CCNC Operations, LLC dba Braxton Culler",11622788123,616435481,2025-10-23,2025-12-01,,600,0,132874429,1023-072/FLAX,BXCM1783,Entertainment Furniture,PG Upholstery - Core,1,25.0,
238939,"Braxton Culler, Inc NC 27350",13208,"CCNC Operations, LLC dba Braxton Culler",11747963081,616468516,2025-10-23,2025-12-01,,600,0,50078506,1023-071/NAVY,BXCM1782,Entertainment Furniture,PG Upholstery - Core,1,25.0,
238939,"Braxton Culler, Inc NC 27350",13208,"CCNC Operations, LLC dba Braxton Culler",11757000392,616420517,2025-10-23,2025-12-01,,600,0,65598127,1079-009/0256-54/HONEY,BXCM3790,Upholstery - Core,PG Upholstery - Core,1,25.0,
238939,"Braxton Culler, Inc NC 27350",13208,"CCNC Operations, LLC dba Braxton Culler",11088297656,616317684,2025-10-22,2025-11-26,,600,0,90138375,807-044GL/SEAGLASS,BXCM1657,Furniture - Bedroom,PG Upholstery - Core,1,25.0,
238939,"Braxton Culler, Inc NC 27350",13208,"CCNC Operations, LLC dba Braxton Culler",11621029603,616318670,2025-10-22,2025-11-26,,600,0,130064504,1031-009/0317-63/AGEDBARREL,BXCM4525,Upholstery - Core,PG Upholstery - Core,0,25.0,
238939,"Braxton Culler, Inc NC 27350",13208,"CCNC Operations, LLC dba Braxton Culler",11754916812,616273009,2025-10-22,2025-11-26,,600,0,65045672,809-044/SEAGLASS,BXCM4486,Furniture - Bedroom,PG Upholstery - Core,1,25.0,
238939,"Braxton Culler, Inc NC 27350",13208,"CCNC Operations, LLC dba Braxton Culler",11756205905,616310902,2025-10-22,2025-11-26,,,,116145486,807-044GGL/FROSTWHITE,BXCM1657,Furniture - Bedroom,PG Upholstery - Core,1,,
238939,"Braxton Culler, Inc NC 27350",13208,"CCNC Operations, LLC dba Braxton Culler",11087151236,616169508,2025-10-21,2025-11-25,,600,0,41693028,1977-075/GL0999-098/HONEY,BXCM1667,Furniture - Kitchen and Dining,PG Upholstery - Core,1,25.0,
238939,"Braxton Culler, Inc NC 27350",13208,"CCNC Operations, LLC dba Braxton Culler",11750984612,616095877,2025-10-21,2025-11-25,,600,0,43716360,549-005/0863-91,BXCM1676,Upholstery - Core,PG Upholstery - Core,1,25.0,
238939,"Braxton Culler, Inc NC 27350",13208,"CCNC Operations, LLC dba Braxton Culler",11753144282,616150438,2025-10-21,2025-11-25,,600,0,121573674,979-075/GL0999-061/ANTIQUEBLACK,BXCL1175,Furniture - Kitchen and Dining,PG Upholstery - Core,1,25.0,
238939,"Braxton Culler, Inc NC 27350",13208,"CCNC Operations, LLC dba Braxton Culler",11538700959,606633311,2025-08-24,2025-11-24,,1560,0,120615454,848-021/CELERY,BXCM5157,Furniture - Bedroom,PG Upholstery - Core,1,65.0,
238939,"Braxton Culler, Inc NC 27350",13208,"CCNC Operations, LLC dba Braxton Culler",11634202382,607471755,2025-08-29,2025-11-24,,1440,0,50079186,1023-073/HONEY,BXCM1784,Accent Furniture,PG Upholstery - Core,1,60.0,
238939,"Braxton Culler, Inc NC 27350",13208,"CCNC Operations, LLC dba Braxton Culler",11658598539,616081669,2025-10-20,2025-11-24,,600,0,65519116,1031-072/SEAGLASS,BXCM4523,Entertainment Furniture,PG Upholstery - Core,0,25.0,
238939,"Braxton Culler, Inc NC 27350",13208,"CCNC Operations, LLC dba Braxton Culler",11751130962,616020005,2025-10-20,2025-11-24,,600,0,92022700,1054-073/COFFEE,BXCM1606,Accent Furniture,PG Upholstery - Core,1,25.0,
238939,"Braxton Culler, Inc NC 27350",13208,"CCNC Operations, LLC dba Braxton Culler",11745780112,615641668,2025-10-18,2025-11-21,,600,0,92023027,1023-072/ANTFROSTWHITE,BXCM1783,Entertainment Furniture,PG Upholstery - Core,1,25.0,
238939,"Braxton Culler, Inc NC 27350",13208,"CCNC Operations, LLC dba Braxton Culler",11747592815,615735298,2025-10-18,2025-11-21,,600,0,121569832,1023-071/HAZEL,BXCM1782,Entertainment Furniture,PG Upholstery - Core,1,25.0,
238939,"Braxton Culler, Inc NC 27350",13208,"CCNC Operations, LLC dba Braxton Culler",11749642132,615905591,2025-10-19,2025-11-21,,600,0,121573640,979-075/GL0999-098/WILLOW,BXCL1175,Furniture - Kitchen and Dining,PG Upholstery - Core,1,25.0,
238939,"Braxton Culler, Inc NC 27350",13208,"CCNC Operations, LLC dba Braxton Culler",11648137849,615387893,2025-10-16,2025-11-20,,600,0,133327585,818-144/MINERAL,BXCL1753,Furniture - Bedroom,PG Upholstery - Core,1,25.0,
238939,"Braxton Culler, Inc NC 27350",13208,"CCNC Operations, LLC dba Braxton Culler",11732014671,615355605,2025-10-16,2025-11-20,,600,0,130069766,1023-094/0336-41/AGEDBARREL,BXCM5030,Accent Furniture,PG Upholstery - Core,0,25.0,
238939,"Braxton Culler, Inc NC 27350",13208,"CCNC Operations, LLC dba Braxton Culler",11742149602,615382146,2025-10-16,2025-11-20,,600,0,113150487,1048-072/HAZEL,BXCM5153,Entertainment Furniture,PG Upholstery - Core,1,25.0,
238939,"Braxton Culler, Inc NC 27350",13208,"CCNC Operations, LLC dba Braxton Culler",11605399143,615280085,2025-10-15,2025-11-19,,600,0,27529517,979-075/GL0999-061/Bisque,BXCL1175,Furniture - Kitchen and Dining,PG Upholstery - Core,1,25.0,
238939,"Braxton Culler, Inc NC 27350",13208,"CCNC Operations, LLC dba Braxton Culler",11111789247,615033565,2025-10-13,2025-11-18,,600,0,25866940,914-071/HONEY,BXCL1149,Entertainment Furniture,PG Upholstery - Core,1,25.0,
238939,"Braxton Culler, Inc NC 27350",13208,"CCNC Operations, LLC dba Braxton Culler",11643726839,615064220,2025-10-14,2025-11-18,,600,0,115194215,818-094/0884-91/WILLOW,BXCM4596,Accent Furniture,PG Upholstery - Core,1,25.0,
238939,"Braxton Culler, Inc NC 27350",13208,"CCNC Operations, LLC dba Braxton Culler",11740097935,615185406,2025-10-14,2025-11-18,,600,0,121569834,1023-071/OCEAN,BXCM1782,Entertainment Furniture,PG Upholstery - Core,1,25.0,
238939,"Braxton Culler, Inc NC 27350",13208,"CCNC Operations, LLC dba Braxton Culler",11740097945,615185406,2025-10-14,2025-11-18,,600,0,121569839,1023-072/OCEAN,BXCM1783,Entertainment Furniture,PG Upholstery - Core,1,25.0,
238939,"Braxton Culler, Inc NC 27350",13208,"CCNC Operations, LLC dba Braxton Culler",11731375172,614876637,2025-10-11,2025-11-17,,600,0,50078502,1023-071/HONEY,BXCM1782,Entertainment Furniture,PG Upholstery - Core,1,25.0,
238939,"Braxton Culler, Inc NC 27350",13208,"CCNC Operations, LLC dba Braxton Culler",11735919032,614936731,2025-10-13,2025-11-17,,600,0,117124503,1031-009/0742-23/HAZEL,BXCM4525,Upholstery - Core,PG Upholstery - Core,0,25.0,
238939,"Braxton Culler, Inc NC 27350",13208,"CCNC Operations, LLC dba Braxton Culler",11074677676,614430345,2025-10-10,2025-11-14,,600,0,121568793,1046-171/SEAGLASS,BXCL1408,Entertainment Furniture,PG Upholstery - Core,1,25.0,
238939,"Braxton Culler, Inc NC 27350",13208,"CCNC Operations, LLC dba Braxton Culler",11075190276,614670835,2025-10-11,2025-11-14,,600,0,113063552,767-009/0851-54,BXCM5142,Upholstery - Core,PG Upholstery - Core,1,25.0,
238939,"Braxton Culler, Inc NC 27350",13208,"CCNC Operations, LLC dba Braxton Culler",11075895156,614601213,2025-10-11,2025-11-14,,600,0,130076600,807-026/PUMICE,BXCM1655,Furniture - Bedroom,PG Upholstery - Core,1,25.0,
238939,"Braxton Culler, Inc NC 27350",13208,"CCNC Operations, LLC dba Braxton Culler",11594621453,614451083,2025-10-10,2025-11-14,,600,0,107543505,809-144G/SEAGLASS,BXCM4487,Furniture - Bedroom,PG Upholstery - Core,1,25.0,
238939,"Braxton Culler, Inc NC 27350",13208,"CCNC Operations, LLC dba Braxton Culler",11638762099,614684871,2025-10-12,2025-11-14,,600,0,107543505,809-144G/SEAGLASS,BXCM4487,Furniture - Bedroom,PG Upholstery - Core,1,25.0,
238939,"Braxton Culler, Inc NC 27350",13208,"CCNC Operations, LLC dba Braxton Culler",11718188001,614415779,2025-10-10,2025-11-14,,600,0,126210886,1048-071/TRUFFLE,BXCM5149,Entertainment Furniture,PG Upholstery - Core,1,25.0,
238939,"Braxton Culler, Inc NC 27350",13208,"CCNC Operations, LLC dba Braxton Culler",11729000865,614417453,2025-10-10,2025-11-14,,600,0,96986873,1023-094/0822-61/HAVANA,BXCM5030,Accent Furniture,PG Upholstery - Core,0,25.0,
238939,"Braxton Culler, Inc NC 27350",13208,"CCNC Operations, LLC dba Braxton Culler",11592193583,614284467,2025-10-09,2025-11-13,,600,0,65046151,809-144/SEAGLASS,BXCM4487,Furniture - Bedroom,PG Upholstery - Core,1,25.0,
238939,"Braxton Culler, Inc NC 27350",13208,"CCNC Operations, LLC dba Braxton Culler",11590667653,614181977,2025-10-08,2025-11-12,,600,0,112879717,838-022/MUSHROOM,BXCM5138,Entertainment Furniture,PG Upholstery - Core,1,25.0,
238939,"Braxton Culler, Inc NC 27350",13208,"CCNC Operations, LLC dba Braxton Culler",11630918519,614133021,2025-10-08,2025-11-12,,600,0,50078506,1023-071/NAVY,BXCM1782,Entertainment Furniture,PG Upholstery - Core,1,25.0,
238939,"Braxton Culler, Inc NC 27350",13208,"CCNC Operations, LLC dba Braxton Culler",11712038211,613935105,2025-10-07,2025-11-11,,600,0,27529517,979-075/GL0999-061/Bisque,BXCL1175,Furniture - Kitchen and Dining,PG Upholstery - Core,1,25.0,
238939,"Braxton Culler, Inc NC 27350",13208,"CCNC Operations, LLC dba Braxton Culler",11722152032,613937349,2025-10-07,2025-11-11,,600,0,25866944,914-072/BISQUE,BXCL1150,Entertainment Furniture,PG Upholstery - Core,1,25.0,
238939,"Braxton Culler, Inc NC 27350",13208,"CCNC Operations, LLC dba Braxton Culler",11722234622,613942860,2025-10-07,2025-11-11,,600,0,65519098,1031-072/CELERY,BXCM4523,Entertainment Furniture,PG Upholstery - Core,0,25.0,
238939,"Braxton Culler, Inc NC 27350",13208,"CCNC Operations, LLC dba Braxton Culler",11615415679,613797020,2025-10-06,2025-11-10,,600,0,39810077,1046-171/FROSTWHITE,BXCL1408,Entertainment Furniture,PG Upholstery - Core,1,25.0,
238939,"Braxton Culler, Inc NC 27350",13208,"CCNC Operations, LLC dba Braxton Culler",11638104722,607776806,2025-08-30,2025-11-10,,1200,0,120615454,848-021/CELERY,BXCM5157,Furniture - Bedroom,PG Upholstery - Core,1,50.0,
238939,"Braxton Culler, Inc NC 27350",13208,"CCNC Operations, LLC dba Braxton Culler",11711064361,613866653,2025-10-06,2025-11-10,,600,0,92023006,1055-171/STONEHEARTH,BXCM1648,Entertainment Furniture,PG Upholstery - Core,1,25.0,
238939,"Braxton Culler, Inc NC 27350",13208,"CCNC Operations, LLC dba Braxton Culler",11721333985,613852265,2025-10-06,2025-11-10,,600,0,92022462,953-071/NAVY,BXCL1160,Entertainment Furniture,PG Upholstery - Core,1,25.0,
238939,"Braxton Culler, Inc NC 27350",13208,"CCNC Operations, LLC dba Braxton Culler",11621008109,613389919,2025-10-03,2025-11-07,,600,0,115199533,807-020/PACIFIC,BXCM1655,Furniture - Bedroom,PG Upholstery - Core,1,25.0,
238939,"Braxton Culler, Inc NC 27350",13208,"CCNC Operations, LLC dba Braxton Culler",11703431341,613317524,2025-10-03,2025-11-07,,600,0,41691878,807-020/NAVY,BXCM1655,Furniture - Bedroom,PG Upholstery - Core,1,25.0,
238939,"Braxton Culler, Inc NC 27350",13208,"CCNC Operations, LLC dba Braxton Culler",11703640181,613359967,2025-10-03,2025-11-07,,600,0,50078502,1023-071/HONEY,BXCM1782,Entertainment Furniture,PG Upholstery - Core,1,25.0,
238939,"Braxton Culler, Inc NC 27350",13208,"CCNC Operations, LLC dba Braxton Culler",11704147461,613374923,2025-10-03,2025-11-07,,600,0,117122808,1031-009/0336-22/ANTBLACK,BXCM4525,Upholstery - Core,PG Upholstery - Core,1,25.0,
238939,"Braxton Culler, Inc NC 27350",13208,"CCNC Operations, LLC dba Braxton Culler",11705578581,613469538,2025-10-04,2025-11-07,,600,0,132874429,1023-072/FLAX,BXCM1783,Entertainment Furniture,PG Upholstery - Core,1,25.0,
238939,"Braxton Culler, Inc NC 27350",13208,"CCNC Operations, LLC dba Braxton Culler",11708549301,613678795,2025-10-05,2025-11-07,,600,0,121569841,1023-072/WILLOW,BXCM1783,Entertainment Furniture,PG Upholstery - Core,1,25.0,
238939,"Braxton Culler, Inc NC 27350",13208,"CCNC Operations, LLC dba Braxton Culler",11714878195,613470748,2025-10-04,2025-11-07,,600,0,92022384,914-071/HAVANA,BXCL1149,Entertainment Furniture,PG Upholstery - Core,1,25.0,
238939,"Braxton Culler, Inc NC 27350",13208,"CCNC Operations, LLC dba Braxton Culler",11716601725,613698019,2025-10-05,2025-11-07,,600,0,113150491,1048-072/NAVY,BXCM5153,Entertainment Furniture,PG Upholstery - Core,1,25.0,
238939,"Braxton Culler, Inc NC 27350",13208,"CCNC Operations, LLC dba Braxton Culler",11066386526,613229971,2025-10-02,2025-11-06,,600,0,130060706,973-009/0414-43/PUMICE,BXCM1822,Upholstery - Core,PG Upholstery - Core,1,25.0,
238939,"Braxton Culler, Inc NC 27350",13208,"CCNC Operations, LLC dba Braxton Culler",11578811553,613238894,2025-10-02,2025-11-06,,600,0,27592063,818-144/Honey,BXCL1753,Furniture - Bedroom,PG Upholstery - Core,1,25.0,
238939,"Braxton Culler, Inc NC 27350",13208,"CCNC Operations, LLC dba Braxton Culler",11618550259,613186554,2025-10-02,2025-11-06,,600,0,130053336,807-049/PUMICE,BXCM1656,Decorative Accent - Wall Accents,PG Upholstery - Core,1,25.0,
238939,"Braxton Culler, Inc NC 27350",13208,"CCNC Operations, LLC dba Braxton Culler",11642502005,613167247,2025-10-02,2025-11-06,,600,0,64836661,1046-194/0742-83/SEAGLASS,BXCM3777,Accent Furniture,PG Upholstery - Core,1,25.0,
238939,"Braxton Culler, Inc NC 27350",13208,"CCNC Operations, LLC dba Braxton Culler",11702029291,613225676,2025-10-02,2025-11-06,,600,0,92022986,1055-171/ANTBLACK,BXCM1648,Entertainment Furniture,PG Upholstery - Core,1,25.0,
238939,"Braxton Culler, Inc NC 27350",13208,"CCNC Operations, LLC dba Braxton Culler",11712381185,613217538,2025-10-02,2025-11-06,,600,0,50079134,1023-072/BISQUE,BXCM1783,Entertainment Furniture,PG Upholstery - Core,1,25.0,
238939,"Braxton Culler, Inc NC 27350",13208,"CCNC Operations, LLC dba Braxton Culler",11096025467,612881108,2025-09-30,2025-11-04,,600,0,96986481,1023-094/0321-91/NAVY,BXCM5030,Accent Furniture,PG Upholstery - Core,0,25.0,
238939,"Braxton Culler, Inc NC 27350",13208,"CCNC Operations, LLC dba Braxton Culler",11574640453,612881437,2025-09-30,2025-11-04,,600,0,113150478,1048-072/ANTIQUEBLACK,BXCM5153,Entertainment Furniture,PG Upholstery - Core,1,25.0,
238939,"Braxton Culler, Inc NC 27350",13208,"CCNC Operations, LLC dba Braxton Culler",11574640463,612881437,2025-09-30,2025-11-04,,600,0,113150424,1048-071/GREYSTONE,BXCM5149,Entertainment Furniture,PG Upholstery - Core,1,25.0,
238939,"Braxton Culler, Inc NC 27350",13208,"CCNC Operations, LLC dba Braxton Culler",11614587399,612856922,2025-09-30,2025-11-04,,600,0,27592062,818-144/Havana,BXCL1753,Furniture - Bedroom,PG Upholstery - Core,1,25.0,
238939,"Braxton Culler, Inc NC 27350",13208,"CCNC Operations, LLC dba Braxton Culler",11704809652,612906951,2025-09-30,2025-11-04,,600,0,92022719,1054-073/NICKEL,BXCM1606,Accent Furniture,PG Upholstery - Core,1,25.0,
238939,"Braxton Culler, Inc NC 27350",13208,"CCNC Operations, LLC dba Braxton Culler",10440351988,612754707,2025-09-29,2025-11-03,,600,0,27529517,979-075/GL0999-061/Bisque,BXCL1175,Furniture - Kitchen and Dining,PG Upholstery - Core,1,25.0,
238939,"Braxton Culler, Inc NC 27350",13208,"CCNC Operations, LLC dba Braxton Culler",11570188933,612688116,2025-09-29,2025-11-03,,600,0,130062071,1023-012/0643-61/PUMICE,BXCM2380,Furniture - Kitchen and Dining,PG Upholstery - Core,1,25.0,
238939,"Braxton Culler, Inc NC 27350",13208,"CCNC Operations, LLC dba Braxton Culler",11057625816,612250542,2025-09-26,2025-10-31,,600,0,41691928,807-049/BLACK,BXCM1656,Decorative Accent - Wall Accents,PG Upholstery - Core,1,25.0,
238939,"Braxton Culler, Inc NC 27350",13208,"CCNC Operations, LLC dba Braxton Culler",11061549056,612533499,2025-09-28,2025-10-31,,600,0,107543482,809-044G/BISQUE,BXCM4486,Furniture - Bedroom,PG Upholstery - Core,1,25.0,
238939,"Braxton Culler, Inc NC 27350",13208,"CCNC Operations, LLC dba Braxton Culler",11578905929,612213531,2025-09-26,2025-10-31,,600,0,113150425,1048-071/HAVANA,BXCM5149,Entertainment Furniture,PG Upholstery - Core,1,25.0,
238939,"Braxton Culler, Inc NC 27350",13208,"CCNC Operations, LLC dba Braxton Culler",11689976671,612342585,2025-09-27,2025-10-31,,600,0,130064433,809-094/0553-43/AGEDBARREL,BXCM4490,Accent Furniture,PG Upholstery - Core,1,25.0,
238939,"Braxton Culler, Inc NC 27350",13208,"CCNC Operations, LLC dba Braxton Culler",11690120741,612352775,2025-09-27,2025-10-31,,600,0,130053372,818-049/PUMICE,BXCM4734,Decorative Accent - Wall Accents,PG Upholstery - Core,1,25.0,
238939,"Braxton Culler, Inc NC 27350",13208,"CCNC Operations, LLC dba Braxton Culler",11700864642,612399402,2025-09-27,2025-10-31,,600,0,65519116,1031-072/SEAGLASS,BXCM4523,Entertainment Furniture,PG Upholstery - Core,1,25.0,
238939,"Braxton Culler, Inc NC 27350",13208,"CCNC Operations, LLC dba Braxton Culler",11703022742,612546752,2025-09-28,2025-10-31,,600,0,92022971,1054-171/COFFEE,BXCM1647,Entertainment Furniture,PG Upholstery - Core,1,25.0,
238939,"Braxton Culler, Inc NC 27350",13208,"CCNC Operations, LLC dba Braxton Culler",11564377283,612018458,2025-09-24,2025-10-30,,600,0,117112466,1023-012/0425-63/PACIFIC,BXCM2380,Furniture - Kitchen and Dining,PG Upholstery - Core,1,25.0,
238939,"Braxton Culler, Inc NC 27350",13208,"CCNC Operations, LLC dba Braxton Culler",11041367376,611946056,2025-09-24,2025-10-29,,600,0,89428986,818-144/NAVY,BXCL1753,Furniture - Bedroom,PG Upholstery - Core,1,25.0,
238939,"Braxton Culler, Inc NC 27350",13208,"CCNC Operations, LLC dba Braxton Culler",11683975631,611922856,2025-09-24,2025-10-29,,600,0,113150419,1048-071/BISQUE,BXCM5149,Entertainment Furniture,PG Upholstery - Core,1,25.0,
238939,"Braxton Culler, Inc NC 27350",13208,"CCNC Operations, LLC dba Braxton Culler",11684606001,611967780,2025-09-24,2025-10-29,,600,0,50078506,1023-071/NAVY,BXCM1782,Entertainment Furniture,PG Upholstery - Core,1,25.0,
238939,"Braxton Culler, Inc NC 27350",13208,"CCNC Operations, LLC dba Braxton Culler",11684984621,611993692,2025-09-24,2025-10-29,,600,0,96993979,1031-094/0321-85/HONEY,BXCM4994,Accent Furniture,PG Upholstery - Core,1,25.0,
238939,"Braxton Culler, Inc NC 27350",13208,"CCNC Operations, LLC dba Braxton Culler",11056653086,611825354,2025-09-23,2025-10-28,,600,0,92022422,914-072/HAVANA,BXCL1150,Entertainment Furniture,PG Upholstery - Core,1,25.0,
238939,"Braxton Culler, Inc NC 27350",13208,"CCNC Operations, LLC dba Braxton Culler",11056653096,611825354,2025-09-23,2025-10-28,,600,0,92022384,914-071/HAVANA,BXCL1149,Entertainment Furniture,PG Upholstery - Core,1,25.0,
238939,"Braxton Culler, Inc NC 27350",13208,"CCNC Operations, LLC dba Braxton Culler",11692270152,611789262,2025-09-23,2025-10-28,,600,0,50078502,1023-071/HONEY,BXCM1782,Entertainment Furniture,PG Upholstery - Core,1,25.0,
238939,"Braxton Culler, Inc NC 27350",13208,"CCNC Operations, LLC dba Braxton Culler",11087398297,611682906,2025-09-22,2025-10-27,,600,0,126211007,838-071/AGEDBARREL,BXCM5134,Entertainment Furniture,PG Upholstery - Core,1,25.0,
238939,"Braxton Culler, Inc NC 27350",13208,"CCNC Operations, LLC dba Braxton Culler",11084246237,611234818,2025-09-20,2025-10-24,,600,0,64848685,1046-009/0212-83/ANTBLACK,BXCM3779,Upholstery - Core,PG Upholstery - Core,1,25.0,
238939,"Braxton Culler, Inc NC 27350",13208,"CCNC Operations, LLC dba Braxton Culler",11554272623,611187344,2025-09-19,2025-10-24,,600,0,117083948,1023-029/0425-53/COFFEE,BXCM1633,Furniture - Kitchen and Dining,PG Upholstery - Core,1,25.0,
238939,"Braxton Culler, Inc NC 27350",13208,"CCNC Operations, LLC dba Braxton Culler",11555874713,611312683,2025-09-20,2025-10-24,,600,0,130053336,807-049/PUMICE,BXCM1656,Decorative Accent - Wall Accents,PG Upholstery - Core,1,25.0,
238939,"Braxton Culler, Inc NC 27350",13208,"CCNC Operations, LLC dba Braxton Culler",11682598945,611089037,2025-09-19,2025-10-24,,600,0,65523483,1031-122/HONEY,BXCM4528,Entertainment Furniture,PG Upholstery - Core,1,25.0,
238939,"Braxton Culler, Inc NC 27350",13208,"CCNC Operations, LLC dba Braxton Culler",11552733623,611054375,2025-09-18,2025-10-23,,600,0,129448803,1912-070/TRUFFLE,BXCM5717,Entertainment Furniture,PG Upholstery - Core,1,25.0,
238939,"Braxton Culler, Inc NC 27350",13208,"CCNC Operations, LLC dba Braxton Culler",11663992185,611060182,2025-09-18,2025-10-23,,600,0,126210917,838-072/TRUFFLE,BXCM5133,Entertainment Furniture,PG Upholstery - Core,1,25.0,
238939,"Braxton Culler, Inc NC 27350",13208,"CCNC Operations, LLC dba Braxton Culler",11671496141,611008708,2025-09-18,2025-10-23,,600,0,92022488,953-072/FROSTWHITE,BXCL1161,Entertainment Furniture,PG Upholstery - Core,1,25.0,
238939,"Braxton Culler, Inc NC 27350",13208,"CCNC Operations, LLC dba Braxton Culler",11680558125,610952819,2025-09-18,2025-10-23,,600,0,92023034,1023-072/SEAGLASS,BXCM1783,Entertainment Furniture,PG Upholstery - Core,1,25.0,
238939,"Braxton Culler, Inc NC 27350",13208,"CCNC Operations, LLC dba Braxton Culler",11669633671,610876607,2025-09-17,2025-10-22,,600,0,117083791,1023-029/0219-61/SEAGLASS,BXCM1633,Furniture - Kitchen and Dining,PG Upholstery - Core,1,25.0,
238939,"Braxton Culler, Inc NC 27350",13208,"CCNC Operations, LLC dba Braxton Culler",11679489442,610847848,2025-09-17,2025-10-22,,600,0,130053336,807-049/PUMICE,BXCM1656,Decorative Accent - Wall Accents,PG Upholstery - Core,1,25.0,
238939,"Braxton Culler, Inc NC 27350",13208,"CCNC Operations, LLC dba Braxton Culler",11676702905,610674456,2025-09-16,2025-10-21,,600,0,121568795,1046-171/OCEAN,BXCL1408,Entertainment Furniture,PG Upholstery - Core,1,25.0,
238939,"Braxton Culler, Inc NC 27350",13208,"CCNC Operations, LLC dba Braxton Culler",11674296075,610504929,2025-09-15,2025-10-20,,600,0,50079151,1023-072/NAVY,BXCM1783,Entertainment Furniture,PG Upholstery - Core,1,25.0,
238939,"Braxton Culler, Inc NC 27350",13208,"CCNC Operations, LLC dba Braxton Culler",11674697195,610535117,2025-09-15,2025-10-20,,600,0,80206771,807-020/SEAGLASS,BXCM1655,Furniture - Bedroom,PG Upholstery - Core,1,25.0,
238939,"Braxton Culler, Inc NC 27350",13208,"CCNC Operations, LLC dba Braxton Culler",11541908833,610178474,2025-09-12,2025-10-17,,600,0,121568795,1046-171/OCEAN,BXCL1408,Entertainment Furniture,PG Upholstery - Core,1,25.0,
238939,"Braxton Culler, Inc NC 27350",13208,"CCNC Operations, LLC dba Braxton Culler",11543867723,610399846,2025-09-14,2025-10-17,,600,0,121568798,1046-171/HAZEL,BXCL1408,Entertainment Furniture,PG Upholstery - Core,1,25.0,
238939,"Braxton Culler, Inc NC 27350",13208,"CCNC Operations, LLC dba Braxton Culler",11544400093,610357824,2025-09-14,2025-10-17,,600,0,65519109,1031-072/HONEY,BXCM4523,Entertainment Furniture,PG Upholstery - Core,1,25.0,
238939,"Braxton Culler, Inc NC 27350",13208,"CCNC Operations, LLC dba Braxton Culler",11658119461,610071197,2025-09-12,2025-10-17,,600,0,27526972,1064-029WS/HAVANA,BXCL1684,Furniture - Kitchen and Dining,PG Upholstery - Core,1,25.0,
238939,"Braxton Culler, Inc NC 27350",13208,"CCNC Operations, LLC dba Braxton Culler",11663186291,610420460,2025-09-14,2025-10-17,,600,0,107543493,809-044G/SEAGLASS,BXCM4486,Furniture - Bedroom,PG Upholstery - Core,1,25.0,
238939,"Braxton Culler, Inc NC 27350",13208,"CCNC Operations, LLC dba Braxton Culler",11668859315,610134077,2025-09-12,2025-10-17,,600,0,96987178,1023-094/0865-91/FROSTWHITE,BXCM5030,Accent Furniture,PG Upholstery - Core,0,25.0,
238939,"Braxton Culler, Inc NC 27350",13208,"CCNC Operations, LLC dba Braxton Culler",11671249655,610296095,2025-09-13,2025-10-17,,600,0,92022533,129-027/SEAGLASS,BXCM1021,Accent Furniture,PG Upholstery - Core,1,25.0,
238939,"Braxton Culler, Inc NC 27350",13208,"CCNC Operations, LLC dba Braxton Culler",11075356967,610053057,2025-09-11,2025-10-16,,600,0,96065166,1079-009/0822-61/HONEY,BXCM3790,Upholstery - Core,PG Upholstery - Core,1,25.0,
238939,"Braxton Culler, Inc NC 27350",13208,"CCNC Operations, LLC dba Braxton Culler",11656567911,609963827,2025-09-11,2025-10-16,,600,0,126210889,1048-072/TRUFFLE,BXCM5153,Entertainment Furniture,PG Upholstery - Core,1,25.0,
238939,"Braxton Culler, Inc NC 27350",13208,"CCNC Operations, LLC dba Braxton Culler",11657170441,610005776,2025-09-11,2025-10-16,,600,0,43716362,549-005/0865-91,BXCM1676,Upholstery - Core,PG Upholstery - Core,0,25.0,
238939,"Braxton Culler, Inc NC 27350",13208,"CCNC Operations, LLC dba Braxton Culler",11657304741,610015727,2025-09-11,2025-10-16,,600,0,115370481,807-049/OCEAN,BXCM1656,Decorative Accent - Wall Accents,PG Upholstery - Core,1,25.0,
238939,"Braxton Culler, Inc NC 27350",13208,"CCNC Operations, LLC dba Braxton Culler",11667629392,610024937,2025-09-11,2025-10-16,,600,0,129448783,1912-070/ANTBLACK,BXCM5717,Entertainment Furniture,PG Upholstery - Core,1,25.0,
238939,"Braxton Culler, Inc NC 27350",13208,"CCNC Operations, LLC dba Braxton Culler",11536552863,609740891,2025-09-09,2025-10-14,,600,0,89428986,818-144/NAVY,BXCL1753,Furniture - Bedroom,PG Upholstery - Core,1,25.0,
238939,"Braxton Culler, Inc NC 27350",13208,"CCNC Operations, LLC dba Braxton Culler",11575085859,609676011,2025-09-09,2025-10-14,,600,0,129448706,1072-072/OCEAN,BXCM5715,Entertainment Furniture,PG Upholstery - Core,1,25.0,
238939,"Braxton Culler, Inc NC 27350",13208,"CCNC Operations, LLC dba Braxton Culler",11575085869,609676011,2025-09-09,2025-10-14,,600,0,129448752,1072-071/OCEAN,BXCM5716,Entertainment Furniture,PG Upholstery - Core,1,25.0,
238939,"Braxton Culler, Inc NC 27350",13208,"CCNC Operations, LLC dba Braxton Culler",11594848252,609696862,2025-09-09,2025-10-14,,600,0,121568793,1046-171/SEAGLASS,BXCL1408,Entertainment Furniture,PG Upholstery - Core,1,25.0,
238939,"Braxton Culler, Inc NC 27350",13208,"CCNC Operations, LLC dba Braxton Culler",11663868225,609781229,2025-09-09,2025-10-14,,600,0,116790627,1064-028/0425-53/ANTFROSTWHITE,BXCM3960,Furniture - Kitchen and Dining,PG Upholstery - Core,1,25.0,
238939,"Braxton Culler, Inc NC 27350",13208,"CCNC Operations, LLC dba Braxton Culler",11657718552,609629869,2025-09-08,2025-10-13,,600,0,107543493,809-044G/SEAGLASS,BXCM4486,Furniture - Bedroom,PG Upholstery - Core,1,25.0,
238939,"Braxton Culler, Inc NC 27350",13208,"CCNC Operations, LLC dba Braxton Culler",11571733119,609463565,2025-09-07,2025-10-10,,600,0,126210889,1048-072/TRUFFLE,BXCM5153,Entertainment Furniture,PG Upholstery - Core,1,25.0,
238939,"Braxton Culler, Inc NC 27350",13208,"CCNC Operations, LLC dba Braxton Culler",11643476761,609050138,2025-09-05,2025-10-10,,600,0,126210886,1048-071/TRUFFLE,BXCM5149,Entertainment Furniture,PG Upholstery - Core,1,25.0,
238939,"Braxton Culler, Inc NC 27350",13208,"CCNC Operations, LLC dba Braxton Culler",11036873466,609016281,2025-09-04,2025-10-09,,600,0,65523490,1031-122/SEAGLASS,BXCM4528,Entertainment Furniture,PG Upholstery - Core,1,25.0,
238939,"Braxton Culler, Inc NC 27350",13208,"CCNC Operations, LLC dba Braxton Culler",11524007503,608743317,2025-09-03,2025-10-08,,600,0,82263810,934-072/SEAGLASS,BXCL1152,Entertainment Furniture,PG Upholstery - Core,1,25.0,
238939,"Braxton Culler, Inc NC 27350",13208,"CCNC Operations, LLC dba Braxton Culler",11562991299,608753742,2025-09-03,2025-10-08,,600,0,96985877,970-012/0886-91/CELERY,BXCM5029,Furniture - Kitchen and Dining,PG Upholstery - Core,0,25.0,
238939,"Braxton Culler, Inc NC 27350",13208,"CCNC Operations, LLC dba Braxton Culler",11640415941,608844641,2025-09-03,2025-10-08,,600,0,64830726,1046-094/0120-81/CELERY,BXCM3776,Accent Furniture,PG Upholstery - Core,1,25.0,
238939,"Braxton Culler, Inc NC 27350",13208,"CCNC Operations, LLC dba Braxton Culler",11063603667,608599623,2025-09-02,2025-10-07,,600,0,126211020,1045-071/PUMICE,BXCM5150,Entertainment Furniture,PG Upholstery - Core,1,25.0,
238939,"Braxton Culler, Inc NC 27350",13208,"CCNC Operations, LLC dba Braxton Culler",11647470122,608697991,2025-09-02,2025-10-07,,600,0,121569839,1023-072/OCEAN,BXCM1783,Entertainment Furniture,PG Upholstery - Core,1,25.0,
238939,"Braxton Culler, Inc NC 27350",13208,"CCNC Operations, LLC dba Braxton Culler",11648164812,608667725,2025-09-02,2025-10-07,,600,0,130076599,807-021/PUMICE,BXCM1655,Furniture - Bedroom,PG Upholstery - Core,1,25.0,
238939,"Braxton Culler, Inc NC 27350",13208,"CCNC Operations, LLC dba Braxton Culler",11648230992,608670389,2025-09-02,2025-10-07,,600,0,130076599,807-021/PUMICE,BXCM1655,Furniture - Bedroom,PG Upholstery - Core,1,25.0,
238939,"Braxton Culler, Inc NC 27350",13208,"CCNC Operations, LLC dba Braxton Culler",11031069076,608090677,2025-08-31,2025-10-06,,600,0,113063570,767-009/0851-55,BXCM5142,Upholstery - Core,PG Upholstery - Core,1,25.0,
238939,"Braxton Culler, Inc NC 27350",13208,"CCNC Operations, LLC dba Braxton Culler",11508621203,607510586,2025-08-29,2025-10-06,,600,0,130053336,807-049/PUMICE,BXCM1656,Decorative Accent - Wall Accents,PG Upholstery - Core,1,25.0,
238939,"Braxton Culler, Inc NC 27350",13208,"CCNC Operations, LLC dba Braxton Culler",11515537233,607989586,2025-08-31,2025-10-06,,600,0,117127224,1084-029/0414-43/WILLOW,BXCM4532,Furniture - Kitchen and Dining,PG Upholstery - Core,1,25.0,
238939,"Braxton Culler, Inc NC 27350",13208,"CCNC Operations, LLC dba Braxton Culler",11519849743,608300791,2025-09-01,2025-10-06,,600,0,121568799,1046-171/COFFEE,BXCL1408,Entertainment Furniture,PG Upholstery - Core,1,25.0,
238939,"Braxton Culler, Inc NC 27350",13208,"CCNC Operations, LLC dba Braxton Culler",11624303781,607478612,2025-08-29,2025-10-06,,600,0,126210886,1048-071/TRUFFLE,BXCM5149,Entertainment Furniture,PG Upholstery - Core,1,25.0,
238939,"Braxton Culler, Inc NC 27350",13208,"CCNC Operations, LLC dba Braxton Culler",11624904331,607530069,2025-08-29,2025-10-06,,600,0,65523467,1031-122/ANTFROSTWHITE,BXCM4528,Entertainment Furniture,PG Upholstery - Core,1,25.0,
238939,"Braxton Culler, Inc NC 27350",13208,"CCNC Operations, LLC dba Braxton Culler",11627699181,607741493,2025-08-30,2025-10-06,,600,0,112879634,838-072/ANTIQUEBLACK,BXCM5133,Entertainment Furniture,PG Upholstery - Core,1,25.0,
238939,"Braxton Culler, Inc NC 27350",13208,"CCNC Operations, LLC dba Braxton Culler",11628149991,607780362,2025-08-30,2025-10-06,,600,0,121568793,1046-171/SEAGLASS,BXCL1408,Entertainment Furniture,PG Upholstery - Core,1,25.0,
238939,"Braxton Culler, Inc NC 27350",13208,"CCNC Operations, LLC dba Braxton Culler",11631048261,608007769,2025-08-31,2025-10-06,,600,0,130053336,807-049/PUMICE,BXCM1656,Decorative Accent - Wall Accents,PG Upholstery - Core,1,25.0,
238939,"Braxton Culler, Inc NC 27350",13208,"CCNC Operations, LLC dba Braxton Culler",11636772562,607671224,2025-08-30,2025-10-06,,600,0,130055069,835-028/0863-91/PUMICE,BXCL1716,Furniture - Kitchen and Dining,PG Upholstery - Core,1,25.0,
238939,"Braxton Culler, Inc NC 27350",13208,"CCNC Operations, LLC dba Braxton Culler",11637464042,607722962,2025-08-30,2025-10-06,,600,0,113150480,1048-072/BISQUE,BXCM5153,Entertainment Furniture,PG Upholstery - Core,1,25.0,
238939,"Braxton Culler, Inc NC 27350",13208,"CCNC Operations, LLC dba Braxton Culler",11637707825,607762189,2025-08-30,2025-10-06,,600,0,121569856,1031-122/OCEAN,BXCM4528,Entertainment Furniture,PG Upholstery - Core,1,25.0,
238939,"Braxton Culler, Inc NC 27350",13208,"CCNC Operations, LLC dba Braxton Culler",11641191805,608041010,2025-08-31,2025-10-06,,600,0,39810086,1046-171/NAVY,BXCL1408,Entertainment Furniture,PG Upholstery - Core,1,25.0,
238939,"Braxton Culler, Inc NC 27350",13208,"CCNC Operations, LLC dba Braxton Culler",11641738635,608086536,2025-08-31,2025-10-06,,600,0,130053067,1023-071/PUMICE,BXCM1782,Entertainment Furniture,PG Upholstery - Core,1,25.0,
238939,"Braxton Culler, Inc NC 27350",13208,"CCNC Operations, LLC dba Braxton Culler",11643451225,608219765,2025-09-01,2025-10-06,,600,0,27592062,818-144/Havana,BXCL1753,Furniture - Bedroom,PG Upholstery - Core,1,25.0,
238939,"Braxton Culler, Inc NC 27350",13208,"CCNC Operations, LLC dba Braxton Culler",11507993743,607257220,2025-08-28,2025-10-03,,600,0,44920998,2979-075/GL0999-061,BXCM1745,Furniture - Kitchen and Dining,PG Upholstery - Core,1,25.0,
238939,"Braxton Culler, Inc NC 27350",13208,"CCNC Operations, LLC dba Braxton Culler",11547376449,607328702,2025-08-28,2025-10-03,,600,0,65523490,1031-122/SEAGLASS,BXCM4528,Entertainment Furniture,PG Upholstery - Core,1,25.0,
238939,"Braxton Culler, Inc NC 27350",13208,"CCNC Operations, LLC dba Braxton Culler",11621880201,607298056,2025-08-28,2025-10-03,,600,0,121573115,1031-071/WILLOW,BXCM4529,Entertainment Furniture,PG Upholstery - Core,1,25.0,
238939,"Braxton Culler, Inc NC 27350",13208,"CCNC Operations, LLC dba Braxton Culler",11506162953,607103834,2025-08-27,2025-10-02,,600,0,112879753,838-044/WILLOW,BXCM5139,Furniture - Bedroom,PG Upholstery - Core,1,25.0,
238939,"Braxton Culler, Inc NC 27350",13208,"CCNC Operations, LLC dba Braxton Culler",11545464679,607173339,2025-08-27,2025-10-02,,600,0,65519116,1031-072/SEAGLASS,BXCM4523,Entertainment Furniture,PG Upholstery - Core,1,25.0,
238939,"Braxton Culler, Inc NC 27350",13208,"CCNC Operations, LLC dba Braxton Culler",11624649205,606967071,2025-08-26,2025-10-01,,600,0,112879562,838-071/HAVANA,BXCM5134,Entertainment Furniture,PG Upholstery - Core,1,25.0,
238939,"Braxton Culler, Inc NC 27350",13208,"CCNC Operations, LLC dba Braxton Culler",11613840401,606707965,2025-08-25,2025-09-30,,600,0,92022332,907-171/CELERY,BXCL1145,Entertainment Furniture,PG Upholstery - Core,0,25.0,
238939,"Braxton Culler, Inc NC 27350",13208,"CCNC Operations, LLC dba Braxton Culler",11624182632,606729152,2025-08-25,2025-09-30,,600,0,130052890,953-071/AGEDBARREL,BXCL1160,Entertainment Furniture,PG Upholstery - Core,1,25.0,
238939,"Braxton Culler, Inc NC 27350",13208,"CCNC Operations, LLC dba Braxton Culler",11495394473,606261870,2025-08-22,2025-09-29,,600,0,65363608,546-109/0742-83,BXCM4521,Upholstery - Core,PG Upholstery - Core,1,25.0,
238939,"Braxton Culler, Inc NC 27350",13208,"CCNC Operations, LLC dba Braxton Culler",11499216443,606539387,2025-08-24,2025-09-29,,600,0,92022384,914-071/HAVANA,BXCL1149,Entertainment Furniture,PG Upholstery - Core,1,25.0,
238939,"Braxton Culler, Inc NC 27350",13208,"CCNC Operations, LLC dba Braxton Culler",11610897101,606568689,2025-08-24,2025-09-29,,600,0,130053384,818-144/AGEDBARREL,BXCL1753,Furniture - Bedroom,PG Upholstery - Core,1,25.0,
238939,"Braxton Culler, Inc NC 27350",13208,"CCNC Operations, LLC dba Braxton Culler",11617123302,606233651,2025-08-22,2025-09-29,,600,0,93315439,818-049/JAVA,BXCM4734,Decorative Accent - Wall Accents,PG Upholstery - Core,1,25.0,
238939,"Braxton Culler, Inc NC 27350",13208,"CCNC Operations, LLC dba Braxton Culler",11619362522,606390582,2025-08-23,2025-09-29,,600,0,65523468,1031-122/BISQUE,BXCM4528,Entertainment Furniture,PG Upholstery - Core,1,25.0,
238939,"Braxton Culler, Inc NC 27350",13208,"CCNC Operations, LLC dba Braxton Culler",11531304789,606086970,2025-08-21,2025-09-26,,600,0,107543450,809-144G/STONEHEARTH,BXCM4487,Furniture - Bedroom,PG Upholstery - Core,1,25.0,
238939,"Braxton Culler, Inc NC 27350",13208,"CCNC Operations, LLC dba Braxton Culler",11601150161,605807138,2025-08-19,2025-09-24,,600,0,65046151,809-144/SEAGLASS,BXCM4487,Furniture - Bedroom,PG Upholstery - Core,1,25.0,
238939,"Braxton Culler, Inc NC 27350",13208,"CCNC Operations, LLC dba Braxton Culler",11520568849,605545541,2025-08-18,2025-09-23,,600,0,27592054,818-144/Black,BXCL1753,Furniture - Bedroom,PG Upholstery - Core,1,25.0,
238939,"Braxton Culler, Inc NC 27350",13208,"CCNC Operations, LLC dba Braxton Culler",11608362262,605608315,2025-08-18,2025-09-23,,600,0,80206771,807-020/SEAGLASS,BXCM1655,Furniture - Bedroom,PG Upholstery - Core,1,25.0,
238939,"Braxton Culler, Inc NC 27350",13208,"CCNC Operations, LLC dba Braxton Culler",11571242555,605343821,2025-08-17,2025-09-22,,600,0,25866863,907-072/HONEY,BXCL1144,Entertainment Furniture,PG Upholstery - Core,1,25.0,
238939,"Braxton Culler, Inc NC 27350",13208,"CCNC Operations, LLC dba Braxton Culler",11595983931,605415444,2025-08-17,2025-09-22,,600,0,92022482,953-072/CELERY,BXCL1161,Entertainment Furniture,PG Upholstery - Core,1,25.0,
238939,"Braxton Culler, Inc NC 27350",13208,"CCNC Operations, LLC dba Braxton Culler",11596330671,605447648,2025-08-17,2025-09-22,,600,0,115199538,807-026/WILLOW,BXCM1655,Furniture - Bedroom,PG Upholstery - Core,1,25.0,
238939,"Braxton Culler, Inc NC 27350",13208,"CCNC Operations, LLC dba Braxton Culler",11597550592,605038121,2025-08-15,2025-09-22,,600,0,92022384,914-071/HAVANA,BXCL1149,Entertainment Furniture,PG Upholstery - Core,1,25.0,
238939,"Braxton Culler, Inc NC 27350",13208,"CCNC Operations, LLC dba Braxton Culler",11597878251,606202926,2025-08-22,2025-09-22,,480,0,113150495,1048-072/SEAGLASS,BXCM5153,Entertainment Furniture,PG Upholstery - Core,1,20.0,
238939,"Braxton Culler, Inc NC 27350",13208,"CCNC Operations, LLC dba Braxton Culler",11516173559,604835250,2025-08-13,2025-09-18,,600,0,96985088,970-012/0321-91/FROSTWHITE,BXCM5029,Furniture - Kitchen and Dining,PG Upholstery - Core,0,25.0,
238939,"Braxton Culler, Inc NC 27350",13208,"CCNC Operations, LLC dba Braxton Culler",11613515762,605973629,2025-08-20,2025-09-18,,480,0,96986462,1023-094/0321-85/SEAGLASS,BXCM5030,Accent Furniture,PG Upholstery - Core,0,20.0,
238939,"Braxton Culler, Inc NC 27350",13208,"CCNC Operations, LLC dba Braxton Culler",11468256999,600957855,2025-07-22,2025-09-17,,960,0,120615454,848-021/CELERY,BXCM5157,Furniture - Bedroom,PG Upholstery - Core,1,40.0,
238939,"Braxton Culler, Inc NC 27350",13208,"CCNC Operations, LLC dba Braxton Culler",11575866251,604637696,2025-08-12,2025-09-17,,600,0,96990187,708-109/0317-83/HAVANA,BXCM4807,Upholstery - Core,PG Upholstery - Core,1,25.0,
238939,"Braxton Culler, Inc NC 27350",13208,"CCNC Operations, LLC dba Braxton Culler",11594392942,604580964,2025-08-12,2025-09-17,,600,0,27774932,818-044/HAVANA,BXCL1785,Furniture - Bedroom,PG Upholstery - Core,1,25.0,
238939,"Braxton Culler, Inc NC 27350",13208,"CCNC Operations, LLC dba Braxton Culler",11582841981,604444848,2025-08-11,2025-09-16,,600,0,116790663,722-109P/0107-84/JAVA,BXCM4242,Upholstery - Core,PG Upholstery - Core,0,25.0,
238939,"Braxton Culler, Inc NC 27350",13208,"CCNC Operations, LLC dba Braxton Culler",11608115112,605584684,2025-08-18,2025-09-16,,480,0,65523490,1031-122/SEAGLASS,BXCM4528,Entertainment Furniture,PG Upholstery - Core,1,20.0,
238939,"Braxton Culler, Inc NC 27350",13208,"CCNC Operations, LLC dba Braxton Culler",11579948061,604218565,2025-08-10,2025-09-15,,600,0,115199538,807-026/WILLOW,BXCM1655,Furniture - Bedroom,PG Upholstery - Core,1,25.0,
238939,"Braxton Culler, Inc NC 27350",13208,"CCNC Operations, LLC dba Braxton Culler",11589757002,604341354,2025-08-10,2025-09-15,,600,0,65523461,1031-071/SEAGLASS,BXCM4529,Entertainment Furniture,PG Upholstery - Core,1,25.0,
238939,"Braxton Culler, Inc NC 27350",13208,"CCNC Operations, LLC dba Braxton Culler",11591266992,604341354,2025-08-10,2025-09-15,,600,0,92022433,914-072/SEAGLASS,BXCL1150,Entertainment Furniture,PG Upholstery - Core,1,25.0,
238939,"Braxton Culler, Inc NC 27350",13208,"CCNC Operations, LLC dba Braxton Culler",11582818385,603746883,2025-08-07,2025-09-12,,600,0,133940026,708-109/0317-85/FLAX,BXCM4807,Upholstery - Core,PG Upholstery - Core,1,25.0,
238939,"Braxton Culler, Inc NC 27350",13208,"CCNC Operations, LLC dba Braxton Culler",11588128871,604841083,2025-08-13,2025-09-11,,480,0,113150484,1048-072/FROSTWHITE,BXCM5153,Entertainment Furniture,PG Upholstery - Core,1,20.0,
238939,"Braxton Culler, Inc NC 27350",13208,"CCNC Operations, LLC dba Braxton Culler",11576218195,603275105,2025-08-04,2025-09-09,,600,0,25866863,907-072/HONEY,BXCL1144,Entertainment Furniture,PG Upholstery - Core,1,25.0,
238939,"Braxton Culler, Inc NC 27350",13208,"CCNC Operations, LLC dba Braxton Culler",11592008495,604422687,2025-08-11,2025-09-09,,480,0,115176335,1046-194/0884-91/WILLOW,BXCM3777,Accent Furniture,PG Upholstery - Core,0,20.0,
238939,"Braxton Culler, Inc NC 27350",13208,"CCNC Operations, LLC dba Braxton Culler",10993798406,602830179,2025-08-01,2025-09-08,,600,0,115199530,807-020/OCEAN,BXCM1655,Furniture - Bedroom,PG Upholstery - Core,1,25.0,
238939,"Braxton Culler, Inc NC 27350",13208,"CCNC Operations, LLC dba Braxton Culler",11493283709,603140973,2025-08-03,2025-09-08,,600,0,121569720,818-144/OCEAN,BXCL1753,Furniture - Bedroom,PG Upholstery - Core,1,25.0,
238939,"Braxton Culler, Inc NC 27350",13208,"CCNC Operations, LLC dba Braxton Culler",11506858839,604069671,2025-08-09,2025-09-08,,480,0,92022521,129-027/CELERY,BXCM1021,Accent Furniture,PG Upholstery - Core,1,20.0,
238939,"Braxton Culler, Inc NC 27350",13208,"CCNC Operations, LLC dba Braxton Culler",11516966941,599620569,2025-07-13,2025-09-08,,960,0,120615454,848-021/CELERY,BXCM5157,Furniture - Bedroom,PG Upholstery - Core,1,40.0,
238939,"Braxton Culler, Inc NC 27350",13208,"CCNC Operations, LLC dba Braxton Culler",11466176773,603781183,2025-08-07,2025-09-05,,480,0,64830841,1046-094/0851-94/HAVANA,BXCM3776,Accent Furniture,PG Upholstery - Core,1,20.0,
238939,"Braxton Culler, Inc NC 27350",13208,"CCNC Operations, LLC dba Braxton Culler",11574085661,603797440,2025-08-07,2025-09-05,,480,0,96987225,1023-094/0884-91/HAVANA,BXCM5030,Accent Furniture,PG Upholstery - Core,1,20.0,
238939,"Braxton Culler, Inc NC 27350",13208,"CCNC Operations, LLC dba Braxton Culler",10991898256,602566703,2025-07-30,2025-09-04,,600,0,130076513,907-171/AGEDBARREL,BXCL1145,Entertainment Furniture,PG Upholstery - Core,1,25.0,
238939,"Braxton Culler, Inc NC 27350",13208,"CCNC Operations, LLC dba Braxton Culler",11570605411,603594951,2025-08-06,2025-09-04,,480,0,41438763,1024-022/HAVANA,BXCM1640,Entertainment Furniture,PG Upholstery - Core,1,20.0,
238939,"Braxton Culler, Inc NC 27350",13208,"CCNC Operations, LLC dba Braxton Culler",11442018703,602333135,2025-07-28,2025-09-03,,600,0,96985880,970-012/0886-91/FROSTWHITE,BXCM5029,Furniture - Kitchen and Dining,PG Upholstery - Core,1,25.0,
238939,"Braxton Culler, Inc NC 27350",13208,"CCNC Operations, LLC dba Braxton Culler",11479258519,602160950,2025-07-27,2025-09-02,,600,0,115208888,973-009/0886-91/OCEAN,BXCM1822,Upholstery - Core,PG Upholstery - Core,1,25.0,
238939,"Braxton Culler, Inc NC 27350",13208,"CCNC Operations, LLC dba Braxton Culler",11561368682,602162079,2025-07-28,2025-09-02,,600,0,27592063,818-144/Honey,BXCL1753,Furniture - Bedroom,PG Upholstery - Core,1,25.0,
238939,"Braxton Culler, Inc NC 27350",13208,"CCNC Operations, LLC dba Braxton Culler",11561646122,602184916,2025-07-28,2025-09-02,,600,0,107543470,809-044G/CELERY,BXCM4486,Furniture - Bedroom,PG Upholstery - Core,1,25.0,
238939,"Braxton Culler, Inc NC 27350",13208,"CCNC Operations, LLC dba Braxton Culler",11567752611,603344383,2025-08-04,2025-09-02,,480,0,117109050,1031-028/0414-63/FROSTWHITE,BXCM2377,Furniture - Kitchen and Dining,PG Upholstery - Core,1,20.0,
238939,"Braxton Culler, Inc NC 27350",13208,"CCNC Operations, LLC dba Braxton Culler",11014666807,601744260,2025-07-26,2025-08-29,,600,0,107543450,809-144G/STONEHEARTH,BXCM4487,Furniture - Bedroom,PG Upholstery - Core,1,25.0,
238939,"Braxton Culler, Inc NC 27350",13208,"CCNC Operations, LLC dba Braxton Culler",11394697033,597803501,2025-07-02,2025-08-29,,960,0,120615454,848-021/CELERY,BXCM5157,Furniture - Bedroom,PG Upholstery - Core,1,40.0,
238939,"Braxton Culler, Inc NC 27350",13208,"CCNC Operations, LLC dba Braxton Culler",11440597143,601671367,2025-07-26,2025-08-29,,600,0,41693024,1977-075/GL0999-098/FROSTWHITE,BXCM1667,Furniture - Kitchen and Dining,PG Upholstery - Core,1,25.0,
238939,"Braxton Culler, Inc NC 27350",13208,"CCNC Operations, LLC dba Braxton Culler",11457388823,603059146,2025-08-02,2025-08-29,,480,0,41438763,1024-022/HAVANA,BXCM1640,Entertainment Furniture,PG Upholstery - Core,1,20.0,
238939,"Braxton Culler, Inc NC 27350",13208,"CCNC Operations, LLC dba Braxton Culler",11474867419,601459941,2025-07-25,2025-08-29,,600,0,80206771,807-020/SEAGLASS,BXCM1655,Furniture - Bedroom,PG Upholstery - Core,1,25.0,
238939,"Braxton Culler, Inc NC 27350",13208,"CCNC Operations, LLC dba Braxton Culler",11475077719,601472433,2025-07-25,2025-08-29,,600,0,127577112,1922-012/0643-61/BISQUE,BXCM5641,Furniture - Kitchen and Dining,PG Upholstery - Core,1,25.0,
238939,"Braxton Culler, Inc NC 27350",13208,"CCNC Operations, LLC dba Braxton Culler",11479312459,601806596,2025-07-27,2025-08-29,,600,0,126210933,838-022/AGEDBARREL,BXCM5138,Entertainment Furniture,PG Upholstery - Core,1,25.0,
238939,"Braxton Culler, Inc NC 27350",13208,"CCNC Operations, LLC dba Braxton Culler",11493617589,603019035,2025-08-02,2025-08-29,,480,0,96064486,1079-009/0863-93/HONEY,BXCM3790,Upholstery - Core,PG Upholstery - Core,1,20.0,
238939,"Braxton Culler, Inc NC 27350",13208,"CCNC Operations, LLC dba Braxton Culler",11541186102,601483356,2025-07-25,2025-08-29,,600,0,107543493,809-044G/SEAGLASS,BXCM4486,Furniture - Bedroom,PG Upholstery - Core,1,25.0,
238939,"Braxton Culler, Inc NC 27350",13208,"CCNC Operations, LLC dba Braxton Culler",11544860291,601604595,2025-07-26,2025-08-29,,600,0,130053336,807-049/PUMICE,BXCM1656,Decorative Accent - Wall Accents,PG Upholstery - Core,1,25.0,
238939,"Braxton Culler, Inc NC 27350",13208,"CCNC Operations, LLC dba Braxton Culler",11545653921,601665172,2025-07-26,2025-08-29,,600,0,107543450,809-144G/STONEHEARTH,BXCM4487,Furniture - Bedroom,PG Upholstery - Core,1,25.0,
238939,"Braxton Culler, Inc NC 27350",13208,"CCNC Operations, LLC dba Braxton Culler",11552304172,601457927,2025-07-25,2025-08-29,,600,0,96103731,816-094/0252-54/FROSTWHITE,BXCM3730,Accent Furniture,PG Upholstery - Core,1,25.0,
238939,"Braxton Culler, Inc NC 27350",13208,"CCNC Operations, LLC dba Braxton Culler",11554439052,601614611,2025-07-26,2025-08-29,,600,0,25866863,907-072/HONEY,BXCL1144,Entertainment Furniture,PG Upholstery - Core,1,25.0,
238939,"Braxton Culler, Inc NC 27350",13208,"CCNC Operations, LLC dba Braxton Culler",11557810002,601869079,2025-07-27,2025-08-29,,600,0,25866940,914-071/HONEY,BXCL1149,Entertainment Furniture,PG Upholstery - Core,1,25.0,
238939,"Braxton Culler, Inc NC 27350",13208,"CCNC Operations, LLC dba Braxton Culler",11558393062,601934774,2025-07-27,2025-08-29,,600,0,130064116,809-094/0913-61/TRUFFLE,BXCM4490,Accent Furniture,PG Upholstery - Core,1,25.0,
238939,"Braxton Culler, Inc NC 27350",13208,"CCNC Operations, LLC dba Braxton Culler",11558516582,601929141,2025-07-27,2025-08-29,,600,0,27774933,818-044/HONEY,BXCL1785,Furniture - Bedroom,PG Upholstery - Core,1,25.0,
238939,"Braxton Culler, Inc NC 27350",13208,"CCNC Operations, LLC dba Braxton Culler",11559144512,601983819,2025-07-27,2025-08-29,,600,0,92022293,907-072/CELERY,BXCL1144,Entertainment Furniture,PG Upholstery - Core,1,25.0,
238939,"Braxton Culler, Inc NC 27350",13208,"CCNC Operations, LLC dba Braxton Culler",11559170525,601999102,2025-07-27,2025-08-29,,600,0,41693024,1977-075/GL0999-098/FROSTWHITE,BXCM1667,Furniture - Kitchen and Dining,PG Upholstery - Core,1,25.0,
238939,"Braxton Culler, Inc NC 27350",13208,"CCNC Operations, LLC dba Braxton Culler",11565248501,603155696,2025-08-03,2025-08-29,,480,0,121569846,1023-073/WILLOW,BXCM1784,Accent Furniture,PG Upholstery - Core,0,20.0,
238939,"Braxton Culler, Inc NC 27350",13208,"CCNC Operations, LLC dba Braxton Culler",11570966245,602905017,2025-08-01,2025-08-29,,480,0,92022962,1024-022/SEAGLASS,BXCM1640,Entertainment Furniture,PG Upholstery - Core,1,20.0,
238939,"Braxton Culler, Inc NC 27350",13208,"CCNC Operations, LLC dba Braxton Culler",11572510442,602988089,2025-08-02,2025-08-29,,480,0,92023034,1023-072/SEAGLASS,BXCM1783,Entertainment Furniture,PG Upholstery - Core,1,20.0,
238939,"Braxton Culler, Inc NC 27350",13208,"CCNC Operations, LLC dba Braxton Culler",11436631843,601286462,2025-07-24,2025-08-28,,600,0,97009906,947-194/0611-56/COFFEE,BXCM4835,Upholstery - Core,PG Upholstery - Core,1,25.0,
238939,"Braxton Culler, Inc NC 27350",13208,"CCNC Operations, LLC dba Braxton Culler",11436675853,601296393,2025-07-24,2025-08-28,,600,0,121569720,818-144/OCEAN,BXCL1753,Furniture - Bedroom,PG Upholstery - Core,1,25.0,
238939,"Braxton Culler, Inc NC 27350",13208,"CCNC Operations, LLC dba Braxton Culler",11539444251,601199989,2025-07-24,2025-08-28,,600,0,107543432,809-144G/ANTIQUEFROST,BXCM4487,Furniture - Bedroom,PG Upholstery - Core,1,25.0,
238939,"Braxton Culler, Inc NC 27350",13208,"CCNC Operations, LLC dba Braxton Culler",11567820862,602648528,2025-07-31,2025-08-28,,480,0,113150418,1048-071/ANTIQUEFROSTWHITE,BXCM5149,Entertainment Furniture,PG Upholstery - Core,1,20.0,
238939,"Braxton Culler, Inc NC 27350",13208,"CCNC Operations, LLC dba Braxton Culler",11450737163,602507407,2025-07-30,2025-08-27,,480,0,50079185,1023-073/HAVANA,BXCM1784,Accent Furniture,PG Upholstery - Core,0,20.0,
238939,"Braxton Culler, Inc NC 27350",13208,"CCNC Operations, LLC dba Braxton Culler",11430392743,600818199,2025-07-21,2025-08-25,,600,0,27592054,818-144/Black,BXCL1753,Furniture - Bedroom,PG Upholstery - Core,1,25.0,
238939,"Braxton Culler, Inc NC 27350",13208,"CCNC Operations, LLC dba Braxton Culler",10986482196,601755007,2025-07-26,2025-08-22,,480,0,129448803,1912-070/TRUFFLE,BXCM5717,Entertainment Furniture,PG Upholstery - Core,1,20.0,
238939,"Braxton Culler, Inc NC 27350",13208,"CCNC Operations, LLC dba Braxton Culler",11004472777,600406374,2025-07-18,2025-08-22,,600,0,65046151,809-144/SEAGLASS,BXCM4487,Furniture - Bedroom,PG Upholstery - Core,1,25.0,
238939,"Braxton Culler, Inc NC 27350",13208,"CCNC Operations, LLC dba Braxton Culler",11014671687,601736933,2025-07-26,2025-08-22,,480,0,65519116,1031-072/SEAGLASS,BXCM4523,Entertainment Furniture,PG Upholstery - Core,1,20.0,
238939,"Braxton Culler, Inc NC 27350",13208,"CCNC Operations, LLC dba Braxton Culler",11425774433,600455843,2025-07-19,2025-08-22,,600,0,92022332,907-171/CELERY,BXCL1145,Entertainment Furniture,PG Upholstery - Core,1,25.0,
238939,"Braxton Culler, Inc NC 27350",13208,"CCNC Operations, LLC dba Braxton Culler",11440653943,601617922,2025-07-26,2025-08-22,,480,0,50079173,1023-073/BISQUE,BXCM1784,Accent Furniture,PG Upholstery - Core,0,20.0,
238939,"Braxton Culler, Inc NC 27350",13208,"CCNC Operations, LLC dba Braxton Culler",11443345703,601835687,2025-07-27,2025-08-22,,480,0,113150480,1048-072/BISQUE,BXCM5153,Entertainment Furniture,PG Upholstery - Core,1,20.0,
238939,"Braxton Culler, Inc NC 27350",13208,"CCNC Operations, LLC dba Braxton Culler",11461739579,600470702,2025-07-19,2025-08-22,,600,0,80206752,807-044/SEAGLASS,BXCM1657,Furniture - Bedroom,PG Upholstery - Core,1,25.0,
238939,"Braxton Culler, Inc NC 27350",13208,"CCNC Operations, LLC dba Braxton Culler",11474003569,601375791,2025-07-25,2025-08-22,,480,0,39938245,1055-073/NAVY,BXCM1607,Accent Furniture,PG Upholstery - Core,1,20.0,
238939,"Braxton Culler, Inc NC 27350",13208,"CCNC Operations, LLC dba Braxton Culler",11529323601,600515346,2025-07-19,2025-08-22,,600,0,107543422,809-044G/NAVY,BXCM4486,Furniture - Bedroom,PG Upholstery - Core,1,25.0,
238939,"Braxton Culler, Inc NC 27350",13208,"CCNC Operations, LLC dba Braxton Culler",11538203535,600497923,2025-07-19,2025-08-22,,600,0,121573681,979-075/GL0999-098/COFFEE,BXCL1175,Furniture - Kitchen and Dining,PG Upholstery - Core,1,25.0,
238939,"Braxton Culler, Inc NC 27350",13208,"CCNC Operations, LLC dba Braxton Culler",11538290985,600504801,2025-07-19,2025-08-22,,600,0,132839481,914-072/FLAX,BXCL1150,Entertainment Furniture,PG Upholstery - Core,1,25.0,
238939,"Braxton Culler, Inc NC 27350",13208,"CCNC Operations, LLC dba Braxton Culler",11538291835,600504801,2025-07-19,2025-08-22,,600,0,132839485,914-071/FLAX,BXCL1149,Entertainment Furniture,PG Upholstery - Core,1,25.0,
238939,"Braxton Culler, Inc NC 27350",13208,"CCNC Operations, LLC dba Braxton Culler",11539895222,600601450,2025-07-20,2025-08-22,,600,0,130053336,807-049/PUMICE,BXCM1656,Decorative Accent - Wall Accents,PG Upholstery - Core,1,25.0,
238939,"Braxton Culler, Inc NC 27350",13208,"CCNC Operations, LLC dba Braxton Culler",11543124795,601768982,2025-07-26,2025-08-22,,480,0,92023034,1023-072/SEAGLASS,BXCM1783,Entertainment Furniture,PG Upholstery - Core,1,20.0,
238939,"Braxton Culler, Inc NC 27350",13208,"CCNC Operations, LLC dba Braxton Culler",11544711491,601591489,2025-07-26,2025-08-22,,480,0,39810086,1046-171/NAVY,BXCL1408,Entertainment Furniture,PG Upholstery - Core,1,20.0,
238939,"Braxton Culler, Inc NC 27350",13208,"CCNC Operations, LLC dba Braxton Culler",11545568891,601660484,2025-07-26,2025-08-22,,480,0,92023004,1055-171/SEAGLASS,BXCM1648,Entertainment Furniture,PG Upholstery - Core,1,20.0,
238939,"Braxton Culler, Inc NC 27350",13208,"CCNC Operations, LLC dba Braxton Culler",11545568911,601660484,2025-07-26,2025-08-22,,480,0,92023004,1055-171/SEAGLASS,BXCM1648,Entertainment Furniture,PG Upholstery - Core,1,20.0,
238939,"Braxton Culler, Inc NC 27350",13208,"CCNC Operations, LLC dba Braxton Culler",11551229242,601373010,2025-07-25,2025-08-22,,480,0,121568671,1054-073/OCEAN,BXCM1606,Accent Furniture,PG Upholstery - Core,1,20.0,
238939,"Braxton Culler, Inc NC 27350",13208,"CCNC Operations, LLC dba Braxton Culler",11559148955,601996743,2025-07-27,2025-08-22,,480,0,92023034,1023-072/SEAGLASS,BXCM1783,Entertainment Furniture,PG Upholstery - Core,1,20.0,
238939,"Braxton Culler, Inc NC 27350",13208,"CCNC Operations, LLC dba Braxton Culler",11607189185,605537305,2025-08-18,2025-08-22,,96,0,121569787,818-044/PACIFIC,BXCL1785,Furniture - Bedroom,PG Upholstery - Core,0,4.0,
238939,"Braxton Culler, Inc NC 27350",13208,"CCNC Operations, LLC dba Braxton Culler",11436865223,601305586,2025-07-24,2025-08-21,,480,0,50079173,1023-073/BISQUE,BXCM1784,Accent Furniture,PG Upholstery - Core,0,20.0,
238939,"Braxton Culler, Inc NC 27350",13208,"CCNC Operations, LLC dba Braxton Culler",11525520571,600247299,2025-07-17,2025-08-21,,600,0,107543493,809-044G/SEAGLASS,BXCM4486,Furniture - Bedroom,PG Upholstery - Core,1,25.0,
238939,"Braxton Culler, Inc NC 27350",13208,"CCNC Operations, LLC dba Braxton Culler",11534343232,600235132,2025-07-17,2025-08-21,,600,0,41693033,1977-075/GL0999-098/NAVY,BXCM1667,Furniture - Kitchen and Dining,PG Upholstery - Core,1,25.0,
238939,"Braxton Culler, Inc NC 27350",13208,"CCNC Operations, LLC dba Braxton Culler",11549416945,601258232,2025-07-24,2025-08-21,,480,0,65519098,1031-072/CELERY,BXCM4523,Entertainment Furniture,PG Upholstery - Core,1,20.0,
238939,"Braxton Culler, Inc NC 27350",13208,"CCNC Operations, LLC dba Braxton Culler",11532712702,601142375,2025-07-23,2025-08-20,,480,0,126210886,1048-071/TRUFFLE,BXCM5149,Entertainment Furniture,PG Upholstery - Core,1,20.0,
238939,"Braxton Culler, Inc NC 27350",13208,"CCNC Operations, LLC dba Braxton Culler",11533000725,600135269,2025-07-16,2025-08-20,,600,0,92022344,907-171/HAVANA,BXCL1145,Entertainment Furniture,PG Upholstery - Core,1,25.0,
238939,"Braxton Culler, Inc NC 27350",13208,"CCNC Operations, LLC dba Braxton Culler",11465550609,600756557,2025-07-21,2025-08-18,,480,0,96066780,1046-009/0206-85/CELERY,BXCM3779,Upholstery - Core,PG Upholstery - Core,0,20.0,
238939,"Braxton Culler, Inc NC 27350",13208,"CCNC Operations, LLC dba Braxton Culler",11465911279,600783184,2025-07-21,2025-08-18,,480,0,50078506,1023-071/NAVY,BXCM1782,Entertainment Furniture,PG Upholstery - Core,1,20.0,
238939,"Braxton Culler, Inc NC 27350",13208,"CCNC Operations, LLC dba Braxton Culler",11004124007,600355028,2025-07-18,2025-08-15,,480,0,65523483,1031-122/HONEY,BXCM4528,Entertainment Furniture,PG Upholstery - Core,1,20.0,
238939,"Braxton Culler, Inc NC 27350",13208,"CCNC Operations, LLC dba Braxton Culler",11425190203,600420803,2025-07-18,2025-08-15,,480,0,129448639,1071-070/PUMICE,BXCM5713,Entertainment Furniture,PG Upholstery - Core,0,20.0,
238939,"Braxton Culler, Inc NC 27350",13208,"CCNC Operations, LLC dba Braxton Culler",11531934121,600696514,2025-07-20,2025-08-15,,480,0,92022309,1064-029WS/SEAGLASS,BXCL1684,Furniture - Kitchen and Dining,PG Upholstery - Core,1,20.0,
238939,"Braxton Culler, Inc NC 27350",13208,"CCNC Operations, LLC dba Braxton Culler",11520332565,599191873,2025-07-10,2025-08-14,,600,0,107543505,809-144G/SEAGLASS,BXCM4487,Furniture - Bedroom,PG Upholstery - Core,0,25.0,
238939,"Braxton Culler, Inc NC 27350",13208,"CCNC Operations, LLC dba Braxton Culler",11523312001,600083699,2025-07-16,2025-08-13,,480,0,39938210,1054-073/BISQUE,BXCM1606,Accent Furniture,PG Upholstery - Core,1,20.0,
238939,"Braxton Culler, Inc NC 27350",13208,"CCNC Operations, LLC dba Braxton Culler",10972171616,599928888,2025-07-15,2025-08-12,,480,0,113150423,1048-071/FROSTWHITE,BXCM5149,Entertainment Furniture,PG Upholstery - Core,1,20.0,
238939,"Braxton Culler, Inc NC 27350",13208,"CCNC Operations, LLC dba Braxton Culler",11440347559,598745117,2025-07-07,2025-08-11,,600,0,126212622,529-009/0884-91/AGEDBARREL,BXCL1738,Upholstery - Core,PG Upholstery - Core,1,25.0,
238939,"Braxton Culler, Inc NC 27350",13208,"CCNC Operations, LLC dba Braxton Culler",10964164946,598619868,2025-07-06,2025-08-08,,600,0,112879639,838-072/COFFEE,BXCM5133,Entertainment Furniture,PG Upholstery - Core,0,25.0,
238939,"Braxton Culler, Inc NC 27350",13208,"CCNC Operations, LLC dba Braxton Culler",11390625803,597764398,2025-07-01,2025-08-08,,600,0,130076600,807-026/PUMICE,BXCM1655,Furniture - Bedroom,PG Upholstery - Core,1,25.0,
238939,"Braxton Culler, Inc NC 27350",13208,"CCNC Operations, LLC dba Braxton Culler",11391513753,598408156,2025-07-05,2025-08-08,,600,0,96077427,546-109/0206-61,BXCM4521,Upholstery - Core,PG Upholstery - Core,0,25.0,
238939,"Braxton Culler, Inc NC 27350",13208,"CCNC Operations, LLC dba Braxton Culler",11418619779,597644256,2025-07-01,2025-08-08,,600,0,25866863,907-072/HONEY,BXCL1144,Entertainment Furniture,PG Upholstery - Core,1,25.0,
238939,"Braxton Culler, Inc NC 27350",13208,"CCNC Operations, LLC dba Braxton Culler",11424538469,597393865,2025-06-29,2025-08-08,,600,0,107543422,809-044G/NAVY,BXCM4486,Furniture - Bedroom,PG Upholstery - Core,1,25.0,
238939,"Braxton Culler, Inc NC 27350",13208,"CCNC Operations, LLC dba Braxton Culler",11426225499,597526771,2025-06-30,2025-08-08,,600,0,107543422,809-044G/NAVY,BXCM4486,Furniture - Bedroom,PG Upholstery - Core,0,25.0,
238939,"Braxton Culler, Inc NC 27350",13208,"CCNC Operations, LLC dba Braxton Culler",11458671105,598533469,2025-07-06,2025-08-08,,600,0,96977037,740-009/0884-91/HAVANA,BXCM4789,Upholstery - Core,PG Upholstery - Core,1,25.0,
238939,"Braxton Culler, Inc NC 27350",13208,"CCNC Operations, LLC dba Braxton Culler",11484488081,597970049,2025-07-03,2025-08-08,,600,0,96113017,728-009/0321-74/BLACK,BXCM4263,Upholstery - Core,PG Upholstery - Core,1,25.0,
238939,"Braxton Culler, Inc NC 27350",13208,"CCNC Operations, LLC dba Braxton Culler",11490874735,596961315,2025-06-27,2025-08-08,,600,0,130058137,1007-009/0851-54/PUMICE,BXCM1806,Upholstery - Core,PG Upholstery - Core,1,25.0,
238939,"Braxton Culler, Inc NC 27350",13208,"CCNC Operations, LLC dba Braxton Culler",11491033162,596985654,2025-06-27,2025-08-08,,600,0,107543432,809-144G/ANTIQUEFROST,BXCM4487,Furniture - Bedroom,PG Upholstery - Core,1,25.0,
238939,"Braxton Culler, Inc NC 27350",13208,"CCNC Operations, LLC dba Braxton Culler",11493032462,597127965,2025-06-28,2025-08-08,,600,0,107543493,809-044G/SEAGLASS,BXCM4486,Furniture - Bedroom,PG Upholstery - Core,1,25.0,
238939,"Braxton Culler, Inc NC 27350",13208,"CCNC Operations, LLC dba Braxton Culler",11500593935,597668637,2025-07-01,2025-08-08,,600,0,92022344,907-171/HAVANA,BXCL1145,Entertainment Furniture,PG Upholstery - Core,1,25.0,
238939,"Braxton Culler, Inc NC 27350",13208,"CCNC Operations, LLC dba Braxton Culler",11501085372,597719594,2025-07-01,2025-08-08,,600,0,107543493,809-044G/SEAGLASS,BXCM4486,Furniture - Bedroom,PG Upholstery - Core,1,25.0,
238939,"Braxton Culler, Inc NC 27350",13208,"CCNC Operations, LLC dba Braxton Culler",11501085382,597719594,2025-07-01,2025-08-08,,600,0,93315444,818-049/SEAGLASS,BXCM4734,Decorative Accent - Wall Accents,PG Upholstery - Core,1,25.0,
238939,"Braxton Culler, Inc NC 27350",13208,"CCNC Operations, LLC dba Braxton Culler",11504759965,597976899,2025-07-03,2025-08-08,,600,0,107543505,809-144G/SEAGLASS,BXCM4487,Furniture - Bedroom,PG Upholstery - Core,1,25.0,
238939,"Braxton Culler, Inc NC 27350",13208,"CCNC Operations, LLC dba Braxton Culler",11512548372,598591075,2025-07-06,2025-08-08,,600,0,107543432,809-144G/ANTIQUEFROST,BXCM4487,Furniture - Bedroom,PG Upholstery - Core,1,25.0,
238939,"Braxton Culler, Inc NC 27350",13208,"CCNC Operations, LLC dba Braxton Culler",11512548382,598591075,2025-07-06,2025-08-08,,600,0,107543432,809-144G/ANTIQUEFROST,BXCM4487,Furniture - Bedroom,PG Upholstery - Core,1,25.0,
238939,"Braxton Culler, Inc NC 27350",13208,"CCNC Operations, LLC dba Braxton Culler",11522792225,599382638,2025-07-11,2025-08-08,,480,0,39810086,1046-171/NAVY,BXCL1408,Entertainment Furniture,PG Upholstery - Core,1,20.0,
238939,"Braxton Culler, Inc NC 27350",13208,"CCNC Operations, LLC dba Braxton Culler",10978705087,596842128,2025-06-26,2025-08-07,,600,0,27592062,818-144/Havana,BXCL1753,Furniture - Bedroom,PG Upholstery - Core,1,25.0,
238939,"Braxton Culler, Inc NC 27350",13208,"CCNC Operations, LLC dba Braxton Culler",11410688073,599215812,2025-07-10,2025-08-07,,480,0,92022521,129-027/CELERY,BXCM1021,Accent Furniture,PG Upholstery - Core,1,20.0,
238939,"Braxton Culler, Inc NC 27350",13208,"CCNC Operations, LLC dba Braxton Culler",11480616601,596873432,2025-06-26,2025-08-07,,600,0,65045672,809-044/SEAGLASS,BXCM4486,Furniture - Bedroom,PG Upholstery - Core,1,25.0,
238939,"Braxton Culler, Inc NC 27350",13208,"CCNC Operations, LLC dba Braxton Culler",11510470781,599137171,2025-07-09,2025-08-06,,480,0,117177239,1031-094/0127-33/HONEY,BXCM4994,Accent Furniture,PG Upholstery - Core,0,20.0,
238939,"Braxton Culler, Inc NC 27350",13208,"CCNC Operations, LLC dba Braxton Culler",11518636665,599063270,2025-07-09,2025-08-06,,480,0,121569844,1023-073/OCEAN,BXCM1784,Accent Furniture,PG Upholstery - Core,0,20.0,
238939,"Braxton Culler, Inc NC 27350",13208,"CCNC Operations, LLC dba Braxton Culler",11518753045,599071840,2025-07-09,2025-08-06,,480,0,65523483,1031-122/HONEY,BXCM4528,Entertainment Furniture,PG Upholstery - Core,1,20.0,
238939,"Braxton Culler, Inc NC 27350",13208,"CCNC Operations, LLC dba Braxton Culler",11413146149,596496970,2025-06-24,2025-08-05,,600,0,43716360,549-005/0863-91,BXCM1676,Upholstery - Core,PG Upholstery - Core,1,25.0,
238939,"Braxton Culler, Inc NC 27350",13208,"CCNC Operations, LLC dba Braxton Culler",11406206283,598842660,2025-07-07,2025-08-04,,480,0,39938211,1054-073/BLACK,BXCM1606,Accent Furniture,PG Upholstery - Core,1,20.0,
238939,"Braxton Culler, Inc NC 27350",13208,"CCNC Operations, LLC dba Braxton Culler",10955374976,597324213,2025-06-29,2025-08-01,,480,0,39938205,1054-071/NAVY,BXCM1605,Entertainment Furniture,PG Upholstery - Core,1,20.0,
238939,"Braxton Culler, Inc NC 27350",13208,"CCNC Operations, LLC dba Braxton Culler",10959773066,597957549,2025-07-02,2025-08-01,,480,0,126222155,1046-194/0913-61/TRUFFLE,BXCM3777,Accent Furniture,PG Upholstery - Core,0,20.0,
238939,"Braxton Culler, Inc NC 27350",13208,"CCNC Operations, LLC dba Braxton Culler",10980939007,597134452,2025-06-28,2025-08-01,,480,0,129448642,1071-070/TRUFFLE,BXCM5713,Entertainment Furniture,PG Upholstery - Core,0,20.0,
238939,"Braxton Culler, Inc NC 27350",13208,"CCNC Operations, LLC dba Braxton Culler",11394313063,597778146,2025-07-01,2025-08-01,,480,0,117084412,1023-029/0611-56/HAZEL,BXCM1633,Furniture - Kitchen and Dining,PG Upholstery - Core,1,20.0,
238939,"Braxton Culler, Inc NC 27350",13208,"CCNC Operations, LLC dba Braxton Culler",11398781023,598153573,2025-07-04,2025-08-01,,480,0,65519093,1031-072/ANTFROSTWHITE,BXCM4523,Entertainment Furniture,PG Upholstery - Core,1,20.0,
238939,"Braxton Culler, Inc NC 27350",13208,"CCNC Operations, LLC dba Braxton Culler",11471497541,596188948,2025-06-22,2025-08-01,,600,0,107543450,809-144G/STONEHEARTH,BXCM4487,Furniture - Bedroom,PG Upholstery - Core,1,25.0,
238939,"Braxton Culler, Inc NC 27350",13208,"CCNC Operations, LLC dba Braxton Culler",11471497681,596188948,2025-06-22,2025-08-01,,600,0,107543450,809-144G/STONEHEARTH,BXCM4487,Furniture - Bedroom,PG Upholstery - Core,1,25.0,
238939,"Braxton Culler, Inc NC 27350",13208,"CCNC Operations, LLC dba Braxton Culler",11489557611,597664912,2025-07-01,2025-08-01,,480,0,39938210,1054-073/BISQUE,BXCM1606,Accent Furniture,PG Upholstery - Core,1,20.0,
238939,"Braxton Culler, Inc NC 27350",13208,"CCNC Operations, LLC dba Braxton Culler",11493504681,597808967,2025-07-02,2025-08-01,,480,0,92023027,1023-072/ANTFROSTWHITE,BXCM1783,Entertainment Furniture,PG Upholstery - Core,0,20.0,
238939,"Braxton Culler, Inc NC 27350",13208,"CCNC Operations, LLC dba Braxton Culler",11494631021,597899396,2025-07-02,2025-08-01,,480,0,41438785,1024-122/HAVANA,BXCM1641,Entertainment Furniture,PG Upholstery - Core,1,20.0,
238939,"Braxton Culler, Inc NC 27350",13208,"CCNC Operations, LLC dba Braxton Culler",11497124761,598084813,2025-07-03,2025-08-01,,480,0,117116354,1079-009/0414-43/BLACK,BXCM3790,Upholstery - Core,PG Upholstery - Core,1,20.0,
238939,"Braxton Culler, Inc NC 27350",13208,"CCNC Operations, LLC dba Braxton Culler",11500544961,598341459,2025-07-05,2025-08-01,,480,0,65523482,1031-122/HAVANA,BXCM4528,Entertainment Furniture,PG Upholstery - Core,0,20.0,
238939,"Braxton Culler, Inc NC 27350",13208,"CCNC Operations, LLC dba Braxton Culler",11503910031,598614487,2025-07-06,2025-08-01,,480,0,50078506,1023-071/NAVY,BXCM1782,Entertainment Furniture,PG Upholstery - Core,1,20.0,
238939,"Braxton Culler, Inc NC 27350",13208,"CCNC Operations, LLC dba Braxton Culler",11508323465,598255217,2025-07-04,2025-08-01,,480,0,65523490,1031-122/SEAGLASS,BXCM4528,Entertainment Furniture,PG Upholstery - Core,1,20.0,
238939,"Braxton Culler, Inc NC 27350",13208,"CCNC Operations, LLC dba Braxton Culler",11508594095,598274771,2025-07-04,2025-08-01,,480,0,55220047,1046-194/0865-91/SEAGLASS,BXCM3777,Accent Furniture,PG Upholstery - Core,1,20.0,
238939,"Braxton Culler, Inc NC 27350",13208,"CCNC Operations, LLC dba Braxton Culler",11472117352,595737196,2025-06-19,2025-07-31,,600,0,115199531,807-021/OCEAN,BXCM1655,Furniture - Bedroom,PG Upholstery - Core,1,25.0,
238939,"Braxton Culler, Inc NC 27350",13208,"CCNC Operations, LLC dba Braxton Culler",11479719331,596795078,2025-06-26,2025-07-31,,480,0,129448706,1072-072/OCEAN,BXCM5715,Entertainment Furniture,PG Upholstery - Core,1,20.0,
238939,"Braxton Culler, Inc NC 27350",13208,"CCNC Operations, LLC dba Braxton Culler",11488459532,596799174,2025-06-26,2025-07-31,,480,0,121568799,1046-171/COFFEE,BXCL1408,Entertainment Furniture,PG Upholstery - Core,1,20.0,
238939,"Braxton Culler, Inc NC 27350",13208,"CCNC Operations, LLC dba Braxton Culler",11380623263,596645798,2025-06-25,2025-07-30,,480,0,92022957,1024-022/CELERY,BXCM1640,Entertainment Furniture,PG Upholstery - Core,0,20.0,
238939,"Braxton Culler, Inc NC 27350",13208,"CCNC Operations, LLC dba Braxton Culler",11486218112,596666140,2025-06-25,2025-07-30,,480,0,65519116,1031-072/SEAGLASS,BXCM4523,Entertainment Furniture,PG Upholstery - Core,1,20.0,
238939,"Braxton Culler, Inc NC 27350",13208,"CCNC Operations, LLC dba Braxton Culler",11486063995,596620033,2025-06-24,2025-07-29,,480,0,121569844,1023-073/OCEAN,BXCM1784,Accent Furniture,PG Upholstery - Core,1,20.0,
238939,"Braxton Culler, Inc NC 27350",13208,"CCNC Operations, LLC dba Braxton Culler",11397025389,595244169,2025-06-16,2025-07-28,,600,0,96985267,970-012/0611-66/HAVANA,BXCM5029,Furniture - Kitchen and Dining,PG Upholstery - Core,1,25.0,
238939,"Braxton Culler, Inc NC 27350",13208,"CCNC Operations, LLC dba Braxton Culler",11473417821,596333567,2025-06-23,2025-07-28,,480,0,65519109,1031-072/HONEY,BXCM4523,Entertainment Furniture,PG Upholstery - Core,1,20.0,
238939,"Braxton Culler, Inc NC 27350",13208,"CCNC Operations, LLC dba Braxton Culler",11387170319,595060506,2025-06-15,2025-07-25,,600,0,107543505,809-144G/SEAGLASS,BXCM4487,Furniture - Bedroom,PG Upholstery - Core,1,25.0,
238939,"Braxton Culler, Inc NC 27350",13208,"CCNC Operations, LLC dba Braxton Culler",11391406759,595080496,2025-06-15,2025-07-25,,600,0,96985877,970-012/0886-91/CELERY,BXCM5029,Furniture - Kitchen and Dining,PG Upholstery - Core,1,25.0,
238939,"Braxton Culler, Inc NC 27350",13208,"CCNC Operations, LLC dba Braxton Culler",11476338225,595915570,2025-06-20,2025-07-25,,480,0,96987226,1023-094/0884-91/HONEY,BXCM5030,Accent Furniture,PG Upholstery - Core,0,20.0,
238939,"Braxton Culler, Inc NC 27350",13208,"CCNC Operations, LLC dba Braxton Culler",11476439145,595922015,2025-06-20,2025-07-25,,480,0,96064895,1079-009/0321-91/FROSTWHITE,BXCM3790,Upholstery - Core,PG Upholstery - Core,1,20.0,
238939,"Braxton Culler, Inc NC 27350",13208,"CCNC Operations, LLC dba Braxton Culler",11448727675,595670261,2025-06-18,2025-07-23,,480,0,113150480,1048-072/BISQUE,BXCM5153,Entertainment Furniture,PG Upholstery - Core,1,20.0,
238939,"Braxton Culler, Inc NC 27350",13208,"CCNC Operations, LLC dba Braxton Culler",11444288211,594194246,2025-06-10,2025-07-22,,600,5,121573683,979-075/GL0999-098/HAZEL,BXCL1175,Furniture - Kitchen and Dining,PG Upholstery - Core,1,25.0,
238939,"Braxton Culler, Inc NC 27350",13208,"CCNC Operations, LLC dba Braxton Culler",11363192193,595227746,2025-06-16,2025-07-21,,480,0,96987216,1023-094/0884-91/BLACK,BXCM5030,Accent Furniture,PG Upholstery - Core,1,20.0,
238939,"Braxton Culler, Inc NC 27350",13208,"CCNC Operations, LLC dba Braxton Culler",11450796882,594058547,2025-06-09,2025-07-21,,600,5,41693027,1977-075/GL0999-098/HAVANA,BXCM1667,Furniture - Kitchen and Dining,PG Upholstery - Core,1,25.0,
238939,"Braxton Culler, Inc NC 27350",13208,"CCNC Operations, LLC dba Braxton Culler",11379247159,593806408,2025-06-07,2025-07-18,,600,5,93315437,818-049/HAVANA,BXCM4734,Decorative Accent - Wall Accents,PG Upholstery - Core,1,25.0,
238939,"Braxton Culler, Inc NC 27350",13208,"CCNC Operations, LLC dba Braxton Culler",11437863011,593735217,2025-06-07,2025-07-18,,600,5,41693028,1977-075/GL0999-098/HONEY,BXCM1667,Furniture - Kitchen and Dining,PG Upholstery - Core,1,25.0,
238939,"Braxton Culler, Inc NC 27350",13208,"CCNC Operations, LLC dba Braxton Culler",11439039871,593822424,2025-06-07,2025-07-18,,600,5,80206772,807-020/STONEHEARTH,BXCM1655,Furniture - Bedroom,PG Upholstery - Core,1,25.0,
238939,"Braxton Culler, Inc NC 27350",13208,"CCNC Operations, LLC dba Braxton Culler",11451699769,599680308,2025-07-13,2025-07-18,,120,0,132874369,1054-171/FLAX,BXCM1647,Entertainment Furniture,PG Upholstery - Core,0,5.0,
238939,"Braxton Culler, Inc NC 27350",13208,"CCNC Operations, LLC dba Braxton Culler",11456184941,595061479,2025-06-15,2025-07-18,,480,0,96060886,1046-094/0317-83/BLACK,BXCM3776,Accent Furniture,PG Upholstery - Core,1,20.0,
238939,"Braxton Culler, Inc NC 27350",13208,"CCNC Operations, LLC dba Braxton Culler",11463167205,595096036,2025-06-15,2025-07-18,,480,0,92023034,1023-072/SEAGLASS,BXCM1783,Entertainment Furniture,PG Upholstery - Core,1,20.0,
