supplier_id,su_name,sto,is_cushioned,vol,vol_det,vol_direct,vol_local,direct_share,ifr,delivery_rel,det_on_time,det_hits_minus_1,ifr_direct,ifr_local,del_direct,det_on_time_direct,det_m1_direct,cushion,ifr_vs_del_pp,ifr_vs_det_pp,big_gap
19770,Safavieh NJ 08809,Rugs,1,17973.0,17782.0,608.0,16730.0,0.0338285205586157,0.756022923273802,0.8532242808657433,0.8741725816257946,0.7866815791238909,0.9490131578947366,0.7426180514046649,0.9144736842105265,0.9950657894736844,0.9539473684210527,1.0,-9.720135759194125,-11.814965835199253,False
36423,NFusion GA 31407,Outdoor Furniture,1,13895.0,13711.0,1173.0,9571.0,0.08441885570349046,0.6366318819719327,0.7940985966174879,0.7415112300367281,0.41852957934985546,0.5157715260017052,0.7592728032598478,0.7894288150042631,0.7476555839727196,0.3887468030690539,1.0,-15.74667146455553,-10.487934806479549,True
34657,Unique Loom SC29707,Rugs,1,13516.0,13416.0,375.0,12479.0,0.027744894939331164,0.9016720923350121,0.8736312518496612,0.9248398907471779,0.7652853548032806,0.8719999999999997,0.9027966984534036,0.8800000000000001,0.9306666666666665,0.8186666666666663,1.0,2.8040840485350937,-2.3167798412165763,False
302637,"GigaCloud Trading, Inc. GA 31302",Outdoor Furniture,1,11175.0,10995.0,748.0,6209.0,0.0669351230425056,0.6277404921700214,0.8501118568232661,0.7349753436830913,0.4031377279271933,0.497326203208556,0.6920599130294713,0.8195187165775398,0.7954545454545456,0.43983957219251324,1.0,-22.23713646532447,-10.723485151306988,True
41921,UMA Enterprises KY 41094(2),Decor,1,10403.0,10288.0,986.0,9375.0,0.09478035182158992,0.8524464096895116,0.880995866576949,0.899115878623021,0.7510995444990898,0.8397565922920892,0.8543999999999989,0.8620689655172412,0.9513184584178495,0.8083164300202841,1.0,-2.8549456887437374,-4.666946893350943,False
242993,"Haomaijia Technology (Shenzhen) Co., LTD GA 30519",APS,1,9990.0,9892.0,671.0,8657.0,0.06716716716716717,0.765065065065065,0.8368368368368375,0.8648942336814798,0.6047617407146405,0.7734724292101343,0.7737091371144738,0.8763040238450067,0.9165424739195228,0.6020864381520118,1.0,-7.177177177177252,-9.982916861641478,False
14177,Nourison GA 30701,Rugs,1,8643.0,8590.0,1188.0,7051.0,0.13745227351614023,0.9725789656369316,0.8940182806895762,0.9010545321802294,0.7559187519368705,0.9730639730639741,0.9717770529002977,0.856060606060606,0.9638047138047146,0.7651515151515156,1.0,7.856068494735535,7.152443345670223,False
122081,Jonathan Y SC 29927,Lighting,1,8007.0,7871.0,876.0,6439.0,0.10940427126264518,0.6526789059572873,0.8132883726739109,0.7522882329591264,0.5111880198048562,0.42808219178082185,0.7008852306258735,0.6746575342465754,0.6940639269406395,0.3584474885844744,1.0,-16.060946671662357,-9.96093270018391,True
410177,NW Investment Inc PA 19114,APS Decor,1,7040.0,6960.0,633.0,5715.0,0.08991477272727273,0.9340909090909087,0.8482954545454549,0.8307806011037249,0.7050658011910274,0.9431279620853077,0.955380577427821,0.8135860979462871,0.9052132701421796,0.7646129541864133,1.0,8.57954545454539,10.331030798718388,False
368322,Creative Home Ideas GA 31320,Soft Home,1,6763.0,6554.0,664.0,5953.0,0.09818128049682094,0.42969096554783315,0.8440041401744774,0.7291888922653184,0.375638461310499,0.27560240963855426,0.45019317990928864,0.8614457831325297,0.7439759036144582,0.3448795180722892,1.0,-41.43131746266443,-29.949792671748522,True
253370,Edecor Center Inc._1 NJ 08110,Wayfair,1,6164.0,6079.0,724.0,3088.0,0.11745619727449708,0.7931537962362096,0.8442569759896175,0.8888146134823123,0.7329475577040788,0.7265193370165748,0.8782383419689114,0.8162983425414365,0.9516574585635358,0.7872928176795584,1.0,-5.1103179753407835,-9.566081724610264,False
10983,JLA Home GA 31407 - SV3,Soft Home,1,6043.0,6017.0,918.0,4775.0,0.15191130233327818,0.8601687903359254,0.8456064868442832,0.8697853184296869,0.6260400056734977,0.8529411764705881,0.8653403141361251,0.8681917211328976,0.9030501089324623,0.6612200435729845,1.0,1.4562303491642226,-0.9616528093761456,False
44688,Jonathan Y NJ 08822,Lighting,1,5924.0,5857.0,654.0,4927.0,0.11039837947332883,0.656144496961512,0.8178595543551659,0.7485275277766964,0.48673351889770117,0.5886850152905199,0.6707935863608682,0.7584097859327221,0.8608562691131497,0.5275229357798168,1.0,-16.171505739365386,-9.23830308151844,True
10114,Safavieh PA 18042a,Rugs,1,5844.0,5796.0,165.0,5520.0,0.028234086242299793,0.7977412731006153,0.8795345653661879,0.8383401746125132,0.5960866394676967,0.9757575757575757,0.7874999999999992,0.9575757575757577,0.9939393939393935,0.9090909090909086,1.0,-8.179329226557265,-4.059890151189793,False
17059,Flash Furniture MS 38654,Casegoods,1,5655.0,5511.0,516.0,4553.0,0.09124668435013263,0.3916887709991158,0.6502210433244916,0.6794722422365704,0.36137071046626784,0.7248062015503871,0.3250603997364376,0.8294573643410854,0.9108527131782944,0.6356589147286825,1.0,-25.853227232537577,-28.778347123745462,True
279170,"GigaCloud Trading, Inc. AT4 GA 31408",Outdoor Furniture,1,5542.0,5457.0,414.0,4767.0,0.07470227354745579,0.7605557560447496,0.8744135691086238,0.7935118587115624,0.46339706945493303,0.741545893719807,0.7627438640654504,0.8574879227053134,0.8502415458937199,0.42995169082125595,1.0,-11.385781306387422,-3.2956102666812814,True
35362,Designs Direct LLC NC28792,Soft Home,1,5472.0,5420.0,205.0,5237.0,0.037463450292397664,0.934758771929824,0.8709795321637436,0.9767990955639952,0.9663869134394979,0.9756097560975605,0.9333587932022145,0.9073170731707314,0.9951219512195121,0.9951219512195121,3.0,6.377923976608047,-4.20403236341712,False
302333,NW Investment Inc TX 75041,APS Youth,1,5117.0,5075.0,676.0,2728.0,0.13210865741645494,0.6300566738323241,0.8061364080515927,0.8747207277720787,0.5345746359924267,0.609467455621302,0.4937683284457482,0.8106508875739642,0.8565088757396448,0.5739644970414196,1.0,-17.607973421926857,-24.466405393975453,True
272805,Karat Home Inc (14 Karat) CA 92880,APS Upholstery,1,5053.0,5012.0,1199.0,3402.0,0.23728478131802888,0.9160894518108055,0.9137146249752623,0.9035554012661232,0.8166746240699564,0.8031693077564633,0.9670781893004117,0.8790658882401993,0.8790658882402003,0.7339449541284394,1.0,0.23748268355431312,1.2534050544682263,False
213570,Feiss SC 29651,Lighting,1,4907.0,4854.0,737.0,3936.0,0.15019360097819442,0.7104136947218257,0.7841858569390658,0.8391112414975062,0.6109866030556284,0.40298507462686584,0.7741361788617883,0.7164179104477612,0.8141112618724554,0.38127544097693333,1.0,-7.377216221724014,-12.869754677568046,False
58269,Wholesale Interiors IL 60502,Casegoods,1,4690.0,4621.0,0.0,4690.0,0.0,0.6748400852878464,0.8277185501066088,0.7963752665245206,0.4270788912579964,,0.6748400852878464,,,,1.0,-15.287846481876233,-12.153518123667418,True
39912,Modway NJ 08520,Outdoor Furniture,1,4674.0,4560.0,8.0,4660.0,0.0017115960633290544,0.733418913136498,0.7982456140350862,0.8953758188389425,0.5661322566071828,0.625,0.7336909871244617,0.875,0.875,0.875,1.0,-6.482670089858821,-16.195690570244448,False
20278,Mozaic Company Arlington Warehouse,Outdoor Furniture,1,4623.0,4555.0,230.0,4381.0,0.04975124378109453,0.8278174345662987,0.8128920614319701,0.8544652076337017,0.6097173429520902,0.7782608695652173,0.8306322757361331,0.7391304347826085,0.908695652173913,0.5434782608695647,1.0,1.4925373134328623,-2.664777306740296,False
4033,Bush PA- 16509,Casegoods,1,4554.0,4507.0,185.0,4364.0,0.04062362758014932,0.36824769433465077,0.9936319718928408,0.9773856209416174,0.9705791195160927,0.2756756756756758,0.37213565536205306,0.9783783783783784,0.9837837837837835,0.9783783783783785,5.0,-62.538427755819,-60.913792660696664,True
204862,Keter US GA 31326,Outdoor Structures,1,4195.0,4110.0,365.0,3037.0,0.08700834326579261,0.5368295589988086,0.8045292014302737,0.7153533390907956,0.47482540946490287,0.5945205479452055,0.6154099440237083,0.7972602739726027,0.7917808219178087,0.5150684931506846,1.0,-26.769964243146514,-17.8523780091987,True
14765,Flash Furniture GA 30114,Casegoods,1,4130.0,3901.0,71.0,3880.0,0.01719128329297821,0.3348668280871677,0.5496368038740929,0.5924786288323787,0.27026913155080107,0.7464788732394364,0.3306701030927842,0.9436619718309859,0.9577464788732394,0.6760563380281692,1.0,-21.476997578692515,-25.761180074521096,True
350373,York Wallcoverings PA 17408,Decor,1,4100.0,4005.0,8.0,3602.0,0.001951219512195122,0.933658536585366,0.9209756097560982,0.8977952457140217,0.8239995711412021,0.75,0.9300388672959469,0.875,0.875,0.75,1.0,1.268292682926786,3.586329087134432,False
245571,YITA LLC GA 30297,APS AEOF,1,3732.0,3712.0,677.0,2348.0,0.18140407288317256,0.7639335476956063,0.8062700964630211,0.8098862670630179,0.5899150847278101,0.5110782865583463,0.8390119250425903,0.7045790251107824,0.8788774002954208,0.4460856720827178,1.0,-4.233654876741477,-4.595271936741163,False
296207,Covers And All GA,Outdoor Furniture,1,3542.0,3484.0,413.0,3035.0,0.116600790513834,0.4497459062676454,0.6383399209486165,0.7814703548599475,0.7114958106539807,0.7845036319612592,0.39373970345963755,0.8571428571428564,0.898305084745763,0.8401937046004844,1.0,-18.859401468097108,-33.17244485923022,True
79383,ColourTree CA,Upholstery,1,3437.0,3322.0,728.0,2514.0,0.21181262729124237,0.5938318300843775,0.9115507710212399,0.7575289396837073,0.5245513744344135,0.43131868131868134,0.6503579952267324,0.9079670329670333,0.8076923076923083,0.46840659340659335,1.0,-31.77189409368625,-16.36971095993298,True
245572,YITA LLC CA 92374,APS AEOF,1,3184.0,3162.0,324.0,2693.0,0.10175879396984924,0.7399497487437185,0.8391959798994982,0.7781383458837345,0.5405864009415554,0.6574074074074074,0.7601188265874489,0.7345679012345677,0.929012345679012,0.6265432098765434,1.0,-9.924623115577969,-3.818859714001599,False
205424,Maxwood Furniture SC 29571,Youth Furniture & Decor,1,3059.0,3022.0,17.0,3030.0,0.005557371690094802,0.6871526642693699,0.8672768878718535,0.7561176236750083,0.5364314062114364,0.47058823529411764,0.68910891089109,0.5882352941176472,0.5882352941176471,0.23529411764705882,1.0,-18.012422360248358,-6.89649594056384,True
35069,JLA Home GA 31407 - SV2,Soft Home,1,3054.0,3047.0,0.0,3054.0,0.0,0.9852652259332018,0.8628028814669298,0.9076620825147342,0.6637197118533072,,0.9852652259332018,,,,1.0,12.246234446627192,7.760314341846753,False
363084,NorthCape International (Chicago Wicker) GA 30024,Outdoor Furniture,1,3024.0,2993.0,285.0,2696.0,0.09424603174603174,0.5929232804232812,0.8439153439153441,0.8044756509005679,0.7337976296819184,1.0,0.5437685459940662,1.0,1.0,1.0,2.0,-25.099206349206284,-21.15523704772867,True
475218,"Ningbo Maowei E-commerce Co., Ltd. GA 30297",APS Outdoor,1,3004.0,2998.0,367.0,1898.0,0.12217043941411451,0.780292942743009,0.6970705725699069,0.8352038309762735,0.6367872518889327,0.7847411444141691,0.8508956796628024,0.6839237057220711,0.901907356948229,0.7084468664850144,1.0,8.322237017310208,-5.491088823326451,False
302513,Alphamarts GA 31326(2),APS Outdoor,1,2986.0,2950.0,151.0,2569.0,0.05056932350971199,0.7113194909578033,0.8590087073007371,0.7799530253148694,0.4372680789860861,0.6225165562913905,0.7282989490073963,0.8609271523178802,0.8079470198675496,0.45033112582781437,1.0,-14.768921634293374,-6.8633534357066095,True
279442,HONGKONG BESTARE TECH NJ 08810,APS,1,2926.0,2769.0,2.0,2915.0,0.000683526999316473,0.7737525632262484,0.852016404647983,0.7740454071572862,0.5826793456344346,0.5,0.774271012006862,0.5,0.5,0.5,1.0,-7.82638414217346,-0.02928439310377895,False
149929,Dalyn Rugs GA,Rugs,1,2905.0,2842.0,0.0,2905.0,0.0,0.9318416523235816,0.9191049913941481,0.9163511187607584,0.825129087779689,,0.9318416523235816,,,,1.0,1.2736660929433485,1.549053356282326,False
237104,Devion Furniture,APS,1,2893.0,2871.0,0.0,2888.0,0.0,0.9014863463532677,0.903905979951607,0.8002100477504043,0.5371647992003328,,0.9013157894736855,,,,1.0,-0.24196335983392991,10.127629860286348,False
272846,Pony Bros-2,APS Youth,1,2847.0,2841.0,501.0,2023.0,0.17597471022128555,0.46259220231822934,0.7671232876712323,0.7791158453567152,0.4253678612882513,0.39720558882235557,0.48492338111715205,0.7784431137724555,0.8223552894211572,0.4211576846307386,1.0,-30.453108535300295,-31.652364303848586,True
52925,Loloi Rugs GA 30121,Rugs,1,2724.0,2714.0,8.0,2713.0,0.002936857562408223,0.8990455212922174,0.8693098384728357,0.886565571319184,0.8366397386311871,0.875,0.8990047917434574,1.0,1.0,1.0,1.0,2.973568281938166,1.2479949973033366,False
438948,CAN_Shenzhen Zhichen Trading Co. LTD. ON L9E 0E9,APS K&D,1,2673.0,2652.0,0.0,2673.0,0.0,0.871305649083427,0.9012345679012337,0.8933782267115611,0.8305274971941627,,0.871305649083427,,,,1.0,-2.9928918817806682,-2.2072577628134082,False
320854,Curtis International CA,Appliances,1,2637.0,2616.0,461.0,2094.0,0.17481987106560484,0.13803564656807013,0.8395904436860068,0.6242003227302757,0.26899308714172976,0.03036876355748372,0.16380133715377315,0.8655097613882865,0.6182212581344898,0.08676789587852496,1.0,-70.15547971179366,-48.61646761622056,True
316872,"Heze Starfire Trading Co., Ltd CA 91761(5)",APS,1,2619.0,2589.0,245.0,2330.0,0.0935471554028255,0.7968690339824366,0.9156166475754094,0.876728383703255,0.6734666474370774,0.5714285714285715,0.8244635193133052,0.951020408163265,0.9020408163265302,0.6000000000000002,1.0,-11.874761359297281,-7.985934972081843,True
248614,WINADO INC GA 31326,APS Outdoor,1,2617.0,2604.0,223.0,1957.0,0.08521207489491785,0.5590370653419943,0.6916316392816203,0.7332722661649427,0.44902480912585235,0.5695067264573994,0.5809913132345422,0.7847533632286997,0.8475336322869959,0.6502242152466366,1.0,-13.259457393962604,-17.423520082294843,True
362104,Ulli Home NC 28750,Soft Home,1,2566.0,2500.0,136.0,2426.0,0.05300077942322681,0.5717069368667185,0.819173811379578,0.8188694825663176,0.6890713350467974,0.6470588235294117,0.5667765869744433,0.8749999999999998,0.9411764705882354,0.7647058823529413,2.0,-24.746687451285954,-24.716254569959915,True
44034,Wexford Home IL,Decor,1,2564.0,2545.0,0.0,2564.0,0.0,0.8393135725429014,0.8397035881435257,0.9340873634945391,0.7929017160686426,,0.8393135725429014,,,,1.0,-0.03900156006243494,-9.477379095163773,False
112675,Sign Leader Incorporation CA 91766,APS Youth,1,2496.0,2438.0,416.0,1784.0,0.16666666666666666,0.9110576923076923,0.924679487179487,0.8740905006422115,0.7367840590840492,0.9038461538461535,0.9260089686098656,0.9086538461538465,0.9230769230769232,0.7692307692307693,1.0,-1.3621794871794712,3.696719166548079,False
249,Whitehall Products,Decor,1,2494.0,2466.0,174.0,2313.0,0.06976744186046512,0.5910184442662398,0.8696872493985569,0.8240455845850302,0.5994705688675994,0.5459770114942528,0.5940337224383927,0.9310344827586209,0.9022988505747123,0.6321839080459771,1.0,-27.866880513231706,-23.302714031879034,True
22652,JA Henckels NY,Kitchen & Small Electrics,1,2461.0,2422.0,302.0,2094.0,0.12271434376269809,0.8951645672490869,0.9130434782608694,0.9008712206165413,0.7668483331948951,0.8940397350993378,0.892550143266477,0.9569536423841057,0.9370860927152317,0.8576158940397354,1.0,-1.7878911011782517,-0.5706653367454462,False
268309,XH DV CA 90201,APS,1,2423.0,2385.0,118.0,2231.0,0.04869995872884853,0.7032604209657464,0.7738340899711096,0.8539790596571112,0.5927102846219847,0.6864406779661016,0.7032720753025564,0.6949152542372884,0.9152542372881355,0.6271186440677967,1.0,-7.057366900536321,-15.071863869136482,False
23259,Livex Lighting NJ,Lighting,1,2415.0,2332.0,0.0,2415.0,0.0,0.8207039337474132,0.8633540372670812,0.9093167701863349,0.8124223602484467,,0.8207039337474132,,,,1.0,-4.265010351966792,-8.86128364389217,False
93132,Safavieh IN46075,Rugs,1,2407.0,2340.0,8.0,2388.0,0.0033236393851267137,0.8695471541337778,0.9002908184461981,0.8865347034316895,0.6904846526077685,0.75,0.8701842546063665,1.0,1.0,1.0,1.0,-3.074366431242026,-1.6987549297911686,False
58271,Belleze SC 29483,Outdoor Furniture,1,2387.0,2348.0,158.0,2154.0,0.06619187264348554,0.5676581483033103,0.7117720988688738,0.8555183573526699,0.4827643453463803,0.7341772151898732,0.5510677808727955,0.80379746835443,0.8924050632911391,0.6012658227848098,1.0,-14.411395056556353,-28.78602090493596,True
122925,Sagebrook Home SC 29483,Decor,1,2377.0,2337.0,2.0,2372.0,0.0008413967185527977,0.965082036180059,0.8758939840134625,0.8885189570809354,0.7635760523754175,1.0,0.9650084317032043,1.0,1.0,1.0,1.0,8.918805216659653,7.656307909912363,False
158009,Modway Inc. CA 92345,Outdoor Furniture,1,2362.0,2304.0,5.0,2347.0,0.0021168501270110076,0.3725656223539369,0.5601185436071127,0.6613989506567369,0.3036173995105387,0.4,0.3719642096293136,1.0,1.0,0.8,1.0,-18.755292125317574,-28.88333283028,True
272271,"Conair, Inc MD 21740",Kitchen & Small Electrics,1,2340.0,2316.0,173.0,2127.0,0.07393162393162393,0.7166666666666665,0.8487179487179503,0.9641094025070283,0.8859482813677648,0.69364161849711,0.7197931358721201,0.8323699421965315,0.9768786127167629,0.9768786127167629,3.0,-13.20512820512838,-24.74427358403618,True
8678,Linon NC 27288,Casegoods,1,2276.0,2256.0,127.0,2109.0,0.05579964850615114,0.7983304042179269,0.8980667838312835,0.877376466612188,0.625965761394093,0.48818897637795267,0.8245614035087727,0.8976377952755901,0.8503937007874012,0.48818897637795267,1.0,-9.973637961335658,-7.904606239426116,False
295509,"Freestyle Outdoor Living Co., Ltd GA 31405(2)",APS Outdoor,1,2258.0,2243.0,281.0,1803.0,0.12444641275465013,0.6873339238263957,0.856510186005314,0.788494877388925,0.6587267616834179,0.6832740213523133,0.6982806433721582,0.8683274021352306,0.9252669039145908,0.7900355871886117,1.0,-16.917626217891836,-10.11609535625293,True
71103,Great Bay Home PA,Soft Home,1,2250.0,2206.0,0.0,2250.0,0.0,0.5431111111111114,0.5111111111111114,0.7319999999999999,0.48355555555555596,,0.5431111111111114,,,,1.0,3.200000000000003,-18.888888888888843,False
238512,CP HomeDecor CA 91761(2),APS,1,2222.0,2204.0,0.0,2222.0,0.0,0.9518451845184498,0.9392439243924392,0.817281728172819,0.6413141314131409,,0.9518451845184498,,,,1.0,1.2601260126010594,13.456345634563082,False
49823,Polywood NC 27574,Outdoor Furniture,1,2208.0,2157.0,94.0,2094.0,0.042572463768115944,0.7758152173913047,0.8641304347826082,0.8551009374422986,0.6947441062815398,0.7553191489361702,0.7765042979942697,0.9680851063829788,0.8829787234042554,0.6808510638297874,1.0,-8.831521739130356,-7.928572005099399,False
5562,ACHLA Designs,Decor,1,2201.0,2178.0,33.0,2166.0,0.014993184915947297,0.71376646978646,0.8346206269877332,0.854147959914769,0.6378658998276224,0.45454545454545464,0.7174515235457056,0.5151515151515152,0.7878787878787877,0.45454545454545464,1.0,-12.085415720127324,-14.038149012830903,True
223799,Safavieh Texas,Rugs,1,2136.0,2113.0,2.0,2129.0,0.0009363295880149813,0.8867041198501876,0.8478464419475646,0.9073015755871248,0.6704186679476647,1.0,0.8868013151714423,1.0,1.0,1.0,1.0,3.8857677902622956,-2.0597455736937165,False
302342,Westin Outdoor GA 31320,Outdoor Furniture,1,2135.0,2124.0,2.0,2129.0,0.000936768149882904,0.9896955503512872,0.8402810304449653,0.8309085191583531,0.4960187934708487,1.0,0.9901362141850626,1.0,1.0,1.0,1.0,14.941451990632192,15.878703119293414,False
408080,"Hangzhou Chuandiai Cultural Media Co., Ltd. CA 92337",APS Rugs,1,2123.0,2102.0,539.0,1239.0,0.2538860103626943,0.9656146961846446,0.8926048045219027,0.9859617152348864,0.9836152816526633,0.9461966604823749,0.9774011299435031,0.8923933209647495,1.0,1.0,10.0,7.300989166274185,-2.0347019050241832,False
329886,Roma Moulding_WPN GA 30096,Decor,1,2114.0,1980.0,199.0,1857.0,0.09413434247871334,0.4432355723746455,0.604541154210028,0.6378043525067014,0.44521037819111386,0.7839195979899496,0.39579967689822326,0.9145728643216078,0.9346733668341706,0.6934673366834169,1.0,-16.130558183538245,-19.456878013205593,True
153325,德威美国西仓,APS K&D,1,2112.0,2084.0,93.0,1952.0,0.04403409090909091,0.7642045454545453,0.8309659090909092,0.8475750055064353,0.5748039315943484,0.6666666666666665,0.7704918032786884,0.7204301075268817,0.8602150537634408,0.5483870967741935,1.0,-6.676136363636386,-8.337046005188997,False
267400,TEXTILES HUB LLC NJ 08833,Decor,1,2088.0,2067.0,573.0,1413.0,0.2744252873563218,0.6652298850574712,0.7801724137931043,0.7953740767104546,0.5690154762381664,0.656195462478185,0.6772823779193204,0.7993019197207677,0.8743455497382197,0.5794066317626524,1.0,-11.494252873563315,-13.01441916529834,True
51684,Safavieh GA31407 C,Rugs,1,2076.0,2055.0,114.0,1743.0,0.05491329479768786,0.8916184971098261,0.8930635838150291,0.8912907102864003,0.6480051593234254,0.8333333333333333,0.8973034997131377,0.9035087719298243,0.9385964912280703,0.657894736842105,1.0,-0.1445086705203047,0.03277868234258241,False
351865,tongxiangshiqicaijiajuyongpinyouxiang NJ 08016 (2),APS Rugs,1,2071.0,2063.0,230.0,1774.0,0.1110574601641719,0.6098503138580396,0.8459681313375178,0.9044298509028736,0.5731241539750394,0.5260869565217395,0.6189402480270575,0.8043478260869564,0.9565217391304348,0.5130434782608693,1.0,-23.611781747947823,-29.45795370448341,True
30532,Kinfine USA Inc NJ08902,Casegoods,1,2049.0,2040.0,256.0,1738.0,0.12493899463152758,0.7506100536847236,0.8321132259638855,0.8736535120377266,0.6055639229224477,0.51171875,0.7894131185270418,0.6406250000000003,0.9453125000000001,0.4648437500000003,1.0,-8.150317227916194,-12.304345835300301,False
321075,"All Strong Industry USA, Inc. GA",Soft Home,1,2022.0,1933.0,0.0,2022.0,0.0,0.9782393669634025,0.8689416419386738,0.9015825914935715,0.7972304648862509,,0.9782393669634025,,,,1.0,10.929772502472868,7.665677546983107,False
32733,TarHong CA 91748,Tabletop,1,1999.0,1936.0,255.0,1696.0,0.12756378189094547,0.4167083541770889,0.7928964482241122,0.6569039403341258,0.4582884643019851,0.1568627450980392,0.4599056603773589,0.5450980392156857,0.4627450980392159,0.16862745098039206,1.0,-37.61880940470233,-24.01955861570369,True
228296,NAVITURE INTERNATIONAL LLC NJ 22345,APS,1,1975.0,1971.0,120.0,1790.0,0.060759493670886074,0.7382278481012664,0.8708860759493665,0.8101448659189538,0.5589948102230952,0.7083333333333334,0.7424581005586599,0.8416666666666666,0.9166666666666666,0.6083333333333333,1.0,-13.26582278481001,-7.191701781768744,True
81518,"Fitueyes,Inc. GA 30518",APS,1,1960.0,1936.0,0.0,1957.0,0.0,0.8295918367346935,0.8107142857142853,0.8775533473819336,0.6316269842945641,,0.8298415942769541,,,,1.0,1.8877551020408223,-4.7961510647240075,False
36546,GoodGram,Soft Home,1,1957.0,1923.0,171.0,1738.0,0.08737864077669903,0.6632600919775158,0.618293306080736,0.7699874393134528,0.6086212148140698,0.8888888888888885,0.6340621403912534,0.7485380116959063,0.9649122807017547,0.8362573099415203,1.0,4.496678589677982,-10.672734733593703,False
234394,Polywood IN 46567,Outdoor Furniture,1,1930.0,1907.0,31.0,1897.0,0.01606217616580311,0.8963730569948181,0.91139896373057,0.9010506750509102,0.8523498726634582,0.9354838709677419,0.895624670532419,1.0,1.0,0.9677419354838709,3.0,-1.5025906735751993,-0.46776180560921254,False
252436,Brabantia TX,Storage & Org - Frequency,1,1897.0,1881.0,151.0,1739.0,0.07959936742224565,0.8977332630469156,0.8629414865577225,0.8635399116922078,0.6969675569899546,0.8675496688741716,0.9005175388154105,0.8476821192052977,0.9536423841059603,0.7947019867549668,1.0,3.479177648919307,3.41933513547078,False
66226,VECELO CA 91708,APS Bedroom,1,1880.0,1859.0,152.0,1567.0,0.08085106382978724,0.5159574468085109,0.8553191489361693,0.8171675416463933,0.42178354670751156,0.48684210526315796,0.519463943841736,0.8355263157894735,0.9210526315789472,0.4407894736842105,1.0,-33.936170212765845,-30.121009483788242,True
217595, WYD-GAJW03,APS Bedroom,1,1839.0,1824.0,91.0,1095.0,0.04948341489940185,0.5557368134855899,0.8102229472539426,0.9214581831290553,0.797614756068253,0.5054945054945054,0.7086757990867578,0.857142857142857,0.9560439560439562,0.8241758241758239,1.0,-25.448613376835272,-36.572136964346534,True
40218,Loloi Rugs TX 75244,Rugs,1,1796.0,1772.0,0.0,1796.0,0.0,0.9103563474387539,0.8613585746102455,0.9437639198218274,0.7962138084632525,,0.9103563474387539,,,,1.0,4.899777282850848,-3.340757238307346,False
149173,Alphamarts 006-F NJ 08554,APS Outdoor,1,1795.0,1770.0,42.0,1701.0,0.0233983286908078,0.7983286908077998,0.8757660167130914,0.817911244577912,0.6150238050803024,0.3571428571428571,0.8206937095825989,0.9285714285714286,0.9523809523809523,0.7857142857142856,1.0,-7.743732590529162,-1.9582553770112199,False
131258,Asir Group INC MA 01545,WGS-Turkey,1,1778.0,1746.0,42.0,1734.0,0.023622047244094488,0.4240719910011244,0.6962879640044993,0.6683102322527285,0.6160285959272872,0.7142857142857142,0.4163783160322948,0.8809523809523809,0.976190476190476,0.976190476190476,4.0,-27.221597300337493,-24.423824125160404,True
325759,"Chenxin Optoelectronic Co., Limited GA 31407",APS Outdoor,1,1741.0,1728.0,1.0,1638.0,0.0005743825387708214,0.9052268811028138,0.8592762780011488,0.9052028218694891,0.6679572677836563,1.0,0.9114774114774108,1.0,1.0,1.0,1.0,4.595060310166499,0.0024059233324713603,False
26103,Jeco Inc. CA 91761,Outdoor Furniture,1,1724.0,1700.0,313.0,1304.0,0.18155452436194897,0.5249419953596289,0.7674013921113686,0.7816131360519667,0.5275171418260551,0.6996805111821087,0.48159509202454004,0.7827476038338657,0.853035143769968,0.5942492012779552,1.0,-24.245939675173965,-25.667114069233776,True
114056,JV Textiles NY,Soft Home,1,1719.0,1673.0,81.0,1634.0,0.04712041884816754,0.6428155904595699,0.7527632344386271,0.812848751244658,0.5768008129694676,0.8765432098765434,0.6303549571603432,0.9259259259259257,0.9382716049382714,0.7901234567901234,1.0,-10.99476439790572,-17.003316078508814,True
4008,MurrayFeiss NV- 89081,Lighting,1,1705.0,1630.0,93.0,925.0,0.05454545454545454,0.48797653958944304,0.49208211143695,0.4719855057811063,0.39495064119933204,0.3978494623655914,0.566486486486487,0.4946236559139785,0.5376344086021507,0.4838709677419355,1.0,-0.41055718475069836,1.5991033808336719,False
38484,BNF Home CA 91761,APS Soft Home,1,1628.0,1613.0,387.0,1107.0,0.23771498771498772,0.6707616707616709,0.788083538083538,0.9170862756364698,0.649359791800026,0.3540051679586565,0.8030713640469739,0.7932816537467696,0.919896640826873,0.5348837209302326,1.0,-11.732186732186712,-24.63246048747989,True
56163,Costway GA 31322,APS Outdoor,1,1627.0,1623.0,113.0,1347.0,0.06945298094652735,0.6754763368162262,0.7977873386601105,0.8224551481244319,0.5231265453544727,0.6460176991150439,0.7104677060133631,0.7522123893805307,0.8495575221238935,0.5309734513274338,1.0,-12.231100184388433,-14.697881130820567,True
315143,"Freestyle Outdoor Living Co., Ltd PA 18466",APS Outdoor,1,1623.0,1619.0,52.0,1555.0,0.03203943314849045,0.4226740603820083,0.8102279728897103,0.606289063353386,0.2908166487590094,0.17307692307692307,0.43279742765273277,0.7307692307692307,0.5961538461538459,0.17307692307692307,1.0,-38.7553912507702,-18.361500297137766,True
329367,NingBo KaiMeiChen DianZiShangWu YouXian PA 18466,APS Home Improvement,1,1610.0,1602.0,42.0,1507.0,0.02608695652173913,0.6186335403726714,0.837888198757764,0.6690140144991293,0.36151641900842213,0.6904761904761906,0.6138022561380232,0.7619047619047618,0.8809523809523808,0.45238095238095244,1.0,-21.92546583850926,-5.038047412645796,True
100229,Zgear LLC TX 75247,APS Home Improvement,1,1593.0,1589.0,0.0,1593.0,0.0,0.9849340866290005,0.9215317011927191,0.9240426867545509,0.8254865034526041,,0.9849340866290005,,,,1.0,6.340238543628141,6.089139987444958,False
20747,Butler IL 60617,Casegoods,1,1589.0,1543.0,350.0,1198.0,0.22026431718061673,0.9842668344870988,0.9590937696664573,0.920504794662091,0.8173040615326684,0.9971428571428571,0.9799666110183639,0.9800000000000006,0.9657142857142859,0.8628571428571432,1.0,2.517306482064152,6.376203982500783,False
368170,Alphamarts PA 18424,APS Outdoor,1,1587.0,1570.0,35.0,1512.0,0.02205419029615627,0.6036546943919338,0.8336483931947064,0.6697319489330249,0.33667581814188474,0.4857142857142856,0.6104497354497347,0.7714285714285715,0.7428571428571429,0.17142857142857143,1.0,-22.999369880277264,-6.607725454109115,True
479489,Vornado GA 31302,Appliances,1,1581.0,1563.0,131.0,1405.0,0.08285895003162555,0.4882985452245415,0.8779253636938639,0.9424358101253941,0.7085011846493001,0.4656488549618321,0.4903914590747332,0.9160305343511449,0.9770992366412211,0.8396946564885499,2.0,-38.962681846932234,-45.41372649008526,True
358745,Yantai Nanmudianzikeji Youxiangongsi GA 31326,APS Rugs,1,1571.0,1550.0,89.0,1291.0,0.056651814131126674,0.781031190324634,0.8351368555060482,0.8535774789499169,0.6460585871346284,0.7640449438202247,0.8466305189775368,0.9101123595505619,0.9550561797752809,0.7640449438202249,1.0,-5.410566518141424,-7.254628862528289,False
36851,Half Price Drapes GA,Soft Home,1,1571.0,1526.0,0.0,1571.0,0.0,0.9414385741565885,0.8599618077657545,0.9210693825588793,0.7612985359643539,,0.9414385741565885,,,,1.0,8.1476766390834,2.0369191597709224,False
81317,Yaheetech GA 30518,APS AEOF,1,1568.0,1557.0,43.0,1380.0,0.0274234693877551,0.5943877551020403,0.7844387755102035,0.8539973751082065,0.5044241527277469,0.5116279069767441,0.5985507246376806,0.6511627906976742,0.8837209302325582,0.4418604651162791,1.0,-19.00510204081631,-25.960962000616618,True
300650,(US)changsha lanqi dianzishangwu NJ 08016(2),APS,1,1553.0,1549.0,50.0,1478.0,0.03219575016097875,0.5840309079201542,0.8570508692852548,0.815208380106419,0.47715536934649894,0.56,0.5811907983761837,0.8399999999999997,0.8799999999999997,0.54,1.0,-27.301996136510056,-23.117747218626484,True
433182,NUU GARDEN CORPORATION CA 91730,APS Outdoor,1,1539.0,1533.0,453.0,776.0,0.29434697855750486,0.8154645873944119,0.9272254710851201,0.8998238281190716,0.8269086921089127,0.6887417218543044,0.872422680412371,0.878587196467991,0.8454746136865334,0.7019867549668881,2.0,-11.176088369070825,-8.435924072465973,True
153049,AMAZFIT GA 30518,APS,1,1488.0,1467.0,98.0,1375.0,0.06586021505376344,0.825268817204302,0.8413978494623653,0.905343000557725,0.6964481626076721,0.9591836734693877,0.8138181818181828,0.9693877551020407,0.9897959183673466,0.8673469387755105,1.0,-1.612903225806328,-8.007418335342297,False
285933,"Shenzhen Laiwo Trading Co., Ltd. CA 92410",APS,1,1481.0,1459.0,185.0,1121.0,0.12491559756920999,0.7508440243079002,0.7839297771775827,0.8018145699980251,0.6198763832595864,0.6864864864864866,0.7752007136485283,0.7351351351351346,0.9189189189189187,0.6378378378378382,1.0,-3.3085752869682516,-5.097054569012494,False
37839,Kendrick Home,Decor,1,1465.0,1441.0,170.0,1255.0,0.11604095563139932,0.9174061433447099,0.9658703071672361,0.9202661940717358,0.8466187989195193,0.8529411764705881,0.9290836653386454,0.9352941176470583,0.9705882352941182,0.929411764705882,1.0,-4.846416382252617,-0.2860050727025887,False
114799,EasyWay TX 78526(2),Outdoor Furniture,1,1464.0,1458.0,43.0,1414.0,0.029371584699453553,0.9918032786885239,0.9637978142076498,0.9829259821925751,0.9774622964942001,1.0,0.9915134370579909,1.0,1.0,1.0,1.0,2.8005464480874154,0.8877296495948817,False
234951,Booth & Williams GA,Decor,1,1460.0,1420.0,350.0,1053.0,0.23972602739726026,0.8999999999999998,0.8157534246575345,0.8772073084279657,0.8210926527827933,0.8171428571428573,0.9297245963912628,0.7800000000000007,0.8571428571428571,0.8057142857142862,1.0,8.424657534246528,2.279269157203412,False
66308,Abble Inc. CA 91730 (3),Outdoor Furniture,1,1457.0,1451.0,398.0,963.0,0.2731640356897735,0.9917638984214137,0.8949897048730271,0.8999594221194536,0.8587889756983582,0.9974874371859299,0.989615784008307,0.8542713567839189,0.9824120603015076,0.9396984924623114,1.0,9.677419354838657,9.18044763019601,False
32159,Classic Home CA,Casegoods,1,1429.0,1397.0,249.0,1101.0,0.17424772568229532,0.7984604618614414,0.8628411476557025,0.871959310758684,0.7105871736307909,0.7550200803212853,0.8174386920980924,0.8955823293172689,0.8875502008032128,0.6867469879518069,1.0,-6.438068579426115,-7.349884889724267,False
58199,Flash Furniture CA 91708,Casegoods,1,1412.0,1385.0,153.0,1144.0,0.10835694050991501,0.5120396600566569,0.7946175637393771,0.811193311542487,0.529370934401413,0.7385620915032679,0.4798951048951045,0.895424836601307,0.954248366013072,0.6993464052287579,1.0,-28.25779036827202,-29.915365148583007,True
102787,CAN_Aosom Canada Inc. ON L1J 8P4,APS Outdoor,1,1396.0,1394.0,0.0,1396.0,0.0,0.7020057306590248,0.9899713467048702,0.9835243553008582,0.970630372492838,,0.7020057306590248,,,,3.0,-28.796561604584536,-28.151862464183342,True
73996,ClosetMaid PA 17015 (2),Storage & Org - Frequency,1,1388.0,1344.0,0.0,1383.0,0.0,0.9466858789625363,0.8422190201729103,0.8840194926488307,0.6974421547360807,,0.9464931308749099,,,,1.0,10.446685878962603,6.266638631370558,False
266229,SOHO Studio NJ 08016 ,Flooring,1,1362.0,1301.0,156.0,1161.0,0.1145374449339207,0.5704845814977962,0.6930983847283402,0.7810390337784289,0.6512481950874601,0.9102564102564102,0.5159345391903518,0.8910256410256409,0.9615384615384616,0.9423076923076923,2.0,-12.261380323054393,-21.055445228063263,True
114951,CAN_Hi-Line Gift LTD ON,"CA Decor, Outdoor, Upholstery",1,1359.0,1349.0,0.0,1359.0,0.0,0.9558498896247237,0.9742457689477564,0.9668874172185435,0.8837380426784397,,0.9558498896247237,,,,1.0,-1.839587932303266,-1.1037527593819818,False
288468,Pianno Home Inc GA 30519 ,APS Outdoor,1,1341.0,1331.0,182.0,833.0,0.13571961222967935,0.7024608501118567,0.7211036539895597,0.2797948630992593,0.11175018467191539,0.6923076923076926,0.6698679471788714,0.6648351648351648,0.3296703296703297,0.0824175824175824,1.0,-1.8642803877703007,42.26659870125973,False
61747,Lava Garden Inc. TX 75407,Soft Home,1,1337.0,1247.0,16.0,1318.0,0.011967090501121914,0.8563949139865367,0.7816005983545243,0.8341293763606247,0.6838944574718329,0.9375,0.8550834597875565,0.9375,1.0,0.9375,1.0,7.479431563201233,2.226553762591199,False
18022,Yu Shan Ny 11701,Casegoods,1,1335.0,1326.0,138.0,1171.0,0.10337078651685393,0.8726591760299629,0.8576779026217238,0.8592461355559755,0.7079457940963947,0.8768115942028986,0.8693424423569601,0.8478260869565214,0.9202898550724631,0.7681159420289858,1.0,1.498127340823907,1.3413040473987392,False
64927,HIDBEA LLC NY 11101,APS Youth,1,1323.0,1315.0,243.0,1035.0,0.1836734693877551,0.7603930461073313,0.7853363567649276,0.8444334233390278,0.6343491118825884,0.8230452674897117,0.7449275362318833,0.7448559670781897,0.9300411522633742,0.7448559670781891,1.0,-2.4943310657596363,-8.404037723169655,False
466845,"MSG Marketing, Inc. TX 76177",Soft Home,1,1321.0,1285.0,133.0,1174.0,0.10068130204390613,0.9833459500378503,0.9780469341408025,0.9093590703902319,0.8714985516276783,0.969924812030075,0.9846678023850087,0.9924812030075187,0.9624060150375939,0.9248120300751879,1.0,0.5299015897047843,7.398687964761841,False
110561,HEPPER MAYEWSKI LLC CA 91748,APS Mattresses,1,1312.0,1298.0,159.0,1119.0,0.1211890243902439,0.5388719512195114,0.7980182926829267,0.8414306191831527,0.5272289395522909,0.4088050314465409,0.5647899910634486,0.7044025157232704,0.8301886792452832,0.40251572327044016,1.0,-25.91463414634153,-30.255866796364128,True
238259,VECELO TX 77064,APS Bedroom,1,1311.0,1282.0,107.0,1119.0,0.08161708619374523,0.21967963386727707,0.6750572082379857,0.7901005048244829,0.22514809439562547,0.02803738317757011,0.25201072386059004,0.4299065420560748,0.7196261682242989,0.06542056074766356,1.0,-45.53775743707086,-57.04208709572058,True
304134,YouCopia Products CA 92316,Storage & Org - Frequency,1,1296.0,1287.0,189.0,1073.0,0.14583333333333334,0.582561728395062,0.8395061728395067,0.8786365338089484,0.6000488069453592,0.48148148148148157,0.6020503261882576,0.6984126984126986,0.7195767195767193,0.4074074074074076,1.0,-25.694444444444464,-29.607480541388632,True
305348,Belleze TX 75241,Casegoods,1,1295.0,1284.0,80.0,1150.0,0.06177606177606178,0.711196911196911,0.7729729729729728,0.7829777868075312,0.5273872409589597,0.6999999999999997,0.7113043478260868,0.7124999999999999,0.7999999999999999,0.5625000000000001,1.0,-6.1776061776061875,-7.178087561062019,False
331057,shanghaichenkungongyipinyouxiangongsi CA 91761,APS Youth,1,1293.0,1249.0,1.0,1292.0,0.0007733952049497294,0.7122969837587024,0.8167053364269131,0.8521671826625382,0.6261609907120741,0.0,0.7128482972136241,0.0,0.0,0.0,1.0,-10.440835266821068,-13.987019890383579,True
64483,Malouf Fine Linens CA 93215,Mattress,1,1292.0,1262.0,0.0,1292.0,0.0,0.5595975232198149,0.7685758513931886,0.8668730650154803,0.5665634674922594,,0.5595975232198149,,,,1.0,-20.89783281733737,-30.72755417956654,True
294846,JoJo Designs FL 33025,Youth Furniture & Decor,1,1289.0,1276.0,166.0,1036.0,0.1287820015515904,0.7501939487975174,0.7284716834755627,0.8217651989203713,0.5579233790440685,0.7289156626506025,0.7586872586872587,0.6867469879518071,0.8975903614457831,0.6084337349397588,1.0,2.172226532195476,-7.157125012285381,False
20883,StyleCraft MS,Lighting,1,1275.0,1269.0,0.0,1275.0,0.0,0.7827450980392162,0.8901960784313718,0.9239215686274516,0.7129411764705883,,0.7827450980392162,,,,1.0,-10.745098039215561,-14.117647058823534,True
19463,"Conair, Inc AZ 85307",Kitchen & Small Electrics,1,1264.0,1249.0,200.0,995.0,0.15822784810126583,0.7729430379746833,0.8749999999999998,0.972375890662278,0.8911289835888817,0.8949999999999997,0.7386934673366832,0.9199999999999998,0.9899999999999995,0.9850000000000001,3.0,-10.205696202531644,-19.94328526875947,True
372618,SWEET NIGHT TECHNOLOGY INC. CA 91761,APS Mattresses,1,1261.0,1241.0,57.0,995.0,0.04520222045995242,0.8334655035685956,0.8247422680412371,0.7781980004778124,0.5943780141642936,0.7017543859649122,0.8371859296482403,0.8421052631578947,0.8421052631578945,0.6842105263157895,1.0,0.8723235527358542,5.526750309078321,False
34957,Zinus Inc. SC29483,Mattress,1,1246.0,1223.0,107.0,1123.0,0.08587479935794542,0.5898876404494373,0.7471910112359551,0.8267201575416976,0.47365591938202406,0.7383177570093457,0.5716829919857515,0.7757009345794392,0.8785046728971962,0.5514018691588782,1.0,-15.730337078651779,-23.683251709226028,True
207638,Journey ClassArt LLC GA2 30519,APS Other,1,1244.0,1228.0,8.0,904.0,0.006430868167202572,0.6310289389067522,0.6567524115755627,0.39768960249055957,0.19662880862471513,0.12500000000000003,0.6316371681415925,0.625,0.625,0.12500000000000003,1.0,-2.5723472668810587,23.333933641619257,False
291275, 美南SAV自营仓,APS,1,1237.0,1216.0,53.0,1013.0,0.04284559417946645,0.8286176232821341,0.6467259498787392,0.8648567436556385,0.7264500164876848,0.7735849056603774,0.8430404738400786,0.8301886792452831,0.9056603773584903,0.7924528301886792,1.0,18.189167340339484,-3.6239120373504408,False
219367,Stock Preferred LLC FL 33449,Kitchen & Small Electrics,1,1236.0,1219.0,66.0,1165.0,0.05339805825242718,0.9724919093851133,0.853559870550162,0.967653075235805,0.9514855982001706,1.0,0.9708154506437768,0.8484848484848486,0.9848484848484849,0.9848484848484849,1.0,11.89320388349513,0.4838834149308302,False
399436,"Shenzhen Litian Technology Co., Ltd AL 31308",APS Home Improvement,1,1231.0,1209.0,37.0,1131.0,0.030056864337936636,0.7952883834281065,0.8545897644191714,0.8489134258346424,0.4956774968754084,0.5945945945945946,0.8019451812555253,0.9459459459459462,0.9459459459459459,0.8378378378378378,1.0,-5.930138099106497,-5.362504240653587,False
110415,Lux Decor collection TX 77479,Soft Home,1,1229.0,1177.0,0.0,1229.0,0.0,0.6403580146460544,0.7526444263628975,0.8608624898291302,0.5768917819365339,,0.6403580146460544,,,,1.0,-11.228641171684316,-22.050447518307582,True
478566,HONG KONG LINSYHOME INTERNATIONAL New GA 31326,APS Bedroom,1,1208.0,1195.0,42.0,1048.0,0.0347682119205298,0.5877483443708609,0.8451986754966883,0.7223849372384942,0.40611405666102446,0.40476190476190466,0.631679389312977,0.7619047619047619,0.7619047619047619,0.40476190476190466,1.0,-25.74503311258274,-13.46365928676333,True
237657,XCO - CA2,APS Outdoor,1,1191.0,1177.0,153.0,920.0,0.12846347607052896,0.7430730478589421,0.8438287153652396,0.665540615418713,0.4638432270695578,0.7124183006535947,0.7456521739130436,0.8562091503267973,0.8562091503267968,0.5882352941176471,1.0,-10.07556675062975,7.7532432440229115,True
93793,Farfarview CA 92337,APS,1,1163.0,1154.0,163.0,903.0,0.14015477214101463,0.7755803955288051,0.8538263112639722,0.8212628597740034,0.6019454696553564,0.6932515337423312,0.8050941306755264,0.852760736196319,0.9079754601226994,0.6073619631901837,1.0,-7.824591573516715,-4.568246424519828,False
22430,EnitialLab CA,Casegoods,1,1154.0,1133.0,0.0,1150.0,0.0,0.8622183708838831,0.9012131715771234,0.8440308530641999,0.6793967535208556,,0.8626086956521749,,,,1.0,-3.899480069324035,1.8187517819683197,False
10963,Megalak Finition Inc. NY 12919,Casegoods,1,1150.0,1120.0,169.0,321.0,0.14695652173913043,0.6086956521739133,0.7913043478260869,0.8834403079908213,0.8607713690699156,0.5739644970414204,0.5794392523364491,0.8461538461538464,0.9349112426035502,0.9053254437869823,4.0,-18.260869565217362,-27.4744655816908,True
448781,One Up Innovations GA 30360,Upholstery,1,1150.0,1136.0,126.0,1010.0,0.10956521739130434,0.7173913043478258,0.5791304347826088,0.7888125784409422,0.7425969181425187,0.7063492063492067,0.7178217821782175,0.5079365079365077,0.8412698412698412,0.73015873015873,1.0,13.8260869565217,-7.142127409311638,False
59499,The Distribution Point NV 89115,Plumbing,1,1147.0,1104.0,3.0,1143.0,0.0026155187445510027,0.5370531822144723,0.8674803836094156,0.8805742579279041,0.5031191753204759,1.0,0.5363079615048116,1.0,1.0,1.0,2.0,-33.04272013949433,-34.35210757134318,True
447305,US-POD-NJ,APS Rugs,1,1143.0,1124.0,157.0,800.0,0.1373578302712161,0.5748031496062992,0.6780402449693786,0.7031739323843419,0.5697809163701066,0.45859872611464997,0.5812499999999999,0.5732484076433119,0.6305732484076433,0.40127388535031844,1.0,-10.323709536307945,-12.83707827780427,True
292505,"FUFU and GAGA Trade Co., Ltd. GA 30294",APS Bedroom,1,1129.0,1116.0,11.0,984.0,0.00974313551815766,0.7378210806023033,0.8033658104517267,0.8413696200134044,0.5115048663927497,0.9090909090909091,0.7855691056910574,0.9090909090909091,1.0,0.8181818181818182,1.0,-6.554472984942339,-10.35485394111011,False
460941,   USCOI03,APS Bedroom,1,1116.0,1105.0,2.0,1107.0,0.0017921146953405018,0.6756272401433705,0.8512544802867386,0.8575384124881972,0.5977028126239033,1.0,0.673893405600724,1.0,1.0,1.0,1.0,-17.562724014336805,-18.191117234482668,True
241410,Ningbo le verde home furnishing NJ 08810(2),APS Outdoor,1,1103.0,1095.0,53.0,1008.0,0.04805077062556664,0.7198549410698097,0.8495013599274714,0.7308617815467122,0.5277451619917378,0.8301886792452832,0.7123015873015874,0.9056603773584903,0.8867924528301886,0.6981132075471698,1.0,-12.96464188576617,-1.100684047690248,True
66315,Million Dollar Baby Co GA 31322,Youth Furniture & Decor,1,1102.0,1094.0,0.0,1102.0,0.0,0.6669691470054449,0.6451905626134308,0.735934664246824,0.45553539019963674,,0.6669691470054449,,,,1.0,2.1778584392014078,-6.896551724137911,False
34809,Safavieh GA31407 B,Rugs,1,1099.0,1046.0,8.0,1082.0,0.007279344858962694,0.976342129208372,0.8416742493175607,0.8499830354523696,0.5715824388657782,0.875,0.9796672828096127,0.875,1.0,1.0,1.0,13.46678798908113,12.63590937560024,False
48698,"Tropical Imports by Damar, LLC, dba: T.I. Design",Decor,1,1094.0,1088.0,95.0,985.0,0.08683729433272395,0.8884826325411341,0.9287020109689211,0.9497284637205136,0.7751623618990743,0.9052631578947369,0.8873096446700515,0.9473684210526311,0.9473684210526313,0.7999999999999998,1.0,-4.0219378427787,-6.124583117937943,False
252788,10-Mz01,APS,1,1082.0,1063.0,98.0,921.0,0.09057301293900184,0.5785582255083174,0.7781885397412197,0.8539258015388814,0.5376288401804661,0.4897959183673469,0.5971769815418018,0.6224489795918366,0.8469387755102038,0.46938775510204106,1.0,-19.963031423290232,-27.536757603056405,True
19567,Mytex,Soft Home,1,1075.0,1053.0,67.0,997.0,0.062325581395348835,0.6530232558139527,0.9218604651162794,0.8632559810371851,0.5823498333016938,0.7611940298507461,0.6479438314944826,0.9402985074626864,0.9402985074626864,0.7164179104477612,1.0,-26.88372093023267,-21.023272522323243,True
460617,FUJIAN VIITION INTERNET DEVELOPMENT CO LTD CA 92571,APS Decor,1,1060.0,1040.0,112.0,898.0,0.10566037735849057,0.6311320754716985,0.8594339622641505,0.9076571448456889,0.700146291973616,0.7410714285714285,0.6135857461024503,0.7857142857142859,0.9196428571428569,0.6875000000000003,1.0,-22.8301886792452,-27.652506937399046,True
106620,SCR Holding Co TX 77536,Storage & Org - Frequency,1,1060.0,1039.0,53.0,976.0,0.05,0.3094339622641511,0.6009433962264151,0.7148237192129886,0.45128709825020963,0.11320754716981134,0.328893442622951,0.5283018867924528,0.490566037735849,0.13207547169811323,1.0,-29.150943396226403,-40.53897569488375,True
289788,Ningbo Jiangdong Peter International SC 29927(2),APS Outdoor,1,1055.0,1045.0,141.0,609.0,0.13364928909952606,0.5952606635071093,0.7677725118483416,0.6701597253321393,0.3292745971511854,0.4468085106382979,0.6748768472906407,0.652482269503546,0.7163120567375885,0.297872340425532,1.0,-17.251184834123233,-7.489906182503003,True
38314,Solar Group Inc.,Decor,1,1055.0,1022.0,18.0,1036.0,0.017061611374407582,0.6303317535545032,0.7507109004739343,0.7687638365231316,0.4996977687780034,0.7777777777777778,0.6274131274131283,0.7777777777777778,0.8333333333333333,0.7777777777777778,1.0,-12.037914691943108,-13.84320829686284,True
96369,Angle Industries NJ 07823,Casegoods,1,1036.0,1015.0,130.0,887.0,0.12548262548262548,0.8861003861003857,0.94980694980695,0.8854410449792013,0.7454995806976529,0.9230769230769229,0.8827508455467864,0.9461538461538459,0.9769230769230766,0.8538461538461537,1.0,-6.370656370656436,0.06593411211843758,False
24366,Skyline Furniture IL,Casegoods,1,1035.0,889.0,46.0,987.0,0.044444444444444446,0.5439613526570045,0.6144927536231892,0.5981961221412669,0.5432307283777972,0.8913043478260869,0.526849037487335,0.9130434782608695,0.8478260869565216,0.8043478260869563,1.0,-7.0531400966184705,-5.423476948426242,False
248927,CA.,APS Bedroom,1,1018.0,1011.0,0.0,528.0,0.0,0.719056974459725,0.7681728880157164,0.7947057640172641,0.49215393085430054,,0.7481060606060608,,,,1.0,-4.911591355599132,-7.5648789557539065,False
295677,Guang Zhou Shi Le Ai Jia Trading Co. Ltd NJ 07801,APS Youth,1,1017.0,992.0,73.0,899.0,0.07177974434611603,0.7531956735496563,0.829891838741396,0.7643719275897959,0.6410830582367505,0.6575342465753425,0.7608453837597335,0.6712328767123288,0.8630136986301369,0.6027397260273973,1.0,-7.669616519173972,-1.1176254040139555,False
449657,Moe's Home Collection MS 30114,Casegoods,1,1010.0,986.0,81.0,912.0,0.0801980198019802,0.782178217821782,0.7277227722772275,0.9553987303733754,0.9464811206797707,0.8518518518518521,0.7785087719298243,0.8518518518518516,0.9506172839506173,0.9506172839506173,4.0,5.44554455445545,-17.322051255159344,False
12590,Liberty Hardware Manufacturing Corp. NC 27107,Hardware,1,1005.0,991.0,11.0,993.0,0.010945273631840797,0.8845771144278608,0.9194029850746268,0.9124527596302265,0.8069981291848187,0.7272727272727272,0.8872104733131925,1.0,1.0,1.0,1.0,-3.482587064676601,-2.787564520236574,False
477876,Minka/Minka Aire GA 31302,Lighting,1,1000.0,964.0,51.0,929.0,0.051,0.44799999999999984,0.804,0.8512242673824983,0.7273369839518689,0.7058823529411765,0.4294940796555434,0.7450980392156862,0.9607843137254902,0.8823529411764705,3.0,-35.60000000000002,-40.32242673824985,True
311270,"GigaCloud Trading, Inc. TX 75050",Outdoor Furniture,1,997.0,986.0,20.0,953.0,0.020060180541624874,0.6619859578736196,0.8254764292878636,0.8405451770750634,0.4764297223032212,0.6000000000000001,0.6642182581322128,0.7999999999999998,0.95,0.5,1.0,-16.3490471414244,-17.85592192014438,True
195292,Momeni GA 30103,Rugs,1,996.0,991.0,0.0,996.0,0.0,0.6114457831325295,0.7269076305220881,0.9407630522088357,0.8042168674698793,,0.6114457831325295,,,,1.0,-11.546184738955855,-32.93172690763062,True
277441,Home Weavers Inc. NJ 08854,Soft Home,1,996.0,972.0,49.0,933.0,0.04919678714859438,0.9578313253012049,0.8965863453815254,0.9276725814775121,0.7912746615854868,0.897959183673469,0.9614147909967846,0.9591836734693877,0.877551020408163,0.8163265306122449,1.0,6.124497991967948,3.015874382369277,False
46972,Kozyard CA 92336,Outdoor Structures,1,991.0,979.0,167.0,363.0,0.16851664984863773,0.8587285570131182,0.8294651866801208,0.893566957387182,0.7019211364053041,0.8383233532934133,0.8374655647382921,0.8622754491017961,0.9640718562874253,0.7784431137724551,1.0,2.926337033299742,-3.4838400374063716,False
33476,The Stow Company,Storage & Org,1,990.0,984.0,56.0,928.0,0.05656565656565657,0.7535353535353532,0.9636363636363642,0.7797628434258485,0.5161156083543595,0.5714285714285715,0.7693965517241376,0.9464285714285713,0.6964285714285715,0.4107142857142857,1.0,-21.010101010101103,-2.622748989049528,True
62632,"Shenzhen Qaya Commerce Co., LTD GA 30349",APS,1,987.0,971.0,4.0,979.0,0.004052684903748734,0.8530901722391082,0.8774062816615997,0.9249680993973339,0.6463835288746479,1.0,0.8518896833503573,0.75,0.75,0.75,1.0,-2.4316109422491516,-7.187792715822572,False
70409,Spirit Home MA,Casegoods,1,984.0,882.0,18.0,966.0,0.018292682926829267,0.7276422764227645,0.8353658536585362,0.7906524008269049,0.7428807731972481,0.6111111111111112,0.7298136645962735,0.8888888888888887,0.7777777777777776,0.7777777777777776,2.0,-10.772357723577175,-6.301012440414045,True
77799,Royal Gourmet Corp GA 30518,APS,1,977.0,963.0,183.0,713.0,0.18730808597748208,0.882292732855681,0.8638689866939612,0.867153371628686,0.6697503002695308,0.9453551912568307,0.8667601683029458,0.8961748633879781,0.9726775956284158,0.8306010928961747,1.0,1.8423746161719823,1.5139361226994996,False
30678,DorelHomeFurnishings GA31308,Upholstery,1,977.0,966.0,133.0,790.0,0.13613101330603888,0.6233367451381786,0.8239508700102353,0.7085389785494481,0.39329552752074376,0.6390977443609023,0.6113924050632917,0.8195488721804508,0.8045112781954883,0.44360902255639123,1.0,-20.061412487205665,-8.520223341126954,True
110021,SwissMadison® CA 92570,Plumbing,1,972.0,938.0,96.0,851.0,0.09876543209876543,0.6419753086419756,0.7602880658436209,0.7454042528669392,0.5124737233757355,0.520833333333333,0.6603995299647477,0.6979166666666666,0.8437500000000001,0.5104166666666665,1.0,-11.831275720164525,-10.342894422496363,True
14805,RK International,Hardware,1,957.0,942.0,184.0,707.0,0.1922675026123302,0.9592476489028211,0.8819226750261225,0.9437112046054469,0.8224158175599179,0.9836956521739129,0.9490806223479488,0.9021739130434782,0.9619565217391312,0.8478260869565217,1.0,7.732497387669857,1.553644429737422,False
100167,NingBo KaiMeiChen DianZiShangWu You CA 92571,APS Home Improvement,1,953.0,946.0,32.0,867.0,0.033578174186778595,0.928646379853096,0.9192025183630633,0.8408981177348447,0.718046116593634,0.9687499999999999,0.9284890426758944,1.0,0.9375,0.8749999999999998,1.0,0.9443861490032623,8.774826211825125,False
299207,EVE AY CORP CA 91744,Wayfair,1,948.0,908.0,82.0,853.0,0.08649789029535865,0.9272151898734169,0.8839662447257379,0.8749851521708818,0.8548347113840241,0.8536585365853657,0.9343493552168807,0.8780487804878047,0.9756097560975612,0.926829268292683,2.0,4.324894514767896,5.223003770253509,False
62941,Meyer CA,Kitchen & Small Electrics,1,940.0,919.0,0.0,940.0,0.0,0.7457446808510642,0.8468085106382979,0.9042553191489358,0.685106382978724,,0.7457446808510642,,,,1.0,-10.10638297872337,-15.85106382978716,True
64163,E By Design LLC NC 28792,Soft Home,1,931.0,918.0,29.0,897.0,0.031149301825993556,0.7883995703544582,0.8335123523093446,0.9216317767042412,0.8636134002715422,0.9310344827586208,0.7826086956521745,0.8620689655172413,1.0,0.8965517241379308,1.0,-4.511278195488644,-13.323220634978306,False
40090,Loloi Rugs TX 75244 (2),Rugs,1,927.0,923.0,1.0,925.0,0.0010787486515641855,0.80690399137001,0.8425026968716286,0.8780978595063097,0.6526415039091101,1.0,0.8075675675675669,1.0,1.0,1.0,1.0,-3.559870550161859,-7.119386813629969,False
271249,CAN_Winado INC ON L0H 1J0,APS,1,927.0,924.0,0.0,927.0,0.0,0.9201725997842501,0.9805825242718454,0.9730312837108953,0.8781014023732465,,0.9201725997842501,,,,1.0,-6.04099244875953,-5.285868392664517,False
42121,Creative Co-Op TN,Decor,1,914.0,914.0,0.0,914.0,0.0,0.9945295404814012,0.940919037199125,0.9649890590809639,0.8643326039387313,,0.9945295404814012,,,,1.0,5.361050328227623,2.95404814004373,False
56164,Costway NJ 08810,APS Outdoor,1,912.0,907.0,59.0,804.0,0.06469298245614036,0.4923245614035087,0.8388157894736841,0.7742077923502654,0.3915277526370353,0.6101694915254234,0.47885572139303473,0.7966101694915253,0.8813559322033899,0.4915254237288136,1.0,-34.649122807017534,-28.188323094675667,True
39778,"Perfect Shutters, Inc.",Hardware,1,910.0,905.0,68.0,833.0,0.07472527472527472,0.8780219780219778,0.9516483516483524,0.8670411811133286,0.7670458238544033,0.8382352941176474,0.8823529411764703,0.8676470588235295,0.8970588235294117,0.7941176470588234,1.0,-7.362637362637459,1.098079690864917,False
11148,M S International NJ 08817,Flooring,1,905.0,885.0,5.0,891.0,0.0055248618784530384,0.6121546961325963,0.6983425414364641,0.7203637124541088,0.502761450030754,0.6,0.615039281705948,0.8,0.6,0.6,1.0,-8.61878453038678,-10.820901632151248,False
293860,"nanjingshi zhuoyipi e-commerce co.,ltd PA 18466 ",APS,1,899.0,897.0,2.0,877.0,0.002224694104560623,0.7430478309232474,0.865406006674083,0.8531656897627842,0.6407116589060966,1.0,0.7434435575826676,0.5,1.0,0.5,1.0,-12.235817575083551,-11.011785883953673,True
307959,"Zhejiang Hengjian Home Furnishing Co.,Ltd TX 77035",APS,1,897.0,890.0,74.0,763.0,0.08249721293199554,0.48940914158305454,0.7402452619843929,0.8428602074617954,0.42369411026765935,0.32432432432432434,0.5124508519003931,0.47297297297297297,0.6486486486486486,0.17567567567567569,1.0,-25.083612040133836,-35.34510658787408,True
287652,Great Big Canvas NC 27560(2),Decor,1,894.0,873.0,49.0,834.0,0.05480984340044743,0.6543624161073829,0.7427293064876952,0.769454539461214,0.5791943764575963,0.5102040816326532,0.665467625899281,0.510204081632653,0.6530612244897959,0.46938775510204095,1.0,-8.836689038031231,-11.509212335383111,False
280959,"CHITA (HK) IMPORT & EXPORT CO., LIMIT GA 31326(2)",APS,1,894.0,879.0,16.0,713.0,0.017897091722595078,0.5715883668903801,0.7035794183445191,0.5637869749995121,0.3669597933224677,0.5625,0.6199158485273489,0.6875,0.7499999999999999,0.6250000000000001,1.0,-13.199105145413903,0.7801391890867926,True
375945,GLERUS LTD GA 31326,Casegoods,1,881.0,873.0,49.0,764.0,0.05561861520998865,0.7832009080590231,0.8479001135073786,0.844598573853175,0.6789931484107552,0.6122448979591837,0.8337696335078525,0.8367346938775511,0.8775510204081632,0.7142857142857143,1.0,-6.46992054483555,-6.139766579415196,False
264753,OaDeerHome CA 91761,Upholstery,1,877.0,862.0,238.0,511.0,0.27137970353477764,0.8540478905359179,0.9612314709236032,0.820259840633559,0.6850429424263732,0.8025210084033616,0.8649706457925636,0.9789915966386555,0.9663865546218484,0.7605042016806718,1.0,-10.718358038768528,3.378804990235895,True
31779,Le Creuset SC,Kitchen & Small Electrics,1,874.0,857.0,67.0,709.0,0.07665903890160183,0.6910755148741418,0.6544622425629291,0.778156602007742,0.5859464028672745,0.8358208955223884,0.6516220028208742,0.7462686567164175,0.7761194029850748,0.6119402985074627,1.0,3.6613272311212697,-8.70810871336002,False
146557,A298 CA01,Mattress,1,874.0,850.0,205.0,315.0,0.2345537757437071,0.7334096109839817,0.8878718535469109,0.8665598773711439,0.5599607174031394,0.4878048780487801,0.7142857142857145,0.8682926829268293,0.8878048780487802,0.38536585365853654,1.0,-15.446224256292918,-13.31502663871622,True
79855,Spectrum OH 44139,Storage & Org - Frequency,1,869.0,859.0,109.0,756.0,0.12543153049482164,0.8112773302646726,0.8239355581127733,0.9045617212089849,0.704171825242839,0.7706422018348622,0.8161375661375669,0.8073394495412846,0.944954128440367,0.6422018348623849,1.0,-1.2658227848100667,-9.328439094431229,False
116386,EverDream Craft CA 91752,Decor,1,865.0,842.0,133.0,682.0,0.15375722543352602,0.6393063583815027,0.7606936416184967,0.6694334382916421,0.5582857733630614,0.6766917293233079,0.6378299120234603,0.9398496240601506,0.8796992481203008,0.6616541353383458,1.0,-12.1387283236994,-3.012707991013941,True
324725,"VISION VORTEX CO.,LTD GA 31405",APS Outdoor,1,860.0,852.0,16.0,832.0,0.018604651162790697,0.7965116279069762,0.9267441860465112,0.8662761827374502,0.536046406644999,0.9374999999999999,0.7932692307692302,0.8124999999999999,0.8124999999999999,0.5625,1.0,-13.023255813953504,-6.976455483047406,True
234430,CA DecoMust NY 12958,Lighting,1,856.0,842.0,171.0,641.0,0.19976635514018692,0.8796728971962615,0.9123831775700937,0.9756041072996838,0.9732806889472733,0.8713450292397662,0.8845553822152884,0.8947368421052629,1.0,1.0,5.0,-3.271028037383217,-9.593121010342232,False
316345,Sinda Furniture CA 91761,APS,1,854.0,845.0,128.0,685.0,0.14988290398126464,0.7318501170960185,0.872365339578454,0.7252675679177643,0.5072794022372911,0.7734375000000002,0.7284671532846714,0.8984374999999998,0.8906249999999998,0.6484375,1.0,-14.051522248243542,0.6582549178254293,True
26612,Hinkley Lighting OH,Lighting,1,853.0,832.0,0.0,853.0,0.0,0.7971864009378661,0.8909730363423215,0.8815943728018756,0.6799531066822985,,0.7971864009378661,,,,1.0,-9.378663540445542,-8.44079718640095,False
26803,Safavieh NJ 08822,Rugs,1,853.0,836.0,3.0,835.0,0.0035169988276670576,0.5896834701055108,0.8804220398593191,0.8980517434031464,0.7574334584419674,1.0,0.5820359281437134,1.0,1.0,1.0,1.0,-29.073856975380828,-30.836827329763562,True
452212,"Simply Interior Homes AcquistionCo, LLC IN 46075",Soft Home,1,851.0,826.0,0.0,851.0,0.0,0.5440658049353698,0.7544065804935374,0.7450058754406583,0.5605170387779076,,0.5440658049353698,,,,1.0,-21.034077555816754,-20.09400705052885,True
94641,Shenzhenshi xiangdeyizhang keji youxiang CA 92337,APS,1,845.0,835.0,125.0,620.0,0.14792899408284024,0.7881656804733722,0.8745562130177517,0.8285879853196836,0.592775738844891,0.7039999999999997,0.798387096774193,0.8560000000000002,0.88,0.5599999999999998,1.0,-8.639053254437945,-4.042230484631137,False
241315,Ningbo Jiangdong Peter International NJ 08810(3),APS Outdoor,1,841.0,838.0,38.0,776.0,0.04518430439952437,0.6860879904875147,0.8501783590963139,0.7313159707698743,0.5196251507024574,0.7631578947368421,0.679123711340206,0.8421052631578945,0.9210526315789472,0.5526315789473683,1.0,-16.409036860879922,-4.522798028235964,True
3994,Coaster NJ- 08810-2516,Casegoods,1,836.0,829.0,22.0,805.0,0.02631578947368421,0.849282296650717,0.9102870813397128,0.8110452614464779,0.6699008758588136,1.0,0.8447204968944092,0.8636363636363634,0.9545454545454544,0.7727272727272726,1.0,-6.100478468899584,3.8237035204239045,False
39837,Kingston CA,Plumbing,1,834.0,820.0,0.0,834.0,0.0,0.9940047961630697,0.9460431654676257,0.9280575539568353,0.8788968824940044,,0.9940047961630697,,,,1.0,4.796163069544401,6.594724220623438,False
437015,"Hangzhou Gesong E-commerce Co., Ltd. GA 31405",APS Outdoor,1,829.0,822.0,79.0,685.0,0.09529553679131483,0.7961399276236429,0.8395657418576602,0.678215852380698,0.343880867387714,0.7468354430379744,0.8116788321167884,0.8354430379746833,0.8354430379746833,0.4303797468354431,1.0,-4.342581423401725,11.79240752429449,False
490837,"CGK HOLDINGS, INC. NJ 08865",Soft Home,1,827.0,775.0,0.0,819.0,0.0,0.3373639661426843,0.4111245465538089,0.5173579109062981,0.28534562211981557,,0.33211233211233204,,,,1.0,-7.37605804111246,-17.99939447636138,False
192570,Pacific Coast Home Furnishings CA,Soft Home,1,823.0,803.0,186.0,609.0,0.22600243013365734,0.8420413122721752,0.8298906439854189,0.89833432905644,0.8606762724427712,0.8279569892473123,0.8456486042692939,0.8709677419354835,0.9462365591397849,0.9032258064516132,2.0,1.215066828675626,-5.629301678426479,False
451442,LUOYANG STEELCUBE TRADING CO.LTD GA 31308,APS Wayfair Professional,1,821.0,807.0,52.0,676.0,0.06333739342265529,0.658952496954933,0.7904993909866012,0.8073586883995804,0.5062672767133741,0.5384615384615385,0.6967455621301775,0.7884615384615384,0.8461538461538463,0.653846153846154,1.0,-13.15468940316682,-14.840619144464739,True
288109,WINADO INC NJ 08505(3),APS Outdoor,1,817.0,813.0,8.0,803.0,0.009791921664626682,0.7784577723378204,0.8127294981640159,0.8457904628859488,0.6218133414210854,0.875,0.7770859277708584,1.0,1.0,0.875,1.0,-3.427172582619542,-6.73326905481284,False
427605,"Chenxin Optoelectronic Co., Limited NJ 08505",APS Outdoor,1,811.0,807.0,0.0,794.0,0.0,0.7829839704069048,0.838471023427867,0.8483202706794144,0.6461097637485602,,0.782115869017632,,,,1.0,-5.548705302096213,-6.533630027250958,False
248862,NingboXinshengBaozhuangyinngsi GA 30336,APS Bedroom,1,810.0,803.0,14.0,536.0,0.01728395061728395,0.5691358024691356,0.84320987654321,0.7838751555060186,0.4352503702982065,0.7142857142857143,0.6884328358208954,0.9285714285714285,1.0,0.6428571428571429,1.0,-27.407407407407437,-21.473935303688297,True
153347,Alphamarts TX 77521(2),APS Outdoor,1,808.0,791.0,3.0,802.0,0.0037128712871287127,0.8712871287128708,0.8477722772277229,0.8279979570668776,0.6002582040474035,1.0,0.8703241895261841,1.0,1.0,0.3333333333333333,1.0,2.351485148514798,4.328917164599321,False
270443,WINADOINC GA 31326 (2),APS Outdoor,1,805.0,795.0,50.0,696.0,0.062111801242236024,0.5739130434782601,0.8198757763975154,0.7876707872478853,0.4284681558591777,0.62,0.5718390804597693,0.8599999999999999,0.8799999999999997,0.3800000000000001,1.0,-24.59627329192553,-21.375774376962518,True
326372,Tmekeeper INC. CA 91761 (3),APS Bedroom,1,802.0,792.0,105.0,639.0,0.13092269326683292,0.8703241895261841,0.8229426433915215,0.8494550354878994,0.584131613474336,0.8761904761904762,0.8638497652582154,0.838095238095238,0.9523809523809523,0.8000000000000003,1.0,4.738154613466261,2.086915403828471,False
202120,Urbandi Manufactoring Inc BO 45246,Decor,1,802.0,782.0,0.0,802.0,0.0,0.3915211970074817,0.5386533665835415,0.6271820448877803,0.400249376558603,,0.3915211970074817,,,,1.0,-14.713216957605974,-23.566084788029855,True
106337,Dainty Home NY,Soft Home,1,798.0,786.0,81.0,708.0,0.10150375939849623,0.6065162907268168,0.6528822055137853,0.7806098244706088,0.57368352956398,0.5555555555555557,0.6129943502824856,0.6419753086419752,0.7407407407407406,0.4444444444444444,1.0,-4.63659147869685,-17.4093533743792,False
248293,Phantoscope CA,APS,1,796.0,775.0,0.0,796.0,0.0,0.9660804020100504,0.9258793969849234,0.9258793969849246,0.8015075376884414,,0.9660804020100504,,,,1.0,4.020100502512703,4.02010050251258,False
318241,"AD ASTRA(Xiamen) E-Commerce Co.,LTD CA 92337",APS Youth,1,790.0,779.0,1.0,776.0,0.0012658227848101266,0.7113924050632916,0.7518987341772153,0.9190665150526451,0.6833592244474552,0.0,0.7177835051546396,0.0,1.0,0.0,1.0,-4.050632911392372,-20.767410998935354,False
370339,"Shenzhen Litian Technology Co., Ltd NJ 08016(2)",APS Home Improvement,1,789.0,783.0,56.0,689.0,0.07097591888466413,0.6666666666666656,0.8732572877059572,0.7124360735291122,0.4536457783042037,0.49999999999999994,0.6894049346879524,0.7499999999999998,0.8392857142857143,0.35714285714285715,1.0,-20.65906210392916,-4.576940686244657,True
19326,Triangle Home Fashions NJ 08816,Soft Home,1,788.0,783.0,0.0,788.0,0.0,0.9517766497461929,0.807106598984772,0.8578680203045692,0.6116751269035526,,0.9517766497461929,,,,1.0,14.467005076142092,9.39086294416237,False
11582,Classic Slipcovers Inc.,Upholstery,1,782.0,762.0,101.0,649.0,0.12915601023017903,0.9872122762148341,0.9437340153452682,0.9211021195540084,0.8826217601074131,1.0,0.984591679506934,0.9207920792079208,0.9900990099009901,0.9207920792079208,1.0,4.3478260869565855,6.611015666082565,False
109981,Meriville IN 46563,Soft Home,1,780.0,762.0,0.0,778.0,0.0,0.9794871794871801,0.8038461538461544,0.9589464877301649,0.8910018959712298,,0.9807197943444735,,,,1.0,17.56410256410257,2.054069175701523,False
459504,Park Hill Collection KS 66061,Decor,1,780.0,760.0,105.0,648.0,0.1346153846153846,0.7012820512820511,0.7410256410256415,0.901287593984962,0.6268473266499582,0.638095238095238,0.714506172839506,0.714285714285714,0.8857142857142857,0.5619047619047619,1.0,-3.974358974359038,-20.000554270291094,False
313635,Wayne Tile Company NJ 07444,Flooring,1,780.0,760.0,80.0,680.0,0.10256410256410256,0.46282051282051284,0.656410256410257,0.7964396284829723,0.4575464396284828,0.33750000000000013,0.4764705882352941,0.5499999999999998,0.8750000000000002,0.38749999999999996,1.0,-19.35897435897441,-33.36191156624595,True
458764,NEW BKFARMHOUSE INC CA 91761 (4),APS Pet,1,775.0,770.0,91.0,640.0,0.11741935483870967,0.8658064516129035,0.8541935483870964,0.8375507305194803,0.5603185876623368,0.9340659340659337,0.8531250000000004,0.9010989010989012,0.945054945054945,0.8021978021978019,1.0,1.1612903225807103,2.8255721093423225,False
277201,3i Products SC,Outdoor Furniture,1,766.0,756.0,6.0,759.0,0.007832898172323759,0.8381201044386425,0.8929503916449086,0.9334284877763134,0.8825208607817303,1.0,0.8366271409749673,1.0,1.0,1.0,1.0,-5.483028720626615,-9.53083833376709,False
456490,CA09-Lanqinglv,APS Soft Home,1,766.0,762.0,155.0,544.0,0.20234986945169714,0.9020887728459529,0.8224543080939949,0.8224740391928133,0.7089031022878672,0.8258064516129034,0.9338235294117645,0.703225806451613,0.8709677419354837,0.7354838709677419,1.0,7.963446475195801,7.961473365313965,False
476515,EVERREST SC,Mattress,1,765.0,720.0,0.0,764.0,0.0,0.7568627450980387,0.8379084967320264,0.890052356020942,0.8494764397905753,,0.7578534031413608,,,,2.0,-8.104575163398763,-13.318961092290326,False
26065,Jordan Manufacturing Company IN,Outdoor Furniture,1,765.0,758.0,8.0,756.0,0.01045751633986928,0.9568627450980395,0.9738562091503271,0.9673238541972046,0.8692587706439948,0.875,0.957671957671958,1.0,1.0,0.625,1.0,-1.6993464052287632,-1.046110909916509,False
225529,Typhoon Homewares GA,Kitchen & Small Electrics,1,763.0,735.0,70.0,670.0,0.09174311926605505,0.36041939711664484,0.6710353866317169,0.5263640978779572,0.3017280942227638,0.6000000000000002,0.3208955223880597,0.9571428571428572,0.9428571428571428,0.5571428571428573,1.0,-31.061598951507207,-16.59447007613124,True
183772,"National Christmas Products, LLC NJ 08520",Decor,1,762.0,754.0,52.0,685.0,0.06824146981627296,0.8031496062992123,0.8359580052493435,0.9488489612577206,0.8242482913512361,0.5961538461538459,0.8277372262773719,0.6923076923076922,1.0,0.9038461538461535,2.0,-3.2808398950131212,-14.569935495850828,False
341753,"Zhejiang On Leap Furnishing Co.,Ltd. GA 31322",APS Outdoor,1,761.0,754.0,77.0,534.0,0.1011826544021025,0.7003942181340341,0.8659658344283836,0.7214407057491135,0.40591998728379985,0.584415584415584,0.7471910112359551,0.831168831168831,0.753246753246753,0.3376623376623376,1.0,-16.557161629434948,-2.1046487615079323,True
39302,Classic Accessories WA 98032,Outdoor Furniture,1,757.0,746.0,0.0,757.0,0.0,0.8824306472919413,0.8956406869220608,0.9299867899603698,0.7978863936591802,,0.8824306472919413,,,,1.0,-1.3210039630119463,-4.755614266842844,False
444304,"Hangzhou Mucheng International Trade Co., Ltd GA 30517",APS Outdoor,1,749.0,733.0,163.0,456.0,0.21762349799732977,0.815754339118825,0.9813084112149534,0.8198702759627579,0.6133170579928676,0.6809815950920246,0.8684210526315785,1.0,0.9202453987730059,0.6134969325153373,1.0,-16.555407209612838,-0.4115936843932855,True
338215,"Bedshe International Co.,LTD CA 91761",APS,1,749.0,744.0,30.0,667.0,0.04005340453938585,0.813084112149533,0.8971962616822422,0.874502264996534,0.7183525172897423,0.9666666666666667,0.7961019490254876,0.9666666666666667,0.9333333333333332,0.9333333333333332,1.0,-8.411214953270918,-6.141815284700103,False
154934,Stupell Industries RI,Decor,1,749.0,746.0,0.0,749.0,0.0,0.9038718291054739,0.910547396528705,0.9238985313751675,0.7823765020026711,,0.9038718291054739,,,,1.0,-0.6675567423231055,-2.002670226969361,False
11135,M S International CA 92865,Flooring,1,747.0,711.0,59.0,654.0,0.07898259705488621,0.3253012048192774,0.7068273092369481,0.7349127085510783,0.40806978154556806,0.44067796610169485,0.31498470948012264,0.7627118644067794,0.7457627118644068,0.44067796610169496,1.0,-38.152610441767074,-40.96115037318009,True
277641,WuYouDa - NJ04 08872,APS Home Improvement,1,742.0,733.0,3.0,717.0,0.004043126684636119,0.8544474393531001,0.8719676549865231,0.7480520814900655,0.5971219325634894,0.6666666666666666,0.861924686192469,1.0,1.0,1.0,1.0,-1.7520215633422986,10.639535786303455,False
45863,Modern Forms GA 30122,Lighting,1,742.0,728.0,74.0,653.0,0.09973045822102426,0.642857142857143,0.6752021563342313,0.7413520438214156,0.5152056022078992,0.7837837837837838,0.6294027565084228,0.7972972972972974,0.8108108108108107,0.7162162162162165,1.0,-3.234501347708829,-9.84949009642726,False
6143,LifetimeUT84016,Outdoor Structures,1,737.0,717.0,29.0,705.0,0.03934871099050204,0.48303934871099036,0.818181818181818,0.6839767747806567,0.5157423068933787,0.4827586206896553,0.48226950354609915,0.793103448275862,0.7586206896551727,0.6206896551724137,1.0,-33.51424694708277,-20.09374260696663,True
77785,LTmate Global LLC CA 91761,APS Home Improvement,1,734.0,729.0,87.0,539.0,0.11852861035422343,0.5476839237057225,0.9346049046321524,0.8722396553084382,0.7253639952052644,0.4827586206896552,0.5213358070500933,0.9770114942528734,1.0,0.9655172413793107,2.0,-38.69209809264299,-32.45557316027157,True
369977,"Lancai (Shenzhen) Technology Co., Ltd NJ 07008",APS Home Improvement,1,732.0,729.0,89.0,630.0,0.12158469945355191,0.7554644808743165,0.894808743169399,0.8593507087334256,0.6202495264223655,0.7640449438202244,0.7539682539682534,0.898876404494382,0.9775280898876406,0.7078651685393257,1.0,-13.934426229508245,-10.388622785910906,True
125839,Shenzhenshihongyanzhijikejiyouxiangongsi NJ 08873,APS,1,730.0,717.0,11.0,712.0,0.015068493150684932,0.7260273972602737,0.9191780821917813,0.8822203156096713,0.6684413834171716,0.6363636363636364,0.7303370786516851,0.6363636363636364,1.0,0.6363636363636364,1.0,-19.31506849315077,-15.619291834939764,True
155841,QKXB INC FL 33609,APS,1,728.0,712.0,59.0,668.0,0.08104395604395605,0.8612637362637369,0.6538461538461541,0.8477006660835629,0.597902509587567,0.8813559322033898,0.8592814371257492,0.7966101694915254,0.9322033898305083,0.7796610169491527,1.0,20.74175824175828,1.3563070180173997,False
176360,CANVELLO DC 20020,Soft Home,1,723.0,672.0,43.0,435.0,0.059474412171507604,0.887966804979253,0.5186721991701243,0.2515634262003556,0.09583654132230468,1.0,0.8850574712643677,0.7674418604651163,0.4186046511627907,0.2093023255813953,1.0,36.92946058091287,63.64033787788974,False
106621,SCR Holding Co CA 90810,Storage & Org - Frequency,1,720.0,715.0,64.0,629.0,0.08888888888888889,0.5638888888888884,0.815277777777777,0.872173613350084,0.5082526376644024,0.421875,0.5850556438791729,0.7343750000000002,0.8124999999999999,0.421875,1.0,-25.138888888888854,-30.82847244611956,True
33427,Rayne Mirrors MO 65588,Decor,1,719.0,640.0,13.0,706.0,0.01808066759388039,0.6592489568845619,0.873435326842837,0.7483806384833298,0.6191224940074095,0.6923076923076923,0.6586402266288952,0.9230769230769231,0.923076923076923,0.923076923076923,2.0,-21.418636995827512,-8.913168159876793,True
295983,"Shenzhen Laiwo Trading Co., Ltd. GA 31407",APS,1,716.0,706.0,16.0,662.0,0.0223463687150838,0.8254189944134078,0.8254189944134075,0.846417842746249,0.6313043999212625,0.8124999999999999,0.8262839879154078,1.0,1.0,0.9374999999999999,1.0,3.3306690738754696e-14,-2.099884833284116,False
326360,"Freestyle Outdoor Living Co., Ltd GA 31407 ",APS Outdoor,1,710.0,705.0,2.0,694.0,0.0028169014084507044,0.9323943661971827,0.8887323943661978,0.7337134915281944,0.3971385942322234,1.0,0.9351585014409218,0.0,1.0,1.0,1.0,4.366197183098497,19.86808746689883,False
86086,Shenzhenshihongyanzhijikeji  youxiangongsi CA92337,APS,1,706.0,697.0,48.0,625.0,0.0679886685552408,0.701133144475921,0.8328611898017,0.8443500717360106,0.5992424677187946,0.8125,0.6912000000000004,0.8749999999999997,0.9166666666666666,0.7291666666666666,1.0,-13.172804532577898,-14.321692726008962,True
413454,YUANJING ELECTRONIC TECHNOLOGY CO. LIMITEDNJ 08505,APS AEOF,1,702.0,692.0,2.0,689.0,0.002849002849002849,0.8917378917378921,0.8888888888888895,0.8219019773987596,0.6537937196405953,1.0,0.8911465892597972,1.0,1.0,1.0,1.0,0.284900284900258,6.98359143391325,False
63341,Indo Count Industries NC 28078(2),Soft Home,1,702.0,696.0,0.0,702.0,0.0,0.9914529914529915,0.9031339031339033,0.947293447293447,0.8831908831908831,,0.9914529914529915,,,,1.0,8.83190883190882,4.415954415954449,False
354420,"GigaCloud Trading, Inc. CA 92337 (5) ",Outdoor Furniture,1,701.0,678.0,101.0,359.0,0.14407988587731813,0.666191155492154,0.8131241084165479,0.787009967050394,0.6047891143047303,0.584158415841584,0.701949860724234,0.8316831683168319,0.8514851485148516,0.6831683168316829,1.0,-14.693295292439391,-12.081881155824004,True
351158,Hermes and Fesius LLC GA 31308,APS Outdoor,1,700.0,695.0,96.0,489.0,0.13714285714285715,0.7714285714285716,0.8628571428571425,0.7401156375513084,0.4896558826558386,0.5937500000000002,0.8323108384458079,0.7916666666666666,0.7708333333333334,0.30208333333333326,1.0,-9.142857142857096,3.1312933877263194,False
46573,Z Line Kitchen TN 38317,Appliances,1,694.0,668.0,19.0,655.0,0.027377521613832854,0.8213256484149861,0.896253602305475,0.8533071262056046,0.6660053937925675,0.6315789473684211,0.8229007633587792,0.8421052631578946,0.9473684210526315,0.6315789473684211,1.0,-7.49279538904889,-3.198147779061844,False
324094,LD-乐歌-NJF02,APS AEOF,1,689.0,683.0,46.0,625.0,0.06676342525399129,0.6081277213352686,0.8621190130624092,0.7982711566617869,0.39772767203513903,0.7173913043478259,0.6016000000000001,0.8695652173913042,0.826086956521739,0.5000000000000001,1.0,-25.399129172714062,-19.014343532651836,True
217775,SwissMadison® GA 31419,Plumbing,1,688.0,670.0,1.0,686.0,0.0014534883720930232,0.7936046511627912,0.8401162790697678,0.773234411035203,0.5566816065445364,1.0,0.7930029154518955,1.0,1.0,1.0,1.0,-4.6511627906976605,2.0370240127588257,False
288245,Xiamen MDM CA 91761,APS,1,687.0,681.0,0.0,687.0,0.0,0.9344978165938868,0.8296943231441052,0.8107714701601166,0.6113537117903932,,0.9344978165938868,,,,1.0,10.480349344978157,12.372634643377012,False
54294,Flotation Innovations Inc,Youth Furniture & Decor,1,686.0,686.0,8.0,678.0,0.011661807580174927,0.9985422740524778,0.9402332361516035,0.9081632653061221,0.7886297376093294,1.0,0.9985250737463124,1.0,1.0,1.0,1.0,5.830903790087428,9.037900874635563,False
316680,Casa Fine Arts TX 78753,Decor,1,680.0,651.0,68.0,601.0,0.1,0.688235294117647,0.8514705882352941,0.8195838477090157,0.5297213297857393,0.7352941176470587,0.6821963394342762,0.8823529411764705,0.8823529411764707,0.5882352941176467,1.0,-16.323529411764714,-13.134855359136877,True
14796,American Textile,Mattress,1,679.0,656.0,0.0,679.0,0.0,0.6244477172312219,0.7820324005891018,0.7628865979381441,0.44329896907216465,,0.6244477172312219,,,,1.0,-15.75846833578799,-13.843888070692213,True
292636,Green Living Group INC CA 91762,Soft Home,1,678.0,674.0,0.0,678.0,0.0,0.9941002949852509,0.9528023598820059,0.9705014749262546,0.9085545722713861,,0.9941002949852509,,,,1.0,4.129793510324498,2.3598820058996273,False
81506,Kozyard NJ08854,Outdoor Structures,1,678.0,674.0,0.0,655.0,0.0,0.9070796460176983,0.8790560471976403,0.8848438172469244,0.7565157315332864,,0.9038167938931289,,,,1.0,2.8023598820058004,2.22358287707739,False
17066,  CA2,Outdoor Furniture,1,675.0,648.0,15.0,431.0,0.022222222222222223,0.7866666666666666,0.7037037037037037,0.5313976970009453,0.3839370112571969,0.7333333333333333,0.8051044083526682,1.0,0.8666666666666665,0.7333333333333333,1.0,8.29629629629629,25.52689696657213,False
224714,NingBo KaiMeiChen DianZiShangWu GA 30024(4),APS Home Improvement,1,672.0,669.0,75.0,367.0,0.11160714285714286,0.6369047619047619,0.7976190476190481,0.773764392974099,0.5315880839008792,0.6533333333333331,0.6948228882833786,0.7733333333333334,0.84,0.5600000000000002,1.0,-16.071428571428626,-13.685963106933718,True
255255,SAN BERNARDINO WAREHOUSE,Outdoor Furniture,1,671.0,656.0,27.0,498.0,0.040238450074515646,0.5216095380029808,0.7242921013412812,0.6393795128248184,0.4616833623693382,0.48148148148148145,0.5502008032128516,0.7777777777777779,0.7407407407407409,0.18518518518518523,1.0,-20.26825633383004,-11.77699748218376,True
12738,Step2 Company OH 44864,Recreation,1,670.0,666.0,4.0,666.0,0.005970149253731343,0.746268656716418,0.8089552238805972,0.9238833428022623,0.6134287440593741,1.0,0.7447447447447447,0.75,1.0,0.5,1.0,-6.26865671641792,-17.76146860858443,False
366303,HuiAnXian XiMao DianZiShangWu YouXianGongSi CA 91789,APS Decor,1,669.0,668.0,211.0,341.0,0.3153961136023916,0.84304932735426,0.8445440956651719,0.8610769663020001,0.7878465942016258,0.8483412322274877,0.8357771260997068,0.8530805687203789,0.9146919431279621,0.8578199052132698,1.0,-0.1494768310911887,-1.8027638947740177,False
225653, LG-NJF02,APS Outdoor,1,666.0,666.0,32.0,613.0,0.04804804804804805,0.9384384384384382,0.8603603603603603,0.8588588588588588,0.7732732732732731,0.84375,0.9461663947797714,0.6875000000000001,1.0,0.75,1.0,7.807807807807787,7.957957957957939,False
27346,Nearly Natural FL,Decor,1,656.0,652.0,0.0,533.0,0.0,0.964939024390244,0.9100609756097563,0.9161851540648486,0.7727500316532185,,0.956848030018762,,,,1.0,5.487804878048774,4.875387032539546,False
471597,"GigaCloud Trading, Inc. NJ 08527",Outdoor Furniture,1,651.0,630.0,0.0,644.0,0.0,0.35637480798771115,0.8387096774193545,0.8323671497584542,0.6971877156659761,,0.3524844720496894,,,,1.0,-48.23348694316434,-47.5992341770743,True
122599,Ample Decor LLC NJ,WGS India,1,649.0,644.0,115.0,508.0,0.17719568567026195,0.9938366718027734,0.9060092449922958,0.8861630067980628,0.7766481635447736,1.0,0.9921259842519683,0.8173913043478261,0.9652173913043477,0.782608695652174,1.0,8.78274268104775,10.767366500471054,False
445727,MEGSU INC SC 29118,APS SEA,1,647.0,626.0,0.0,595.0,0.0,0.6754250386398771,0.4667697063369398,0.4483822135391387,0.24430516861450902,,0.6655462184873958,,,,1.0,20.86553323029373,22.704282510073842,False
307792,CAN_AMEZIEL CA ON L6W 0A5 (2),APS AEOF,1,646.0,644.0,0.0,646.0,0.0,0.8993808049535597,0.9736842105263165,0.9597523219814242,0.851393188854489,,0.8993808049535597,,,,1.0,-7.430340557275683,-6.037151702786458,False
12395,Ashley Furniture CA 92324,Upholstery,1,640.0,630.0,34.0,460.0,0.053125,0.6234374999999999,0.9015625,0.8956919826962247,0.7910634752310256,0.23529411764705882,0.8065217391304346,0.9117647058823528,0.9705882352941174,0.9411764705882353,1.0,-27.812500000000018,-27.225448269622486,True
251283,JourneyClassArtLLC CA 91708 ,APS Outdoor,1,636.0,623.0,5.0,595.0,0.007861635220125786,0.6415094339622641,0.7201257861635211,0.5677569904366241,0.38062505901236904,1.0,0.626890756302521,1.0,1.0,1.0,1.0,-7.861635220125695,7.375244352564003,False
25770,Jamie Young Company 331 West Victoria,PG Home Improvement,1,633.0,601.0,100.0,517.0,0.1579778830963665,0.7962085308056874,0.8846761453396522,0.8554697683100703,0.6742147999626666,0.8100000000000002,0.79110251450677,0.8600000000000001,0.9199999999999998,0.7799999999999998,1.0,-8.846761453396478,-5.9261237504382835,False
107930,AIGA,APS,1,632.0,626.0,1.0,543.0,0.0015822784810126582,0.7262658227848104,0.7879746835443034,0.8036291105501914,0.5390094081513782,0.0,0.7992633517495399,1.0,1.0,1.0,1.0,-6.1708860759493,-7.736328776538093,False
80232,"NINGBO JOYS IMP. EXP. CO.,LTD GA31322",APS Outdoor,1,630.0,625.0,39.0,552.0,0.06190476190476191,0.6825396825396822,0.8253968253968252,0.8159072463768121,0.4889304347826089,0.5897435897435896,0.7010869565217388,0.8461538461538459,0.8461538461538461,0.5128205128205128,1.0,-14.285714285714302,-13.336756383712988,True
195990,Attraction Design LLC GA,Decor,1,630.0,628.0,109.0,491.0,0.173015873015873,0.6253968253968254,0.8301587301587302,0.8841536186386809,0.5429125533488135,0.6880733944954125,0.619144602851324,0.8256880733944957,0.9266055045871557,0.6422018348623855,1.0,-20.47619047619048,-25.87567932418555,True
241640,"FlySoar Trade Co., Ltd GA 30294",APS,1,630.0,623.0,0.0,557.0,0.0,0.7206349206349209,0.8253968253968258,0.8111171752179386,0.47469655248143194,,0.7755834829443449,,,,1.0,-10.476190476190494,-9.048225458301772,True
96375,Lucky Flower Inc. NC 27410,APS Youth,1,627.0,625.0,0.0,627.0,0.0,0.8708133971291869,0.8995215311004785,0.966507177033492,0.8819776714513561,,0.8708133971291869,,,,1.0,-2.870813397129157,-9.569377990430505,False
190146,Happy Girl TX 77571,APS Outdoor,1,626.0,616.0,59.0,510.0,0.09424920127795527,0.7476038338658147,0.8099041533546327,0.8515406162464983,0.6073338426279599,0.9152542372881356,0.7254901960784313,0.8813559322033894,0.8813559322033896,0.7627118644067795,1.0,-6.230031948881798,-10.393678238068361,False
142458,"Campania International, Inc PA",Decor,1,626.0,596.0,4.0,621.0,0.006389776357827476,0.7619808306709267,0.8514376996805118,0.7445125312064327,0.635849301300133,1.0,0.7600644122383254,1.0,1.0,0.75,1.0,-8.945686900958504,1.746829946449402,False
246946,Fourth Zodiac Inc CA 91748(2),APS Rugs,1,625.0,617.0,98.0,477.0,0.1568,0.8927999999999993,0.8064000000000003,0.8194108912741374,0.7039132340499272,0.9285714285714287,0.8784067085953867,0.8367346938775513,0.8775510204081631,0.6530612244897959,1.0,8.639999999999892,7.33891087258619,False
105765,Andes Furniture CA 92870,Upholstery,1,624.0,624.0,0.0,624.0,0.0,0.9519230769230774,0.9647435897435906,0.927884615384615,0.7900641025641038,,0.9519230769230774,,,,1.0,-1.282051282051322,2.4038461538462452,False
369918,Trans Ocean NJ 08816,Rugs,1,624.0,620.0,0.0,624.0,0.0,0.871794871794872,0.8333333333333331,0.8012820512820507,0.50801282051282,,0.871794871794872,,,,1.0,3.846153846153888,7.051282051282137,False
250750,Homlux CA 93725(2),APS Decor,1,624.0,617.0,88.0,483.0,0.14102564102564102,0.8749999999999998,0.8605769230769235,0.8192046602306626,0.6380569844737275,0.9318181818181818,0.8695652173913041,0.9204545454545456,0.9318181818181818,0.7045454545454545,1.0,1.4423076923076317,5.579533976933715,False
352273,"Ningbo Chuangjiuyi Technology Co., Ltd CA 91730",APS Upholstery,1,620.0,616.0,96.0,408.0,0.15483870967741936,0.5145161290322577,0.758064516129032,0.7710651390185705,0.4918853273632685,0.4166666666666669,0.5539215686274506,0.5937500000000002,0.8750000000000001,0.5625000000000002,1.0,-24.35483870967743,-25.65490099863128,True
329728,无忧达芝加哥ILJW02,APS,1,618.0,612.0,0.0,596.0,0.0,0.6747572815533976,0.6715210355987055,0.8638965653375443,0.6066094222924069,,0.6812080536912747,,,,1.0,0.3236245954692185,-18.913928378414667,False
39237,"Fabric Textile Products, Inc.",Tabletop,1,617.0,594.0,65.0,547.0,0.1053484602917342,0.6580226904376021,0.7617504051863855,0.8268024547732041,0.6684024892434399,0.8153846153846153,0.6361974405850099,0.8307692307692309,0.8615384615384615,0.7999999999999999,1.0,-10.37277147487834,-16.877976433560203,True
326296,"MEIYING HOUSEHOLD GROUP CO.,LIMITED CA 91761 (5)",APS,1,617.0,615.0,84.0,469.0,0.13614262560777957,0.8298217179902754,0.8557536466774709,0.8638389484520747,0.6223951614301203,0.7738095238095235,0.8550106609808101,0.8571428571428568,0.9761904761904762,0.6666666666666667,1.0,-2.5931928687195516,-3.4017230461799275,False
268986,LUOYANG STEELCUBE TRADING CO.LTD NJF,APS Wayfair Professional,1,616.0,608.0,26.0,573.0,0.04220779220779221,0.6396103896103894,0.7824675324675329,0.7517538118857358,0.49827489207311454,0.46153846153846156,0.6509598603839439,0.5384615384615384,0.8846153846153845,0.38461538461538464,1.0,-14.285714285714345,-11.214342227534635,True
137008,shanghaichenkungongyipinyouxiangongsi NJ 08060,APS Youth,1,615.0,583.0,13.0,582.0,0.02113821138211382,0.7365853658536583,0.773983739837399,0.7692976251525171,0.6000014735961055,0.0,0.7766323024054981,0.6923076923076923,0.9230769230769231,0.6153846153846153,1.0,-3.7398373983740685,-3.2712259298858792,False
269471,Ningbo Qiangbang Outdoor Leisure Products CA 92410,APS Outdoor,1,614.0,610.0,13.0,585.0,0.021172638436482084,0.6237785016286646,0.8208469055374595,0.8810004203446827,0.5715987109429737,0.5384615384615384,0.6376068376068377,0.7692307692307693,0.8461538461538461,0.5384615384615384,1.0,-19.7068403908795,-25.72219187160182,True
198910,ClosetMaid NV 89502,Storage & Org - Frequency,1,614.0,598.0,0.0,609.0,0.0,0.9136807817589581,0.8794788273615631,0.8840305122164193,0.7731189350379755,,0.9146141215106736,,,,1.0,3.420195439739493,2.96502695425388,False
216053,Homelux Designs LLC CA 90220,APS Home Improvement,1,612.0,607.0,1.0,611.0,0.0016339869281045752,0.9346405228758162,0.9689542483660138,0.9591508775146481,0.8545636423935694,1.0,0.9345335515548274,1.0,1.0,0.0,1.0,-3.431372549019762,-2.451035463883189,False
36512,Portmeirion Group USA CT,Tabletop,1,611.0,606.0,0.0,611.0,0.0,0.9132569558101481,0.885433715220949,0.9541734860883798,0.8396072013093291,,0.9132569558101481,,,,1.0,2.782324058919905,-4.091653027823172,False
37635,"Fortessa Tableware Solutions, LLC VA",Tabletop,1,608.0,602.0,0.0,608.0,0.0,0.9720394736842111,0.9687499999999997,0.980263157894737,0.9391447368421055,,0.9720394736842111,,,,1.0,0.3289473684211397,-0.8223684210525883,False
480210,US-POD-CA,APS Rugs,1,608.0,600.0,3.0,599.0,0.004934210526315789,0.9901315789473685,0.9621710526315793,0.9605342237061772,0.9539343350027827,1.0,0.989983305509182,0.6666666666666666,1.0,0.6666666666666666,1.0,2.796052631578916,2.9597355241191226,False
110022,Loloi Rugs TX 75241,Rugs,1,607.0,601.0,0.0,606.0,0.0,0.9901153212520591,0.897858319604613,0.942323849689461,0.8912538508426551,,0.9900990099009899,,,,1.0,9.22570016474461,4.7791471562598105,False
288857,Yinuo Smart Furniture Inc CA 92336,Upholstery,1,605.0,596.0,81.0,502.0,0.13388429752066117,0.6247933884297522,0.8033057851239663,0.7608325088906128,0.46866560603224705,0.9382716049382716,0.5697211155378488,0.9012345679012344,0.9259259259259259,0.7901234567901232,1.0,-17.851239669421414,-13.603912046086064,True
152202,"Enesco, LLC IN 46052",Decor,1,604.0,602.0,68.0,511.0,0.11258278145695365,0.9304635761589406,0.9155629139072844,0.920512837183296,0.869115342855843,0.7499999999999997,0.970645792563601,0.7499999999999997,0.8970588235294117,0.7499999999999997,1.0,1.4900662251656205,0.995073897564458,False
352208,"Ningbo Chuangjiuyi Technology Co., Ltd NY 11716",APS Upholstery,1,604.0,595.0,13.0,535.0,0.02152317880794702,0.5513245033112585,0.774834437086093,0.6543658210947936,0.2641168616979502,0.46153846153846156,0.5121495327102806,0.5384615384615384,0.8461538461538461,0.46153846153846156,1.0,-22.35099337748345,-10.30413177835351,True
28664,Saro CA,Tabletop,1,601.0,583.0,0.0,601.0,0.0,0.9850249584026628,0.9434276206322788,0.9201331114808646,0.8535773710482524,,0.9850249584026628,,,,1.0,4.159733777038399,6.489184692179817,False
182700,Grand Leisure Outdoor Product Co. GA 31326,APS Outdoor,1,599.0,591.0,55.0,481.0,0.09181969949916527,0.776293823038397,0.813021702838064,0.8030455629219706,0.49564721844571713,0.7818181818181816,0.7879417879417876,0.9090909090909087,0.8727272727272724,0.5090909090909089,1.0,-3.6727879799666963,-2.67517398835736,False
248607,Outopee Inc GA 31326,Casegoods,1,599.0,592.0,31.0,493.0,0.05175292153589316,0.5993322203672786,0.7746243739565941,0.7343929883230088,0.465623458143742,0.48387096774193544,0.6409736308316428,0.8064516129032259,0.8709677419354837,0.5806451612903225,1.0,-17.52921535893155,-13.50607679557302,True
366949,lishuimiyoukuajingdianzishangwuyouxiangongsi CA 92336,Wayfair,1,599.0,591.0,132.0,389.0,0.22036727879799667,0.7295492487479135,0.7378964941569285,0.9301867341745729,0.8798080896393633,0.46212121212121204,0.8380462724935737,0.5454545454545454,0.9772727272727271,0.909090909090909,1.0,-0.8347245409014992,-20.063748542665937,False
72966,Royal Gourmet Corp CA 92507,APS,1,599.0,594.0,47.0,536.0,0.07846410684474124,0.5726210350584311,0.8414023372287148,0.8096041258354701,0.48561171415649,0.3404255319148937,0.5970149253731347,0.8085106382978722,0.7021276595744682,0.29787234042553196,1.0,-26.878130217028374,-23.698309077703904,True
241659,Janfree Inc NJ 08060,APS Pet,1,598.0,583.0,1.0,495.0,0.0016722408026755853,0.7408026755852843,0.8695652173913042,0.8931848046229194,0.7082224246618938,0.0,0.8686868686868688,0.0,0.0,0.0,1.0,-12.876254180601986,-15.238212903763504,True
297084,Shenzhenshi hongyanzhiji keji youxian GA 30517,APS,1,598.0,590.0,8.0,522.0,0.013377926421404682,0.6889632107023412,0.7959866220735785,0.8471848821352046,0.5974771089031763,0.0,0.7777777777777779,0.375,0.5,0.25000000000000006,1.0,-10.702341137123728,-15.822167143286336,True
23979,Zenith Products,Storage & Org - Frequency,1,594.0,576.0,45.0,540.0,0.07575757575757576,0.7828282828282828,0.8636363636363644,0.7959490740740746,0.6019097222222226,0.46666666666666673,0.811111111111111,0.6666666666666664,0.6444444444444443,0.3111111111111111,1.0,-8.080808080808167,-1.3120791245791796,False
250967,"FoShan XiNiu Outdoor Product Co., Ltd NJ 08016",APS,1,593.0,590.0,14.0,546.0,0.023608768971332208,0.8802698145025284,0.9342327150084313,0.686403427081393,0.3979512013410323,0.7142857142857142,0.8809523809523798,0.7142857142857142,0.7142857142857143,0.3571428571428571,1.0,-5.3962900505902915,19.386638742113536,False
66495,True Brands IN,Tabletop,1,593.0,573.0,0.0,593.0,0.0,0.839797639123103,0.799325463743677,0.865092748735245,0.6964586846543002,,0.839797639123103,,,,1.0,4.047217537942604,-2.5295109612141986,False
208975,Pinecrest Home Goods NJ 08003,Soft Home,1,593.0,571.0,23.0,557.0,0.0387858347386172,0.8768971332209107,0.8920741989881948,0.6787110081214408,0.5945347700182686,0.9565217391304346,0.8707360861759427,0.8695652173913043,1.0,0.9565217391304346,1.0,-1.517706576728417,19.818612509946988,False
247870,GOLD TREE INC. GA 30519,APS,1,593.0,590.0,88.0,458.0,0.14839797639123103,0.6930860033726812,0.9106239460370995,0.7489342017615279,0.49077788468655187,0.5909090909090907,0.7270742358078601,0.9204545454545453,0.9204545454545453,0.6022727272727272,1.0,-21.75379426644183,-5.58481983888467,True
369105,Halo Innovations SC 29053,Youth Furniture & Decor,1,589.0,582.0,0.0,589.0,0.0,0.7164685908319187,0.7623089983022072,0.6570458404074697,0.3955857385398983,,0.7164685908319187,,,,1.0,-4.58404074702885,5.9422750424449,False
327385,"FUFU and GAGA Trade Co., Ltd. TX 77064 ",APS Bedroom,1,588.0,583.0,34.0,532.0,0.05782312925170068,0.39965986394557845,0.7959183673469385,0.8200697018969113,0.3707275842330461,0.32352941176470584,0.398496240601504,0.5588235294117647,0.5588235294117647,0.32352941176470584,1.0,-39.62585034013601,-42.040983795133286,True
39283,Design Imports WA 98390,Tabletop,1,587.0,583.0,0.0,587.0,0.0,0.9778534923339016,0.9199318568994893,0.9216354344122657,0.8091993185689953,,0.9778534923339016,,,,1.0,5.792163543441231,5.621805792163592,False
147944,孟菲斯仓Foxridge LLC,APS,1,587.0,576.0,2.0,565.0,0.0034071550255536627,0.9097103918228283,0.8739352640545145,0.8787979351032446,0.7408769665683385,0.0,0.9274336283185844,1.0,1.0,0.5,1.0,3.577512776831382,3.091245671958376,False
292186,Alphamarts CA 92879(2),APS Outdoor,1,583.0,573.0,47.0,471.0,0.08061749571183534,0.6449399656946825,0.88336192109777,0.8545851350399987,0.5683611046268192,0.74468085106383,0.6348195329087046,0.8297872340425532,0.9574468085106383,0.6170212765957445,1.0,-23.84219554030875,-20.96451693453162,True
300274,Flakes Joy Inc GA 30260,Decor,1,581.0,572.0,0.0,539.0,0.0,0.49225473321858876,0.7951807228915659,0.824357460721097,0.4143432325250507,,0.4935064935064936,,,,1.0,-30.292598967297717,-33.210272750250816,True
22803,Exterior Solutions,Decor,1,581.0,574.0,20.0,561.0,0.03442340791738382,0.9139414802065404,0.8296041308089501,0.9707528244113619,0.9535486034768679,1.0,0.910873440285205,0.8999999999999998,1.0,1.0,2.0,8.43373493975903,-5.681134420482148,False
59556,EC EXPORT INC. GA 30168,APS,1,580.0,573.0,18.0,217.0,0.03103448275862069,0.6448275862068964,0.7258620689655172,0.7023032701127615,0.3873245203257026,0.2222222222222222,0.6728110599078341,1.0,0.8333333333333333,0.5555555555555556,1.0,-8.10344827586208,-5.74756839058651,False
308782,"NTBAY CO., LLC CA 91768",APS,1,578.0,556.0,49.0,508.0,0.0847750865051903,0.5743944636678202,0.7110726643598617,0.7387766951792891,0.5443479861779867,0.5102040816326532,0.5807086614173229,0.6530612244897959,0.673469387755102,0.3265306122448979,1.0,-13.66782006920415,-16.438223151146893,True
96558,"Shenyang Yefu Commercial and Trading Co.,Ltd CA 91730",APS Outdoor,1,574.0,567.0,62.0,458.0,0.10801393728222997,0.8257839721254361,0.8379790940766549,0.8674707146322863,0.7646542362699563,0.7580645161290323,0.8493449781659395,0.7096774193548387,0.8387096774193549,0.7258064516129031,1.0,-1.2195121951218857,-4.168674250685022,False
8833,Lifetime Brands Inc.92376,Tabletop,1,569.0,567.0,0.0,569.0,0.0,0.820738137082601,0.9314586994727594,0.9578207381370822,0.7891036906854126,,0.820738137082601,,,,1.0,-11.072056239015836,-13.708260105448122,True
321554,TIDITA LLC CA 91761,APS SEA,1,566.0,562.0,200.0,320.0,0.35335689045936397,0.9911660777385161,0.962897526501767,0.9594506227758004,0.9311109875444841,0.9800000000000001,0.9968750000000002,0.9699999999999998,0.9949999999999999,0.9500000000000001,1.0,2.8268551236749095,3.171545496271566,False
27370,Urbia PA 19131,Casegoods,1,565.0,533.0,2.0,563.0,0.0035398230088495575,0.2973451327433629,0.6566371681415928,0.7752691791161663,0.6885620120035059,0.0,0.29840142095914746,0.0,1.0,1.0,6.0,-35.92920353982299,-47.79240463728034,True
370331,North American Country Home CA 92336,Decor,1,563.0,540.0,136.0,392.0,0.24156305506216696,0.7779751332149201,0.8774422735346354,0.8986772486772487,0.8411564625850336,0.7794117647058825,0.7780612244897959,0.9117647058823527,0.9852941176470587,0.8970588235294118,2.0,-9.946714031971538,-12.070211546232867,False
495768,Petra Industries OK 73013,Appliances,1,562.0,548.0,0.0,562.0,0.0,0.6334519572953737,0.6975088967971526,0.9092526690391463,0.5818505338078293,,0.6334519572953737,,,,1.0,-6.4056939501778825,-27.580071174377252,False
452747,dingli technology inc TX 77477,APS Home Improvement,1,561.0,558.0,102.0,321.0,0.18181818181818182,0.7878787878787878,0.7076648841354723,0.7484339932335108,0.5951998124141625,0.8823529411764703,0.7601246105919003,0.7745098039215685,0.784313725490196,0.6960784313725488,1.0,8.021390374331549,3.944479464527706,False
24326,Tvilum VA 23927,Casegoods,1,561.0,557.0,0.0,561.0,0.0,0.992869875222816,0.9786096256684496,0.9233511586452756,0.8823529411764709,,0.992869875222816,,,,1.0,1.4260249554366444,6.9518716577540385,False
84986,LNC Lighting CA 91752,Lighting,1,559.0,551.0,108.0,419.0,0.19320214669051877,0.8139534883720936,0.9016100178890882,0.8877068813916121,0.711013605118054,0.9907407407407407,0.7589498806682585,0.9074074074074071,0.9814814814814816,0.9166666666666669,1.0,-8.765652951699465,-7.375339301951856,False
60505,"Shenzhen Qaya Commerce Co., LTD CA 92337",APS,1,558.0,552.0,2.0,556.0,0.0035842293906810036,0.6577060931899645,0.8315412186379932,0.9211304869148159,0.5949783651339793,1.0,0.6564748201438853,0.5,0.5,0.5,1.0,-17.38351254480287,-26.34243937248514,True
437008,"Hangzhou Gesong E-commerce Co., Ltd. PA 18466",APS Outdoor,1,554.0,552.0,17.0,535.0,0.030685920577617327,0.5342960288808665,0.8989169675090248,0.5253115264797508,0.2671475010158472,0.47058823529411764,0.5383177570093458,0.7647058823529411,0.8235294117647057,0.2941176470588236,1.0,-36.462093862815834,0.8984502401115702,True
80153,WE CA4,APS AEOF,1,553.0,547.0,60.0,330.0,0.10849909584086799,0.7576853526220619,0.8444846292947555,0.7906930363968757,0.564500581685225,0.7333333333333333,0.7727272727272736,0.8666666666666665,0.9333333333333332,0.6166666666666667,1.0,-8.67992766726936,-3.300768377481378,False
11257,Comfort Classics,Outdoor Furniture,1,552.0,550.0,79.0,462.0,0.1431159420289855,0.6920289855072466,0.7246376811594205,0.8569224714679254,0.7428020464384102,0.7468354430379742,0.6839826839826844,0.7341772151898734,0.8987341772151897,0.7974683544303796,2.0,-3.2608695652173947,-16.489348596067888,False
116118,Origami Group Inc. CA 91750,Storage & Org - Frequency,1,551.0,544.0,81.0,458.0,0.147005444646098,0.7313974591651541,0.8439201451905627,0.896681543796558,0.8059497816593889,0.6296296296296295,0.7467248908296941,0.7901234567901236,0.9506172839506175,0.8518518518518521,2.0,-11.25226860254086,-16.528408463140387,True
445728,AROZU INC SC 29118,APS SEA,1,551.0,531.0,0.0,550.0,0.0,0.7259528130671505,0.6588021778584403,0.7730868002054448,0.5680191747988359,,0.7272727272727272,,,,1.0,6.715063520871023,-4.713398713829431,False
344657,Shenzhenshi Daman Shiye Youxiangongsi GA 31407,APS K&D,1,550.0,546.0,10.0,537.0,0.01818181818181818,0.6727272727272731,0.8181818181818185,0.7909461736277379,0.46373148887115373,1.0,0.6648044692737434,0.9,1.0,1.0,1.0,-14.54545454545454,-11.821890090046484,True
479875,"Shenzhen Chuanfulian Technology Co., Ltd NJ 08810",Wayfair,1,548.0,34.0,0.0,545.0,0.0,0.036496350364963494,0.038321167883211694,0.12504047490555856,0.12336751214247167,,0.03119266055045871,,,,4.0,-0.18248175182482007,-8.854412454059506,False
333531,SPRINGDIAL (HK) E-COMMERCE LIMITED GA 30168,APS,1,548.0,541.0,32.0,389.0,0.058394160583941604,0.8138686131386859,0.8175182481751823,0.8576651098645391,0.6548003479768144,0.53125,0.9048843187660665,0.875,0.9062499999999998,0.5312500000000001,1.0,-0.36496350364964014,-4.3796496725853284,False
23446,Justice Design Group CA,Lighting,1,548.0,525.0,67.0,471.0,0.12226277372262774,0.7445255474452551,0.7536496350364964,0.7856556465473663,0.7400829036497827,0.7910447761194028,0.7367303609341822,0.9104477611940298,0.9104477611940296,0.8805970149253731,1.0,-0.9124087591241281,-4.113009910211119,False
403373,General Sherman International Inc. NJ 08527,APS K&D,1,543.0,537.0,35.0,491.0,0.06445672191528545,0.4972375690607735,0.8692449355432783,0.7846033064433544,0.4051777431381249,0.4000000000000001,0.505091649694501,0.9142857142857141,0.8571428571428569,0.42857142857142855,1.0,-37.20073664825048,-28.73657373825809,True
299125,EVE AY CORP CA 91789,Wayfair,1,541.0,528.0,275.0,200.0,0.5083179297597042,0.44547134935305,0.8909426987060998,0.8265056818181817,0.6746969696969697,0.4145454545454547,0.49000000000000016,0.9381818181818182,0.9563636363636365,0.7527272727272728,2.0,-44.547134935304975,-38.10343324651318,True
90441,TopBuy Inc GA 31322,APS Outdoor,1,541.0,538.0,29.0,479.0,0.053604436229205174,0.6598890942698712,0.8521256931608135,0.8410450830804569,0.4474276489899185,0.7931034482758622,0.6576200417536542,0.8620689655172413,0.9310344827586206,0.7586206896551725,1.0,-19.223659889094236,-18.11559888105857,True
321747,Flakes Joy Inc CA 91764,Decor,1,541.0,536.0,48.0,442.0,0.08872458410351201,0.7929759704251382,0.6931608133086877,0.8946920867945337,0.7597917862610026,0.5416666666666669,0.8552036199095018,0.37499999999999994,0.7708333333333335,0.5208333333333333,1.0,9.98151571164505,-10.171611636939549,False
9886,Wendover Art Group,PG Wall Art,1,537.0,520.0,47.0,478.0,0.08752327746741155,0.7169459962756054,0.7821229050279334,0.7490022529771478,0.6913702928870294,0.8085106382978723,0.7071129707112973,0.851063829787234,0.851063829787234,0.8297872340425532,1.0,-6.5176908752327956,-3.205625670154244,False
174433,SHENZHENSHI JULIBAIBIAN KEJIYOUXIANGONGSI CA 90201,APS,1,536.0,532.0,66.0,433.0,0.12313432835820895,0.6940298507462684,0.7966417910447758,0.8620483078365657,0.5765380541422841,0.6818181818181817,0.690531177829099,0.7424242424242423,0.9242424242424242,0.5909090909090908,1.0,-10.26119402985074,-16.801845709029728,True
308438,C-CA-3,APS,1,531.0,531.0,66.0,422.0,0.12429378531073447,0.33521657250470815,0.7438794726930321,0.7137476459510365,0.391713747645951,0.22727272727272732,0.3601895734597157,0.7424242424242423,0.6818181818181818,0.3333333333333333,1.0,-40.866290018832395,-37.85310734463283,True
399345,Shenzhen Like Keji Youxiangongsi CA 91730(2),APS Bedroom,1,530.0,527.0,33.0,216.0,0.062264150943396226,0.4018867924528302,0.6264150943396223,0.6158549441281889,0.3460099093400801,1.0,0.40277777777777807,1.0,1.0,1.0,1.0,-22.452830188679208,-21.396815167535866,True
5406,Crane USA,Youth Furniture & Decor,1,526.0,509.0,68.0,449.0,0.12927756653992395,0.7338403041825092,0.8441064638783272,0.9069313602373316,0.7297246445933114,0.6764705882352942,0.7416481069042312,0.9264705882352944,0.9117647058823529,0.6470588235294118,1.0,-11.0266159695818,-17.309105605482234,True
28486,IRIS USA WI 53158,Storage & Org - Frequency,1,525.0,521.0,9.0,504.0,0.017142857142857144,0.5504761904761907,0.7180952380952379,0.8609511622947325,0.4914693964597997,0.44444444444444453,0.5476190476190479,0.5555555555555556,1.0,0.44444444444444453,1.0,-16.761904761904724,-31.047497181854176,True
303125,B205-CA,APS Upholstery,1,524.0,522.0,44.0,420.0,0.08396946564885496,0.7213740458015268,0.860687022900763,0.8340357598978289,0.5515416894727241,0.4318181818181817,0.7380952380952381,0.9318181818181818,0.9318181818181815,0.5227272727272728,1.0,-13.93129770992363,-11.26617140963021,True
35200,Custom Service Hardware,Hardware,1,518.0,516.0,69.0,435.0,0.13320463320463322,0.9922779922779923,0.9189189189189186,0.9922837031096855,0.9922837031096855,0.9855072463768116,0.9931034482758622,0.9130434782608694,1.0,1.0,1.0,7.335907335907366,-0.0005710831693206408,False
495236,Trumbull OH 44483,Plumbing,1,518.0,508.0,0.0,518.0,0.0,0.915057915057915,0.9401544401544396,0.9652509652509649,0.94980694980695,,0.915057915057915,,,,3.0,-2.5096525096524602,-5.019305019304987,False
204866,Smedbo IL,Plumbing,1,518.0,513.0,37.0,480.0,0.07142857142857142,0.6544401544401548,0.7509652509652507,0.9247482131254063,0.8532529239766083,0.48648648648648657,0.6666666666666671,0.7027027027027026,0.9729729729729728,0.810810810810811,2.0,-9.65250965250959,-27.030805868525153,False
291097,Atlantic Furniture CA 91706,Youth Furniture & Decor,1,517.0,510.0,0.0,517.0,0.0,0.9303675048355896,0.895551257253385,0.9148936170212765,0.7466150870406189,,0.9303675048355896,,,,1.0,3.4816247582204585,1.5473887814313136,False
286839,"Shenzhen Laiwo Trading Co., Ltd. CA 90201",APS,1,517.0,511.0,30.0,463.0,0.058027079303675046,0.7736943907156671,0.7969052224371375,0.8569357504237234,0.6459109102974311,0.6666666666666667,0.7818574514038875,0.7333333333333333,0.9333333333333333,0.5333333333333333,1.0,-2.3210831721470315,-8.324135970805624,False
473177,Houston International Trading TX 77081-2049,Storage & Org - Frequency,1,517.0,508.0,77.0,421.0,0.14893617021276595,0.462282398452611,0.7098646034816251,0.8278330559036414,0.7734724222417566,0.11688311688311691,0.5273159144893109,0.5064935064935066,0.7922077922077925,0.6753246753246754,4.0,-24.758220502901406,-36.55506574510304,True
147209,New Decor LLC CA(7),APS Home Improvement,1,515.0,508.0,73.0,416.0,0.141747572815534,0.7631067961165042,0.8699029126213591,0.8333916944276197,0.621971532404603,0.945205479452055,0.7187499999999992,0.9041095890410958,0.9452054794520546,0.7945205479452054,1.0,-10.679611650485487,-7.028489831111551,True
252726,SuzhoulanqinglvTradin NJ 08691 ,APS,1,513.0,506.0,1.0,501.0,0.001949317738791423,0.980506822612085,0.9181286549707597,0.7833936869344322,0.6547813463981127,1.0,0.9920159680638715,1.0,1.0,1.0,1.0,6.237816764132531,19.711313567765277,False
287046,Great Big Canvas TX 75051,Decor,1,512.0,503.0,6.0,492.0,0.01171875,0.525390625000001,0.5585937500000003,0.7792755661155025,0.5351306793386031,0.5,0.5264227642276433,0.5,0.5,0.5,1.0,-3.3203124999999334,-25.388494111550152,False
308681,Christopher's Corner NC 28792,Wayfair,1,512.0,491.0,15.0,493.0,0.029296875,0.5546875000000001,0.8183593749999997,0.7087700309423581,0.5544672254743594,0.39999999999999997,0.5578093306288033,0.7333333333333335,0.5333333333333333,0.33333333333333337,1.0,-26.367187499999957,-15.408253094235802,True
318966,ZOOS DIGITAL LLC FL 33570,Wayfair,1,512.0,485.0,32.0,434.0,0.0625,0.7558593750000002,0.6660156250000001,0.4907168986650196,0.3499596180341107,0.7812500000000001,0.7534562211981569,0.6562500000000002,0.5,0.34374999999999994,1.0,8.98437500000001,26.514247633498062,False
358845,"Shenzhen Litian Technology Co., Ltd SC 29927",APS Home Improvement,1,511.0,503.0,28.0,444.0,0.0547945205479452,0.5401174168297456,0.7945205479452058,0.7668941307112286,0.39748894023247894,0.8571428571428571,0.5405405405405406,0.9642857142857142,0.8571428571428571,0.7857142857142856,1.0,-25.44031311154602,-22.6776713881483,True
475332,Hudson and Canal SC 29486,Casegoods,1,508.0,487.0,0.0,508.0,0.0,0.911417322834646,0.8425196850393702,0.9232283464566929,0.9094488188976378,,0.911417322834646,,,,3.0,6.889763779527581,-1.181102362204689,False
370324,DaFangGuang-CA-ONT1,APS Home Improvement,1,503.0,501.0,47.0,321.0,0.09343936381709742,0.5785288270377733,0.8210735586481114,0.7257074635775178,0.5090504349556338,0.3404255319148937,0.691588785046729,0.9574468085106381,0.7021276595744682,0.48936170212765956,1.0,-24.254473161033808,-14.717863653974451,True
64094,Farfarview NJ 08873,APS,1,502.0,490.0,0.0,502.0,0.0,0.8764940239043825,0.9701195219123503,0.928286852589642,0.8306772908366542,,0.8764940239043825,,,,2.0,-9.362549800796781,-5.179282868525958,False
509557,TranS Ideal LLC CA  91762 ,APS Upholstery,1,500.0,485.0,0.0,500.0,0.0,0.6840000000000005,0.9340000000000003,0.9520000000000001,0.9399999999999997,,0.6840000000000005,,,,3.0,-24.99999999999998,-26.799999999999958,True
288244,Men Dao Le (Bei Jing) Shang Mao You Xian CA 91761 ,APS,1,498.0,483.0,0.0,498.0,0.0,0.8614457831325302,0.8554216867469877,0.7650602409638549,0.6064257028112454,,0.8614457831325302,,,,1.0,0.6024096385542466,9.638554216867522,False
83596,"SLNY Home INC, DBA Spirit Linen NJ 08816",Soft Home,1,498.0,411.0,4.0,494.0,0.008032128514056224,0.21285140562249014,0.4859437751004014,0.5425248973078397,0.3260291379768899,0.5,0.21052631578947387,0.75,0.75,0.75,2.0,-27.309236947791128,-32.96734916853495,True
3959,Boyd CA- 92336,Mattress,1,495.0,481.0,48.0,430.0,0.09696969696969697,0.6707070707070705,0.8626262626262621,0.8164285484052924,0.504978323582975,0.22916666666666666,0.7348837209302322,0.8749999999999997,0.9583333333333331,0.3333333333333333,1.0,-19.191919191919162,-14.572147769822196,True
357524,Hudson and Canal PA 17057,Casegoods,1,494.0,449.0,1.0,492.0,0.0020242914979757085,0.5222672064777323,0.6194331983805669,0.5870090716497361,0.5263050681731765,1.0,0.5223577235772353,1.0,1.0,1.0,1.0,-9.716599190283459,-6.474186517200387,False
27436,Steve Silver Company TX,Casegoods,1,492.0,483.0,0.0,492.0,0.0,0.947154471544715,0.8556910569105692,0.8455284552845524,0.6890243902439024,,0.947154471544715,,,,1.0,9.146341463414576,10.162601626016254,False
247333,EFNJ01 08854,APS,1,490.0,483.0,0.0,490.0,0.0,0.43673469387755076,0.887755102040816,0.822448979591837,0.40408163265306146,,0.43673469387755076,,,,1.0,-45.10204081632652,-38.571428571428626,True
58713,Tabletops Unlimited Inc CA,Tabletop,1,488.0,486.0,1.0,487.0,0.0020491803278688526,0.5737704918032785,0.8278688524590165,0.9364759466288102,0.5409874853178525,1.0,0.5728952772073921,1.0,1.0,1.0,1.0,-25.4098360655738,-36.27054548255316,True
21497,Aquascape,Decor,1,485.0,477.0,0.0,483.0,0.0,0.9360824742268038,0.8783505154639173,0.907188214817419,0.7999791658528325,,0.9378881987577636,,,,1.0,5.77319587628865,2.8894259409384837,False
125473,Tregards LLC CA 91730,APS,1,485.0,482.0,0.0,485.0,0.0,0.8206185567010313,0.781443298969072,0.9195876288659793,0.7402061855670102,,0.8206185567010313,,,,1.0,3.917525773195929,-9.8969072164948,False
475961,CAN_Yaheetech ON L6Z 0J9,APS AEOF,1,484.0,480.0,0.0,484.0,0.0,0.6157024793388429,0.8946280991735537,0.9049586776859505,0.4049586776859507,,0.6157024793388429,,,,1.0,-27.892561983471076,-28.92561983471076,True
498901,Samtons Lighting TX 77477,APS Home Improvement,1,484.0,471.0,0.0,484.0,0.0,1.0,0.9731404958677686,0.9028925619834708,0.8388429752066124,,1.0,,,,1.0,2.685950413223137,9.71074380165292,False
227271,ShenzhenXinheTradeLim NJ08057,APS,1,483.0,457.0,1.0,481.0,0.002070393374741201,0.5838509316770183,0.9772256728778468,0.7329824353894383,0.6315571589094562,1.0,0.5821205821205818,1.0,1.0,1.0,1.0,-39.33747412008285,-14.913150371242,True
208524,Ningbo Qiangbang Outdoor Leisure ProductsGA 30336,APS Outdoor,1,483.0,477.0,75.0,262.0,0.15527950310559005,0.6977225672877844,0.7991718426501035,0.8055275497303439,0.44287611823259226,0.6533333333333333,0.8091603053435109,0.84,0.8799999999999998,0.46666666666666656,1.0,-10.144927536231918,-10.780498244255954,True
278699,Ning Bo Jing Wei Dian Zi Shang Wu You NJ 08003,APS,1,482.0,477.0,26.0,441.0,0.05394190871369295,0.3381742738589214,0.7053941908713692,0.508159937629839,0.2820966262116306,0.19230769230769235,0.35374149659863974,0.23076923076923078,0.30769230769230765,0.19230769230769232,1.0,-36.72199170124478,-16.998566377091763,True
300249,NuoYiAo-NJ-PA,APS Home Improvement,1,481.0,475.0,39.0,405.0,0.08108108108108109,0.6216216216216219,0.7629937629937629,0.5938089668615987,0.3881013645224172,0.2820512820512821,0.6888888888888893,0.3076923076923076,0.30769230769230765,0.05128205128205128,1.0,-14.137214137214094,2.781265476002326,True
109861,GOEYALLC NJ 08691,APS,1,481.0,477.0,30.0,431.0,0.062370062370062374,0.9334719334719335,0.9043659043659045,0.785993277785074,0.6986433967128265,1.0,0.9327146171693735,0.8666666666666665,0.8999999999999998,0.7999999999999999,1.0,2.9106029106028997,14.747865568685947,False
21667,Artiva USA CA 91710,Lighting,1,480.0,465.0,98.0,361.0,0.20416666666666666,0.8666666666666668,0.8208333333333331,0.8903106663092368,0.7296339320287138,0.9591836734693884,0.8365650969529086,0.86734693877551,0.9693877551020408,0.7551020408163264,1.0,4.583333333333373,-2.3643999642570024,False
248110,Yamazaki USA Inc. NV 89502,Storage & Org - Frequency,1,480.0,466.0,0.0,480.0,0.0,0.9520833333333335,0.9104166666666667,0.9250000000000004,0.829166666666667,,0.9520833333333335,,,,1.0,4.166666666666686,2.7083333333333126,False
49365,The Box Man,Decor,1,473.0,462.0,16.0,456.0,0.03382663847780127,0.8097251585623686,0.8837209302325582,0.9535296574770258,0.9429682159945321,1.0,0.8026315789473691,0.9374999999999999,1.0,1.0,2.0,-7.399577167018956,-14.38044989146572,False
94464,SOHO Studio AZ 85353,Flooring,1,471.0,433.0,91.0,349.0,0.1932059447983015,0.8811040339702761,0.8747346072186835,0.7490156633601776,0.7143273093033876,0.9340659340659341,0.8825214899713468,0.9670329670329672,0.8901098901098895,0.835164835164835,1.0,0.6369426751592688,13.20883706100986,False
365124,RAYS LTD NJ 08831,APS Home Improvement,1,469.0,454.0,6.0,431.0,0.01279317697228145,0.5458422174840085,0.7910447761194032,0.7420658850945965,0.4355407463434077,0.5,0.5197215777262181,0.8333333333333334,0.8333333333333334,0.6666666666666666,1.0,-24.520255863539465,-19.622366761058796,True
127611,Shenzhen Zhichen Trading Co. LTD. CA 90201,APS K&D,1,469.0,464.0,30.0,412.0,0.06396588486140725,0.7547974413646056,0.8144989339019189,0.8678439906260459,0.5692322982926009,0.7333333333333333,0.75,0.7,0.8999999999999999,0.4666666666666667,1.0,-5.970149253731327,-11.304654926144032,False
3968,Uttermost VA- 24151,Decor,1,469.0,464.0,0.0,469.0,0.0,1.0,0.9509594882729206,0.9317697228144987,0.872068230277185,,1.0,,,,1.0,4.904051172707935,6.823027718550135,False
300817,HALOPU LTD CA 91761,Hardware,1,468.0,458.0,105.0,319.0,0.22435897435897437,0.6474358974358972,0.7414529914529915,0.6821557974277525,0.4487549914059081,0.4571428571428572,0.7115987460815043,0.7333333333333333,0.7999999999999999,0.4666666666666667,1.0,-9.401709401709423,-3.4719899991855208,False
276795,RW FlameTXGFS 77035,APS Home Improvement,1,468.0,466.0,17.0,419.0,0.03632478632478633,0.4294871794871793,0.72008547008547,0.8931648007211116,0.7264588689604304,0.29411764705882354,0.41766109785202843,0.6470588235294119,0.8235294117647057,0.7058823529411766,2.0,-29.059829059829067,-46.36776212339323,True
454838,Delta Faucet TN 38305,Plumbing,1,467.0,461.0,0.0,467.0,0.0,0.9807280513918636,0.9635974304068524,0.9379014989293357,0.89507494646681,,0.9807280513918636,,,,1.0,1.713062098501117,4.282655246252787,False
131822,Costway TX 77571,APS Outdoor,1,467.0,463.0,0.0,464.0,0.0,0.8522483940042828,0.84796573875803,0.9036270201832125,0.6552096521933413,,0.8556034482758622,,,,1.0,0.4282655246252709,-5.137862617892974,False
472168,New Pacific Direct CA 90601,Casegoods,1,467.0,460.0,161.0,283.0,0.34475374732334046,0.7837259100642401,0.8308351177730193,0.9182516515593792,0.836180672914426,0.6273291925465843,0.9010600706713782,0.7142857142857144,0.8944099378881988,0.7515527950310563,2.0,-4.710920770877925,-13.452574149513907,False
23629,Home City Inc. NJ 08817,Soft Home,1,466.0,464.0,0.0,462.0,0.0,0.9120171673819745,0.8927038626609437,0.8390618002686968,0.7575197790715026,,0.9112554112554115,,,,1.0,1.9313304721030766,7.295536711327766,False
21351,Dicksons Inc,Decor,1,466.0,463.0,0.0,466.0,0.0,0.9098712446351933,0.9656652360515017,0.9613733905579397,0.8540772532188845,,0.9098712446351933,,,,1.0,-5.579399141630836,-5.150214592274638,False
41169,WINSOON GA 30071,APS,1,466.0,460.0,70.0,374.0,0.15021459227467812,0.9012875536480685,0.8175965665236058,0.9122297140199954,0.8649965124389672,0.9285714285714288,0.8930481283422457,0.7999999999999999,0.9714285714285712,0.9142857142857145,2.0,8.369098712446267,-1.0942160371926968,False
177169,NANCE CARPET GA,Flooring,1,459.0,459.0,77.0,364.0,0.16775599128540306,0.6862745098039216,0.8300653594771242,0.949891067538126,0.9281045751633982,0.8181818181818181,0.6648351648351649,0.9220779220779217,1.0,1.0,3.0,-14.379084967320265,-26.361655773420445,True
94632,General Sherman International Inc TX 75050,APS,1,459.0,457.0,8.0,440.0,0.017429193899782137,0.7211328976034858,0.917211328976035,0.8388004774219212,0.5076486970360058,0.875,0.7159090909090908,0.875,0.875,0.625,1.0,-19.60784313725492,-11.766757981843545,True
455709,Smart Big Mall Inc NJ 08505(2),APS AEOF,1,458.0,457.0,49.0,369.0,0.10698689956331878,0.8034934497816593,0.8799126637554587,0.8493889096440204,0.6637905985186766,0.7142857142857143,0.8238482384823846,0.9591836734693877,0.9591836734693877,0.8367346938775508,1.0,-7.641921397379948,-4.58954598623611,False
46347,Violet Distribution Inc.,Tabletop,1,457.0,444.0,50.0,395.0,0.10940919037199125,0.7133479212253826,0.8183807439824948,0.8756984832934199,0.617048694263884,0.7,0.7215189873417717,0.78,0.9799999999999999,0.6199999999999999,1.0,-10.503282275711223,-16.235056206803733,True
462651,BaZhuaYu-GA-01,APS Home Improvement,1,457.0,453.0,3.0,317.0,0.006564551422319475,0.5229759299781181,0.7374179431072208,0.552018483506382,0.22180229420407938,0.0,0.39747634069400634,0.6666666666666666,0.0,0.0,1.0,-21.44420131291026,-2.9042553528263904,True
41392,Storkcraft USA OH 43213,Youth Furniture & Decor,1,453.0,452.0,0.0,453.0,0.0,0.9249448123620306,0.8918322295805741,0.8167770419426054,0.6313465783664457,,0.9249448123620306,,,,1.0,3.3112582781456568,10.816777041942526,False
327731,"Shenzhen Laiwo Trading Co., Ltd. GA 31326(3)",APS K&D,1,451.0,441.0,1.0,430.0,0.0022172949002217295,0.43902439024390216,0.7383592017738362,0.6925598146235238,0.341906374953082,0.0,0.4232558139534881,1.0,1.0,1.0,1.0,-29.9334811529934,-25.35354243796216,True
6218,Emissary,Decor,1,450.0,437.0,68.0,370.0,0.1511111111111111,0.6933333333333332,0.866666666666667,0.8093945203785019,0.6068649885583527,0.5882352941176471,0.7162162162162161,0.9117647058823527,0.9117647058823527,0.6470588235294118,1.0,-17.33333333333338,-11.606118704516867,True
41923,Masterpiece Art Gallery dba East Coast Graphics,Decor,1,449.0,442.0,142.0,278.0,0.31625835189309576,1.0,0.9955456570155902,0.9689765108440938,0.9600562619180038,1.0,1.0,1.0,0.9929577464788732,0.9788732394366194,1.0,0.44543429844098315,3.1023489155906248,False
73797,REESE ELECTRONIC TECHNOLOGY INC CA 92337,APS Outdoor,1,449.0,442.0,44.0,353.0,0.09799554565701558,0.6503340757238308,0.821826280623608,0.7598284901234407,0.5168113006806558,0.5909090909090909,0.6515580736543911,0.8181818181818182,0.8409090909090906,0.5454545454545457,1.0,-17.14922048997771,-10.949441439960983,True
288214,FlexiSpot Inc NJ 08016,APS,1,448.0,447.0,24.0,393.0,0.05357142857142857,0.6852678571428567,0.8549107142857139,0.7768100597138968,0.5334801987806747,0.6666666666666666,0.6870229007633581,0.7916666666666666,0.9583333333333334,0.5416666666666667,1.0,-16.964285714285722,-9.154220257104019,True
86161,PuleoInternational NJ 07080,Decor,1,448.0,442.0,72.0,341.0,0.16071428571428573,0.9352678571428569,0.9821428571428574,0.9754315892835818,0.9731691458446677,0.9444444444444444,0.9501466275659821,0.9861111111111112,0.9861111111111112,0.9861111111111112,3.0,-4.687500000000055,-4.016373214072488,False
290432,AIVITUVIN INC NJ 08016,APS,1,447.0,445.0,45.0,360.0,0.10067114093959731,0.5167785234899329,0.8478747203579415,0.8278401997503121,0.3848064918851436,0.44444444444444436,0.5222222222222223,0.7777777777777776,0.8888888888888888,0.3777777777777777,1.0,-33.10961968680086,-31.106167626037916,True
49191,Ready2HangArt_WPN,Decor,1,446.0,439.0,0.0,445.0,0.0,0.9910313901345292,0.930493273542601,0.9618847738732048,0.917007499168181,,0.9910112359550564,,,,1.0,6.053811659192821,2.914661626132442,False
300777,"Yiwu Fengyu Trading Co., Ltd. NJ 08817",APS Youth,1,446.0,417.0,0.0,446.0,0.0,0.8744394618834077,0.697309417040358,0.8565022421524658,0.6928251121076237,,0.8744394618834077,,,,1.0,17.713004484304975,1.7937219730941867,False
101679,HANGZHOU HOME TX 76118,APS,1,443.0,441.0,0.0,443.0,0.0,0.9932279909706541,0.9164785553047401,0.9255079006772009,0.7336343115124152,,0.9932279909706541,,,,1.0,7.674943566591397,6.772009029345316,False
318147,"Hangzhou Skytech Outdoor Co., LTD IL 60517",APS,1,441.0,434.0,0.0,434.0,0.0,0.49659863945578253,0.9387755102040819,0.6576854467072988,0.253902185223725,,0.4884792626728113,,,,1.0,-44.21768707482994,-16.108680725151626,True
244671,Zhejiang Paide Network Technology Co Ltd NJ 08505,APS,1,441.0,436.0,15.0,405.0,0.034013605442176874,0.8458049886621315,0.8843537414965984,0.8955050725692929,0.8527061793116838,0.06666666666666668,0.8888888888888888,0.6666666666666667,0.9333333333333332,0.7999999999999999,1.0,-3.8548752834466904,-4.97000839071614,False
295424,Les Meubles Sua-v inc. NY 12901,Casegoods,1,440.0,429.0,84.0,131.0,0.19090909090909092,0.7068181818181818,0.8295454545454543,0.7970880986148161,0.6898033195743118,0.857142857142857,0.6717557251908394,0.8928571428571427,0.9047619047619048,0.8333333333333334,1.0,-12.272727272727247,-9.026991679663432,True
321663,Ningbo Qiangbang Outdoor Leisure Products NJ 08859,APS Outdoor,1,439.0,435.0,17.0,400.0,0.0387243735763098,0.8268792710706152,0.8063781321184509,0.7926896551724136,0.612620689655172,0.5294117647058824,0.8450000000000002,0.7058823529411766,0.9411764705882352,0.6470588235294119,1.0,2.050113895216432,3.4189615898201575,False
413783,"Sorara Outdoor Living USA, Inc. CA 91746",Outdoor Structures,1,439.0,436.0,0.0,439.0,0.0,0.7562642369020505,0.8063781321184509,0.867881548974943,0.5990888382687929,,0.7562642369020505,,,,1.0,-5.011389521640042,-11.16173120728925,False
190357,Urbandi Manufactoring Inc OH 45036,Decor,1,437.0,434.0,0.0,437.0,0.0,0.3569794050343248,0.44622425629290613,0.5446224256292908,0.28375286041189945,,0.3569794050343248,,,,1.0,-8.924485125858133,-18.764302059496597,False
232133,Dito Furn Inc CA 91710,Wayfair,1,437.0,425.0,41.0,391.0,0.09382151029748284,0.4828375286041189,0.8558352402745997,0.7962208515119601,0.45038664058973965,0.3170731707317073,0.5012787723785165,0.8292682926829268,0.7560975609756097,0.2682926829268293,1.0,-37.29977116704808,-31.33833229078412,True
204167,Ningbo Jiangbei Fufu TX 77064,APS,1,437.0,428.0,13.0,404.0,0.029748283752860413,0.4622425629290618,0.7643020594965684,0.8351589247709817,0.43518090126769715,0.8461538461538461,0.4430693069306931,0.8461538461538461,0.9230769230769231,0.8461538461538461,1.0,-30.205949656750658,-37.291636184191994,True
146552,"Ningbo Garden International Co, Ltd. NJ 07305",APS Outdoor,1,435.0,433.0,60.0,364.0,0.13793103448275862,0.4804597701149425,0.8919540229885062,0.8276527167982133,0.4229880973529934,0.3000000000000001,0.5082417582417582,0.9499999999999997,0.9166666666666666,0.4333333333333333,1.0,-41.14942528735637,-34.71929466832708,True
133171,Riverside Designs AL,Decor,1,435.0,427.0,28.0,405.0,0.06436781609195402,0.33793103448275863,0.45747126436781615,0.5175875328880796,0.4416919651892332,0.5714285714285715,0.32098765432098764,0.6428571428571429,0.7500000000000001,0.6428571428571429,2.0,-11.954022988505752,-17.965649840532095,True
116922,Forious USA Inc. CA 91710,APS,1,434.0,433.0,73.0,261.0,0.16820276497695852,0.9400921658986173,0.8847926267281102,0.9861962783042659,0.9815950377390212,0.8904109589041094,0.9540229885057471,0.8767123287671231,1.0,1.0,8.0,5.529953917050712,-4.61041124056486,False
452417,EFKS01,APS AEOF,1,433.0,428.0,1.0,432.0,0.0023094688221709007,0.9769053117782909,0.951501154734411,0.9630494980962268,0.8960767133956385,1.0,0.9768518518518517,1.0,1.0,1.0,1.0,2.5404157043879882,1.3855813682064122,False
231508,"TEEMODERN, LLC dba Ethan Taylor DE 19801",Wayfair,1,433.0,409.0,0.0,433.0,0.0,0.4826789838337176,0.7551963048498851,0.6351039260969977,0.4364896073903006,,0.4826789838337176,,,,1.0,-27.25173210161675,-15.242494226328013,True
9363,Zentique,PG Casegoods,1,433.0,417.0,0.0,433.0,0.0,0.7459584295612012,0.9584295612009237,0.9006928406466512,0.8106235565819861,,0.7459584295612012,,,,2.0,-21.24711316397225,-15.473441108545005,True
49570,2xhome inc.,Casegoods,1,430.0,426.0,73.0,346.0,0.1697674418604651,0.8023255813953489,0.8511627906976736,0.9093191131373987,0.7068305788488154,0.7671232876712328,0.8063583815028903,0.8356164383561647,0.9178082191780818,0.6575342465753423,1.0,-4.883720930232471,-10.699353174204973,False
338931,Shenzhenshi Youlihai Keji Youxian Gongsi NJ 08854,APS Youth,1,430.0,428.0,31.0,387.0,0.07209302325581396,0.44883720930232546,0.8720930232558137,0.9372419039339267,0.8814448549832162,0.6774193548387099,0.42118863049095595,0.8709677419354837,1.0,0.967741935483871,1.0,-42.32558139534883,-48.840469463160126,True
287317,Great Big Canvas CA 95765,Decor,1,430.0,425.0,21.0,275.0,0.04883720930232558,0.4883720930232558,0.32558139534883695,0.4397326693064458,0.3234031269134997,0.38095238095238093,0.4800000000000001,0.14285714285714285,0.2857142857142857,0.23809523809523814,1.0,16.279069767441882,4.863942371681001,False
434988,Westco Furniture GA 31326,Casegoods,1,429.0,418.0,51.0,276.0,0.11888111888111888,0.45221445221445217,0.7995337995337997,0.6776749185216007,0.3010800221898618,0.41176470588235303,0.4855072463768115,0.7254901960784311,0.7254901960784312,0.3333333333333333,1.0,-34.73193473193475,-22.54604663071485,True
30422,CAN_Algreen Products Inc. ONN1R8J8,CA Housewares,1,429.0,421.0,0.0,429.0,0.0,0.902097902097903,0.941724941724942,0.9370629370629375,0.9300699300699296,,0.902097902097903,,,,2.0,-3.9627039627039062,-3.496503496503456,False
280962,"CHITA (HK) IMPORT & EXPORT CO., LIMIT NJ 08016(2)",APS,1,429.0,421.0,3.0,413.0,0.006993006993006993,0.8601398601398599,0.8135198135198133,0.7527735761159003,0.5919147883800246,1.0,0.8692493946731232,0.6666666666666666,1.0,1.0,1.0,4.66200466200466,10.736628402395954,False
283813,(US)changsha lanqi dianzishangwu youxiang CA 92571,APS,1,425.0,422.0,80.0,300.0,0.18823529411764706,0.611764705882353,0.8494117647058825,0.8637677725118483,0.7200947867298578,0.3999999999999999,0.7233333333333333,0.85,0.9625000000000001,0.8125,1.0,-23.764705882352956,-25.200306662949533,True
307356,Homelux Designs LLC GA 30517 ,APS Home Improvement,1,424.0,421.0,75.0,319.0,0.17688679245283018,0.8561320754716981,0.8891509433962267,0.9125924491867645,0.705074597229565,0.9066666666666668,0.8432601880877743,0.8533333333333334,0.9866666666666667,0.7466666666666667,1.0,-3.301886792452857,-5.64603737150664,False
150459,LNC Home decor CA 91752 (2),APS Home Improvement,1,424.0,407.0,29.0,386.0,0.06839622641509434,0.589622641509434,0.8160377358490563,0.8519178622805562,0.5370714567605763,1.0,0.5492227979274612,1.0,0.9655172413793104,0.9655172413793104,1.0,-22.641509433962227,-26.22952207711222,True
154310,Topower Smart Home Limited NJ 08817,APS,1,423.0,420.0,22.0,390.0,0.05200945626477541,0.5059101654846335,0.7375886524822691,0.9054761904761912,0.8038461538461535,0.909090909090909,0.47692307692307695,0.909090909090909,1.0,1.0,3.0,-23.16784869976356,-39.95660249915577,True
269787,Mellow SC 29483,Mattress,1,421.0,416.0,28.0,384.0,0.0665083135391924,0.5558194774346792,0.7838479809976246,0.9193334334935899,0.8695099659455127,0.8571428571428571,0.5286458333333331,0.8214285714285713,1.0,1.0,1.0,-22.802850356294545,-36.35139560589107,True
217122,Holden Decor Limited NJ 08889  ,Decor,1,418.0,409.0,44.0,367.0,0.10526315789473684,0.813397129186603,0.8349282296650716,0.8611775974436945,0.8061755170540474,0.8636363636363634,0.8092643051771119,0.8863636363636362,0.9772727272727271,0.9090909090909093,2.0,-2.1531100478468623,-4.778046825709148,False
176626,Cyan Design TX,PG Decor,1,418.0,396.0,65.0,343.0,0.15550239234449761,0.8923444976076553,0.9545454545454547,0.875975498424478,0.7452807963012045,0.7692307692307695,0.921282798833819,0.9538461538461538,0.9076923076923075,0.6461538461538461,1.0,-6.220095693779937,1.6368999183177357,False
22878,Adesso CA 92336,Lighting,1,417.0,414.0,84.0,311.0,0.2014388489208633,0.9112709832134294,0.904076738609113,0.8538453174270317,0.7672848998866056,0.8333333333333334,0.9260450160771706,0.8809523809523812,0.8928571428571427,0.7380952380952379,1.0,0.7194244604316391,5.742566578639763,False
13970,Euro Ceramica NJ 07005,Tabletop,1,417.0,405.0,30.0,376.0,0.07194244604316546,0.4604316546762591,0.7362110311750597,0.6909377462568957,0.4792487522983975,0.4,0.4627659574468086,0.8333333333333334,0.7,0.30000000000000004,1.0,-27.577937649880063,-23.05060915806367,True
26508,Paragon Industries CA 92780,Flooring,1,416.0,405.0,47.0,363.0,0.11298076923076923,0.6153846153846152,0.8894230769230766,0.8266367377478485,0.5233819678264123,0.4680851063829788,0.6391184573002753,0.8510638297872339,0.7659574468085103,0.3617021276595743,1.0,-27.403846153846146,-21.125212236323332,True
438290,AMEZIEL INC CA 92337,APS AEOF,1,415.0,411.0,0.0,415.0,0.0,0.49397590361445776,0.7036144578313256,0.8192771084337348,0.45060240963855425,,0.49397590361445776,,,,1.0,-20.963855421686784,-32.5301204819277,True
248168,MSI GA 31322,Flooring,1,414.0,402.0,6.0,390.0,0.014492753623188406,0.5990338164251204,0.7028985507246379,0.743819364714887,0.45396096440872546,0.6666666666666666,0.6076923076923073,1.0,0.8333333333333334,0.6666666666666666,1.0,-10.386473429951748,-14.478554828976653,True
202882,"Zhenghe County Ruichang Arts  Crafts Co., Ltd TX",APS,1,413.0,412.0,56.0,348.0,0.13559322033898305,0.8547215496368036,0.8159806295399515,0.9346543354536324,0.8644403526392141,0.8750000000000001,0.8477011494252871,0.857142857142857,1.0,0.9285714285714285,2.0,3.874092009685204,-7.993278581682883,False
247779,EFNJ01,APS,1,412.0,395.0,4.0,408.0,0.009708737864077669,0.7888349514563111,0.9441747572815531,0.7621308016877631,0.6552742616033758,0.5,0.7916666666666671,0.5,0.75,0.5,1.0,-15.533980582524197,2.670414976854796,True
494257,"ADVANCED INFO SERVICES, LLC CA 91746",Casegoods,1,412.0,399.0,1.0,409.0,0.0024271844660194173,0.9126213592233012,0.8932038834951455,0.9003498967467571,0.8129124767909994,0.0,0.9193154034229831,0.0,1.0,0.0,1.0,1.9417475728155775,1.2271462476544093,False
46230,Coaster CA- 90670-4062,Casegoods,1,411.0,407.0,0.0,411.0,0.0,0.7615571776155717,0.8029197080291973,0.9002433090024335,0.8467153284671534,,0.7615571776155717,,,,1.0,-4.136253041362559,-13.86861313868618,False
27229,CapitalLighting GA,Lighting,1,411.0,399.0,0.0,411.0,0.0,0.9878345498783457,0.9026763990267641,0.9124087591240876,0.8613138686131389,,0.9878345498783457,,,,1.0,8.515815085158163,7.542579075425815,False
412005,HOU-1[谷仓休斯顿1号仓],APS Bedroom,1,409.0,409.0,28.0,362.0,0.06845965770171149,0.8801955990220046,0.8899755501222497,0.9608801955990218,0.8190709046454768,0.9642857142857142,0.8701657458563533,0.8571428571428571,0.9285714285714283,0.8214285714285714,1.0,-0.9779951100245099,-8.068459657701721,False
62318,Yard Elements CA 92563,Fireplaces & Grills,1,408.0,402.0,78.0,314.0,0.19117647058823528,0.6593137254901966,0.8749999999999997,0.8432677377443993,0.6098963779826979,0.44871794871794873,0.7229299363057331,0.8205128205128205,0.8846153846153842,0.5256410256410254,1.0,-21.568627450980305,-18.395401225420272,True
236782,Amalgamated Textiles USA GA 31320,Soft Home,1,407.0,405.0,0.0,407.0,0.0,0.9361179361179361,0.8034398034398036,0.8280098280098281,0.5282555282555284,,0.9361179361179361,,,,1.0,13.267813267813256,10.8108108108108,False
302950,Yantai Luoming Xinxijishu Youxiangongsi GA 31326,APS Bedroom,1,406.0,403.0,15.0,317.0,0.03694581280788178,0.8177339901477834,0.7906403940886697,0.8103419934090536,0.5862967804557305,0.7999999999999999,0.8359621451104102,1.0,1.0,1.0,1.0,2.7093596059113656,0.7391996738729811,False
214410,"Glen Raven Consumer Solutions, LLC IN 46168",Soft Home,1,405.0,403.0,53.0,340.0,0.1308641975308642,0.9925925925925926,0.8864197530864196,0.9876660341555981,0.9506057509852576,1.0,0.9970588235294118,0.962264150943396,1.0,0.981132075471698,1.0,10.617283950617296,0.49265584369945215,False
236781,Home Dynamix GA 31320,Rugs,1,404.0,402.0,0.0,404.0,0.0,0.987623762376238,0.7722772277227722,0.849009900990099,0.5445544554455453,,0.987623762376238,,,,1.0,21.534653465346576,13.861386138613895,False
462368,Millennium Lighting GA,Lighting,1,404.0,399.0,0.0,404.0,0.0,0.8490099009900989,0.8366336633663366,0.8811881188118809,0.7301980198019805,,0.8490099009900989,,,,1.0,1.2376237623762276,-3.2178217821781985,False
249585,Albany Living INC NJ 08810,Casegoods,1,404.0,398.0,0.0,404.0,0.0,0.6188118811881185,0.8663366336633661,0.8242574257425739,0.5891089108910882,,0.6188118811881185,,,,1.0,-24.752475247524764,-20.544554455445542,True
55932,SwingNSlide GA 30114,Recreation,1,403.0,402.0,53.0,205.0,0.1315136476426799,0.9156327543424317,0.9032258064516132,0.9701977915301544,0.967722363790802,0.8301886792452831,0.9560975609756097,0.943396226415094,1.0,1.0,1.0,1.2406947890818532,-5.456503718772265,False
79806,HomeSeason Enterprise CA 91746,Outdoor Furniture,1,403.0,390.0,61.0,325.0,0.1513647642679901,0.7096774193548387,0.7518610421836228,0.7729230769230772,0.7132307692307691,0.7049180327868851,0.7015384615384616,0.819672131147541,0.9180327868852458,0.819672131147541,1.0,-4.218362282878408,-6.324565756823841,False
330215,kaylastudio Inc CA 92335,APS Home Improvement,1,403.0,386.0,58.0,317.0,0.14392059553349876,0.6451612903225806,0.6550868486352359,0.7184174825517725,0.5015037348196336,0.5689655172413794,0.6561514195583596,0.5862068965517239,0.8275862068965518,0.48275862068965514,1.0,-0.9925558312655292,-7.3256192229191885,False
106622,SCR Holding Co NJ 07083,Storage & Org - Frequency,1,403.0,400.0,5.0,397.0,0.01240694789081886,0.7990074441687349,0.8908188585607943,0.8461712846347605,0.7742191435768264,1.0,0.7959697732997485,0.6,1.0,1.0,1.0,-9.181141439205941,-4.7163840466025615,False
488429,"Ningbo Maowei E-commerce Co., Ltd. NJ 08110",APS Outdoor,1,402.0,395.0,8.0,386.0,0.01990049751243781,0.91542288557214,0.9154228855721391,0.880592903522004,0.7509674034236238,0.5,0.9404145077720215,0.625,0.75,0.25,1.0,8.881784197001252e-14,3.482998205013599,False
13174,BFG Supply Co,Decor,1,402.0,395.0,32.0,366.0,0.07960199004975124,0.5895522388059701,0.8905472636815922,0.8405893338866982,0.5568236840284988,0.2500000000000001,0.6256830601092895,0.71875,0.75,0.375,1.0,-30.099502487562212,-25.103709508072814,True
104687,Domi Home Decor Inc CA 90220,Hardware,1,402.0,401.0,0.0,402.0,0.0,0.8930348258706465,0.9651741293532334,0.9751243781094526,0.8208955223880601,,0.8930348258706465,,,,1.0,-7.213930348258691,-8.20895522388061,False
245506,General Sherman International Inc. GA 31322,APS,1,401.0,396.0,0.0,399.0,0.0,0.8603491271820446,0.9501246882793019,0.7680311890838206,0.4563302194881141,,0.864661654135338,,,,1.0,-8.977556109725725,9.231793809822397,False
341461,Business  Pleasure Co. CLN1,PG Outdoor,1,401.0,381.0,6.0,394.0,0.014962593516209476,0.653366583541147,0.7780548628428926,0.8206163315879927,0.7555724316186361,0.5,0.6548223350253806,0.6666666666666666,1.0,0.6666666666666666,2.0,-12.468827930174564,-16.724974804684578,True
183462,Grand Leisure Outdoor Product Co.CA90201,APS Outdoor,1,401.0,397.0,54.0,317.0,0.13466334164588528,0.5860349127182043,0.8428927680798006,0.8009079975862761,0.4628544104910042,0.3333333333333334,0.618296529968454,0.8333333333333331,0.7407407407407407,0.29629629629629634,1.0,-25.685785536159635,-21.487308486807176,True
40973,Nine Stars U.S.A. CA,Storage & Org - Frequency,1,401.0,396.0,99.0,273.0,0.24688279301745636,0.623441396508728,0.8029925187032421,0.8307340807340808,0.5985218485218481,0.6565656565656567,0.6080586080586079,0.7878787878787874,0.8686868686868688,0.595959595959596,1.0,-17.955112219451408,-20.729268422535284,True
404750,"Zhuji Yaliang E-commerce Co., Ltd. CA 91789",APS Soft Home,1,401.0,392.0,55.0,331.0,0.1371571072319202,0.7705735660847878,0.8802992518703237,0.8874930636907327,0.6526912879955609,0.7454545454545455,0.7824773413897278,0.9090909090909091,0.8727272727272726,0.5636363636363635,1.0,-10.972568578553588,-11.69194976059449,True
7247,Hirsh Industries DE 1 WH 19904,Wayfair Professional,1,399.0,397.0,5.0,393.0,0.012531328320802004,0.2781954887218046,0.8872180451127817,0.7644291473583686,0.5288198383550932,0.4,0.2748091603053436,1.0,1.0,0.4,1.0,-60.9022556390977,-48.6233658636564,True
197001,Shenzhenshi Weisifu Keji Youxiangongsi NJ 08831,APS,1,398.0,397.0,28.0,356.0,0.07035175879396985,0.7688442211055277,0.8517587939698487,0.8819375654487304,0.6759191124444573,0.857142857142857,0.758426966292135,0.8928571428571427,0.9642857142857142,0.8214285714285714,1.0,-8.291457286432092,-11.309334434320261,False
226993,Visual Comfort  TX 77095,PG Home Improvement,1,397.0,371.0,5.0,389.0,0.012594458438287154,0.9168765743073054,0.8337531486146101,0.77057074952016,0.6573839896340744,0.8,0.9177377892030855,1.0,0.6,0.6,1.0,8.312342569269527,14.630582478714537,False
265862,"Chacivagarhspace Co., Ltd CA 91730",APS Home Improvement,1,397.0,376.0,70.0,296.0,0.17632241813602015,0.6926952141057936,0.8186397984886649,0.7337460465784935,0.5708740655549166,0.6857142857142858,0.6959459459459462,0.8571428571428572,0.7857142857142856,0.6285714285714287,1.0,-12.594458438287127,-4.105083247269992,True
97493,XH DFG-XSD2 TX 77571,APS,1,396.0,389.0,0.0,396.0,0.0,0.6666666666666669,0.767676767676768,0.9419191919191919,0.8964646464646462,,0.6666666666666669,,,,1.0,-10.101010101010111,-27.525252525252508,True
360252,SHENZHEN TIANSHUXING TECHNOLOGY CO LTD CA 90601,APS Youth,1,396.0,389.0,71.0,281.0,0.17929292929292928,0.848484848484849,0.9267676767676768,0.8487681709648794,0.7168211217740532,0.732394366197183,0.8896797153024917,0.9577464788732393,0.9154929577464787,0.676056338028169,1.0,-7.828282828282784,-0.02833224800304901,False
67116,Smart Line International TX  77521,APS,1,395.0,394.0,47.0,305.0,0.1189873417721519,0.891139240506329,0.9113924050632911,0.9442955812598813,0.7923941083465091,0.9148936170212767,0.885245901639344,0.978723404255319,0.978723404255319,0.851063829787234,1.0,-2.0253164556962133,-5.315634075355236,False
300444,shanghaizhongxinghuanchenxincaCA 91748,APS Youth,1,394.0,387.0,108.0,258.0,0.27411167512690354,0.9746192893401016,0.8832487309644669,0.8634090944498972,0.78212669733612,0.9907407407407407,0.9689922480620154,0.8888888888888885,0.9537037037037038,0.8518518518518517,1.0,9.137055837563468,11.121019489020433,False
360410,Active Items LLC_1 IL 60421,Wayfair,1,393.0,382.0,1.0,392.0,0.002544529262086514,0.788804071246819,0.8396946564885495,0.8930641628379097,0.7022384870178441,0.0,0.7908163265306118,0.0,0.0,0.0,1.0,-5.089058524173051,-10.426009159109073,False
285618,shenzhenshijinhongzhenkejiyouxiangongsi NJ08505(2),APS K&D,1,393.0,382.0,0.0,386.0,0.0,0.8854961832061059,0.8931297709923665,0.7277283454954832,0.6107411225347913,,0.8860103626942994,,,,1.0,-0.7633587786260554,15.776783771062275,False
406363,GA.,APS Bedroom,1,391.0,388.0,0.0,391.0,0.0,0.9002557544757027,0.9104859335038363,0.8388746803069054,0.5933503836317131,,0.9002557544757027,,,,1.0,-1.0230179028133612,6.138107416879734,False
35256,Greendale Home Fashions OH 45238,Outdoor Furniture,1,391.0,390.0,0.0,391.0,0.0,1.0,0.9693094629156008,0.9718670076726341,0.9488491048593352,,1.0,,,,1.0,3.069053708439917,2.813299232736588,False
399522,Ningboyuxudianzishangwuyouxiangongsi TX 77053,APS AEOF,1,391.0,390.0,32.0,320.0,0.08184143222506395,0.8388746803069054,0.8772378516624042,0.9053766025641031,0.6853605769230771,0.7500000000000001,0.8625,0.75,0.9062499999999998,0.5937500000000001,1.0,-3.8363171355498826,-6.650192225719776,False
293639,Shenzhenshi Yilaitake Kejiyouxiangongsi PA 18466 ,APS,1,390.0,388.0,0.0,387.0,0.0,0.8025641025641026,0.9230769230769231,0.9692319987213298,0.7128319880657451,,0.8010335917312662,,,,1.0,-12.051282051282053,-16.66678961572272,True
183016,DaFangGuang-NJ-02,APS Home Improvement,1,390.0,388.0,40.0,285.0,0.10256410256410256,0.8666666666666665,0.8666666666666667,0.7151654910472054,0.5894555977572793,0.8749999999999997,0.9298245614035086,0.8749999999999997,0.8,0.55,1.0,-2.220446049250313e-14,15.150117561946107,False
195627,Forious USA Inc. TX 77023,APS,1,390.0,378.0,0.0,390.0,0.0,0.7897435897435899,0.7128205128205126,0.894871794871795,0.6307692307692311,,0.7897435897435899,,,,1.0,7.692307692307732,-10.51282051282051,False
228586,WuYouDa - NJ03,APS Home Improvement,1,390.0,386.0,31.0,322.0,0.07948717948717948,0.9564102564102566,0.9205128205128202,0.7517619798538924,0.5851704051749107,0.9354838709677419,0.9565217391304349,1.0,1.0,0.9354838709677419,1.0,3.5897435897436325,20.46482765563642,False
367696,Jonathan Adler CA 92571,PG Decor,1,389.0,375.0,70.0,303.0,0.17994858611825193,0.781491002570694,0.8457583547557845,0.8182175703284614,0.7874378752160929,0.8857142857142858,0.7524752475247525,0.8857142857142856,0.914285714285714,0.8857142857142857,2.0,-6.42673521850905,-3.672656775776739,False
435101,"Ningbo Maowei E-commerce Co., Ltd. GA 30519",APS Outdoor,1,388.0,381.0,0.0,387.0,0.0,0.9329896907216494,0.860824742268041,0.8427909689583375,0.6984679240676314,,0.9328165374677001,,,,1.0,7.2164948453608435,9.019872176331189,False
405841,Dongguan Huaxin Lighting and Electrica CA 90023(2),APS Home Improvement,1,387.0,383.0,54.0,293.0,0.13953488372093023,0.7984496124031006,0.7777777777777777,0.9664265937668839,0.9638423611503034,0.9814814814814814,0.7406143344709897,0.9259259259259257,0.9814814814814814,0.9814814814814814,6.0,2.067183462532296,-16.797698136378326,False
53536,BEST MART INC GA 1700,APS,1,386.0,381.0,47.0,311.0,0.12176165803108809,0.7564766839378239,0.8341968911917094,0.8576263176106205,0.5310951886641176,0.9574468085106381,0.7588424437299036,0.8085106382978722,0.9361702127659572,0.7234042553191488,1.0,-7.7720207253885505,-10.11496336727966,False
25948,Napa Home and Garden VA 23606 Chapman,Decor,1,384.0,370.0,3.0,381.0,0.0078125,0.9661458333333335,0.9375,0.9165921827339145,0.9009718379797124,0.6666666666666666,0.9685039370078742,0.6666666666666666,0.6666666666666666,0.6666666666666666,1.0,2.864583333333348,4.955365059941896,False
240137,Farfarview NJ 08822,APS,1,384.0,375.0,1.0,383.0,0.0026041666666666665,0.48177083333333304,0.942708333333333,0.7708476936466497,0.5651314186248909,1.0,0.4804177545691903,1.0,1.0,1.0,1.0,-46.09375,-28.90768603133167,True
362752,AHGLY COMPANY NC 28792,Rugs,1,383.0,326.0,18.0,365.0,0.04699738903394256,0.4595300261096607,0.48302872062663194,0.5081939658794854,0.5004286074460035,0.9444444444444442,0.43561643835616454,0.9444444444444442,1.0,1.0,5.0,-2.3498694516971232,-4.86639397698247,False
146818,"Ningbo Angela Leisure Products Co.,ltd NJ 07305",APS Outdoor,1,380.0,379.0,72.0,299.0,0.18947368421052632,0.7473684210526317,0.8421052631578947,0.9605457064445247,0.9105637966484588,0.5694444444444445,0.7826086956521741,0.8472222222222223,0.9861111111111112,0.9583333333333335,2.0,-9.4736842105263,-21.317728539189307,False
297488,YIGOBUY INC GA 30122,APS,1,380.0,375.0,45.0,271.0,0.11842105263157894,0.7657894736842106,0.8394736842105261,0.8396374470411369,0.5586009566762333,0.7555555555555555,0.8339483394833948,0.8666666666666665,0.9111111111111111,0.7111111111111109,1.0,-7.3684210526315574,-7.384797335692628,False
35836,PTS America INC CA 92374 ,Tabletop,1,379.0,374.0,43.0,323.0,0.11345646437994723,0.4063324538258572,0.799472295514512,0.9236602043012526,0.5509594212016357,0.2790697674418605,0.42414860681114513,0.8604651162790697,1.0,0.3255813953488371,1.0,-39.31398416886548,-51.73277504753955,True
80269,CAN_Costway ON N1C 0A8,APS Outdoor,1,378.0,377.0,0.0,378.0,0.0,0.7486772486772488,0.984126984126984,0.986772486772487,0.9708994708994715,,0.7486772486772488,,,,2.0,-23.544973544973512,-23.809523809523814,True
236498,Oberon Dist,Lighting,1,378.0,371.0,0.0,378.0,0.0,0.8941798941798941,0.896825396825397,0.8544973544973545,0.735449735449736,,0.8941798941798941,,,,1.0,-0.2645502645502895,3.968253968253954,False
231122, TOPCA,APS AEOF,1,377.0,370.0,1.0,370.0,0.002652519893899204,0.7427055702917769,0.8381962864721483,0.8276479181884586,0.6340832724616506,1.0,0.7405405405405402,1.0,1.0,1.0,1.0,-9.549071618037141,-8.494234789668177,False
293792,Doremo Global Corporation CA 92705 ,APS Pet,1,374.0,368.0,0.0,374.0,0.0,0.9893048128342243,0.9171122994652412,0.8957219251336896,0.7727272727272727,,0.9893048128342243,,,,1.0,7.2192513368983136,9.35828877005347,False
153927,YI LIGHTING CA 91744,Lighting,1,374.0,373.0,0.0,374.0,0.0,1.0,0.9572192513368981,0.9010695187165773,0.8395721925133689,,1.0,,,,2.0,4.278074866310188,9.893048128342274,False
244316,HM DV_SWN GA 31326,APS Bedroom,1,373.0,367.0,16.0,325.0,0.04289544235924933,0.6997319034852544,0.8310991957104558,0.8417522531963951,0.46671976524837555,0.875,0.6984615384615381,0.9374999999999999,0.9374999999999999,0.625,1.0,-13.136729222520138,-14.202034971114074,True
98034,Peakhome Furnishings Inc GA30122(2),APS Outdoor,1,372.0,371.0,17.0,320.0,0.0456989247311828,0.7903225806451611,0.889784946236559,0.7500673854447434,0.5055171832884098,1.0,0.7749999999999999,1.0,1.0,1.0,1.0,-9.946236559139788,4.025519520041776,False
301513,Avanti Linens NJ,Storage & Org - Frequency,1,372.0,372.0,0.0,372.0,0.0,0.5403225806451611,0.717741935483871,0.8790322580645158,0.5080645161290328,,0.5403225806451611,,,,1.0,-17.741935483870986,-33.870967741935466,True
149354,"Jela USA, Inc AR 72756",Casegoods,1,370.0,362.0,6.0,364.0,0.016216216216216217,0.5189189189189195,0.8648648648648651,0.7682214194645132,0.17881427964300872,0.3333333333333333,0.5219780219780226,0.8333333333333334,0.5,0.0,1.0,-34.59459459459456,-24.930250054559366,True
274454,HOMARY INTERNATIONAL LIMITED USAT01,APS,1,370.0,361.0,30.0,314.0,0.08108108108108109,0.41621621621621624,0.5648648648648646,0.8328598902553066,0.6410272244473064,0.2666666666666667,0.43630573248407645,0.7333333333333333,1.0,0.7999999999999999,2.0,-14.86486486486484,-41.66436740390903,True
54827,Silks are Forever PA 19006,Decor,1,369.0,365.0,90.0,262.0,0.24390243902439024,0.9593495934959351,0.86449864498645,0.9352504444212066,0.8730314754784063,1.0,0.9427480916030536,0.877777777777778,1.0,0.9555555555555556,1.0,9.485094850948506,2.409914907472843,False
23703,Laural Home NC 28792,Soft Home,1,369.0,353.0,13.0,352.0,0.03523035230352303,0.7154471544715441,0.750677506775068,0.9459181045583311,0.9432140097862474,0.6153846153846154,0.7187499999999993,0.7692307692307693,1.0,1.0,6.0,-3.5230352303523893,-23.04709500867871,False
433585,shenzhenshixidekekejiyouxiangongsi GA 31408,APS Upholstery,1,366.0,353.0,15.0,251.0,0.040983606557377046,0.6639344262295082,0.7267759562841526,0.6680812162116406,0.3389501484148391,0.6000000000000001,0.6095617529880477,0.7999999999999999,0.7333333333333333,0.13333333333333336,1.0,-6.284153005464443,-0.41467899821324705,False
125840,Shenzhenshixiangdeyizhangkejiyouxian NJ 08873,APS,1,364.0,360.0,1.0,363.0,0.0027472527472527475,0.7912087912087915,0.9615384615384619,0.8928604224058768,0.7197887970615244,1.0,0.7906336088154273,1.0,1.0,1.0,1.0,-17.03296703296704,-10.16516311970853,True
31745,Comfort Research TN 37901,Upholstery,1,364.0,355.0,0.0,362.0,0.0,0.7664835164835165,0.6978021978021983,0.9011127538712944,0.8242004513267449,,0.7651933701657458,,,,2.0,6.8681318681318215,-13.462923738777787,False
331386,jiu jiang bao ku dian zi shang wu you xian gong si_1 FL 34108,Wayfair,1,364.0,358.0,69.0,288.0,0.18956043956043955,0.8873626373626371,0.846153846153846,0.8850093109869644,0.78072625698324,0.9275362318840578,0.8749999999999996,0.9130434782608695,0.9855072463768116,0.8985507246376809,1.0,4.120879120879106,0.23533263756726486,False
293214,CIAO JING INC CA 92879 ,Upholstery,1,363.0,363.0,0.0,140.0,0.0,0.7961432506887053,0.8870523415977958,0.7079889807162535,0.5426997245179065,,0.6071428571428572,,,,1.0,-9.090909090909049,8.81542699724518,False
313553,Shenzhen Litian Technology CA 92508,APS,1,363.0,355.0,11.0,333.0,0.030303030303030304,0.8539944903581264,0.8980716253443526,0.8707186059298729,0.6749143509706892,0.8181818181818182,0.8558558558558556,0.9090909090909091,0.9090909090909091,0.6363636363636364,1.0,-4.407713498622623,-1.6724115571746578,False
302646,"Shenzhen Kaisinuo Technology Co., LTD. CA 92570 ",APS Mattresses,1,361.0,355.0,0.0,361.0,0.0,0.698060941828255,0.5983379501385038,0.8337950138504154,0.5069252077562323,,0.698060941828255,,,,1.0,9.972299168975118,-13.573407202216048,False
330862,CAN_Best Office Inc. ON L5R 0H3,CA Casegoods,1,361.0,359.0,0.0,361.0,0.0,0.7922437673130196,0.9612188365650963,0.9639889196675895,0.9085872576177283,,0.7922437673130196,,,,2.0,-16.897506925207672,-17.174515235456987,True
365185,Central Power International Limited LLC CA 92410,APS K&D,1,361.0,356.0,60.0,161.0,0.16620498614958448,0.8199445983379502,0.8919667590027701,0.7224858678205036,0.5812338613999581,0.8333333333333335,0.7763975155279504,0.8999999999999999,0.7499999999999999,0.5166666666666666,1.0,-7.202216066481992,9.745873051744658,False
285741,Maxaya LLC MI 49010,Casegoods,1,361.0,347.0,0.0,361.0,0.0,0.8698060941828256,0.864265927977839,0.8587257617728532,0.7894736842105264,,0.8698060941828256,,,,1.0,0.5540166204986652,1.1080332409972415,False
284931,General Sherman International Inc. GA 31302,APS,1,360.0,358.0,35.0,215.0,0.09722222222222222,0.6277777777777778,0.9277777777777775,0.6946354541911252,0.38892839004570845,0.6285714285714284,0.6511627906976745,0.9714285714285714,0.7142857142857144,0.3428571428571428,1.0,-29.99999999999997,-6.685767641334738,True
198822,IDEA CREATORS & DESIGNERS PTE. LTD. CO 80501,Decor,1,360.0,352.0,9.0,315.0,0.025,0.46388888888888913,0.897222222222222,0.9029491341991341,0.8475739538239538,0.0,0.4476190476190479,0.8888888888888888,0.7777777777777778,0.7777777777777778,2.0,-43.33333333333329,-43.9060245310245,True
219192,Emson USA CT 06450 (Fosdick CT),Kitchen & Small Electrics,1,360.0,357.0,33.0,316.0,0.09166666666666666,0.7972222222222223,0.8777777777777778,0.9694536042265011,0.9084139985107963,0.6060606060606062,0.8164556962025317,0.8181818181818182,0.9696969696969696,0.9696969696969696,4.0,-8.05555555555555,-17.22313820042788,False
301444,Azar PA,Storage & Org,1,359.0,350.0,21.0,337.0,0.0584958217270195,0.7019498607242339,0.8384401114206131,0.7773802458668926,0.554607884696905,0.8095238095238093,0.6973293768545993,0.9047619047619045,0.9047619047619045,0.7619047619047619,1.0,-13.649025069637922,-7.543038514265865,True
249783,BeatiNeon Irvine Warehouse,Lighting,1,356.0,351.0,102.0,241.0,0.28651685393258425,0.6797752808988764,0.8848314606741573,0.8599732832097978,0.45409086072986476,0.6862745098039215,0.6887966804979253,0.9509803921568625,0.9313725490196079,0.303921568627451,1.0,-20.50561797752809,-18.01980023109214,True
321299,hangzhousanchunjiafangyouxiangongsi CA 91710,Wayfair,1,355.0,352.0,118.0,189.0,0.3323943661971831,0.8732394366197183,0.8816901408450705,0.8733766233766231,0.7294823232323234,0.8389830508474577,0.9047619047619048,0.8728813559322035,0.8983050847457624,0.7118644067796611,1.0,-0.8450704225352212,-0.013718675690488347,False
89103,CHF Industries Inc. SC,Soft Home,1,353.0,353.0,0.0,353.0,0.0,0.9886685552407932,0.8640226628895186,0.8781869688385263,0.7365439093484419,,0.9886685552407932,,,,1.0,12.464589235127466,11.04815864022669,False
111917,eRocket LLC TX 75220,Rugs,1,352.0,351.0,0.0,352.0,0.0,0.7045454545454545,0.8068181818181815,0.8977272727272728,0.6164772727272724,,0.7045454545454545,,,,1.0,-10.227272727272707,-19.318181818181834,True
339433,"Anji Younike Furniture Co.,Ltd GA 30518",APS K&D,1,352.0,346.0,20.0,318.0,0.056818181818181816,0.5369318181818181,0.8806818181818173,0.7897807830733993,0.5284109499400154,0.7499999999999998,0.5345911949685533,0.8499999999999999,0.7999999999999998,0.65,1.0,-34.37499999999992,-25.284896489158115,True
252104,OKD  PRO-1,APS,1,352.0,342.0,4.0,308.0,0.011363636363636364,0.735795454545455,0.8892045454545453,0.7443419153945474,0.4029581529581529,0.75,0.8019480519480525,1.0,1.0,0.75,1.0,-15.340909090909028,-0.8546460849092385,True
14488,WBM LLC,Lighting,1,352.0,333.0,55.0,285.0,0.15625,0.6306818181818182,0.8409090909090909,0.7873873873873873,0.5315315315315315,0.5818181818181817,0.6280701754385966,0.7454545454545451,0.7818181818181816,0.4909090909090908,1.0,-21.02272727272727,-15.67055692055691,True
41705,ACG Green NC 28655,Upholstery,1,351.0,346.0,35.0,312.0,0.09971509971509972,0.8974358974358971,0.905982905982906,0.9146779521056974,0.8522549704630631,0.6857142857142856,0.9262820512820509,0.857142857142857,0.8857142857142857,0.7714285714285714,2.0,-0.854700854700885,-1.7242054669800222,False
328298,"Freestyle Outdoor Living Co., Ltd CA 91761 (3)",APS Outdoor,1,351.0,350.0,1.0,348.0,0.002849002849002849,0.7549857549857549,0.8803418803418799,0.8034236453201964,0.4472988505747125,1.0,0.7528735632183908,1.0,1.0,1.0,1.0,-12.535612535612495,-4.843789033444146,True
216252,Home City Inc. TX 77029,Soft Home,1,351.0,349.0,0.0,349.0,0.0,0.9088319088319087,0.903133903133903,0.9173816306926879,0.7663894385103571,,0.9083094555873924,,,,1.0,0.5698005698005715,-0.854972186077918,False
483290,"Coyuchi, Inc. KY 41094","PG Bedding, Bath & Window",1,350.0,349.0,31.0,313.0,0.08857142857142856,0.9399999999999998,0.9657142857142855,0.8714721202522953,0.7971841042870087,0.9677419354838709,0.9361022364217251,0.9677419354838709,1.0,0.9032258064516127,1.0,-2.571428571428569,6.852787974770457,False
335207,shenzhenshibeilailidianqiyouxiangongsi GA 31405,Wayfair,1,350.0,347.0,4.0,301.0,0.011428571428571429,0.6400000000000001,0.6742857142857143,0.7281779275613469,0.36851225980640917,0.75,0.6611295681063124,1.0,1.0,0.75,1.0,-3.428571428571414,-8.81779275613468,False
306366,SWEET NIGHT TECHNOLOGY INC. GA 31326,APS Mattresses,1,350.0,348.0,22.0,247.0,0.06285714285714286,0.7485714285714284,0.8285714285714283,0.7998743543208151,0.565452091767881,0.6818181818181819,0.7935222672064774,0.9545454545454544,0.9545454545454544,0.5454545454545455,1.0,-7.999999999999985,-5.130292574938666,False
199612,XIAMEN XINTIANDA CORPORATION NJ 07305,APS Mattresses,1,349.0,344.0,33.0,314.0,0.09455587392550144,0.6361031518624647,0.8739255014326648,0.8912013035105911,0.5439471930084434,0.3636363636363637,0.6656050955414018,0.6969696969696969,0.9393939393939394,0.2424242424242425,1.0,-23.78223495702001,-25.509815164812643,True
25636,Crestview Collection TN,Casegoods,1,349.0,347.0,0.0,349.0,0.0,0.9971346704871064,0.9025787965616048,0.9484240687679082,0.8309455587392541,,0.9971346704871064,,,,1.0,9.455587392550157,4.871060171919817,False
318931,Vanten LLC CA 92335,APS,1,347.0,342.0,0.0,347.0,0.0,0.7492795389048992,0.8703170028818439,0.8299711815561964,0.6368876080691643,,0.7492795389048992,,,,1.0,-12.10374639769447,-8.069164265129725,True
22490,Great American Rain Barrel,Outdoor Structures,1,347.0,346.0,10.0,336.0,0.02881844380403458,0.7953890489913543,0.6887608069164266,0.9740658546655665,0.9481317093311309,1.0,0.788690476190476,0.7999999999999999,1.0,1.0,3.0,10.662824207492772,-17.867680567421218,False
146558,"Zhejiang Kangfu Import  Export Co.,ltd NJ 07305",APS Outdoor,1,346.0,340.0,38.0,296.0,0.10982658959537572,0.8265895953757231,0.8497109826589594,0.8443362480127186,0.6913751987281396,0.9736842105263158,0.8006756756756762,0.8947368421052629,0.9736842105263158,0.8684210526315785,1.0,-2.3121387283236317,-1.7746652636995486,False
110715,HERVEY TEDROW LLC CA 91748,APS Mattresses,1,345.0,336.0,0.0,345.0,0.0,0.6086956521739129,0.7884057971014494,0.7478260869565215,0.530434782608696,,0.6086956521739129,,,,1.0,-17.971014492753657,-13.913043478260867,True
64610,"A&B Home Group, Inc CA 95776",Decor,1,344.0,337.0,0.0,344.0,0.0,0.9941860465116281,0.9651162790697678,0.9273255813953487,0.8575581395348838,,0.9941860465116281,,,,1.0,2.9069767441860295,6.686046511627941,False
38395,Cosmo Products CA 91710(2),Appliances,1,341.0,335.0,55.0,273.0,0.16129032258064516,0.6891495601173021,0.7536656891495603,0.7857853589196875,0.5423760319282703,0.5272727272727271,0.728937728937729,0.5999999999999999,0.7272727272727273,0.4909090909090906,1.0,-6.451612903225823,-9.663579880238537,False
149352,Marietta Inc GA 30518,APS,1,340.0,334.0,0.0,339.0,0.0,0.623529411764706,0.7441176470588237,0.8794181548407605,0.5087965661597158,,0.6253687315634219,,,,1.0,-12.058823529411766,-25.588874307605447,True
287667,Rugpadusa AL 35406,Rugs,1,340.0,338.0,0.0,340.0,0.0,0.9676470588235294,0.952941176470589,0.9647058823529415,0.8500000000000001,,0.9676470588235294,,,,1.0,1.4705882352940458,0.2941176470587892,False
324795,Shenzhen Like Keji Youxiangongsi PA 18064,APS Bedroom,1,340.0,338.0,4.0,320.0,0.011764705882352941,0.9058823529411759,0.902941176470588,0.6853735207100592,0.47651627218934905,1.0,0.9093749999999995,1.0,1.0,1.0,1.0,0.2941176470587892,22.050883223111672,False
409504,WuYouDa-CA-06-NBYY,APS Home Improvement,1,340.0,338.0,10.0,185.0,0.029411764705882353,0.7764705882352941,0.8676470588235294,0.6479449864065248,0.3357428434351511,0.5,0.6864864864864867,0.9,0.9,0.7999999999999999,1.0,-9.11764705882353,12.852560182876937,False
444505,Trimlite LLC WA 98371(2),Hardware,1,338.0,335.0,75.0,256.0,0.22189349112426035,0.7810650887573967,0.9349112426035503,0.9554687499999999,0.9110074626865672,0.666666666666667,0.8164062500000001,0.8933333333333333,0.9199999999999998,0.8400000000000001,2.0,-15.384615384615364,-17.440366124260322,True
340560,Hangzhou Yingpan Network Technology Co. CA 92508,APS Bedroom,1,337.0,336.0,0.0,335.0,0.0,0.8011869436201775,0.8397626112759645,0.8516257995735608,0.6765547263681595,,0.8029850746268652,,,,1.0,-3.8575667655787016,-5.043885595338327,False
495246,NoJo CA 90220,Youth Furniture & Decor,1,337.0,324.0,0.0,337.0,0.0,0.5370919881305634,0.8783382789317504,0.916913946587537,0.6765578635014841,,0.5370919881305634,,,,1.0,-34.12462908011871,-37.98219584569736,True
174224,Inter-Continental Mercantile NY 12919,Tabletop,1,337.0,330.0,49.0,279.0,0.14540059347181009,0.34718100890207726,0.7922848664688429,0.8905398066688387,0.8016074725752147,0.6326530612244899,0.29032258064516137,0.9387755102040817,0.9591836734693877,0.877551020408163,2.0,-44.51038575667656,-54.335879776676144,True
32884,John Ritzenthaler Company,Tabletop,1,336.0,331.0,0.0,336.0,0.0,0.9642857142857143,0.9642857142857144,0.9523809523809526,0.7738095238095231,,0.9642857142857143,,,,1.0,-1.1102230246251565e-14,1.1904761904761751,False
268474,FAVICLA CORP chino,Decor,1,333.0,293.0,0.0,332.0,0.0,0.7597597597597604,0.6516516516516516,0.7778691558041041,0.7208355606727246,,0.7590361445783139,,,,1.0,10.810810810810878,-1.8109396044343695,False
351131,"Shenzhen Laiwo Trading Co., Ltd. CA 91761 (2)",APS K&D,1,333.0,329.0,11.0,315.0,0.03303303303303303,0.798798798798799,0.8438438438438435,0.7808944854537562,0.6068413180875193,1.0,0.7904761904761907,1.0,1.0,1.0,1.0,-4.504504504504448,1.7904313345042833,False
401171,Leafy Bliss Inc CA 92324,APS Upholstery,1,332.0,324.0,1.0,331.0,0.0030120481927710845,0.9789156626506029,0.9397590361445783,0.906344410876133,0.773413897280967,0.0,0.9818731117824778,1.0,0.0,0.0,1.0,3.9156626506024583,7.257125177446988,False
14370,Home Concept Inc.,Lighting,1,331.0,329.0,1.0,330.0,0.0030211480362537764,0.9818731117824778,0.9456193353474321,0.9456203371096985,0.8942617666021924,1.0,0.9818181818181824,1.0,1.0,1.0,1.0,3.625377643504568,3.625277467277932,False
239106,OKD-EOS-NJ-1IND,APS,1,330.0,327.0,26.0,295.0,0.07878787878787878,0.7181818181818181,0.8151515151515152,0.7396465039133369,0.44281345565749247,0.9615384615384615,0.6915254237288134,0.9615384615384616,1.0,0.8076923076923076,1.0,-9.696969696969704,-2.146468573151872,False
327389,Tmekeeper INC. TX 77064,APS Bedroom,1,329.0,328.0,22.0,295.0,0.0668693009118541,0.5805471124620062,0.772036474164134,0.8935510541546097,0.5500930136420012,0.4090909090909091,0.5932203389830509,0.590909090909091,0.7272727272727272,0.36363636363636365,1.0,-19.14893617021278,-31.300394169260347,True
240203,Shenzhenshi xiangdeyizhang keji youxian NJ 08822,APS,1,329.0,317.0,0.0,329.0,0.0,0.2735562310030398,0.9240121580547113,0.6838905775075983,0.4984802431610941,,0.2735562310030398,,,,2.0,-65.04559270516714,-41.03343465045585,True
413561,Shinerich International CA 91761(2),Decor,1,326.0,323.0,61.0,244.0,0.18711656441717792,0.5429447852760736,0.8558282208588958,0.6356519311779929,0.3837613561386591,0.4590163934426229,0.5614754098360656,0.8524590163934425,0.8360655737704918,0.4918032786885246,1.0,-31.288343558282218,-9.27071459019193,True
289406,Soluwa LLC PA 18015,APS Outdoor,1,325.0,325.0,1.0,324.0,0.003076923076923077,0.5846153846153851,0.8123076923076928,0.8061538461538463,0.48923076923076897,1.0,0.5833333333333338,1.0,1.0,1.0,1.0,-22.769230769230774,-22.153846153846125,True
41278,Roundhill Furniture OH,Casegoods,1,325.0,319.0,0.0,325.0,0.0,0.9876923076923076,0.9292307692307692,0.8492307692307688,0.6738461538461542,,0.9876923076923076,,,,1.0,5.846153846153845,13.846153846153886,False
301292,"Shenzhen Litian Technology Co., Ltd GA 31326",APS,1,325.0,319.0,44.0,237.0,0.13538461538461538,0.5169230769230773,0.7538461538461543,0.6766410183338083,0.3567526180418526,0.5,0.5316455696202536,0.8181818181818183,0.8181818181818185,0.6136363636363638,1.0,-23.6923076923077,-15.971794141073104,True
197674,Amisco NY 12919,Casegoods,1,325.0,325.0,55.0,112.0,0.16923076923076924,0.003076923076923076,0.7507692307692306,0.7415384615384616,0.5938461538461538,0.0,0.0,0.8545454545454545,0.7636363636363636,0.6181818181818183,4.0,-74.76923076923076,-73.84615384615385,True
465210,CAN_Hangzhou Skytech Outdoor Co LTD ON L9E 2J3,Outdoor Furniture,1,324.0,323.0,0.0,324.0,0.0,0.9876543209876543,0.9629629629629628,0.9290123456790129,0.820987654320988,,0.9876543209876543,,,,1.0,2.4691358024691468,5.864197530864135,False
108569,"HANGZHOU DUVET TEXTILE CO., LTD. CA 91789",APS Mattresses,1,323.0,318.0,2.0,299.0,0.006191950464396285,0.7832817337461296,0.8916408668730649,0.9207368376769526,0.7066584632212202,0.0,0.77257525083612,0.5,0.5,0.5,1.0,-10.835913312693524,-13.745510393082295,True
54257,XSL INC CA 92880 Wayfair,APS Upholstery,1,323.0,323.0,2.0,297.0,0.006191950464396285,0.8235294117647058,0.8297213622291019,0.7801857585139325,0.4582043343653251,1.0,0.8148148148148148,0.5,1.0,0.5,1.0,-0.6191950464396023,4.334365325077338,False
302155,"Shenzhen Laiwo Trading Co., Ltd. PA 18064",APS,1,322.0,321.0,5.0,277.0,0.015527950310559006,0.7763975155279506,0.8447204968944094,0.7826174972165051,0.5683165199005816,0.2,0.8086642599277981,0.6,0.8,0.6,1.0,-6.832298136645887,-0.6219981688554532,False
468908,Edenic Covenant Group CA 92627,Decor,1,321.0,318.0,61.0,251.0,0.19003115264797507,0.8099688473520246,0.9190031152647977,0.9594953519256306,0.9563882833446093,0.5573770491803282,0.8685258964143422,0.885245901639344,0.9508196721311475,0.9508196721311475,6.0,-10.903426791277315,-14.952650457360605,True
70578,Solo Rugs GA 30720,PG Rugs,1,321.0,321.0,59.0,250.0,0.1838006230529595,0.5794392523364488,0.9314641744548284,0.9096573208722744,0.542056074766355,0.6271186440677964,0.5680000000000003,0.9322033898305081,0.9322033898305081,0.6271186440677964,1.0,-35.20249221183796,-33.02180685358256,True
57866,Suncast IL 60185,Outdoor Structures,1,321.0,320.0,0.0,321.0,0.0,0.8099688473520248,0.8785046728971966,0.8971962616822429,0.7165109034267914,,0.8099688473520248,,,,1.0,-6.853582554517179,-8.722741433021808,False
246470,KS-US Factory,Wayfair,1,320.0,318.0,21.0,295.0,0.065625,0.7843750000000004,0.8062499999999998,0.8968873254450488,0.6938066304231961,0.8095238095238093,0.7830508474576275,0.857142857142857,0.9523809523809523,0.8095238095238093,1.0,-2.1874999999999423,-11.251232544504841,False
100337,Ningbo Jiangdong Peter International CA 91761(2),APS Outdoor,1,320.0,316.0,40.0,252.0,0.125,0.7281250000000001,0.8812499999999996,0.772101667671288,0.5938818565400842,0.7249999999999999,0.7460317460317462,0.875,0.7999999999999999,0.6,1.0,-15.31249999999995,-4.397666767128783,True
265604,"Best Cheer Stone, Inc._1 CA 92806",APS Home Improvement,1,319.0,314.0,59.0,229.0,0.18495297805642633,0.8495297805642631,0.8746081504702191,0.9374878313353543,0.7234305899368622,0.711864406779661,0.9082969432314408,0.9152542372881356,0.983050847457627,0.593220338983051,1.0,-2.507836990595602,-8.79580507710912,False
231932,PHARO DEALS NY INC NY 12518,Recreation,1,319.0,317.0,51.0,238.0,0.15987460815047022,0.9717868338557993,0.9843260188087775,0.749648755401214,0.6430294515282454,0.980392156862745,0.9705882352941178,0.980392156862745,0.9411764705882351,0.8235294117647058,1.0,-1.2539184952978122,22.213807845458533,False
441898,NANPING ZHONGLEI JIAJUYONGPIN YOUXIANGONGSI NJ 08016,APS K&D,1,319.0,317.0,7.0,305.0,0.0219435736677116,0.6363636363636361,0.83385579937304,0.818172415576356,0.5172363862026167,0.5714285714285714,0.6360655737704916,1.0,0.8571428571428571,0.5714285714285714,1.0,-19.749216300940386,-18.180877921271986,True
51618,Gorilla Playsets GA 30114 WH2,Recreation,1,318.0,314.0,42.0,191.0,0.1320754716981132,0.9748427672955975,0.7704402515723271,0.9875279287691333,0.9875279287691333,0.9761904761904762,0.9633507853403143,0.7857142857142859,1.0,1.0,9.0,20.44025157232704,-1.2685161473535822,False
221597,DV_West,APS,1,317.0,308.0,13.0,289.0,0.04100946372239748,0.722397476340694,0.7602523659305996,0.8772188019592858,0.5741248371006157,0.7692307692307693,0.7231833910034601,0.6923076923076923,1.0,0.6923076923076923,1.0,-3.7854889589905683,-15.482132561859185,False
31011,8 Oak Lane,Decor,1,316.0,292.0,0.0,316.0,0.0,0.4050632911392406,0.7215189873417721,0.7626582278481017,0.370253164556962,,0.4050632911392406,,,,1.0,-31.64556962025315,-35.75949367088611,True
92913,Lanqinglv-CA09,APS,1,315.0,311.0,68.0,211.0,0.21587301587301588,0.6666666666666669,0.777777777777778,0.7462397708050776,0.5741911887962696,0.4411764705882354,0.7867298578199055,0.6617647058823533,0.8088235294117648,0.5147058823529413,1.0,-11.111111111111116,-7.957310413841078,True
282299,Chew Street PA 19120,Plumbing,1,315.0,312.0,0.0,315.0,0.0,0.9841269841269841,0.8761904761904756,0.9015873015873017,0.7682539682539682,,0.9841269841269841,,,,1.0,10.793650793650844,8.253968253968235,False
236558,PA LEGE,APS,1,315.0,307.0,3.0,294.0,0.009523809523809525,0.45396825396825397,0.7492063492063493,0.812603868909127,0.4281282545591525,0.3333333333333333,0.46598639455782315,1.0,1.0,0.3333333333333333,1.0,-29.523809523809536,-35.8635614940873,True
31903,Brooklyn Bedding AZ,Mattress,1,314.0,306.0,14.0,300.0,0.044585987261146494,0.8248407643312102,0.8949044585987258,0.882309368191721,0.8600435729847493,1.0,0.8166666666666668,1.0,1.0,1.0,1.0,-7.006369426751558,-5.746860386051078,False
74224,VECELO NJ 08007,APS Bedroom,1,314.0,303.0,2.0,312.0,0.006369426751592357,0.907643312101911,0.9585987261146494,0.828065498857578,0.6942223068460696,1.0,0.9070512820512823,1.0,1.0,0.5,1.0,-5.09554140127384,7.9577813244332996,False
462269,Yantai Nanmudianzikeji Youxiangongsi CAN ON L0P 1E0,APS Rugs,1,313.0,312.0,0.0,313.0,0.0,0.9233226837060703,0.9616613418530353,0.9584664536741213,0.8178913738019168,,0.9233226837060703,,,,1.0,-3.833865814696502,-3.514376996805102,False
451425,zhongshanshixuanyudengshiyouxiangongsi CA 91730,APS Home Improvement,1,312.0,303.0,48.0,253.0,0.15384615384615385,0.7980769230769228,0.9326923076923083,0.888127943229105,0.7184935884892839,0.8124999999999999,0.8063241106719364,0.9166666666666669,0.9583333333333334,0.7916666666666666,1.0,-13.461538461538547,-9.005102015218224,True
248468,ganzhouningsupeidianzishangwuyouxiangongsi CA 91762,Wayfair,1,312.0,303.0,19.0,283.0,0.060897435897435896,0.5737179487179489,0.8461538461538461,0.8366161704509675,0.576951334709443,0.42105263157894735,0.5865724381625443,0.736842105263158,0.8421052631578946,0.5263157894736842,1.0,-27.243589743589723,-26.289822173301857,True
96245,Vanten LLC CA 92880,APS,1,312.0,311.0,16.0,295.0,0.05128205128205128,0.9967948717948718,0.9070512820512815,0.8557850564063436,0.8237397133358759,0.9374999999999999,1.0,0.9374999999999999,0.9374999999999999,0.9374999999999999,1.0,8.974358974359031,14.10098153885282,False
229183,Hebei Xiong an Aibike Technology Co Ltd TX1,APS K&D,1,312.0,308.0,3.0,296.0,0.009615384615384616,0.6217948717948719,0.842948717948718,0.7467532467532466,0.3910582660582663,1.0,0.6081081081081082,0.6666666666666666,0.6666666666666666,0.3333333333333333,1.0,-22.115384615384603,-12.49583749583747,True
375876,"Shenzhenshi Meijiajia Technology Co., Ltd GA 31308",APS Home Improvement,1,311.0,310.0,40.0,238.0,0.12861736334405144,0.7491961414790995,0.8488745980707395,0.7621035510978587,0.5080780699376523,0.8249999999999996,0.7436974789915964,0.7499999999999998,0.7499999999999998,0.5500000000000002,1.0,-9.967845659163999,-1.2907409618759136,False
403177,Vista Alegre NJ 07058,PG Housewares,1,310.0,294.0,33.0,276.0,0.1064516129032258,0.8612903225806448,0.8354838709677421,0.8586217095533865,0.7709257616089911,0.8181818181818182,0.8659420289855069,0.8484848484848484,0.9393939393939394,0.7575757575757576,1.0,2.5806451612902626,0.2668613027258293,False
10839,Ben Kaufman Sales Co,Soft Home,1,308.0,303.0,0.0,308.0,0.0,0.717532467532468,0.7629870129870127,0.87012987012987,0.6201298701298694,,0.717532467532468,,,,1.0,-4.545454545454463,-15.259740259740195,False
316881,Walraime Inc. NJ 08611,APS,1,308.0,306.0,3.0,304.0,0.00974025974025974,0.9675324675324674,0.9123376623376623,0.8409227726178188,0.6688596491228068,1.0,0.9671052631578946,1.0,1.0,1.0,1.0,5.519480519480502,12.660969491464858,False
268988,西邮 WPNJ7,APS Outdoor,1,308.0,302.0,10.0,282.0,0.032467532467532464,0.9025974025974024,0.8798701298701299,0.7726504156685918,0.6814851345639003,0.8,0.9148936170212764,0.8,0.9,0.7,1.0,2.2727272727272485,12.994698692881057,False
82757,Pash Corp PA 17406,Decor,1,307.0,306.0,0.0,307.0,0.0,0.9609120521172635,0.9381107491856676,0.9804560260586321,0.9641693811074916,,0.9609120521172635,,,,2.0,2.280130293159588,-1.9543973941368642,False
46324,C&T International NJ 07647,Youth Furniture & Decor,1,307.0,305.0,0.0,307.0,0.0,0.8697068403908791,0.895765472312703,0.8957654723127041,0.6221498371335505,,0.8697068403908791,,,,2.0,-2.6058631921823894,-2.6058631921825004,False
211645,"Tempur Production USA, LLC AZ 85043",Mattress,1,306.0,285.0,0.0,306.0,0.0,0.9281045751633993,0.8986928104575165,0.9248366013071891,0.9052287581699344,,0.9281045751633993,,,,1.0,2.9411764705882804,0.3267973856210138,False
74102,Foshan Sanying Lighting Limited CA 92841,APS Home Improvement,1,306.0,305.0,0.0,305.0,0.0,0.9836601307189544,0.9281045751633987,0.9313625369524317,0.8692717011556034,,0.9868852459016395,,,,1.0,5.55555555555557,5.229759376652277,False
449179,Hangzhou Jinyi Ecommerce CoLtd CA 92337,APS AEOF,1,306.0,302.0,0.0,306.0,0.0,0.9705882352941174,0.8921568627450981,0.9150326797385622,0.8366013071895421,,0.9705882352941174,,,,1.0,7.843137254901933,5.555555555555525,False
494224,JB SOUTHERN CONTRACTORS LLC CA 91746,Decor,1,305.0,300.0,0.0,305.0,0.0,0.8819672131147539,0.8721311475409836,0.8819672131147538,0.7704918032786882,,0.8819672131147539,,,,1.0,0.9836065573770258,1.1102230246251565e-14,False
96004,willwolfer inc CA 90040,Decor,1,305.0,302.0,41.0,246.0,0.13442622950819672,0.6163934426229507,0.8885245901639345,0.7802455176869648,0.5571393958972702,0.5853658536585367,0.6341463414634145,0.9268292682926828,0.8048780487804879,0.5121951219512196,1.0,-27.213114754098378,-16.38520750640141,True
48740,CAN_GE Appliances Canada ON N3S 7Y3 Finish,CA Home Improvement,1,304.0,299.0,0.0,304.0,0.0,0.7664473684210524,0.8256578947368419,0.80921052631579,0.6940789473684212,,0.7664473684210524,,,,1.0,-5.921052631578949,-4.276315789473761,False
267930,  WPLA4-WPLA17.,Wayfair,1,303.0,297.0,32.0,129.0,0.10561056105610561,0.8052805280528053,0.8514851485148515,0.8494695222627208,0.6611004603002603,0.8749999999999998,0.7364341085271316,0.9062499999999998,1.0,0.75,1.0,-4.62046204620462,-4.418899420991551,False
275079,Olivers Labels CBP NY 14305,Decor,1,303.0,300.0,22.0,281.0,0.07260726072607261,0.7194719471947195,0.914191419141914,0.8811743772241992,0.6863582443653614,0.5909090909090909,0.7295373665480428,0.9545454545454546,0.8636363636363634,0.5454545454545454,1.0,-19.47194719471945,-16.17024300294797,True
152400,Ricardo Trading PA,Soft Home,1,302.0,296.0,0.0,302.0,0.0,0.9834437086092717,0.8377483443708614,0.9735099337748346,0.9569536423841061,,0.9834437086092717,,,,2.0,14.569536423841022,0.9933774834437026,False
478834,Minka/Minka Lavery GA 31302,Lighting,1,301.0,294.0,16.0,278.0,0.053156146179401995,0.46179401993355484,0.7906976744186045,0.7308275828316936,0.5048451035090292,0.6875,0.4496402877697841,0.6875,0.8124999999999999,0.49999999999999994,1.0,-32.890365448504966,-26.903356289813875,True
112453,terby inc CA 91708,Lighting,1,301.0,296.0,1.0,300.0,0.0033222591362126247,0.8837209302325584,0.9401993355481721,0.8970157657657657,0.7973536036036036,0.0,0.8866666666666668,1.0,1.0,1.0,1.0,-5.647840531561377,-1.3294835533207316,False
3975,ET2 CA- 91746,Lighting,1,301.0,285.0,0.0,227.0,0.0,0.6445182724252495,0.9601328903654484,0.8853543550506221,0.8233866604838084,,0.8061674008810576,,,,1.0,-31.561461794019884,-24.08360826253726,True
357522,Hudson and Canal SC 29360,Casegoods,1,301.0,295.0,0.0,292.0,0.0,0.5182724252491694,0.614617940199336,0.7437891804039934,0.47146505688414236,,0.5342465753424657,,,,1.0,-9.634551495016662,-22.551675515482405,False
12887,Lifetime OH 43228,Outdoor Structures,1,301.0,283.0,22.0,219.0,0.07308970099667775,0.5614617940199338,0.5215946843853823,0.35854268518966725,0.2575668099749614,0.4090909090909091,0.5844748858447492,0.36363636363636365,0.22727272727272727,0.0909090909090909,1.0,3.9867109634551534,20.291910883026652,False
45192,"New Tech Wood America, Inc. TX 77032",Flooring,1,301.0,290.0,10.0,289.0,0.03322259136212625,0.3521594684385382,0.7375415282392026,0.6144374179692159,0.3320964085431333,0.4,0.3460207612456747,0.4,0.4,0.10000000000000002,1.0,-38.538205980066444,-26.22779495306777,True
48833,Superior Performance Inc. NY 10918,Storage & Org - Frequency,1,300.0,295.0,2.0,297.0,0.006666666666666667,0.9133333333333337,0.8666666666666668,0.916680933630086,0.803367003367004,1.0,0.9124579124579129,1.0,1.0,1.0,4.0,4.666666666666686,-0.33476002967522955,False
363199,XING KE OR 97007,Wayfair,1,300.0,294.0,31.0,260.0,0.10333333333333333,0.6166666666666668,0.8166666666666668,0.8471480900052327,0.8072736787022499,1.0,0.5576923076923078,1.0,1.0,1.0,4.0,-19.999999999999996,-23.048142333856593,True
438185,LUMINOUS STREAM LLC CA 92376,Wayfair,1,300.0,291.0,0.0,268.0,0.0,0.9166666666666665,0.7800000000000001,0.8062265989639428,0.7362542955326461,,0.9067164179104475,,,,1.0,13.666666666666638,11.044006770272375,False
57273,Unicorn Tile Corp,Flooring,1,299.0,284.0,18.0,276.0,0.06020066889632107,0.7658862876254182,0.6856187290969903,0.6868110838946723,0.6161206368646662,1.0,0.7536231884057973,0.9444444444444442,1.0,0.8333333333333331,1.0,8.026755852842793,7.907520373074595,False
371179,Rug Tycoon CA 92154,Rugs,1,299.0,223.0,1.0,117.0,0.0033444816053511705,0.20735785953177246,0.20066889632107018,0.25071472117033644,0.25071472117033644,1.0,0.13675213675213677,1.0,1.0,1.0,6.0,0.6688963210702281,-4.335686163856398,False
432815,"Hangzhou Tingyun International Trading Co., Ltd. CA 92571",Wayfair,1,299.0,295.0,0.0,297.0,0.0,0.7959866220735786,0.8361204013377922,0.9297722992638241,0.7558751355361528,,0.7946127946127947,,,,1.0,-4.013377926421358,-13.378567719024549,False
272690, LG-W01,Outdoor Structures,1,298.0,297.0,36.0,235.0,0.12080536912751678,0.9026845637583892,0.8523489932885904,0.8893473744537573,0.8423526040547316,0.8055555555555555,0.9446808510638298,0.8055555555555556,1.0,0.9166666666666666,1.0,5.033557046979887,1.3337189304631902,False
441822,"Hangzhou Loutu Trading Co., Limited CA 91730",APS Soft Home,1,298.0,288.0,51.0,230.0,0.17114093959731544,0.8221476510067115,0.8020134228187918,0.8291062801932368,0.7219202898550723,0.8823529411764701,0.8000000000000003,0.7058823529411765,0.8235294117647057,0.7254901960784312,1.0,2.0134228187919656,-0.6958629186525345,False
245650,"Powered by People, Corp GA 30606",Wayfair,1,297.0,293.0,13.0,283.0,0.04377104377104377,0.9124579124579129,0.801346801346801,0.8755050109142652,0.7406746342816485,1.0,0.9081272084805657,1.0,1.0,0.6153846153846153,1.0,11.111111111111182,3.695290154364761,False
243964,ARESON INC GA 30336,APS,1,297.0,296.0,52.0,129.0,0.1750841750841751,0.6195286195286195,0.7912457912457911,0.8018541797611566,0.5388906348208675,0.6538461538461537,0.6821705426356587,0.6923076923076922,0.8846153846153845,0.576923076923077,1.0,-17.17171717171716,-18.23255602325371,True
64269,Smithy Home Couture,Soft Home,1,296.0,286.0,67.0,222.0,0.22635135135135134,0.9864864864864863,0.9020270270270266,0.9131859131859132,0.866282366282366,1.0,0.9819819819819817,0.9701492537313433,1.0,0.9850746268656716,1.0,8.445945945945965,7.330057330057304,False
250630,RW Flame GA 31405 (2),APS Home Improvement,1,296.0,292.0,11.0,246.0,0.037162162162162164,0.837837837837838,0.6351351351351349,0.8341964584029399,0.5641218398485356,0.7272727272727273,0.8455284552845531,0.9090909090909091,0.9090909090909091,0.6363636363636364,1.0,20.27027027027032,0.3641379434898173,False
67669,Le Creuset NV 89506,Kitchen & Small Electrics,1,295.0,289.0,37.0,242.0,0.12542372881355932,0.5559322033898308,0.7491525423728815,0.7422574280076637,0.4612370957133459,0.5405405405405407,0.5661157024793392,0.8108108108108109,0.8378378378378379,0.5945945945945945,1.0,-19.32203389830507,-18.632522461783285,True
494150,Global Girls LLC CA 91746,Decor,1,295.0,273.0,0.0,295.0,0.0,0.840677966101695,0.7254237288135593,0.8338983050847453,0.7152542372881361,,0.840677966101695,,,,1.0,11.525423728813566,0.6779661016949712,False
248926,NJ.,APS Bedroom,1,294.0,293.0,10.0,276.0,0.034013605442176874,0.8435374149659861,0.9285714285714284,0.7802901023890788,0.6301194539249141,0.19999999999999998,0.8804347826086953,0.5,0.7,0.39999999999999997,1.0,-8.503401360544228,6.32473125769073,False
292438,ECR4Kids CA 91761 3PL-ALTO,Wayfair Professional,1,294.0,71.0,0.0,294.0,0.0,0.5646258503401365,0.982993197278912,0.2414965986394559,0.23469387755102053,,0.5646258503401365,,,,3.0,-41.83673469387755,32.312925170068056,True
360760,JayImportCo NY 11559,Tabletop,1,293.0,289.0,0.0,293.0,0.0,0.7679180887372017,0.8771331058020477,0.9283276450511943,0.6621160409556314,,0.7679180887372017,,,,1.0,-10.921501706484605,-16.040955631399257,True
364549,Odiot LLC CA 92337 (2) Wayfair,APS Outdoor,1,293.0,292.0,22.0,241.0,0.07508532423208192,0.9897610921501705,0.9419795221842999,0.7407917921900753,0.7066731086227479,1.0,0.9958506224066388,1.0,1.0,1.0,2.0,4.778156996587057,24.89692999600952,False
148839,XIAMEN GLOBAL SELECTION IMP  EXP CO LTD CA 91745,APS Youth,1,293.0,288.0,36.0,235.0,0.12286689419795221,0.5767918088737203,0.8225255972696246,0.843011229314421,0.4979314420803785,0.5,0.5914893617021277,0.8333333333333335,0.8333333333333333,0.4444444444444444,1.0,-24.573378839590433,-26.621942044070067,True
227221,WuYouDa-GA03,APS Home Improvement,1,293.0,290.0,46.0,160.0,0.15699658703071673,0.5870307167235493,0.8020477815699659,0.6768103448275862,0.4095905172413793,0.391304347826087,0.6249999999999998,0.7608695652173911,0.673913043478261,0.3695652173913043,1.0,-21.50170648464166,-8.977962810403683,True
264851,Jersey Warehouse,Soft Home,1,293.0,292.0,151.0,116.0,0.515358361774744,0.5699658703071673,0.6996587030716723,0.5943256967406708,0.4885451110061409,0.5629139072847684,0.5603448275862069,0.6887417218543046,0.6688741721854305,0.5761589403973512,1.0,-12.969283276450504,-2.435982643350354,True
36010,Corsicana Bedding Inc. TX75110,Mattress,1,293.0,286.0,24.0,265.0,0.08191126279863481,0.8771331058020474,0.744027303754266,0.9046839952500327,0.7544398997229189,0.8749999999999999,0.8754716981132071,1.0,1.0,0.7916666666666666,1.0,13.310580204778145,-2.755088944798534,False
15299,Mohawk Home GA 30701 Marine,Rugs,1,293.0,289.0,0.0,291.0,0.0,0.9829351535836182,0.853242320819112,0.8736845860236149,0.7132427258350282,,0.9896907216494849,,,,1.0,12.969283276450616,10.925056756000329,False
51828,Homlux GA 30529(2),APS Decor,1,292.0,290.0,1.0,289.0,0.003424657534246575,0.664383561643835,0.623287671232877,0.8561746808256772,0.5753490036988427,1.0,0.6643598615916949,1.0,1.0,1.0,1.0,4.109589041095807,-19.179111918184212,False
151179,The Luxtrada Company CA 91706,Plumbing,1,291.0,285.0,0.0,291.0,0.0,0.951890034364261,0.9243986254295534,0.9106529209621995,0.8247422680412375,,0.951890034364261,,,,1.0,2.7491408934707584,4.123711340206149,False
297294,U-CA-2,APS,1,291.0,289.0,35.0,235.0,0.12027491408934708,0.5532646048109967,0.7079037800687287,0.7665611426047263,0.5089891776485312,0.7428571428571429,0.5021276595744684,0.7714285714285714,0.914285714285714,0.7714285714285716,1.0,-15.463917525773196,-21.329653779372958,True
272293,AMEZIEL INC AW-TX 77489,APS AEOF,1,291.0,289.0,0.0,291.0,0.0,0.8865979381443295,0.865979381443299,0.9518900343642612,0.8006872852233676,,0.8865979381443295,,,,1.0,2.061855670103052,-6.529209621993171,False
50772,Long Island Mosaics and Tile,Flooring,1,291.0,277.0,1.0,289.0,0.003436426116838488,0.676975945017182,0.7422680412371137,0.7389229635366572,0.5705969795010805,1.0,0.6747404844290655,1.0,1.0,1.0,5.0,-6.529209621993171,-6.194701851947526,False
200205,Shenzhenshi Daman NJ 08060,APS K&D,1,290.0,280.0,12.0,257.0,0.041379310344827586,0.906896551724138,0.9413793103448274,0.8352418010005558,0.7072679266259039,0.8333333333333334,0.9338521400778209,1.0,1.0,0.9166666666666666,1.0,-3.448275862068939,7.165475072358218,False
20678,W.A.C. GA 30122,Lighting,1,289.0,282.0,26.0,243.0,0.08996539792387544,0.6747404844290655,0.8373702422145329,0.785351545398827,0.5671569915068735,0.653846153846154,0.6831275720164607,0.8461538461538461,0.8461538461538461,0.576923076923077,1.0,-16.26297577854674,-11.061106096976147,True
137477,Designs Direct LLC NY 12118,Soft Home,1,289.0,280.0,3.0,283.0,0.010380622837370242,0.38062283737024233,0.8339100346020761,0.9412165572942963,0.9239273094396765,0.0,0.38869257950530045,1.0,1.0,1.0,5.0,-45.32871972318338,-56.0593719924054,True
325712,Global Outdoors Group Inc. GA 30024 ,Grills,1,289.0,283.0,0.0,289.0,0.0,0.9930795847750863,0.916955017301038,0.9031141868512113,0.7750865051903115,,0.9930795847750863,,,,1.0,7.612456747404828,8.996539792387503,False
245976,FoxHillTrading GA 30705,Upholstery,1,288.0,282.0,41.0,241.0,0.1423611111111111,0.7430555555555558,0.8402777777777772,0.9202936935346222,0.6865895647567757,0.43902439024390244,0.7966804979253115,0.6585365853658536,0.9512195121951219,0.43902439024390244,1.0,-9.722222222222143,-17.72381379790664,False
12320,Montague Metal Products Inc.,Decor,1,288.0,282.0,0.0,288.0,0.0,0.815972222222222,0.8263888888888888,0.8993055555555556,0.8506944444444443,,0.815972222222222,,,,4.0,-1.0416666666666852,-8.333333333333359,False
475632,CAN_Yaheetech BC V3Z 0W5,APS AEOF,1,288.0,286.0,0.0,288.0,0.0,0.9305555555555558,0.9687500000000004,0.9618055555555552,0.864583333333333,,0.9305555555555558,,,,1.0,-3.819444444444464,-3.1249999999999445,False
53045,ECOM GROUP INC,Storage & Org - Frequency,1,288.0,275.0,0.0,288.0,0.0,0.8715277777777776,0.8506944444444446,0.9131944444444444,0.7916666666666667,,0.8715277777777776,,,,1.0,2.0833333333332926,-4.166666666666686,False
20600,Dotchi,Decor,1,288.0,286.0,58.0,225.0,0.2013888888888889,0.84375,0.8576388888888887,0.8608547008547008,0.746060606060606,0.5344827586206895,0.9244444444444444,0.6724137931034482,0.7068965517241379,0.4827586206896552,1.0,-1.3888888888888729,-1.7104700854700838,False
367183,shenzhenshiledaochichengkejiyouxiangong ON L6Z 0J9,APS AEOF,1,287.0,287.0,0.0,287.0,0.0,0.9512195121951218,0.9895470383275263,0.975609756097561,0.9128919860627179,,0.9512195121951218,,,,1.0,-3.8327526132404532,-2.4390243902439157,False
359515,DBONILLA LIVE LLC CA 91762,Casegoods,1,286.0,202.0,56.0,213.0,0.1958041958041958,0.6048951048951051,0.5524475524475524,0.6733370520150606,0.6604378747733927,0.9464285714285714,0.4929577464788734,0.8571428571428571,0.9642857142857143,0.9464285714285713,2.0,5.2447552447552725,-6.844194711995543,False
308940,"Yescom USA, Inc. GA 30297",APS Outdoor,1,286.0,277.0,1.0,196.0,0.0034965034965034965,0.7832167832167831,0.7202797202797203,0.7063142513323024,0.49614921780986754,1.0,0.780612244897959,1.0,1.0,0.0,1.0,6.293706293706281,7.690253188448071,False
482355,"Linyi Lingmoxuan Technology Co., Ltd NJ 08831",APS Bedroom,1,286.0,279.0,15.0,260.0,0.05244755244755245,0.5944055944055942,0.8846153846153845,0.7795009649848361,0.4820788530465951,0.33333333333333337,0.6192307692307689,0.9333333333333332,0.7333333333333333,0.33333333333333337,1.0,-29.02097902097903,-18.5095370579242,True
176359,CANVELLO CA 95054,Soft Home,1,286.0,280.0,11.0,275.0,0.038461538461538464,0.8426573426573426,0.8461538461538457,0.8847142857142855,0.7658571428571428,1.0,0.8363636363636363,1.0,1.0,0.9090909090909091,1.0,-0.34965034965031005,-4.205694305694285,False
239161,EMG GA 31407,Kitchen & Small Electrics,1,285.0,284.0,0.0,285.0,0.0,0.9964912280701759,0.9403508771929823,0.915789473684211,0.7578947368421052,,0.9964912280701759,,,,1.0,5.61403508771936,8.070175438596483,False
57202,Claire Deco Inc.,Soft Home,1,285.0,273.0,34.0,239.0,0.11929824561403508,0.27017543859649135,0.8491228070175438,0.6464051987064537,0.44955323616411474,0.5294117647058824,0.22594142259414235,0.9411764705882353,0.7647058823529413,0.47058823529411764,1.0,-57.894736842105246,-37.62297601099624,True
84640,Maytex PA 17601,Soft Home,1,284.0,267.0,0.0,284.0,0.0,0.6584507042253521,0.7676056338028164,0.8485915492957748,0.7429577464788731,,0.6584507042253521,,,,1.0,-10.91549295774643,-19.014084507042273,True
203386,Wincous NJ 07644,Wayfair Professional,1,284.0,281.0,4.0,273.0,0.014084507042253521,0.704225352112676,0.8274647887323939,0.9084509796253565,0.6232841891204879,1.0,0.6959706959706958,1.0,0.75,0.5,1.0,-12.323943661971793,-20.422562751268046,True
40151,Huji Inc,Decor,1,284.0,281.0,46.0,231.0,0.1619718309859155,0.9295774647887324,0.9049295774647887,0.9332624670702959,0.8487775569626101,0.9565217391304346,0.9264069264069266,0.9782608695652172,1.0,0.934782608695652,1.0,2.464788732394363,-0.3685002281563543,False
372055,"Hangzhou Bestar Network Technology Co.,Ltd SC 29927",Wayfair,1,283.0,283.0,34.0,143.0,0.12014134275618374,0.7844522968197878,0.6925795053003533,0.49823321554770317,0.3392226148409894,0.7058823529411764,0.8321678321678317,0.5,0.6176470588235294,0.4117647058823529,1.0,9.18727915194345,28.621908127208464,False
58048,Cosiest GA 30122,APS Outdoor,1,283.0,280.0,132.0,96.0,0.4664310954063604,0.7526501766784455,0.8657243816254417,0.8381696428571429,0.5551339285714287,0.7272727272727276,0.8333333333333334,0.8712121212121214,0.8636363636363636,0.5606060606060609,1.0,-11.307420494699628,-8.551946617869744,True
280784,Shenzhenshi Yilaitake Kejiyouxiangongsi TX 77035,APS,1,282.0,274.0,0.0,270.0,0.0,0.5921985815602838,0.5744680851063828,0.7442552041092187,0.517274939172749,,0.5740740740740742,,,,1.0,1.7730496453901012,-15.205662254893493,False
461206,RAYS LTD GA 30297,APS Home Improvement,1,282.0,276.0,0.0,176.0,0.0,0.6241134751773051,0.776595744680851,0.8054294412990067,0.40045634814656544,,0.7613636363636366,,,,1.0,-15.248226950354592,-18.131596612170163,True
346089,NINGBO RUISEN DIANZIKEJI YOUXIANGONGSI_1 ON L5T2N3,Wayfair,1,282.0,282.0,0.0,282.0,0.0,0.9503546099290778,0.9822695035460997,0.9680851063829787,0.8120567375886523,,0.9503546099290778,,,,1.0,-3.1914893617021822,-1.7730496453900901,False
59967,R2H Modern TN 37407,PG Wall Art,1,282.0,276.0,25.0,255.0,0.08865248226950355,0.8581560283687947,0.9503546099290776,0.9256180733162828,0.7731457800511503,0.9199999999999998,0.850980392156863,0.9599999999999999,0.9599999999999999,0.8,1.0,-9.219858156028293,-6.746204494748809,False
105405,iH Casadecor,Casegoods,1,282.0,276.0,22.0,259.0,0.07801418439716312,0.8900709219858155,0.9255319148936172,0.9504504504504503,0.9469111969111967,1.0,0.8841698841698841,1.0,1.0,1.0,3.0,-3.546099290780169,-6.0379528464634795,False
157933,G&K Home Decor LLC NJ 07424,Decor,1,281.0,275.0,34.0,240.0,0.12099644128113879,0.6975088967971533,0.8540925266903912,0.8225454545454549,0.701909090909091,0.8529411764705882,0.6708333333333337,0.7647058823529411,0.9411764705882353,0.9117647058823528,2.0,-15.658362989323782,-12.503655774830158,True
236668,WP_LA11,APS,1,280.0,274.0,24.0,245.0,0.08571428571428572,0.6464285714285711,0.8214285714285713,0.8040071503053775,0.5538954267838522,0.625,0.6489795918367344,0.8749999999999999,0.9583333333333331,0.625,1.0,-17.500000000000014,-15.757857887680638,True
201495,Ecomfreedom DE 19707,Decor,1,280.0,250.0,0.0,280.0,0.0,0.7428571428571429,0.8142857142857144,0.33928571428571436,0.20000000000000015,,0.7428571428571429,,,,1.0,-7.142857142857151,40.357142857142854,False
196549,Gerson Companies KS,Decor,1,280.0,276.0,56.0,214.0,0.2,0.6035714285714288,0.7892857142857144,0.874881484491399,0.549505621021265,0.4821428571428572,0.6401869158878507,0.6785714285714286,0.8214285714285712,0.42857142857142855,1.0,-18.571428571428562,-27.131005591997027,True
364557,Ningbo Jiangbei Fufu GA 30517,APS Bedroom,1,279.0,274.0,12.0,237.0,0.043010752688172046,0.845878136200717,0.8458781362007162,0.9425940499213576,0.8494335711198264,0.9166666666666666,0.8945147679324895,1.0,1.0,1.0,1.0,7.771561172376096e-14,-9.67159137206407,False
107654,Topower Smart Home Limited CA 91761(2),APS,1,279.0,278.0,39.0,213.0,0.13978494623655913,0.4946236559139785,0.8315412186379929,0.7992873306988214,0.4625764177390482,0.7179487179487181,0.41784037558685455,0.794871794871795,0.8461538461538459,0.7179487179487181,1.0,-33.69175627240144,-30.46636747848429,True
292980,Julang-NJ003,Decor,1,279.0,272.0,1.0,265.0,0.0035842293906810036,0.8817204301075264,0.659498207885305,0.9138041065482794,0.7560210876803548,1.0,0.894339622641509,1.0,1.0,0.0,1.0,22.222222222222143,-3.208367644075294,False
22718,CWI Lighting NY 14227 (Crystal World),Lighting,1,278.0,269.0,27.0,250.0,0.09712230215827339,0.9892086330935256,0.9640287769784173,0.960435081922071,0.9496582679333608,1.0,0.9880000000000004,1.0,0.9629629629629629,0.9259259259259257,1.0,2.5179856115108312,2.8773551171454526,False
113727,"NINGBO JOYS IMP. EXP. CO.,LTD NJ08810[1]",APS Outdoor,1,278.0,277.0,12.0,246.0,0.04316546762589928,0.5035971223021583,0.7949640287769781,0.7590619588506355,0.4173197147133928,0.5833333333333334,0.5040650406504066,0.9166666666666666,1.0,0.6666666666666666,1.0,-29.136690647481988,-25.54648365484773,True
211699,AIVITUVIN INC GA 31326(2),APS,1,278.0,278.0,28.0,209.0,0.10071942446043165,0.5863309352517988,0.8633093525179857,0.6798561151079141,0.33093525179856126,0.6428571428571429,0.6028708133971296,0.8928571428571427,0.8928571428571427,0.6071428571428571,1.0,-27.697841726618687,-9.35251798561153,True
126984,BJ Florida,Flooring,1,278.0,267.0,18.0,246.0,0.06474820143884892,0.8561151079136693,0.7517985611510787,0.9105538808197068,0.8604640540787429,0.8888888888888887,0.8495934959349596,0.8333333333333331,1.0,1.0,2.0,10.431654676259061,-5.44387729060375,False
354401,"Xuzhou Abosi Network Technology Co., Ltd CA 91761",APS Decor,1,277.0,274.0,20.0,186.0,0.07220216606498195,0.9350180505415164,0.9458483754512638,0.9603838003296445,0.9423710854720979,0.9,0.9569892473118282,0.9,1.0,0.95,2.0,-1.0830324909747335,-2.536574978812811,False
157577,FantasHome Inc. CA 91732,Casegoods,1,277.0,271.0,38.0,234.0,0.1371841155234657,0.44765342960288795,0.5126353790613722,0.8877850316964708,0.7435897435897435,0.5789473684210525,0.42735042735042716,0.6315789473684211,0.8157894736842107,0.7105263157894737,4.0,-6.498194945848429,-44.01316020935829,False
123170,Puredown CA 91761,APS Mattresses,1,277.0,276.0,0.0,277.0,0.0,0.830324909747292,0.931407942238267,0.8916967509025268,0.7509025270758124,,0.830324909747292,,,,1.0,-10.108303249097494,-6.137184115523475,True
413693,CAN_Shenzhen Zhichen Trading Co. LTD. ON L9T 0K1,APS K&D,1,276.0,276.0,0.0,276.0,0.0,0.9963768115942029,0.9927536231884058,0.9927536231884058,0.9818840579710147,,0.9963768115942029,,,,1.0,0.36231884057971175,0.36231884057971175,False
143837,FRAMETORY INC TX 77449,Decor,1,276.0,274.0,22.0,244.0,0.07971014492753623,0.8007246376811594,0.8949275362318839,0.9564736149335887,0.9274560248893141,0.8636363636363634,0.7991803278688525,0.8181818181818182,0.9545454545454544,0.8636363636363634,2.0,-9.42028985507245,-15.57489772524293,False
333730,Ether Tech Inc TX 75044,Wayfair,1,275.0,274.0,0.0,126.0,0.0,0.7927272727272725,0.8254545454545457,0.9272032528290792,0.6828246705530787,,0.5793650793650795,,,,1.0,-3.272727272727316,-13.447598010180673,False
443312,Maxwood Furniture CA 90640 (2),Youth Furniture & Decor,1,275.0,268.0,14.0,254.0,0.05090909090909091,0.6400000000000005,0.6872727272727271,0.7851980256199317,0.5814872487953934,0.5,0.6496062992125988,0.5,0.6428571428571429,0.3571428571428571,1.0,-4.727272727272669,-14.519802561993123,False
123744,LuxeDesigns Co LLC NJ,Hardware,1,275.0,273.0,49.0,218.0,0.1781818181818182,0.9163636363636363,0.9163636363636364,0.9309070134758206,0.8253520180125682,0.8979591836734693,0.9220183486238531,0.9387755102040817,0.9387755102040817,0.7959183673469389,1.0,-1.1102230246251565e-14,-1.4543377112184341,False
316361,YQN BCF CA,APS Youth,1,275.0,263.0,0.0,241.0,0.0,0.8290909090909092,0.8800000000000001,0.8916113153369197,0.7394885063818373,,0.8049792531120333,,,,1.0,-5.09090909090909,-6.252040624601052,False
439140,Wovenbyrd Inc CA 92374 ,Wayfair,1,275.0,270.0,16.0,114.0,0.05818181818181818,0.5345454545454543,0.8654545454545454,0.7977907732293696,0.542462638076673,0.625,0.35087719298245607,0.8749999999999998,0.8749999999999998,0.8749999999999998,1.0,-33.09090909090911,-26.32453186839153,True
60798,Safdie NY 12919,Soft Home,1,275.0,272.0,12.0,263.0,0.04363636363636364,0.4763636363636365,0.8545454545454543,0.9273093267725342,0.7600788414225005,0.16666666666666666,0.49049429657794685,0.7499999999999999,1.0,0.9166666666666666,3.0,-37.81818181818178,-45.09456904088977,True
327976,SHEN JUN TRADING LIMITED NJ 08810,APS,1,274.0,274.0,38.0,204.0,0.1386861313868613,0.9124087591240878,0.927007299270073,0.9598540145985401,0.872262773722628,0.6842105263157895,0.970588235294118,0.9736842105263158,0.9736842105263158,0.9473684210526315,1.0,-1.4598540145985162,-4.7445255474452335,False
277505,GUCANG-GA03,APS,1,274.0,269.0,0.0,210.0,0.0,0.5547445255474454,0.5729927007299273,0.7131350681536557,0.4798194370685073,,0.7095238095238097,,,,1.0,-1.8248175182481896,-15.839054260621033,False
320432,XH DFG_SVAL GA 31326,APS K&D,1,273.0,265.0,10.0,251.0,0.03663003663003663,0.6227106227106226,0.7692307692307693,0.8682402465609261,0.6156806735322856,0.8,0.597609561752988,0.9,0.9,0.6,1.0,-14.652014652014667,-24.55296238503035,True
216677,jml trading llc CA,APS,1,273.0,267.0,73.0,187.0,0.2673992673992674,0.8937728937728936,0.9047619047619043,0.8464219191251575,0.7067435758777464,0.8356164383561643,0.9251336898395719,0.9315068493150683,0.8767123287671231,0.6712328767123288,1.0,-1.0989010989010728,4.735097464773608,False
25959,Central Oriental ME 04073,Rugs,1,272.0,267.0,2.0,269.0,0.007352941176470588,0.7720588235294115,0.6985294117647058,0.7904849421494508,0.6764685407181543,0.5,0.7732342007434941,1.0,1.0,0.5,1.0,7.352941176470562,-1.842611862003929,False
240202,Shenzhenshi hongyanzhiji keji  youxian NJ 08822,APS,1,272.0,271.0,0.0,272.0,0.0,0.3308823529411765,0.9595588235294116,0.7794117647058827,0.5441176470588232,,0.3308823529411765,,,,3.0,-62.86764705882351,-44.852941176470615,True
374453,Tech Cube Inc CA 91761,Upholstery,1,272.0,267.0,20.0,232.0,0.07352941176470588,0.6838235294117648,0.8455882352941179,0.7464161177838043,0.5520308665891772,0.75,0.6767241379310346,0.85,0.85,0.7999999999999999,1.0,-16.176470588235304,-6.2592588372039515,True
361927,"Zhuhai Huixi Electronic Technology Co., Ltd. CA 91761",Wayfair,1,271.0,266.0,45.0,215.0,0.16605166051660517,0.966789667896679,0.9188191881918817,0.9115229935303368,0.8042489945794722,0.9777777777777776,0.9627906976744185,0.9111111111111108,0.9111111111111108,0.7333333333333332,1.0,4.797047970479729,5.526667436634214,False
485017,Edvivi TX 77477,Lighting,1,271.0,267.0,0.0,271.0,0.0,0.996309963099631,0.9520295202952029,0.9298892988929888,0.8450184501845016,,0.996309963099631,,,,1.0,4.428044280442811,6.642066420664228,False
29154,Glitz Home TX,APS Youth,1,271.0,271.0,0.0,271.0,0.0,0.9889298892988934,0.9557195571955718,0.9594095940959407,0.8376383763837637,,0.9889298892988934,,,,1.0,3.3210332103321583,2.952029520295263,False
349233,CAN_Zhejiang Linya Co. ON L4Y 4C2,APS Home Improvement,1,270.0,267.0,0.0,270.0,0.0,0.8333333333333333,0.8518518518518517,0.8481481481481477,0.7740740740740741,,0.8333333333333333,,,,1.0,-1.851851851851849,-1.4814814814814392,False
222505,COPE-Los Angeles,APS Bedroom,1,270.0,262.0,1.0,184.0,0.003703703703703704,0.8407407407407403,0.8296296296296295,0.8717173498174573,0.7014136657816129,1.0,0.820652173913043,1.0,1.0,1.0,1.0,1.111111111111085,-3.0976609076716954,False
25710,Global Views TX 75247,PG Decor,1,269.0,261.0,0.0,268.0,0.0,0.9033457249070634,0.9553903345724902,0.8959226854234572,0.78441127694859,,0.9029850746268658,,,,1.0,-5.204460966542679,0.7423039483606231,False
367890,Deny Designs LLC CA 90230,Decor,1,269.0,264.0,41.0,208.0,0.1524163568773234,0.7472118959107805,0.7992565055762081,0.8254297785547788,0.7695221445221447,0.6341463414634145,0.7644230769230768,0.7560975609756097,0.8048780487804879,0.7073170731707318,2.0,-5.204460966542756,-7.8217882643998315,False
201261,Suzhou Suogesi Network Technology Co Ltd NJ 08060,APS,1,267.0,266.0,8.0,231.0,0.0299625468164794,0.7827715355805241,0.9250936329588016,0.7791231325065909,0.6516453471340692,0.875,0.8571428571428569,0.75,0.75,0.75,1.0,-14.23220973782775,0.3648403073933215,True
236734,Kraftware Corp. NJ,Tabletop,1,267.0,266.0,6.0,261.0,0.02247191011235955,0.6554307116104868,0.659176029962547,0.9550600639529859,0.8839051652118803,1.0,0.6475095785440612,1.0,1.0,1.0,2.0,-0.37453183520601563,-29.962935234249912,False
367296,Silveria Glass Inc NJ 08554,APS AEOF,1,267.0,260.0,10.0,244.0,0.03745318352059925,0.6104868913857678,0.6891385767790262,0.6630044136191674,0.539501891551072,0.6,0.6147540983606558,0.7,0.6,0.39999999999999997,1.0,-7.86516853932584,-5.251752223339956,False
3989,Kichler NV- 89115,Lighting,1,266.0,260.0,23.0,225.0,0.08646616541353383,0.8345864661654137,0.8233082706766912,0.8687692307692308,0.6961538461538463,0.9130434782608694,0.8222222222222223,0.826086956521739,0.9565217391304346,0.826086956521739,1.0,1.1278195488722442,-3.4182764603817195,False
407766,Touch Of ECO Inc. MI 49057,Decor,1,266.0,263.0,13.0,251.0,0.04887218045112782,0.29699248120300775,0.8421052631578941,0.9133201036159545,0.8418493327071938,0.15384615384615385,0.3027888446215142,0.46153846153846156,0.6153846153846153,0.46153846153846156,1.0,-54.51127819548864,-61.63276224129468,True
296095,MRS AWESOME INC CA 91752,Soft Home,1,265.0,258.0,8.0,253.0,0.03018867924528302,0.9132075471698109,0.9094339622641509,0.852805098507828,0.7396359959555108,0.875,0.9209486166007901,1.0,1.0,1.0,1.0,0.37735849056600435,6.040244866198286,False
25629,The Cookware Company CA,Kitchen & Small Electrics,1,265.0,263.0,1.0,264.0,0.0037735849056603774,0.7849056603773586,0.875471698113207,0.8415139993086762,0.7773649037907595,1.0,0.7840909090909092,1.0,1.0,1.0,1.0,-9.056603773584836,-5.6608338931317554,False
275833,Gallerie GA 30705,Casegoods,1,265.0,262.0,26.0,232.0,0.09811320754716982,0.822641509433962,0.8679245283018866,0.9095321137141353,0.7282508554882862,0.7307692307692307,0.8405172413793099,0.8461538461538461,0.9615384615384616,0.730769230769231,1.0,-4.5283018867924625,-8.689060428017337,False
18021,EsschertDesignUSA,Decor,1,264.0,262.0,0.0,264.0,0.0,0.912878787878788,0.9090909090909092,0.9242424242424239,0.7121212121212119,,0.912878787878788,,,,1.0,0.37878787878787845,-1.136363636363591,False
139182,Nathan James NV 89434,Casegoods,1,263.0,258.0,2.0,261.0,0.0076045627376425855,0.7528517110266159,0.7794676806083649,0.7871038640886275,0.6084231785915828,0.0,0.7586206896551723,0.0,1.0,1.0,1.0,-2.6615969581749055,-3.425215306201168,False
307549,HiEnd Accents TX 75038,Soft Home,1,262.0,256.0,0.0,262.0,0.0,1.0,0.9427480916030531,0.9312977099236641,0.8816793893129768,,1.0,,,,1.0,5.725190839694694,6.870229007633588,False
365136,Tmekeeper INC. GA 30517,APS Bedroom,1,262.0,258.0,1.0,227.0,0.003816793893129771,0.8015267175572521,0.7671755725190837,0.9275042564920654,0.8283944609500395,1.0,0.8810572687224673,1.0,1.0,0.0,1.0,3.4351145038168385,-12.597753893481322,False
413760,WPLA4-WPLA17.,APS AEOF,1,261.0,259.0,25.0,118.0,0.09578544061302682,0.7854406130268201,0.8237547892720305,0.8088682540065234,0.6017758551210826,0.76,0.805084745762712,0.7199999999999999,0.96,0.6400000000000001,1.0,-3.8314176245210385,-2.342764097970329,False
13183,Comfort Revolution MS 38827,Mattress,1,261.0,260.0,0.0,261.0,0.0,0.6973180076628356,0.731800766283525,0.8620689655172412,0.5517241379310346,,0.6973180076628356,,,,1.0,-3.448275862068939,-16.475095785440562,False
4035,EmpireIndustries NJ- 07501,Plumbing,1,260.0,256.0,31.0,224.0,0.11923076923076924,0.6807692307692307,0.7461538461538458,0.8079659598214285,0.588588169642857,0.7419354838709675,0.6785714285714285,0.7741935483870969,0.967741935483871,0.6774193548387096,1.0,-6.538461538461515,-12.719672905219781,False
370296,Keter US PA 16117,Outdoor Structures,1,259.0,259.0,1.0,258.0,0.003861003861003861,0.7335907335907336,0.8146718146718145,0.9575289575289576,0.8378378378378379,1.0,0.7325581395348837,1.0,1.0,1.0,2.0,-8.108108108108091,-22.393822393822404,False
483439,Sande Home Limited TX 77477-3815,APS Home Improvement,1,259.0,254.0,0.0,258.0,0.0,1.0,0.9459459459459457,0.9305072331074895,0.8996215589330404,,1.0,,,,1.0,5.405405405405428,6.949276689251049,False
41585,GE sp Appliances CA 91789,Appliances,1,259.0,254.0,15.0,225.0,0.05791505791505792,0.5637065637065631,0.8108108108108107,0.8298337707786527,0.5482064741907262,0.6,0.5599999999999994,0.9333333333333332,0.8,0.4666666666666667,1.0,-24.71042471042476,-26.612720707208958,True
432360,"Hainan Chuangshiji Technology Co., Ltd GA 31326(4)",APS Bedroom,1,259.0,257.0,9.0,219.0,0.03474903474903475,0.833976833976834,0.833976833976834,0.8726524883179648,0.6521833117163859,0.7777777777777778,0.8584474885844748,1.0,1.0,0.8888888888888888,1.0,0.0,-3.867565434113085,False
9416,Z-Lite Jenamees Inc. MI 48060,Lighting,1,258.0,255.0,2.0,256.0,0.007751937984496124,0.662790697674419,0.7635658914728678,0.8721047794117645,0.4340686274509804,0.0,0.6679687500000004,0.0,1.0,0.0,1.0,-10.07751937984488,-20.931408173734546,True
272869,CAIDI INC CA 92337(1),APS,1,258.0,256.0,28.0,172.0,0.10852713178294573,0.7868217054263563,0.7984496124031009,0.7410494387919896,0.562648881621447,0.8571428571428571,0.7499999999999997,0.642857142857143,0.8928571428571427,0.6428571428571429,1.0,-1.162790697674454,4.577226663436673,False
368151,MS-LTLCA,APS Upholstery,1,258.0,258.0,0.0,245.0,0.0,0.8604651162790693,0.9806201550387597,0.7984496124031006,0.3682170542635657,,0.8816326530612241,,,,1.0,-12.015503875969035,6.201550387596866,True
288246,"Xiamen Yakesi e-commerce.CO., LTD CA 91761 ",APS,1,257.0,253.0,0.0,257.0,0.0,0.8482490272373542,0.8249027237354086,0.6731517509727628,0.47859922178988334,,0.8482490272373542,,,,1.0,2.3346303501945553,17.50972762645914,False
109985,Artistree_WPN TX76051,Decor,1,257.0,251.0,4.0,252.0,0.01556420233463035,0.6731517509727623,0.8171206225680933,0.8872130525516976,0.5833807626636309,0.0,0.6825396825396821,0.5,1.0,0.0,1.0,-14.396887159533101,-21.406130157893532,True
62987,COMPHOME.CORP NJ 08810 [2],Youth Furniture & Decor,1,256.0,255.0,8.0,241.0,0.03125,0.5156249999999999,0.8632812500000003,0.7773980961679279,0.30078919534618803,0.875,0.5062240663900414,0.875,1.0,0.5,1.0,-34.76562500000004,-26.177309616792797,True
313246,Sande Home Limited CA 91762,APS Home Improvement,1,256.0,252.0,1.0,253.0,0.00390625,0.7890625,0.9257812499999998,0.8749607880042664,0.7148346822259863,1.0,0.7905138339920948,1.0,1.0,1.0,1.0,-13.671874999999979,-8.589828800426636,True
77693,Danze IL 60517,Plumbing,1,255.0,251.0,24.0,221.0,0.09411764705882353,0.8705882352941177,0.8235294117647057,0.9491445980782753,0.792161670061834,0.9166666666666665,0.8597285067873304,0.8749999999999999,1.0,0.7500000000000001,1.0,4.7058823529411935,-7.855636278415767,False
197937,Hamiltion Inc CA 90040,Decor,1,255.0,252.0,53.0,184.0,0.20784313725490197,0.6509803921568627,0.8901960784313723,0.8551155969634229,0.5883799171842653,0.660377358490566,0.6467391304347825,0.962264150943396,0.9245283018867921,0.6415094339622639,1.0,-23.921568627450963,-20.41352048065602,True
56895,Walker Edison OH 43207,Casegoods,1,254.0,253.0,0.0,251.0,0.0,1.0,0.8897637795275587,0.8622112341149232,0.7007700423602033,,1.0,,,,1.0,11.02362204724413,13.778876588507682,False
234429,AMEZIEL INC IN 46219,APS AEOF,1,254.0,254.0,8.0,240.0,0.031496062992125984,0.9015748031496061,0.933070866141732,0.9566929133858267,0.8661417322834646,0.75,0.9124999999999999,1.0,1.0,0.625,1.0,-3.1496062992125817,-5.51181102362206,False
370562,Global Outdoors Group Inc. GA 31322,Grills,1,253.0,251.0,53.0,180.0,0.20948616600790515,0.6324110671936757,0.8774703557312254,0.8776449756529436,0.47835325365205855,0.6792452830188681,0.6222222222222219,0.8113207547169812,0.9056603773584905,0.49056603773584895,1.0,-24.505928853754977,-24.523390845926794,True
275486,"ChengduoujialongTechnology Co., Ltd GA 30281",APS,1,253.0,253.0,58.0,118.0,0.22924901185770752,0.9881422924901185,0.9011857707509879,0.9249011857707508,0.8181818181818182,0.9827586206896551,1.0,0.8620689655172411,0.9482758620689654,0.9310344827586204,1.0,8.69565217391306,6.3241106719367775,False
245126,CAN_Bush ON,CA Casegoods,1,252.0,252.0,0.0,252.0,0.0,0.28571428571428564,0.4404761904761904,0.4404761904761904,0.4087301587301588,,0.28571428571428564,,,,3.0,-15.476190476190476,-15.476190476190476,True
470864,"Ningbo FanKai E-commerce Co., Ltd._1 GA 30297",APS Home Improvement,1,252.0,248.0,5.0,175.0,0.01984126984126984,0.9166666666666669,0.7698412698412699,0.7535023041474651,0.5858986175115206,1.0,0.9657142857142861,1.0,1.0,1.0,1.0,14.682539682539698,16.316436251920173,False
316658,NingBo KaiMeiChen DianZiShangWu YouXian NJ 08822,APS Home Improvement,1,251.0,249.0,0.0,241.0,0.0,0.6294820717131473,0.7171314741035856,0.6375377026779321,0.33478311586595383,,0.6141078838174273,,,,1.0,-8.764940239043828,-0.8055630964784788,False
7325,BNT Furniture / sohoConcept NJ- 08854,Casegoods,1,251.0,236.0,24.0,225.0,0.09561752988047809,0.6772908366533866,0.8605577689243027,0.8457627118644067,0.8220338983050848,0.8749999999999999,0.657777777777778,1.0,1.0,1.0,10.0,-18.326693227091607,-16.847187521102004,True
198129,Spoontiques KY 42518,Tabletop,1,251.0,249.0,1.0,250.0,0.00398406374501992,0.7649402390438246,0.7968127490039845,0.896417670682731,0.8247068273092374,1.0,0.7639999999999999,1.0,1.0,1.0,2.0,-3.187250996015989,-13.147743163890645,False
53636,Ready2HangArt TN 37407,Decor,1,251.0,251.0,17.0,233.0,0.06772908366533864,0.7330677290836654,0.9203187250996012,0.892430278884462,0.7450199203187247,0.8823529411764705,0.7253218884120172,0.9411764705882352,1.0,0.8235294117647058,1.0,-18.725099601593588,-15.936254980079667,True
38880,Statra CA 92683,Flooring,1,251.0,240.0,11.0,235.0,0.043824701195219126,0.5458167330677297,0.8605577689243024,0.7809751773049646,0.5420921985815605,0.5454545454545454,0.5404255319148944,0.9090909090909091,0.8181818181818182,0.5454545454545454,1.0,-31.474103585657264,-23.515844423723486,True
345137,ARTICLE-ET TECHNOLOGY DEVELOPMENT INC CA 92410,APS Bedroom,1,250.0,248.0,15.0,215.0,0.06,0.5119999999999997,0.9360000000000003,0.8560390097524381,0.4838897224306076,0.2,0.5581395348837206,1.0,1.0,0.4666666666666666,1.0,-42.40000000000006,-34.40390097524384,True
235317,DV_SV,APS,1,250.0,242.0,10.0,220.0,0.04,0.6599999999999999,0.7439999999999994,0.7814237415477084,0.39283746556473853,0.6,0.6863636363636363,0.7999999999999999,0.9,0.5,1.0,-8.399999999999952,-12.142374154770852,False
249596,COMPHOME.CORP GA 31408,Youth Furniture & Decor,1,249.0,245.0,1.0,248.0,0.004016064257028112,0.8554216867469879,0.9116465863453812,0.7630678077682683,0.42574061882817643,1.0,0.8548387096774194,1.0,1.0,1.0,1.0,-5.622489959839328,9.235387897871961,False
83424,"OSC International, Inc. CA 92831",Plumbing,1,249.0,233.0,50.0,189.0,0.20080321285140562,0.8795180722891565,0.7349397590361441,0.7089265844630651,0.6521107250720983,0.98,0.8518518518518517,0.8999999999999999,1.0,0.9399999999999998,1.0,14.45783132530124,17.059148782609135,False
360362,MSI VA 23434,Flooring,1,249.0,233.0,13.0,226.0,0.05220883534136546,0.6024096385542171,0.9036144578313249,0.7426411941205514,0.491093471077519,0.9230769230769231,0.5973451327433631,1.0,1.0,0.9230769230769231,1.0,-30.120481927710774,-14.023155556633426,True
243459,"Fitueyes,Inc. NJ 08016",APS,1,248.0,244.0,0.0,247.0,0.0,0.9798387096774195,0.8750000000000001,0.9516161146877286,0.8789739165062719,,0.9797570850202431,,,,1.0,10.483870967741938,2.822259498969093,False
304060,"MLILYUSA, INC. SC 29730(2)",APS Mattresses,1,248.0,244.0,0.0,248.0,0.0,0.8024193548387102,0.8467741935483871,0.9112903225806455,0.6854838709677421,,0.8024193548387102,,,,1.0,-4.435483870967694,-10.887096774193527,False
405049,Atlantic Furniture FL 32218,Youth Furniture & Decor,1,247.0,242.0,0.0,245.0,0.0,0.9595141700404853,0.9028340080971657,0.90285039635689,0.7692696913476132,,0.9591836734693873,,,,1.0,5.66801619433196,5.666377368359532,False
3947,MaximLighting CA- 91746,Lighting,1,247.0,235.0,0.0,197.0,0.0,0.6234817813765181,0.8097165991902836,0.8835943406415379,0.7354789934118158,,0.7106598984771573,,,,1.0,-18.62348178137655,-26.011255926501974,True
184577,MM Products INC PA 19154,Tabletop,1,247.0,244.0,0.0,247.0,0.0,0.9311740890688256,0.862348178137652,0.9311740890688258,0.7975708502024296,,0.9311740890688256,,,,1.0,6.882591093117362,-2.220446049250313e-14,False
498516,Shenzhenshi Daman Shiye Youxiangongsi CA 91761(4),APS K&D,1,246.0,241.0,0.0,242.0,0.0,0.7926829268292682,0.821138211382114,0.8209423545145916,0.5730599087822775,,0.7975206611570247,,,,1.0,-2.845528455284574,-2.8259427685323413,False
478200,"Ningbo Chuangjiuyi Technology Co., Ltd GA 30349(2)",APS Upholstery,1,246.0,241.0,11.0,162.0,0.044715447154471545,0.5934959349593496,0.7886178861788617,0.6897763946519132,0.46256595461298095,0.3636363636363636,0.7901234567901234,0.45454545454545453,0.3636363636363636,0.3636363636363636,1.0,-19.512195121951216,-9.62804596925636,True
37775,Z Line Clymer OH 43040,Appliances,1,244.0,242.0,13.0,230.0,0.05327868852459016,0.836065573770492,0.8729508196721313,0.8770391663672291,0.713151275601869,0.846153846153846,0.8347826086956524,0.846153846153846,0.846153846153846,0.7692307692307693,1.0,-3.688524590163933,-4.097359259673716,False
352707,hu nan cai men wang luo ke ji you xian gong si OR 97007,APS AEOF,1,244.0,230.0,0.0,244.0,0.0,0.8975409836065574,0.8975409836065574,0.8524590163934428,0.8360655737704913,,0.8975409836065574,,,,1.0,0.0,4.508196721311464,False
3688,"Rhody Rug, Inc.",Rugs,1,243.0,230.0,0.0,243.0,0.0,0.7736625514403294,0.897119341563786,0.839506172839506,0.7613168724279831,,0.7736625514403294,,,,1.0,-12.345679012345666,-6.5843621399176655,True
99618,Donglin Furniture Co LLC WI 53532,APS Outdoor,1,243.0,242.0,24.0,217.0,0.09876543209876543,1.0,0.9506172839506172,0.9506417336329358,0.9218303690444452,1.0,1.0,0.9166666666666665,1.0,0.9583333333333334,1.0,4.938271604938283,4.93582663670642,False
269083,"Shenzhen Chunxin E-Commerce Co., Ltd. NJ 08505",Wayfair,1,243.0,243.0,3.0,231.0,0.012345679012345678,0.8395061728395066,0.9259259259259256,0.9341563786008229,0.7160493827160498,0.6666666666666666,0.8528138528138531,0.6666666666666666,0.6666666666666666,0.6666666666666666,1.0,-8.641975308641904,-9.465020576131632,False
227261,Jetly Prey Outdoor Inc AT1,Upholstery,1,243.0,229.0,7.0,141.0,0.02880658436213992,0.16460905349794236,0.8518518518518517,0.4180846639501291,0.15936652464572193,0.14285714285714288,0.1560283687943262,1.0,0.14285714285714288,0.0,1.0,-68.72427983539093,-25.347561045218676,True
224531,xiyou Fontana CA（LA4）92337,APS,1,242.0,242.0,43.0,113.0,0.17768595041322313,0.809917355371901,0.8553719008264463,0.8140495867768592,0.6115702479338843,0.8139534883720928,0.7256637168141598,0.7441860465116278,0.9069767441860465,0.6976744186046511,1.0,-4.545454545454531,-0.413223140495822,False
360365,HUNCHO LLC MI 48174,Recreation,1,242.0,211.0,7.0,235.0,0.028925619834710745,0.5082644628099173,0.6487603305785119,0.6661288696178285,0.6373298376525157,0.8571428571428571,0.49787234042553186,0.8571428571428571,0.8571428571428571,0.8571428571428571,4.0,-14.049586776859456,-15.786440680791113,True
11136,M S International GA 30168,Flooring,1,241.0,236.0,17.0,192.0,0.07053941908713693,0.7883817427385889,0.8257261410788379,0.7701491878531072,0.6543741172316383,0.8823529411764705,0.8489583333333329,0.9411764705882353,0.7647058823529411,0.7058823529411765,1.0,-3.734439834024905,1.82325548854817,False
86147,Manhattan Comfort CA 92373,Decor,1,241.0,230.0,15.0,218.0,0.06224066390041494,0.7676348547717842,0.7302904564315352,0.9000398883127243,0.7177303550059836,0.7333333333333333,0.7614678899082568,0.7999999999999999,0.8666666666666666,0.6666666666666666,1.0,3.734439834024894,-13.240503354094013,False
1620,Zojirushi America Corp.,Kitchen & Small Electrics,1,240.0,237.0,0.0,240.0,0.0,0.6291666666666664,0.7916666666666669,0.9666666666666668,0.6416666666666664,,0.6291666666666664,,,,1.0,-16.250000000000043,-33.750000000000036,True
308193,CG-SAV1/2/3,APS Outdoor,1,240.0,235.0,9.0,209.0,0.0375,0.8250000000000001,0.9083333333333334,0.8538124809121449,0.603787030438766,0.6666666666666666,0.8851674641148327,1.0,1.0,1.0,1.0,-8.333333333333337,-2.8812480912144833,False
327119,"QUEEN LIFE WAY, INC GA 30043",APS,1,240.0,237.0,21.0,203.0,0.0875,0.8374999999999999,0.879166666666666,0.8295608072997862,0.6583733449730831,0.9047619047619045,0.8275862068965516,0.9523809523809522,1.0,0.6190476190476192,1.0,-4.1666666666666075,0.7939192700213704,False
177898,Atlas International CA 92649,Plumbing,1,239.0,238.0,59.0,167.0,0.24686192468619247,0.8117154811715481,0.8744769874476986,0.9246465053087101,0.7529311125647863,0.6610169491525425,0.8802395209580839,0.8135593220338984,0.9491525423728813,0.6610169491525424,1.0,-6.276150627615051,-11.293102413716195,False
211661,WPGA1,APS,1,239.0,239.0,2.0,219.0,0.008368200836820083,0.5857740585774059,0.8619246861924681,0.7949790794979079,0.3807531380753137,0.0,0.6164383561643837,1.0,1.0,1.0,1.0,-27.615062761506216,-20.920502092050196,True
5141,Safah International Inc.,Soft Home,1,239.0,230.0,0.0,238.0,0.0,0.7238493723849372,0.9205020920502089,0.7864815491413956,0.5731275118743148,,0.726890756302521,,,,1.0,-19.665271966527175,-6.263217675645838,True
56361,Central Oriental RI 02893,Rugs,1,238.0,236.0,42.0,187.0,0.17647058823529413,0.8613445378151261,0.810924369747899,0.714900752288589,0.6308347684220068,1.0,0.8235294117647058,0.9047619047619048,1.0,0.8809523809523808,1.0,5.042016806722705,14.644378552653714,False
44973,East West Furniture TX 77047,Casegoods,1,238.0,237.0,0.0,238.0,0.0,0.9873949579831935,0.7899159663865548,0.8529411764705884,0.6680672268907564,,0.9873949579831935,,,,1.0,19.747899159663874,13.445378151260512,False
245985,BulbriteIndustries SC 29486,Lighting,1,237.0,235.0,0.0,237.0,0.0,0.9367088607594941,0.8101265822784807,0.8987341772151894,0.7004219409282698,,0.9367088607594941,,,,1.0,12.658227848101344,3.7974683544304666,False
450941,INNOMARK LIMITED CA 91768,Wayfair,1,237.0,226.0,0.0,236.0,0.0,0.8270042194092827,0.8734177215189867,0.8565696715164243,0.7215764211789412,,0.8305084745762712,,,,1.0,-4.641350210970396,-2.9565452107141565,False
229196,NingBo KaiMeiChen DianZiShangWu YouXian GA 31326,APS Home Improvement,1,237.0,237.0,11.0,180.0,0.046413502109704644,0.6540084388185654,0.8185654008438817,0.7890295358649787,0.5654008438818569,0.8181818181818182,0.6611111111111112,0.7272727272727272,0.8181818181818182,0.8181818181818182,1.0,-16.455696202531634,-13.50210970464133,True
276330,GuCang-NJ-11629,APS Home Improvement,1,236.0,236.0,0.0,228.0,0.0,0.8813559322033896,0.8262711864406781,0.8898305084745766,0.6355932203389832,,0.8815789473684208,,,,1.0,5.50847457627115,-0.8474576271186973,False
477106,E By Design LLC CA 92154,Soft Home,1,236.0,230.0,39.0,90.0,0.1652542372881356,0.7627118644067798,0.4406779661016949,0.3287220026350462,0.25696091348265265,0.8974358974358975,0.7000000000000004,0.41025641025641035,0.35897435897435903,0.25641025641025644,1.0,32.20338983050849,43.39898617717336,False
72184,"Tramontina USA, Inc. TX",Kitchen & Small Electrics,1,236.0,235.0,0.0,236.0,0.0,0.983050847457627,0.8855932203389825,0.9533898305084744,0.8262711864406778,,0.983050847457627,,,,1.0,9.745762711864458,2.9661016949152685,False
465304,Zhejiang Fuma Network Technology GA 31302 (2),APS K&D,1,235.0,233.0,0.0,235.0,0.0,0.8000000000000007,0.897872340425532,0.8680851063829783,0.47659574468085086,,0.8000000000000007,,,,1.0,-9.787234042553127,-6.80851063829776,False
339425,UnionHomeLLC NC 27406,Casegoods,1,235.0,210.0,12.0,219.0,0.05106382978723404,0.24255319148936166,0.5489361702127662,0.5354424874972822,0.4131115459882582,0.6666666666666666,0.21004566210045658,0.9166666666666666,1.0,1.0,2.0,-30.638297872340452,-29.288929600792052,True
463159,"JIANGSU YOAU INTELLIGENT TECHNOLOGY CO.,LTD. NJ 07032",APS Home Improvement,1,234.0,233.0,3.0,225.0,0.01282051282051282,0.8931623931623932,0.9102564102564101,0.9273247496423462,0.8375584167858848,1.0,0.8977777777777778,1.0,1.0,1.0,1.0,-1.7094017094016922,-3.4162356479953027,False
363356,Ning Bo Jing Wei Dian Zi Shang Wu You Xian Gong Si CA 92316,APS Outdoor,1,234.0,233.0,16.0,150.0,0.06837606837606838,0.717948717948718,0.8205128205128206,0.7608011444921313,0.5428040057224607,0.37499999999999994,0.7400000000000001,0.6875,0.75,0.25,1.0,-10.256410256410264,-4.285242654341337,True
31097,CAN_Benjamin Strollers Co Ltd.,Youth Furniture & Decor,1,234.0,234.0,0.0,234.0,0.0,0.7735042735042739,0.8888888888888891,0.8803418803418799,0.7863247863247864,,0.7735042735042739,,,,1.0,-11.538461538461519,-10.683760683760601,True
30837,Hamilton Beach Brands MS,Kitchen & Small Electrics,1,233.0,231.0,0.0,233.0,0.0,0.9828326180257516,0.9828326180257512,0.9699570815450647,0.9527896995708154,,0.9828326180257516,,,,1.0,4.440892098500626e-14,1.2875536480686955,False
62840,Empire Art Direct CA 91762,Decor,1,233.0,227.0,53.0,174.0,0.22746781115879827,0.9699570815450645,0.9012875536480687,0.8758924502506454,0.772899893665502,1.0,0.959770114942529,0.8867924528301886,0.9056603773584905,0.7924528301886788,1.0,6.866952789699587,9.40646312944191,False
402750,"Cleva North America, Inc. NJ 08527",Kitchen & Small Electrics,1,232.0,228.0,22.0,201.0,0.09482758620689655,0.7112068965517239,0.793103448275862,0.9268351226324519,0.7543641441913241,0.818181818181818,0.7014925373134325,0.9545454545454544,0.9545454545454544,0.7727272727272726,1.0,-8.189655172413811,-21.562822608072807,False
406618,LCCA5,APS Housewares & More,1,232.0,231.0,33.0,181.0,0.14224137931034483,0.6120689655172413,0.8749999999999997,0.9267896008227499,0.6077826409318121,0.6060606060606062,0.5911602209944752,0.9090909090909091,0.9696969696969696,0.5757575757575757,1.0,-26.293103448275833,-31.472063530550855,True
245525,Shenzhen Like Keji Youxiangongsi CA 92410,APS,1,232.0,223.0,0.0,232.0,0.0,0.5905172413793099,0.7413793103448276,0.8060344827586206,0.4698275862068965,,0.5905172413793099,,,,1.0,-15.086206896551769,-21.55172413793106,True
446229,hangzhouqiazhendianzishangwuyouxiangongsi KY 40218,Wayfair,1,232.0,229.0,0.0,229.0,0.0,0.9698275862068961,0.9310344827586211,0.9481703247459043,0.8403729905989589,,0.9737991266375542,,,,1.0,3.8793103448275024,2.1657261460991784,False
286666,"Shenzhen Laiwo Trading Co., Ltd. NJ 08512",APS,1,231.0,229.0,0.0,224.0,0.0,0.7316017316017316,0.7705627705627707,0.6795071740486587,0.5193387398627574,,0.7276785714285714,,,,1.0,-3.8961038961039085,5.209455755307291,False
342479,Whiz Core Inc CA 92346,Casegoods,1,231.0,229.0,6.0,208.0,0.025974025974025976,0.8008658008658007,0.7489177489177493,0.8529559959690964,0.6493953644608667,0.5,0.8028846153846152,0.8333333333333334,1.0,0.3333333333333333,1.0,5.1948051948051415,-5.209019510329571,False
319525,Obeetee Inc GA 30701,Rugs,1,231.0,227.0,0.0,230.0,0.0,0.9696969696969696,0.9264069264069266,0.9176786056311051,0.8440911702738945,,0.9739130434782608,,,,1.0,4.329004329004304,5.201836406586446,False
475733,"Ningbo FanKai E-commerce Co., Ltd. ON L9E 2J3",APS Home Improvement,1,231.0,228.0,0.0,231.0,0.0,0.8225108225108224,0.9393939393939396,0.9437229437229439,0.861471861471861,,0.8225108225108224,,,,2.0,-11.688311688311714,-12.121212121212144,True
20247,Quoizel SC,Lighting,1,230.0,223.0,0.0,230.0,0.0,0.991304347826087,0.9391304347826086,0.9130434782608696,0.8521739130434787,,0.991304347826087,,,,1.0,5.21739130434784,7.826086956521738,False
300261,MEGSU INC CA 90660,APS SEA,1,229.0,224.0,22.0,203.0,0.09606986899563319,0.7903930131004366,0.8515283842794756,0.8604415904292745,0.6209535538353272,1.0,0.7635467980295566,1.0,0.9545454545454546,0.9545454545454546,1.0,-6.1135371179039,-7.004857732883785,False
62940,HONGYE TECHNOLOGY CA 92879,APS,1,229.0,227.0,73.0,61.0,0.31877729257641924,0.965065502183406,0.9170305676855895,0.9131941936881635,0.8046508268939122,0.9863013698630136,0.983606557377049,1.0,0.9726027397260274,0.9726027397260274,1.0,4.803493449781648,5.187130849524257,False
430731,YIGOBUY INC GA 30297,APS Upholstery,1,228.0,226.0,0.0,182.0,0.0,0.5921052631578947,0.7105263157894736,0.9166099387338326,0.7982106389186036,,0.7252747252747253,,,,1.0,-11.842105263157887,-32.45046755759379,True
281331,NEW BKFARMHOUSE INC AI GA 30294,APS,1,228.0,228.0,2.0,207.0,0.008771929824561403,0.8771929824561405,0.8991228070175438,0.8815789473684209,0.6666666666666665,0.5,0.9227053140096619,0.5,1.0,0.0,1.0,-2.1929824561403244,-0.43859649122803823,False
70217,Sun Shine Rugs NY 14305,Rugs,1,228.0,224.0,19.0,208.0,0.08333333333333333,0.03070175438596491,0.8640350877192983,0.7941277472527473,0.5922905219780219,0.0,0.03365384615384615,1.0,0.9473684210526315,0.6842105263157895,2.0,-83.33333333333334,-76.34259928667824,True
363942,"Hangzhou Yude Consulting Co., Ltd. CA 92337",Wayfair,1,227.0,225.0,38.0,129.0,0.16740088105726872,0.7841409691629956,0.9207048458149777,0.7311248923341946,0.54671834625323,0.6315789473684209,0.8217054263565893,0.9473684210526315,0.8157894736842106,0.5789473684210527,1.0,-13.65638766519821,5.301607682880094,True
326234,"SAILI ELECTRONIC TECHNOLOGY CO., GA 31407",APS,1,227.0,225.0,0.0,223.0,0.0,0.9251101321585905,0.9162995594713652,0.8414349775784757,0.510971599402093,,0.9282511210762334,,,,1.0,0.8810572687225293,8.367515458011477,False
202324,Modern Forms TX 75104,Lighting,1,227.0,222.0,3.0,220.0,0.013215859030837005,0.4052863436123348,0.7621145374449341,0.7265561015561014,0.3389639639639638,0.0,0.41818181818181815,0.6666666666666666,0.6666666666666666,0.0,1.0,-35.682819383259925,-32.12697579437666,True
69435,GetMyRugs LLC SC,Rugs,1,226.0,218.0,6.0,220.0,0.02654867256637168,0.9513274336283181,0.8097345132743363,0.9381150959132611,0.9248540450375314,1.0,0.9499999999999995,0.8333333333333334,1.0,1.0,1.0,14.159292035398174,1.321233771505692,False
405870,CAN_NingBo KaiMeiChen DianZiShangWu YouXianGongSi ON L1J 0E7,APS Home Improvement,1,226.0,222.0,0.0,226.0,0.0,0.7787610619469023,0.9336283185840708,0.9070796460176992,0.805309734513274,,0.7787610619469023,,,,3.0,-15.48672566371685,-12.831858407079688,True
337547,shanghaihuzidianzishangwuyouxiangongsi TX 77053,APS Home Improvement,1,226.0,226.0,28.0,181.0,0.12389380530973451,0.8761061946902652,0.9026548672566376,0.9690265486725665,0.8053097345132746,0.8928571428571427,0.8839779005524859,0.8571428571428571,1.0,0.8571428571428571,1.0,-2.654867256637239,-9.292035398230137,False
269188,COMPHOME.CORP GA 31302,Youth Furniture & Decor,1,226.0,220.0,1.0,158.0,0.004424778761061947,0.7389380530973454,0.8495575221238936,0.703094073647871,0.41058256616800914,1.0,0.79746835443038,1.0,1.0,1.0,1.0,-11.061946902654817,3.5843979449474372,True
320729,"FoShan XiNiu Outdoor Product Co., Ltd NJ 08512 ",APS,1,226.0,219.0,0.0,224.0,0.0,0.5929203539823011,0.8274336283185842,0.601740867579909,0.2655536529680365,,0.5937500000000002,,,,1.0,-23.45132743362831,-0.8820513597607826,True
235639,FortyONE INC GA,APS Outdoor,1,225.0,223.0,16.0,181.0,0.07111111111111111,0.8799999999999999,0.8266666666666664,0.657285137378292,0.5016723236627604,0.8125,0.9337016574585634,0.5625,0.625,0.4375,1.0,5.3333333333333455,22.271486262170793,False
364920,BELOSD LTD CA 91761,Upholstery,1,225.0,223.0,24.0,87.0,0.10666666666666667,0.6933333333333331,0.7555555555555554,0.6849714365816965,0.5513609232012802,0.8333333333333331,0.5172413793103449,0.9166666666666666,0.9583333333333331,0.6666666666666666,1.0,-6.2222222222222285,0.8361896751636677,False
31503,"Top Knobs, Inc. CA 90065",Hardware,1,224.0,220.0,0.0,157.0,0.0,0.9017857142857142,0.7410714285714287,0.5570642733063113,0.40017371163867976,,0.8980891719745223,,,,1.0,16.071428571428548,34.472144097940294,False
38747,Hunter Fan MS,Lighting,1,223.0,221.0,0.0,223.0,0.0,0.9686098654708525,0.8834080717488793,0.9551569506726458,0.8430493273542603,,0.9686098654708525,,,,1.0,8.520179372197322,1.345291479820665,False
64753,CYE-WAY Inc CA 92335(2),APS Outdoor,1,223.0,211.0,8.0,203.0,0.03587443946188341,0.4394618834080718,0.7174887892376678,0.7723017299745525,0.5652184063689214,0.875,0.394088669950739,1.0,1.0,0.5,1.0,-27.8026905829596,-33.283984656648066,True
89213,YITA LLC NJ 08902,APS AEOF,1,223.0,223.0,1.0,221.0,0.004484304932735426,0.8923766816143492,0.9103139013452912,0.811659192825112,0.6950672645739909,1.0,0.8914027149321262,1.0,1.0,1.0,1.0,-1.7937219730941978,8.071748878923724,False
23632,Wees Beyond Products Corp.,Decor,1,223.0,222.0,31.0,190.0,0.13901345291479822,0.9282511210762331,0.9372197309417039,0.9596728307254622,0.8744665718349925,1.0,0.9157894736842104,0.9032258064516127,1.0,0.9032258064516127,1.0,-0.8968609865470767,-3.142170964922908,False
313215,Fiximaster LLC NJ 08857,APS K&D,1,222.0,221.0,14.0,204.0,0.06306306306306306,0.8603603603603595,0.936936936936937,0.8153890515482208,0.6621417797888383,0.7857142857142858,0.8627450980392147,0.857142857142857,1.0,0.5,1.0,-7.657657657657757,4.497130881213862,False
326147,OMAX LLC NJ 07207,Casegoods,1,222.0,222.0,0.0,222.0,0.0,1.0,0.9504504504504501,0.90990990990991,0.7837837837837838,,1.0,,,,1.0,4.954954954954993,9.009009009008995,False
427575,"MEIYING HOUSEHOLD GROUP CO.,LIMITED NJ 08505",APS AEOF,1,221.0,219.0,7.0,197.0,0.03167420814479638,0.8416289592760184,0.85972850678733,0.8008946990241755,0.6199615233062141,0.8571428571428571,0.8324873096446704,1.0,0.8571428571428571,0.7142857142857143,1.0,-1.8099547511311598,4.07342602518429,False
61782,Caffoz Furniture,Casegoods,1,221.0,213.0,15.0,201.0,0.06787330316742081,0.4117647058823531,0.742081447963801,0.7561955480811902,0.34071426903043467,0.7999999999999999,0.3731343283582091,0.8666666666666666,0.8666666666666666,0.6666666666666666,1.0,-33.03167420814479,-34.44308421988371,True
28327,Loom Decor,"PG Bedding, Bath & Window",1,220.0,217.0,26.0,189.0,0.11818181818181818,0.5045454545454547,0.9272727272727272,0.9221710189452129,0.881281544876015,0.30769230769230765,0.5449735449735452,0.7692307692307693,0.7692307692307693,0.7307692307692307,5.0,-42.27272727272725,-41.76255643997582,True
186349,DW-W-001,APS,1,220.0,218.0,0.0,219.0,0.0,0.7227272727272726,0.813636363636364,0.8954170332202249,0.636336977923003,,0.7214611872146117,,,,1.0,-9.09090909090915,-17.268976049295237,False
12877,Innova Hearth and Home,Decor,1,220.0,217.0,1.0,219.0,0.004545454545454545,0.9772727272727275,0.9681818181818181,0.9590934915725017,0.8863708099236157,0.0,0.9817351598173518,1.0,1.0,1.0,1.0,0.9090909090909371,1.8179235700225838,False
101813,"Zhejiang Xingyang Furniture Co.,Ltd. CA 92880",APS,1,220.0,218.0,0.0,220.0,0.0,0.9909090909090905,0.9318181818181818,0.8909090909090912,0.8454545454545456,,0.9909090909090905,,,,1.0,5.9090909090908745,9.99999999999993,False
248169,MSI TX 77523,Flooring,1,219.0,215.0,16.0,186.0,0.0730593607305936,0.6712328767123285,0.876712328767123,0.8260565141285321,0.528832208052013,0.4375,0.7365591397849459,0.8749999999999999,0.8749999999999999,0.4375,1.0,-20.547945205479458,-15.482363741620365,True
112691,Sign Leader Incorporation PA 19114,APS Youth,1,219.0,209.0,1.0,210.0,0.0045662100456621,0.9086757990867579,0.9223744292237441,0.8621553884711776,0.6566416040100249,1.0,0.9190476190476189,1.0,1.0,1.0,1.0,-1.3698630136986245,4.652041061558032,False
31035,Petmate TX 75134,Pet,1,219.0,218.0,28.0,180.0,0.1278538812785388,0.9406392694063926,0.872146118721461,0.8448521916411823,0.6987003058103978,0.9285714285714285,0.9444444444444444,0.7857142857142855,0.9285714285714285,0.7499999999999999,1.0,6.849315068493167,9.578707776521034,False
423893,YESURE INC. GA 31408,APS Outdoor,1,219.0,218.0,24.0,171.0,0.1095890410958904,1.0,0.9589041095890414,0.9406620526852297,0.885803959439884,1.0,1.0,0.9583333333333334,1.0,0.8749999999999999,1.0,4.109589041095862,5.933794731477027,False
333525,JiuJiangShiSangZhiKeJiYouXianGongSi CAN ON L1J 0E7,APS Bedroom,1,219.0,218.0,0.0,219.0,0.0,0.9543378995433788,0.9817351598173519,0.9863013698630136,0.9771689497716894,,0.9543378995433788,,,,2.0,-2.7397260273973156,-3.196347031963487,False
321452,NingBo KaiMeiChen DianZiShangWu YouXianGongSi CA 91761,APS Home Improvement,1,219.0,216.0,3.0,197.0,0.0136986301369863,0.6666666666666666,0.7625570776255707,0.7537366046249291,0.4893072006016168,0.6666666666666666,0.6649746192893401,1.0,1.0,1.0,1.0,-9.589041095890405,-8.706993795826246,False
54173,Encore Surfaces,Flooring,1,218.0,198.0,15.0,200.0,0.06880733944954129,0.7018348623853211,0.5871559633027527,0.6676767676767676,0.6212121212121215,0.8666666666666666,0.685,0.7333333333333333,0.9333333333333332,0.7999999999999999,2.0,11.467889908256845,3.4158094708553466,False
415290,"Hangzhou Yingpan Network Technology Co., Ltd GA 31326",APS Bedroom,1,218.0,215.0,2.0,169.0,0.009174311926605505,0.6055045871559633,0.7431192660550459,0.7158485084782044,0.4962494075195329,1.0,0.7159763313609466,1.0,1.0,1.0,1.0,-13.761467889908252,-11.034392132224102,True
98197,COMPHOME.CORP TX 75050,Youth Furniture & Decor,1,218.0,215.0,1.0,215.0,0.0045871559633027525,0.6422018348623854,0.8256880733944956,0.8302433747971877,0.4495186587344511,1.0,0.641860465116279,0.0,0.0,0.0,1.0,-18.34862385321102,-18.804153993480234,True
239663,YOHO Bedding INC CA 92410,APS Outdoor,1,218.0,217.0,23.0,171.0,0.10550458715596331,0.6009174311926603,0.8394495412844035,0.8258010617942705,0.5688684075780851,0.5217391304347826,0.6081871345029237,0.8695652173913042,0.9130434782608694,0.5652173913043479,1.0,-23.853211009174323,-22.48836306016102,True
356460,Ningbo Yishang International Trade Corporation ON L6Z 0J9,APS Outdoor,1,218.0,215.0,0.0,218.0,0.0,0.9862385321100918,0.9816513761467885,0.9633027522935782,0.9403669724770639,,0.9862385321100918,,,,1.0,0.458715596330328,2.2935779816513624,False
463093,深圳市栖梧生活装饰有限公司 NJ 08817,APS Decor,1,217.0,208.0,0.0,217.0,0.0,0.9953917050691241,0.8387096774193548,0.9124423963133638,0.7281105990783409,,0.9953917050691241,,,,1.0,15.668202764976936,8.294930875576034,False
475628,Tmekeeper INC._1 ON L5S 1W9,APS Bedroom,1,217.0,216.0,0.0,217.0,0.0,0.9493087557603682,0.9907834101382487,0.981566820276498,0.9677419354838713,,0.9493087557603682,,,,2.0,-4.147465437788044,-3.225806451612978,False
445814,Wuyouda-TX-03-HOU,APS Home Improvement,1,217.0,211.0,1.0,168.0,0.004608294930875576,0.7926267281105989,0.8571428571428571,0.8798239675016926,0.7694651320243737,1.0,0.8869047619047615,1.0,1.0,1.0,1.0,-6.451612903225823,-8.71972393910937,False
433287,Suzhouyidunyingbangjishuyouxiangongsi PA 18466,APS Outdoor,1,217.0,216.0,34.0,162.0,0.15668202764976957,0.4147465437788018,0.5115207373271886,0.6637231367169639,0.4009773662551442,0.23529411764705882,0.41975308641975306,0.17647058823529413,0.6470588235294117,0.20588235294117646,1.0,-9.67741935483868,-24.89765929381621,False
462006,"Henan Weiao Network Technology Co. , Ltd. CA 92316",Wayfair,1,216.0,213.0,3.0,193.0,0.013888888888888888,0.5925925925925926,0.8888888888888891,0.9074168673526475,0.6114719404509964,0.6666666666666666,0.5803108808290155,1.0,1.0,1.0,1.0,-29.62962962962965,-31.48242747600549,True
80961,Jersey 11750 CA 91730,APS Outdoor,1,216.0,213.0,0.0,216.0,0.0,0.7500000000000004,0.8842592592592595,0.7777777777777779,0.5416666666666665,,0.7500000000000004,,,,1.0,-13.425925925925908,-2.7777777777777457,True
284333,uniQstiQ FL 33334 - 5149 Oakland,Decor,1,215.0,200.0,22.0,187.0,0.10232558139534884,0.34418604651162776,0.5953488372093025,0.6610695187165773,0.5177005347593583,0.4090909090909091,0.336898395721925,0.5909090909090909,0.7272727272727273,0.6363636363636365,2.0,-25.11627906976748,-31.68834722049495,True
484625,  FANDING,APS Outdoor,1,215.0,214.0,70.0,106.0,0.32558139534883723,0.5767441860465117,0.6186046511627906,0.734306118850291,0.627093986951155,0.37142857142857144,0.7735849056603775,0.5714285714285715,0.5999999999999996,0.45714285714285713,2.0,-4.186046511627895,-15.756193280377929,False
430227,National Presto Industries MS 38858,Kitchen & Small Electrics,1,215.0,213.0,11.0,203.0,0.05116279069767442,0.8093023255813954,0.7813953488372093,0.9767570942898772,0.9302712828696316,1.0,0.7980295566502463,1.0,1.0,1.0,3.0,2.7906976744186074,-16.745476870848186,False
76773,Bolindee Sanitary Ware Inc. CO,APS,1,215.0,211.0,35.0,60.0,0.16279069767441862,0.7023255813953488,0.8232558139534883,0.8385466034755135,0.5500789889415482,0.657142857142857,0.7166666666666669,0.7714285714285714,0.8285714285714284,0.5428571428571429,1.0,-12.09302325581395,-13.622102208016463,True
109436,Topower Smart Home Limited GA 30122,APS,1,215.0,215.0,26.0,139.0,0.12093023255813953,0.7674418604651165,0.8372093023255814,0.8744186046511624,0.6279069767441859,0.6923076923076926,0.8273381294964033,0.9230769230769228,0.9615384615384615,0.6153846153846154,1.0,-6.97674418604649,-10.697674418604585,False
113370,EasyWay TX 78526,Outdoor Furniture,1,214.0,212.0,0.0,214.0,0.0,0.6028037383177569,0.8598130841121499,0.897196261682243,0.8317757009345794,,0.6028037383177569,,,,2.0,-25.700934579439295,-29.439252336448607,True
410552,"Fuzhou Xiaohao Er Trading Co., Ltd. NJ 08505",APS Housewares & More,1,214.0,211.0,11.0,199.0,0.0514018691588785,0.8317757009345792,0.8411214953271027,0.8924242063397554,0.7194265164685992,0.6363636363636364,0.8391959798994972,0.8181818181818182,0.9090909090909091,0.5454545454545454,1.0,-0.9345794392523477,-6.064850540517619,False
130098,guangzhoushilianyingwangluokejiyouxiang CA 91706,APS Home Improvement,1,214.0,213.0,0.0,214.0,0.0,0.9065420560747665,0.8831775700934575,0.8738317757009346,0.7289719626168226,,0.9065420560747665,,,,1.0,2.3364485981308913,3.2710280373831835,False
375561,lijincheng canada L9T 0K1,APS Home Improvement,1,214.0,212.0,0.0,214.0,0.0,1.0,0.9859813084112151,0.9766355140186914,0.9766355140186914,,1.0,,,,2.0,1.4018691588784882,2.336448598130858,False
224490,CAINIAO-NJ,APS Youth,1,214.0,210.0,0.0,214.0,0.0,0.4999999999999998,0.7102803738317756,0.9345794392523368,0.5046728971962616,,0.4999999999999998,,,,1.0,-21.028037383177576,-43.4579439252337,True
240734,Shanghai ShangQuan WuLiu Co.Ltd CA 91752,APS Outdoor,1,214.0,209.0,0.0,210.0,0.0,0.4018691588785046,0.7850467289719626,0.8925723399407608,0.4720893141945774,,0.40952380952380946,,,,1.0,-38.3177570093458,-49.07031810622562,True
466149,"Suneegn Co., Limited NY 11788",APS Soft Home,1,214.0,200.0,0.0,201.0,0.0,0.6728971962616821,0.7383177570093459,0.7659969383849982,0.4717566016073482,,0.6815920398009949,,,,1.0,-6.5420560747663785,-9.309974212331607,False
284646,Shenzhenshiweilukejiyouxiangongsi GA 31407 ,APS,1,214.0,212.0,6.0,207.0,0.028037383177570093,0.6915887850467292,0.9065420560747661,0.8505149940752895,0.5748564397046759,0.5,0.7004830917874397,1.0,1.0,0.8333333333333334,1.0,-21.495327102803696,-15.892620902856036,True
359979,Zhongshan Shiyuemumu Dianzishangwuyouxiangongsi NJ 08901,Wayfair,1,213.0,213.0,36.0,155.0,0.16901408450704225,0.8028169014084505,0.9201877934272299,0.8685446009389667,0.6901408450704225,0.6666666666666666,0.8322580645161288,0.7777777777777778,0.972222222222222,0.6388888888888887,1.0,-11.737089201877938,-6.5727699530516155,True
11968,Betsy Drake Interiors GA 30036,Soft Home,1,213.0,209.0,0.0,213.0,0.0,0.7793427230046945,0.8638497652582158,0.9014084507042249,0.6760563380281691,,0.7793427230046945,,,,1.0,-8.450704225352123,-12.20657276995304,False
69287,General Sherman International Inc. NJ 08512 [2],APS,1,212.0,209.0,11.0,188.0,0.05188679245283019,0.6698113207547167,0.9433962264150942,0.8301944416166137,0.4904306220095692,0.36363636363636365,0.6968085106382975,0.9090909090909091,0.9090909090909091,0.36363636363636365,1.0,-27.35849056603775,-16.0383120861897,True
69944,Larksilk NJ,Decor,1,212.0,205.0,0.0,212.0,0.0,0.9811320754716983,0.8301886792452825,0.9433962264150949,0.9433962264150949,,0.9811320754716983,,,,5.0,15.094339622641584,3.773584905660343,False
353088,Aholicdeals Inc IL 60517,Soft Home,1,211.0,206.0,0.0,211.0,0.0,1.0,0.938388625592417,0.7582938388625593,0.682464454976303,,1.0,,,,1.0,6.161137440758302,24.17061611374407,False
302228,EVCO International CA 90670,Storage & Org - Frequency,1,211.0,207.0,22.0,186.0,0.10426540284360189,0.5118483412322277,0.7440758293838863,0.8148148148148154,0.7198587086385125,0.45454545454545464,0.5107526881720432,0.6363636363636364,0.6363636363636364,0.45454545454545464,2.0,-23.22274881516586,-30.296647358258777,True
88510,Factory Direct Wholesale LLC GA 30549,Casegoods,1,211.0,211.0,5.0,196.0,0.023696682464454975,0.5308056872037915,0.8151658767772516,0.8672985781990518,0.4786729857819906,0.8,0.5,0.8,1.0,0.8,1.0,-28.43601895734601,-33.64928909952602,True
350552,Dileep Essentials Inc DBA Ellementry PA 18091,Wayfair,1,211.0,209.0,0.0,211.0,0.0,0.9905213270142176,0.9668246445497628,0.9478672985781994,0.8957345971563981,,0.9905213270142176,,,,1.0,2.3696682464454777,4.265402843601818,False
328076,Tmekeeper INC. CA 92880,APS Bedroom,1,210.0,202.0,2.0,208.0,0.009523809523809525,0.6095238095238098,0.6571428571428571,0.7429550647372427,0.5854912414318351,0.5,0.6105769230769234,1.0,1.0,0.0,1.0,-4.761904761904734,-13.34312552134329,False
157952,Ningbo Qingyuejiatingyongpinyou CA 91730,APS Youth,1,210.0,206.0,8.0,185.0,0.0380952380952381,0.5238095238095238,0.8142857142857143,0.7665442141170293,0.5758331146680657,0.0,0.5351351351351351,0.25000000000000006,0.625,0.12500000000000003,1.0,-29.047619047619044,-24.27346903075055,True
66950,deconovo CA91748,APS,1,210.0,206.0,70.0,126.0,0.3333333333333333,0.16666666666666666,0.5428571428571428,0.48636153490522427,0.19987671443982127,0.15714285714285722,0.1825396825396825,0.5571428571428572,0.5571428571428572,0.2142857142857143,1.0,-37.61904761904762,-31.969486823855764,True
98360,Shenzhen Eclair Lighting Co CA 91730,APS Home Improvement,1,210.0,193.0,0.0,84.0,0.0,0.9380952380952381,0.8714285714285711,0.7802862077473476,0.6591413767579569,,0.8571428571428571,,,,1.0,6.666666666666698,15.780903034789052,False
307387,Golden Bull Marketing CA 91752,Outdoor Structures,1,210.0,191.0,16.0,116.0,0.0761904761904762,0.19047619047619055,0.461904761904762,0.6850514533309263,0.5880574110850335,0.12500000000000003,0.12068965517241381,0.375,0.8124999999999998,0.8124999999999998,4.0,-27.142857142857146,-49.45752628547358,True
175419,"Blue Paris Flowers, LLC AZ 85085",Decor,1,210.0,204.0,16.0,193.0,0.0761904761904762,0.7095238095238097,0.8380952380952382,0.8526109925835623,0.6620186934877574,0.625,0.7150259067357514,0.8749999999999999,0.9374999999999999,0.6875,1.0,-12.857142857142856,-14.308718305975265,True
137593,DaFangGuang-TX,APS Home Improvement,1,209.0,199.0,1.0,187.0,0.004784688995215311,0.8851674641148322,0.8277511961722487,0.7999623787386131,0.5459919920457903,0.0,0.9037433155080209,0.0,0.0,0.0,1.0,5.741626794258348,8.520508537621907,False
281506,Cosiest BZY NJ 08016,APS Outdoor,1,209.0,205.0,13.0,187.0,0.06220095693779904,0.9952153110047843,0.9856459330143542,0.890204773705491,0.847241424285901,1.0,0.9946524064171118,1.0,1.0,1.0,1.0,0.9569377990430117,10.501053729929332,False
348347,GNSSale GA 31419,Tabletop,1,208.0,202.0,19.0,181.0,0.09134615384615384,0.7692307692307694,0.9326923076923077,0.7644822493299049,0.5865652863628905,0.6842105263157896,0.7790055248618786,0.8947368421052629,0.7894736842105262,0.5263157894736842,1.0,-16.346153846153832,0.4748519900864445,True
349896,Que Linda Stationery Shop FL 34653,Outdoor Furniture,1,208.0,207.0,12.0,156.0,0.057692307692307696,0.42788461538461553,0.8221153846153845,0.567478013130187,0.35141830794004714,0.5833333333333333,0.3974358974358976,0.6666666666666666,0.5,0.3333333333333333,1.0,-39.42307692307689,-13.959339774557144,True
251367,CA02,APS,1,208.0,191.0,8.0,182.0,0.038461538461538464,0.8509615384615383,0.7403846153846154,0.591603858619565,0.38609528923665054,0.625,0.8681318681318679,1.0,0.875,0.875,1.0,11.05769230769229,25.935767984197334,False
335623,Tang Sheng (Shenzhen) International Trade GA 30281,APS,1,207.0,202.0,17.0,95.0,0.0821256038647343,0.4879227053140098,0.7536231884057971,0.7844944268862976,0.4365314726961417,0.5882352941176471,0.6842105263157898,0.8823529411764703,0.8823529411764705,0.5882352941176471,1.0,-26.570048309178734,-29.65717215722878,True
328411,YUANJING ELECTRONIC TECHNOLOGY CO LIMITED GA 31407,APS,1,207.0,205.0,2.0,195.0,0.00966183574879227,0.9371980676328506,0.7729468599033814,0.8647154471544714,0.5796122576610382,1.0,0.9589743589743595,1.0,1.0,0.5,1.0,16.425120772946922,7.248262047837928,False
204612,Designs Direct LLC LA 70501,Soft Home,1,207.0,203.0,2.0,197.0,0.00966183574879227,0.7246376811594203,0.9130434782608698,0.9613913130454353,0.9613913130454353,1.0,0.7157360406091371,1.0,1.0,1.0,4.0,-18.840579710144954,-23.675363188601505,True
317522,Nova California CA 90220,Lighting,1,206.0,195.0,42.0,158.0,0.20388349514563106,0.8349514563106799,0.8446601941747576,0.7626419993508599,0.6742616033755272,0.8333333333333331,0.8481012658227852,0.8809523809523812,0.833333333333333,0.7142857142857141,1.0,-0.9708737864077666,7.230945695982005,False
136020,Sellbyeway Corp NJ,Decor,1,206.0,206.0,0.0,206.0,0.0,0.9951456310679608,0.8980582524271845,0.864077669902912,0.6650485436893205,,0.9951456310679608,,,,1.0,9.708737864077632,13.106796116504881,False
321924,Samtons Lighting CA 91762,APS Home Improvement,1,206.0,201.0,0.0,206.0,0.0,0.766990291262136,0.8883495145631072,0.8203883495145633,0.6213592233009714,,0.766990291262136,,,,1.0,-12.135922330097115,-5.339805825242728,True
486565,CA91761EFR,APS Bedroom,1,206.0,203.0,0.0,206.0,0.0,0.7766990291262136,0.9271844660194173,0.8300970873786407,0.6213592233009707,,0.7766990291262136,,,,1.0,-15.04854368932037,-5.339805825242716,True
460134,"Chenxin Optoelectronic Co., Limited IL 60502",APS Outdoor,1,206.0,206.0,4.0,198.0,0.019417475728155338,0.7669902912621359,0.834951456310679,0.9126213592233005,0.8786407766990287,1.0,0.7777777777777778,1.0,1.0,1.0,1.0,-6.796116504854311,-14.563106796116454,False
344787,Shenzhenshi Daman Shiye Youxiangongsi GA 31326 (3),APS K&D,1,206.0,204.0,4.0,199.0,0.019417475728155338,0.3834951456310679,0.888349514563107,0.5678145630111339,0.2912109567445069,0.0,0.3969849246231155,0.75,0.25,0.25,1.0,-50.485436893203904,-18.431941738006596,True
37102,WS Bath Collections PA,Plumbing,1,206.0,199.0,31.0,170.0,0.15048543689320387,0.8155339805825241,0.7524271844660194,0.801418859000887,0.7333431865208395,0.838709677419355,0.8117647058823527,0.8064516129032261,0.8709677419354839,0.7741935483870969,1.0,6.310679611650471,1.411512158163708,False
402862,GigaCloud Technology USA Inc NJ 08527,APS Bedroom,1,205.0,200.0,4.0,199.0,0.01951219512195122,0.39999999999999986,0.7804878048780485,0.7464070351758793,0.38070351758793985,0.25,0.3969849246231154,0.75,0.75,0.5,1.0,-38.04878048780486,-34.64070351758794,True
212184,FSR INTERNATIONAL FREIGHT INC,Pet,1,204.0,203.0,0.0,203.0,0.0,0.9754901960784312,0.9362745098039211,0.9460797398626511,0.8823315295202501,,0.980295566502463,,,,1.0,3.921568627451011,2.941045621578009,False
334125,BLUEBELL INTERNATIONAL INC.CA ON L6Z 0J9,APS AEOF,1,204.0,202.0,0.0,204.0,0.0,0.6813725490196078,0.9411764705882353,0.9509803921568627,0.8676470588235292,,0.6813725490196078,,,,2.0,-25.980392156862752,-26.960784313725494,True
227590,Fourth Zodiac Inc NC 27249,APS Rugs,1,203.0,203.0,0.0,203.0,0.0,1.0,0.8965517241379309,0.9064039408866997,0.7142857142857145,,1.0,,,,1.0,10.344827586206906,9.359605911330027,False
269505,"Zhejiang Linya Co., Ltd CA 92337(3)",APS Home Improvement,1,203.0,201.0,16.0,133.0,0.07881773399014778,0.8620689655172413,0.8374384236453202,0.784087083380092,0.489021060112969,0.8749999999999998,0.8270676691729323,0.8749999999999998,1.0,0.6875000000000001,1.0,2.463054187192115,7.79818821371493,False
39648,Subway Tile Outlet,Flooring,1,203.0,191.0,9.0,194.0,0.04433497536945813,0.8669950738916248,0.9064039408866992,0.827764883683273,0.7046472715496307,0.8888888888888888,0.8659793814432981,0.8888888888888888,0.8888888888888888,0.7777777777777778,1.0,-3.94088669950744,3.9230190208351834,False
210940,OceanTailer GA 30721,Decor,1,203.0,195.0,7.0,183.0,0.034482758620689655,0.8620689655172412,0.881773399014778,0.8918873476250525,0.8428471346504135,0.42857142857142855,0.901639344262295,1.0,1.0,1.0,1.0,-1.970443349753681,-2.981838210781129,False
17646,Supreme Housewares,Tabletop,1,203.0,200.0,0.0,203.0,0.0,0.3694581280788177,0.8078817733990147,0.8916256157635464,0.4876847290640395,,0.3694581280788177,,,,1.0,-43.842364532019694,-52.21674876847287,True
349503,guangzhoushihaiyanwangluokejiyouxiangong CA 91708,APS Home Improvement,1,202.0,199.0,59.0,122.0,0.29207920792079206,0.9009900990099007,0.8564356435643562,0.8424087651371612,0.7781942499382156,0.8813559322033897,0.9016393442622946,0.830508474576271,0.915254237288135,0.8474576271186439,1.0,4.455445544554449,5.858133387273945,False
340017,House of Rohl NV 89165,PG Home Improvement,1,202.0,183.0,22.0,180.0,0.10891089108910891,0.8069306930693068,0.8960396039603961,0.8473284760170005,0.7202489374620523,0.9090909090909091,0.7944444444444443,1.0,0.909090909090909,0.909090909090909,1.0,-8.91089108910893,-4.03977829476937,False
37967,eCarpet Gallery NY 12919,Rugs,1,202.0,201.0,36.0,161.0,0.1782178217821782,0.8366336633663366,0.8465346534653461,0.9851673310466301,0.9802231080621736,0.6944444444444444,0.8881987577639752,0.7499999999999997,1.0,1.0,2.0,-0.9900990099009466,-14.853366768029353,False
49207,YouTheFan,Casegoods,1,202.0,198.0,0.0,202.0,0.0,0.8316831683168313,0.8415841584158416,0.9554455445544555,0.8019801980198022,,0.8316831683168313,,,,1.0,-0.9900990099010243,-12.376237623762421,False
370220,"Shenzhen Litian Technology Co., Ltd NJ 08817",APS Home Improvement,1,202.0,200.0,3.0,185.0,0.01485148514851485,0.9207920792079204,0.8712871287128714,0.7721081081081083,0.5691621621621624,1.0,0.9243243243243239,1.0,1.0,1.0,1.0,4.9504950495049,14.868397109981213,False
89980,Edis Home Limited CA 91708,APS Home Improvement,1,202.0,199.0,50.0,140.0,0.24752475247524752,0.9009900990099007,0.8861386138613856,0.8514716439339556,0.7871069633883703,0.8599999999999999,0.9142857142857139,0.8999999999999997,0.8999999999999997,0.8799999999999998,1.0,1.4851485148515087,4.95184550759451,False
363168,ningboxuxindianzishangwuyouxiangongsi PA 18466,APS Outdoor,1,201.0,199.0,43.0,145.0,0.21393034825870647,0.7910447761194033,0.8358208955223878,0.7714087679778203,0.45271183503725526,0.7906976744186045,0.7931034482758624,0.8604651162790696,0.9302325581395348,0.4883720930232558,1.0,-4.477611940298454,1.963600814158295,False
293558,"Ningbo Maowei E-commerce Co., Ltd. GA 30349",Wayfair,1,201.0,198.0,0.0,201.0,0.0,0.9950248756218905,0.9452736318407958,0.9601990049751241,0.850746268656716,,0.9950248756218905,,,,1.0,4.975124378109463,3.4825870646766344,False
307357,Domi Home Decor Inc GA 30517 ,APS Home Improvement,1,201.0,200.0,0.0,200.0,0.0,1.0,0.9502487562189054,0.9750000000000001,0.9549999999999997,,1.0,,,,1.0,4.975124378109463,2.499999999999991,False
327578,Linens Now TX 77025,Soft Home,1,201.0,199.0,18.0,181.0,0.08955223880597014,0.36815920398009944,0.6915422885572139,0.711596657319748,0.5172825453233015,0.3333333333333334,0.37016574585635353,0.5,0.8888888888888887,0.3888888888888889,2.0,-32.33830845771145,-34.343745333964854,True
324781,Shen Zhen Shi Qi Wen Shang Mao You Xian TX 77494,APS Bedroom,1,201.0,191.0,0.0,201.0,0.0,0.7313432835820892,0.8606965174129351,0.8159203980099496,0.5273631840796028,,0.7313432835820892,,,,1.0,-12.935323383084585,-8.457711442786042,True
132880,"Suzhou Hengrunda I/E Co., Ltd IL",APS,1,201.0,197.0,37.0,151.0,0.18407960199004975,0.9751243781094527,0.9701492537313432,0.8713819880996404,0.8166201633778197,0.9459459459459462,0.9867549668874173,0.9459459459459462,0.972972972972973,0.9459459459459462,1.0,0.4975124378109541,10.374239000981234,False
441881,ENSHINES INC GA 31405,APS Bedroom,1,201.0,195.0,2.0,199.0,0.009950248756218905,0.805970149253731,0.810945273631841,0.7911093931194435,0.5275093415796933,1.0,0.8040201005025123,1.0,1.0,1.0,1.0,-0.4975124378109985,1.48607561342875,False
121433,ShenZhen BeiMei GaoDuan GuoJi ShangWuZi CA 92571 ,APS,1,201.0,199.0,0.0,201.0,0.0,0.9950248756218902,0.9303482587064678,0.9253731343283582,0.8905472636815924,,0.9950248756218902,,,,1.0,6.467661691542248,6.965174129353202,False
454833,W Appliance Co. CA 92545,Appliances,1,200.0,200.0,52.0,138.0,0.26,0.7749999999999997,0.8799999999999997,0.9799999999999998,0.975,0.884615384615384,0.7391304347826085,0.8846153846153842,1.0,1.0,4.0,-10.499999999999998,-20.500000000000007,True
496641,"Ningbo Xiangni Technology Co., Ltd. CA 92508",APS AEOF,1,199.0,195.0,0.0,197.0,0.0,0.7185929648241209,0.8542713567839199,0.9346869712351945,0.6080177014187166,,0.7157360406091373,,,,1.0,-13.567839195979891,-21.609400641107356,True
39849,Beatriz Ball LA 70058,PG Housewares,1,199.0,188.0,9.0,190.0,0.04522613065326633,0.7939698492462315,0.6783919597989948,0.8192889137737959,0.6990201567749159,0.8888888888888888,0.7894736842105267,0.7777777777777778,0.8888888888888888,0.8888888888888888,1.0,11.557788944723669,-2.5319064527564383,False
71912,"Rubber-Cal, Inc. CA 92707",Flooring,1,199.0,197.0,0.0,199.0,0.0,0.864321608040201,0.9597989949748742,0.8944723618090452,0.743718592964824,,0.864321608040201,,,,1.0,-9.547738693467323,-3.015075376884424,False
293500,Fiximaster LLC CA 92337,APS K&D,1,199.0,195.0,14.0,171.0,0.07035175879396985,0.6582914572864321,0.8391959798994977,0.8547608337082021,0.5330334382965962,0.7142857142857143,0.6491228070175438,0.8571428571428571,1.0,0.6428571428571429,1.0,-18.090452261306556,-19.646937642176997,True
132427,Casartis Living GA 30680-2,Casegoods,1,198.0,194.0,24.0,169.0,0.12121212121212122,0.8131313131313131,0.8686868686868685,0.8740620996766911,0.6372842066735802,0.9166666666666665,0.7928994082840237,1.0,1.0,1.0,1.0,-5.555555555555536,-6.093078654537798,False
253297,General Sherman International Inc. GA 31407,APS,1,198.0,197.0,24.0,137.0,0.12121212121212122,0.7121212121212122,0.9191919191919194,0.7977324095001663,0.5047241468746525,0.3333333333333333,0.8248175182481751,0.9166666666666665,0.75,0.33333333333333326,1.0,-20.70707070707073,-8.561119737895417,True
351389,ZOOS DIGITAL LLC CA 91762,Casegoods,1,198.0,194.0,13.0,172.0,0.06565656565656566,0.8737373737373735,0.747474747474748,0.8387676816111244,0.7983696955166628,1.0,0.8604651162790694,0.9230769230769231,0.9230769230769231,0.9230769230769231,1.0,12.626262626262552,3.496969212624912,False
224489,CAINIAO-CA,APS Youth,1,198.0,196.0,19.0,169.0,0.09595959595959595,0.4747474747474749,0.7424242424242423,0.8686149015819349,0.499607535321821,0.21052631578947367,0.49704142011834335,0.5789473684210527,0.7894736842105261,0.21052631578947367,1.0,-26.76767676767674,-39.386742683445995,True
133030,Shenzhenshishuangrenxingkejiyouxiangongsi NJ 11729,APS Home Improvement,1,198.0,197.0,17.0,179.0,0.08585858585858586,0.9696969696969698,0.828282828282828,0.9040921078751097,0.8788531888948757,1.0,0.9664804469273744,1.0,1.0,1.0,1.0,14.141414141414188,6.560486182186009,False
323905,Shenzhenshi Shijihailiankejiyouxiangongsi IL 60439,APS Other,1,197.0,194.0,0.0,197.0,0.0,0.8020304568527921,0.8071065989847721,0.9289340101522839,0.6954314720812181,,0.8020304568527921,,,,1.0,-0.5076142131980044,-12.690355329949188,False
316083,Equal Fitness Inc CA 92571 ,Decor,1,197.0,197.0,0.0,197.0,0.0,0.7664974619289339,0.8680203045685273,0.9035532994923852,0.7563451776649753,,0.7664974619289339,,,,1.0,-10.152284263959343,-13.70558375634513,True
190030,"Hunan Xiangong Trading Co., Ltd FL 32128",APS Housewares & More,1,195.0,190.0,40.0,127.0,0.20512820512820512,0.7743589743589744,0.6871794871794872,0.7442387070037296,0.6009067550766682,0.85,0.748031496062992,0.7249999999999999,0.8749999999999998,0.7499999999999998,1.0,8.71794871794872,3.0120267355244756,False
270437,MetLife CA 91752,APS,1,195.0,191.0,1.0,189.0,0.005128205128205128,0.6153846153846156,0.8666666666666665,0.8716584946951436,0.5794343333610343,1.0,0.6137566137566141,1.0,1.0,0.0,1.0,-25.12820512820508,-25.62738793105279,True
354419,"Ningbo le verde home furnishing co.,ltd. GA 31408",APS Outdoor,1,195.0,189.0,3.0,171.0,0.015384615384615385,0.8615384615384617,0.846153846153846,0.8355147127076952,0.4810173582103408,0.3333333333333333,0.8947368421052633,1.0,1.0,1.0,1.0,1.5384615384615663,2.6023748830766524,False
269091,Shenzhen Chunxin E-Commerce Co CA 92410,Wayfair,1,194.0,192.0,28.0,150.0,0.14432989690721648,0.7680412371134021,0.8144329896907215,0.8249305555555555,0.6029166666666667,0.7857142857142857,0.78,0.7857142857142856,0.9642857142857143,0.6428571428571429,1.0,-4.639175257731942,-5.68893184421534,False
404426,"Shenzhen Putian Technology Co., Ltd CA 92571",Pet,1,194.0,194.0,7.0,182.0,0.03608247422680412,0.7525773195876289,0.7989690721649483,0.9278350515463918,0.7164948453608248,1.0,0.7362637362637363,0.8571428571428571,1.0,1.0,1.0,-4.639175257731942,-17.525773195876294,False
353016,Shenzhen Yusheng Network Technology Co CA 92335,APS Housewares & More,1,194.0,190.0,16.0,150.0,0.08247422680412371,0.7422680412371134,0.7886597938144333,0.8087543859649122,0.6106666666666668,0.6875000000000001,0.7266666666666666,0.75,1.0,0.6875000000000001,1.0,-4.639175257731987,-6.64863447277988,False
465347, USSAV03,APS K&D,1,194.0,184.0,0.0,168.0,0.0,0.7525773195876289,0.8402061855670098,0.7109976708074537,0.30927795031055894,,0.7380952380952381,,,,1.0,-8.762886597938092,4.157964878017517,False
344317,Shenzhenshi Daman Shiye Youxiangongsi NJ 08873,APS K&D,1,194.0,192.0,3.0,190.0,0.015463917525773196,0.9020618556701032,0.902061855670103,0.8917763157894734,0.7577850877192982,1.0,0.9000000000000001,1.0,1.0,1.0,1.0,2.220446049250313e-14,1.0285539880629857,False
432816,"Hangzhou Tingyun International Trading Co., Ltd. TX 77494",Wayfair,1,193.0,189.0,0.0,191.0,0.0,0.803108808290155,0.7875647668393783,0.9013546081608911,0.6682456577744535,,0.8115183246073294,,,,1.0,1.5544041450776702,-9.824579987073612,False
333999,Zhengzhou hanzhouboyang jinchukoumaoyiyouxiangongsi CAN ON L6Z 0J9,APS,1,193.0,189.0,0.0,193.0,0.0,0.9481865284974094,0.9740932642487047,0.9689119170984456,0.9222797927461138,,0.9481865284974094,,,,1.0,-2.590673575129532,-2.072538860103623,False
177777,"DreamSleep, LLC GA 30721",Soft Home,1,192.0,190.0,10.0,180.0,0.052083333333333336,0.0,0.4166666666666669,0.5157309941520467,0.38543859649122814,0.0,0.0,0.5,0.6,0.5,3.0,-41.66666666666669,-51.57309941520467,True
10866,Well-Traveled Living  FL 32034,Fireplaces & Grills,1,192.0,188.0,0.0,191.0,0.0,0.6406250000000003,0.8072916666666666,0.8854294307675175,0.7812743678288958,,0.6439790575916233,,,,2.0,-16.66666666666663,-24.480443076751712,True
121326,Shenzhen Zhichen Trading Co. LTD. NJ 08512,APS K&D,1,192.0,191.0,0.0,192.0,0.0,0.7395833333333334,0.7968749999999999,0.8333333333333336,0.6249999999999999,,0.7395833333333334,,,,1.0,-5.729166666666652,-9.375000000000021,False
475271,Dubidap On Inc. ON  L9E 2J3,Mattress,1,192.0,191.0,0.0,192.0,0.0,0.984375,0.9166666666666666,0.9010416666666664,0.833333333333333,,0.984375,,,,1.0,6.7708333333333375,8.333333333333359,False
366830,Manji（Jiaxing）Houseware Co. Ltd CA 91761,Wayfair,1,192.0,178.0,26.0,163.0,0.13541666666666666,0.6510416666666666,0.8906250000000001,0.805961047982142,0.47631249635454526,0.23076923076923078,0.7300613496932514,0.8846153846153845,0.6923076923076925,0.038461538461538464,1.0,-23.95833333333335,-15.491938131547533,True
370173,aifei(shanghai)kejiyouxiangongsi GA 30517,APS K&D,1,192.0,182.0,4.0,161.0,0.020833333333333332,0.5677083333333333,0.7239583333333334,0.8094356471685669,0.4869860987873411,0.0,0.6583850931677018,0.25,0.75,0.5,1.0,-15.62500000000001,-24.17273138352336,True
357179,"Dewenwils Network Technology Co., Ltd CA 92335",APS Home Improvement,1,191.0,191.0,0.0,191.0,0.0,0.6596858638743456,0.5968586387434555,0.9476439790575918,0.6492146596858642,,0.6596858638743456,,,,1.0,6.282722513089012,-28.79581151832462,False
50537,Brewster Home Fashions MA,Decor,1,191.0,186.0,5.0,136.0,0.02617801047120419,0.8743455497382199,0.8534031413612565,0.8751185958254267,0.8229364326375711,0.8,0.8676470588235293,0.8,1.0,0.8,1.0,2.0942408376963373,-0.07730460872068523,False
359311,Rug Tycoon NC 28792,Rugs,1,191.0,177.0,8.0,183.0,0.041884816753926704,0.7225130890052359,0.701570680628272,0.7599950603562716,0.7339075669167363,1.0,0.7103825136612025,1.0,1.0,1.0,2.0,2.094240837696393,-3.7481971351035703,False
106623,SCR Holding Co IL 60436,Storage & Org - Frequency,1,191.0,190.0,0.0,190.0,0.0,0.9685863874345549,0.9319371727748694,0.9423822714681442,0.8481440443213292,,0.9736842105263158,,,,1.0,3.6649214659685514,2.62041159664107,False
278779,"Buy Direct, LLC SC 29418",Plumbing,1,190.0,183.0,11.0,176.0,0.05789473684210526,0.37368421052631573,0.7052631578947364,0.7363387978142076,0.5308308494783903,0.45454545454545453,0.37499999999999994,0.7272727272727272,0.6363636363636364,0.3636363636363636,1.0,-33.15789473684207,-36.26545872878919,True
270936,"Felix Storch, Inc. NJ 08817",Appliances,1,190.0,177.0,15.0,172.0,0.07894736842105263,0.6842105263157893,0.5736842105263158,0.6966561555643153,0.5809026409144659,0.6000000000000001,0.6860465116279068,0.6666666666666667,0.9333333333333332,0.8,2.0,11.052631578947347,-1.2445629248525991,False
104550,shenzhenshi zhiaokeji youxiangongsi CA 91761,APS,1,190.0,185.0,0.0,185.0,0.0,0.7526315789473689,0.8421052631578942,0.8685171658144628,0.6422205989773555,,0.7513513513513518,,,,1.0,-8.947368421052538,-11.588558686709394,False
141329,Homebeez CA 91761,Upholstery,1,190.0,189.0,0.0,190.0,0.0,0.8526315789473685,0.9210526315789471,0.9263157894736838,0.7631578947368418,,0.8526315789473685,,,,1.0,-6.84210526315786,-7.368421052631524,False
60608,Tala North America Inc.,PG Home Improvement,1,190.0,185.0,26.0,158.0,0.1368421052631579,0.6421052631578946,0.7368421052631579,0.630174478275744,0.4513513513513512,0.30769230769230776,0.7025316455696201,0.4230769230769231,0.4230769230769231,0.23076923076923078,1.0,-9.473684210526322,1.1930784882150602,False
66028,Casper CA 92507,Mattress,1,190.0,189.0,34.0,151.0,0.17894736842105263,0.6315789473684211,0.8210526315789474,0.9052174217737129,0.6316969760678369,0.6764705882352942,0.6225165562913908,0.7352941176470589,0.8529411764705883,0.7058823529411765,1.0,-18.947368421052623,-27.363847440529177,True
308596,NJF02,APS,1,189.0,188.0,15.0,166.0,0.07936507936507936,0.24338624338624334,0.8624338624338626,0.7460266598308126,0.28569597539092556,0.33333333333333337,0.22891566265060237,0.8,0.8666666666666666,0.26666666666666666,1.0,-61.90476190476192,-50.264041644456924,True
437963,"VISION VORTEX CO.,LTD IL 60502",APS Outdoor,1,189.0,189.0,0.0,188.0,0.0,0.33862433862433844,0.587301587301587,0.7301587301587299,0.28042328042328035,,0.34042553191489344,,,,1.0,-24.867724867724856,-39.153439153439145,True
460592,Chengdu Xiaoduo Network Technology Co Ltd GA 31326,APS Home Improvement,1,189.0,185.0,6.0,156.0,0.031746031746031744,0.7724867724867722,0.8624338624338624,0.8685377685377684,0.6468963468963469,0.3333333333333333,0.8269230769230765,1.0,1.0,1.0,1.0,-8.994708994709022,-9.605099605099621,False
343375,ARTICLE-ET TECHNOLOGY DEVELOPMENT INC GA 30168,APS Bedroom,1,189.0,186.0,11.0,143.0,0.0582010582010582,0.7460317460317464,0.857142857142857,0.7982931047447176,0.6278291600872244,0.45454545454545453,0.8671328671328674,0.9090909090909091,0.9090909090909091,0.6363636363636364,1.0,-11.111111111111061,-5.226135871297122,True
270752,TANYA DECOR INC NJ 07305,Wayfair,1,188.0,188.0,26.0,154.0,0.13829787234042554,0.9414893617021274,0.9255319148936165,0.8936170212765959,0.797872340425532,0.9615384615384615,0.9415584415584412,0.9615384615384615,0.9615384615384615,0.8846153846153845,1.0,1.5957446808510856,4.787234042553146,False
294632,"Quanzhou Changkuai interactive e-commerce Co.,Ltd CA 91789",Wayfair,1,188.0,184.0,0.0,188.0,0.0,0.7872340425531917,0.9148936170212766,0.8723404255319147,0.7021276595744681,,0.7872340425531917,,,,1.0,-12.765957446808486,-8.510638297872298,True
460576,BaZhuaYu-CA-01,APS Home Improvement,1,188.0,187.0,13.0,101.0,0.06914893617021277,0.8138297872340428,0.8457446808510638,0.9096733202732036,0.6704611637634351,0.6923076923076922,0.8613861386138617,0.7692307692307693,0.6923076923076923,0.6153846153846153,1.0,-3.1914893617021045,-9.584353303916082,False
21133,Mantua OH 44139,Casegoods,1,188.0,187.0,13.0,173.0,0.06914893617021277,0.8776595744680845,0.8670212765957444,0.9096163951655282,0.7341040462427749,0.9230769230769231,0.8728323699421959,1.0,1.0,0.9230769230769231,1.0,1.0638297872340163,-3.1956820697443655,False
313380,CAIDI INC CA 92571,APS,1,187.0,179.0,1.0,185.0,0.0053475935828877,0.855614973262032,0.8502673796791442,0.8394081232070055,0.727162917107051,1.0,0.8594594594594593,1.0,1.0,1.0,1.0,0.5347593582887722,1.6206850055026423,False
368614,"Xiamenshi XingLan Trading Co., Ltd. IL 60517",APS Mattresses,1,187.0,184.0,0.0,187.0,0.0,0.25668449197860954,0.7112299465240641,0.8128342245989308,0.31550802139037437,,0.25668449197860954,,,,1.0,-45.45454545454546,-55.61497326203213,True
60799,Safdie NY 13607,Soft Home,1,187.0,183.0,3.0,184.0,0.016042780748663103,0.5882352941176469,0.8663101604278072,0.925160370634355,0.8663578047042051,1.0,0.5815217391304346,1.0,1.0,1.0,1.0,-27.807486631016033,-33.69250765167081,True
371127,"Decor Holding Group Co., LTD GA 30044",APS Home Improvement,1,187.0,177.0,0.0,57.0,0.0,0.8181818181818182,0.7272727272727271,0.8213576095824086,0.649809769970341,,0.7894736842105267,,,,1.0,9.090909090909117,-0.3175791400590322,False
373890,"Chengdu Mengxiangzhijia Information Technology Co., Ltd GA 30281",APS Bedroom,1,187.0,187.0,23.0,104.0,0.12299465240641712,0.983957219251337,0.8074866310160427,0.8930481283422457,0.7807486631016042,1.0,0.9903846153846154,0.8695652173913042,1.0,0.9130434782608694,1.0,17.647058823529427,9.090909090909127,False
46043,CW Furniture,Casegoods,1,187.0,187.0,20.0,163.0,0.10695187165775401,0.7807486631016046,0.9251336898395718,0.8770053475935824,0.818181818181818,0.7000000000000001,0.7852760736196323,1.0,0.9499999999999998,0.8499999999999999,1.0,-14.438502673796716,-9.625668449197777,True
184994,Ekena Millwork TX 75460 (2),Flooring,1,187.0,186.0,2.0,185.0,0.0106951871657754,0.8663101604278072,0.9411764705882354,0.8556233653007845,0.7754141238012205,1.0,0.8648648648648646,1.0,1.0,1.0,1.0,-7.486631016042821,1.0686795127022641,False
30725,Shelter Logic CA92337,Outdoor Structures,1,186.0,182.0,25.0,150.0,0.13440860215053763,0.7795698924731179,0.9193548387096774,0.8434432234432235,0.6873260073260075,0.64,0.8199999999999997,0.8,0.7200000000000002,0.52,1.0,-13.978494623655946,-6.387333097010561,True
94484,Comptree Inc TX 75050,APS,1,186.0,185.0,4.0,178.0,0.021505376344086023,0.7204301075268814,0.8333333333333331,0.8548739750986943,0.5269055572426358,0.75,0.7191011235955054,1.0,1.0,0.75,1.0,-11.290322580645174,-13.444386757181292,True
122134,AS Quality Rug MD,Rugs,1,186.0,185.0,0.0,186.0,0.0,0.9301075268817203,0.8172043010752686,0.8602150537634408,0.693548387096774,,0.9301075268817203,,,,1.0,11.290322580645162,6.989247311827951,False
455421, WE-CA4,APS AEOF,1,186.0,182.0,9.0,87.0,0.04838709677419355,0.8010752688172043,0.9193548387096776,0.8946570670708601,0.6419729695591764,0.5555555555555556,0.8390804597701151,1.0,1.0,1.0,1.0,-11.827956989247335,-9.358179825365587,True
217162,Phoebecat Inc CA5,APS,1,186.0,177.0,15.0,127.0,0.08064516129032258,0.6505376344086021,0.7903225806451611,0.7396867141358079,0.4575441654040504,0.6666666666666666,0.6692913385826771,0.9333333333333332,0.9333333333333332,0.6666666666666666,1.0,-13.978494623655902,-8.914907972720576,True
330118,NUU GARDEN CORPORATION GA 30122 (2),APS Outdoor,1,185.0,183.0,17.0,140.0,0.0918918918918919,0.5783783783783784,0.8378378378378378,0.67096018735363,0.4325526932084308,0.6470588235294118,0.6571428571428571,0.7058823529411766,0.7058823529411766,0.5882352941176471,1.0,-25.945945945945947,-9.25818089752517,True
316682,Ethnicraft USA LLC NC 27265 - Gallimore,PG Casegoods,1,185.0,175.0,29.0,143.0,0.15675675675675677,0.9027027027027024,0.7135135135135138,0.7927272727272728,0.7273526473526474,1.0,0.8741258741258738,1.0,1.0,0.9655172413793103,1.0,18.91891891891886,10.997542997542952,False
70741,Westin Outdoor CA,Outdoor Furniture,1,185.0,178.0,0.0,184.0,0.0,0.5567567567567567,0.6810810810810811,0.8862970200293108,0.47016976062530524,,0.5597826086956521,,,,1.0,-12.432432432432439,-32.954026327255406,True
172898,Wolf Steel USA KY,Fireplaces & Grills,1,185.0,183.0,7.0,178.0,0.03783783783783784,0.6702702702702701,0.6108108108108109,0.8648615460182965,0.6864370356726223,0.5714285714285714,0.6741573033707863,0.5714285714285714,0.8571428571428571,0.5714285714285714,1.0,5.945945945945919,-19.459127574802636,False
286121,"Hangzhou Saili Digital Technology co., Ltd CA 91761",APS K&D,1,185.0,175.0,2.0,177.0,0.010810810810810811,0.8324324324324325,0.9027027027027027,0.8436481033091199,0.6812590799031476,1.0,0.8361581920903954,1.0,1.0,0.5,1.0,-7.027027027027022,-1.12156708766874,False
38250,Top Fabric,PG Textiles,1,185.0,176.0,50.0,127.0,0.2702702702702703,0.9027027027027027,0.9459459459459459,0.9200071581961345,0.8217609162491049,0.9600000000000002,0.8897637795275589,0.9600000000000002,0.9799999999999999,0.8399999999999999,1.0,-4.324324324324325,-1.7304455493431847,False
30961,Future Foam NC27263,Mattress,1,184.0,182.0,7.0,177.0,0.03804347826086957,0.9728260869565217,0.9021739130434783,0.9021543428323088,0.8206680325324389,0.8571428571428571,0.9774011299435028,1.0,0.8571428571428571,0.8571428571428571,1.0,7.065217391304346,7.067174412421295,False
265925,SIS Covers MN,Soft Home,1,184.0,182.0,0.0,184.0,0.0,0.9782608695652172,0.8315217391304346,0.9402173913043477,0.8586956521739127,,0.9782608695652172,,,,1.0,14.67391304347826,3.804347826086951,False
412093,RAYS LTD CA 92374,APS Home Improvement,1,184.0,182.0,5.0,176.0,0.02717391304347826,0.6358695652173911,0.7499999999999999,0.9239510489510487,0.6197552447552445,0.4,0.6363636363636362,1.0,1.0,1.0,1.0,-11.413043478260876,-28.80814837336576,True
172965,BLUEBELL INTERNATIONAL INC. CA 91761,APS,1,184.0,184.0,0.0,184.0,0.0,0.9402173913043478,0.9130434782608697,0.907608695652174,0.7663043478260875,,0.9402173913043478,,,,1.0,2.717391304347805,3.2608695652173836,False
335097,Guangzhou Hansong Household Products Co NJ 08016,APS Youth,1,184.0,182.0,8.0,174.0,0.043478260869565216,0.9565217391304351,0.9293478260869563,0.9239610963748893,0.8641530882910189,0.875,0.9597701149425291,0.875,1.0,0.875,1.0,2.7173913043478826,3.256064275554582,False
127631,Shenzhen Zhichen Trading Co. LTD. CA 91761,APS K&D,1,184.0,184.0,1.0,183.0,0.005434782608695652,0.7989130434782609,0.8206521739130435,0.885869565217391,0.6358695652173914,1.0,0.7978142076502732,1.0,1.0,1.0,1.0,-2.1739130434782594,-8.695652173913015,False
278744,CAN_Tmekeeper INC. ON L1J 0E7,APS,1,183.0,183.0,0.0,183.0,0.0,0.9071038251366121,0.9672131147540989,0.9726775956284155,0.9453551912568304,,0.9071038251366121,,,,2.0,-6.010928961748673,-6.557377049180335,False
431869,谷仓NJ-19[新泽西19号仓],APS AEOF,1,183.0,182.0,0.0,181.0,0.0,0.989071038251366,0.9890710382513663,0.9180074069576828,0.825116872078198,,0.9889502762430937,,,,1.0,-3.3306690738754696e-14,7.1063631293683205,False
228363,MMT Furniture Designs PA 19124,Casegoods,1,183.0,182.0,23.0,155.0,0.12568306010928962,0.7923497267759559,0.7923497267759563,0.7760014179369016,0.5846508330379294,0.782608695652174,0.7870967741935481,0.6956521739130437,0.8695652173913042,0.5652173913043479,1.0,-3.3306690738754696e-14,1.634830883905436,False
108992,Ningbo NSC FOREIGN TRADE & SERVICE NJ 07305,APS,1,182.0,182.0,12.0,168.0,0.06593406593406594,0.6978021978021979,0.8681318681318678,0.7197802197802199,0.49999999999999994,0.8333333333333334,0.6964285714285715,0.9166666666666666,0.9166666666666666,0.8333333333333334,1.0,-17.032967032966994,-2.197802197802201,True
269094,"MLILYUSA, INC. NJ 08837",APS Mattresses,1,182.0,180.0,0.0,182.0,0.0,0.8131868131868132,0.9175824175824178,0.9175824175824175,0.7637362637362638,,0.8131868131868132,,,,1.0,-10.439560439560458,-10.439560439560436,True
252581,JXY HOME LLC CA 92335,APS Decor,1,181.0,177.0,0.0,101.0,0.0,0.8784530386740331,0.9116022099447514,0.9348884040946468,0.8024277003971583,,0.8514851485148516,,,,1.0,-3.314917127071826,-5.6435365420613675,False
425764,Ningbo Xinxi Trading Co. GA 30517,APS Bedroom,1,181.0,180.0,23.0,139.0,0.1270718232044199,1.0,0.900552486187845,0.8509992006394884,0.7349320543565151,1.0,1.0,0.826086956521739,0.9565217391304346,0.869565217391304,1.0,9.9447513812155,14.900079936051158,False
325758,"MEIYING HOUSEHOLD GROUP CO.,LIMITED GA 31407",APS,1,181.0,179.0,5.0,158.0,0.027624309392265192,0.9281767955801102,0.8729281767955798,0.889682483558447,0.602574075383636,0.8,0.924050632911392,0.8,1.0,0.8,1.0,5.524861878453047,3.84943120216632,False
150560,"WENZHOU KINGMAX PRODUCTS CO.,LTD CA 90058",APS Decor,1,180.0,170.0,0.0,180.0,0.0,0.9333333333333333,0.7611111111111113,0.8722222222222227,0.7611111111111114,,0.9333333333333333,,,,1.0,17.222222222222207,6.111111111111067,False
63269,MM CASA CA 91761,APS,1,180.0,176.0,16.0,143.0,0.08888888888888889,0.7722222222222223,0.8722222222222219,0.8174268912905274,0.616854736172918,0.625,0.7832167832167833,0.8749999999999999,0.9374999999999999,0.6250000000000001,1.0,-9.999999999999964,-4.520466906830512,False
27327,Regency OH,Wayfair Professional,1,180.0,179.0,11.0,167.0,0.06111111111111111,0.9222222222222223,0.9444444444444441,0.8889372093801228,0.8667246512561466,0.9090909090909091,0.9221556886227545,1.0,1.0,1.0,2.0,-2.222222222222181,3.3285012842099504,False
27440,Rio Home Fashions CA,Mattress,1,180.0,177.0,23.0,153.0,0.12777777777777777,0.538888888888889,0.9333333333333331,0.8114545253129501,0.510911709316495,0.565217391304348,0.5294117647058825,0.9565217391304346,0.9130434782608694,0.43478260869565216,1.0,-39.444444444444414,-27.256563642406118,True
253107,Over and Back Inc. PA 19030,Tabletop,1,180.0,177.0,0.0,180.0,0.0,0.9611111111111115,0.8833333333333333,0.9333333333333332,0.7611111111111111,,0.9611111111111115,,,,1.0,7.777777777777817,2.7777777777778234,False
255131,Kulamoon INC. GA 31405,Recreation,1,180.0,177.0,9.0,164.0,0.05,0.7222222222222222,0.872222222222222,0.8000206696982224,0.32199944880804754,0.4444444444444444,0.7560975609756097,0.8888888888888888,0.8888888888888888,0.11111111111111113,1.0,-14.99999999999998,-7.779844747600018,True
494265,shen zhen shi da rui feng mao yi you xian gong si CA 91746,APS Housewares & More,1,180.0,174.0,0.0,179.0,0.0,0.8722222222222219,0.8222222222222224,0.9055737494381301,0.7776279458036345,,0.8770949720670388,,,,1.0,4.9999999999999485,-3.335152721590817,False
236461,Americanflat Corp CA 92335,Decor,1,179.0,177.0,0.0,152.0,0.0,0.9553072625698324,0.776536312849162,0.8036723163841805,0.7141688968183166,,0.9473684210526315,,,,1.0,17.87709497206704,15.163494618565199,False
443968,Xingchen-NJ,APS Rugs,1,179.0,178.0,0.0,175.0,0.0,0.7709497206703914,0.7430167597765366,0.9049438202247192,0.7205778491171749,,0.7828571428571431,,,,1.0,2.7932960893854775,-13.399409955432784,False
336805,TheRoostHomeProducts NC 28001,Tabletop,1,179.0,175.0,29.0,132.0,0.16201117318435754,0.5921787709497207,0.8100558659217877,0.8661471861471858,0.5156709956709958,0.7931034482758622,0.5,0.8965517241379308,0.8965517241379308,0.6896551724137931,1.0,-21.7877094972067,-27.396841519746506,True
58218,"VM MP, LLC IN 46143",Storage & Org - Frequency,1,179.0,179.0,0.0,175.0,0.0,0.9832402234636868,0.9608938547486033,0.9776536312849162,0.9553072625698332,,0.9885714285714282,,,,1.0,2.2346368715083442,0.5586592178770555,False
19273,Storkcraft USA CA 91708,Youth Furniture & Decor,1,179.0,175.0,17.0,155.0,0.09497206703910614,0.6256983240223463,0.8547486033519547,0.6872258064516129,0.41869124423963155,0.7058823529411765,0.6322580645161289,0.8823529411764703,0.764705882352941,0.3529411764705883,1.0,-22.90502793296084,-6.1527482429266644,True
266756,Danson Inc GA 31904,Grills,1,178.0,172.0,0.0,178.0,0.0,0.6910112359550562,0.7415730337078652,0.8370786516853931,0.5505617977528092,,0.6910112359550562,,,,1.0,-5.0561797752809,-14.606741573033688,False
331421,East Grove Home LLC GA 30122,Wayfair,1,178.0,176.0,0.0,168.0,0.0,0.7191011235955053,0.9101123595505615,0.8874458874458871,0.8032332251082249,,0.7202380952380948,,,,2.0,-19.10112359550562,-16.834476385038187,True
349413,GUCANG-LA-21,APS Home Improvement,1,178.0,173.0,1.0,173.0,0.0056179775280898875,0.8820224719101124,0.893258426966292,0.8761736108790806,0.74690099903104,1.0,0.884393063583815,1.0,0.0,0.0,1.0,-1.123595505617958,0.5848861031031771,False
358346,Perilla Home LLC PA 19116,Hardware,1,178.0,171.0,0.0,178.0,0.0,0.7696629213483148,0.7191011235955052,0.7303370786516854,0.46067415730337086,,0.7696629213483148,,,,1.0,5.056179775280967,3.932584269662942,False
205838,Shenzhen Zhichen Trading Co. LTD. CA 92410,APS K&D,1,178.0,175.0,1.0,174.0,0.0056179775280898875,0.5842696629213484,0.758426966292135,0.836847290640394,0.5672906403940887,1.0,0.5919540229885059,1.0,1.0,1.0,1.0,-17.41573033707866,-25.257762771904556,True
123461,Tiger Supplies DBA Adir Corp SC 29379,Casegoods,1,178.0,170.0,20.0,155.0,0.11235955056179775,0.6629213483146067,0.876404494382023,0.7874636306135357,0.5286654016445286,0.45,0.6967741935483871,0.75,0.85,0.45,1.0,-21.348314606741624,-12.454228229892905,True
234991,"Pujiang Wenxin Home Textile Co.,ltd CA 90040",APS,1,178.0,167.0,26.0,147.0,0.14606741573033707,0.5168539325842697,0.7359550561797753,0.726302497046723,0.4803046967289909,0.6153846153846154,0.5102040816326532,0.8461538461538461,0.8846153846153845,0.7307692307692307,1.0,-21.91011235955056,-20.944856446245332,True
355986,"Shenzhen Yaqi Furniture Co., Ltd. CA 91730",APS Bedroom,1,178.0,174.0,0.0,114.0,0.0,0.46629213483146076,0.7078651685393257,0.6238467937084088,0.3086953644888083,,0.5350877192982457,,,,1.0,-24.157303370786494,-15.755465887694802,True
126976,Happy Girl NJ 08554,APS Outdoor,1,178.0,178.0,5.0,166.0,0.028089887640449437,0.6067415730337073,0.7752808988764046,0.7752808988764045,0.5168539325842697,0.8,0.6024096385542164,1.0,1.0,0.8,1.0,-16.853932584269728,-16.853932584269714,True
460566,YXSUN COMPANY LTD GA 31326,APS Decor,1,178.0,172.0,14.0,128.0,0.07865168539325842,0.7752808988764042,0.8258426966292135,0.8144077034883722,0.6163699127906976,0.8571428571428571,0.8281249999999997,0.8571428571428571,0.8571428571428571,0.7857142857142857,1.0,-5.056179775280933,-3.9126804611968047,False
484005,"Mitchell Black, LLC IL 60613",PG Textiles,1,177.0,174.0,35.0,135.0,0.1977401129943503,0.8813559322033895,0.8700564971751409,0.9265644955300125,0.8181353767560664,0.6857142857142856,0.9333333333333329,0.7714285714285714,0.9142857142857143,0.5714285714285714,1.0,1.1299435028248594,-4.520856332662304,False
185941,Adowam Magic LLC CA 91710,Upholstery,1,177.0,176.0,37.0,119.0,0.20903954802259886,0.3954802259887006,0.8926553672316381,0.8361344537815124,0.4400783040488921,0.1891891891891892,0.5210084033613446,0.8108108108108109,0.8378378378378378,0.29729729729729726,1.0,-49.71751412429375,-44.065422779281185,True
359929,COFVIAL LTD NJ 08505,Soft Home,1,177.0,173.0,10.0,151.0,0.05649717514124294,0.7457627118644068,0.8248587570621467,0.7866822340466253,0.5545190062397123,0.7,0.7682119205298014,0.6,0.7999999999999999,0.3,1.0,-7.909604519773994,-4.09195221822185,False
329896,无忧达美东区NJJW04,APS,1,176.0,176.0,0.0,176.0,0.0,1.0,0.9090909090909091,0.9261363636363638,0.8352272727272724,,1.0,,,,1.0,9.090909090909093,7.386363636363624,False
23670,Kinfine USA Inc CA,Casegoods,1,176.0,174.0,1.0,174.0,0.005681818181818182,0.9886363636363636,0.9488636363636364,0.9203989959043465,0.8522261857576956,1.0,0.9942528735632183,1.0,1.0,1.0,1.0,3.9772727272727293,6.823736773201716,False
269408,Waterstone CA 92562,PG Home Improvement,1,176.0,164.0,25.0,143.0,0.14204545454545456,0.6931818181818185,0.8920454545454546,0.8263261129114785,0.7862016032747743,0.8799999999999999,0.6573426573426577,0.9599999999999999,0.9599999999999999,0.8799999999999999,2.0,-19.886363636363612,-13.314429472966005,True
309919,Nantong Xiaoxin Supply Chain Management CA 91768,APS,1,176.0,172.0,15.0,152.0,0.08522727272727272,0.5795454545454545,0.6647727272727274,0.6591187270501837,0.5169828641370867,0.4666666666666666,0.5789473684210525,0.39999999999999997,0.5333333333333333,0.39999999999999997,1.0,-8.522727272727293,-7.9573272504729236,False
322497,Whiz Core Inc CA 91761,Casegoods,1,176.0,173.0,1.0,174.0,0.005681818181818182,0.818181818181818,0.8750000000000001,0.7500498305760418,0.5569065178393461,1.0,0.8160919540229884,1.0,1.0,1.0,1.0,-5.68181818181821,6.813198760577621,False
182927,"Forest Products Distributors, Inc SC 29456",Flooring,1,175.0,172.0,10.0,161.0,0.05714285714285714,0.2857142857142858,0.76,0.6803770041889355,0.3203813375704172,0.4000000000000001,0.2732919254658386,0.9,0.9,0.6,1.0,-47.428571428571416,-39.466271847464974,True
72611,Fullrich Industries CO. TX,Outdoor Furniture,1,175.0,175.0,3.0,172.0,0.017142857142857144,0.9542857142857143,0.9371428571428573,0.8742857142857141,0.7542857142857146,1.0,0.9534883720930233,1.0,1.0,1.0,1.0,1.7142857142857015,8.000000000000018,False
346062,"FUFU and GAGA Trade Co., Ltd. CA 91761 (3)",APS Bedroom,1,174.0,171.0,2.0,170.0,0.011494252873563218,0.7068965517241378,0.7413793103448276,0.8389404884760919,0.4540419676642586,1.0,0.6999999999999998,1.0,1.0,1.0,1.0,-3.4482758620689835,-13.204393675195414,False
455360,SLM-CA2,APS Home Improvement,1,174.0,170.0,25.0,125.0,0.14367816091954022,0.8390804597701146,0.8850574712643675,0.8462588235294118,0.7253647058823529,0.8799999999999999,0.8319999999999996,0.8,1.0,0.8399999999999999,1.0,-4.597701149425292,-0.7178363759297257,False
37012,Avery Street Design Co,Decor,1,174.0,174.0,4.0,169.0,0.022988505747126436,0.9827586206896548,0.827586206896552,1.0,0.994252873563218,1.0,0.9822485207100589,0.5,1.0,1.0,3.0,15.517241379310276,-1.7241379310345195,False
429755,SLM NJ7,APS Outdoor,1,173.0,173.0,25.0,129.0,0.14450867052023122,0.9479768786127167,1.0,0.6705202312138729,0.5491329479768787,0.9599999999999999,0.9457364341085271,1.0,0.96,0.9199999999999998,1.0,-5.202312138728327,27.74566473988438,False
31933,"Good Ideas, Inc. PA 16423",Outdoor Structures,1,173.0,173.0,3.0,170.0,0.017341040462427744,0.4624277456647399,0.7745664739884393,0.6184971098265895,0.14450867052023125,0.6666666666666666,0.4588235294117647,1.0,1.0,0.0,1.0,-31.213872832369937,-15.606936416184958,True
285926,"Shenzhen Laiwo Trading Co., Ltd. NJ 08057",APS,1,173.0,156.0,0.0,173.0,0.0,0.6184971098265893,0.947976878612717,0.6705202312138728,0.5317919075144512,,0.6184971098265893,,,,2.0,-32.947976878612764,-5.202312138728349,True
399490,"Nantong Shenglei Textile Co., Ltd. CA 91710",Wayfair,1,173.0,172.0,0.0,173.0,0.0,0.6589595375722546,0.8959537572254336,0.7919075144508673,0.5664739884393066,,0.6589595375722546,,,,1.0,-23.699421965317903,-13.294797687861271,True
401154,DTI DIRECT MD 21224,Recreation,1,173.0,168.0,1.0,167.0,0.005780346820809248,0.5895953757225438,0.6473988439306356,0.25406330196749355,0.12125748502994024,1.0,0.5868263473053897,1.0,0.0,0.0,1.0,-5.780346820809179,33.55320737550503,False
24504,Elements International TX,Casegoods,1,173.0,170.0,0.0,173.0,0.0,0.6878612716763004,0.6820809248554913,0.8612716763005779,0.5433526011560694,,0.6878612716763004,,,,1.0,0.5780346820809079,-17.34104046242775,False
432100,"Ningbo Maowei E-commerce Co., Ltd. GA 31308",APS Outdoor,1,173.0,172.0,3.0,166.0,0.017341040462427744,0.9942196531791905,0.8670520231213866,0.9942210703278228,0.9653264219669376,1.0,0.9939759036144575,1.0,1.0,1.0,3.0,12.716763005780384,-0.00014171486323322213,False
354170,CAN_Amzmos ON L6Z 0B5,APS AEOF,1,173.0,173.0,0.0,173.0,0.0,0.9421965317919075,0.9421965317919072,0.9479768786127166,0.9017341040462427,,0.9421965317919075,,,,1.0,3.3306690738754696e-14,-0.5780346820809079,False
457269,JANSPORT MUCY TRADING INC CA 91752,APS Mattresses,1,172.0,168.0,24.0,133.0,0.13953488372093023,0.9011627906976745,0.9534883720930234,0.8845327604726101,0.7560866451843891,1.0,0.8872180451127819,0.9583333333333331,1.0,0.8749999999999999,1.0,-5.232558139534893,1.6630030225064374,False
267770,YantaiAifengdianzisha GA 31405,APS,1,172.0,169.0,0.0,171.0,0.0,0.8023255813953488,0.8139534883720931,0.9069864009135267,0.5813349942904599,,0.8011695906432749,,,,1.0,-1.1627906976744318,-10.466081951817785,False
461198,"ChengduoujialongTechnology Co., Ltd CA 92374",APS Mattresses,1,172.0,172.0,38.0,106.0,0.22093023255813954,0.9941860465116279,0.88953488372093,0.8372093023255814,0.7906976744186045,1.0,1.0,0.8421052631578946,1.0,0.8947368421052629,1.0,10.465116279069786,15.697674418604645,False
490934,wuhanminganxinnuodianzishangwuyouxiangongsi NJ 08831,APS Decor,1,172.0,170.0,0.0,113.0,0.0,0.8546511627906976,0.6104651162790696,0.33628318584070793,0.16777719937532537,,0.7876106194690266,,,,1.0,24.418604651162802,51.83679769499897,False
301116,"Golden Bull Marketing, LLC SC 29486",Outdoor Structures,1,171.0,165.0,26.0,130.0,0.15204678362573099,0.9824561403508768,0.8070175438596487,0.9595337995337995,0.9595337995337995,1.0,0.9769230769230766,0.8846153846153845,1.0,1.0,1.0,17.543859649122805,2.2922340817077336,False
239237,Xia Men Shangyi Xing Trading INC CA 90606,APS Home Improvement,1,171.0,166.0,17.0,147.0,0.09941520467836257,0.6783625730994153,0.9122807017543859,0.8241947381362182,0.6199082042455535,0.4705882352941176,0.707482993197279,0.8823529411764703,0.8235294117647058,0.6470588235294119,1.0,-23.391812865497062,-14.583216503680296,True
367059,Kurio King Inc. CA 91980,Wayfair,1,171.0,159.0,0.0,171.0,0.0,0.8654970760233918,0.8479532163742688,0.8947368421052632,0.8947368421052632,,0.8654970760233918,,,,3.0,1.7543859649122973,-2.92397660818714,False
288471,SuzhouSuogesiNetwork CA 92410,APS,1,171.0,165.0,21.0,131.0,0.12280701754385964,0.7309941520467834,0.8304093567251464,0.7959287531806615,0.6122137404580151,0.47619047619047616,0.8091603053435112,0.5238095238095238,0.9047619047619048,0.42857142857142855,1.0,-9.941520467836295,-6.493460113387806,False
76162,"TIANJIN HELI SCIENCE AND TECHNOLOGY CO., NJ 08505",APS,1,171.0,168.0,11.0,158.0,0.06432748538011696,0.5672514619883042,0.8304093567251464,0.6846745027124775,0.39775467148884874,0.36363636363636365,0.5759493670886077,0.7272727272727272,1.0,0.36363636363636365,1.0,-26.315789473684216,-11.742304072417332,True
120463,TMS CA 90670,Casegoods,1,171.0,162.0,19.0,151.0,0.1111111111111111,0.06432748538011697,0.47953216374269014,0.33455972528820216,0.09398250347477721,0.21052631578947367,0.04635761589403975,0.736842105263158,0.47368421052631576,0.1578947368421053,1.0,-41.52046783625732,-27.02322399080852,True
90806,Zaer Ltd. International PA 19446,Decor,1,170.0,168.0,0.0,170.0,0.0,0.9882352941176471,0.8941176470588237,0.8588235294117643,0.7411764705882352,,0.9882352941176471,,,,1.0,9.41176470588234,12.941176470588278,False
182999,LT Home Living Inc. CA 92337,Upholstery,1,170.0,166.0,30.0,121.0,0.17647058823529413,0.26470588235294124,0.7117647058823529,0.7644130239968139,0.5513292840784627,0.13333333333333333,0.28925619834710753,0.6666666666666665,0.7333333333333331,0.4333333333333334,2.0,-44.70588235294116,-49.97071416438727,True
315038, B205-CA,APS Upholstery,1,170.0,170.0,3.0,152.0,0.01764705882352941,0.8294117647058822,0.8411764705882351,0.6117647058823531,0.4470588235294118,1.0,0.8223684210526314,1.0,1.0,1.0,1.0,-1.17647058823529,21.764705882352906,False
46254,Darby Creek Trading,Decor,1,170.0,166.0,21.0,146.0,0.12352941176470589,0.6058823529411766,0.7235294117647058,0.9295263244759863,0.8883479121967319,0.6666666666666667,0.5958904109589043,0.8095238095238093,0.9523809523809522,0.9047619047619045,2.0,-11.76470588235291,-32.364397153480965,True
213755,Onward Manufacturing IN 46750,Grills,1,170.0,168.0,7.0,163.0,0.041176470588235294,0.8176470588235294,0.876470588235294,0.9351811276657903,0.7646801051709027,0.7142857142857143,0.8220858895705522,0.8571428571428571,0.7142857142857143,0.7142857142857143,1.0,-5.88235294117646,-11.753406884226091,False
112690,Sign Leader Incorporation TX 75041,APS Youth,1,169.0,159.0,11.0,145.0,0.0650887573964497,0.48520710059171596,0.9408284023668637,0.841899804814574,0.34287573194534826,0.6363636363636364,0.4413793103448276,0.9090909090909091,1.0,0.8181818181818182,1.0,-45.562130177514774,-35.66927042228581,True
310889,PGM GROUP dba EMERGE WORLDWIDE CA 91789,Kitchen & Small Electrics,1,169.0,165.0,17.0,148.0,0.10059171597633136,0.8520710059171596,0.893491124260355,0.8702702702702702,0.7698607698607699,0.9411764705882352,0.8378378378378376,1.0,1.0,0.9411764705882352,1.0,-4.142011834319548,-1.819926435311059,False
54986,AG Decor NY 14305,Flooring,1,169.0,163.0,5.0,161.0,0.029585798816568046,0.443786982248521,0.7396449704142011,0.8169035552337762,0.7342148382425788,0.8,0.4223602484472052,1.0,1.0,1.0,2.0,-29.58579881656801,-37.311657298525525,True
250568,"SCRIST, Inc. RST Brands LLC GA 30103",Outdoor Furniture,1,169.0,161.0,1.0,153.0,0.005917159763313609,0.41420118343195256,0.49112426035502976,0.461437908496732,0.23763244428206057,0.0,0.40522875816993453,0.0,1.0,1.0,1.0,-7.69230769230772,-4.723672506477944,False
441396,"Chengdu Mengxiangzhijia Information Technology Co., Ltd NJ 08505",APS Bedroom,1,169.0,167.0,14.0,146.0,0.08284023668639054,0.6686390532544381,0.8461538461538465,0.8166680337954227,0.5560659502911983,0.5714285714285714,0.6917808219178084,0.42857142857142855,0.8571428571428571,0.42857142857142855,1.0,-17.751479289940843,-14.802898054098467,True
253505,General Sherman International Inc. CA92337(3),APS,1,169.0,169.0,20.0,128.0,0.11834319526627218,0.680473372781065,0.8106508875739643,0.763313609467456,0.5562130177514795,0.7000000000000001,0.6953124999999999,0.8499999999999999,1.0,0.7999999999999998,1.0,-13.01775147928993,-8.284023668639096,True
94151,aibinka LLC CA 91748 (2),APS,1,169.0,163.0,0.0,169.0,0.0,0.9230769230769231,0.8698224852071004,0.8816568047337277,0.8520710059171597,,0.9230769230769231,,,,1.0,5.325443786982276,4.142011834319548,False
23903,Adeco Trading CA 91761,Upholstery,1,168.0,168.0,0.0,168.0,0.0,0.7083333333333331,0.9047619047619045,0.8869047619047614,0.6130952380952381,,0.7083333333333331,,,,1.0,-19.64285714285714,-17.857142857142826,True
408979,lijincheng canada M9W 0A9,APS Home Improvement,1,168.0,168.0,0.0,168.0,0.0,0.8690476190476187,0.9583333333333337,0.9583333333333337,0.8392857142857141,,0.8690476190476187,,,,1.0,-8.928571428571496,-8.928571428571496,False
214497,SGDL HOLDINGS INC CA 91706,Lighting,1,168.0,165.0,0.0,168.0,0.0,0.9166666666666666,0.9523809523809522,0.9107142857142855,0.7738095238095238,,0.9166666666666666,,,,1.0,-3.5714285714285587,0.5952380952381153,False
21190,Globe Electric Company CA 92410,Lighting,1,168.0,164.0,0.0,168.0,0.0,0.9583333333333331,0.9107142857142859,0.8154761904761908,0.7083333333333335,,0.9583333333333331,,,,1.0,4.761904761904723,14.285714285714235,False
404034,"FoShan XiNiu Outdoor Product Co., Ltd GA 30331(2)",APS Home Improvement,1,168.0,160.0,3.0,154.0,0.017857142857142856,0.6250000000000002,0.8452380952380951,0.5473295454545456,0.2080113636363637,0.0,0.6688311688311691,0.6666666666666666,0.6666666666666666,0.6666666666666666,1.0,-22.02380952380949,7.767045454545462,True
59173,"Thorsens Greenhouse, LLC",,1,168.0,167.0,3.0,165.0,0.017857142857142856,0.8928571428571429,0.7202380952380953,0.9464344039194338,0.7916893485755762,1.0,0.8909090909090909,1.0,1.0,1.0,1.0,17.261904761904756,-5.357726106229088,False
326490,"VISION VORTEX CO.,LTD TX 77035",APS Outdoor,1,168.0,163.0,9.0,146.0,0.05357142857142857,0.30952380952380937,0.851190476190476,0.7733843180099166,0.2024960080679049,0.33333333333333337,0.30821917808219157,0.6666666666666666,0.7777777777777778,0.33333333333333337,1.0,-54.16666666666667,-46.38605084861072,True
322190,Janfree Inc CA 92335,APS Pet,1,168.0,164.0,0.0,83.0,0.0,0.7678571428571429,0.8630952380952381,0.9285819235128666,0.7024141863621735,,0.8554216867469882,,,,1.0,-9.523809523809524,-16.07247806557237,False
135540,Yii Lighting CA 91789,APS Home Improvement,1,168.0,165.0,24.0,135.0,0.14285714285714285,0.6309523809523808,0.8630952380952378,0.8456565656565658,0.7446464646464646,0.6250000000000001,0.622222222222222,0.9166666666666665,0.9583333333333334,0.8749999999999999,2.0,-23.214285714285698,-21.470418470418494,True
39242,Graccioza,"PG Bedding, Bath & Window",1,168.0,164.0,28.0,136.0,0.16666666666666666,0.5238095238095238,0.6607142857142858,0.6429340028694408,0.5896700143472023,0.6071428571428571,0.49264705882352944,0.6071428571428571,0.6071428571428571,0.6071428571428571,1.0,-13.690476190476197,-11.912447905991696,True
304902,SKC-YQN-GA-CMP,APS,1,167.0,164.0,22.0,109.0,0.1317365269461078,0.5868263473053892,0.8622754491017962,0.8143320653390018,0.4250391586484672,0.5,0.6788990825688072,0.9545454545454544,0.9545454545454544,0.5454545454545456,1.0,-27.544910179640702,-22.750571803361265,True
27641,Dekorra Products,Decor,1,167.0,167.0,2.0,165.0,0.011976047904191617,1.0,0.9820359281437124,1.0,1.0,1.0,1.0,1.0,1.0,1.0,1.0,1.7964071856287567,0.0,False
433991,Milton_Canada_L0P 1E0,APS Outdoor,1,167.0,167.0,0.0,167.0,0.0,0.7185628742514967,0.9880239520958084,0.9880239520958084,0.9640718562874253,,0.7185628742514967,,,,3.0,-26.946107784431174,-26.946107784431174,True
198639,"Sino-well, Inc. NJ 08518",APS,1,167.0,161.0,8.0,152.0,0.04790419161676647,0.6826347305389221,0.9221556886227541,0.7663452108532198,0.5751879699248118,0.75,0.6842105263157894,0.75,0.75,0.75,1.0,-23.9520958083832,-8.371048031429773,True
369150,"Chengdu Mengxiangzhijia Information Technology Co., Ltd PA 19438",Casegoods,1,167.0,166.0,15.0,146.0,0.08982035928143713,0.9281437125748502,0.9161676646706587,0.6589783792705068,0.5571463937943554,1.0,0.9246575342465752,1.0,1.0,0.9333333333333332,1.0,1.197604790419149,26.916533330434333,False
504630,jiu jiang bao ku dian zi shang wu you xian gong si_1 PA 19120,APS AEOF,1,167.0,157.0,0.0,167.0,0.0,0.5868263473053894,0.5508982035928142,0.7485029940119758,0.4970059880239522,,0.5868263473053894,,,,1.0,3.5928143712575245,-16.167664670658645,False
204128,THAT DUTCH GIRL CA 92867,Soft Home,1,166.0,163.0,22.0,141.0,0.13253012048192772,0.8855421686746985,0.9156626506024096,0.9039289909933427,0.8919201148675109,1.0,0.8652482269503542,1.0,1.0,1.0,2.0,-3.0120481927711107,-1.8386822318644191,False
199020,Topower Smart Home Limited CA 91752 ,APS,1,166.0,165.0,44.0,111.0,0.26506024096385544,0.8855421686746986,0.8734939759036144,0.8676494676494676,0.7289107289107287,0.9318181818181818,0.8918918918918917,0.9090909090909091,0.9772727272727271,0.7499999999999999,1.0,1.2048192771084154,1.7892701025230995,False
350609,Emery Jensen TX 75172,Decor,1,166.0,166.0,5.0,153.0,0.030120481927710843,0.897590361445783,0.8253012048192773,0.9277108433734939,0.6686746987951806,0.8,0.9019607843137253,0.8,1.0,0.6,1.0,7.22891566265057,-3.0120481927710885,False
204349,Waykar-SC2,APS Mattresses,1,166.0,164.0,0.0,166.0,0.0,0.46987951807228906,0.650602409638554,0.8313253012048194,0.4759036144578313,,0.46987951807228906,,,,1.0,-18.072289156626493,-36.144578313253035,True
38918,Post & Porch,Decor,1,166.0,161.0,2.0,164.0,0.012048192771084338,0.49397590361445765,0.7469879518072287,0.6868656264202393,0.6507347371610359,1.0,0.4878048780487803,1.0,1.0,1.0,3.0,-25.3012048192771,-19.288972280578164,True
101836,Fujian Xinruiyu Import Export Co Ltd TX 75229,APS,1,166.0,165.0,26.0,139.0,0.1566265060240964,0.8132530120481924,0.7951807228915659,0.8916067146282969,0.7230433834750383,0.8461538461538461,0.8057553956834529,0.8846153846153845,0.9230769230769228,0.8461538461538461,1.0,1.8072289156626509,-7.835370258010443,False
445834,"Ziyang Qiming Chenguang Network Technology Co., Ltd NY 11367",APS Pet,1,166.0,161.0,18.0,138.0,0.10843373493975904,0.6807228915662651,0.8614457831325297,0.7647403006571251,0.5964533261319651,0.6666666666666667,0.6666666666666666,0.8888888888888887,0.7777777777777777,0.6111111111111112,1.0,-18.072289156626464,-8.401740909085998,True
321983,"Qingdao Docool Technology Co., Ltd CA 91761 ",APS,1,165.0,152.0,31.0,121.0,0.18787878787878787,0.2909090909090909,0.7515151515151517,0.569432361896477,0.46982383645063086,0.3548387096774194,0.2644628099173554,0.8387096774193548,0.838709677419355,0.6129032258064517,2.0,-46.06060606060608,-27.852327098738606,True
58454,Phoebecat Inc GA 30122,APS,1,165.0,160.0,18.0,52.0,0.10909090909090909,0.6484848484848484,0.7212121212121211,0.6011479591836733,0.3832221350078494,0.5000000000000001,0.7115384615384616,0.9444444444444442,0.8888888888888886,0.7777777777777777,2.0,-7.2727272727272645,4.733688930117519,False
59555,EC EXPORT INC. CA 92336,APS,1,165.0,162.0,3.0,155.0,0.01818181818181818,0.7575757575757575,0.8242424242424242,0.8303863002787732,0.5819593787335724,1.0,0.7483870967741935,1.0,1.0,0.6666666666666666,1.0,-6.666666666666677,-7.2810542703015795,False
326847,Ningbo Qiangbang Outdoor Leisure Products GA 30517,APS Outdoor,1,164.0,162.0,0.0,114.0,0.0,0.865853658536585,0.646341463414634,0.8050682261208579,0.6150097465886938,,0.8859649122807015,,,,2.0,21.951219512195095,6.078543241572709,False
334128,HONG KONG LINSYHOME INTERNATIONAL GA 31326,APS Bedroom,1,164.0,160.0,1.0,153.0,0.006097560975609756,0.7865853658536589,0.8292682926829265,0.7951838235294115,0.435049019607843,1.0,0.8300653594771245,1.0,1.0,0.0,1.0,-4.268292682926756,-0.8598457675752624,False
399984,九方休斯顿2号仓-SD,APS Bedroom,1,164.0,162.0,30.0,118.0,0.18292682926829268,0.23170731707317074,0.8963414634146339,0.8477715003138732,0.2197112366603893,0.36666666666666664,0.19491525423728817,0.9333333333333333,0.8999999999999998,0.2666666666666667,1.0,-66.46341463414632,-61.60641832407025,True
41366,Barrette Outdoor Living MI48506,Outdoor Structures,1,164.0,164.0,0.0,164.0,0.0,0.8353658536585362,0.9146341463414627,0.99390243902439,0.957317073170732,,0.8353658536585362,,,,2.0,-7.926829268292646,-15.85365853658538,False
369435,"Golden Bull Marketing, LLC CA 91762",Outdoor Structures,1,164.0,162.0,33.0,125.0,0.20121951219512196,0.5670731707317073,0.9146341463414632,0.8661728395061727,0.5788148148148146,0.3030303030303031,0.64,0.9696969696969696,0.9393939393939394,0.42424242424242414,1.0,-34.7560975609756,-29.909966877446546,True
372527,shen shen shi shi guang ji ke ji you xian gong si CA 91748,APS Home Improvement,1,163.0,155.0,0.0,161.0,0.0,0.6687116564417174,0.7607361963190185,0.7053897014626325,0.6072931276297332,,0.6708074534161487,,,,1.0,-9.202453987730108,-3.6678045020915095,False
80307,GA-NUU GARDEN CORPORATION GA 30071,APS Outdoor,1,163.0,162.0,7.0,149.0,0.04294478527607362,0.8895705521472392,0.8650306748466255,0.8710332256193555,0.7116165382384618,1.0,0.8791946308724832,1.0,1.0,1.0,1.0,2.453987730061369,1.8537326527883757,False
272870,CAIDI INC GA 31322,APS,1,163.0,159.0,3.0,146.0,0.018404907975460124,0.7177914110429447,0.8834355828220861,0.8840211366703999,0.5506016484305449,0.6666666666666666,0.7808219178082191,1.0,0.6666666666666666,0.6666666666666666,1.0,-16.564417177914137,-16.62297256274552,True
20593,Marshall Home and Garden,Decor,1,163.0,155.0,0.0,163.0,0.0,0.8527607361963189,0.8773006134969326,0.8957055214723928,0.8159509202453988,,0.8527607361963189,,,,1.0,-2.453987730061369,-4.294478527607392,False
106893,Cosiest NJ 08016(2),APS Outdoor,1,163.0,163.0,37.0,108.0,0.22699386503067484,0.803680981595092,0.8834355828220856,0.723926380368098,0.5460122699386503,0.8648648648648649,0.7685185185185186,0.8648648648648649,0.9189189189189187,0.6486486486486485,1.0,-7.975460122699351,7.975460122699407,False
265398,Electrolux SP TX 75134(2),Appliances,1,163.0,161.0,0.0,163.0,0.0,0.47239263803681,0.7730061349693251,0.8466257668711654,0.5276073619631901,,0.47239263803681,,,,2.0,-30.061349693251515,-37.42331288343554,True
65551,ATX Art Group LLC,Decor,1,163.0,163.0,13.0,149.0,0.07975460122699386,0.9815950920245395,0.9693251533742331,0.9693251533742331,0.9079754601226996,1.0,0.9798657718120801,1.0,1.0,1.0,1.0,1.2269938650306456,1.2269938650306456,False
413602,DingFar Company Ltd. GA 31326,APS Home Improvement,1,163.0,160.0,8.0,135.0,0.049079754601226995,0.7239263803680986,0.8220858895705522,0.8463888888888886,0.6066666666666668,0.5,0.7703703703703709,1.0,1.0,0.875,1.0,-9.815950920245353,-12.246250852079,False
399442,"Buster and Punch, Inc. TX 75061",PG Home Improvement,1,163.0,162.0,11.0,148.0,0.06748466257668712,0.779141104294478,0.8711656441717793,0.987696029362696,0.987696029362696,0.45454545454545453,0.8040540540540535,0.6363636363636364,0.9090909090909091,0.9090909090909091,8.0,-9.20245398773013,-20.855492506821793,False
360994,fo shan shi pin zhi dian zi shang wu you xian gong si_1 CA 92337,Wayfair,1,162.0,158.0,0.0,140.0,0.0,0.7469135802469138,0.7098765432098765,0.7663652802893309,0.5750452079566002,,0.7142857142857145,,,,1.0,3.7037037037037313,-1.9451700042417142,False
331883,Charming Collections LLC NJ 08003,Outdoor Furniture,1,162.0,159.0,4.0,153.0,0.024691358024691357,0.43209876543209885,0.8765432098765427,0.7098285855222592,0.38907386854112735,0.25,0.43790849673202625,0.75,0.75,0.5,1.0,-44.44444444444438,-27.77298200901604,True
244674,Zhong Bang Furniture NJ 08810(3),APS,1,162.0,162.0,1.0,161.0,0.006172839506172839,0.8086419753086423,0.839506172839506,0.7407407407407407,0.6543209876543211,0.0,0.8136645962732922,1.0,1.0,1.0,1.0,-3.086419753086367,6.790123456790164,False
325416,YunShang,APS Home Improvement,1,162.0,162.0,0.0,162.0,0.0,0.9259259259259257,0.9629629629629628,0.9567901234567899,0.9382716049382711,,0.9259259259259257,,,,2.0,-3.703703703703709,-3.0864197530864224,False
329688,Beijingcanpengguojimaoyiyouxiangongsi NJ 08003,APS,1,162.0,159.0,5.0,153.0,0.030864197530864196,0.3950617283950615,0.8024691358024691,0.845850289801455,0.4386484153409791,0.2,0.39215686274509776,1.0,1.0,1.0,1.0,-40.74074074074077,-45.07885614063936,True
414313,SLM Warehousing GA3 (Garden City),APS Bedroom,1,161.0,159.0,21.0,116.0,0.13043478260869565,0.869565217391304,0.8571428571428573,0.8699357643729796,0.682911464303787,0.7142857142857143,0.9051724137931031,0.8095238095238093,0.9047619047619045,0.7142857142857142,1.0,1.2422360248446673,-0.03705469816756013,False
39070,LH Imports WA 98230,Casegoods,1,161.0,161.0,22.0,138.0,0.13664596273291926,0.9068322981366461,0.9440993788819876,0.9503105590062112,0.8633540372670807,0.9545454545454546,0.8985507246376814,1.0,1.0,1.0,1.0,-3.7267080745341463,-4.347826086956507,False
319937,"CAN_Hangzhou Yingpan Network Technology Co., Ltd ON L1J8P4",APS Bedroom,1,161.0,161.0,0.0,161.0,0.0,0.9813664596273292,0.9937888198757763,0.9937888198757763,0.9937888198757763,,0.9813664596273292,,,,2.0,-1.2422360248447117,-1.2422360248447117,False
296829,"Kids2, Inc. CA 92507",Youth Furniture & Decor,1,160.0,154.0,34.0,120.0,0.2125,0.85,0.9062499999999998,0.7772727272727276,0.6905844155844156,0.9411764705882353,0.825,0.9117647058823528,0.9411764705882353,0.9117647058823528,1.0,-5.6249999999999805,7.272727272727241,False
93847,Newacme LLC DE 19720,APS,1,160.0,158.0,0.0,155.0,0.0,1.0,0.8875,0.8872192731727234,0.8622294814209879,,1.0,,,,1.0,11.250000000000004,11.278072682727657,False
402135,"YiQiyin (Hangzhou) Trading Co., Ltd CA 91789",Wayfair,1,160.0,157.0,18.0,114.0,0.1125,0.5875000000000001,0.80625,0.6320817968488098,0.43189183148955196,0.38888888888888895,0.5964912280701757,0.6666666666666667,0.5,0.3333333333333334,1.0,-21.87499999999999,-4.458179684880969,True
296496,Shenzhenshi xiangdeyizhang keji youxian GA 30517,APS,1,160.0,159.0,3.0,136.0,0.01875,0.8,0.8,0.8379754417490268,0.6262353998203051,0.0,0.8823529411764707,0.0,0.3333333333333333,0.0,1.0,0.0,-3.7975441749026784,False
18197,Z Line Kitchen NV 89512,Appliances,1,160.0,157.0,12.0,144.0,0.075,0.9562500000000002,0.9312499999999997,0.956342887473461,0.9376326963906583,0.9166666666666666,0.965277777777778,0.9166666666666666,1.0,1.0,2.0,2.5000000000000466,-0.009288747346081205,False
349464,"Yiwu Binsai Import and Export Co., Ltd. CA 91708",APS Outdoor,1,160.0,159.0,31.0,111.0,0.19375,0.8375,0.86875,0.7381721343985495,0.5690407388520595,0.7741935483870968,0.864864864864865,0.8064516129032258,1.0,0.6129032258064516,1.0,-3.125,9.932786560145058,False
368241,GETPRO E-COMMERCE INC. NJ 07305,APS Home Improvement,1,160.0,156.0,8.0,144.0,0.05,0.6937499999999998,0.7124999999999997,0.6620370370370369,0.46225071225071207,0.875,0.6736111111111108,0.75,0.75,0.625,1.0,-1.8749999999999933,3.1712962962962887,False
36871,Andrew Home Studio,Casegoods,1,160.0,150.0,0.0,160.0,0.0,0.7124999999999998,0.7937499999999997,0.8125,0.6375000000000004,,0.7124999999999998,,,,1.0,-8.124999999999993,-10.00000000000002,False
32040,Progress GA30549,Lighting,1,160.0,159.0,0.0,160.0,0.0,0.3750000000000001,0.775,0.68125,0.2937500000000002,,0.3750000000000001,,,,1.0,-39.99999999999999,-30.624999999999993,True
304020,weifangjiamujingmaoyouxiangongsi GA 31302,APS,1,160.0,156.0,2.0,140.0,0.0125,0.8125,0.8875,0.881318681318681,0.4067765567765568,0.5,0.8357142857142857,1.0,1.0,1.0,1.0,-7.499999999999996,-6.881868131868096,False
322819,Atlas International GA 31302,Plumbing,1,159.0,152.0,18.0,124.0,0.11320754716981132,0.8427672955974841,0.8993710691823894,0.7333404074702885,0.6317911714770797,0.5,0.9112903225806449,0.8888888888888887,0.5555555555555556,0.3888888888888889,1.0,-5.660377358490532,10.94268881271956,False
25628,Drew DeRose Designs,Storage & Org - Frequency,1,159.0,159.0,2.0,156.0,0.012578616352201259,0.6289308176100628,0.7421383647798742,0.9182389937106913,0.7924528301886788,0.5,0.6346153846153845,0.5,1.0,0.5,2.0,-11.32075471698114,-28.930817610062853,True
312648,"Hangzhou Gesong E-commerce Co., Ltd. CA 91752",Wayfair,1,159.0,153.0,3.0,155.0,0.018867924528301886,0.6226415094339621,0.855345911949685,0.8052287581699347,0.6034155597722958,0.0,0.632258064516129,0.0,1.0,0.0,3.0,-23.27044025157229,-18.258724873597252,True
43475,The Childrens Factory MO 63084,Wayfair Professional,1,159.0,158.0,2.0,157.0,0.012578616352201259,0.8553459119496851,1.0,0.9119567846488746,0.8679351769733129,1.0,0.8535031847133754,1.0,1.0,1.0,5.0,-14.465408805031487,-5.661087269918951,True
279091,"Ningbo Detaike Trading Co., Ltd. GA 30349",APS Outdoor,1,159.0,155.0,6.0,147.0,0.03773584905660377,0.7169811320754715,0.792452830188679,0.8359447004608292,0.6349352644283522,0.16666666666666666,0.7687074829931971,1.0,1.0,1.0,1.0,-7.547169811320742,-11.896356838535771,False
240575,Roborock Technology COPECA 92337,APS,1,159.0,159.0,0.0,122.0,0.0,0.7798742138364781,0.9056603773584903,0.9874213836477987,0.7798742138364781,,0.7213114754098363,,,,1.0,-12.57861635220121,-20.75471698113206,True
35887,Troy Lighting CA,Lighting,1,158.0,147.0,0.0,157.0,0.0,0.4746835443037973,0.8354430379746838,0.835044845963863,0.41752242298193176,,0.4777070063694266,,,,1.0,-36.07594936708865,-36.03613016600657,True
299874,Hangzhou Mucheng International Trade GA 30519 (2),APS Other,1,157.0,155.0,1.0,128.0,0.006369426751592357,0.573248407643312,0.8152866242038216,0.8214717741935483,0.47822580645161283,1.0,0.5390624999999999,1.0,1.0,1.0,1.0,-24.203821656050962,-24.822336655023637,True
30427,Belleze CA 91748,Casegoods,1,157.0,155.0,4.0,147.0,0.025477707006369428,0.9426751592356688,0.8917197452229296,0.7961816984858456,0.6621900373052446,1.0,0.9727891156462585,0.75,0.75,0.5,1.0,5.095541401273918,14.649346074982317,False
132265,Kidboo LLC NY,Decor,1,157.0,152.0,2.0,155.0,0.012738853503184714,0.6560509554140127,0.821656050955414,0.9681663837011886,0.9681663837011886,0.5,0.6580645161290323,1.0,1.0,1.0,5.0,-16.560509554140136,-31.211542828717587,True
239409,Jetly Prey Outdoor Inc CA 91761,Upholstery,1,157.0,144.0,5.0,137.0,0.03184713375796178,0.26114649681528673,0.7324840764331205,0.6351378751013785,0.3867092457420925,0.2,0.27007299270073004,0.6,0.6,0.4,2.0,-47.13375796178338,-37.39913782860918,True
267012,XH WP-XZXAL NJ 08512,APS,1,157.0,156.0,0.0,156.0,0.0,0.7261146496815286,0.8280254777070062,0.7451923076923078,0.566855687047995,,0.7307692307692307,,,,1.0,-10.191082802547758,-1.9077658010779208,True
67720,AG Distributors and Supplies Corporation,Storage & Org - Frequency,1,157.0,155.0,8.0,149.0,0.050955414012738856,0.8089171974522291,0.9235668789808914,0.9554449014938295,0.815327993072093,0.875,0.8053691275167784,0.875,1.0,0.875,1.0,-11.464968152866229,-14.652770404160043,True
92123,LNC Home decor GA31601,APS Home Improvement,1,157.0,156.0,0.0,156.0,0.0,0.9872611464968153,0.9235668789808917,0.9235700197238657,0.8535092044707425,,0.9871794871794872,,,,1.0,6.369426751592355,6.3691126772949636,False
332472,YQN-CA1002-92879,APS K&D,1,157.0,152.0,25.0,108.0,0.1592356687898089,0.8152866242038217,0.8407643312101911,0.892117446393762,0.7889863547758283,0.7200000000000002,0.8703703703703703,0.8,0.9599999999999999,0.7200000000000002,1.0,-2.547770700636942,-7.683082218994031,False
95033,COMPHOME.CORP GA 30517,Youth Furniture & Decor,1,157.0,155.0,7.0,144.0,0.044585987261146494,0.46496815286624193,0.910828025477707,0.7071684587813621,0.37589605734767023,0.2857142857142857,0.4722222222222221,1.0,0.8571428571428571,0.42857142857142855,1.0,-44.58598726114651,-24.22003059151202,True
305737,"GigaCloud Trading, Inc. CA 92337 (3)",Outdoor Furniture,1,157.0,156.0,12.0,139.0,0.07643312101910828,0.5477707006369422,0.8598726114649682,0.8662608374838593,0.503274303634016,0.5,0.546762589928057,0.9166666666666666,0.9166666666666666,0.5,1.0,-31.210191082802595,-31.849013684691705,True
325296,"Artwall, LLC IL 60527",Decor,1,157.0,148.0,7.0,150.0,0.044585987261146494,0.4904458598726113,0.8216560509554136,0.7451351351351353,0.649054054054054,0.28571428571428575,0.49999999999999983,0.8571428571428571,0.7142857142857143,0.42857142857142855,2.0,-33.12101910828023,-25.4689275262524,True
83549,YBM Home NJ,Storage & Org - Frequency,1,156.0,155.0,0.0,156.0,0.0,0.9038461538461539,0.8782051282051279,0.9679487179487184,0.9166666666666665,,0.9038461538461539,,,,1.0,2.5641025641025994,-6.410256410256454,False
49799,CAN_EmsonUSA ON,CA Housewares,1,156.0,156.0,0.0,156.0,0.0,0.7179487179487177,0.9423076923076922,0.9358974358974356,0.7179487179487176,,0.7179487179487177,,,,1.0,-22.435897435897445,-21.794871794871785,True
72335,LINSCRAFT INC CA 94580,APS Home Improvement,1,156.0,150.0,0.0,156.0,0.0,0.83974358974359,0.8525641025641022,0.8397435897435898,0.7051282051282051,,0.83974358974359,,,,1.0,-1.282051282051222,2.220446049250313e-14,False
344391,Shenzhenshi Daman Shiye Youxiangongsi CA 92410,APS K&D,1,156.0,154.0,1.0,152.0,0.00641025641025641,0.6730769230769234,0.8269230769230768,0.788192071086808,0.4870129870129872,1.0,0.6842105263157897,1.0,0.0,0.0,1.0,-15.38461538461534,-11.511514800988465,True
105640,Kentwood Manufacturing MI 49512 ,Decor,1,155.0,149.0,0.0,155.0,0.0,0.9483870967741934,0.9032258064516133,0.8387096774193548,0.7741935483870968,,0.9483870967741934,,,,1.0,4.516129032258009,10.967741935483865,False
430351,DJ-CA9-91764,APS Mattresses,1,155.0,155.0,12.0,131.0,0.07741935483870968,0.7548387096774196,0.9032258064516128,0.838709677419355,0.5999999999999999,0.7499999999999999,0.7480916030534355,0.7499999999999999,0.6666666666666666,0.5833333333333334,1.0,-14.838709677419315,-8.387096774193537,True
290796,Hangzhou Mucheng International Trade NJ 07008,APS Other,1,155.0,152.0,2.0,142.0,0.012903225806451613,0.9032258064516129,0.9032258064516129,0.9161415863602668,0.7872034840622686,0.0,0.9295774647887324,1.0,1.0,1.0,1.0,0.0,-1.291577990865389,False
333337,MECO Corporation TN 37745,Casegoods,1,155.0,152.0,0.0,155.0,0.0,0.9419354838709676,0.967741935483871,0.9548387096774197,0.7483870967741941,,0.9419354838709676,,,,1.0,-2.5806451612903403,-1.290322580645209,False
274923,Vintage Lighting Limited CA 91708,APS Home Improvement,1,155.0,148.0,0.0,155.0,0.0,0.9419354838709681,0.838709677419355,0.9290322580645162,0.8516129032258064,,0.9419354838709681,,,,1.0,10.322580645161317,1.290322580645198,False
40230,Aleko WA,Outdoor Structures,1,155.0,154.0,0.0,154.0,0.0,0.8967741935483867,0.9032258064516131,0.8709731826614943,0.7548490470568394,,0.8961038961038957,,,,1.0,-0.6451612903226378,2.580101088689246,False
146560,A290 NY02,Mattress,1,155.0,147.0,12.0,142.0,0.07741935483870968,0.703225806451613,0.961290322580645,0.8202548625083835,0.6269042828398966,0.6666666666666666,0.7042253521126762,1.0,1.0,0.8333333333333334,1.0,-25.806451612903192,-11.70290560567705,True
485867,MT-USLA07,APS Housewares & More,1,154.0,151.0,0.0,154.0,0.0,0.6883116883116888,0.8506493506493501,0.9350649350649348,0.8181818181818182,,0.6883116883116888,,,,1.0,-16.233766233766133,-24.675324675324607,True
509099,Vornado KS 67002,Appliances,1,154.0,153.0,0.0,132.0,0.0,0.8311688311688312,0.6103896103896104,0.6753317488611604,0.1753812636165578,,0.8333333333333334,,,,1.0,22.077922077922086,15.58370823076708,False
438979,Healthcareco ltd NJ 08505(2),APS Mattresses,1,154.0,152.0,0.0,150.0,0.0,0.6428571428571427,0.7402597402597406,0.7464912280701756,0.4933333333333334,,0.6533333333333331,,,,1.0,-9.740259740259793,-10.363408521303297,False
399702,guang zhou kai zhen ke ji you xian gong si NY 60632,Wayfair,1,154.0,151.0,0.0,67.0,0.0,0.9415584415584416,0.7727272727272726,0.9806039453338471,0.9806039453338471,,0.9104477611940296,,,,4.0,16.883116883116898,-3.90455037754055,False
411626,深圳英煌家具（集团）有限公司 CA 92879,APS Upholstery,1,154.0,150.0,26.0,118.0,0.16883116883116883,0.3766233766233766,0.8961038961038957,0.8893785310734461,0.45355932203389804,0.34615384615384615,0.40677966101694907,0.9230769230769229,0.8076923076923076,0.38461538461538464,1.0,-51.94805194805192,-51.275515445006945,True
37343,Teak Smith,Outdoor Furniture,1,154.0,152.0,15.0,138.0,0.09740259740259741,1.0,0.9025974025974026,0.9870327993897788,0.9870327993897788,1.0,1.0,0.9333333333333332,1.0,1.0,2.0,9.740259740259738,1.2967200610221163,False
201141,Davee Furniture Inc CA 92704,Casegoods,1,153.0,150.0,17.0,133.0,0.1111111111111111,0.9411764705882351,0.8627450980392153,0.8564912280701752,0.7976942355889725,1.0,0.932330827067669,0.8823529411764705,0.9411764705882352,0.8823529411764705,1.0,7.843137254901977,8.468524251805986,False
43524,Fullest LLC CA,APS,1,153.0,148.0,0.0,153.0,0.0,0.8692810457516336,0.8823529411764702,0.9673202614379087,0.9346405228758167,,0.8692810457516336,,,,2.0,-1.3071895424836666,-9.803921568627516,False
332608,"Revival Rugs, Inc PA 17406",Wayfair,1,153.0,152.0,0.0,153.0,0.0,0.8758169934640521,0.869281045751634,0.9934640522875815,0.8039215686274508,,0.8758169934640521,,,,1.0,0.6535947712418055,-11.764705882352944,False
13220,Bethel Intl NY 14225,Lighting,1,153.0,151.0,5.0,148.0,0.032679738562091505,0.0,0.8235294117647058,0.7517451226060495,0.42500447467334906,0.0,0.0,1.0,1.0,0.8,3.0,-82.35294117647058,-75.17451226060496,True
67491,"Vision Signs Graphics, Inc.",Wayfair Professional,1,153.0,147.0,5.0,146.0,0.032679738562091505,0.13071895424836602,0.6470588235294117,0.8105488770850807,0.6931320473394836,0.6,0.11643835616438356,0.6,1.0,1.0,5.0,-51.63398692810457,-67.98299228367148,True
37979,Pollums Natural Resources LLC,Casegoods,1,153.0,150.0,1.0,152.0,0.006535947712418301,0.7320261437908496,0.7320261437908492,0.8954385964912281,0.8103508771929824,1.0,0.7302631578947368,0.0,1.0,0.0,1.0,4.440892098500626e-14,-16.341245270037852,False
292226,"Caoxian Zhongzhou Household Products Co., Ltd. GA 31326",APS Bedroom,1,153.0,150.0,1.0,143.0,0.006535947712418301,0.6797385620915034,0.8888888888888888,0.7711421911421913,0.38550116550116553,1.0,0.6643356643356645,1.0,1.0,0.0,1.0,-20.915032679738545,-9.140362905068788,True
56854,GE sp Appliances GA 30529,Appliances,1,153.0,142.0,1.0,152.0,0.006535947712418301,0.43790849673202614,0.7450980392156861,0.7256300963676796,0.38542438843587834,0.0,0.4407894736842105,1.0,1.0,0.0,1.0,-30.718954248365993,-28.772159963565347,True
45254,SOHO Studio NJ 08075,Flooring,1,153.0,152.0,6.0,146.0,0.0392156862745098,0.9869281045751634,0.980392156862745,0.9673305695746214,0.9411499639509733,1.0,0.9863013698630136,1.0,1.0,0.8333333333333334,2.0,0.65359477124185,1.9597535000542066,False
412825,LELELINKY INTERNATIONAL LIMITED CA 92337,Wayfair,1,153.0,151.0,0.0,82.0,0.0,0.5947712418300655,0.9084967320261438,0.8964626070101761,0.546115328702956,,0.3170731707317073,,,,1.0,-31.37254901960783,-30.169136518011065,True
357281,HOGAUS01,APS Home Improvement,1,153.0,152.0,4.0,117.0,0.026143790849673203,0.5294117647058825,0.7647058823529411,0.7840755735492578,0.372132253711201,0.25,0.6581196581196582,0.75,1.0,0.75,1.0,-23.529411764705866,-25.466380884337536,True
342459,Whiz Core Inc NJ 08901,Casegoods,1,153.0,147.0,16.0,128.0,0.10457516339869281,0.8562091503267976,0.8300653594771242,0.659970238095238,0.4706632653061226,0.9374999999999999,0.8359375000000002,0.875,0.875,0.75,1.0,2.614379084967333,19.623891223155955,False
32101,Foreside Home and Garden VA,Decor,1,153.0,150.0,9.0,142.0,0.058823529411764705,0.5816993464052288,0.7320261437908498,0.8103286384976526,0.601079812206573,0.5555555555555556,0.5845070422535211,0.4444444444444444,0.6666666666666666,0.4444444444444444,1.0,-15.032679738562106,-22.862929209242377,True
324557,AOGES INDUSTRY INC CA 91710,APS,1,153.0,151.0,23.0,125.0,0.1503267973856209,0.5359477124183007,0.9150326797385617,0.7779072847682122,0.4578543046357615,0.565217391304348,0.5280000000000001,0.9565217391304346,0.826086956521739,0.565217391304348,1.0,-37.908496732026094,-24.19595723499115,True
110558,ALLEMANG ALIYA LLC CA 91748,APS Mattresses,1,153.0,148.0,23.0,127.0,0.1503267973856209,0.607843137254902,0.8300653594771238,0.7782506916365185,0.5424558416684401,0.5652173913043479,0.6299212598425198,0.826086956521739,0.8695652173913042,0.6086956521739132,1.0,-22.222222222222175,-17.040755438161646,True
497023,zhengzhoushijianxingwangluokejiyouxiangongsi CA 91730,APS Bedroom,1,153.0,150.0,0.0,50.0,0.0,0.5490196078431373,0.7189542483660127,0.7273631067961167,0.43330485436893185,,0.5,,,,1.0,-16.993464052287543,-17.83434989529794,True
350,Victor Mill,Soft Home,1,152.0,147.0,0.0,152.0,0.0,1.0,0.8223684210526315,0.9605263157894739,0.921052631578947,,1.0,,,,1.0,17.763157894736846,3.9473684210526105,False
9539,Dessau Brass Inc.,Casegoods,1,152.0,148.0,0.0,152.0,0.0,0.769736842105263,0.8421052631578947,0.9210526315789475,0.723684210526316,,0.769736842105263,,,,1.0,-7.236842105263164,-15.13157894736844,False
44351,Intrepid International Trading Co GA 30115,Tabletop,1,152.0,141.0,0.0,152.0,0.0,0.8881578947368423,0.7565789473684215,0.8355263157894737,0.6578947368421052,,0.8881578947368423,,,,1.0,13.15789473684208,5.2631578947368585,False
61831,Fantastic Craft NY 11220,Decor,1,152.0,151.0,24.0,117.0,0.15789473684210525,0.9868421052631579,0.9539473684210527,0.9474726891945435,0.8618893983132393,1.0,0.9829059829059827,1.0,1.0,0.9166666666666666,1.0,3.28947368421052,3.9369416068614327,False
438406,Hermes and Fesius LLC GA 31405,APS Outdoor,1,151.0,149.0,23.0,108.0,0.152317880794702,0.7615894039735098,0.8344370860927154,0.8677603778274919,0.6157096694009445,0.5652173913043478,0.8425925925925924,0.782608695652174,0.9130434782608694,0.5652173913043479,1.0,-7.2847682119205555,-10.61709738539821,False
91411,Malouf Fine Linens SC29360,Mattress,1,151.0,151.0,79.0,54.0,0.5231788079470199,0.9337748344370861,0.9867549668874173,0.9403973509933773,0.9139072847682117,0.9493670886075949,0.9259259259259258,1.0,1.0,1.0,1.0,-5.298013245033117,-0.6622516556291203,False
352446,Shenzhen XinheTrade Limited Company CA 91761 (4),APS K&D,1,151.0,148.0,1.0,150.0,0.006622516556291391,0.814569536423841,0.7218543046357617,0.8012162162162163,0.6091891891891887,1.0,0.8133333333333332,0.0,0.0,0.0,1.0,9.271523178807929,1.3353320207624697,False
289826,W Appliance Co. CA 91752,Appliances,1,151.0,150.0,33.0,111.0,0.2185430463576159,0.9536423841059605,0.9072847682119205,0.9338738738738738,0.9338738738738738,0.8787878787878787,0.9729729729729734,0.8484848484848484,0.9696969696969696,0.9696969696969696,4.0,4.635761589403997,1.97685102320867,False
287800,Nedia Home VA,Decor,1,151.0,138.0,0.0,151.0,0.0,0.7152317880794701,0.5761589403973513,0.6688741721854303,0.6026490066225164,,0.7152317880794701,,,,1.0,13.90728476821188,4.635761589403975,False
240741,Andeworld CA 91761(2),APS,1,151.0,150.0,9.0,129.0,0.059602649006622516,0.4172185430463576,0.71523178807947,0.7218087855297155,0.5296640826873383,0.3333333333333333,0.4341085271317829,0.6666666666666666,0.7777777777777778,0.4444444444444444,1.0,-29.80132450331124,-30.45902424833579,True
246006,"SCRIST, Inc. RST Brands LLC CA 93725",Outdoor Furniture,1,151.0,149.0,1.0,150.0,0.006622516556291391,0.4370860927152318,0.7682119205298013,0.7218791946308724,0.40402684563758384,1.0,0.43333333333333335,1.0,1.0,1.0,1.0,-33.11258278145694,-28.479310191564057,True
305124,Soueeum CA 91730,APS,1,151.0,148.0,24.0,125.0,0.15894039735099338,0.7483443708609273,0.9072847682119202,0.8615135135135132,0.8021621621621623,0.7083333333333334,0.7600000000000002,1.0,1.0,1.0,4.0,-15.894039735099286,-11.316914265258593,True
320655,Edvivi CA 91762,Lighting,1,150.0,150.0,0.0,150.0,0.0,0.8466666666666662,0.9399999999999998,0.9066666666666666,0.76,,0.8466666666666662,,,,1.0,-9.33333333333336,-6.000000000000039,False
447632,Longtrace Integration Inc GA 30517,Upholstery,1,150.0,148.0,9.0,133.0,0.06,0.8333333333333334,0.8666666666666663,0.9667242430400328,0.8868624263361103,0.5555555555555557,0.8872180451127819,0.7777777777777778,1.0,1.0,4.0,-3.333333333333288,-13.339090970669943,False
26161,DCI Marketing WI 53598,Storage & Org - Frequency,1,150.0,148.0,14.0,118.0,0.09333333333333334,0.96,0.8533333333333334,0.8803252404947319,0.8338295923041685,1.0,0.9576271186440677,0.7857142857142857,1.0,1.0,1.0,10.666666666666657,7.967475950526803,False
154980,"Ningbo Kefei Jiaju Keji Co.,Ltd CPF_CA_US",APS Mattresses,1,150.0,141.0,1.0,102.0,0.006666666666666667,0.5533333333333333,0.8533333333333334,0.635099429842859,0.22679524619449523,1.0,0.49019607843137253,1.0,1.0,1.0,1.0,-30.000000000000004,-8.176609650952571,True
231630,RC eCommerce LLC TX 75074,Wayfair,1,150.0,149.0,0.0,150.0,0.0,0.6399999999999998,0.7866666666666668,0.8333333333333335,0.5666666666666671,,0.6399999999999998,,,,1.0,-14.666666666666705,-19.333333333333368,True
25306,International Home Miami FL,Outdoor Furniture,1,150.0,148.0,6.0,142.0,0.04,0.98,0.8599999999999997,0.6869052150742293,0.5869813475447276,1.0,0.9788732394366197,1.0,1.0,1.0,1.0,12.000000000000032,29.309478492577067,False
431454,Haukkie Inc. CA 91761,APS Housewares & More,1,150.0,150.0,32.0,99.0,0.21333333333333335,0.88,0.9466666666666671,0.9466666666666664,0.9,0.7812500000000002,0.9494949494949494,0.9375,0.96875,0.9375,2.0,-6.66666666666671,-6.666666666666643,False
269131,Suprecozy INC CA 91748 Wayfair,APS Outdoor,1,150.0,150.0,1.0,139.0,0.006666666666666667,0.8133333333333332,0.9066666666666666,0.7733333333333332,0.47333333333333333,1.0,0.8057553956834531,1.0,1.0,1.0,1.0,-9.333333333333337,4.0000000000000036,False
351405,Crawford & Burke CA 91761(2),Casegoods,1,150.0,148.0,39.0,106.0,0.26,0.8733333333333333,0.9133333333333336,0.8999235084140743,0.7800866904640489,0.9230769230769231,0.8490566037735847,0.8974358974358972,0.8717948717948716,0.7692307692307693,1.0,-4.000000000000026,-2.659017508074102,False
279546,FAVICLA CORP CA 91762,Decor,1,149.0,138.0,0.0,149.0,0.0,0.8389261744966439,0.7718120805369127,0.825503355704698,0.7449664429530202,,0.8389261744966439,,,,1.0,6.711409395973112,1.3422818791945845,False
401181,"Shenzhen TongZhou xinchuang Trade Co., Ltd CA 92337",Wayfair,1,149.0,145.0,3.0,138.0,0.020134228187919462,0.832214765100671,0.8993288590604027,0.9399925037481258,0.7780734632683661,1.0,0.826086956521739,1.0,1.0,1.0,1.0,-6.711409395973167,-10.777773864745477,False
277060,"UPPER ECHELON PRODUCTS, LLC_1 CA 91762",Lighting,1,149.0,145.0,1.0,147.0,0.006711409395973154,0.8053691275167785,0.6778523489932888,0.7450621627961528,0.6980999296270233,1.0,0.8027210884353742,1.0,1.0,1.0,3.0,12.751677852348964,6.030696472062569,False
444661,Mega Casa Inc CA 92410,APS Housewares & More,1,149.0,148.0,17.0,124.0,0.11409395973154363,0.677852348993289,0.8456375838926171,0.8186028770706189,0.6506647776809068,0.4117647058823529,0.7338709677419359,0.7058823529411766,0.6470588235294118,0.4117647058823529,1.0,-16.778523489932816,-14.075052807732991,True
466919,YQN 92337,APS Home Improvement,1,149.0,147.0,7.0,121.0,0.04697986577181208,0.7516778523489934,0.8590604026845637,0.83251813121943,0.6110642604149098,0.7142857142857143,0.7272727272727275,0.8571428571428571,0.8571428571428571,0.5714285714285714,1.0,-10.738255033557031,-8.084027887043653,True
21844,Argo Furniture USA,Upholstery,1,148.0,147.0,0.0,147.0,0.0,0.8986486486486485,0.8648648648648645,0.8986533388865747,0.8446017862927483,,0.8979591836734692,,,,1.0,3.3783783783783994,-0.0004690237926263663,False
2076,Woodard & Charles,Tabletop,1,148.0,143.0,11.0,136.0,0.07432432432432433,0.7905405405405401,0.8716216216216214,0.8852324146441792,0.6683977786918962,0.5454545454545454,0.8088235294117643,0.6363636363636364,0.9090909090909091,0.45454545454545453,1.0,-8.108108108108125,-9.469187410363912,False
15909,Mercana Art Décor Inc WA 98230,Casegoods,1,148.0,145.0,27.0,121.0,0.18243243243243243,0.7162162162162165,0.6891891891891895,0.8308603274120518,0.7295462461606662,0.7037037037037037,0.7190082644628102,0.7407407407407409,0.8888888888888887,0.7777777777777778,2.0,2.7027027027026973,-11.46441111958354,False
235941,Factory Direct Wholesale LLC FOA,Casegoods,1,148.0,144.0,13.0,119.0,0.08783783783783784,0.6689189189189187,0.8648648648648649,0.8988678804855277,0.6348039215686276,0.6153846153846154,0.6806722689075628,0.8461538461538461,1.0,0.6153846153846154,1.0,-19.594594594594618,-22.994896156660893,True
308103,Ning Bo Jing Wei Dian Zi Shang Wu TX 77494,APS,1,148.0,146.0,7.0,135.0,0.0472972972972973,0.918918918918919,0.8851351351351353,0.9525621511922882,0.8107559614408933,0.8571428571428571,0.9407407407407408,1.0,1.0,1.0,1.0,3.378378378378366,-3.3643232273369184,False
298222,TOPTENG INTERNATIONAL TARDE INC CA 91710,APS Outdoor,1,148.0,142.0,0.0,148.0,0.0,0.9662162162162166,0.8851351351351345,0.8918918918918921,0.8378378378378378,,0.9662162162162166,,,,1.0,8.108108108108203,7.432432432432446,False
47134,RugPal,Rugs,1,148.0,146.0,0.0,128.0,0.0,0.8716216216216216,0.8310810810810811,0.8245933219178084,0.6625642123287672,,0.8593749999999999,,,,1.0,4.0540540540540455,4.702829970381317,False
450672,"Foodservices Brand Group, LLC OH 43130",Wayfair,1,148.0,137.0,25.0,120.0,0.16891891891891891,0.8378378378378377,0.8986486486486482,0.9270681265206809,0.9270681265206809,0.8,0.8499999999999999,1.0,1.0,1.0,5.0,-6.081081081081052,-8.923028868284321,False
268904,"Peenoke, LLC CA 91768",Outdoor Furniture,1,148.0,144.0,0.0,148.0,0.0,0.9932432432432431,0.9054054054054054,0.952702702702703,0.9256756756756752,,0.9932432432432431,,,,1.0,8.783783783783772,4.054054054054013,False
302990,"HONG KONG LINGXIU TECHNOLOGY CO., LIMITED CA 90640",APS,1,147.0,145.0,14.0,112.0,0.09523809523809523,0.7891156462585032,0.891156462585034,0.7695812807881776,0.6134236453201969,0.9285714285714285,0.7946428571428569,1.0,1.0,0.9285714285714285,1.0,-10.204081632653084,1.953436547032561,True
264762,Shenzhenshi Weisifu Keji Youxiangongsi GA 30518,APS,1,147.0,142.0,3.0,104.0,0.02040816326530612,0.6258503401360545,0.7687074829931972,0.8228887495010548,0.5936876318640587,0.0,0.7019230769230769,0.3333333333333333,0.6666666666666666,0.3333333333333333,1.0,-14.28571428571428,-19.70384093650004,True
336961,Lucky Lighting NJ 07008,APS Home Improvement,1,147.0,147.0,0.0,145.0,0.0,0.863945578231292,0.8911564625850337,0.8979591836734694,0.7687074829931975,,0.8758620689655168,,,,1.0,-2.721088435374164,-3.4013605442177353,False
445473,JPARO TECHNOLOGY LLC CA 92336,Casegoods,1,147.0,145.0,31.0,100.0,0.2108843537414966,0.9931972789115646,0.9523809523809523,0.9526896551724137,0.9459310344827588,1.0,0.99,0.9677419354838709,1.0,1.0,2.0,4.081632653061229,4.050762373915095,False
151429,Ningbo Zhiyou E-Commerce NJ 08505,APS,1,146.0,146.0,16.0,116.0,0.1095890410958904,0.9178082191780822,0.9246575342465754,0.8493150684931507,0.6849315068493151,0.9374999999999999,0.9051724137931034,0.9374999999999999,1.0,0.75,1.0,-0.6849315068493178,6.849315068493144,False
363954,"Golden Bull Marketing, LLC NJ 08810",Outdoor Structures,1,146.0,143.0,7.0,128.0,0.04794520547945205,0.7534246575342465,0.910958904109589,0.8702469405594402,0.6235795454545454,1.0,0.7421874999999999,1.0,1.0,1.0,1.0,-15.753424657534254,-11.68222830251937,True
499416,"Shenzhen Quanyuanfa Trading Co., Ltd NJ 08872",APS K&D,1,146.0,143.0,0.0,146.0,0.0,0.9931506849315066,0.9726027397260272,0.9383561643835617,0.9041095890410961,,0.9931506849315066,,,,1.0,2.0547945205479423,5.479452054794487,False
456502,Qingdao XinfenghuaAo Maoyi Youxiangongsi NJ 07008,APS Housewares & More,1,146.0,142.0,71.0,59.0,0.4863013698630137,0.910958904109589,0.9246575342465752,0.9127476724755311,0.8029362616376223,0.9295774647887328,0.9152542372881352,0.9436619718309858,0.971830985915493,0.8873239436619719,1.0,-1.3698630136986134,-0.1788768365942106,False
123257,Smart Tiles  12919,Flooring,1,145.0,144.0,14.0,126.0,0.09655172413793103,0.7448275862068963,0.8413793103448275,0.8964947089947088,0.7102623456790125,0.5714285714285717,0.7698412698412695,0.7857142857142858,0.8571428571428571,0.5714285714285717,1.0,-9.655172413793123,-15.166712278781258,False
173915,Costway WA 98387,APS Outdoor,1,145.0,144.0,0.0,145.0,0.0,1.0,0.9586206896551724,0.9793103448275863,0.9517241379310346,,1.0,,,,1.0,4.137931034482756,2.0689655172413723,False
85274,VINFUL TRADE INC GA 30122,Upholstery,1,145.0,143.0,0.0,145.0,0.0,0.8482758620689651,0.7724137931034478,0.7724137931034485,0.6965517241379312,,0.8482758620689651,,,,1.0,7.586206896551728,7.586206896551662,False
285985,GuCang-GA-SAV-11629-2,APS Home Improvement,1,145.0,143.0,5.0,110.0,0.034482758620689655,0.4551724137931035,0.7448275862068965,0.6336935791481246,0.30298792116973927,0.0,0.5272727272727273,0.2,0.2,0.0,1.0,-28.965517241379295,-17.85211653550211,True
300662,(US)changsha lanqi dianzishangwu youxian TX 77494,APS,1,145.0,144.0,7.0,136.0,0.04827586206896552,0.7448275862068964,0.7999999999999999,0.8551368464052287,0.5307904411764706,0.0,0.7867647058823527,0.5714285714285714,0.8571428571428571,0.0,1.0,-5.517241379310356,-11.030926019833231,False
3998,Coaster IL 60172,Casegoods,1,145.0,138.0,0.0,144.0,0.0,0.9724137931034482,0.9310344827586209,0.9241646537842187,0.8272946859903381,,0.9722222222222222,,,,1.0,4.137931034482733,4.824913931922947,False
437373, NJ03,APS Upholstery,1,144.0,142.0,2.0,140.0,0.013888888888888888,0.034722222222222224,0.6666666666666665,0.6735412474849094,0.41659959758551307,0.0,0.02857142857142857,0.5,0.5,0.5,2.0,-63.19444444444443,-63.88190252626872,True
400045,Aosom Canada Inc.ON L7C 2X3,APS Outdoor,1,143.0,142.0,0.0,143.0,0.0,0.6923076923076925,0.9720279720279719,0.9650349650349651,0.8391608391608393,,0.6923076923076925,,,,3.0,-27.972027972027934,-27.27272727272726,True
337555,Stellweilan Tessberg LLC TX 77053,Storage & Org,1,143.0,142.0,13.0,117.0,0.09090909090909091,0.818181818181818,0.8391608391608392,0.9299987961959791,0.7479234380642832,0.6153846153846154,0.8461538461538459,0.5384615384615384,0.8461538461538461,0.38461538461538464,1.0,-2.0979020979021157,-11.181697801416114,False
182314,North Hills Home Inc. PA,Soft Home,1,143.0,140.0,0.0,143.0,0.0,0.993006993006993,0.9860139860139863,0.944055944055944,0.8811188811188809,,0.993006993006993,,,,1.0,0.6993006993006756,4.895104895104907,False
40785,COMPHOME.CORP NJ 08810,Youth Furniture & Decor,1,143.0,141.0,6.0,134.0,0.04195804195804196,0.3846153846153847,0.8671328671328669,0.790197946438023,0.2795596485656822,0.3333333333333333,0.38805970149253743,1.0,0.8333333333333334,0.16666666666666666,1.0,-48.25174825174822,-40.55825618226383,True
235360,Darya Home GA 30701,Rugs,1,143.0,140.0,19.0,122.0,0.13286713286713286,0.2447552447552448,0.9020979020979021,0.8043911007025765,0.5321428571428569,0.3684210526315789,0.21311475409836073,0.9473684210526315,0.8421052631578947,0.7368421052631579,1.0,-65.73426573426573,-55.96358559473317,True
1959,ORE International,Lighting,1,142.0,135.0,0.0,142.0,0.0,0.8028169014084509,0.7816901408450703,0.7676056338028171,0.6619718309859153,,0.8028169014084509,,,,1.0,2.1126760563380587,3.5211267605633756,False
266507,Comptree Inc GA 31302,APS,1,142.0,141.0,20.0,82.0,0.14084507042253522,0.7253521126760561,0.8098591549295773,0.7533298737242694,0.4009686905379692,0.65,0.8048780487804874,0.7500000000000001,0.7500000000000001,0.4,1.0,-8.450704225352112,-2.7977761048213257,False
72893,American Soft Linen LLC CT,Soft Home,1,142.0,142.0,0.0,142.0,0.0,1.0,0.7816901408450702,0.9154929577464787,0.7042253521126758,,1.0,,,,1.0,21.830985915492985,8.450704225352135,False
472923,J77279- NJ 08831,APS AEOF,1,142.0,142.0,28.0,105.0,0.19718309859154928,0.9295774647887324,0.8732394366197181,0.9225352112676054,0.8521126760563381,0.8928571428571427,0.9333333333333332,0.8214285714285715,0.9642857142857142,0.8214285714285715,1.0,5.633802816901423,0.7042253521126973,False
227581,Portmeirion Group USA NM 87532,Tabletop,1,142.0,138.0,0.0,142.0,0.0,0.676056338028169,0.7605633802816901,0.9366197183098586,0.8591549295774648,,0.676056338028169,,,,1.0,-8.450704225352112,-26.05633802816896,False
172108,CAN_MoesHomeCollection BC V3M 6H4 (Kent),CA Casegoods,1,142.0,140.0,0.0,142.0,0.0,0.11971830985915495,0.5985915492957746,0.605633802816902,0.47183098591549294,,0.11971830985915495,,,,5.0,-47.88732394366197,-48.59154929577471,True
338948,SmartStandard CA 91761 (2),APS Home Improvement,1,141.0,140.0,1.0,140.0,0.0070921985815602835,0.6737588652482267,0.794326241134752,0.8936224489795915,0.6028571428571429,1.0,0.6714285714285712,1.0,1.0,1.0,1.0,-12.056737588652533,-21.986358373136483,True
332762,CAN_VECELO ON L5T 2L3,APS Bedroom,1,141.0,139.0,0.0,141.0,0.0,0.8652482269503549,0.950354609929078,0.950354609929078,0.9290780141843972,,0.8652482269503549,,,,3.0,-8.510638297872319,-8.510638297872319,False
122879,Outdeco USA CA 92056,Outdoor Structures,1,141.0,139.0,0.0,141.0,0.0,0.964539007092199,0.9503546099290778,0.9219858156028367,0.7730496453900708,,0.964539007092199,,,,1.0,1.4184397163121143,4.255319148936232,False
248850,FURNITURE GROUP LIMITED CA 91761,Casegoods,1,140.0,140.0,12.0,119.0,0.08571428571428572,0.6071428571428568,0.8285714285714286,0.7714285714285711,0.4785714285714286,0.5833333333333333,0.61344537815126,1.0,1.0,0.6666666666666666,1.0,-22.142857142857185,-16.428571428571438,True
48521,Treasure Garden CA91706,Outdoor Furniture,1,140.0,135.0,26.0,110.0,0.18571428571428572,0.7071428571428575,0.807142857142857,0.8067340067340069,0.7484848484848485,0.6153846153846154,0.7363636363636369,0.7307692307692307,0.8076923076923076,0.6153846153846154,2.0,-9.999999999999954,-9.959114959114935,False
48741,CAN_GEAppliances AB T2C 5B5,CA Home Improvement,1,140.0,131.0,0.0,140.0,0.0,0.0285714285714286,0.8857142857142859,0.9142857142857138,0.8214285714285715,,0.0285714285714286,,,,2.0,-85.71428571428574,-88.57142857142853,True
251950,10-MIDDLE-01,APS,1,140.0,140.0,4.0,134.0,0.02857142857142857,0.5428571428571427,0.807142857142857,0.8785714285714282,0.5357142857142856,0.5,0.5373134328358208,0.75,1.0,0.5,1.0,-26.428571428571434,-33.571428571428555,True
409291,LONSHIRE SPARK INC CA 90670,APS K&D,1,140.0,136.0,21.0,105.0,0.15,0.7642857142857142,0.8857142857142859,0.851190476190476,0.7869747899159664,0.9523809523809523,0.7428571428571429,0.9047619047619048,1.0,0.9523809523809523,2.0,-12.142857142857167,-8.690476190476183,True
370426,CAN_SICOTAS INC ON L9E 0E9,APS Bedroom,1,140.0,139.0,0.0,140.0,0.0,0.7785714285714286,0.9785714285714285,0.9642857142857144,0.9214285714285712,,0.7785714285714286,,,,2.0,-19.999999999999996,-18.571428571428584,True
351083,CA008. CA 92337 (2),APS AEOF,1,140.0,140.0,1.0,131.0,0.007142857142857143,0.6428571428571427,0.85,0.914285714285714,0.6571428571428571,0.0,0.6564885496183204,1.0,1.0,0.0,1.0,-20.71428571428573,-27.142857142857135,True
346438,DONG GUAN SHI MAO HUI KE JI YOU XIAN GONG SI_1 ON L6W 0A5,Wayfair,1,140.0,138.0,0.0,140.0,0.0,0.8214285714285714,0.9785714285714283,0.957142857142857,0.9285714285714284,,0.8214285714285714,,,,2.0,-15.714285714285692,-13.571428571428557,True
231613,"Yoau Electric Co., LTD. GA 31326",APS,1,140.0,139.0,4.0,122.0,0.02857142857142857,0.664285714285714,0.8499999999999996,0.8072296261351575,0.4784762354051185,0.5,0.6475409836065571,1.0,1.0,0.25,1.0,-18.571428571428562,-14.294391184944343,True
269483,COPE GA-SAV01,APS Home Improvement,1,140.0,139.0,0.0,136.0,0.0,0.5928571428571434,0.7428571428571427,0.5000528988573847,0.20725772323317826,,0.5955882352941182,,,,1.0,-14.999999999999925,9.280424399975873,True
312266,"Qingdao Ouyida International Trade Co., Ltd GA 31326",Wayfair,1,139.0,136.0,26.0,100.0,0.18705035971223022,0.5683453237410071,0.8920863309352518,0.8422058823529414,0.4388235294117646,0.42307692307692313,0.6199999999999999,0.9230769230769229,0.9615384615384615,0.38461538461538464,1.0,-32.37410071942447,-27.386055861193427,True
413703,D & W Silks KY 40216,Decor,1,139.0,139.0,0.0,139.0,0.0,1.0,0.9784172661870502,0.9928057553956835,0.9928057553956835,,1.0,,,,1.0,2.158273381294984,0.7194244604316502,False
443311,"Simply Interior Homes AcquistionCo, LLC NV 89434",Soft Home,1,139.0,123.0,0.0,139.0,0.0,0.7266187050359711,0.8848920863309352,0.848920863309352,0.7913669064748199,,0.7266187050359711,,,,2.0,-15.827338129496404,-12.230215827338087,True
342455,Yiimo GA 31326,APS Bedroom,1,139.0,138.0,9.0,119.0,0.06474820143884892,0.7050359712230216,0.8705035971223019,0.9136524174887348,0.834368530020704,0.6666666666666666,0.7563025210084034,0.8888888888888888,0.8888888888888888,0.8888888888888888,1.0,-16.546762589928022,-20.86164462657132,True
178133,Moonlight INC. NJ 08902,Casegoods,1,139.0,137.0,1.0,137.0,0.007194244604316547,0.7697841726618707,0.8633093525179855,0.8489530608982898,0.6331717193244177,1.0,0.7664233576642338,1.0,1.0,1.0,1.0,-9.352517985611474,-7.91688882364191,False
331422,East Grove Home LLC TX 75104,Wayfair,1,139.0,138.0,0.0,138.0,0.0,0.7410071942446042,0.8848920863309353,0.8920394875026254,0.7697437513127495,,0.7463768115942027,,,,2.0,-14.388489208633114,-15.103229325802126,True
20563,Innovative Product Sales International,Plumbing,1,139.0,136.0,2.0,137.0,0.014388489208633094,0.6690647482014388,0.7266187050359711,0.6979390296264489,0.5900601116358953,1.0,0.6642335766423356,1.0,1.0,1.0,1.0,-5.755395683453235,-2.887428142501014,False
148929,"Grove NA, INC. dba Chicology CA",Soft Home,1,139.0,128.0,54.0,67.0,0.38848920863309355,0.5179856115107915,0.5827338129496403,0.8067410344112771,0.7455431177446102,0.6481481481481483,0.4029850746268657,0.814814814814815,0.9444444444444445,0.8518518518518517,1.0,-6.474820143884886,-28.87554229004856,False
17887,Moe's Home Collection WA 98031 (2),Casegoods,1,139.0,136.0,4.0,132.0,0.02877697841726619,0.7625899280575543,0.9424460431654674,0.906417112299465,0.8631350267379679,0.25,0.7954545454545459,1.0,1.0,0.75,1.0,-17.985611510791312,-14.382718424191065,True
303328,             WPLA11,APS,1,139.0,139.0,10.0,116.0,0.07194244604316546,0.8201438848920863,0.9136690647482015,0.6906474820143885,0.539568345323741,0.6,0.8706896551724138,0.9,0.8,0.5,1.0,-9.35251798561152,12.949640287769782,False
30195,Lanxi Jinhuan Art Craft Co.,Decor,1,139.0,136.0,16.0,119.0,0.11510791366906475,0.3669064748201439,0.4604316546762591,0.6340830449826992,0.4977137913989124,0.8749999999999999,0.3025210084033613,0.6875,0.8749999999999999,0.8749999999999999,1.0,-9.35251798561152,-26.71765701625553,False
412787,NEW BKFARMHOUSE INC CA 92337,APS Pet,1,139.0,139.0,43.0,33.0,0.30935251798561153,0.9424460431654677,0.8920863309352518,0.8561151079136688,0.60431654676259,0.8604651162790694,0.9393939393939394,0.8837209302325579,0.9302325581395348,0.6511627906976745,1.0,5.035971223021585,8.63309352517988,False
282335,EFIL01 60441,APS,1,139.0,138.0,0.0,139.0,0.0,0.9352517985611507,0.8992805755395683,0.9640287769784172,0.7338129496402876,,0.9352517985611507,,,,1.0,3.59712230215824,-2.8776978417266452,False
332518,foshanshi fujiamao yiyouxiangongsi CA 92316,APS,1,139.0,137.0,13.0,110.0,0.09352517985611511,0.5827338129496401,0.9496402877697842,0.8201725282017254,0.5244857332448575,0.2307692307692308,0.6545454545454543,0.8461538461538461,0.8461538461538461,0.38461538461538464,1.0,-36.690647482014406,-23.743871525208526,True
438186,LUMINOUS STREAM LLC NJ 08527,Wayfair,1,139.0,133.0,6.0,126.0,0.04316546762589928,0.6618705035971223,0.6618705035971224,0.8546962644707006,0.7821935791860604,0.6666666666666666,0.6507936507936508,1.0,1.0,1.0,1.0,-1.1102230246251565e-14,-19.28257608735783,False
60992,Decorotika DE,Casegoods,1,139.0,131.0,29.0,106.0,0.20863309352517986,0.9352517985611509,0.8633093525179856,0.7345006382017116,0.5902024862550721,0.9310344827586206,0.943396226415094,0.8275862068965518,0.8275862068965518,0.6551724137931035,1.0,7.194244604316536,20.07511603594393,False
23946,Real Flame WI 53177 Sylvania,Fireplaces & Grills,1,138.0,138.0,0.0,138.0,0.0,0.9927536231884058,0.8768115942028983,0.956521739130435,0.673913043478261,,0.9927536231884058,,,,1.0,11.594202898550742,3.623188405797073,False
361600,Z-HOM LIVING COMPANY LIMITED CA 91789,Wayfair,1,138.0,135.0,13.0,73.0,0.09420289855072464,0.9710144927536232,0.7753623188405796,0.6992389649923897,0.6773211567732115,1.0,0.9726027397260274,0.8461538461538461,0.9230769230769231,0.9230769230769231,1.0,19.56521739130436,27.17755277612335,False
151407,"Juncheng Leisure Products Co.,LTD NJ 07305",APS Outdoor,1,137.0,133.0,11.0,125.0,0.08029197080291971,0.9416058394160581,0.7956204379562044,0.8981052631578946,0.83987969924812,1.0,0.9359999999999997,0.9090909090909091,1.0,1.0,1.0,14.598540145985373,4.35005762581635,False
28407,Kay Home Products,Decor,1,137.0,136.0,5.0,132.0,0.0364963503649635,0.8467153284671531,0.875912408759124,0.8978386809269163,0.7591911764705882,1.0,0.8409090909090908,1.0,1.0,1.0,1.0,-2.919708029197088,-5.112335245976318,False
491640,"Shenzhen Chuanfulian Technology Co., Ltd CA 91761",APS Rugs,1,137.0,6.0,0.0,137.0,0.0,0.03649635036496351,0.04379562043795621,0.03649635036496351,0.03649635036496351,,0.03649635036496351,,,,1.0,-0.7299270072992705,0.0,False
272871,CAIDI INC NJ 07064,APS,1,137.0,136.0,2.0,109.0,0.014598540145985401,0.9270072992700731,0.8321167883211679,0.6716135995682676,0.48920669185105237,0.5,0.9266055045871561,1.0,0.5,0.5,1.0,9.489051094890522,25.539369970180548,False
430336,深圳市栖梧生活装饰有限公司 CA 91748,APS Decor,1,137.0,135.0,26.0,96.0,0.1897810218978102,0.9854014598540146,0.9343065693430656,0.9418209876543211,0.8837962962962963,1.0,0.9791666666666666,0.9230769230769229,1.0,1.0,1.0,5.109489051094906,4.358047219969352,False
368792,fuzhoutongtuomaoyiyouxiangongsi NJ 08512,APS Youth,1,137.0,135.0,0.0,137.0,0.0,0.9781021897810219,0.9270072992700731,0.9489051094890512,0.8832116788321168,,0.9781021897810219,,,,1.0,5.109489051094885,2.9197080291970767,False
154675,Modket Inc CA 91733,Hardware,1,136.0,135.0,11.0,123.0,0.08088235294117647,0.37499999999999994,0.6764705882352942,0.6542607648298706,0.39704908160192726,0.27272727272727276,0.38211382113821135,0.3636363636363636,0.45454545454545453,0.3636363636363636,1.0,-30.14705882352942,-27.926076482987067,True
354403,"Zhongshan Qidian Lighting Co., Ltd. NJ 08817",APS Home Improvement,1,136.0,134.0,25.0,97.0,0.18382352941176472,0.9558823529411765,0.8897058823529409,0.8821357131866441,0.830358516694876,0.96,0.979381443298969,0.8799999999999999,0.92,0.92,1.0,6.617647058823561,7.3746639754532435,False
284484,XH WP_SVAL GA 31407,APS,1,136.0,135.0,5.0,130.0,0.03676470588235294,0.9705882352941176,0.8014705882352938,0.9632478632478635,0.9191452991452986,1.0,0.9692307692307692,0.8,1.0,1.0,1.0,16.911764705882383,0.7340372046254151,False
478576,Riverstar Inc. CA 91752-3717,APS Outdoor,1,136.0,134.0,22.0,99.0,0.16176470588235295,0.5367647058823529,0.8823529411764706,0.7942107643600181,0.49231117141564923,0.5,0.5555555555555555,0.9545454545454546,0.818181818181818,0.45454545454545453,1.0,-34.55882352941176,-25.744605847766522,True
28342,Marmont Hill CA 93901,Decor,1,136.0,135.0,0.0,136.0,0.0,0.9191176470588232,0.8676470588235293,0.8382352941176471,0.7426470588235293,,0.9191176470588232,,,,1.0,5.147058823529383,8.088235294117608,False
371894,foshanshi fujiamao yiyouxiangongsi GA 30354,APS Home Improvement,1,136.0,135.0,0.0,133.0,0.0,0.676470588235294,0.8676470588235293,0.8676134781397936,0.4926761347813979,,0.6766917293233081,,,,1.0,-19.11764705882353,-19.114288990449957,True
357284,Ober International Trade INC. CA 92626,Casegoods,1,136.0,134.0,0.0,131.0,0.0,0.9485294117647058,0.7941176470588236,0.9706049903155975,0.9706049903155975,,0.9465648854961833,,,,3.0,15.441176470588225,-2.2075578550891706,False
293567,RW Flame PA 18466,APS Home Improvement,1,135.0,135.0,5.0,128.0,0.037037037037037035,0.8518518518518515,0.874074074074074,0.8518518518518519,0.7037037037037036,0.6,0.8593749999999997,1.0,1.0,1.0,1.0,-2.2222222222222476,-3.3306690738754696e-14,False
50419,Permasteel CA,Fireplaces & Grills,1,135.0,135.0,0.0,135.0,0.0,0.9703703703703703,0.8592592592592588,0.8740740740740738,0.6740740740740739,,0.9703703703703703,,,,1.0,11.11111111111115,9.629629629629655,False
487894,TX03,APS Home Improvement,1,135.0,131.0,0.0,135.0,0.0,0.9925925925925926,0.9629629629629631,0.9185185185185184,0.8518518518518517,,0.9925925925925926,,,,1.0,2.962962962962945,7.407407407407418,False
22888,Crystorama NY 11590,Lighting,1,135.0,132.0,0.0,135.0,0.0,0.9777777777777777,0.9259259259259257,0.9037037037037038,0.8148148148148152,,0.9777777777777777,,,,1.0,5.185185185185204,7.407407407407396,False
365959,3 Dekor (Virtual - MTO),Soft Home,1,135.0,77.0,5.0,130.0,0.037037037037037035,0.5703703703703705,0.5703703703703705,0.5828171828171829,0.5828171828171829,1.0,0.553846153846154,1.0,1.0,1.0,7.0,0.0,-1.2446812446812339,False
66759,Chenxin Optoelectronic TX 77521,APS Outdoor,1,135.0,132.0,0.0,127.0,0.0,0.7777777777777777,0.8814814814814815,0.9180983058935814,0.6437007874015749,,0.7874015748031495,,,,1.0,-10.370370370370384,-14.032052811580375,True
280752,Benzara NY 12901,Casegoods,1,135.0,129.0,15.0,55.0,0.1111111111111111,0.2074074074074074,0.8,0.7230354010165984,0.6651642601172537,0.4,0.21818181818181823,1.0,1.0,1.0,2.0,-59.25925925925927,-51.5627993609191,True
23301,The Pillow Collection MA,Soft Home,1,134.0,109.0,0.0,134.0,0.0,0.7164179104477613,0.708955223880597,0.7089552238805972,0.6343283582089547,,0.7164179104477613,,,,1.0,0.7462686567164312,0.746268656716409,False
13581,Algoma Net Company IL 62626,Outdoor Furniture,1,134.0,133.0,4.0,130.0,0.029850746268656716,0.895522388059701,0.8507462686567162,0.9104684788895312,0.8058993637941004,0.75,0.8999999999999995,0.5,1.0,0.5,1.0,4.477611940298476,-1.4946090829830228,False
298087,Rip Technologies LLC KY 40353,Decor,1,134.0,131.0,7.0,126.0,0.05223880597014925,0.5671641791044777,0.783582089552239,0.7613595056343146,0.731552162849873,0.7142857142857143,0.5555555555555557,0.8571428571428571,0.8571428571428571,0.8571428571428571,3.0,-21.641791044776127,-19.419532652983694,True
472061,"Huzhou Jiehui Import & Export Co., Ltd. TX 77037",APS AEOF,1,134.0,131.0,0.0,134.0,0.0,0.8656716417910445,0.8582089552238803,0.828358208955224,0.828358208955224,,0.8656716417910445,,,,5.0,0.7462686567164201,3.731343283582045,False
146896,Lilola Home CA,Upholstery,1,133.0,131.0,0.0,133.0,0.0,0.9774436090225562,0.9548872180451128,0.8796992481203005,0.7894736842105268,,0.9774436090225562,,,,1.0,2.255639097744344,9.774436090225569,False
191142,Fullest LLC FL 32824,APS,1,133.0,131.0,17.0,111.0,0.12781954887218044,0.7894736842105265,0.8195488721804512,0.9323980469018636,0.8722921394677117,0.7058823529411765,0.792792792792793,0.6470588235294118,0.9411764705882352,0.8823529411764705,2.0,-3.00751879699247,-14.292436269133702,False
208446,CHANGSHA BATHROOM BUTLER DEZIGN INC FL 32210,Plumbing,1,133.0,130.0,0.0,128.0,0.0,0.8345864661654134,0.819548872180451,0.841706730769231,0.7288461538461537,,0.8515624999999999,,,,1.0,1.5037593984962405,-0.7120264603817539,False
281652,James Martin Vanities GA 31302,PG Home Improvement,1,133.0,126.0,13.0,113.0,0.09774436090225563,0.5187969924812028,0.5714285714285712,0.8263098749824414,0.698763871330243,0.3076923076923077,0.5398230088495574,0.38461538461538464,0.6153846153846153,0.6153846153846153,1.0,-5.263157894736836,-30.751288250123853,False
334817,"CAN_Golden Bull Marketing, LLC ON L6S 6B7",CA Housewares,1,133.0,130.0,0.0,133.0,0.0,0.6766917293233079,0.9473684210526319,0.9473684210526315,0.9172932330827064,,0.6766917293233079,,,,2.0,-27.067669172932398,-27.067669172932362,True
285089,CAN_NEW BKFARMHOUSE INC ON L1J0E7,APS Pet,1,132.0,132.0,0.0,132.0,0.0,0.9924242424242422,0.9848484848484849,0.9772727272727268,0.8181818181818179,,0.9924242424242422,,,,1.0,0.7575757575757347,1.515151515151536,False
209561,Dream Baby NC 28078,Youth Furniture & Decor,1,132.0,131.0,25.0,99.0,0.1893939393939394,0.9848484848484849,0.9469696969696971,0.38036857120826595,0.3196082967075333,1.0,0.9797979797979799,0.8399999999999999,1.0,0.8399999999999999,1.0,3.7878787878787734,60.44799136402189,False
409379,Xifarey NJ 08873-1393,APS Home Improvement,1,132.0,131.0,17.0,59.0,0.12878787878787878,0.9242424242424242,0.5303030303030303,0.5441842411696208,0.42256436796480784,0.8235294117647057,0.9322033898305085,0.1764705882352941,0.23529411764705882,0.23529411764705882,1.0,39.39393939393939,38.005818307280336,False
127456,"NTBAY CO., LLC TX",APS,1,132.0,130.0,6.0,123.0,0.045454545454545456,0.7272727272727271,0.7651515151515149,0.772732958098812,0.7119449656035018,0.5,0.7398373983739835,0.5,0.6666666666666666,0.5,1.0,-3.7878787878787845,-4.546023082608497,False
54272,"Copper Art, LLC",Decor,1,132.0,132.0,13.0,118.0,0.09848484848484848,0.818181818181818,0.9318181818181817,0.9621212121212119,0.787878787878788,0.6923076923076923,0.830508474576271,1.0,1.0,0.6153846153846154,1.0,-11.363636363636365,-14.393939393939393,True
6124,Hirsh Industries CA92231,Wayfair Professional,1,132.0,132.0,7.0,124.0,0.05303030303030303,0.4393939393939396,0.8484848484848485,0.8333333333333329,0.6060606060606057,0.42857142857142855,0.43548387096774216,0.8571428571428571,0.8571428571428571,0.7142857142857143,1.0,-40.90909090909089,-39.393939393939334,True
20933,Zenport Industries,Outdoor Structures,1,132.0,130.0,13.0,118.0,0.09848484848484848,0.4924242424242422,0.75,0.8256844850065188,0.651238591916558,0.38461538461538464,0.49999999999999983,0.6153846153846155,0.7692307692307693,0.46153846153846156,1.0,-25.75757575757578,-33.32602425822766,True
484106,AIVITUVIN INC CA 91762,APS Pet,1,131.0,131.0,2.0,127.0,0.015267175572519083,1.0,0.9389312977099236,0.9694656488549618,0.9236641221374043,1.0,1.0,1.0,1.0,1.0,1.0,6.106870229007644,3.053435114503822,False
462577,"ICELAINE Crafts (Shenzhen) Co.,Ltd GA 31322",APS Decor,1,131.0,130.0,19.0,92.0,0.1450381679389313,0.49618320610687,0.5267175572519082,0.5758241758241758,0.4379120879120879,0.21052631578947378,0.6521739130434779,0.21052631578947378,0.42105263157894735,0.21052631578947378,1.0,-3.0534351145038165,-7.964096971730577,False
214262,LASP,APS,1,131.0,131.0,0.0,131.0,0.0,0.8320610687022901,0.9083969465648857,0.9541984732824429,0.778625954198473,,0.8320610687022901,,,,1.0,-7.633587786259555,-12.213740458015277,False
233361,"nanjingshi zhuoyipi e-commerce co.,ltd CA 92408",APS,1,131.0,130.0,0.0,113.0,0.0,0.5190839694656488,0.6335877862595419,0.7970085470085471,0.39145299145299134,,0.48672566371681414,,,,1.0,-11.45038167938931,-27.792457754289824,True
232039,"Yoau Electric Co., LTD. NJ 08873",APS,1,131.0,129.0,0.0,131.0,0.0,0.9160305343511449,0.938931297709924,0.9618320610687028,0.8244274809160306,,0.9160305343511449,,,,1.0,-2.290076335877911,-4.580152671755789,False
353646,"FUFU and GAGA Trade Co., Ltd. NJ 08505",APS Bedroom,1,131.0,126.0,7.0,115.0,0.05343511450381679,0.9007633587786257,0.8778625954198473,0.9163166715961747,0.823839100857734,0.8571428571428571,0.9304347826086953,1.0,0.8571428571428572,0.8571428571428572,1.0,2.290076335877833,-1.5553312817549014,False
34663,eModern Decor CA91745,Casegoods,1,131.0,127.0,25.0,98.0,0.19083969465648856,0.9770992366412213,0.9160305343511447,0.916278322352563,0.855214526755584,1.0,0.969387755102041,0.8799999999999999,0.9199999999999998,0.84,1.0,6.106870229007666,6.082091428865832,False
333933,Ning Bo Tuo Bei Chuang Yi Ke Ji You Xian Gong Si ON L6Z 0B5,APS Youth,1,130.0,130.0,0.0,130.0,0.0,0.9615384615384615,0.9769230769230769,0.9846153846153846,0.9615384615384618,,0.9615384615384615,,,,1.0,-1.538461538461544,-2.3076923076923106,False
510365,dongyangshixinxianyangdianzishangwuyouxiangongsi CA 91748,APS Rugs,1,130.0,125.0,0.0,130.0,0.0,0.7230769230769227,0.8538461538461539,0.8307692307692305,0.6076923076923076,,0.7230769230769227,,,,1.0,-13.07692307692312,-10.769230769230775,True
290810,Barry Room Inc GA 31326,Wayfair,1,130.0,129.0,10.0,110.0,0.07692307692307693,0.769230769230769,0.7538461538461537,0.8385482734319942,0.6770260747004933,0.7999999999999999,0.7636363636363633,1.0,1.0,0.9,1.0,1.538461538461533,-6.931750420122517,False
298275,"Wenzhou Qilin Digital Technology Co., Ltd CA 92337",APS,1,130.0,130.0,16.0,108.0,0.12307692307692308,0.7538461538461538,0.9153846153846151,0.9461538461538461,0.7846153846153845,0.6875000000000001,0.7592592592592593,0.9374999999999999,1.0,0.9374999999999999,1.0,-16.15384615384613,-19.23076923076923,True
364902,LC-CA008,APS Outdoor,1,130.0,126.0,1.0,111.0,0.007692307692307693,0.8846153846153849,0.8999999999999998,0.9158444158444157,0.6016016016016014,1.0,0.8648648648648652,1.0,1.0,1.0,1.0,-1.5384615384614886,-3.1229031229030757,False
362753,AHGLY COMPANY AL 92154,Rugs,1,130.0,104.0,9.0,67.0,0.06923076923076923,0.43846153846153846,0.36153846153846153,0.47535793881272387,0.45164449246977784,0.8888888888888888,0.3582089552238805,0.6666666666666666,1.0,1.0,6.0,7.6923076923076925,-3.6896400351185408,False
130532,Quanzhou Perfect Generation Technology Co NJ 08505,APS Housewares & More,1,130.0,130.0,10.0,116.0,0.07692307692307693,0.8230769230769227,0.7846153846153846,0.8230769230769235,0.753846153846154,0.8,0.8275862068965514,0.7,0.8,0.7,1.0,3.8461538461538103,-7.771561172376096e-14,False
313561,HTW INC. CA 92571,APS SEA,1,130.0,126.0,0.0,129.0,0.0,0.9307692307692305,0.923076923076923,0.9230958533284113,0.7921127107173618,,0.9302325581395345,,,,1.0,0.7692307692307443,0.7673377440819196,False
441907,ENSHINES INC CA 92337,APS Bedroom,1,130.0,126.0,0.0,86.0,0.0,0.8384615384615385,0.7846153846153846,0.8778146917681802,0.7022886674049466,,0.7790697674418605,,,,1.0,5.384615384615388,-3.9353153306641686,False
127553,Shenzhen Zhichen Trading Co. LTD. GA 31326,APS K&D,1,129.0,129.0,20.0,100.0,0.15503875968992248,0.7209302325581396,0.8217054263565892,0.8139534883720935,0.3643410852713178,0.75,0.7000000000000002,0.7500000000000001,0.7500000000000001,0.4499999999999999,1.0,-10.077519379844958,-9.302325581395387,True
24590,Northlight Seasonal NY 14227 Innsbruck,Decor,1,129.0,129.0,0.0,129.0,0.0,0.8914728682170546,0.8837209302325582,0.9069767441860466,0.8527131782945728,,0.8914728682170546,,,,1.0,0.7751937984496471,-1.5503875968991943,False
11175,Sietto,PG Home Improvement,1,129.0,124.0,16.0,112.0,0.12403100775193798,0.7441860465116278,0.868217054263566,0.8305011520737327,0.651857718894009,0.8124999999999999,0.7410714285714285,1.0,1.0,0.8124999999999999,1.0,-12.40310077519382,-8.631510556210486,True
75411,TIANJIN HELI SCIENCE AND TECHNOLOGY CO CA 91710,APS,1,129.0,129.0,4.0,120.0,0.031007751937984496,0.5271317829457365,0.8914728682170541,0.8604651162790692,0.5116279069767441,0.75,0.525,1.0,1.0,1.0,1.0,-36.434108527131755,-33.33333333333327,True
292987,weifangjiamujingmaoyouxiangongsi CA 91730,APS,1,129.0,125.0,8.0,111.0,0.06201550387596899,0.7906976744186047,0.8992248062015503,0.8757477477477476,0.5744144144144145,0.75,0.7927927927927929,0.875,1.0,0.75,1.0,-10.85271317829456,-8.505007332914282,True
282333,EFTX01 77035,APS,1,129.0,129.0,0.0,129.0,0.0,0.3023255813953487,0.7829457364341087,0.9224806201550385,0.24806201550387608,,0.3023255813953487,,,,1.0,-48.062015503876,-62.01550387596898,True
84641,Zenith Products DE 19720,Soft Home,1,129.0,117.0,1.0,128.0,0.007751937984496124,0.6356589147286819,0.5813953488372098,0.7521367521367521,0.6901709401709405,1.0,0.6328124999999997,1.0,1.0,1.0,1.0,5.426356589147208,-11.647783740807027,False
93843,"ZHEJIANG XINXIN OUTDOOR PRODUCTS CO.,LTD CA 95776",APS,1,128.0,126.0,28.0,89.0,0.21875,0.9609374999999998,0.9375,0.906220540650717,0.8983732069606868,1.0,0.9438202247191008,0.8571428571428571,0.9285714285714284,0.9285714285714284,2.0,2.343749999999978,5.471695934928277,False
352356,CAN_LLYTech Inc. ON L6S 5X7,APS SEA,1,128.0,128.0,0.0,128.0,0.0,0.9218749999999998,1.0,0.9921874999999999,0.9765624999999997,,0.9218749999999998,,,,3.0,-7.812500000000022,-7.031250000000011,False
62355,EuropaTex NJ 07306,Upholstery,1,128.0,96.0,9.0,110.0,0.0703125,0.3671875,0.6406250000000003,0.6363636363636366,0.5477272727272727,0.22222222222222227,0.33636363636363636,0.7777777777777778,0.7777777777777778,0.7777777777777778,1.0,-27.343750000000032,-26.917613636363658,True
354041,运去哪-BLL-美东-07036,APS AEOF,1,128.0,127.0,18.0,101.0,0.140625,0.8437500000000001,0.8906249999999998,0.8830591720589381,0.7029702970297029,0.7777777777777777,0.8613861386138615,0.8333333333333331,1.0,0.6666666666666667,1.0,-4.687499999999966,-3.9309172058938024,False
405699,Emery Jensen FL 33566,Decor,1,128.0,127.0,3.0,125.0,0.0234375,0.9140624999999997,0.9296875000000001,0.9453228346456692,0.843779527559055,1.0,0.9119999999999997,1.0,1.0,1.0,1.0,-1.5625000000000444,-3.1260334645669574,False
405827,TRINITY  INTERNATIONAL TX 77047,APS Bedroom,1,128.0,125.0,0.0,128.0,0.0,0.7812500000000002,0.8281249999999999,0.8593749999999996,0.703125,,0.7812500000000002,,,,1.0,-4.687499999999966,-7.812499999999933,False
399982,九方美东08仓-SD,APS Bedroom,1,128.0,126.0,21.0,99.0,0.1640625,0.7812500000000001,0.828125,0.8358986692320027,0.624659291325958,0.7619047619047618,0.7979797979797981,0.6190476190476191,0.8095238095238093,0.5238095238095238,1.0,-4.687499999999989,-5.464866923200262,False
132494,Zekoo Inc CA 91730,APS,1,128.0,128.0,0.0,128.0,0.0,0.8437499999999994,0.8281249999999998,0.8359374999999997,0.7187499999999999,,0.8437499999999994,,,,1.0,1.5624999999999667,0.7812499999999778,False
125267,Safavieh GA 31320,Rugs,1,128.0,122.0,25.0,59.0,0.1953125,0.875,0.9140625,0.8068908030008336,0.7299249791608778,0.9199999999999998,0.7796610169491527,0.9199999999999998,0.9599999999999999,0.9199999999999997,1.0,-3.90625,6.81091969991664,False
477325,Edvivi PA 19137,Lighting,1,128.0,128.0,17.0,103.0,0.1328125,0.9218750000000001,0.9453125,0.8281250000000001,0.734375,0.9411764705882352,0.9417475728155341,0.9411764705882352,1.0,0.9411764705882352,1.0,-2.343749999999989,9.375,False
38878,Vogue Furniture Direct Inc. CA 91763,Casegoods,1,127.0,125.0,11.0,114.0,0.08661417322834646,0.5511811023622046,0.7874015748031499,0.7563508771929821,0.4728421052631579,0.7272727272727272,0.5263157894736841,0.7272727272727272,1.0,0.6363636363636364,1.0,-23.622047244094524,-20.516977483077746,True
327059,Baishi-NJ 08810,APS Housewares & More,1,127.0,125.0,9.0,116.0,0.07086614173228346,0.7637795275590551,0.9133858267716533,0.8348965517241379,0.6223448275862069,1.0,0.7413793103448276,1.0,1.0,0.8888888888888888,1.0,-14.960629921259816,-7.111702416508281,True
10806,American Pride,Plumbing,1,127.0,125.0,8.0,119.0,0.06299212598425197,0.7637795275590549,0.8267716535433076,0.9370756302521005,0.8505546218487393,1.0,0.7478991596638653,1.0,1.0,1.0,3.0,-6.2992125984252745,-17.329610269304563,False
289419,"Anji Aomei Furniture Co., Ltd CA 92337 (2)",Wayfair,1,127.0,125.0,0.0,104.0,0.0,0.7559055118110235,0.8976377952755906,0.9131170568561869,0.699735785953177,,0.7115384615384615,,,,1.0,-14.173228346456712,-15.721154504516344,True
308477,Heininger Holdings LLC TX 77040,Outdoor Furniture,1,127.0,124.0,18.0,100.0,0.14173228346456693,0.968503937007874,0.8582677165354329,0.7956451612903227,0.6147580645161291,0.9444444444444442,0.98,0.8888888888888887,0.8888888888888887,0.8333333333333331,1.0,11.023622047244109,17.285877571755126,False
176469,NICE CHOICE INC CA 92503,Outdoor Furniture,1,127.0,125.0,1.0,126.0,0.007874015748031496,0.48031496062992124,0.8110236220472441,0.795301587301587,0.4566349206349208,0.0,0.48412698412698413,1.0,1.0,0.0,1.0,-33.07086614173229,-31.49866266716657,True
348979,       WPLA15,Casegoods,1,127.0,125.0,9.0,88.0,0.07086614173228346,0.826771653543307,0.8503937007874016,0.8505454545454545,0.7007272727272725,0.8888888888888888,0.8522727272727271,1.0,0.8888888888888888,0.8888888888888888,1.0,-2.362204724409467,-2.3773801002147543,False
496768,Shenzhen Like Keji Youxiangongsi TX 77521,APS Bedroom,1,127.0,123.0,0.0,126.0,0.0,0.8740157480314961,0.9527559055118112,0.9210220673635302,0.7320944638017807,,0.8809523809523809,,,,1.0,-7.874015748031516,-4.7006319332034145,False
36119,Feizy Rugs TX75234,Rugs,1,126.0,126.0,1.0,125.0,0.007936507936507936,0.9682539682539683,0.8253968253968257,0.9126984126984123,0.7698412698412698,0.0,0.976,1.0,1.0,1.0,1.0,14.285714285714256,5.555555555555591,False
296507,Barhull Industry. LLC CA 92335,Wayfair,1,126.0,125.0,9.0,69.0,0.07142857142857142,0.6111111111111109,0.7777777777777778,0.8180869565217391,0.4925217391304348,0.7777777777777778,0.6086956521739126,1.0,1.0,0.5555555555555556,1.0,-16.666666666666686,-20.69758454106282,True
222110,PuleoInternational WA 98390 (Leman Inc),Decor,1,126.0,122.0,11.0,114.0,0.0873015873015873,0.6666666666666669,0.8968253968253963,0.8734541271210814,0.7152717860224334,0.8181818181818182,0.6491228070175441,1.0,1.0,1.0,2.0,-23.015873015872945,-20.678746045441454,True
290812,Barry Room Inc CA 92571,Wayfair,1,126.0,125.0,1.0,124.0,0.007936507936507936,0.8095238095238095,0.8730158730158729,0.8968387096774191,0.7618709677419359,1.0,0.8145161290322581,1.0,1.0,1.0,1.0,-6.349206349206337,-8.731490015360954,False
58225,Arden Selections NC 27332,Outdoor Furniture,1,126.0,124.0,3.0,123.0,0.023809523809523808,0.7301587301587301,0.9285714285714286,0.8095987411487018,0.5951350642538683,0.3333333333333333,0.7398373983739838,1.0,1.0,0.3333333333333333,1.0,-19.84126984126985,-7.944001098997166,True
306379,XHD-NJ12-US,APS Home Improvement,1,126.0,125.0,3.0,108.0,0.023809523809523808,0.7777777777777778,0.7619047619047618,0.8333333333333336,0.6033333333333333,0.3333333333333333,0.7962962962962963,0.6666666666666666,0.6666666666666666,0.6666666666666666,1.0,1.5873015873016039,-5.55555555555558,False
26208,CAN_Superior Quilting,Mattress,1,126.0,120.0,0.0,126.0,0.0,0.6507936507936509,0.8412698412698413,0.8333333333333329,0.8095238095238094,,0.6507936507936509,,,,3.0,-19.047619047619037,-18.2539682539682,True
28971,NFusion CA 91761 Warehouse CA11,Outdoor Furniture,1,126.0,111.0,32.0,49.0,0.25396825396825395,0.7777777777777777,0.5238095238095238,0.4103695532266961,0.32855304283875714,0.7812499999999999,0.7959183673469388,0.9375,0.9687499999999999,0.9375,1.0,25.396825396825385,36.74082245510816,False
49311,Factory Direct Wholesale TX 77066,Casegoods,1,126.0,124.0,4.0,111.0,0.031746031746031744,0.880952380952381,0.873015873015873,0.9602586457425165,0.8256320836966,1.0,0.873873873873874,1.0,1.0,1.0,1.0,0.7936507936508019,-7.930626479013547,False
5206,Kassatex Fine Linens,Soft Home,1,126.0,125.0,0.0,126.0,0.0,1.0,0.8650793650793649,0.9841269841269841,0.8650793650793649,,1.0,,,,1.0,13.492063492063512,1.5873015873015928,False
276793,"GigaCloud Trading, Inc. CA8 92337",Outdoor Furniture,1,126.0,125.0,9.0,109.0,0.07142857142857142,0.5555555555555556,0.7539682539682538,0.7936146788990827,0.46033027522935793,0.4444444444444444,0.5963302752293578,0.6666666666666666,0.8888888888888888,0.6666666666666666,1.0,-19.841269841269828,-23.80591233435271,True
460869,Healthcareco ltd CA 92374,APS Mattresses,1,126.0,122.0,0.0,123.0,0.0,0.8492063492063495,0.8412698412698415,0.8807810209249631,0.7298413967746232,,0.8536585365853662,,,,1.0,0.7936507936508019,-3.157467171861361,False
147134,Star Home Living Corp. CA 92337,Upholstery,1,126.0,120.0,0.0,126.0,0.0,0.849206349206349,0.9047619047619044,0.8650793650793652,0.8253968253968255,,0.849206349206349,,,,1.0,-5.5555555555555465,-1.587301587301626,False
172378,Beacon Lighting America CA 91710,Lighting,1,126.0,123.0,0.0,126.0,0.0,0.6190476190476186,0.8492063492063489,0.8095238095238092,0.5873015873015874,,0.6190476190476186,,,,1.0,-23.015873015873023,-19.047619047619058,True
410170,MML Diversified Investments LLC TN 37129,Decor,1,125.0,123.0,12.0,111.0,0.096,0.9039999999999999,0.8879999999999997,0.944114846553871,0.9281476598549768,0.9166666666666666,0.9009009009009008,0.8333333333333334,1.0,1.0,3.0,1.6000000000000236,-4.011484655387109,False
332853,"Captivate Brands USA, Inc. GA.31326",Grills,1,125.0,121.0,18.0,88.0,0.144,0.3040000000000001,0.6319999999999999,0.608471074380165,0.256198347107438,0.22222222222222232,0.3181818181818183,0.5,0.6666666666666666,0.27777777777777785,1.0,-32.799999999999976,-30.44710743801649,True
87100,"Wuhan Gojin Technology Co., Ltd. NJ 08512 (1)",APS,1,125.0,118.0,5.0,110.0,0.04,0.4,0.9279999999999997,0.5841294298921418,0.21587057010785826,0.8,0.36363636363636365,1.0,0.6,0.0,1.0,-52.79999999999997,-18.412942989214176,True
56517,Factory Direct Wholesale GA 31322,Casegoods,1,125.0,120.0,0.0,125.0,0.0,0.7440000000000001,0.8320000000000001,0.8559999999999998,0.544,,0.7440000000000001,,,,1.0,-8.799999999999997,-11.199999999999966,False
61147,Keurig GA 30291,Kitchen & Small Electrics,1,125.0,125.0,9.0,107.0,0.072,0.5200000000000002,0.6959999999999997,0.7440000000000004,0.5440000000000003,0.5555555555555556,0.5514018691588787,0.5555555555555556,0.5555555555555556,0.5555555555555556,1.0,-17.599999999999948,-22.40000000000002,True
372963,NingboshiSikaiwoJiajuyongpinyouxiangongsi NJ 08859-1098,APS AEOF,1,125.0,124.0,12.0,94.0,0.096,0.9199999999999999,0.8319999999999999,0.8397391901166779,0.7275223061084419,0.7499999999999999,0.978723404255319,0.5833333333333333,0.6666666666666666,0.49999999999999994,1.0,8.800000000000008,8.026080988332208,False
110061,DUNTEN ARCARA LL CA 91748,APS Mattresses,1,125.0,125.0,27.0,92.0,0.216,0.704,0.8480000000000001,0.8320000000000001,0.6400000000000001,0.7037037037037038,0.717391304347826,0.8518518518518519,0.9259259259259258,0.6666666666666669,1.0,-14.400000000000013,-12.800000000000011,True
302139,NANTONG WELL TEXTILE SCIENCE AND TECH NJ 08016,APS,1,125.0,124.0,0.0,125.0,0.0,0.64,0.7839999999999998,0.7999999999999999,0.6160000000000001,,0.64,,,,1.0,-14.399999999999979,-15.999999999999993,True
48971,Tajik  Home,Soft Home,1,125.0,122.0,0.0,125.0,0.0,0.5999999999999998,0.8320000000000001,0.8639999999999997,0.5120000000000001,,0.5999999999999998,,,,1.0,-23.20000000000003,-26.39999999999999,True
303144,"Shenzhen Chunxin E-Commerce Co., Ltd. GA 31407",APS,1,124.0,123.0,9.0,114.0,0.07258064516129033,1.0,0.9193548387096772,0.975823705605477,0.9515760947083154,1.0,1.0,1.0,1.0,0.8888888888888888,1.0,8.064516129032285,2.4176294394522957,False
316132,Ezone Technology Inc. CA,Outdoor Furniture,1,124.0,124.0,47.0,60.0,0.3790322580645161,0.9193548387096774,0.9193548387096774,0.9354838709677418,0.838709677419355,0.9148936170212763,0.9666666666666668,0.9148936170212763,0.9574468085106383,0.8723404255319149,1.0,0.0,-1.612903225806439,False
365566,"Chaoxi International Co., Limited_1 ON L6Z 0B5",APS Upholstery,1,124.0,123.0,0.0,124.0,0.0,0.9838709677419355,0.9919354838709677,0.9596774193548387,0.8790322580645159,,0.9838709677419355,,,,1.0,-0.8064516129032251,2.4193548387096753,False
254077,TOV FurnitureNC27406,Upholstery,1,124.0,123.0,13.0,111.0,0.10483870967741936,0.7499999999999999,0.887096774193548,0.774262066944994,0.5565809712151173,0.6923076923076923,0.7567567567567566,0.846153846153846,0.846153846153846,0.6923076923076923,1.0,-13.709677419354815,-2.426206694499411,True
324664,"Xiamenshi XingLan Trading Co., Ltd. NJ 07064",APS Mattresses,1,124.0,122.0,6.0,110.0,0.04838709677419355,0.9193548387096772,0.8951612903225805,0.9034277198211621,0.766616989567809,1.0,0.9090909090909088,0.8333333333333334,1.0,1.0,1.0,2.419354838709664,1.5927118888515057,False
289782,Riverstar Inc. SC 29927 (2),APS Outdoor,1,124.0,124.0,20.0,56.0,0.16129032258064516,0.46774193548387094,0.7096774193548387,0.9274193548387095,0.7338709677419355,0.65,0.6071428571428571,0.8499999999999999,1.0,0.9499999999999998,1.0,-24.19354838709678,-45.96774193548386,True
331604,NingBo KaiMeiChen DianZiShangWu You NJ 08505,APS Home Improvement,1,124.0,124.0,16.0,91.0,0.12903225806451613,0.8064516129032258,0.8951612903225804,0.8870967741935483,0.532258064516129,0.9374999999999999,0.7582417582417582,0.9374999999999999,0.9374999999999999,0.5625,1.0,-8.870967741935464,-8.064516129032251,False
41757,Libbey TN 38053,Tabletop,1,124.0,123.0,0.0,124.0,0.0,0.9596774193548389,0.9274193548387096,0.9516129032258065,0.8709677419354838,,0.9596774193548389,,,,1.0,3.2258064516129226,0.8064516129032362,False
287783,"Dwell Home, Inc. CA 92336",Casegoods,1,123.0,122.0,0.0,123.0,0.0,0.5772357723577237,0.7967479674796746,0.8699186991869917,0.5284552845528457,,0.5772357723577237,,,,1.0,-21.951219512195085,-29.2682926829268,True
173216,"Rockin' Wood, LLC OK",Flooring,1,123.0,121.0,13.0,110.0,0.10569105691056911,0.5853658536585362,0.7886178861788615,0.7401953418482341,0.4966190833959429,0.846153846153846,0.5545454545454542,0.9230769230769231,0.9230769230769231,0.846153846153846,1.0,-20.32520325203253,-15.482948818969788,True
206022,5 Core Inc OH 43311,Kitchen & Small Electrics,1,123.0,117.0,1.0,122.0,0.008130081300813009,0.4065040650406504,0.8292682926829266,0.7480734202045678,0.3900798654897018,0.0,0.4098360655737705,1.0,1.0,0.0,1.0,-42.27642276422762,-34.15693551639174,True
286043,Softsolv Solutions inc MA 1545,Decor,1,123.0,117.0,2.0,121.0,0.016260162601626018,0.7398373983739837,0.5772357723577234,0.7315109133290952,0.5365543547361731,0.5,0.7438016528925618,0.0,0.5,0.5,1.0,16.26016260162603,0.8326485044888421,False
475023,Rodeo Originals TX,Rugs,1,123.0,122.0,7.0,115.0,0.056910569105691054,0.07317073170731707,0.36585365853658547,0.42295081967213105,0.2521026372059871,0.2857142857142857,0.05217391304347827,0.7142857142857143,0.7142857142857143,0.42857142857142855,1.0,-29.268292682926838,-34.9780087964814,True
107056,CAN_CWI Lighting ON L3R3J9,CA Home Improvement,1,123.0,123.0,0.0,123.0,0.0,0.7886178861788619,0.9349593495934961,0.9349593495934959,0.7479674796747974,,0.7886178861788619,,,,1.0,-14.634146341463428,-14.634146341463406,True
308016,Zhejiang Hengjian Home Furnishing IL 60441,APS,1,123.0,123.0,1.0,121.0,0.008130081300813009,0.8861788617886175,0.8861788617886179,0.9674796747967479,0.8373983739837395,1.0,0.8925619834710741,1.0,1.0,1.0,1.0,-4.440892098500626e-14,-8.13008130081304,False
327287,Spectre Link Inc CA 91702,Casegoods,1,122.0,104.0,1.0,120.0,0.00819672131147541,0.6065573770491803,0.6557377049180325,0.7043269230769229,0.6634615384615382,1.0,0.6083333333333333,1.0,1.0,1.0,3.0,-4.9180327868852185,-9.776954602774257,False
196354,CWO Distribution NV 89115,Soft Home,1,122.0,117.0,31.0,43.0,0.2540983606557377,0.45901639344262296,0.7868852459016393,0.6658715961041541,0.4712780759292388,0.5161290322580645,0.4883720930232558,0.8709677419354838,0.9032258064516127,0.7419354838709679,1.0,-32.78688524590164,-20.68552026615312,True
127104,OPTIONS TRADING LLC GA 30517,APS,1,122.0,122.0,20.0,89.0,0.16393442622950818,0.5081967213114754,0.9098360655737704,0.8032786885245901,0.43442622950819676,0.35,0.5393258426966292,1.0,0.95,0.3,1.0,-40.163934426229496,-29.508196721311464,True
292337,Stargo Brands LLC PA,Recreation,1,122.0,120.0,0.0,122.0,0.0,0.8770491803278688,0.7950819672131149,0.9754098360655739,0.7622950819672135,,0.8770491803278688,,,,1.0,8.196721311475397,-9.836065573770503,False
444609,Shanghai ShangQuan WuLiu Co.Ltd CAN ON L4Y 4C2,APS Outdoor,1,122.0,122.0,0.0,122.0,0.0,1.0,0.9754098360655735,0.9672131147540983,0.9016393442622951,,1.0,,,,1.0,2.459016393442648,3.2786885245901676,False
267638,Suburban Street Trading PA 18951,Wayfair,1,122.0,114.0,16.0,84.0,0.13114754098360656,0.6885245901639343,0.6311475409836066,0.5231481481481483,0.4480994152046784,0.4375,0.6785714285714284,0.5,0.31250000000000006,0.25000000000000006,1.0,5.737704918032771,16.537644201578605,False
37257,Hardware Resources TX 75028,Hardware,1,122.0,119.0,0.0,122.0,0.0,0.9180327868852458,0.9180327868852458,0.9672131147540982,0.9590163934426228,,0.9180327868852458,,,,2.0,0.0,-4.91803278688524,False
332356,  AMCA,Wayfair,1,122.0,119.0,4.0,82.0,0.03278688524590164,0.9508196721311477,0.819672131147541,0.9025415044066407,0.8698503791760607,0.5,0.9756097560975612,1.0,1.0,1.0,1.0,13.11475409836067,4.827816772450699,False
331821,"Hefei Maxyoyo Trading Co., Ltd. CA 91761",APS Youth,1,122.0,118.0,0.0,122.0,0.0,0.6885245901639345,0.7459016393442625,0.901639344262295,0.6967213114754097,,0.6885245901639345,,,,1.0,-5.737704918032794,-21.311475409836046,False
278573,HUMANMOTION CORPORATION LIMITED GA 30046,APS Other,1,122.0,118.0,24.0,86.0,0.19672131147540983,0.8688524590163934,0.7377049180327867,0.692156089869925,0.5204966495861254,0.9166666666666665,0.8604651162790697,0.7083333333333334,0.9166666666666666,0.875,1.0,13.11475409836067,17.669636914646837,False
327904,Seconique-US Corporation TX 78610,Casegoods,1,122.0,121.0,0.0,122.0,0.0,0.7786885245901638,0.7459016393442626,0.6721311475409834,0.5901639344262296,,0.7786885245901638,,,,1.0,3.278688524590123,10.655737704918044,False
446694,Red Now Limited CA 91789,Wayfair,1,122.0,116.0,8.0,106.0,0.06557377049180328,0.7622950819672131,0.7295081967213115,0.7373129472999348,0.6473649967469096,1.0,0.7641509433962265,1.0,1.0,0.875,1.0,3.2786885245901565,2.4982134667278277,False
11242,CharBroil GA 31904,Fireplaces & Grills,1,122.0,118.0,0.0,122.0,0.0,0.8114754098360653,0.7459016393442625,0.8278688524590161,0.6557377049180331,,0.8114754098360653,,,,1.0,6.55737704918028,-1.6393442622950838,False
436079,Vigo CA 91752,Plumbing,1,121.0,118.0,6.0,111.0,0.049586776859504134,0.5785123966942151,0.7933884297520664,0.743472285845167,0.4548786074209803,0.6666666666666666,0.5675675675675678,0.5,0.5,0.5,1.0,-21.48760330578513,-16.495988915095193,True
30360,Purchasecorner TX 78728,Soft Home,1,121.0,113.0,0.0,121.0,0.0,0.818181818181818,0.7024793388429754,0.7851239669421485,0.6198347107438019,,0.818181818181818,,,,1.0,11.570247933884259,3.3057851239669533,False
318631,"Shenzhen Lingang Technology Co., LTD CA 92337",APS Rugs,1,121.0,117.0,6.0,110.0,0.049586776859504134,0.933884297520661,0.8595041322314053,0.911162911162911,0.8555814555814556,1.0,0.9363636363636363,1.0,1.0,1.0,1.0,7.438016528925573,2.2721386357750006,False
304924,Dornberg Inc CA 91730,APS,1,121.0,112.0,16.0,103.0,0.1322314049586777,0.6611570247933883,0.7933884297520662,0.6569868238557558,0.4730409153952842,0.625,0.669902912621359,0.75,0.9374999999999999,0.5625000000000001,1.0,-13.223140495867792,0.417020093763254,True
218139,Ove Decors Clayton,Plumbing,1,121.0,114.0,5.0,115.0,0.04132231404958678,0.84297520661157,0.8595041322314049,0.7512585812356979,0.5617848970251716,0.6,0.852173913043478,0.6,0.6,0.6,1.0,-1.6528925619834878,9.17166253758721,False
475454, DWLAX,Wayfair,1,121.0,120.0,14.0,98.0,0.11570247933884298,0.9008264462809916,0.8264462809917356,0.9175170068027211,0.810034013605442,0.857142857142857,0.9183673469387754,0.7142857142857143,1.0,0.9285714285714285,1.0,7.438016528925607,-1.6690560521729458,False
401830,shenzhenyingmeimaoyiyouxiangongsi TX 77023,APS Home Improvement,1,121.0,121.0,0.0,121.0,0.0,0.9917355371900826,0.9008264462809915,0.9008264462809914,0.7107438016528925,,0.9917355371900826,,,,1.0,9.090909090909104,9.090909090909117,False
371135,LLYTech Inc. GA 30529,APS SEA,1,121.0,118.0,0.0,120.0,0.0,0.22314049586776855,0.5702479338842977,0.9256355932203386,0.8512711864406777,,0.21666666666666662,,,,2.0,-34.710743801652924,-70.249509735257,True
352999,Guang Zhou Mambate Supply Chain MANAGEMEN CA 92337,APS Housewares & More,1,121.0,118.0,26.0,67.0,0.21487603305785125,0.8842975206611572,0.7603305785123969,0.8531495067037693,0.7537313432835822,0.9615384615384615,0.8507462686567167,0.7307692307692307,1.0,0.8846153846153844,1.0,12.396694214876025,3.1148013957387866,False
229714,CAN_GMD EDGELEY,CA Housewares,1,121.0,121.0,0.0,121.0,0.0,0.6033057851239669,0.9008264462809916,0.9008264462809915,0.6280991735537189,,0.6033057851239669,,,,1.0,-29.75206611570247,-29.75206611570246,True
131,Wood Shed,Casegoods,1,121.0,119.0,3.0,118.0,0.024793388429752067,0.6776859504132231,0.8677685950413223,0.8182595071927078,0.6444950861700611,0.3333333333333333,0.6864406779661016,1.0,1.0,0.3333333333333333,1.0,-19.00826446280992,-14.057355677948468,True
85103,Ksana LLC. CA 91752,Lighting,1,120.0,115.0,0.0,120.0,0.0,0.5166666666666667,0.7750000000000001,0.7916666666666666,0.4750000000000001,,0.5166666666666667,,,,1.0,-25.833333333333343,-27.499999999999993,True
411517,NingBo KaiMeiChen DianZiShangWu You CA 91761 (6),APS Home Improvement,1,120.0,118.0,2.0,105.0,0.016666666666666666,0.8416666666666669,0.9333333333333333,0.7672316384180788,0.5509281678773202,1.0,0.8190476190476194,1.0,1.0,1.0,1.0,-9.166666666666645,7.443502824858806,False
413818,"HANGZHOU QIANYU TECHNOLOGY CO., LTD. CA 92337",APS Decor,1,120.0,112.0,4.0,112.0,0.03333333333333333,0.6416666666666665,0.7666666666666668,0.6345663265306124,0.48469387755102045,1.0,0.6249999999999999,1.0,1.0,1.0,1.0,-12.500000000000034,0.7100340136054095,True
271861,Merry Products CA 90220,Pet,1,120.0,114.0,0.0,120.0,0.0,0.30833333333333335,0.7750000000000001,0.6666666666666666,0.4833333333333332,,0.30833333333333335,,,,2.0,-46.66666666666668,-35.83333333333333,True
465291,Battilo CA 91710,APS Soft Home,1,120.0,119.0,0.0,120.0,0.0,0.9916666666666667,0.9416666666666664,0.9499999999999997,0.7666666666666668,,0.9916666666666667,,,,1.0,5.000000000000027,4.166666666666696,False
250748,COMPHOME.CORP GA 31407,Youth Furniture & Decor,1,120.0,119.0,14.0,72.0,0.11666666666666667,0.75,0.7916666666666669,0.7341736694677871,0.3935574229691878,0.7857142857142856,0.8888888888888888,0.9285714285714285,0.7142857142857143,0.5,1.0,-4.166666666666686,1.582633053221294,False
431659,"Shenzhen Chunzi Computer Technology Co., Ltd. CA 92324",Wayfair,1,120.0,115.0,0.0,120.0,0.0,0.4083333333333333,0.8749999999999996,0.9249999999999995,0.858333333333333,,0.4083333333333333,,,,3.0,-46.66666666666662,-51.666666666666615,True
253773,SICOTAS INC NJ 08060,APS Bedroom,1,120.0,119.0,6.0,109.0,0.05,0.683333333333333,0.8250000000000003,0.7668645439827303,0.52517153650451,0.5,0.7064220183486235,0.6666666666666666,1.0,0.6666666666666666,1.0,-14.166666666666728,-8.353121064939728,True
297307,SHENZHENSHI JULIBAIBIAN KEJIYOUXIANGONGSI NJ 08512,APS,1,120.0,117.0,0.0,118.0,0.0,0.8583333333333331,0.8749999999999999,0.67470664928292,0.5580906852093289,,0.8644067796610168,,,,1.0,-1.666666666666683,18.362668405041305,False
267401,TEXTILES HUB LLC NJ 08854,Decor,1,120.0,119.0,0.0,120.0,0.0,0.7416666666666661,0.8333333333333331,0.8916666666666667,0.7083333333333334,,0.7416666666666661,,,,1.0,-9.1666666666667,-15.000000000000057,False
295788,GOLD TREE INC. CLN1,APS,1,120.0,120.0,0.0,120.0,0.0,0.6916666666666663,0.8916666666666664,0.85,0.6166666666666661,,0.6916666666666663,,,,1.0,-20.000000000000007,-15.833333333333366,True
49950,Suncrown Inc GA 30122,APS Outdoor,1,120.0,119.0,8.0,102.0,0.06666666666666667,0.7833333333333337,0.9083333333333332,0.8251771296753992,0.7917284560883175,0.875,0.8137254901960789,1.0,1.0,1.0,1.0,-12.499999999999956,-4.184379634206559,True
43668,Serta National MD 20785,Mattress,1,119.0,110.0,0.0,118.0,0.0,0.8151260504201681,0.4621848739495798,0.8908320493066256,0.8320493066255777,,0.8135593220338984,,,,2.0,35.294117647058826,-7.5705998886457575,False
400557,IP-NJ,APS Outdoor,1,119.0,119.0,0.0,119.0,0.0,0.9831932773109243,0.8907563025210082,0.9579831932773109,0.9411764705882353,,0.9831932773109243,,,,1.0,9.243697478991608,2.5210084033613467,False
338760,INMEI INTERNATIONAL HOME FURNISHINGS (HK) LIMITED CA 91764,APS Decor,1,119.0,117.0,0.0,119.0,0.0,0.9747899159663865,0.8991596638655461,0.9831932773109245,0.9327731092436973,,0.9747899159663865,,,,2.0,7.5630252100840405,-0.8403361344538007,False
497811,JIN LE PA 19120,APS Bedroom,1,119.0,115.0,0.0,119.0,0.0,0.7226890756302519,0.7394957983193278,0.8151260504201683,0.6890756302521008,,0.7226890756302519,,,,1.0,-1.6806722689075904,-9.243697478991642,False
471004,Ning bo Mu fan xin xi ke ji you xian gong si CA 92337,APS Housewares & More,1,119.0,119.0,31.0,80.0,0.2605042016806723,0.8487394957983193,0.8655462184873949,0.899159663865546,0.7815126050420169,0.7419354838709676,0.8875,0.8064516129032259,0.9032258064516127,0.7741935483870969,1.0,-1.680672268907557,-5.042016806722671,False
310060,CAN_suzhou ebizplus ecommerce Ltd BC V7A 0A1,Youth Furniture & Decor,1,119.0,119.0,0.0,119.0,0.0,0.865546218487395,0.949579831932773,0.949579831932773,0.8403361344537815,,0.865546218487395,,,,1.0,-8.403361344537796,-8.403361344537796,False
41687,Martin Furniture CA 92154,Casegoods,1,119.0,111.0,15.0,100.0,0.12605042016806722,0.47899159663865554,0.8067226890756305,0.7048648648648648,0.4353153153153154,0.4666666666666666,0.49000000000000005,0.7333333333333333,0.5333333333333333,0.26666666666666666,1.0,-32.7731092436975,-22.587326822620923,True
90591,Renovation Brands Baseboarders,Appliances,1,118.0,118.0,0.0,118.0,0.0,0.9322033898305085,0.8728813559322035,0.7627118644067796,0.5508474576271185,,0.9322033898305085,,,,1.0,5.932203389830503,16.949152542372893,False
88468,"Anji Longwei Furniture Co., Ltd CA91752",APS,1,118.0,115.0,22.0,81.0,0.1864406779661017,0.8559322033898306,0.8559322033898306,0.8743961352657004,0.6782608695652171,0.6818181818181818,0.8888888888888888,0.7727272727272727,1.0,0.5909090909090909,1.0,0.0,-1.846393187586981,False
34869,Comfort Linen Inc.,Soft Home,1,118.0,118.0,0.0,118.0,0.0,0.6949152542372881,0.7457627118644067,0.8813559322033894,0.6779661016949153,,0.6949152542372881,,,,1.0,-5.0847457627118615,-18.64406779661013,False
434986,Westco Furniture NJ 08016,Casegoods,1,118.0,111.0,3.0,109.0,0.025423728813559324,0.5084745762711865,0.8050847457627118,0.8645342590296718,0.47384081329035455,0.3333333333333333,0.5229357798165138,0.3333333333333333,1.0,0.3333333333333333,1.0,-29.66101694915253,-35.60596827584853,True
304403,"VISION VORTEX CO.,LTD NJ 08048 ",APS Outdoor,1,118.0,117.0,0.0,118.0,0.0,0.7457627118644069,0.8898305084745759,0.8220338983050843,0.6016949152542372,,0.7457627118644069,,,,1.0,-14.4067796610169,-7.6271186440677425,True
484188,Business  Pleasure Co. CA 90221,PG Outdoor,1,117.0,110.0,65.0,47.0,0.5555555555555556,0.5042735042735043,0.6923076923076923,0.8566731141199229,0.7152804642166344,0.5076923076923076,0.48936170212765967,0.6615384615384615,0.953846153846154,0.7846153846153844,2.0,-18.803418803418804,-35.23996098464186,True
319605,Eelin Outdoors LLC GA 30336,Wayfair,1,117.0,117.0,0.0,86.0,0.0,0.52991452991453,0.7521367521367524,0.6666666666666667,0.4615384615384617,,0.6046511627906977,,,,1.0,-22.222222222222232,-13.675213675213671,True
101609,source max inc CA 91761,APS,1,117.0,117.0,1.0,115.0,0.008547008547008548,1.0,0.9230769230769229,0.8888888888888888,0.8547008547008548,1.0,1.0,1.0,0.0,0.0,1.0,7.692307692307709,11.111111111111116,False
190057,"Ningbo Tianqi Electronic Commerce Co.,Ltd CA 91761",APS,1,117.0,116.0,10.0,105.0,0.08547008547008547,0.6837606837606837,0.7008547008547006,0.7436781609195403,0.4104269293924466,0.7,0.676190476190476,0.8,0.8,0.5,1.0,-1.7094017094016922,-5.991747715885665,False
451751, USEA-15[新泽西15号仓],APS Bedroom,1,117.0,113.0,8.0,62.0,0.06837606837606838,0.7777777777777776,0.8290598290598291,0.8199162622514033,0.6143577613746041,0.375,0.8387096774193546,0.75,0.875,0.375,1.0,-5.128205128205154,-4.213848447362578,False
18046,East Enterprises,Lighting,1,117.0,109.0,0.0,117.0,0.0,0.7350427350427347,0.8717948717948723,0.8974358974358972,0.7948717948717949,,0.7350427350427347,,,,2.0,-13.67521367521376,-16.23931623931626,True
245994,BBC Innovation Corp. WI 53085,Plumbing,1,117.0,115.0,0.0,117.0,0.0,0.7863247863247863,0.8632478632478635,0.8717948717948719,0.7350427350427349,,0.7863247863247863,,,,1.0,-7.69230769230772,-8.547008547008561,False
508319,   GAE,APS Home Improvement,1,117.0,115.0,9.0,94.0,0.07692307692307693,0.6666666666666665,0.8717948717948718,0.8288621646623497,0.521554116558742,0.5555555555555556,0.702127659574468,1.0,1.0,1.0,1.0,-20.51282051282053,-16.219549799568323,True
208515,PO FAI INTERNATIONAL LTD CA 91710,Casegoods,1,117.0,117.0,43.0,71.0,0.36752136752136755,0.9145299145299145,0.863247863247863,0.9145299145299143,0.8888888888888888,0.9534883720930231,0.8873239436619719,0.8837209302325578,0.9534883720930231,0.9534883720930231,3.0,5.128205128205154,2.220446049250313e-14,False
286367,BANGTON INC GA 31408,APS,1,117.0,111.0,13.0,95.0,0.1111111111111111,0.6923076923076923,0.94017094017094,0.7197724039829303,0.3956377430061641,0.7692307692307693,0.6736842105263158,1.0,0.7692307692307693,0.38461538461538464,1.0,-24.786324786324776,-2.7464711675238007,True
409334,"Shenzhen Laiwo Trading Co., Ltd. CA 92337 (5)",APS K&D,1,116.0,116.0,9.0,79.0,0.07758620689655173,0.8189655172413796,0.8362068965517241,0.7068965517241379,0.47413793103448276,1.0,0.8227848101265827,0.8888888888888888,1.0,0.7777777777777778,1.0,-1.724137931034453,11.206896551724165,False
250825,BRBCA Machines LLC CA 93611,Wayfair,1,116.0,109.0,0.0,116.0,0.0,0.8965517241379307,0.8620689655172413,0.8965517241379307,0.8706896551724136,,0.8965517241379307,,,,2.0,3.448275862068939,0.0,False
60935,Innovations Lighting CT 06810,Lighting,1,116.0,116.0,0.0,116.0,0.0,0.9655172413793103,0.896551724137931,0.9224137931034484,0.7844827586206897,,0.9655172413793103,,,,1.0,6.896551724137923,4.310344827586188,False
333589,Yaheetech NJ 07094,APS AEOF,1,115.0,112.0,0.0,115.0,0.0,0.3130434782608696,0.46956521739130436,0.565217391304348,0.25217391304347814,,0.3130434782608696,,,,1.0,-15.652173913043477,-25.217391304347842,True
358013,shenzhenshiweijingchengdianzishangwuyouxiangongsi CA 92879,APS K&D,1,115.0,113.0,0.0,112.0,0.0,0.8347826086956521,0.7478260869565216,0.9478508217446269,0.7914032869785084,,0.8303571428571429,,,,1.0,8.695652173913048,-11.306821304897474,False
231810,ANB_NJ_US,APS K&D,1,115.0,115.0,0.0,115.0,0.0,0.8608695652173908,0.8608695652173913,0.8521739130434782,0.6869565217391306,,0.8608695652173908,,,,1.0,-5.551115123125783e-14,0.8695652173912549,False
440085,xiamenchangdashangmaoyouxiangongsi TX 77041,APS Bedroom,1,115.0,114.0,0.0,115.0,0.0,0.8956521739130433,0.9043478260869561,0.8956521739130434,0.7391304347826089,,0.8956521739130433,,,,1.0,-0.8695652173912771,-1.1102230246251565e-14,False
3943,Safco VA- 23487,Wayfair Professional,1,115.0,111.0,0.0,115.0,0.0,0.765217391304348,0.9304347826086955,0.8347826086956524,0.7130434782608698,,0.765217391304348,,,,2.0,-16.521739130434753,-6.956521739130439,True
7573,Urban Trends CA- 90058,Decor,1,115.0,113.0,0.0,115.0,0.0,0.9565217391304347,0.9043478260869563,0.9130434782608695,0.8608695652173912,,0.9565217391304347,,,,1.0,5.21739130434784,4.347826086956519,False
291006,LUOYANG STEELCUBE TRADING CO.LTD IL 60439,APS Wayfair Professional,1,115.0,115.0,0.0,115.0,0.0,0.7130434782608698,0.6608695652173913,0.9130434782608695,0.5739130434782609,,0.7130434782608698,,,,1.0,5.217391304347851,-19.99999999999997,False
58132,Newacme LLC TN 38118,APS,1,114.0,112.0,0.0,113.0,0.0,0.9912280701754386,0.9385964912280703,0.9296776232616939,0.8945954487989883,,0.9911504424778761,,,,1.0,5.263157894736825,6.155044691374467,False
310282,shanghaihuzidianzishangwuyouxiangongsi GA 30122,APS Home Improvement,1,114.0,113.0,0.0,112.0,0.0,0.8859649122807015,0.8771929824561402,0.8945954487989884,0.7542667509481668,,0.8839285714285712,,,,1.0,0.877192982456132,-0.8630536518286935,False
250017,Karat Home Inc (14 Karat) TX 77085,APS Upholstery,1,114.0,112.0,0.0,114.0,0.0,0.9912280701754386,0.9385964912280701,0.9210526315789471,0.8157894736842108,,0.9912280701754386,,,,1.0,5.263157894736848,7.017543859649145,False
223588,Kolcraft GA 31794 (Tifton Core Dist.),Youth Furniture & Decor,1,114.0,109.0,0.0,114.0,0.0,0.42105263157894723,0.5614035087719298,0.6140350877192985,0.3333333333333334,,0.42105263157894723,,,,1.0,-14.035087719298255,-19.298245614035125,True
35752,CAN_iH Casadecor,Casegoods,1,114.0,105.0,0.0,114.0,0.0,0.42982456140350883,0.8859649122807012,0.8684210526315789,0.789473684210526,,0.42982456140350883,,,,2.0,-45.61403508771924,-43.85964912280701,True
73733,Abbie Home Trading Inc,APS Decor,1,114.0,112.0,28.0,79.0,0.24561403508771928,0.9649122807017544,0.9122807017543857,0.8955696202531644,0.8339737793851718,0.9285714285714283,0.9746835443037974,0.9285714285714283,1.0,0.8928571428571426,1.0,5.263157894736869,6.934266044858994,False
270994,Educators Resource AL 36607,Wayfair Professional,1,114.0,110.0,0.0,114.0,0.0,0.8596491228070172,0.8684210526315789,0.8421052631578948,0.692982456140351,,0.8596491228070172,,,,1.0,-0.8771929824561653,1.7543859649122417,False
244307,HM WP CA 92410,APS Bedroom,1,114.0,113.0,7.0,102.0,0.06140350877192982,0.5789473684210524,0.7631578947368418,0.8770605587367689,0.5525767829255596,0.7142857142857143,0.5784313725490193,0.5714285714285714,0.8571428571428571,0.42857142857142855,1.0,-18.421052631578938,-29.81131903157165,True
35679,Hangers Direct and Hangers.com,Storage & Org,1,114.0,113.0,0.0,114.0,0.0,0.9912280701754386,0.9298245614035087,0.894736842105263,0.8596491228070173,,0.9912280701754386,,,,1.0,6.14035087719299,9.649122807017552,False
276329,GuCang-CA-11629,APS Home Improvement,1,113.0,113.0,22.0,70.0,0.19469026548672566,0.8672566371681417,0.8407079646017699,0.8584070796460178,0.6637168141592921,0.8636363636363634,0.9285714285714288,0.6818181818181819,0.8636363636363634,0.6363636363636364,1.0,2.6548672566371834,0.8849557522123908,False
338933,Shenzhenshi Youlihai Keji Youxian Gongsi TX 77035,APS Youth,1,113.0,112.0,6.0,105.0,0.05309734513274336,0.9026548672566371,0.7699115044247786,0.9379251700680272,0.9113095238095238,0.3333333333333333,0.9333333333333333,0.3333333333333333,0.6666666666666666,0.5,1.0,13.27433628318585,-3.5270302811390097,False
29566,Minka George Kovacs CA 92551,Lighting,1,113.0,106.0,0.0,107.0,0.0,0.584070796460177,0.6902654867256631,0.7518956092399929,0.5478751542937753,,0.6074766355140186,,,,1.0,-10.619469026548611,-16.78248127798159,True
371456,"Ningbo JiaZhe Technology Co.,Ltd CA 91761",Pet,1,113.0,110.0,0.0,113.0,0.0,0.9292035398230085,0.9292035398230085,0.9292035398230087,0.8761061946902657,,0.9292035398230085,,,,1.0,0.0,-2.220446049250313e-14,False
278535,Yayi Technology Hong Kong GUCANG-NJ18 ,APS,1,113.0,112.0,0.0,113.0,0.0,0.9380530973451329,0.8407079646017698,0.7610619469026549,0.6814159292035399,,0.9380530973451329,,,,1.0,9.73451327433631,17.699115044247794,False
489325,CAN_Masco Canada Limited ON N5P 4L1,Plumbing,1,113.0,111.0,0.0,113.0,0.0,0.9646017699115044,0.9823008849557523,0.9823008849557523,0.9469026548672563,,0.9646017699115044,,,,1.0,-1.7699115044247926,-1.7699115044247926,False
149356,"Mutlu, Inc. VA 23462",Soft Home,1,113.0,113.0,1.0,112.0,0.008849557522123894,0.8141592920353983,0.8230088495575221,0.6283185840707962,0.41592920353982293,1.0,0.8125,1.0,1.0,1.0,1.0,-0.8849557522123797,18.584070796460207,False
65627,"Rubber-Cal, Inc. CA 92708",Flooring,1,113.0,111.0,19.0,87.0,0.168141592920354,0.7079646017699116,0.9203539823008848,0.7877187532359944,0.6102309205757482,0.5263157894736843,0.7471264367816094,1.0,0.7894736842105262,0.47368421052631576,1.0,-21.23893805309732,-7.975415146608277,True
14325,Delta Enterprise KS 67156,Youth Furniture & Decor,1,113.0,102.0,0.0,113.0,0.0,0.9734513274336285,0.690265486725664,0.8495575221238935,0.6991150442477876,,0.9734513274336285,,,,1.0,28.318584070796447,12.389380530973504,False
303113,Grand Leisure Outdoor Product Co. TX 77035,APS Outdoor,1,113.0,110.0,10.0,90.0,0.08849557522123894,0.3982300884955752,0.663716814159292,0.7650505050505048,0.3567676767676769,0.6,0.41111111111111104,0.9,1.0,0.6,1.0,-26.54867256637168,-36.68204165549296,True
307815,FX1-EFGA01,APS,1,113.0,113.0,2.0,110.0,0.017699115044247787,1.0,0.831858407079646,0.9646017699115043,0.8407079646017697,1.0,1.0,0.5,1.0,0.5,1.0,16.814159292035402,3.539823008849574,False
347934,Ningbo Jiangbei Fufu CA 91761 (3),APS Bedroom,1,113.0,109.0,1.0,112.0,0.008849557522123894,0.7345132743362831,0.7787610619469028,0.7965268676277851,0.46920052424639563,1.0,0.732142857142857,1.0,1.0,1.0,1.0,-4.424778761061965,-6.201359329150202,False
352658,PURELIFE INC YSC 91710,APS K&D,1,113.0,113.0,46.0,50.0,0.40707964601769914,0.9911504424778761,0.8672566371681415,0.9734513274336282,0.9557522123893804,1.0,0.9799999999999999,0.8478260869565217,1.0,0.9782608695652172,3.0,12.38938053097346,1.7699115044247926,False
445460,U-NJ-2,APS Home Improvement,1,113.0,110.0,9.0,90.0,0.07964601769911504,0.504424778761062,0.8053097345132743,0.7267243867243867,0.3543722943722944,0.4444444444444444,0.4777777777777778,0.5555555555555556,0.7777777777777778,0.3333333333333333,1.0,-30.08849557522123,-22.22996079633247,True
247393,Ashluxe Inc. GA 30093,Decor,1,112.0,103.0,16.0,91.0,0.14285714285714285,0.5267857142857141,0.625,0.7706177317827803,0.7064973861090365,0.6875,0.49450549450549425,0.8124999999999999,1.0,0.8124999999999999,2.0,-9.821428571428592,-24.38320174970662,False
240468,AISUNG INC NJ 08822,APS,1,112.0,111.0,4.0,106.0,0.03571428571428571,0.8660714285714286,0.9017857142857141,0.830443651198368,0.6428692843787182,0.5,0.8773584905660378,1.0,1.0,0.5,1.0,-3.5714285714285476,3.5627777373060554,False
47236,Ekena Millwork TX 75426 2200WM,Flooring,1,112.0,112.0,2.0,109.0,0.017857142857142856,0.4375,0.9196428571428571,0.8749999999999998,0.8035714285714288,1.0,0.42201834862385323,1.0,1.0,1.0,2.0,-48.21428571428571,-43.74999999999998,True
363244,WIZ FAUCET GA 30024,Plumbing,1,112.0,111.0,10.0,95.0,0.08928571428571429,0.34821428571428575,0.8392857142857142,0.8214319582740635,0.46410621147463266,0.6,0.3263157894736843,0.8,0.8,0.39999999999999997,1.0,-49.10714285714285,-47.32176725597777,True
48700,Eyeeu Inc,Decor,1,112.0,107.0,0.0,112.0,0.0,0.6428571428571429,0.7053571428571426,0.8660714285714284,0.6249999999999998,,0.6428571428571429,,,,1.0,-6.249999999999966,-22.321428571428548,False
334269,PRS Enterprises LLC NJ 08036,APS SEA,1,112.0,111.0,5.0,106.0,0.044642857142857144,0.5535714285714286,0.8124999999999992,0.8124256331803497,0.5177630460649331,0.2,0.5754716981132075,0.6,0.8,0.4,1.0,-25.89285714285706,-25.885420460892107,True
508060,JANSPORT MUCY TRADING INC NJ 08831,APS Mattresses,1,112.0,107.0,0.0,112.0,0.0,0.6785714285714285,0.8839285714285708,0.8392857142857142,0.6607142857142856,,0.6785714285714285,,,,1.0,-20.535714285714235,-16.07142857142857,True
35491,Ruvati TX,Plumbing,1,112.0,111.0,0.0,112.0,0.0,0.9642857142857141,0.8839285714285711,0.9107142857142858,0.7053571428571429,,0.9642857142857141,,,,1.0,8.035714285714302,5.3571428571428275,False
463964,Grand Leisure Outdoor Product CA 92335,APS Outdoor,1,112.0,112.0,2.0,106.0,0.017857142857142856,0.9910714285714286,0.9374999999999999,0.8749999999999999,0.75,1.0,0.9905660377358491,1.0,1.0,1.0,1.0,5.357142857142872,11.607142857142872,False
372258,Line Apparel ecommerce Inc TX 75234-4759,Decor,1,112.0,112.0,0.0,111.0,0.0,0.8303571428571429,0.8571428571428571,0.9107142857142857,0.767857142857143,,0.8378378378378378,,,,1.0,-2.678571428571419,-8.03571428571428,False
332145,深圳市骏壹达科技有限公司 CA 91761,Wayfair,1,112.0,111.0,29.0,76.0,0.25892857142857145,0.8035714285714286,0.8035714285714286,0.9018492176386913,0.7147937411095305,0.7931034482758619,0.7894736842105264,0.7241379310344828,0.8965517241379308,0.7931034482758619,1.0,0.0,-9.82777890672627,False
315208,Foshanshimulianshangmaoyouxiangongsi GA 31326,APS Bedroom,1,112.0,111.0,3.0,106.0,0.026785714285714284,0.9107142857142855,0.7767857142857143,0.9286078531361549,0.7947475777664459,0.6666666666666666,0.9150943396226412,1.0,1.0,1.0,1.0,13.392857142857117,-1.7893567421869427,False
13250,Plutus Partners LLC CA 91502,Soft Home,1,112.0,107.0,30.0,78.0,0.26785714285714285,0.6339285714285714,0.7767857142857142,0.7403546609154087,0.6679846633117662,0.5333333333333334,0.6794871794871794,0.7666666666666667,0.7000000000000001,0.5666666666666668,2.0,-14.28571428571428,-10.64260894868373,True
70904,Eurmax Canopy CA 91731,APS,1,112.0,102.0,13.0,95.0,0.11607142857142858,0.5178571428571427,0.5,0.6880924029530839,0.562038580614432,0.5384615384615385,0.5157894736842104,0.6153846153846153,0.8461538461538461,0.4615384615384615,1.0,1.7857142857142683,-17.023526009594125,False
292533,guangzhoushihaiyanwangluokejiyouxianCA 91710,APS Home Improvement,1,111.0,105.0,0.0,111.0,0.0,0.6576576576576577,0.8648648648648649,0.8828828828828829,0.5675675675675678,,0.6576576576576577,,,,1.0,-20.72072072072072,-22.522522522522515,True
348623,MINDRAY INTERNATIONAL LIMITED CA 92337,APS Mattresses,1,111.0,110.0,0.0,47.0,0.0,0.5045045045045043,0.7387387387387387,0.9185686653771757,0.5042553191489361,,0.4893617021276595,,,,1.0,-23.42342342342344,-41.40641608726714,True
471575,"Shenzhen Future Flag International Trade Co., Ltd. CA 91730-4524",Wayfair,1,111.0,111.0,29.0,20.0,0.26126126126126126,0.9819819819819819,0.9459459459459459,1.0,0.9819819819819819,1.0,0.9499999999999998,0.9310344827586207,1.0,1.0,4.0,3.6036036036036,-1.8018018018018056,False
370016,Varaluz UT 84104,Lighting,1,111.0,97.0,8.0,102.0,0.07207207207207207,0.4684684684684687,0.8558558558558554,0.8206994137861329,0.6933495047503537,0.0,0.5098039215686276,0.875,0.875,0.75,1.0,-38.738738738738675,-35.22309453176642,True
81190,Piranha Poster Inc.,Decor,1,111.0,101.0,0.0,111.0,0.0,0.6936936936936937,0.8018018018018018,0.6936936936936936,0.6216216216216214,,0.6936936936936937,,,,1.0,-10.81081081081081,1.1102230246251565e-14,True
284773,From the Tree Furniture TX 77055,Casegoods,1,111.0,107.0,0.0,109.0,0.0,0.990990990990991,0.9099099099099096,0.9009688759324356,0.6935608334047838,,0.9908256880733946,,,,1.0,8.108108108108137,9.00221150585554,False
329729,INGOLIC LTD CA 92879,Storage & Org,1,111.0,109.0,12.0,94.0,0.10810810810810811,0.9189189189189186,0.7567567567567566,0.8563341791918797,0.6310755416748,0.8333333333333334,0.9255319148936167,0.8333333333333334,1.0,0.75,1.0,16.216216216216207,6.258473972703893,False
80149,SHENZHEN TIANSHUXING TECHNOLOGY NJ3-08810(2),APS,1,111.0,108.0,7.0,97.0,0.06306306306306306,0.8468468468468469,0.9639639639639637,0.8202558228331426,0.5953608247422679,0.8571428571428571,0.8556701030927835,1.0,1.0,0.8571428571428571,1.0,-11.711711711711681,2.659102401370428,True
173237,Ainfox GA 30518,APS Outdoor,1,111.0,108.0,1.0,105.0,0.009009009009009009,0.7567567567567568,0.7387387387387386,0.855026455026455,0.6029100529100526,0.0,0.7904761904761904,0.0,1.0,0.0,1.0,1.8018018018018167,-9.826969826969822,False
450963,LELELINKY INTERNATIONAL LIMITED NJ 08857,APS AEOF,1,111.0,111.0,0.0,111.0,0.0,0.5675675675675678,0.7657657657657656,0.9189189189189187,0.4864864864864864,,0.5675675675675678,,,,1.0,-19.819819819819784,-35.1351351351351,True
452211,YQNMD-BLL,APS Outdoor,1,110.0,110.0,0.0,108.0,0.0,0.9545454545454544,0.9454545454545452,0.8545454545454543,0.6909090909090907,,0.9629629629629628,,,,1.0,0.909090909090915,10.000000000000009,False
351111,"CAN_Shenzhen Qaya Commerce Co., LTD ON L6Z 0J9",APS AEOF,1,110.0,108.0,0.0,110.0,0.0,0.9181818181818182,0.8999999999999999,0.9090909090909091,0.8090909090909093,,0.9181818181818182,,,,1.0,1.81818181818183,0.909090909090915,False
59962,Auxley CA 91744,APS Home Improvement,1,110.0,108.0,27.0,79.0,0.24545454545454545,0.818181818181818,0.9272727272727272,0.8917018284106892,0.8736521331458038,0.9629629629629629,0.7594936708860758,0.9629629629629629,1.0,1.0,3.0,-10.909090909090924,-7.352001022887123,True
414342,shenzhenshi linenmaoyi youxiangongsi CAN ON L9T 0K1,APS K&D,1,110.0,110.0,0.0,110.0,0.0,1.0,0.990909090909091,0.9818181818181819,0.9818181818181819,,1.0,,,,2.0,0.9090909090909038,1.8181818181818077,False
462553,Zhejiangweinuokejiyouxiangongsi NJ 08817,APS K&D,1,110.0,108.0,5.0,102.0,0.045454545454545456,0.8999999999999999,0.9545454545454548,0.8910675381263614,0.7458242556281773,1.0,0.8921568627450979,1.0,1.0,1.0,1.0,-5.45454545454549,0.8932461873638498,False
355176,TOPCA,APS Housewares & More,1,109.0,108.0,0.0,97.0,0.0,0.5688073394495415,0.7339449541284402,0.7980145093547157,0.5132684230622375,,0.6082474226804127,,,,1.0,-16.513761467889864,-22.92071699051742,True
190813,US-CA-5,APS Home Improvement,1,109.0,109.0,0.0,109.0,0.0,0.9816513761467891,0.9449541284403667,0.9357798165137615,0.8807339449541285,,0.9816513761467891,,,,1.0,3.6697247706422353,4.587155963302758,False
7395,A.L. Ellis Inc.,Soft Home,1,109.0,109.0,0.0,109.0,0.0,0.9908256880733946,0.9449541284403674,0.9633027522935784,0.889908256880734,,0.9908256880733946,,,,1.0,4.587155963302713,2.7522935779816127,False
44968,Hasegawa Ladders NY 11788,Storage & Org - Frequency,1,109.0,109.0,11.0,94.0,0.10091743119266056,1.0,0.8899082568807333,0.9724770642201833,0.9633027522935782,1.0,1.0,0.9090909090909091,1.0,1.0,1.0,11.009174311926673,2.752293577981668,False
193144,Costa Nova US NY 10509,PG Housewares,1,109.0,103.0,0.0,109.0,0.0,0.3119266055045869,0.8807339449541285,0.8073394495412846,0.7431192660550455,,0.3119266055045869,,,,2.0,-56.880733944954166,-49.54128440366976,True
232186,The HON Company LLC IA 52240,Wayfair Professional,1,109.0,108.0,2.0,107.0,0.01834862385321101,0.81651376146789,0.9357798165137613,0.8624091381100725,0.6789546555901694,1.0,0.8130841121495328,1.0,1.0,1.0,1.0,-11.92660550458713,-4.589537664218247,True
323900,Aine-Home-08831,Upholstery,1,109.0,98.0,0.0,109.0,0.0,0.3577981651376146,0.6238532110091742,0.3486238532110091,0.25688073394495414,,0.3577981651376146,,,,3.0,-26.605504587155966,0.9174311926605505,True
116393,   DJNJ4,APS,1,109.0,109.0,9.0,97.0,0.08256880733944955,0.963302752293578,0.9449541284403671,0.889908256880734,0.8073394495412846,1.0,0.9587628865979382,0.7777777777777778,1.0,0.8888888888888888,1.0,1.83486238532109,7.339449541284393,False
366465,Eglinton Decor Inc CA 91708,APS Outdoor,1,109.0,108.0,26.0,68.0,0.23853211009174313,0.24770642201834858,0.8623853211009176,0.8996459694989106,0.7253540305010894,0.11538461538461539,0.3529411764705882,0.9230769230769229,1.0,0.9230769230769229,2.0,-61.4678899082569,-65.1939547480562,True
414006,"Temai Technology Co.,Limited GA 30518",APS AEOF,1,108.0,108.0,0.0,108.0,0.0,0.583333333333333,0.9259259259259257,0.8425925925925923,0.287037037037037,,0.583333333333333,,,,1.0,-34.25925925925927,-25.92592592592593,True
241407,Riverstar Inc. NJ 08810(3),APS Outdoor,1,108.0,107.0,5.0,100.0,0.046296296296296294,0.7592592592592591,0.8981481481481483,0.8889719626168223,0.6204672897196261,0.6,0.7599999999999999,0.8,1.0,0.6,1.0,-13.888888888888918,-12.971270335756325,True
475586,NEW BKFARMHOUSE INC_1 ON L5S 1W9,APS Pet,1,108.0,108.0,0.0,108.0,0.0,1.0,1.0,0.9814814814814816,0.9166666666666664,,1.0,,,,1.0,0.0,1.8518518518518379,False
281529, MPR_NJ_US 07064,APS Youth,1,108.0,106.0,0.0,103.0,0.0,0.8703703703703703,0.8796296296296292,0.814801245649386,0.6945411247481224,,0.883495145631068,,,,1.0,-0.9259259259258856,5.55691247209843,False
223304,中仓美西新仓,APS Home Improvement,1,108.0,105.0,20.0,82.0,0.18518518518518517,0.6574074074074073,0.8148148148148151,0.8898954703832751,0.7603948896631821,0.7999999999999999,0.6097560975609755,0.85,1.0,0.85,2.0,-15.740740740740778,-23.24880629758678,True
294743,Xiamen Juqiwu Dianzishangwu CA 91761,APS Youth,1,108.0,101.0,0.0,108.0,0.0,0.9444444444444448,0.7129629629629629,0.9074074074074072,0.8981481481481478,,0.9444444444444448,,,,2.0,23.148148148148184,3.7037037037037535,False
328189,Spectrum Brands CA 92374,Kitchen & Small Electrics,1,108.0,108.0,0.0,108.0,0.0,1.0,0.9907407407407407,0.935185185185185,0.8981481481481479,,1.0,,,,1.0,0.92592592592593,6.481481481481499,False
35046,Luigi Bormioli SC,Tabletop,1,108.0,108.0,0.0,108.0,0.0,0.06481481481481481,0.4907407407407406,0.5648148148148148,0.10185185185185189,,0.06481481481481481,,,,1.0,-42.592592592592574,-49.99999999999999,True
331069,Yiwushi Shengcheng jinchukou youxian gongsi CA 91752,Wayfair,1,108.0,106.0,9.0,91.0,0.08333333333333333,0.6666666666666665,0.9074074074074074,0.7320132697491188,0.5277835372174993,0.5555555555555557,0.6703296703296702,0.8888888888888888,1.0,0.5555555555555557,1.0,-24.07407407407409,-6.534660308245233,True
279377,Roborock Technology Co. GA 30518,APS,1,108.0,107.0,4.0,96.0,0.037037037037037035,0.5092592592592594,0.9166666666666666,0.8794781931464176,0.44411993769470415,0.25,0.5000000000000001,1.0,1.0,0.25,1.0,-40.74074074074072,-37.021893388715824,True
80695,CAN_Walnut Decor NY 14132,CA Casegoods,1,108.0,97.0,0.0,108.0,0.0,0.648148148148148,0.6296296296296297,0.8148148148148145,0.8148148148148145,,0.648148148148148,,,,2.0,1.8518518518518379,-16.66666666666665,False
444663,Yiwu Suya Trading Co Ltd. CA 91761,Wayfair,1,108.0,108.0,33.0,71.0,0.3055555555555556,0.777777777777778,0.8703703703703703,0.7592592592592593,0.6666666666666666,0.7575757575757576,0.8169014084507046,0.8181818181818183,0.8787878787878787,0.7878787878787878,1.0,-9.259259259259235,1.8518518518518712,False
25716,Test Rite Products Corp CA 91761,Storage & Org - Frequency,1,108.0,108.0,0.0,107.0,0.0,0.6203703703703703,0.814814814814815,0.8148148148148151,0.6203703703703702,,0.6261682242990654,,,,1.0,-19.444444444444464,-19.444444444444475,True
43599,SUNSHINE FURNITURE GROUP INC,Casegoods,1,108.0,97.0,17.0,87.0,0.1574074074074074,0.7037037037037036,0.7870370370370369,0.7342380962338722,0.6424165115744129,0.8235294117647057,0.6781609195402297,0.9411764705882353,0.8823529411764706,0.8235294117647057,2.0,-8.333333333333325,-3.053439253016854,False
405232,HAULLISUM INTERNATIONAL CO.，LIMITED CA 92337,APS Decor,1,108.0,106.0,33.0,69.0,0.3055555555555556,0.6851851851851852,0.8703703703703703,0.8337435056056876,0.6117035821711788,0.7575757575757575,0.6811594202898551,0.8484848484848483,0.8787878787878786,0.6969696969696971,1.0,-18.518518518518512,-14.855832042050231,True
143590,Sams Pets NJ 08810,Pet,1,107.0,107.0,11.0,37.0,0.102803738317757,0.8130841121495327,0.7850467289719626,0.7570093457943924,0.43925233644859807,0.5454545454545454,0.9189189189189187,0.5454545454545454,0.5454545454545454,0.36363636363636365,1.0,2.8037383177570097,5.607476635514031,False
350103,CUSHOU01,APS AEOF,1,107.0,105.0,13.0,85.0,0.12149532710280374,0.34579439252336447,0.6635514018691586,0.8224089635854339,0.32705882352941185,0.2307692307692308,0.3529411764705882,0.38461538461538464,0.9230769230769231,0.2307692307692308,1.0,-31.775700934579415,-47.661457106206946,True
195873,Legend Furniture CA 90601,APS Upholstery,1,107.0,106.0,36.0,63.0,0.3364485981308411,0.8224299065420559,0.8504672897196262,0.8514525306978137,0.6185983827493261,0.972222222222222,0.7777777777777777,0.972222222222222,1.0,0.972222222222222,1.0,-2.8037383177570208,-2.9022624155757737,False
414071,Hangzhou Daya Information Technology CA 92337(3),APS K&D,1,107.0,102.0,14.0,70.0,0.1308411214953271,0.7570093457943923,0.8504672897196262,0.8060224089635853,0.5819327731092437,0.8571428571428571,0.7285714285714283,0.7857142857142858,0.9285714285714286,0.7857142857142858,1.0,-9.345794392523388,-4.901306316919307,False
413708,"Shenzhenshi Yiyibushe Technology Co., Ltd. GA 31326 ",APS Home Improvement,1,107.0,105.0,1.0,95.0,0.009345794392523364,0.7383177570093458,0.8504672897196262,0.7847619047619047,0.5695238095238093,1.0,0.7789473684210526,1.0,1.0,1.0,1.0,-11.214953271028039,-4.644414775255889,True
240199,BLUEBELL INTERNATIONAL INC. NJ 08822,APS,1,107.0,105.0,0.0,107.0,0.0,0.5794392523364484,0.8411214953271028,0.6728971962616822,0.40186915887850466,,0.5794392523364484,,,,1.0,-26.168224299065436,-9.345794392523377,True
353439,ChooChoo Furniture CA 91761(2),APS AEOF,1,107.0,104.0,17.0,82.0,0.1588785046728972,0.8504672897196262,0.7757009345794392,0.8218601699591657,0.7378600595960711,0.9411764705882352,0.8414634146341463,0.8235294117647057,0.9411764705882352,0.8235294117647057,1.0,7.476635514018692,2.8607119760460487,False
155398,"Nantong ZhenYao Trading Co.,Ltd NJ 08837",APS,1,107.0,99.0,0.0,107.0,0.0,0.4112149532710281,0.42990654205607465,0.9065420560747663,0.8878504672897196,,0.4112149532710281,,,,3.0,-1.8691588785046565,-49.53271028037383,False
61753,"Nanshing America, Inc. CA 90040",Soft Home,1,107.0,107.0,0.0,107.0,0.0,1.0,0.9252336448598132,0.7663551401869159,0.7009345794392523,,1.0,,,,1.0,7.476635514018682,23.364485981308412,False
22213,Benzara CA 90660,Casegoods,1,106.0,105.0,0.0,106.0,0.0,0.8773584905660378,0.8773584905660379,0.8396226415094341,0.7452830188679244,,0.8773584905660378,,,,1.0,-1.1102230246251565e-14,3.7735849056603654,False
223007,JRT Group FL 33025,Wayfair,1,106.0,103.0,11.0,95.0,0.10377358490566038,0.4245283018867926,0.5377358490566039,0.5850792028615225,0.4155339805825242,0.3636363636363636,0.43157894736842123,0.45454545454545453,0.6363636363636364,0.5454545454545454,2.0,-11.32075471698113,-16.05509009747299,True
200580,Like-It CA 90033,Storage & Org - Frequency,1,106.0,102.0,20.0,86.0,0.18867924528301888,0.962264150943396,0.8113207547169812,0.9158686730506155,0.8784769721842227,1.0,0.953488372093023,0.8999999999999998,1.0,1.0,1.0,15.094339622641485,4.639547789278053,False
406361,ZT TRADING INC. PA 18064,APS Outdoor,1,106.0,103.0,11.0,86.0,0.10377358490566038,0.8490566037735849,0.849056603773585,0.6335515917814406,0.4919846466470988,0.9090909090909091,0.8953488372093024,1.0,1.0,0.8181818181818182,1.0,-1.1102230246251565e-14,21.550501199214434,False
371667,Hooray Depot CA 91761 (2),APS Home Improvement,1,106.0,105.0,20.0,73.0,0.18867924528301888,0.490566037735849,0.783018867924528,0.8494455316373124,0.689106327462492,0.39999999999999997,0.5616438356164383,0.7999999999999999,0.9499999999999998,0.75,2.0,-29.2452830188679,-35.88794939014634,True
265257,247 Shop At Home CA 91789,Casegoods,1,106.0,104.0,0.0,106.0,0.0,0.8584905660377358,0.9056603773584905,0.9528301886792451,0.811320754716981,,0.8584905660377358,,,,1.0,-4.716981132075471,-9.43396226415093,False
28357,All-Clad NJ,Kitchen & Small Electrics,1,106.0,102.0,13.0,89.0,0.12264150943396226,0.7641509433962266,0.7924528301886793,0.8501872659176032,0.661599471249174,0.6923076923076923,0.7640449438202249,0.9230769230769231,1.0,0.7692307692307693,1.0,-2.8301886792452713,-8.603632252137661,False
430628,Ningbo Linnuo International Trade GA 30517(3),APS Outdoor,1,106.0,104.0,19.0,76.0,0.1792452830188679,0.9528301886792453,0.9528301886792452,0.8967611336032386,0.8122469635627529,0.9473684210526314,0.9473684210526315,0.9473684210526314,0.9473684210526314,0.9473684210526314,1.0,1.1102230246251565e-14,5.606905507600668,False
197949,SICOTAS INC GA 30336,APS Bedroom,1,106.0,106.0,7.0,61.0,0.0660377358490566,0.3490566037735849,0.7169811320754716,0.7452830188679244,0.2452830188679245,0.14285714285714288,0.4754098360655737,0.8571428571428571,0.8571428571428571,0.28571428571428575,1.0,-36.79245283018868,-39.62264150943395,True
320998,"Hangzhou Okapat Technology Co., Ltd. CA 92337",Wayfair,1,106.0,106.0,0.0,103.0,0.0,0.8396226415094338,0.9245283018867924,0.8962264150943393,0.7075471698113206,,0.8640776699029125,,,,1.0,-8.490566037735858,-5.660377358490553,False
308650,HHALI NJ 07095,Wayfair,1,106.0,106.0,2.0,103.0,0.018867924528301886,0.9056603773584908,0.8867924528301887,0.8584905660377358,0.7075471698113206,1.0,0.9029126213592236,1.0,1.0,1.0,1.0,1.8867924528302105,4.716981132075504,False
205056,"Shenzhen Quanyuanfa Trading Co., Ltd. NJ 08505",APS K&D,1,106.0,106.0,0.0,104.0,0.0,0.8490566037735849,0.9150943396226412,0.849056603773585,0.6603773584905663,,0.8557692307692307,,,,1.0,-6.603773584905626,-1.1102230246251565e-14,False
310828,SKC-YQN-CA-BCF,APS,1,106.0,104.0,8.0,79.0,0.07547169811320754,0.6698113207547169,0.8867924528301884,0.8776777020447907,0.5671859785783837,1.0,0.6075949367088607,1.0,1.0,0.875,1.0,-21.69811320754714,-20.786638129007372,True
316708,Kingway Inc CA 91761 (2),Upholstery,1,105.0,105.0,25.0,78.0,0.23809523809523808,0.6476190476190478,0.7904761904761904,0.9333333333333332,0.819047619047619,0.2400000000000001,0.794871794871795,0.7200000000000002,0.8,0.72,3.0,-14.285714285714269,-28.571428571428548,True
148084,Wuxihongseyingdidianzishangwuyouxiangongs CA 91730,APS Outdoor,1,105.0,100.0,11.0,91.0,0.10476190476190476,0.5904761904761904,0.695238095238095,0.8109890109890112,0.5914285714285714,0.7272727272727272,0.5604395604395603,1.0,1.0,0.7272727272727272,1.0,-10.47619047619046,-22.051282051282083,True
103090,Ningbo le verde home furnishing TX 77060,APS Outdoor,1,105.0,104.0,0.0,104.0,0.0,1.0,0.933333333333333,0.8952477810650886,0.7904955621301772,,1.0,,,,1.0,6.666666666666698,10.475221893491138,False
61372,CoCo B. Kitchen  Home,Tabletop,1,105.0,102.0,2.0,103.0,0.01904761904761905,0.7523809523809522,0.7619047619047621,0.828669331810394,0.5425471159337523,1.0,0.7475728155339804,1.0,1.0,0.0,1.0,-0.9523809523809934,-7.628837942944189,False
463489,Art3d GA 30549,APS Home Improvement,1,105.0,102.0,0.0,105.0,0.0,0.23809523809523808,0.8666666666666667,0.6761904761904759,0.3047619047619046,,0.23809523809523808,,,,1.0,-62.857142857142854,-43.80952380952378,True
22436,"H&D Restaurant Supply, Inc.",Casegoods,1,105.0,102.0,11.0,90.0,0.10476190476190476,0.43809523809523815,0.7238095238095236,0.8480392156862748,0.7712418300653593,0.2727272727272727,0.47777777777777786,0.7272727272727272,1.0,0.8181818181818182,5.0,-28.57142857142854,-40.99439775910367,True
289384,ARTCHIRLY INC CA 91761(4),APS,1,105.0,104.0,3.0,97.0,0.02857142857142857,0.4095238095238095,0.7999999999999997,0.7714115781126092,0.39046391752577314,0.0,0.4329896907216495,0.6666666666666666,0.6666666666666666,0.0,1.0,-39.04761904761902,-36.18877685887997,True
228068,C-NJ-2,APS,1,105.0,105.0,21.0,65.0,0.2,0.5523809523809524,0.7904761904761904,0.7238095238095238,0.43809523809523815,0.38095238095238093,0.6,0.7142857142857144,0.7142857142857144,0.2857142857142857,1.0,-23.809523809523803,-17.14285714285714,True
24884,Riztex USA GA,Rugs,1,105.0,105.0,0.0,105.0,0.0,1.0,0.876190476190476,0.9714285714285712,0.7809523809523812,,1.0,,,,1.0,12.380952380952404,2.8571428571428803,False
450675,CAN_RTS Companies ON N0B 2M0,Outdoor Structures,1,105.0,103.0,0.0,105.0,0.0,0.8095238095238095,0.8761904761904762,0.8476190476190474,0.6666666666666667,,0.8095238095238095,,,,1.0,-6.666666666666665,-3.809523809523785,False
267033,HOU02 TX 77087,APS,1,105.0,103.0,0.0,103.0,0.0,0.8095238095238098,0.895238095238095,0.9331699500424168,0.6949759638043168,,0.8058252427184469,,,,1.0,-8.57142857142853,-12.3646140518607,False
450399,CAN_ARESON INC ON L9E 2J3,APS Bedroom,1,104.0,103.0,0.0,104.0,0.0,0.9038461538461543,0.9519230769230768,0.9519230769230768,0.8846153846153841,,0.9038461538461543,,,,2.0,-4.807692307692246,-4.807692307692246,False
351472,M-NJ-4,APS Home Improvement,1,104.0,102.0,13.0,80.0,0.125,0.7980769230769232,0.8749999999999999,0.7990196078431373,0.6639705882352941,0.7692307692307693,0.8000000000000002,0.9230769230769231,1.0,0.6923076923076923,1.0,-7.692307692307665,-0.09426847662140636,False
64499,Sui Cheng Limited CA 92337,APS Home Improvement,1,104.0,97.0,0.0,92.0,0.0,0.6442307692307693,0.75,0.8172717764828925,0.5767219483041981,,0.6304347826086956,,,,1.0,-10.576923076923073,-17.304100725212322,True
281953,Hawkins New York.,PG Housewares,1,104.0,82.0,4.0,100.0,0.038461538461538464,0.45192307692307687,0.7211538461538461,0.7526829268292682,0.7241463414634145,0.0,0.4699999999999999,1.0,1.0,1.0,1.0,-26.923076923076927,-30.07598499061913,True
218125,Eurostyle GA 30519 (WBU),Casegoods,1,104.0,103.0,0.0,104.0,0.0,0.9038461538461535,0.8076923076923074,0.8557692307692302,0.557692307692308,,0.9038461538461535,,,,1.0,9.615384615384615,4.807692307692335,False
334184,HONG KONG LINSYHOME INTERNATIONAL TRADING NJ 08873,APS Bedroom,1,104.0,102.0,0.0,102.0,0.0,0.8942307692307688,0.894230769230769,0.951749327181853,0.6151480199923104,,0.8921568627450976,,,,1.0,-2.220446049250313e-14,-5.751855795108418,False
413601,LOMA Company Ltd GA 31326,APS Home Improvement,1,104.0,104.0,3.0,87.0,0.028846153846153848,0.7500000000000001,0.8942307692307693,0.8749999999999999,0.6442307692307693,0.3333333333333333,0.8390804597701151,0.6666666666666666,1.0,1.0,1.0,-14.423076923076916,-12.499999999999979,True
450952,LELELINKY INTERNATIONAL LIMITED NJ 07036,APS AEOF,1,104.0,102.0,0.0,104.0,0.0,0.8365384615384619,0.8942307692307694,0.8750000000000001,0.7307692307692308,,0.8365384615384619,,,,1.0,-5.769230769230749,-3.8461538461538214,False
8513,DorelCA92335,Youth Furniture & Decor,1,103.0,100.0,1.0,92.0,0.009708737864077669,0.25242718446601947,0.6116504854368932,0.8645652173913043,0.787173913043478,0.0,0.26086956521739135,0.0,1.0,1.0,4.0,-35.92233009708737,-61.21380329252848,True
369008,"KUA BAO INTERNATIONAL TRADING CO.,LIMITED CA 92336",Wayfair,1,103.0,103.0,0.0,103.0,0.0,0.9902912621359223,0.941747572815534,0.9126213592233007,0.7766990291262136,,0.9902912621359223,,,,1.0,4.854368932038833,7.766990291262166,False
30619,Fox Run Craftsmen PA 18974,Kitchen & Small Electrics,1,103.0,103.0,0.0,103.0,0.0,0.9514563106796116,0.8834951456310676,0.8737864077669901,0.70873786407767,,0.9514563106796116,,,,1.0,6.7961165048544,7.766990291262143,False
348596,Eileen Grays LLC CA 91752,APS Home Improvement,1,103.0,102.0,0.0,55.0,0.0,0.669902912621359,0.8543689320388349,0.8241421568627448,0.5602532679738562,,0.4545454545454546,,,,1.0,-18.446601941747588,-15.42392442413858,True
76807,Carolina Cottage NC 27290,Casegoods,1,103.0,103.0,0.0,103.0,0.0,1.0,0.9223300970873785,0.9223300970873787,0.737864077669903,,1.0,,,,1.0,7.766990291262155,7.7669902912621325,False
86065,JULI LLC CA 92835,APS,1,103.0,103.0,19.0,81.0,0.18446601941747573,0.6504854368932036,0.8737864077669901,0.9126213592233008,0.6019417475728155,0.47368421052631576,0.6913580246913577,0.8421052631578946,0.8947368421052629,0.47368421052631576,1.0,-22.330097087378654,-26.21359223300972,True
312603,"Hangzhou Gesong E-commerce Co., Ltd. CA 91761",Wayfair,1,103.0,103.0,0.0,102.0,0.0,0.8543689320388351,0.7475728155339807,0.5339805825242718,0.3009708737864078,,0.8529411764705884,,,,1.0,10.679611650485443,32.03883495145633,False
487644,Goldian Home LLC TX 77477,APS Home Improvement,1,103.0,101.0,0.0,103.0,0.0,0.9902912621359223,0.9417475728155339,0.9611650485436893,0.9417475728155338,,0.9902912621359223,,,,1.0,4.8543689320388435,2.9126213592232997,False
406814,"Shanxi anda heli anzhuang co.,ltd CA 92337",APS AEOF,1,103.0,101.0,25.0,78.0,0.24271844660194175,0.669902912621359,0.7864077669902911,0.8258441228738258,0.5722264534145722,0.68,0.6666666666666665,0.7200000000000002,0.9199999999999998,0.48,1.0,-11.65048543689321,-15.594121025246677,True
202248,Vivience Fol Inc NJ 07801,Tabletop,1,102.0,99.0,12.0,89.0,0.11764705882352941,0.8627450980392157,0.9607843137254903,0.8145499943252749,0.7162637612075814,0.9166666666666666,0.8539325842696629,1.0,1.0,0.8333333333333334,1.0,-9.80392156862746,4.819510371394086,False
189781,Vinnova FL 32220,Plumbing,1,102.0,100.0,6.0,91.0,0.058823529411764705,0.6862745098039216,0.6862745098039216,0.725054945054945,0.6072527472527472,0.5,0.7032967032967034,0.6666666666666666,0.6666666666666666,0.3333333333333333,1.0,0.0,-3.878043525102348,False
310114,"Hangzhou Yingpan Network Technology Co.,CA 91762 ",APS,1,102.0,101.0,0.0,102.0,0.0,0.8431372549019609,0.8823529411764705,0.8529411764705882,0.676470588235294,,0.8431372549019609,,,,1.0,-3.9215686274509554,-0.9803921568627305,False
199501,Skyline Decor IL 60502,Casegoods,1,102.0,98.0,13.0,86.0,0.12745098039215685,0.803921568627451,0.9705882352941176,0.8146654010441385,0.596345514950166,0.6923076923076923,0.8372093023255814,1.0,0.9230769230769231,0.38461538461538464,1.0,-16.666666666666664,-1.0743832416687527,True
372775,"Shenzhenshi Meijiajia Technology Co., Ltd NJ 08817",APS Home Improvement,1,102.0,102.0,0.0,98.0,0.0,0.9411764705882352,0.9117647058823529,0.7647058823529411,0.6078431372549019,,0.9489795918367345,,,,1.0,2.941176470588225,17.647058823529406,False
268016,Sleemon-XilinmenFurnitureco. LA02 CA 91761,APS,1,102.0,99.0,0.0,99.0,0.0,0.607843137254902,0.8235294117647058,0.8334863789409243,0.549433731251913,,0.595959595959596,,,,1.0,-21.568627450980383,-22.564324168602223,True
348628,"Tonglu Xinma e-commerce Co., Ltd NJ 08810",Soft Home,1,102.0,100.0,17.0,80.0,0.16666666666666666,0.4411764705882353,0.784313725490196,0.717080882352941,0.32461029411764714,0.411764705882353,0.4375,0.5882352941176471,0.5294117647058824,0.17647058823529413,1.0,-34.31372549019607,-27.59044117647057,True
222137,100 PLUS LOGISTICS INC CA 90640,Soft Home,1,102.0,97.0,0.0,102.0,0.0,0.13725490196078433,0.6568627450980395,0.7549019607843137,0.4411764705882352,,0.13725490196078433,,,,1.0,-51.960784313725526,-61.76470588235294,True
58782,Nicolette Mayer,PG Housewares,1,102.0,100.0,2.0,100.0,0.0196078431372549,0.8627450980392158,0.9705882352941178,0.9607999999999997,0.9607999999999997,1.0,0.8600000000000001,1.0,1.0,1.0,6.0,-10.784313725490192,-9.805490196078381,True
49712,Shelter Logic GA 31302,Outdoor Structures,1,102.0,100.0,3.0,98.0,0.029411764705882353,0.6470588235294116,0.9117647058823529,0.8920408163265309,0.5877551020408162,0.0,0.6734693877551019,0.6666666666666666,0.6666666666666666,0.0,1.0,-26.470588235294134,-24.49819927971193,True
41463,Canadian Down  Feather Company,Mattress,1,102.0,99.0,3.0,99.0,0.029411764705882353,0.8529411764705881,0.8529411764705881,0.85307621671258,0.8334863789409243,1.0,0.8484848484848483,1.0,1.0,1.0,1.0,0.0,-0.013504024199195719,False
242474,"ZHONGSHAN SILJOY LIGHTING CO.,LTD NJ 08810",APS Home Improvement,1,102.0,100.0,18.0,71.0,0.17647058823529413,0.8921568627450981,0.8921568627450979,0.8833802816901409,0.774507042253521,0.8333333333333333,0.9014084507042253,0.7777777777777777,1.0,0.7222222222222223,1.0,2.220446049250313e-14,0.8776581054957155,False
247872,NJJ W3,APS,1,102.0,101.0,0.0,102.0,0.0,0.9313725490196079,0.9411764705882351,0.6862745098039211,0.5784313725490199,,0.9313725490196079,,,,1.0,-0.9803921568627194,24.509803921568675,False
17064,Liberty Furniture IL 60449,Casegoods,1,102.0,102.0,0.0,102.0,0.0,0.9509803921568625,0.8333333333333331,0.8823529411764707,0.6372549019607843,,0.9509803921568625,,,,1.0,11.764705882352933,6.862745098039181,False
346523,shenzhenshibeilailidianqiyouxiangongsi PA 18466 ,APS,1,101.0,100.0,0.0,97.0,0.0,0.8613861386138615,0.821782178217822,0.9010309278350516,0.6634020618556701,,0.8659793814432991,,,,1.0,3.960396039603953,-3.964478922119008,False
246995,Novel LLC CA 91730 ,Plumbing,1,101.0,96.0,12.0,83.0,0.1188118811881188,0.5940594059405939,0.7524752475247528,0.7408069779116464,0.5309467034805889,0.8333333333333334,0.5662650602409637,0.9166666666666666,0.9166666666666665,0.7499999999999999,1.0,-15.84158415841589,-14.674757197105247,True
373854,"Xuzhou Abosi Network Technology Co., Ltd CA 92881",APS Decor,1,101.0,100.0,4.0,86.0,0.039603960396039604,0.7623762376237625,0.8811881188118809,0.8415116279069769,0.6534883720930234,1.0,0.7441860465116281,0.75,1.0,0.75,1.0,-11.881188118811837,-7.913539028321437,True
351515,U-TX-1,APS Home Improvement,1,101.0,101.0,6.0,88.0,0.0594059405940594,0.6336633663366334,0.7623762376237623,0.9207920792079208,0.603960396039604,0.5,0.6590909090909088,0.6666666666666666,1.0,0.5,1.0,-12.871287128712883,-28.71287128712874,True
18457,Richell USA,Pet,1,101.0,100.0,13.0,86.0,0.12871287128712872,0.8712871287128712,0.8712871287128712,0.8418604651162792,0.6333720930232557,0.7692307692307693,0.8837209302325579,0.8461538461538461,1.0,0.46153846153846156,1.0,0.0,2.942666359659196,False
29630,CAN_South Shore QCJ1A1Z5,CA Casegoods,1,101.0,100.0,0.0,101.0,0.0,0.9108910891089106,0.9306930693069304,0.9207920792079208,0.8514851485148518,,0.9108910891089106,,,,1.0,-1.980198019801982,-0.9900990099010243,False
437732,guangzhoufengshukejiyouxiangongsi CA 91761,APS Housewares & More,1,101.0,93.0,6.0,77.0,0.0594059405940594,0.6237623762376237,0.7920792079207923,0.7535260438486246,0.49518223711772097,0.8333333333333334,0.6233766233766233,0.6666666666666666,0.8333333333333334,0.6666666666666666,1.0,-16.831683168316868,-12.976366761100099,True
255383,"LINHAI JIYUN TEXTILE TECHNOLOGY CO.,LTD NJ 08807",Wayfair,1,101.0,97.0,5.0,92.0,0.04950495049504951,0.5049504950495048,0.8217821782178214,0.7427162707306142,0.4760197220977141,0.6,0.4782608695652173,0.6,0.6,0.6,1.0,-31.683168316831654,-23.776577568110934,True
440533,LBE Design CA 90221,Decor,1,101.0,98.0,22.0,72.0,0.21782178217821782,0.5148514851485149,0.9306930693069304,0.8920068027210885,0.7325680272108844,0.4090909090909091,0.5972222222222222,0.9090909090909087,0.9545454545454544,0.6363636363636362,2.0,-41.58415841584156,-37.71553175725736,True
484545,Hestan Culinary CA 94533,Kitchen & Small Electrics,1,101.0,101.0,19.0,81.0,0.18811881188118812,0.8811881188118809,0.9207920792079206,1.0,0.8514851485148518,0.9473684210526314,0.8641975308641971,1.0,1.0,0.9473684210526314,1.0,-3.960396039603975,-11.881188118811913,False
111995,  KSCA,APS,1,101.0,100.0,0.0,50.0,0.0,0.7524752475247524,0.8613861386138614,0.940392156862745,0.6023529411764705,,0.5199999999999999,,,,1.0,-10.8910891089109,-18.791690933799266,True
271228,Educators Resource AL 36575,Wayfair Professional,1,100.0,98.0,4.0,96.0,0.04,0.88,0.98,0.8900935374149659,0.74000850340136,0.75,0.8854166666666666,1.0,1.0,0.75,1.0,-9.999999999999998,-1.009353741496588,False
493064,USSAV02,APS Bedroom,1,100.0,99.0,1.0,83.0,0.01,0.7899999999999997,0.87,0.7893391748813438,0.4390896921017404,0.0,0.8554216867469876,0.0,1.0,0.0,1.0,-8.000000000000028,0.066082511865595,False
369874,hubeizhenpinmeijiajiajuyouxiangongsi NJ 08817,APS AEOF,1,100.0,99.0,1.0,99.0,0.01,0.8500000000000001,0.9599999999999999,0.7699214365881033,0.5699418426691155,1.0,0.8484848484848486,0.0,0.0,0.0,1.0,-10.999999999999977,8.00785634118968,True
355851,Casper CA 92504,Mattress,1,100.0,96.0,19.0,74.0,0.19,0.37,0.6299999999999999,0.8302364864864865,0.680743243243243,0.26315789473684215,0.39189189189189194,0.8421052631578945,0.8421052631578946,0.7894736842105261,2.0,-25.99999999999999,-46.02364864864865,True
371617,Shenzhen XinheTrade Limited Company CA 92337(2),APS K&D,1,100.0,97.0,0.0,48.0,0.0,0.8,0.83,0.8711340206185566,0.7210051546391751,,0.8125,,,,1.0,-2.9999999999999916,-7.1134020618556555,False
36914,CFA DESIGN GROUP,,1,100.0,93.0,6.0,93.0,0.06,0.8800000000000001,0.8700000000000001,0.8699271592091573,0.8599838131575905,1.0,0.881720430107527,1.0,1.0,1.0,3.0,1.0000000000000009,1.0072840790842807,False
365131,RAYS LTD GA 30336,APS Home Improvement,1,100.0,100.0,18.0,54.0,0.18,0.6100000000000001,0.8299999999999998,0.78,0.42999999999999994,0.7777777777777777,0.6481481481481483,1.0,0.9444444444444442,0.2222222222222222,1.0,-21.999999999999975,-16.999999999999993,True
355184,DJNJ4,APS Housewares & More,1,100.0,100.0,13.0,86.0,0.13,0.9800000000000003,0.9300000000000003,0.93,0.8799999999999999,1.0,0.9767441860465119,0.6923076923076922,1.0,0.8461538461538461,1.0,5.000000000000004,5.000000000000027,False
66311,Baliaa Inc CA 92880,APS,1,100.0,99.0,0.0,100.0,0.0,0.9899999999999999,0.8300000000000003,0.88,0.86,,0.9899999999999999,,,,1.0,15.99999999999996,10.999999999999988,False
107671,Topower Smart Home Limited NJ 08016,APS,1,100.0,80.0,0.0,99.0,0.0,0.8899999999999999,0.9199999999999998,0.6508838383838382,0.5710858585858586,,0.8888888888888887,,,,1.0,-2.9999999999999916,23.911616161616166,False
355325,Vintage Home Inc. NV 89521,Decor,1,100.0,95.0,0.0,100.0,0.0,0.8899999999999996,0.88,0.82,0.7299999999999998,,0.8899999999999996,,,,1.0,0.9999999999999565,6.999999999999962,False
507040,JIAJING-SAV1,APS Bedroom,1,100.0,96.0,0.0,100.0,0.0,0.9099999999999998,0.7,0.9600000000000003,0.93,,0.9099999999999998,,,,2.0,20.999999999999986,-5.000000000000049,False
236467,True Innovations & Design (USA) LLC CA 91752,Upholstery,1,99.0,98.0,6.0,91.0,0.06060606060606061,0.19191919191919188,0.8181818181818183,0.6869253195783809,0.41388203633101595,0.0,0.20879120879120874,1.0,1.0,0.16666666666666666,2.0,-62.62626262626265,-49.5006127659189,True
347231,Rock Opnum Inc CA 91752,APS AEOF,1,99.0,99.0,10.0,88.0,0.10101010101010101,0.717171717171717,0.8787878787878785,0.7878787878787876,0.5252525252525253,0.5,0.7386363636363634,0.6,0.6,0.6,1.0,-16.161616161616145,-7.07070707070706,True
332527, USLAX01,APS,1,99.0,98.0,18.0,66.0,0.18181818181818182,0.7979797979797978,0.8282828282828283,0.8690476190476191,0.737322201607916,0.6666666666666669,0.8333333333333331,0.6111111111111113,0.8888888888888887,0.6111111111111113,1.0,-3.03030303030305,-7.106782106782128,False
211586,Looife Inc IL 60089,Decor,1,99.0,98.0,8.0,91.0,0.08080808080808081,0.9494949494949496,0.8484848484848483,0.9091724601928683,0.8587127158555732,1.0,0.9450549450549453,1.0,1.0,1.0,1.0,10.101010101010132,4.032248930208127,False
281748,XHD-CA2,APS,1,99.0,97.0,0.0,99.0,0.0,0.9494949494949491,0.9292929292929294,0.9595959595959597,0.8787878787878786,,0.9494949494949491,,,,1.0,2.0202020202019666,-1.010101010101061,False
183547,Global Bedding Solutions Inc. MA 02721,Mattress,1,99.0,97.0,10.0,87.0,0.10101010101010101,0.505050505050505,0.7070707070707067,0.5764901054627325,0.4244578741557055,0.5,0.4942528735632183,0.6,0.8,0.4,1.0,-20.202020202020176,-7.143960041222752,True
120335,"Klair Living, Inc. CA 90670 ",Casegoods,1,99.0,96.0,1.0,96.0,0.010101010101010102,0.7272727272727273,0.7777777777777778,0.7880859374999999,0.5758463541666666,0.0,0.7291666666666666,1.0,1.0,0.0,1.0,-5.05050505050505,-6.081321022727259,False
320075,HESUNG INNOVATION LIMITED_1 CA 91761,Wayfair,1,99.0,98.0,20.0,73.0,0.20202020202020202,0.7575757575757576,0.8181818181818183,0.9295499021526417,0.8890131395023763,0.7999999999999999,0.726027397260274,0.8499999999999999,1.0,0.9,2.0,-6.060606060606077,-17.19741445768841,False
8146,JHSpecialtiesINC,Decor,1,99.0,99.0,0.0,99.0,0.0,1.0,0.9292929292929293,0.9393939393939394,0.7777777777777778,,1.0,,,,1.0,7.070707070707072,6.060606060606055,False
294527,XIA MEN XIN TIAN DA JIN SHU ZHI ZAO YOU XIAN GONG SI NJ 07305,Wayfair,1,99.0,99.0,17.0,80.0,0.1717171717171717,0.6161616161616164,0.8282828282828284,0.9494949494949495,0.8181818181818183,0.41176470588235303,0.6750000000000002,0.5294117647058825,1.0,0.6470588235294119,1.0,-21.212121212121204,-33.333333333333314,True
407318,Shenzhen Gushan Snow Exploration SAV,APS Upholstery,1,99.0,96.0,0.0,99.0,0.0,0.7373737373737376,0.7676767676767676,0.7575757575757575,0.5757575757575757,,0.7373737373737376,,,,1.0,-3.0303030303030054,-2.020202020201989,False
8444,Bentley Global Arts Group,Decor,1,99.0,96.0,8.0,90.0,0.08080808080808081,0.7272727272727272,0.9898989898989901,0.8486111111111113,0.6767361111111111,0.375,0.7555555555555554,1.0,0.875,0.625,1.0,-26.262626262626288,-12.133838383838413,True
254937,NingBo KaiMeiChen DianZiShangWu YouXian GA 31405,APS Home Improvement,1,99.0,95.0,7.0,86.0,0.0707070707070707,0.7777777777777777,0.797979797979798,0.7170134638922886,0.3451652386780906,0.5714285714285714,0.8139534883720928,1.0,0.8571428571428571,0.8571428571428571,1.0,-2.020202020202033,6.076431388548908,False
296304,AMNJ,APS Housewares & More,1,99.0,99.0,1.0,95.0,0.010101010101010102,0.5555555555555555,0.8383838383838386,0.8989898989898989,0.5252525252525253,1.0,0.5473684210526315,1.0,1.0,1.0,1.0,-28.28282828282831,-34.34343434343434,True
285715,"xiyou Savannah,GA（GA4) 31405",APS,1,99.0,99.0,0.0,96.0,0.0,0.6969696969696968,0.8484848484848483,0.7777777777777777,0.5050505050505049,,0.6874999999999999,,,,1.0,-15.151515151515149,-8.080808080808088,True
58214,"VM MP, LLC NV 89115",Storage & Org - Frequency,1,99.0,97.0,0.0,88.0,0.0,0.909090909090909,0.8888888888888887,0.8891752577319589,0.8687910028116215,,0.9318181818181817,,,,1.0,2.020202020202022,1.9915651358950015,False
50258,CAN_Kodaen ON L4B2P2,CA Home Improvement,1,99.0,98.0,0.0,99.0,0.0,0.7272727272727273,0.919191919191919,0.9191919191919191,0.6767676767676767,,0.7272727272727273,,,,1.0,-19.191919191919173,-19.191919191919183,True
55968,Imperial USA Ltd. NC 28206,Hardware,1,99.0,87.0,12.0,84.0,0.12121212121212122,0.7373737373737372,0.6969696969696971,0.7487684729064037,0.6502463054187193,0.7499999999999999,0.726190476190476,0.7499999999999999,0.7499999999999999,0.7499999999999999,1.0,4.040404040404011,-1.1394735532666456,False
46599,Wyndham Collection CA,Plumbing,1,99.0,98.0,3.0,96.0,0.030303030303030304,1.0,0.8484848484848487,0.9798044217687077,0.9390943877551022,1.0,1.0,1.0,1.0,0.0,1.0,15.151515151515127,2.0195578231292255,False
293653,"DECORATIVE ARTS, INC CA 90660",Upholstery,1,98.0,98.0,6.0,89.0,0.061224489795918366,1.0,0.9795918367346939,0.908163265306122,0.8979591836734694,1.0,1.0,1.0,1.0,1.0,1.0,2.0408163265306145,9.183673469387799,False
14036,All Things Cedar,Outdoor Structures,1,98.0,96.0,1.0,97.0,0.01020408163265306,0.10204081632653063,0.47959183673469385,0.5202963917525775,0.46928694158075596,0.0,0.10309278350515466,0.0,0.0,0.0,5.0,-37.755102040816325,-41.825557542604685,True
305987,Elite Living MI 48174 ,Casegoods,1,98.0,95.0,0.0,98.0,0.0,0.602040816326531,0.7653061224489798,0.9693877551020409,0.9693877551020409,,0.602040816326531,,,,4.0,-16.326530612244884,-36.734693877550995,True
71413,A&E Cage Co. NJ,Pet,1,98.0,97.0,0.0,98.0,0.0,0.8163265306122448,0.8877551020408164,0.9285714285714287,0.8163265306122449,,0.8163265306122448,,,,1.0,-7.142857142857162,-11.224489795918391,False
352312,Shenzhen Guli Wangluokeji youxiangongsi GA 30122,APS Upholstery,1,98.0,96.0,20.0,57.0,0.20408163265306123,0.9387755102040817,0.7448979591836735,0.8781328320802005,0.8576649958228907,0.9499999999999998,0.9473684210526315,0.75,0.9499999999999998,0.9499999999999998,2.0,19.387755102040817,6.064267812388113,False
60006,Midwest Homes for Pets IN,Pet,1,98.0,98.0,0.0,98.0,0.0,0.9897959183673469,0.877551020408163,1.0,1.0,,0.9897959183673469,,,,3.0,11.224489795918391,-1.0204081632653073,False
451027,ningbodeqizhinengkejiyouxiangongsi NJ 08859-1098,APS Upholstery,1,98.0,97.0,0.0,97.0,0.0,0.9183673469387755,0.9285714285714284,0.9081730258263365,0.7245190774790096,,0.9175257731958762,,,,1.0,-1.020408163265285,1.0194321112439009,False
226280,Cozayh LLC Jurupa Valley,APS,1,98.0,95.0,0.0,94.0,0.0,0.7857142857142855,0.8367346938775511,0.8169652855543117,0.6727323628219486,,0.7765957446808508,,,,1.0,-5.102040816326559,-3.1250999840026217,False
268155,Yetta Inc CA 91761(11) WAYFAIR,APS Outdoor,1,98.0,98.0,0.0,91.0,0.0,0.7755102040816326,0.8367346938775511,0.7755102040816326,0.45918367346938777,,0.7692307692307693,,,,1.0,-6.1224489795918435,0.0,False
369789,Beijingcanpengguojimaoyiyouxiangongsi CA 92316,APS Upholstery,1,98.0,95.0,3.0,92.0,0.030612244897959183,0.9081632653061225,0.9081632653061225,0.92837528604119,0.866933638443936,1.0,0.9130434782608695,1.0,1.0,1.0,1.0,0.0,-2.021202073506756,False
277640,WuYouDa-CA05 91761,APS Home Improvement,1,98.0,98.0,1.0,93.0,0.01020408163265306,0.7857142857142858,0.8163265306122448,0.765306122448979,0.5408163265306122,1.0,0.78494623655914,1.0,1.0,0.0,1.0,-3.0612244897958996,2.040816326530681,False
464211,"Ningbo Weifu Electronic Commerce Co., Ltd. GA 31308",APS AEOF,1,98.0,98.0,2.0,71.0,0.02040816326530612,0.693877551020408,0.8571428571428571,0.7448979591836737,0.3673469387755103,0.0,0.788732394366197,1.0,1.0,0.5,1.0,-16.326530612244905,-5.10204081632657,True
248863,NingboXinshengBaozhuangyinngsi CA 91761,APS Bedroom,1,98.0,96.0,0.0,96.0,0.0,0.8469387755102038,0.8571428571428571,0.7957899305555554,0.5405815972222222,,0.8437499999999997,,,,1.0,-1.0204081632653295,5.114884495464844,False
458109,JUXING furniture inc SAV,APS K&D,1,98.0,97.0,5.0,66.0,0.05102040816326531,0.41836734693877553,0.7857142857142856,0.7855357700718525,0.4595438925335833,0.6,0.4545454545454546,1.0,0.8,0.6,1.0,-36.734693877551,-36.716842313307694,True
475668,QUANZHOU AUTO FURNITURE CO LTD CA 91763,APS K&D,1,98.0,98.0,0.0,98.0,0.0,0.8265306122448982,0.8673469387755104,1.0,0.9693877551020407,,0.8265306122448982,,,,8.0,-4.081632653061218,-17.34693877551018,False
236468,True Innovations & Design (USA) LLC TX 77060,Upholstery,1,97.0,95.0,2.0,92.0,0.020618556701030927,0.8762886597938145,0.8762886597938144,0.8558352402745996,0.6290617848970252,0.5,0.8804347826086958,1.0,1.0,1.0,1.0,1.1102230246251565e-14,2.0453419519214977,False
290488,Suzhou Suogesi Network Technology Co Ltd CA 92335,APS,1,97.0,95.0,0.0,78.0,0.0,0.8762886597938143,0.8865979381443301,0.8449676823638045,0.692030683997443,,0.8974358974358972,,,,1.0,-1.030927835051576,3.1320977430009833,False
290451,SZ TOPHAND CA,Hardware,1,97.0,97.0,0.0,97.0,0.0,0.9587628865979382,0.8865979381443299,0.7319587628865979,0.5567010309278351,,0.9587628865979382,,,,1.0,7.216494845360833,22.68041237113403,False
216542,ningbolubikejiyouxiangongsi NJ 08810,Pet,1,97.0,96.0,4.0,87.0,0.041237113402061855,0.6701030927835049,0.8556701030927837,0.845545977011494,0.5571120689655172,1.0,0.6436781609195399,1.0,1.0,1.0,1.0,-18.55670103092788,-17.544288422798914,True
59907,Lorenzo Furniture,Upholstery,1,97.0,97.0,0.0,95.0,0.0,0.8762886597938143,0.8762886597938144,0.9278350515463919,0.8659793814432986,,0.8736842105263156,,,,1.0,-1.1102230246251565e-14,-5.154639175257758,False
63633,DYS CA 91710,APS Home Improvement,1,97.0,95.0,0.0,55.0,0.0,0.9484536082474226,0.9381443298969072,0.8669856459330144,0.8155023923444976,,0.9636363636363635,,,,1.0,1.0309278350515427,8.146796231440822,False
439800,shenzhenshiousimanjiajukejiyouxiangongsi CA 90640(2),Wayfair,1,97.0,95.0,20.0,74.0,0.20618556701030927,0.8453608247422681,0.824742268041237,0.8867709815078234,0.7524893314366999,0.7999999999999999,0.864864864864865,0.8499999999999999,0.9,0.7500000000000001,1.0,2.0618556701031188,-4.141015676555526,False
218137,Electrolux SP GA,Appliances,1,97.0,91.0,1.0,96.0,0.010309278350515464,0.4432989690721649,0.8247422680412371,0.782967032967033,0.5563186813186813,0.0,0.4479166666666666,1.0,0.0,0.0,1.0,-38.14432989690722,-33.966806389486806,True
293546,PushpLinen LLC CA 91789,WGS India,1,97.0,82.0,26.0,67.0,0.26804123711340205,0.13402061855670105,0.2577319587628866,0.2724370642099073,0.24898490661140826,0.26923076923076933,0.04477611940298508,0.653846153846154,0.6153846153846154,0.5384615384615384,1.0,-12.371134020618557,-13.841644565320626,True
355241,DJCA7,APS Housewares & More,1,97.0,96.0,0.0,40.0,0.0,0.8144329896907216,0.824742268041237,0.8755482456140351,0.5652412280701754,,0.575,,,,1.0,-1.0309278350515316,-6.111525592331346,False
405768,"Haomaijia Technology (Shenzhen) Co., LTD NJ 07036",APS Upholstery,1,96.0,92.0,0.0,91.0,0.0,0.78125,0.78125,0.8960821786908744,0.6051122790253224,,0.7692307692307693,,,,1.0,0.0,-11.483217869087436,False
465346,Shenzhen Gushan Snow Exploration AFC,APS Upholstery,1,96.0,88.0,6.0,31.0,0.0625,0.25,0.8229166666666666,0.7323763266303588,0.43084066471163246,0.0,0.1935483870967742,0.3333333333333333,0.6666666666666666,0.16666666666666669,2.0,-57.291666666666664,-48.23763266303588,True
50395,Nipperland LLC TX,Youth Furniture & Decor,1,96.0,94.0,12.0,83.0,0.125,0.5625000000000003,0.7604166666666664,0.9377082799282236,0.9169443732376314,0.16666666666666666,0.6144578313253015,0.4166666666666667,1.0,1.0,8.0,-19.791666666666607,-37.520827992822326,True
191905,Finer Things Decor & More,Casegoods,1,96.0,89.0,3.0,93.0,0.03125,0.6458333333333334,0.4895833333333333,0.8233659538480126,0.7818050018122507,1.0,0.6344086021505376,0.6666666666666666,1.0,1.0,2.0,15.625000000000005,-17.75326205146792,False
415106,Y-CA-3,APS Home Improvement,1,96.0,95.0,22.0,65.0,0.22916666666666666,0.6041666666666666,0.8645833333333334,0.688259109311741,0.37489878542510113,0.3181818181818182,0.7076923076923077,0.7272727272727271,0.8636363636363634,0.3636363636363636,1.0,-26.041666666666675,-8.409244264507432,True
189696,Simple Shapes NJ,Decor,1,96.0,93.0,0.0,96.0,0.0,0.9166666666666665,0.9374999999999997,0.9166666666666665,0.7812500000000001,,0.9166666666666665,,,,1.0,-2.083333333333315,0.0,False
301627,Hangzhou Chuandiai Cultural Media CA 91752(2),Rugs,1,96.0,89.0,0.0,95.0,0.0,0.125,0.4583333333333332,0.47876995860437616,0.16652868125369605,,0.11578947368421053,,,,1.0,-33.33333333333332,-35.37699586043762,True
155332,"MIR Group, Inc. CA",Flooring,1,96.0,92.0,10.0,78.0,0.10416666666666667,0.5312500000000001,0.8020833333333335,0.6775362318840579,0.44843924191750284,0.6,0.5128205128205129,0.9,0.7,0.6,1.0,-27.083333333333336,-14.628623188405776,True
331928,Jiangmen Allred Lighting Technology Co NJ 08512,Lighting,1,96.0,95.0,0.0,94.0,0.0,0.8020833333333334,0.8020833333333331,0.8852183650615899,0.6873460246360583,,0.8085106382978723,,,,1.0,2.220446049250313e-14,-8.313503172825653,False
64863,Outopee Inc NJ 07836,Casegoods,1,96.0,95.0,0.0,96.0,0.0,0.7395833333333335,0.6875000000000003,0.8541666666666665,0.6041666666666667,,0.7395833333333335,,,,1.0,5.208333333333314,-11.458333333333304,False
433292,Julia Outlet Inc. CA 91761(3),APS AEOF,1,96.0,96.0,17.0,68.0,0.17708333333333334,1.0,0.9270833333333334,0.84375,0.8020833333333334,1.0,1.0,0.8823529411764705,1.0,0.9411764705882353,1.0,7.2916666666666625,15.625,False
407351,shenzhenshi shuilongyin kejiyouxiangongsi SAV,APS K&D,1,96.0,95.0,3.0,71.0,0.03125,0.625,0.8125,0.842846553002224,0.4987398072646405,0.0,0.8169014084507042,1.0,1.0,1.0,1.0,-18.75,-21.7846553002224,True
355213,WECA4,APS Housewares & More,1,96.0,94.0,0.0,41.0,0.0,0.5625,0.7083333333333334,0.906194272774449,0.4787469924989385,,0.7317073170731708,,,,1.0,-14.583333333333337,-34.3694272774449,True
307721,Global Vision Direct Limited ON L6T 5W5,Casegoods,1,96.0,96.0,0.0,96.0,0.0,0.6770833333333334,0.8958333333333331,0.8958333333333331,0.7187500000000001,,0.6770833333333334,,,,3.0,-21.87499999999998,-21.87499999999998,True
240909,ZT TRADING INC. CA 91752,APS Outdoor,1,96.0,91.0,0.0,96.0,0.0,0.3854166666666667,0.7812500000000001,0.9166666666666665,0.45833333333333326,,0.3854166666666667,,,,1.0,-39.58333333333334,-53.12499999999998,True
494128,"Guangzhou Chilutongtu Industry and Trade Co., Ltd. PA 18018-2803",APS Home Improvement,1,96.0,94.0,0.0,96.0,0.0,1.0,0.9062499999999999,0.8958333333333335,0.7291666666666671,,1.0,,,,1.0,9.37500000000001,10.416666666666652,False
494878,Labrazel CT 06492,PG Decor,1,96.0,94.0,0.0,96.0,0.0,0.9895833333333334,0.9791666666666669,0.96875,0.9583333333333335,,0.9895833333333334,,,,1.0,1.0416666666666519,2.083333333333337,False
20672,Timbergirl TX 75229,Casegoods,1,96.0,90.0,7.0,88.0,0.07291666666666667,0.6458333333333331,0.7916666666666664,0.8446969696969698,0.5651515151515153,1.0,0.6136363636363634,1.0,1.0,1.0,1.0,-14.583333333333325,-19.88636363636367,True
447365,ERI-HD-GA,APS Home Improvement,1,96.0,95.0,16.0,74.0,0.16666666666666666,0.8541666666666669,0.8958333333333334,0.8021337126600285,0.5209103840682787,0.75,0.8783783783783786,0.9374999999999999,0.9374999999999999,0.625,1.0,-4.166666666666652,5.203295400663832,False
190674,Phoebecat Inc NJ 08512 (2),APS,1,95.0,88.0,1.0,84.0,0.010526315789473684,0.6210526315789472,0.8421052631578946,0.409090909090909,0.13731060606060608,1.0,0.607142857142857,1.0,0.0,0.0,1.0,-22.10526315789474,21.19617224880382,True
497246,"Ningbo Xiangni Technology Co., Ltd. GA 31308",APS AEOF,1,95.0,94.0,3.0,89.0,0.031578947368421054,0.9789473684210528,0.8842105263157893,0.947406167822137,0.8001434377241213,1.0,0.9775280898876406,0.6666666666666666,1.0,1.0,1.0,9.473684210526345,3.154120059891574,False
249574,Great Big Canvas_WPN GA 30046,Decor,1,95.0,93.0,9.0,42.0,0.09473684210526316,0.631578947368421,0.7789473684210526,0.695852534562212,0.5698924731182794,0.1111111111111111,0.6666666666666665,0.22222222222222227,0.1111111111111111,0.0,2.0,-14.73684210526316,-6.427358719379095,True
276159,Elkay NC 28360(2),Plumbing,1,95.0,91.0,6.0,88.0,0.06315789473684211,0.5052631578947367,0.8315789473684211,0.6328671328671329,0.4010989010989011,0.6666666666666666,0.48863636363636354,1.0,1.0,0.6666666666666666,1.0,-32.63157894736843,-12.760397497239618,True
275878,Guang Dong Kosmo Smart Home Devices CA 91733,APS Youth,1,95.0,95.0,7.0,80.0,0.07368421052631578,0.7894736842105263,0.7684210526315789,0.9157894736842105,0.7789473684210526,0.7142857142857143,0.7875000000000001,0.7142857142857143,1.0,0.7142857142857143,2.0,2.1052631578947434,-12.631578947368416,False
276668,William-BN001,Wayfair,1,95.0,94.0,0.0,95.0,0.0,0.9894736842105265,0.9157894736842104,0.9368421052631579,0.8526315789473684,,0.9894736842105265,,,,1.0,7.3684210526316125,5.2631578947368585,False
108991,Ningbo NSC FOREIGN TRADE & SERVICE CO CA 91730,APS,1,95.0,92.0,11.0,76.0,0.11578947368421053,0.5578947368421052,0.8105263157894734,0.7170099160945843,0.5063882532418003,0.2727272727272727,0.5921052631578947,0.8181818181818182,0.9090909090909091,0.45454545454545453,1.0,-25.26315789473682,-15.911517925247908,True
93802,Duhome Inc MI 48180 (1),APS,1,95.0,93.0,1.0,81.0,0.010526315789473684,0.5368421052631578,0.3263157894736842,0.410327890614629,0.2839506172839506,1.0,0.5555555555555555,1.0,1.0,1.0,1.0,21.052631578947356,12.65142146485288,False
355501,"Soho Surfaces, LLC TX 76117",Flooring,1,95.0,95.0,13.0,79.0,0.1368421052631579,0.46315789473684216,0.46315789473684216,0.505263157894737,0.33684210526315805,0.6923076923076923,0.4050632911392406,0.7692307692307693,0.6153846153846153,0.5384615384615384,1.0,0.0,-4.210526315789481,False
288952,Basketly LLC NC 28601,Wayfair,1,95.0,93.0,10.0,85.0,0.10526315789473684,0.9052631578947367,0.7473684210526316,0.8950031625553447,0.7687539531941809,1.0,0.8941176470588234,1.0,1.0,0.9,1.0,15.78947368421051,1.0259995339391925,False
414078,Hangzhou Daya Information Technology GA 31326(2),APS K&D,1,95.0,92.0,0.0,75.0,0.0,0.7263157894736842,0.7789473684210525,0.7695652173913041,0.523913043478261,,0.8,,,,1.0,-5.263157894736825,-4.324942791761988,False
304898,SKC-YQN-NJ-EAS,APS,1,94.0,94.0,0.0,94.0,0.0,0.5106382978723404,0.6595744680851061,0.6382978723404255,0.4042553191489361,,0.5106382978723404,,,,1.0,-14.893617021276572,-12.765957446808507,True
116938,Fixture Displays LLC IL 60515,Wayfair Professional,1,94.0,91.0,0.0,94.0,0.0,0.9361702127659572,0.8936170212765957,0.8510638297872342,0.8404255319148937,,0.9361702127659572,,,,1.0,4.255319148936154,8.510638297872308,False
186445,"NPV Group, LLC OH 44312",Decor,1,94.0,91.0,14.0,80.0,0.14893617021276595,0.8404255319148937,0.7872340425531916,0.851510989010989,0.6603021978021979,0.8571428571428571,0.8375,0.7857142857142857,0.9285714285714285,0.7857142857142857,1.0,5.319148936170204,-1.108545709609532,False
123255,Spohn Global Enterprises LLC GA 31415,Tabletop,1,94.0,93.0,0.0,93.0,0.0,0.9680851063829786,0.9468085106382977,0.9680887963926466,0.8723551855705859,,0.9677419354838708,,,,1.0,2.127659574468088,-0.0003690009667933758,False
407783,Bell Union LLC. CA 91762,Decor,1,94.0,76.0,0.0,94.0,0.0,0.7127659574468083,0.7021276595744682,0.776595744680851,0.7553191489361702,,0.7127659574468083,,,,2.0,1.0638297872340052,-6.382978723404276,False
196805,德威美国萨瓦纳仓,APS K&D,1,94.0,94.0,3.0,83.0,0.031914893617021274,0.7446808510638298,0.7553191489361702,0.7553191489361699,0.46808510638297857,1.0,0.7710843373493976,1.0,1.0,1.0,1.0,-1.0638297872340496,-1.0638297872340163,False
219078,Electrolux SP NV 89506 (Distribution Center),Appliances,1,94.0,92.0,13.0,62.0,0.13829787234042554,0.6808510638297872,0.8085106382978723,0.9158485273492285,0.8842917251051894,0.8461538461538461,0.6129032258064516,1.0,1.0,1.0,4.0,-12.765957446808507,-23.49974635194413,True
81287,Stone International TX77489,APS,1,94.0,91.0,7.0,85.0,0.07446808510638298,0.8723404255319149,0.8829787234042554,0.9151906916612798,0.7557853910795085,0.8571428571428571,0.8705882352941177,0.8571428571428571,1.0,0.8571428571428571,1.0,-1.0638297872340496,-4.285026612936482,False
24002,Transpac ImportsCA,Decor,1,94.0,76.0,0.0,94.0,0.0,0.15957446808510642,0.3829787234042553,0.5319148936170212,0.42553191489361697,,0.15957446808510642,,,,3.0,-22.34042553191489,-37.23404255319147,True
219649,Backyard X-Scapes CA 92121,Outdoor Structures,1,94.0,93.0,0.0,94.0,0.0,0.9893617021276596,0.9148936170212767,0.7553191489361704,0.6382978723404253,,0.9893617021276596,,,,1.0,7.4468085106382915,23.404255319148927,False
301849,Shenzhenshisiruokejiyouxiangongsi GA 30043,Wayfair,1,94.0,92.0,9.0,82.0,0.09574468085106383,0.6702127659574466,0.7872340425531913,0.9255037115588548,0.6057794273594912,0.3333333333333333,0.695121951219512,0.7777777777777778,1.0,0.3333333333333333,1.0,-11.702127659574469,-25.52909456014082,True
295436,Mossy Laundromat Inc CA 91761,APS,1,94.0,94.0,0.0,94.0,0.0,0.5744680851063829,0.702127659574468,0.6489361702127658,0.46808510638297873,,0.5744680851063829,,,,1.0,-12.765957446808507,-7.4468085106382915,True
340460,杭州易贝趣网络科技有限公司 CA 91710,Wayfair,1,94.0,93.0,0.0,94.0,0.0,0.6595744680851061,0.8936170212765956,0.9148936170212767,0.6702127659574464,,0.6595744680851061,,,,1.0,-23.404255319148948,-25.531914893617056,True
210359,Frame My Mirror GA,Decor,1,94.0,90.0,6.0,88.0,0.06382978723404255,0.553191489361702,0.9148936170212765,0.8404040404040403,0.48989898989898983,0.5,0.5568181818181818,0.8333333333333334,0.8333333333333334,0.6666666666666666,1.0,-36.170212765957444,-28.721255104233823,True
57570,Novica TX 78216,Decor,1,94.0,91.0,14.0,72.0,0.14893617021276595,0.9042553191489362,0.8936170212765957,0.9155982905982905,0.853021978021978,0.9285714285714286,0.9166666666666666,0.8571428571428571,1.0,0.8571428571428571,1.0,1.0638297872340496,-1.1342971449354255,False
268287,FreshSa LLC CA 91761,Plumbing,1,93.0,92.0,17.0,71.0,0.1827956989247312,0.8387096774193549,0.9247311827956988,0.9035517452541335,0.8710961420698102,0.7058823529411764,0.8732394366197183,0.8235294117647057,1.0,0.8823529411764705,2.0,-8.60215053763439,-6.484206783477864,False
287496,美南SAV自营仓,APS,1,93.0,93.0,0.0,76.0,0.0,0.7096774193548389,0.6559139784946236,0.7634408602150538,0.6344086021505377,,0.7236842105263159,,,,1.0,5.376344086021523,-5.37634408602149,False
233424,Dream On Me NJ 08873,Youth Furniture & Decor,1,93.0,93.0,0.0,93.0,0.0,0.9354838709677419,0.9139784946236559,0.8924731182795698,0.78494623655914,,0.9354838709677419,,,,1.0,2.1505376344086002,4.301075268817211,False
406403,Kulamoon INC. CA 92374,Recreation,1,93.0,93.0,1.0,91.0,0.010752688172043012,0.6344086021505375,0.8924731182795698,0.870967741935484,0.8064516129032258,0.0,0.6483516483516483,1.0,1.0,1.0,1.0,-25.806451612903224,-23.655913978494645,True
271617,WPLA11-92410,Wayfair,1,93.0,93.0,20.0,52.0,0.21505376344086022,0.9247311827956989,0.817204301075269,0.9354838709677417,0.9139784946236558,1.0,0.8846153846153846,0.9,1.0,1.0,5.0,10.75268817204299,-1.075268817204278,False
348173,Gaomon Innovation Inc GA 31405,Casegoods,1,93.0,93.0,0.0,92.0,0.0,0.7741935483870964,0.8064516129032256,0.9032258064516128,0.5806451612903227,,0.7717391304347823,,,,1.0,-3.2258064516129226,-12.903225806451635,False
289824,"Hancock & Moore, LLC dba Maitland-Smith NC 28601",PG Upholstery - Core,1,93.0,80.0,9.0,83.0,0.0967741935483871,0.27956989247311825,0.5376344086021505,0.6415662650602407,0.5466867469879518,0.5555555555555556,0.24096385542168675,1.0,1.0,1.0,3.0,-25.806451612903224,-36.199637258712244,True
476949,Magnussen Furniture SC 29118,Casegoods,1,93.0,93.0,1.0,92.0,0.010752688172043012,0.7634408602150538,0.9892473118279571,0.9569892473118278,0.870967741935484,1.0,0.7608695652173914,1.0,1.0,1.0,2.0,-22.580645161290334,-19.354838709677402,True
1200,Eastern Marketing Corp.,Appliances,1,93.0,88.0,4.0,89.0,0.043010752688172046,0.3763440860215054,0.7741935483870964,0.8069458631256384,0.6031664964249234,0.75,0.3595505617977528,1.0,1.0,1.0,2.0,-39.78494623655911,-43.060177710413306,True
252065,langfangouluolashangmaoyouxiangongsi GA 30122,APS,1,92.0,88.0,16.0,44.0,0.17391304347826086,0.782608695652174,0.7282608695652172,0.740702479338843,0.6766528925619835,1.0,0.7499999999999999,0.8749999999999998,0.9374999999999999,0.8749999999999998,1.0,5.434782608695676,4.190621631333091,False
457268,xiamentongjiekuaiwujinjixieyouxiangongsi CA 91752,APS Mattresses,1,92.0,91.0,8.0,80.0,0.08695652173913043,0.9239130434782612,0.9239130434782609,0.9131868131868133,0.8697802197802197,1.0,0.9125000000000003,1.0,1.0,1.0,1.0,3.3306690738754696e-14,1.0726230291447925,False
462141,HangzhouQiuyueKejiyouxiangongsi IL 60446,APS Bedroom,1,92.0,92.0,9.0,81.0,0.09782608695652174,0.8586956521739132,0.8804347826086958,0.9565217391304348,0.9456521739130437,1.0,0.8518518518518521,1.0,1.0,1.0,2.0,-2.1739130434782594,-9.782608695652161,False
353481,ADCO OK 73075,Outdoor Furniture,1,92.0,88.0,2.0,90.0,0.021739130434782608,0.0,0.2717391304347826,0.8154040404040405,0.5,0.0,0.0,0.0,1.0,0.5,3.0,-27.173913043478258,-81.54040404040404,True
408756,MASE-5353,APS Upholstery,1,92.0,85.0,0.0,92.0,0.0,0.9891304347826089,0.8369565217391305,0.9239130434782609,0.9239130434782609,,0.9891304347826089,,,,2.0,15.217391304347839,6.521739130434801,False
44998,Vase Source NJ,Decor,1,92.0,90.0,0.0,92.0,0.0,0.8260869565217391,0.8586956521739127,0.869565217391304,0.7499999999999999,,0.8260869565217391,,,,1.0,-3.2608695652173614,-4.347826086956486,False
374569,LUOYANG STEELCUBE CAT 95304,APS Wayfair Professional,1,92.0,92.0,0.0,92.0,0.0,0.9891304347826086,0.9130434782608695,0.7934782608695652,0.7065217391304346,,0.9891304347826086,,,,1.0,7.608695652173914,19.565217391304344,False
479684,Xingchen-CA03,APS Rugs,1,92.0,92.0,22.0,57.0,0.2391304347826087,0.8804347826086957,0.9456521739130435,0.9456521739130435,0.8586956521739131,0.9545454545454546,0.8771929824561402,0.9090909090909087,0.9090909090909087,0.7727272727272724,1.0,-6.521739130434778,-6.521739130434778,False
44691,Snavely International MD 21158,Hardware,1,91.0,88.0,0.0,91.0,0.0,0.5384615384615383,0.9010989010989009,0.5604395604395606,0.30769230769230765,,0.5384615384615383,,,,1.0,-36.263736263736256,-2.1978021978022233,True
310050,Suzhou Yuanrun Trading Co. NJ 08512,APS K&D,1,91.0,90.0,11.0,68.0,0.12087912087912088,0.9560439560439561,0.9340659340659341,0.8464052287581697,0.7143790849673202,0.9090909090909091,0.9558823529411765,0.8181818181818182,0.8181818181818182,0.5454545454545454,1.0,2.197802197802201,10.96387272857864,False
374135,ELATEP LIMITED CA 92337 (2),APS AEOF,1,91.0,89.0,17.0,70.0,0.18681318681318682,0.9120879120879121,0.8351648351648352,0.9672552166934189,0.9672552166934189,1.0,0.8857142857142856,0.8823529411764705,1.0,1.0,7.0,7.692307692307687,-5.516730460550678,False
136348,ZHEJIANG SHENGZHOUYUN ELECTRONIC BUSINESS CA 91763,APS,1,91.0,90.0,10.0,77.0,0.10989010989010989,0.835164835164835,0.89010989010989,0.8353535353535354,0.6262626262626262,0.7,0.87012987012987,0.7999999999999999,0.9,0.6,1.0,-5.494505494505497,-0.018870018870043026,False
20004,Gallery Designs,Lighting,1,91.0,90.0,12.0,71.0,0.13186813186813187,0.9560439560439562,0.989010989010989,0.9233176838810642,0.8242566510172142,1.0,0.9436619718309861,1.0,1.0,0.8333333333333334,1.0,-3.296703296703285,3.2726272162892034,False
58244,P and P Imports LLC CA92614,Recreation,1,91.0,90.0,0.0,91.0,0.0,0.9340659340659342,0.8681318681318679,0.9560439560439558,0.7472527472527472,,0.9340659340659342,,,,1.0,6.593406593406625,-2.1978021978021567,False
58281,Walplus TX 77040,Decor,1,91.0,83.0,3.0,86.0,0.03296703296703297,0.8901098901098903,0.8241758241758241,0.8786775007004766,0.8568226393947889,1.0,0.8837209302325583,1.0,1.0,1.0,2.0,6.593406593406614,1.1432389409413712,False
401765,"Xuchang Suoteng Network Technology Co.,Ltd NJ 08527",APS Bedroom,1,91.0,91.0,0.0,91.0,0.0,1.0,0.9120879120879121,0.9560439560439561,0.9230769230769232,,1.0,,,,1.0,8.791208791208794,4.395604395604391,False
198882,AR Shelving NC 28273,Storage & Org - Frequency,1,91.0,86.0,2.0,88.0,0.02197802197802198,0.7142857142857143,0.769230769230769,0.8019291754756871,0.6586945031712472,0.5,0.7272727272727273,0.5,0.5,0.5,1.0,-5.494505494505475,-8.76434611899728,False
437001,Art3d CA 91730 (2),APS Home Improvement,1,91.0,89.0,0.0,91.0,0.0,0.4945054945054942,0.8131868131868127,0.846153846153846,0.42857142857142855,,0.4945054945054942,,,,1.0,-31.868131868131854,-35.16483516483518,True
109001,Ningbo NSC FOREIGN TRADE & SERVICE CO GA 30349,APS,1,91.0,89.0,14.0,44.0,0.15384615384615385,0.7032967032967034,0.857142857142857,0.7180796731358529,0.48723186925434114,0.6428571428571429,0.6136363636363635,0.857142857142857,0.7857142857142858,0.5714285714285714,1.0,-15.384615384615364,-1.4782969839149507,True
407320,Shenzhen Gushan Snow Exploration CA-EASTVALE,APS Upholstery,1,91.0,89.0,0.0,54.0,0.0,0.6373626373626373,0.7472527472527473,0.9121930919683726,0.5289221806075739,,0.5370370370370369,,,,1.0,-10.989010989010994,-27.48304546057353,True
35139,Pillow Decor,Soft Home,1,91.0,89.0,41.0,50.0,0.45054945054945056,0.5494505494505494,0.989010989010989,0.9784269662921348,0.9784269662921348,0.36585365853658536,0.6999999999999998,0.975609756097561,1.0,1.0,4.0,-43.95604395604396,-42.897641684158536,True
99834,USWE (new),APS,1,91.0,91.0,0.0,91.0,0.0,0.8901098901098896,0.9450549450549453,0.9340659340659339,0.8351648351648355,,0.8901098901098896,,,,1.0,-5.494505494505564,-4.395604395604424,False
222841,FAXIAN GA006,Outdoor Structures,1,91.0,91.0,12.0,65.0,0.13186813186813187,0.17582417582417584,0.7692307692307693,0.7692307692307693,0.48351648351648346,0.0,0.24615384615384617,0.75,0.9166666666666666,0.6666666666666666,2.0,-59.34065934065934,-59.34065934065934,True
78396,SCH-CA3 92337,APS,1,91.0,83.0,7.0,65.0,0.07692307692307693,0.5604395604395604,0.7582417582417582,0.7088044485634848,0.553475440222428,0.7142857142857143,0.49230769230769234,0.8571428571428571,0.8571428571428571,0.7142857142857143,1.0,-19.780219780219777,-14.836488812392435,True
219578,宁波高玮进出口有限公司 GA 31322,APS AEOF,1,91.0,91.0,6.0,79.0,0.06593406593406594,0.6813186813186812,0.8021978021978025,0.9010989010989009,0.5934065934065935,0.6666666666666666,0.6962025316455696,1.0,1.0,0.5,1.0,-12.087912087912123,-21.978021978021967,True
157452,CLEESINK LLC CA 92335,APS,1,91.0,91.0,37.0,39.0,0.4065934065934066,0.4835164835164835,0.835164835164835,0.7582417582417582,0.43956043956043955,0.4054054054054055,0.5641025641025641,0.7837837837837835,0.7027027027027029,0.3783783783783783,1.0,-35.16483516483515,-27.47252747252747,True
254103,Bella Depot Inc. CA 91706,APS Home Improvement,1,91.0,91.0,14.0,66.0,0.15384615384615385,0.835164835164835,0.8571428571428571,0.9010989010989009,0.8791208791208793,0.9285714285714285,0.8787878787878787,0.9285714285714285,1.0,1.0,9.0,-2.197802197802212,-6.593406593406592,False
250984,GuCang-West8,APS Mattresses,1,91.0,91.0,20.0,63.0,0.21978021978021978,0.9560439560439561,0.8241758241758244,0.9010989010989011,0.8351648351648352,0.7999999999999999,1.0,0.7999999999999999,0.7999999999999999,0.7999999999999999,1.0,13.186813186813174,5.494505494505497,False
22210,Buck Snort Lodge,Hardware,1,91.0,84.0,26.0,60.0,0.2857142857142857,0.912087912087912,0.8571428571428571,0.9158730158730157,0.9158730158730157,1.0,0.8666666666666665,1.0,1.0,1.0,6.0,5.494505494505486,-0.37851037851037717,False
457057, TOP-CA,APS AEOF,1,90.0,89.0,2.0,84.0,0.022222222222222223,0.877777777777778,0.9222222222222223,0.8778758694489035,0.7668539325842697,1.0,0.8809523809523812,1.0,1.0,1.0,1.0,-4.444444444444429,-0.009809167112551087,False
42518,Comfort Bedding of USA NY,Mattress,1,90.0,88.0,0.0,90.0,0.0,0.9666666666666668,0.9111111111111111,0.7888888888888892,0.6666666666666666,,0.9666666666666668,,,,1.0,5.55555555555557,17.777777777777757,False
269079,"Shenzhen Chunxin E-Commerce Co., Ltd. TX 77429",Wayfair,1,90.0,90.0,0.0,86.0,0.0,0.8444444444444444,0.8444444444444443,0.8888888888888888,0.6999999999999997,,0.872093023255814,,,,1.0,1.1102230246251565e-14,-4.444444444444439,False
229139,RWWF WAREHOUSE,APS Home Improvement,1,90.0,90.0,2.0,86.0,0.022222222222222223,0.4444444444444444,0.7333333333333331,0.8666666666666668,0.4444444444444444,0.5,0.4418604651162791,1.0,1.0,1.0,2.0,-28.888888888888864,-42.222222222222236,True
299161,LUOYANG STEELCUBE TX 77494,APS Wayfair Professional,1,90.0,90.0,0.0,87.0,0.0,0.988888888888889,0.9333333333333331,0.9444444444444441,0.7444444444444446,,0.9885057471264369,,,,1.0,5.555555555555591,4.444444444444495,False
399501,Yiwu Youxi Electronic Commerce Co. Ltd TX 77489,APS Outdoor,1,90.0,89.0,12.0,65.0,0.13333333333333333,0.9777777777777777,0.8777777777777778,0.9111495246326706,0.888677614520311,0.9166666666666666,0.9846153846153847,1.0,0.9166666666666666,0.8333333333333334,1.0,9.999999999999998,6.662825314510712,False
364965,TX.,APS Bedroom,1,90.0,90.0,0.0,90.0,0.0,0.9555555555555556,0.9555555555555554,0.9444444444444444,0.5666666666666668,,0.9555555555555556,,,,1.0,2.220446049250313e-14,1.1111111111111183,False
313826,"Amorho Charming Mirror Company, LLC NJ 08554",APS Youth,1,90.0,80.0,8.0,79.0,0.08888888888888889,0.7,0.8222222222222219,0.8276107594936706,0.5984177215189874,1.0,0.670886075949367,1.0,1.0,0.875,1.0,-12.22222222222219,-12.761075949367061,True
279515,Akicon GA 30336,APS Home Improvement,1,90.0,90.0,13.0,50.0,0.14444444444444443,0.9888888888888889,0.9,0.9888888888888889,0.8999999999999998,1.0,0.98,0.7692307692307693,0.9230769230769231,0.846153846153846,1.0,8.888888888888891,0.0,False
86482,Ekena Millwork TX75426,Flooring,1,90.0,90.0,3.0,86.0,0.03333333333333333,0.8,0.9555555555555558,0.9444444444444443,0.9111111111111111,0.6666666666666666,0.8023255813953488,1.0,1.0,1.0,4.0,-15.555555555555578,-14.444444444444427,True
413819,"HANGZHOU QIANYU TECHNOLOGY CO., LTD. GA 30517",APS Decor,1,89.0,85.0,1.0,78.0,0.011235955056179775,0.29213483146067426,0.8764044943820223,0.7426847662141779,0.39607843137254906,0.0,0.28205128205128216,1.0,1.0,0.0,2.0,-58.42696629213479,-45.054993475350365,True
120114,Giluta INC NY 11725,APS Bedroom,1,89.0,85.0,0.0,89.0,0.0,0.595505617977528,0.7865168539325841,0.7078651685393258,0.3707865168539326,,0.595505617977528,,,,1.0,-19.10112359550561,-11.23595505617978,True
86162,PuleoInternational NJ 08873,Decor,1,89.0,88.0,1.0,87.0,0.011235955056179775,0.8314606741573035,0.9775280898876404,0.9101358411703239,0.8427377220480671,1.0,0.8275862068965519,1.0,1.0,1.0,2.0,-14.606741573033688,-7.867516701302035,True
364997,无忧达-GA-03-NBYY,Wayfair,1,89.0,87.0,24.0,43.0,0.2696629213483146,0.6292134831460675,0.8539325842696629,0.8094092488639401,0.4485431702753275,0.6666666666666666,0.7209302325581397,0.9166666666666665,0.8749999999999999,0.4583333333333335,1.0,-22.471910112359538,-18.019576571787255,True
266940,Hong Kong Linsy International Trading Co CA 92376,APS Bedroom,1,89.0,89.0,2.0,76.0,0.02247191011235955,0.8089887640449438,0.6853932584269665,0.7191011235955055,0.5842696629213483,1.0,0.7763157894736843,1.0,1.0,0.5,1.0,12.359550561797727,8.988764044943832,False
458330,QingDaoPianKeZhiQianKeJiYouXianGongSi CA 94560,APS Youth,1,89.0,88.0,0.0,82.0,0.0,0.842696629213483,0.9101123595505619,0.1916574279379157,0.15798226164079823,,0.8292682926829267,,,,1.0,-6.741573033707892,65.10392012755672,False
151425,Ningbo Zhiyou E-Commerce PA 18015,APS,1,89.0,89.0,0.0,89.0,0.0,0.5505617977528089,0.8539325842696626,0.8314606741573035,0.39325842696629215,,0.5505617977528089,,,,1.0,-30.337078651685367,-28.08988764044946,True
5264,Capitol Importing Company,Rugs,1,89.0,87.0,1.0,88.0,0.011235955056179775,0.4719101123595504,0.8876404494382021,0.8202716823406476,0.415621734587252,0.0,0.4772727272727271,1.0,1.0,0.0,1.0,-41.57303370786517,-34.83615699810972,True
394,Pangaea Home and Garden,Storage & Org - Frequency,1,89.0,84.0,15.0,74.0,0.16853932584269662,0.20224719101123603,0.6179775280898874,0.7541827541827543,0.7200772200772201,0.2,0.2027027027027028,0.7999999999999999,0.8666666666666666,0.7999999999999999,4.0,-41.573033707865136,-55.193556317151824,True
11916,Copper Creek,Hardware,1,89.0,85.0,8.0,79.0,0.0898876404494382,0.550561797752809,0.9662921348314607,0.787788533134773,0.4391660461653017,0.75,0.5189873417721519,1.0,1.0,0.75,1.0,-41.57303370786517,-23.722673538196403,True
249403,Comptree Inc GA 31408,APS,1,89.0,89.0,0.0,89.0,0.0,0.8876404494382022,0.9662921348314608,0.8426966292134831,0.43820224719101125,,0.8876404494382022,,,,1.0,-7.865168539325862,4.49438202247191,False
407627,【GACLOUD】,APS Pet,1,89.0,84.0,5.0,82.0,0.056179775280898875,0.3707865168539326,0.955056179775281,0.8434959349593493,0.6646341463414631,0.6,0.35365853658536583,1.0,1.0,1.0,2.0,-58.42696629213484,-47.270941810541665,True
265561,Natus Sports & Recreation Inc SC 29486,Recreation,1,89.0,88.0,0.0,86.0,0.0,0.5730337078651687,0.5393258426966292,0.9322145877378438,0.9322145877378438,,0.5930232558139537,,,,1.0,3.370786516853952,-35.91808798726751,False
370962,Lifestyle Furniture Inc NJ 08831,Upholstery,1,89.0,75.0,0.0,86.0,0.0,0.966292134831461,0.6629213483146068,0.4530232558139536,0.28558139534883736,,0.9651162790697678,,,,2.0,30.337078651685424,51.32688790175075,False
45987,Top Sun Processing USA LLC,Tabletop,1,89.0,86.0,17.0,70.0,0.19101123595505617,0.48314606741573035,0.5955056179775279,0.5711158882157513,0.5146374829001367,0.9411764705882352,0.35714285714285715,0.9411764705882352,0.9411764705882352,0.9411764705882352,2.0,-11.235955056179753,-8.796982080002097,True
484135,AIVITUVIN INC IL 60502,APS Pet,1,88.0,88.0,0.0,85.0,0.0,1.0,0.9204545454545453,0.9090909090909093,0.8522727272727273,,1.0,,,,1.0,7.954545454545469,9.090909090909072,False
361523,shen zhen shi ruiyixin dian zi shang wu you xian gong si GA 31322,Wayfair,1,88.0,88.0,21.0,49.0,0.23863636363636365,0.9545454545454546,0.7727272727272727,0.8181818181818182,0.7840909090909091,1.0,0.9183673469387754,0.6666666666666667,1.0,1.0,1.0,18.181818181818187,13.636363636363635,False
37261,Hardware Resources CA 91761,Hardware,1,88.0,88.0,0.0,81.0,0.0,0.9659090909090909,0.9204545454545456,0.9545454545454546,0.8636363636363636,,0.9753086419753086,,,,1.0,4.545454545454531,1.1363636363636354,False
364246,YIGOBUY INC GA 30336,APS Upholstery,1,88.0,88.0,5.0,48.0,0.056818181818181816,0.4659090909090908,0.8522727272727273,0.9545454545454546,0.7954545454545454,0.6,0.645833333333333,1.0,1.0,0.8,1.0,-38.636363636363654,-48.86363636363638,True
310040,NJ-KYT2100,APS,1,88.0,88.0,0.0,88.0,0.0,0.4772727272727273,0.681818181818182,0.6931818181818185,0.34090909090909083,,0.4772727272727273,,,,1.0,-20.45454545454547,-21.590909090909115,True
488196,TANYA DECOR INC CA 91708,APS Home Improvement,1,88.0,87.0,0.0,88.0,0.0,0.5454545454545456,0.863636363636364,0.9090909090909092,0.4772727272727273,,0.5454545454545456,,,,1.0,-31.818181818181834,-36.36363636363635,True
478526,"VISION VORTEX CO.,LTD NJ 07008",APS Outdoor,1,88.0,87.0,0.0,83.0,0.0,0.7500000000000001,0.784090909090909,0.6706827309236947,0.5682038498822878,,0.7469879518072291,,,,1.0,-3.409090909090884,7.9317269076305426,False
49649,Elkay IL 61032,Plumbing,1,88.0,82.0,0.0,88.0,0.0,0.6136363636363636,0.75,0.6363636363636365,0.5454545454545454,,0.6136363636363636,,,,1.0,-13.636363636363635,-2.272727272727282,True
464731,IS Fulfillment ,PG Textiles,1,88.0,87.0,0.0,88.0,0.0,0.8977272727272724,0.8068181818181817,0.9431818181818181,0.9318181818181815,,0.8977272727272724,,,,2.0,9.090909090909072,-4.545454545454575,False
207641,Journey ClassArt LLC TX 77048,APS Other,1,88.0,87.0,1.0,68.0,0.011363636363636364,0.48863636363636365,0.5227272727272728,0.39790398918187964,0.18171061528059507,1.0,0.44117647058823534,1.0,1.0,1.0,1.0,-3.409090909090917,9.0732374454484,False
442167,"Hangzhou Gesong E-commerce Co., Ltd. GA 31322",APS Outdoor,1,88.0,88.0,0.0,82.0,0.0,0.852272727272727,0.9204545454545454,0.7954545454545456,0.4431818181818182,,0.8902439024390241,,,,1.0,-6.818181818181845,5.681818181818132,False
355654,Vanity Art_1 ON L5S 2A4,CA Home Improvement,1,88.0,88.0,0.0,88.0,0.0,0.75,0.9090909090909087,0.8977272727272726,0.7159090909090907,,0.75,,,,1.0,-15.909090909090873,-14.77272727272726,True
303535,GC-SAV-3,APS,1,88.0,84.0,8.0,65.0,0.09090909090909091,0.6704545454545454,0.8181818181818179,0.7528305028305028,0.47862137862137855,0.5,0.7692307692307693,0.875,1.0,0.5,1.0,-14.772727272727249,-8.237595737595738,True
293438,Etan Pet Supplies Inc. CA 92336,APS,1,88.0,85.0,17.0,62.0,0.19318181818181818,0.7727272727272726,0.8522727272727273,0.8538899430740038,0.7178368121442125,0.8823529411764703,0.725806451612903,1.0,1.0,0.8823529411764703,1.0,-7.954545454545469,-8.116267034673118,False
269059,XH COPE_LSJ7 CA 92337,APS,1,88.0,88.0,1.0,75.0,0.011363636363636364,0.6818181818181815,0.7727272727272724,0.7954545454545454,0.5681818181818182,0.0,0.7333333333333331,1.0,1.0,0.0,1.0,-9.090909090909083,-11.363636363636386,False
237247,Delmar Decor TX,Soft Home,1,88.0,57.0,0.0,88.0,0.0,0.47727272727272735,0.5454545454545455,0.5909090909090912,0.5454545454545456,,0.47727272727272735,,,,3.0,-6.8181818181818175,-11.363636363636381,False
461801,YIRMI ENTERPRISES LLC MI 49010,Wayfair,1,88.0,87.0,2.0,86.0,0.022727272727272728,0.9318181818181817,0.8636363636363636,0.9431970061480888,0.8863940122961773,1.0,0.9302325581395348,1.0,1.0,1.0,1.0,6.818181818181801,-1.1378824329907111,False
362944,nanjing yixian wangluojishufuwu you xian gong si NJ 08857,APS Outdoor,1,87.0,85.0,0.0,87.0,0.0,0.5747126436781608,0.7011494252873565,0.850574712643678,0.42528735632183917,,0.5747126436781608,,,,1.0,-12.643678160919569,-27.586206896551722,True
470342,Anysonic inc NJ 08016,Upholstery,1,87.0,86.0,2.0,84.0,0.022988505747126436,0.4942528735632183,0.8160919540229886,0.6782945736434107,0.36794019933554817,1.0,0.488095238095238,1.0,1.0,1.0,1.0,-32.183908045977034,-18.404170008019243,True
474213,"Foshan Jinying Yuanhao Window Decoration Co.,Ltd CA 92337",APS Soft Home,1,87.0,86.0,0.0,76.0,0.0,0.9770114942528736,0.9310344827586209,0.9309975520195838,0.8736230110159118,,0.9868421052631579,,,,1.0,4.597701149425271,4.601394223328981,False
322775,Newgarden USA LLC_1 TX 75247,Lighting,1,87.0,71.0,3.0,83.0,0.034482758620689655,0.5172413793103446,0.6436781609195404,0.6702867809265229,0.46020702528423546,1.0,0.506024096385542,1.0,1.0,0.3333333333333333,1.0,-12.643678160919581,-15.30454016161783,True
56578,General Sherman International Inc. CA 92337,APS,1,87.0,87.0,4.0,71.0,0.04597701149425287,0.6321839080459768,0.8735632183908046,0.7701149425287355,0.5172413793103449,0.25,0.6197183098591548,1.0,1.0,0.25,1.0,-24.137931034482783,-13.793103448275868,True
406279,DIYUAN BEIBO TECHNOLOGY INC GA 31308,APS K&D,1,87.0,84.0,7.0,80.0,0.08045977011494253,0.5977011494252872,0.8160919540229884,0.804315476190476,0.286904761904762,0.14285714285714288,0.6374999999999998,0.7142857142857143,0.7142857142857143,0.14285714285714288,1.0,-21.839080459770123,-20.66143267651889,True
292187,WorldWide Home Furnishings NY 14213 (4),Casegoods,1,87.0,87.0,1.0,86.0,0.011494252873563218,0.5747126436781609,0.6896551724137935,0.8965517241379312,0.8275862068965516,1.0,0.569767441860465,1.0,1.0,1.0,1.0,-11.49425287356326,-32.18390804597703,True
354421,Ningbo Jiangdong Peter International GA 31408,APS Outdoor,1,87.0,87.0,1.0,82.0,0.011494252873563218,0.8620689655172412,0.7356321839080457,0.8275862068965516,0.48275862068965525,0.0,0.8658536585365852,0.0,0.0,0.0,1.0,12.643678160919547,3.4482758620689613,False
268411,Zhong Bang Furniture SC 29927,APS,1,87.0,85.0,4.0,67.0,0.04597701149425287,0.7471264367816092,0.8620689655172411,0.8156277436347676,0.6433713784021071,0.75,0.7611940298507464,1.0,1.0,0.75,1.0,-11.494252873563193,-6.850130685315847,True
155963,Kichler PA 18067,Lighting,1,87.0,86.0,1.0,86.0,0.011494252873563218,0.8850574712643676,0.9195402298850575,0.862087614926988,0.7241752298539751,1.0,0.8837209302325579,1.0,1.0,1.0,1.0,-3.4482758620689835,2.296985633737958,False
250683,Sun Pan Modern Home TX 77523,Casegoods,1,87.0,87.0,2.0,85.0,0.022988505747126436,0.9770114942528736,0.9080459770114943,0.9885057471264368,0.9655172413793104,1.0,0.9764705882352941,0.5,0.5,0.5,1.0,6.896551724137934,-1.1494252873563204,False
200008,OPTIONS TRADING LLC TX 75050,APS,1,87.0,87.0,2.0,81.0,0.022988505747126436,0.7011494252873561,0.8850574712643678,0.8850574712643675,0.5057471264367813,0.5,0.7037037037037035,0.5,0.5,0.5,1.0,-18.39080459770117,-18.390804597701138,True
2094,Pets Stop,Pet,1,87.0,81.0,8.0,79.0,0.09195402298850575,0.42528735632183917,0.6206896551724138,0.7376152523831847,0.5532114392873888,0.5,0.4177215189873419,0.75,1.0,0.75,2.0,-19.540229885057464,-31.232789606134553,True
407998,"Henan Changhou Information Technology Co., Ltd. NY 11367",APS Bedroom,1,86.0,84.0,10.0,73.0,0.11627906976744186,0.7441860465116279,0.8604651162790701,0.8723091976516637,0.8259947814742338,0.8,0.726027397260274,0.9,0.9,0.9,2.0,-11.627906976744217,-12.812315114003582,True
280795,        WPLA15,Wayfair,1,86.0,84.0,0.0,62.0,0.0,0.7906976744186046,0.8953488372093021,0.9074500768049154,0.7104454685099846,,0.7580645161290323,,,,1.0,-10.465116279069752,-11.67524023863108,True
173670,AMER RUGS GA,Rugs,1,86.0,82.0,0.0,86.0,0.0,0.988372093023256,0.8604651162790701,0.930232558139535,0.8720930232558141,,0.988372093023256,,,,2.0,12.790697674418594,5.813953488372103,False
413889,CAN_Hudson and Canal ON L4H 5H5,Casegoods,1,86.0,58.0,0.0,86.0,0.0,0.45348837209302323,0.6511627906976742,0.6279069767441862,0.4302325581395349,,0.45348837209302323,,,,1.0,-19.7674418604651,-17.441860465116292,True
495216,Crow Canyon Home CA 94510,Tabletop,1,86.0,82.0,0.0,86.0,0.0,0.46511627906976744,0.8604651162790696,0.8023255813953489,0.47674418604651153,,0.46511627906976744,,,,1.0,-39.53488372093022,-33.720930232558146,True
184851,HARVEST GRANDE INTL LLC DBA ARC IMPORT CA 94544,APS Housewares & More,1,86.0,83.0,0.0,82.0,0.0,0.732558139534884,0.7093023255813954,0.813399941228328,0.5928592418454306,,0.7195121951219515,,,,1.0,2.3255813953488635,-8.084180169344402,False
251651,OPTIONS TRADING LLC GA 31407,APS,1,86.0,84.0,13.0,58.0,0.1511627906976744,0.9186046511627907,0.8255813953488369,0.8026477832512313,0.6756978653530378,0.7692307692307693,0.9655172413793103,0.6923076923076923,0.9230769230769231,0.6923076923076923,1.0,9.302325581395376,11.595686791155934,False
269233,PP-BCF_CA_US,APS,1,86.0,86.0,0.0,62.0,0.0,0.8604651162790696,0.8953488372093021,0.825581395348837,0.627906976744186,,0.8225806451612901,,,,1.0,-3.488372093023251,3.488372093023262,False
315769,Greenhome Trade Inc GA 30517,Casegoods,1,86.0,85.0,7.0,67.0,0.08139534883720931,0.7441860465116279,0.9186046511627906,0.872519754170325,0.6402107111501317,1.0,0.6865671641791045,1.0,1.0,0.7142857142857143,1.0,-17.441860465116264,-12.833370765869711,True
316088,Equal Fitness Inc GA 31326,Decor,1,86.0,86.0,6.0,70.0,0.06976744186046512,0.686046511627907,0.7558139534883719,0.6976744186046513,0.5348837209302326,0.6666666666666666,0.7,0.8333333333333334,0.8333333333333334,0.6666666666666666,1.0,-6.97674418604649,-1.1627906976744318,False
291169,Hongkong Mengo Innovations Technology Co.Limited CA 91710,Wayfair,1,86.0,84.0,2.0,84.0,0.023255813953488372,0.7093023255813953,0.9186046511627907,0.8954081632653057,0.8373015873015875,0.5,0.7142857142857142,1.0,1.0,1.0,2.0,-20.93023255813954,-18.61058376839104,True
233604,New Classic VA 24112,Casegoods,1,85.0,82.0,0.0,85.0,0.0,0.6000000000000001,0.6941176470588233,0.6352941176470589,0.5058823529411762,,0.6000000000000001,,,,1.0,-9.41176470588232,-3.529411764705881,False
320660,St. James Home CA 90221,Mattress,1,85.0,81.0,8.0,75.0,0.09411764705882353,0.2588235294117649,0.8352941176470585,0.6921810699588477,0.3649382716049383,0.0,0.29333333333333356,0.75,0.5,0.5,1.0,-57.64705882352936,-43.335754054708275,True
27679,LiquidArt Fountains,Decor,1,85.0,85.0,1.0,84.0,0.011764705882352941,0.4705882352941178,0.7294117647058824,0.9058823529411761,0.7058823529411766,1.0,0.46428571428571447,1.0,1.0,1.0,2.0,-25.88235294117646,-43.529411764705834,True
92743,Bar Harbor Cedar PA 16692,Decor,1,85.0,84.0,1.0,84.0,0.011764705882352941,0.47058823529411764,0.8352941176470592,0.9058956916099771,0.7412131519274374,1.0,0.4642857142857143,1.0,1.0,1.0,2.0,-36.47058823529415,-43.530745631585944,True
144048,Think Bronze Inc NY 11590,Decor,1,85.0,84.0,0.0,85.0,0.0,0.6941176470588236,0.9411764705882352,0.9411764705882353,0.8470588235294114,,0.6941176470588236,,,,1.0,-24.705882352941156,-24.705882352941167,True
472867,"Hangzhou Skytech Outdoor Co., LTD GA 31302",APS Home Improvement,1,85.0,81.0,0.0,79.0,0.0,1.0,0.8941176470588234,0.8118456008751366,0.5977496483825597,,1.0,,,,1.0,10.588235294117665,18.815439912486344,False
457998,Journey ClassArt LLC NJ 08857,APS Outdoor,1,85.0,81.0,2.0,72.0,0.023529411764705882,0.6705882352941173,0.6352941176470588,0.21604938271604937,0.154320987654321,0.5,0.6944444444444441,1.0,1.0,0.5,1.0,3.5294117647058476,45.45388525780679,False
17558,Scanpan USA Inc.,Kitchen & Small Electrics,1,85.0,85.0,17.0,59.0,0.2,0.8941176470588236,0.9647058823529412,0.9647058823529412,0.9176470588235293,1.0,0.8983050847457625,1.0,1.0,1.0,1.0,-7.058823529411762,-7.058823529411762,False
352593,jiu jiang bao ku dian zi shang wu you xian gong si_1 OR 97007,APS Housewares & More,1,84.0,84.0,0.0,84.0,0.0,0.9285714285714287,0.8809523809523812,0.8690476190476191,0.8333333333333334,,0.9285714285714287,,,,1.0,4.761904761904756,5.952380952380965,False
11792,Intercon Inc. NC 28144,Casegoods,1,84.0,75.0,4.0,80.0,0.047619047619047616,0.29761904761904756,0.4761904761904761,0.5355,0.3106666666666668,0.5,0.2874999999999999,0.5,0.5,0.5,1.0,-17.857142857142854,-23.78809523809524,True
450435,Decora USA Inc NJ 08535,Mattress,1,84.0,82.0,8.0,67.0,0.09523809523809523,0.7738095238095238,0.9523809523809523,0.8816891153986167,0.6672733891518019,0.75,0.746268656716418,1.0,1.0,0.625,1.0,-17.85714285714285,-10.787959158909288,True
57187,Winding Hills Designs,Recreation,1,84.0,84.0,14.0,62.0,0.16666666666666666,0.8095238095238093,0.8452380952380951,0.9523809523809523,0.7857142857142856,0.7142857142857143,0.8709677419354837,0.857142857142857,1.0,0.7857142857142857,1.0,-3.571428571428581,-14.285714285714302,False
350860,"Anji Longwin Furniture Co., Ltd CA 91730",APS K&D,1,84.0,83.0,0.0,82.0,0.0,0.857142857142857,0.9404761904761905,0.8689391713194239,0.7737290625918307,,0.8536585365853657,,,,1.0,-8.333333333333348,-1.1796314176566902,False
444527,Graceful Garments LLC TX 75050,APS Upholstery,1,84.0,84.0,4.0,74.0,0.047619047619047616,0.9761904761904764,0.9285714285714286,0.9404761904761905,0.9047619047619045,1.0,0.9729729729729731,1.0,1.0,1.0,1.0,4.761904761904779,3.571428571428592,False
287737,Safavieh CA 95363,Rugs,1,84.0,79.0,16.0,40.0,0.19047619047619047,1.0,0.9047619047619045,0.6360759493670886,0.5981012658227848,1.0,1.0,0.9375,0.9375,0.8749999999999999,1.0,9.523809523809545,36.39240506329114,False
346081,"Fuzhou Xiamu Trading Co., Ltd. NJ 08831",Wayfair,1,84.0,82.0,0.0,84.0,0.0,0.7142857142857142,0.7619047619047618,0.9047619047619045,0.607142857142857,,0.7142857142857142,,,,1.0,-4.761904761904756,-19.047619047619037,False
150221,Aholicdeals Inc IL,Soft Home,1,84.0,83.0,0.0,84.0,0.0,0.9642857142857146,1.0,0.8571428571428571,0.8214285714285715,,0.9642857142857146,,,,1.0,-3.5714285714285365,10.714285714285754,False
216375,"Anwil Technology Co., Ltd. CA 91761",Plumbing,1,84.0,84.0,20.0,61.0,0.23809523809523808,0.9404761904761905,0.9404761904761905,0.7857142857142857,0.7142857142857143,0.85,0.9672131147540984,0.9,0.8499999999999999,0.7999999999999999,1.0,0.0,15.476190476190476,False
247942,Allied Home CA,Mattress,1,84.0,80.0,0.0,84.0,0.0,0.5833333333333334,0.8095238095238096,0.8333333333333334,0.5357142857142858,,0.5833333333333334,,,,1.0,-22.619047619047628,-25.0,True
306504,BH RS Inc CA,Hardware,1,84.0,79.0,12.0,44.0,0.14285714285714285,0.7738095238095238,0.8214285714285714,0.783947065592635,0.7376294591484466,0.5833333333333334,0.8181818181818183,0.9166666666666666,0.9166666666666666,0.9166666666666666,1.0,-4.761904761904756,-1.0137541783111215,False
207848,Fashion Secrets LLC NJ 07470,Flooring,1,84.0,76.0,0.0,84.0,0.0,0.8214285714285714,0.5476190476190477,0.607142857142857,0.4166666666666667,,0.8214285714285714,,,,1.0,27.380952380952372,21.42857142857144,False
243335,"Dewenwils Network Technology Co., Ltd NJ 08817",APS Home Improvement,1,84.0,65.0,0.0,84.0,0.0,0.7619047619047618,0.9404761904761907,0.6547619047619047,0.5357142857142859,,0.7619047619047618,,,,3.0,-17.857142857142893,10.71428571428571,True
249629,"10850 Business Dr. Fontana, CA 92337",Upholstery,1,84.0,84.0,2.0,82.0,0.023809523809523808,0.9761904761904762,0.9404761904761905,0.8928571428571426,0.6904761904761905,0.0,1.0,1.0,0.0,0.0,1.0,3.57142857142857,8.333333333333359,False
487732,Xin yu Xi miao Mao yi You xian Gong si PA 19120,APS Housewares & More,1,84.0,83.0,0.0,76.0,0.0,0.8333333333333334,0.583333333333333,0.845275840202917,0.6429930247305008,,0.8289473684210527,,,,1.0,25.000000000000032,-1.1942506869583647,False
407390,【NJ5】,APS Pet,1,84.0,84.0,7.0,77.0,0.08333333333333333,0.8095238095238096,0.8452380952380952,0.8690476190476188,0.7499999999999998,1.0,0.7922077922077924,1.0,1.0,0.7142857142857143,1.0,-3.5714285714285587,-5.952380952380921,False
406546,hangzhoumeisengoukejiyouxiangongsi CA 92316,APS Bedroom,1,84.0,84.0,0.0,73.0,0.0,1.0,0.9285714285714287,0.9523809523809522,0.9523809523809522,,1.0,,,,3.0,7.142857142857128,4.761904761904779,False
31395,Vanity Art NY12204,Plumbing,1,84.0,84.0,0.0,82.0,0.0,0.7023809523809524,0.8452380952380951,0.857142857142857,0.6309523809523809,,0.6951219512195123,,,,1.0,-14.285714285714269,-15.476190476190455,True
450960,LELELINKY INTERNATIONAL LIMITED CA 92509,APS AEOF,1,84.0,84.0,0.0,19.0,0.0,0.9761904761904762,0.9404761904761905,0.9761904761904762,0.9047619047619045,,1.0,,,,1.0,3.57142857142857,0.0,False
444967,LELELINKY INTERNATIONAL LIMITED GA 31408,APS AEOF,1,84.0,83.0,7.0,67.0,0.08333333333333333,0.8333333333333331,0.8452380952380952,0.7975184319367019,0.4285200503506563,1.0,0.8656716417910446,1.0,0.8571428571428571,0.5714285714285714,1.0,-1.1904761904762085,3.581490139663124,False
64729,Global Trade House Inc.,Tabletop,1,84.0,82.0,1.0,83.0,0.011904761904761904,0.607142857142857,0.857142857142857,0.8571848369086101,0.7500734645900675,0.0,0.6144578313253011,1.0,1.0,1.0,1.0,-25.0,-25.004197976575316,True
433582,BIFANUO TECHNOLOGY INC CA 91789,APS Outdoor,1,84.0,82.0,0.0,84.0,0.0,0.6785714285714284,0.7857142857142859,0.7857142857142859,0.5476190476190476,,0.6785714285714284,,,,1.0,-10.714285714285754,-10.714285714285754,True
27237,Foremost Import,Plumbing,1,84.0,79.0,6.0,75.0,0.07142857142857142,0.9047619047619044,0.9166666666666669,0.8464135021097049,0.7392405063291139,1.0,0.893333333333333,0.8333333333333334,1.0,0.8333333333333334,1.0,-1.1904761904762418,5.834840265219954,False
65539,"J.G. EDELEN CO., INC.",Hardware,1,84.0,84.0,0.0,84.0,0.0,0.9880952380952382,0.8690476190476191,0.9166666666666666,0.8333333333333334,,0.9880952380952382,,,,1.0,11.904761904761918,7.142857142857162,False
270247,Ben Jonah NJ 07470,Flooring,1,84.0,84.0,12.0,60.0,0.14285714285714285,0.7500000000000002,0.7976190476190477,0.8452380952380952,0.6785714285714286,0.7499999999999999,0.7500000000000002,0.7499999999999999,0.9166666666666666,0.6666666666666666,1.0,-4.761904761904745,-9.5238095238095,False
102543,Prospect Ventures IN,Fireplaces & Grills,1,84.0,82.0,5.0,65.0,0.05952380952380952,0.607142857142857,0.5952380952380951,0.6810774591262395,0.5614982578397214,0.8,0.646153846153846,0.8,0.8,0.6,1.0,1.1904761904761862,-7.3934601983382535,False
38605,CAN_Canadian Down  Feather Company,Mattress,1,83.0,83.0,0.0,83.0,0.0,0.7228915662650602,0.9277108433734942,0.9397590361445783,0.7349397590361447,,0.7228915662650602,,,,1.0,-20.481927710843394,-21.68674698795181,True
328314,Mirage Capital Corp NY 12919,Casegoods,1,83.0,81.0,18.0,26.0,0.21686746987951808,0.7349397590361446,0.9759036144578314,0.9202279202279202,0.8717948717948718,0.9444444444444442,0.6538461538461537,1.0,1.0,1.0,2.0,-24.096385542168676,-18.52881611917756,True
447297,CA5.,APS Outdoor,1,83.0,82.0,0.0,83.0,0.0,0.7108433734939759,0.9397590361445783,0.8433734939759038,0.6144578313253013,,0.7108433734939759,,,,1.0,-22.89156626506025,-13.253012048192792,True
10347,Sunny Designs CA 91730,Casegoods,1,83.0,81.0,13.0,64.0,0.1566265060240964,0.5783132530120481,0.8433734939759037,0.7469135802469135,0.4799382716049382,0.3076923076923077,0.6874999999999998,0.9230769230769231,0.6923076923076923,0.3076923076923077,1.0,-26.50602409638556,-16.86003272348654,True
109665,Peakhome Furnishings Inc CA 92337,APS Outdoor,1,83.0,81.0,1.0,78.0,0.012048192771084338,0.927710843373494,0.7951807228915663,0.9037670148781259,0.7955049066160177,1.0,0.9230769230769231,1.0,1.0,1.0,1.0,13.253012048192769,2.3943828495368025,False
351188,Foshan Lujiao Cross-border E-commerce CA 91761,APS Outdoor,1,83.0,83.0,18.0,58.0,0.21686746987951808,0.46987951807228917,0.7710843373493973,0.32530120481927705,0.22891566265060245,0.6111111111111113,0.4482758620689655,0.833333333333333,0.8888888888888887,0.7222222222222222,1.0,-30.120481927710813,14.457831325301212,True
430965,"Suzhou Subot Trading Co., Ltd. MA 02155",APS AEOF,1,83.0,82.0,1.0,82.0,0.012048192771084338,0.8433734939759037,0.8192771084337349,0.9156751933372993,0.8433967876264128,1.0,0.8414634146341463,1.0,1.0,1.0,1.0,2.4096385542168752,-7.230169936139563,False
270457,MASAKA TRADING INC. CA 91752,Casegoods,1,83.0,83.0,0.0,78.0,0.0,0.493975903614458,0.8433734939759032,0.9759036144578314,0.927710843373494,,0.46153846153846173,,,,2.0,-34.93975903614452,-48.19277108433734,True
410103,Shenzhenshiyaoqinmaoyiyouxiangongsi NJ 08861,APS Mattresses,1,83.0,81.0,17.0,64.0,0.20481927710843373,0.2771084337349398,0.9036144578313253,0.7334104938271605,0.21604938271604937,0.29411764705882354,0.28125000000000006,0.7647058823529411,0.5294117647058824,0.11764705882352941,1.0,-62.65060240963856,-45.63020600922207,True
28234,Ella Home,PG Casegoods,1,83.0,81.0,9.0,73.0,0.10843373493975904,0.9036144578313253,0.9156626506024095,0.8679181464569593,0.819888381532217,1.0,0.8904109589041096,1.0,1.0,1.0,1.0,-1.2048192771084154,3.569631137436602,False
185475,WallBeyond International Inc CA 91744,APS Youth,1,83.0,83.0,0.0,83.0,0.0,0.91566265060241,0.9036144578313251,0.8795180722891566,0.7590361445783131,,0.91566265060241,,,,1.0,1.2048192771084931,3.614457831325346,False
218286,GigaCloud Technology USA Inc TX 75050,APS,1,83.0,82.0,0.0,80.0,0.0,0.6144578313253011,0.8072289156626504,0.8314024390243904,0.45777439024390243,,0.6124999999999998,,,,1.0,-19.277108433734934,-21.69446076990893,True
275207,BCP Home PRIMEW,Soft Home,1,83.0,82.0,0.0,83.0,0.0,0.9036144578313251,0.9518072289156628,0.9518072289156626,0.8795180722891565,,0.9036144578313251,,,,1.0,-4.819277108433773,-4.8192771084337505,False
308454,Ningbo Jiangdong Peter International Trad CA 91752,APS Outdoor,1,83.0,82.0,0.0,78.0,0.0,0.5662650602409639,0.8915662650602412,0.7470293933708567,0.5059412132582864,,0.576923076923077,,,,1.0,-32.530120481927725,-18.07643331298928,True
45926,Pet Edge Dealer Services IL 61443,Pet,1,83.0,80.0,0.0,82.0,0.0,0.8433734939759038,0.9277108433734942,0.8675304878048781,0.6989329268292684,,0.8414634146341465,,,,1.0,-8.433734939759042,-2.4156993828974294,False
11151,M S International GA 30336,Flooring,1,82.0,78.0,6.0,64.0,0.07317073170731707,0.8536585365853658,0.8536585365853658,0.8293269230769231,0.7796474358974359,1.0,0.8593750000000001,1.0,1.0,1.0,1.0,0.0,2.4331613508442707,False
373869,bazhoushijuhongjiajuyouxiangongsi TX 75050,APS AEOF,1,82.0,81.0,0.0,82.0,0.0,0.75609756097561,0.7804878048780485,0.7317073170731706,0.31707317073170727,,0.75609756097561,,,,1.0,-2.439024390243849,2.439024390243938,False
486313,Xiandangyingriyongpinyouxiangongsi CA 92316,APS Housewares & More,1,82.0,82.0,0.0,82.0,0.0,0.7195121951219511,0.8414634146341462,1.0,0.6951219512195123,,0.7195121951219511,,,,1.0,-12.195121951219512,-28.04878048780489,True
23905,Palace Imports Inc.,Casegoods,1,82.0,82.0,0.0,82.0,0.0,1.0,0.9390243902439024,0.975609756097561,0.9268292682926828,,1.0,,,,1.0,6.0975609756097615,2.4390243902439046,False
452831,JUSTMAE INC PA 18015,APS AEOF,1,82.0,80.0,0.0,82.0,0.0,0.7560975609756097,0.9268292682926831,0.7804878048780485,0.4390243902439024,,0.7560975609756097,,,,1.0,-17.073170731707343,-2.4390243902438824,True
89294,SH LIGHTING CA,Lighting,1,82.0,77.0,9.0,73.0,0.10975609756097561,0.6585365853658535,0.7560975609756098,0.8176481053193381,0.6456146593132895,0.7777777777777778,0.643835616438356,0.8888888888888888,0.8888888888888888,0.5555555555555556,1.0,-9.756097560975629,-15.91115199534846,False
371441,Xiandangyingriyongpinyouxiangongsi NJ 08817,Wayfair,1,82.0,82.0,4.0,63.0,0.04878048780487805,0.9512195121951219,0.8414634146341462,0.8414634146341463,0.7682926829268293,1.0,0.9523809523809523,1.0,1.0,1.0,1.0,10.97560975609757,10.97560975609756,False
50633,TOV Furniture CA 91764,Upholstery,1,82.0,82.0,57.0,16.0,0.6951219512195121,1.0,0.9878048780487805,0.9146341463414634,0.9024390243902439,1.0,1.0,1.0,1.0,1.0,3.0,1.2195121951219523,8.536585365853655,False
375668,"CGK HOLDINGS, INC. CA 92408",Soft Home,1,82.0,81.0,4.0,77.0,0.04878048780487805,0.8658536585365854,0.8536585365853661,0.841430174763508,0.7317620650953983,0.75,0.8701298701298701,1.0,1.0,1.0,1.0,1.21951219512193,2.442348377307735,False
344175,"DANDELION INTERNATIONAL, INC. CA 92508",APS AEOF,1,82.0,81.0,0.0,82.0,0.0,0.9146341463414634,0.8536585365853661,0.9756097560975608,0.8536585365853656,,0.9146341463414634,,,,1.0,6.097560975609739,-6.097560975609739,False
271263,SAWANA-Y1,APS Rugs,1,81.0,79.0,0.0,80.0,0.0,0.8395061728395061,0.8888888888888888,0.814873417721519,0.6664556962025315,,0.85,,,,1.0,-4.938271604938271,2.4632755117987126,False
310787,  NJ4,Plumbing,1,81.0,81.0,10.0,61.0,0.12345679012345678,0.9259259259259259,0.9012345679012342,0.9382716049382716,0.8024691358024691,0.8,0.9672131147540983,0.7999999999999999,0.9,0.7,1.0,2.469135802469169,-1.2345679012345623,False
406710,SPS INTERNATIONAL GROUP INC NJ 08817,Upholstery,1,81.0,80.0,5.0,75.0,0.06172839506172839,0.9753086419753084,0.9259259259259259,0.8396666666666667,0.7779999999999999,1.0,0.9733333333333332,1.0,1.0,1.0,1.0,4.938271604938249,13.564197530864174,False
269702,"Elite Comfort Solutions, Inc. MD 21078",Mattress,1,81.0,79.0,0.0,81.0,0.0,0.9259259259259262,0.9259259259259262,0.962962962962963,0.8024691358024693,,0.9259259259259262,,,,1.0,0.0,-3.703703703703687,False
66333,Keurig CA 92374(2) STOCKING,Kitchen & Small Electrics,1,81.0,81.0,0.0,79.0,0.0,0.6666666666666666,0.8024691358024691,0.9506172839506175,0.7407407407407407,,0.670886075949367,,,,1.0,-13.580246913580252,-28.39506172839509,True
440710,JUXING furniture inc NJ 08016,APS K&D,1,81.0,77.0,0.0,78.0,0.0,0.4074074074074075,0.8888888888888891,0.876123876123876,0.44355644355644364,,0.4230769230769232,,,,1.0,-48.14814814814816,-46.87164687164685,True
255101,AP Home  Furniture Inc CA 92410,APS,1,81.0,80.0,7.0,71.0,0.08641975308641975,0.7407407407407409,0.9012345679012342,0.8519366197183104,0.6294014084507042,0.42857142857142855,0.7746478873239439,0.7142857142857143,0.8571428571428571,0.42857142857142855,1.0,-16.049382716049333,-11.119587897756944,True
212958,MSH Massood - NC,Casegoods,1,81.0,81.0,0.0,81.0,0.0,1.0,0.8271604938271606,0.8888888888888888,0.5555555555555556,,1.0,,,,1.0,17.28395061728394,11.111111111111116,False
334650,Hatchty Ap Inc GA 31407 ,APS Bedroom,1,81.0,80.0,22.0,39.0,0.2716049382716049,0.8765432098765432,0.5061728395061728,0.6782051282051282,0.5173076923076924,0.9545454545454544,0.8205128205128205,0.6363636363636364,0.7272727272727274,0.6818181818181819,1.0,37.037037037037045,19.8338081671415,False
325833,FolkNFunky CO 80211,Soft Home,1,81.0,61.0,0.0,81.0,0.0,0.5308641975308642,0.5679012345679014,0.654320987654321,0.5061728395061729,,0.5308641975308642,,,,1.0,-3.70370370370372,-12.345679012345679,False
324974,SMG Brands LLC CA 92570,Storage & Org - Frequency,1,81.0,80.0,25.0,53.0,0.30864197530864196,0.7283950617283951,0.876543209876543,0.790566037735849,0.716745283018868,0.7600000000000001,0.7169811320754716,0.92,0.8799999999999999,0.8400000000000002,1.0,-14.814814814814792,-6.217097600745392,True
17973,RefinedKind Pet Products CA 92337,Pet,1,81.0,80.0,11.0,66.0,0.13580246913580246,1.0,0.9753086419753086,0.9630681818181817,0.9384469696969695,1.0,1.0,1.0,1.0,1.0,2.0,2.4691358024691357,3.6931818181818343,False
333344,Star Home Living Corp. CA 92316,Upholstery,1,81.0,67.0,0.0,81.0,0.0,0.4320987654320987,0.6790123456790125,0.5925925925925924,0.4567901234567902,,0.4320987654320987,,,,1.0,-24.69135802469138,-16.049382716049376,True
334101,Caswell Group Inc._1 TX 75041,Wayfair,1,81.0,81.0,0.0,33.0,0.0,0.7407407407407407,0.8148148148148147,0.9135802469135802,0.7407407407407406,,0.48484848484848486,,,,1.0,-7.407407407407396,-17.28395061728395,False
357194,Zhengzhou Bevi Import  Export Trading NJ 08512,APS Bedroom,1,81.0,81.0,0.0,81.0,0.0,1.0,0.8641975308641975,1.0,0.9259259259259257,,1.0,,,,1.0,13.580246913580252,0.0,False
316830,Stellweilan Tessberg LLC GA 30122,Storage & Org,1,80.0,78.0,0.0,80.0,0.0,0.8500000000000003,0.8874999999999998,0.925,0.7499999999999997,,0.8500000000000003,,,,1.0,-3.7499999999999534,-7.499999999999973,False
462485,易达云美南亚1仓 462485 30519,APS Outdoor,1,80.0,76.0,1.0,56.0,0.0125,0.775,0.7249999999999999,0.7340225563909775,0.5836466165413533,1.0,0.75,1.0,1.0,1.0,1.0,5.000000000000016,4.097744360902256,False
38903,Perfect Cases,Recreation,1,80.0,76.0,0.0,80.0,0.0,0.4125000000000001,0.7000000000000001,0.725,0.4125000000000001,,0.4125000000000001,,,,1.0,-28.749999999999996,-31.24999999999999,True
221639,BURDOCK PROPERTY LIMITED CA 92336,DE Furniture,1,80.0,77.0,1.0,78.0,0.0125,0.1500000000000001,0.9,0.7502497502497503,0.6253746253746255,0.0,0.15384615384615397,1.0,1.0,1.0,3.0,-74.99999999999999,-60.024975024975014,True
281333,NEW BKFARMHOUSE INC AI CA 91761,APS,1,80.0,80.0,0.0,80.0,0.0,0.9875000000000002,0.8875000000000004,0.9125000000000002,0.8000000000000004,,0.9875000000000002,,,,1.0,9.999999999999975,7.499999999999996,False
478454,Ramallah Trading Company NJ 08837,Soft Home,1,80.0,80.0,10.0,66.0,0.125,0.9875,1.0,0.9875,0.9749999999999999,1.0,0.9848484848484849,1.0,1.0,1.0,2.0,-1.2499999999999956,0.0,False
476175, DWSAV,Wayfair,1,80.0,79.0,0.0,73.0,0.0,0.9499999999999998,0.8750000000000002,0.8619732963412523,0.799375758626669,,0.9452054794520546,,,,5.0,7.499999999999963,8.802670365874754,False
251139,MM CASA NJ 08810(4),APS,1,80.0,80.0,1.0,77.0,0.0125,0.7875000000000002,0.9124999999999999,0.7625,0.55,1.0,0.7922077922077924,1.0,1.0,1.0,1.0,-12.499999999999966,2.5000000000000244,True
31455,"Aspen Industries, Inc.",Decor,1,80.0,79.0,0.0,80.0,0.0,0.38750000000000007,0.4125,0.9374999999999998,0.9125000000000001,,0.38750000000000007,,,,8.0,-2.499999999999991,-54.99999999999997,False
244852,AI 003 Warehouse,Casegoods,1,80.0,79.0,0.0,80.0,0.0,0.6749999999999997,0.8250000000000004,0.8875,0.575,,0.6749999999999997,,,,1.0,-15.00000000000007,-21.250000000000025,True
207487,XIAMEN XINTIANDA CORPORATION DEVELOPMENT CA 91789,APS Mattresses,1,80.0,79.0,0.0,80.0,0.0,0.7874999999999998,0.8874999999999995,0.95,0.7125000000000001,,0.7874999999999998,,,,1.0,-9.999999999999975,-16.25000000000002,False
340963,"Putian Momin Trading Co., Ltd. NJ 07208",APS Rugs,1,80.0,78.0,0.0,80.0,0.0,0.925,0.825,0.8749999999999998,0.7374999999999997,,0.925,,,,1.0,10.000000000000009,5.000000000000027,False
293621,Kayra Export Ev Tekstili Sanayi ve NJ 07936,WGS-Turkey,1,80.0,70.0,0.0,80.0,0.0,0.85,0.7000000000000001,0.7999999999999998,0.7874999999999998,,0.85,,,,2.0,14.999999999999991,5.000000000000016,False
358766,Yantai Nanmudianzikeji Youxiangongsi CA 91762,APS Rugs,1,80.0,78.0,0.0,79.0,0.0,0.9,0.875,0.824732229795521,0.6747809152872444,,0.9113924050632911,,,,1.0,2.500000000000002,7.526777020447906,False
456466,shenzhenfeitianyunshiyeyouxiangongsi CA 92335,APS Decor,1,79.0,78.0,0.0,74.0,0.0,0.9367088607594937,0.8607594936708859,0.9241164241164243,0.8101178101178101,,0.9459459459459459,,,,1.0,7.594936708860778,1.2592436643069416,False
357776,YQN1002-CA-92879,Rugs,1,79.0,78.0,6.0,69.0,0.0759493670886076,0.810126582278481,0.810126582278481,0.8989223337049423,0.6962095875139352,0.8333333333333334,0.8115942028985508,0.8333333333333334,1.0,0.8333333333333334,1.0,0.0,-8.879575142646134,False
214875,SAV,APS,1,79.0,79.0,5.0,63.0,0.06329113924050633,0.8227848101265821,0.6455696202531643,0.7974683544303797,0.620253164556962,1.0,0.8571428571428569,1.0,1.0,1.0,1.0,17.721518987341778,2.5316455696202445,False
3946,MaximLighting GA- 30269,Lighting,1,79.0,79.0,0.0,73.0,0.0,0.9746835443037974,0.7721518987341773,0.8101265822784809,0.6835443037974682,,0.9863013698630136,,,,1.0,20.253164556962012,16.455696202531655,False
314958,萨瓦纳G1号仓-星商仓,APS,1,79.0,79.0,3.0,70.0,0.0379746835443038,0.772151898734177,0.8227848101265823,0.7848101265822787,0.5949367088607596,0.6666666666666666,0.8285714285714284,1.0,1.0,1.0,1.0,-5.063291139240533,-1.2658227848101666,False
232904,Jetly Prey Outdoor Inc NJ3,Upholstery,1,79.0,73.0,2.0,74.0,0.02531645569620253,0.10126582278481015,0.8607594936708861,0.6332222633592497,0.19159570529433548,0.5,0.0810810810810811,1.0,1.0,0.0,2.0,-75.9493670886076,-53.19564405744396,True
485112,Linyibaisenjiajuyongpinyouxiangongsi IL 60431,APS Upholstery,1,79.0,75.0,0.0,79.0,0.0,0.8227848101265823,0.9620253164556962,0.9493670886075951,0.7341772151898733,,0.8227848101265823,,,,1.0,-13.924050632911388,-12.658227848101278,True
44522,The Fabric Shoppe TX 76116,PG Upholstery - Core,1,79.0,75.0,12.0,67.0,0.1518987341772152,0.8607594936708861,0.9240506329113924,0.8479601990049751,0.722587064676617,1.0,0.835820895522388,0.9166666666666666,0.8333333333333334,0.8333333333333334,1.0,-6.329113924050633,1.279929466591101,False
361288,Beijingcanpengguojimaoyiyouxiangongsi GA 31326,APS Upholstery,1,79.0,79.0,12.0,50.0,0.1518987341772152,0.5569620253164558,0.8607594936708861,0.7468354430379746,0.4936708860759494,0.49999999999999994,0.6400000000000001,1.0,0.8333333333333334,0.6666666666666666,1.0,-30.379746835443033,-18.98734177215188,True
295288,Westco Furniture GA 31302,Casegoods,1,79.0,79.0,5.0,48.0,0.06329113924050633,0.5569620253164557,0.9367088607594934,0.8101265822784809,0.5569620253164557,0.4,0.6875,1.0,0.8,0.8,2.0,-37.97468354430378,-25.31645569620252,True
340698,McCoy Hall Jones LLC CAN ON L5T2N3,APS Decor,1,79.0,79.0,0.0,79.0,0.0,1.0,1.0,0.9873417721518989,0.9746835443037974,,1.0,,,,1.0,0.0,1.2658227848101111,False
405494,中山市创来照明科技有限公司 NJ 07064,APS Home Improvement,1,79.0,77.0,0.0,78.0,0.0,0.7468354430379747,0.7974683544303798,0.8731268731268731,0.7086247086247084,,0.7564102564102564,,,,1.0,-5.063291139240511,-12.629143008889843,False
409300,GLERUS LTD TX 77047,Casegoods,1,79.0,79.0,0.0,79.0,0.0,0.8354430379746832,0.810126582278481,0.9240506329113926,0.7341772151898733,,0.8354430379746832,,,,1.0,2.5316455696202222,-8.860759493670933,False
375401,shenzhenruicijishuyouxiangongsi OR 97401,Wayfair,1,79.0,79.0,21.0,58.0,0.26582278481012656,0.9493670886075949,0.9493670886075949,1.0,1.0,0.9523809523809523,0.9482758620689655,1.0,1.0,1.0,6.0,0.0,-5.063291139240511,False
25266,K and B Patio Inc.,Outdoor Furniture,1,79.0,79.0,13.0,63.0,0.16455696202531644,0.9493670886075949,0.8607594936708861,0.9367088607594933,0.8607594936708861,0.9230769230769231,0.9682539682539681,0.8461538461538461,1.0,0.7692307692307693,1.0,8.860759493670878,1.2658227848101555,False
298831,Intrinsic Haven LLC TX 75189,Casegoods,1,79.0,77.0,0.0,79.0,0.0,0.7974683544303794,0.9493670886075951,0.8481012658227848,0.6962025316455692,,0.7974683544303794,,,,1.0,-15.189873417721566,-5.063291139240533,True
110812,Summer Classics AL,PG Outdoor,1,79.0,79.0,2.0,77.0,0.02531645569620253,0.2784810126582278,0.7721518987341771,0.7721518987341771,0.7721518987341771,0.0,0.28571428571428564,1.0,1.0,1.0,3.0,-49.36708860759494,-49.36708860759494,True
445019,"SHENZHEN SHENGKUN INDUSTRIAL CO., LTD NJ 08075",Wayfair,1,79.0,79.0,0.0,79.0,0.0,0.7215189873417721,0.7721518987341769,0.8607594936708857,0.6329113924050631,,0.7215189873417721,,,,1.0,-5.063291139240478,-13.924050632911356,False
444308,Xifarey NJ 08816,APS Home Improvement,1,79.0,79.0,3.0,63.0,0.0379746835443038,0.9113924050632911,0.379746835443038,0.49367088607594917,0.35443037974683556,0.6666666666666666,0.9365079365079364,0.0,0.3333333333333333,0.0,1.0,53.16455696202531,41.772151898734194,False
267884,Longtrace Integration Inc CA 91761,Upholstery,1,79.0,77.0,1.0,70.0,0.012658227848101266,0.8734177215189873,0.759493670886076,0.8103896103896104,0.7220779220779222,1.0,0.8571428571428571,1.0,1.0,1.0,1.0,11.392405063291132,6.30281111293769,False
91762,LNC Lighting GA31601,Lighting,1,79.0,79.0,0.0,79.0,0.0,0.9873417721518989,0.9240506329113924,0.9493670886075949,0.9240506329113924,,0.9873417721518989,,,,1.0,6.329113924050644,3.7974683544304,False
308440,Q-CA-4,APS,1,78.0,76.0,12.0,59.0,0.15384615384615385,0.6282051282051282,0.7051282051282051,0.7834522747546835,0.5524085637823372,0.7499999999999999,0.576271186440678,0.5833333333333333,0.9166666666666666,0.6666666666666666,1.0,-7.692307692307687,-15.52471465495553,False
973,Concord Global Trading,Rugs,1,78.0,76.0,4.0,73.0,0.05128205128205128,0.6666666666666665,0.7948717948717953,0.730894015861572,0.47458543619322296,0.75,0.6575342465753423,0.75,0.75,0.5,1.0,-12.820512820512874,-6.422734919490547,True
496337,Dotchi NC 28134,Decor,1,78.0,76.0,0.0,78.0,0.0,0.9743589743589742,0.9615384615384617,0.9743589743589742,0.9743589743589742,,0.9743589743589742,,,,6.0,1.2820512820512553,0.0,False
56671,Gladiator Garageworks OH 43137B,Storage & Org - Frequency,1,78.0,77.0,0.0,78.0,0.0,0.9230769230769232,0.9487179487179489,0.9615384615384617,0.7948717948717948,,0.9230769230769232,,,,1.0,-2.564102564102566,-3.8461538461538436,False
197708,"DeNovo Innovations, LLC DBA One World Decor PA 17821",Storage & Org - Frequency,1,78.0,78.0,1.0,77.0,0.01282051282051282,0.9102564102564102,0.9358974358974359,0.8461538461538465,0.7820512820512819,0.0,0.922077922077922,1.0,1.0,1.0,1.0,-2.564102564102566,6.410256410256377,False
425349,TRINITY INTERNATIONAL CA 91762(3),APS Bedroom,1,78.0,73.0,0.0,78.0,0.0,0.8717948717948715,0.8205128205128205,0.7948717948717949,0.6538461538461537,,0.8717948717948715,,,,1.0,5.128205128205099,7.692307692307654,False
183037,"Jili Creation Technology Co., Ltd CA 92335",APS,1,78.0,76.0,0.0,78.0,0.0,0.9615384615384617,0.8333333333333335,0.8333333333333334,0.6282051282051282,,0.9615384615384617,,,,1.0,12.82051282051282,12.82051282051283,False
431884,谷仓LA-25[洛杉矶25号仓],APS AEOF,1,78.0,75.0,0.0,77.0,0.0,0.9230769230769231,0.9487179487179486,0.9487445887445887,0.8462337662337663,,0.922077922077922,,,,1.0,-2.564102564102544,-2.566766566766554,False
289753,Charming Collections LLC GA 31326,Outdoor Furniture,1,78.0,75.0,1.0,68.0,0.01282051282051282,0.6410256410256409,0.8717948717948715,0.7433333333333333,0.4101960784313725,1.0,0.6617647058823527,1.0,1.0,1.0,1.0,-23.076923076923062,-10.230769230769244,True
331254,CUSNJX01,APS AEOF,1,78.0,77.0,1.0,76.0,0.01282051282051282,0.8333333333333334,0.8717948717948716,0.8075871496924126,0.679254955570745,0.0,0.8552631578947368,0.0,1.0,0.0,1.0,-3.8461538461538214,2.574618364092074,False
434633,Tengjian Electronic Technology Shenzhen Co LTD IL 60517,APS Upholstery,1,78.0,76.0,1.0,77.0,0.01282051282051282,0.7692307692307693,1.0,0.7180451127819546,0.41045796308954213,1.0,0.7662337662337663,1.0,1.0,1.0,1.0,-23.076923076923073,5.118565644881468,True
217676,QUEYUE TX 75050,APS,1,78.0,78.0,2.0,75.0,0.02564102564102564,0.6538461538461536,0.8589743589743586,0.8589743589743591,0.41025641025641035,0.5,0.6666666666666665,0.5,1.0,0.5,1.0,-20.512820512820497,-20.51282051282055,True
265125,(US)Guangzhou Yikedashu Trading Company Limited CA 91702,APS,1,78.0,76.0,0.0,78.0,0.0,0.6538461538461536,0.8717948717948718,0.8717948717948715,0.6282051282051281,,0.6538461538461536,,,,1.0,-21.794871794871817,-21.794871794871785,True
58508,"Guangzhou Yanjun Trade Co., Ltd. CA 91730",APS,1,78.0,75.0,0.0,70.0,0.0,0.7179487179487181,0.8076923076923078,0.808,0.5777142857142857,,0.6857142857142858,,,,1.0,-8.974358974358976,-9.005128205128198,False
357755,UFaucet GA 30517,APS Home Improvement,1,78.0,77.0,8.0,41.0,0.10256410256410256,0.9871794871794872,0.8461538461538459,0.974659486854609,0.974659486854609,1.0,0.9756097560975608,0.875,1.0,1.0,2.0,14.10256410256413,1.252000032487821,False
438934,shenzhen weimoli dianzishangwuyouxiangongsi PA 18064,APS Home Improvement,1,78.0,75.0,7.0,64.0,0.08974358974358974,0.7435897435897434,0.8589743589743589,0.7572916666666668,0.5393749999999999,0.8571428571428571,0.7499999999999998,1.0,1.0,0.5714285714285714,1.0,-11.538461538461553,-1.3701923076923417,True
99722,Banyan Imports CA 91761,APS Home Improvement,1,78.0,78.0,0.0,78.0,0.0,0.051282051282051294,0.8461538461538465,0.8589743589743586,0.3846153846153845,,0.051282051282051294,,,,1.0,-79.48717948717952,-80.76923076923073,True
146562,Saving  Mall LLC NJ 07305,APS Outdoor,1,78.0,78.0,0.0,78.0,0.0,1.0,0.9871794871794873,0.9102564102564102,0.8717948717948718,,1.0,,,,1.0,1.2820512820512664,8.974358974358976,False
7997,Interior Illusions,Decor,1,78.0,77.0,0.0,78.0,0.0,1.0,0.8974358974358972,0.9871794871794873,0.9871794871794873,,1.0,,,,7.0,10.256410256410275,1.2820512820512664,False
370038,"nanjingshi zhuoyipi e-commerce co.,ltd IL 60517",APS Home Improvement,1,78.0,78.0,1.0,60.0,0.01282051282051282,0.7692307692307693,0.8589743589743589,0.8589743589743586,0.666666666666667,0.0,0.8166666666666667,1.0,1.0,1.0,1.0,-8.974358974358964,-8.974358974358932,False
50372,CAN_NFusion ON L9T 2X9,"CA Decor, Outdoor, Upholstery",1,78.0,78.0,0.0,78.0,0.0,0.9102564102564102,0.9871794871794873,0.9871794871794873,0.9487179487179487,,0.9102564102564102,,,,2.0,-7.692307692307709,-7.692307692307709,False
335208,shenzhenshibeilailidianqiyouxiangongsi TX 77035,Wayfair,1,78.0,78.0,0.0,60.0,0.0,0.5256410256410257,0.564102564102564,0.6923076923076922,0.41025641025641024,,0.45000000000000007,,,,1.0,-3.8461538461538325,-16.66666666666665,False
192736,Hangzhou Heyushan Network Technology Co CA 91761,Youth Furniture & Decor,1,78.0,78.0,0.0,78.0,0.0,0.217948717948718,0.7051282051282054,0.7692307692307692,0.33333333333333326,,0.217948717948718,,,,1.0,-48.71794871794874,-55.12820512820511,True
143484,Vivian Rose TX,Decor,1,78.0,73.0,1.0,77.0,0.01282051282051282,0.34615384615384615,0.6666666666666666,0.705390499911048,0.6532645436755025,0.0,0.35064935064935066,0.0,1.0,0.0,4.0,-32.05128205128205,-35.923665375720184,True
201110,Peakhome Furnishings Inc NJ 08016,APS Outdoor,1,77.0,77.0,1.0,65.0,0.012987012987012988,0.961038961038961,0.961038961038961,0.8961038961038961,0.7662337662337662,1.0,1.0,1.0,1.0,1.0,1.0,0.0,6.493506493506496,False
369938,运去哪-RWT-美西-92880,APS AEOF,1,77.0,76.0,0.0,77.0,0.0,0.8051948051948052,0.792207792207792,0.8181818181818182,0.6623376623376623,,0.8051948051948052,,,,1.0,1.2987012987013213,-1.2987012987012991,False
369478,Hompany Technologies Limited GA 31322,Decor,1,77.0,76.0,6.0,42.0,0.07792207792207792,0.792207792207792,0.7272727272727274,0.7161654135338346,0.4172932330827068,0.5,0.8095238095238093,0.6666666666666666,0.6666666666666666,0.5,1.0,6.493506493506462,7.604237867395747,False
3032,Corbett Lighting,Lighting,1,77.0,71.0,15.0,60.0,0.19480519480519481,0.7012987012987014,0.831168831168831,0.8295774647887322,0.6774647887323942,0.7333333333333333,0.6833333333333335,0.7333333333333333,0.7333333333333333,0.7333333333333333,1.0,-12.987012987012958,-12.827876349003075,True
409304,SPS INTERNATIONAL GROUP INC CA 91761,Upholstery,1,77.0,77.0,10.0,56.0,0.12987012987012986,0.9350649350649349,0.8181818181818182,0.9090909090909091,0.7922077922077922,0.7999999999999999,0.9642857142857142,0.8,0.9,0.7,1.0,11.68831168831167,2.597402597402587,False
86399,Zhejiang Haolaijia Jiaju Yongpin Youxian TX 76118,APS,1,77.0,76.0,1.0,75.0,0.012987012987012988,0.7142857142857142,0.8311688311688312,0.8701754385964909,0.532456140350877,1.0,0.7199999999999999,1.0,1.0,1.0,1.0,-11.688311688311703,-15.588972431077675,True
332873,"Captivate Brands USA, Inc. CA 92508",Grills,1,77.0,75.0,13.0,59.0,0.16883116883116883,0.779220779220779,0.8701298701298701,0.8831638418079094,0.623728813559322,0.6923076923076923,0.7796610169491524,0.846153846153846,0.846153846153846,0.5384615384615384,1.0,-9.090909090909104,-10.394306258713037,False
14551,Old California,Decor,1,77.0,77.0,7.0,69.0,0.09090909090909091,0.2467532467532468,0.44155844155844154,0.675324675324675,0.6103896103896103,0.5714285714285714,0.21739130434782614,0.5714285714285714,0.5714285714285714,0.5714285714285714,2.0,-19.480519480519472,-42.85714285714282,True
471413, YQN-CPF_CA,APS Upholstery,1,77.0,77.0,0.0,52.0,0.0,1.0,0.9090909090909091,1.0,0.36363636363636365,,1.0,,,,1.0,9.090909090909093,0.0,False
445943,"Hangzhou Cloudyard Technology Co., Ltd NJ 08857(2)",APS Outdoor,1,77.0,75.0,5.0,69.0,0.06493506493506493,0.8701298701298698,0.961038961038961,0.7022222222222222,0.5194202898550725,0.6,0.8985507246376808,0.8,1.0,0.4,1.0,-9.090909090909127,16.790764790764754,False
456964,"Shenzhen Loupurr Technology Co., Ltd. NJ 08810",Wayfair,1,77.0,74.0,3.0,74.0,0.03896103896103896,0.7922077922077922,0.8311688311688312,0.9092403214024835,0.714755295836377,1.0,0.7837837837837839,1.0,1.0,1.0,1.0,-3.8961038961038974,-11.70325291946912,False
56873,"Everyday Restaurant Furniture, Inc.",Casegoods,1,77.0,75.0,15.0,54.0,0.19480519480519481,0.844155844155844,0.8051948051948051,0.8577777777777775,0.8054320987654322,0.8666666666666666,0.8703703703703702,0.8666666666666666,0.9333333333333333,0.9333333333333333,2.0,3.8961038961038863,-1.3621933621933535,False
211660,WPNJ5,APS,1,77.0,77.0,0.0,77.0,0.0,0.935064935064935,0.935064935064935,0.8181818181818182,0.7272727272727275,,0.935064935064935,,,,1.0,0.0,11.688311688311682,False
287069,福州群尚工艺品有限公司 NJ 08520,Wayfair,1,77.0,77.0,0.0,77.0,0.0,0.987012987012987,0.9220779220779219,0.8961038961038961,0.8051948051948056,,0.987012987012987,,,,1.0,6.493506493506507,9.090909090909093,False
453663,Zee & Zee Enterprises LLC NJ 08620,Pet,1,77.0,69.0,8.0,66.0,0.1038961038961039,0.35064935064935077,0.6623376623376624,0.6890645586297758,0.6508563899868246,0.625,0.3181818181818183,0.875,0.875,0.875,6.0,-31.16883116883117,-33.8415207980425,True
465994,  DWSAV,APS Mattresses,1,77.0,77.0,0.0,70.0,0.0,0.8441558441558441,0.9090909090909091,0.896103896103896,0.5064935064935066,,0.8857142857142857,,,,1.0,-6.493506493506496,-5.194805194805186,False
39983,KidKraft TX,Youth Furniture & Decor,1,76.0,74.0,0.0,76.0,0.0,1.0,0.9078947368421053,0.9342105263157894,0.8026315789473683,,1.0,,,,1.0,9.210526315789469,6.578947368421062,False
492105,Sundale Outdoor GA 31326,APS AEOF,1,76.0,72.0,1.0,59.0,0.013157894736842105,0.35526315789473684,0.6052631578947367,0.6697269303201507,0.35710922787193977,0.0,0.3389830508474576,1.0,1.0,0.0,1.0,-24.99999999999999,-31.44637724254139,True
1789,Old Modern Handicrafts,Decor,1,76.0,70.0,13.0,59.0,0.17105263157894737,0.9210526315789472,0.8552631578947368,0.8075060532687649,0.6876513317191283,1.0,0.8983050847457624,0.8461538461538461,1.0,0.8461538461538461,1.0,6.57894736842104,11.354657831018233,False
200566,Suzhou Suogesi Network Technology Co Ltd GA 31326,APS,1,76.0,74.0,1.0,62.0,0.013157894736842105,0.6052631578947368,0.7499999999999999,0.7863993025283347,0.4062772449869224,0.0,0.6935483870967742,0.0,0.0,0.0,1.0,-14.473684210526304,-18.113614463359784,True
303955,"Ningbo Weifu Electronic Commerce Co., SC 29927",APS,1,76.0,75.0,6.0,49.0,0.07894736842105263,0.7763157894736841,0.6973684210526316,0.8160544217687076,0.6312925170068027,0.8333333333333334,0.7551020408163264,1.0,1.0,1.0,1.0,7.894736842105243,-3.97386322950235,False
198821,IDEA CREATORS & DESIGNERS PTE. LTD. NC 28792,Decor,1,76.0,76.0,0.0,76.0,0.0,0.5263157894736844,0.9210526315789473,0.7499999999999997,0.6315789473684211,,0.5263157894736844,,,,2.0,-39.473684210526294,-22.368421052631525,True
467237,cixishijuxundianzishangwuyouxiangongsi GA 30519,APS Bedroom,1,76.0,76.0,0.0,75.0,0.0,0.8157894736842106,0.5657894736842103,0.8421052631578946,0.6052631578947366,,0.8133333333333335,,,,1.0,25.000000000000032,-2.631578947368396,False
77294,COTTON RINGS INC CLN1,Soft Home,1,76.0,64.0,10.0,63.0,0.13157894736842105,0.42105263157894735,0.644736842105263,0.6555059523809526,0.6049107142857143,0.5,0.3968253968253968,0.5,0.9,0.9,3.0,-22.36842105263157,-23.445332080200522,True
374797,"Ningbo OuterPro Leisure Products Co.,Ltd. CA 91752",APS Outdoor,1,76.0,75.0,9.0,55.0,0.11842105263157894,0.8684210526315788,0.9473684210526312,0.8298181818181819,0.7107878787878787,0.6666666666666666,0.9090909090909088,0.8888888888888888,1.0,0.5555555555555556,1.0,-7.894736842105243,3.860287081339686,False
357438,"Baoding Kaiman Wool Textile Manufacture Co., Ltd. CA 92346",APS Rugs,1,76.0,75.0,0.0,76.0,0.0,0.9210526315789476,0.8947368421052629,0.8289473684210529,0.7631578947368421,,0.9210526315789476,,,,1.0,2.6315789473684625,9.210526315789469,False
185006,"Wayright, LLC CA 91761",APS,1,76.0,73.0,0.0,40.0,0.0,0.5921052631578947,0.7105263157894736,0.638013698630137,0.3986301369863013,,0.475,,,,1.0,-11.842105263157887,-4.590843547224233,True
51589,Electrolux SP MD 21001,Appliances,1,76.0,71.0,0.0,76.0,0.0,0.5263157894736843,0.6973684210526316,0.9078947368421053,0.8157894736842103,,0.5263157894736843,,,,1.0,-17.105263157894733,-38.1578947368421,True
56269,Vivere NC 27107,Outdoor Furniture,1,76.0,76.0,0.0,76.0,0.0,0.9868421052631579,0.9342105263157895,0.9342105263157897,0.8947368421052632,,0.9868421052631579,,,,1.0,5.263157894736836,5.263157894736814,False
412851,"Shenzhen Huli Network Technology Co., Ltd NJ 08859",APS Upholstery,1,76.0,71.0,1.0,69.0,0.013157894736842105,0.3421052631578948,0.6842105263157894,0.6974892835272505,0.26331904470300066,0.0,0.3478260869565218,0.0,0.0,0.0,1.0,-34.21052631578946,-35.538402036935565,True
287621,"Quanzhou Milien Technology Co., Ltd. CA 92335",APS Bedroom,1,76.0,70.0,0.0,58.0,0.0,0.8026315789473685,0.868421052631579,0.8832512315270934,0.6211822660098523,,0.7586206896551724,,,,1.0,-6.578947368421051,-8.061965257972492,False
66804,MAX FURNITURE INC TX 77521,APS,1,76.0,76.0,0.0,68.0,0.0,0.8157894736842103,0.8289473684210527,0.8815789473684209,0.6447368421052635,,0.7941176470588234,,,,1.0,-1.3157894736842368,-6.578947368421062,False
38837,Markisol USA,Soft Home,1,76.0,73.0,0.0,76.0,0.0,0.38157894736842113,0.6315789473684209,0.7368421052631577,0.46052631578947373,,0.38157894736842113,,,,1.0,-24.99999999999998,-35.526315789473664,True
451286,"Stölzle Lausitz, Inc. DE 19702",Wayfair,1,76.0,71.0,13.0,58.0,0.17105263157894737,0.6710526315789472,0.934210526315789,0.8970373967945605,0.8584264205925207,0.5384615384615384,0.7068965517241377,1.0,1.0,1.0,3.0,-26.31578947368418,-22.598476521561327,True
231364,USNJ-ALEX,APS Home Improvement,1,76.0,74.0,22.0,47.0,0.2894736842105263,0.9342105263157893,0.9473684210526314,0.8959171937895342,0.7625071880391029,0.8636363636363634,0.978723404255319,0.909090909090909,0.9545454545454544,0.7727272727272727,1.0,-1.3157894736842146,3.829333252625511,False
30133,Synnex_1,Kitchen & Small Electrics,1,76.0,76.0,0.0,76.0,0.0,0.6447368421052632,0.6842105263157894,0.7105263157894738,0.5526315789473684,,0.6447368421052632,,,,1.0,-3.9473684210526216,-6.578947368421062,False
292514,zheng zhou xin hu li dian zi shang wu you xian gong si FL 32210,Wayfair,1,76.0,75.0,0.0,75.0,0.0,0.8552631578947368,0.8026315789473681,0.9079111111111108,0.7631999999999999,,0.8533333333333334,,,,1.0,5.263157894736869,-5.264795321637394,False
404190,"Shenzhen Laiwo Trading Co., Ltd. TX 77521",APS K&D,1,76.0,76.0,0.0,70.0,0.0,0.8947368421052629,0.8552631578947368,0.8026315789473686,0.6315789473684214,,0.9428571428571426,,,,1.0,3.9473684210526105,9.210526315789435,False
301600,ZhongShanShiJiuWeiZhiNenZhaoMingKeJiYouXianGongSi CA 91730,Wayfair,1,76.0,76.0,0.0,28.0,0.0,0.881578947368421,0.9342105263157895,0.9342105263157895,0.7763157894736841,,0.8214285714285714,,,,1.0,-5.263157894736848,-5.263157894736848,False
441927,ENSHINES INC TX 77047,APS Bedroom,1,76.0,76.0,0.0,76.0,0.0,0.7631578947368418,0.8289473684210523,0.8289473684210527,0.6578947368421052,,0.7631578947368418,,,,1.0,-6.578947368421051,-6.578947368421084,False
221596,ARMHOU2,APS,1,76.0,75.0,0.0,76.0,0.0,0.6578947368421053,0.644736842105263,0.7631578947368423,0.6315789473684208,,0.6578947368421053,,,,2.0,1.3157894736842257,-10.526315789473696,False
414322,SLM Warehousing TX2 (Baytown),APS Bedroom,1,76.0,75.0,2.0,63.0,0.02631578947368421,0.9342105263157893,0.8026315789473685,0.9081481481481478,0.8156613756613758,1.0,0.9206349206349204,0.5,1.0,0.5,1.0,13.15789473684208,2.6062378167641453,False
138427,Wells International LLC NJ,APS,1,76.0,76.0,0.0,76.0,0.0,0.4605263157894736,0.8026315789473684,0.6973684210526316,0.5131578947368421,,0.4605263157894736,,,,1.0,-34.21052631578947,-23.684210526315802,True
46915,Tema NJ 08016,Casegoods,1,75.0,68.0,7.0,65.0,0.09333333333333334,0.25333333333333335,0.5733333333333333,0.5328054298642535,0.5065610859728507,0.7142857142857143,0.21538461538461545,0.7142857142857143,0.7142857142857143,0.7142857142857143,2.0,-31.99999999999999,-27.947209653092013,True
367051,Y.A.H. Enterprise_1 NJ 08609,Casegoods,1,75.0,75.0,0.0,75.0,0.0,1.0,0.9466666666666664,0.9733333333333334,0.9200000000000002,,1.0,,,,1.0,5.333333333333357,2.6666666666666616,False
438881,"Tang Sheng (Shenzhen) International Trade Co., Ltd NJ 08505",APS Bedroom,1,75.0,75.0,0.0,75.0,0.0,0.6000000000000001,0.7200000000000002,0.8400000000000001,0.5733333333333331,,0.6000000000000001,,,,1.0,-12.00000000000001,-24.0,True
26273,UpCycle Products,Outdoor Structures,1,75.0,73.0,0.0,75.0,0.0,0.8933333333333331,0.9333333333333331,0.9199999999999999,0.8266666666666668,,0.8933333333333331,,,,1.0,-4.0000000000000036,-2.666666666666684,False
28772,Linon CA 92408,Casegoods,1,75.0,74.0,3.0,71.0,0.04,0.7333333333333336,0.8266666666666667,0.866577845451085,0.6800532927293492,1.0,0.7183098591549298,1.0,1.0,1.0,1.0,-9.333333333333304,-13.324451211775134,False
408766,"Nantong Shenglei Textile Co., Ltd. NJ 07885",APS Soft Home,1,75.0,74.0,5.0,70.0,0.06666666666666667,0.8266666666666663,0.9200000000000002,0.706949806949807,0.5198841698841701,0.2,0.8714285714285711,0.6,1.0,0.4,1.0,-9.333333333333382,11.97168597168593,False
6863,"Aquila Art Group, Inc",Hardware,1,75.0,75.0,9.0,66.0,0.12,0.6133333333333332,0.84,0.7600000000000001,0.68,0.7777777777777778,0.5909090909090907,1.0,1.0,0.8888888888888888,1.0,-22.66666666666668,-14.666666666666694,True
107926,HONG KONG HORIZON REACH LIMITED CA 92337,APS Home Improvement,1,75.0,74.0,14.0,43.0,0.18666666666666668,0.6933333333333334,0.8133333333333334,0.8931489629164049,0.5989943431803897,0.5,0.7674418604651163,0.7142857142857142,0.7857142857142857,0.5000000000000001,1.0,-12.0,-19.98156295830715,True
238873,SKC-E-NJ-1IND,APS,1,75.0,74.0,0.0,75.0,0.0,0.6266666666666666,0.7599999999999999,0.5866666666666667,0.18666666666666668,,0.6266666666666666,,,,1.0,-13.33333333333333,3.9999999999999925,True
204910,Nexoes Inc. CA 91789(4),APS,1,75.0,71.0,0.0,72.0,0.0,0.9333333333333333,0.88,0.8802816901408452,0.7206572769953048,,0.9305555555555556,,,,1.0,5.333333333333334,5.305164319248812,False
150213,"SHENZHEN KANGBAI TECHNOLOGY CO., LIMITED NJ 07047",APS Home Improvement,1,75.0,73.0,12.0,63.0,0.16,0.88,0.9199999999999998,0.8938899760817569,0.8010437051532941,1.0,0.857142857142857,1.0,1.0,1.0,1.0,-3.9999999999999813,-1.3889976081756905,False
427372,"ZhenGongfang (Foshan) Trading Co., Ltd GA 30517",APS Housewares & More,1,75.0,73.0,0.0,71.0,0.0,0.7733333333333334,0.7333333333333337,0.786995948292495,0.5606791433532702,,0.7605633802816902,,,,1.0,3.9999999999999702,-1.3662614959161545,False
355518,Kinger CA 91761(2),Decor,1,75.0,70.0,20.0,52.0,0.26666666666666666,0.6533333333333333,0.8666666666666667,0.6832417582417584,0.49423076923076925,0.45,0.7307692307692307,0.7499999999999999,0.75,0.45,1.0,-21.333333333333336,-2.9908424908425046,True
285934,"Shenzhen Laiwo Trading Co., Ltd. GA 31326",APS,1,75.0,75.0,0.0,68.0,0.0,0.5599999999999999,0.7200000000000001,0.68,0.3200000000000002,,0.588235294117647,,,,1.0,-16.000000000000014,-12.00000000000001,True
285927,"Shenzhen Laiwo Trading Co., Ltd. TX 77571",APS,1,75.0,74.0,4.0,61.0,0.05333333333333334,0.7466666666666666,0.8,0.8531236154186974,0.5593708462560922,1.0,0.7540983606557375,0.75,0.75,0.5,1.0,-5.3333333333333455,-10.645694875203082,False
336757,OttLiteTechnologies MO 64116,Lighting,1,75.0,67.0,3.0,58.0,0.04,0.4133333333333333,0.4266666666666667,0.592493199029483,0.4859201529299313,1.0,0.4137931034482758,0.3333333333333333,1.0,0.6666666666666666,2.0,-1.333333333333342,-17.91598656961498,False
414009,"Temai Technology Co.,Limited NJ 08016",APS AEOF,1,75.0,75.0,4.0,68.0,0.05333333333333334,0.8533333333333334,0.9199999999999996,0.8933333333333338,0.7733333333333333,0.5,0.8823529411764707,1.0,1.0,0.75,1.0,-6.666666666666621,-4.000000000000037,False
497010,zhengzhoushijianxingwangluokejiyouxiangongsi NJ 08873,APS Bedroom,1,75.0,75.0,0.0,75.0,0.0,0.96,0.9733333333333332,0.8933333333333331,0.5733333333333336,,0.96,,,,1.0,-1.3333333333333197,6.666666666666687,False
471500,Expo Digital SCM Inc. PA 19460,WGS India,1,74.0,63.0,0.0,74.0,0.0,0.7162162162162161,0.6486486486486486,0.7837837837837839,0.7432432432432432,,0.7162162162162161,,,,2.0,6.756756756756754,-6.756756756756777,False
471595,dingli technology inc CA  91762,APS Home Improvement,1,74.0,73.0,1.0,73.0,0.013513513513513514,1.0,0.9459459459459459,0.9052355038468751,0.9052355038468751,1.0,1.0,0.0,0.0,0.0,1.0,5.405405405405405,9.476449615312488,False
7685,Daltile TX75182,Flooring,1,74.0,72.0,0.0,74.0,0.0,0.8783783783783786,0.8513513513513514,0.8378378378378378,0.7432432432432432,,0.8783783783783786,,,,1.0,2.7027027027027195,4.054054054054079,False
206970,"FoShan XiNiu Outdoor Product Co., Ltd CA 93725",APS,1,74.0,74.0,0.0,74.0,0.0,0.9729729729729731,0.8783783783783782,0.8243243243243243,0.5540540540540542,,0.9729729729729731,,,,1.0,9.459459459459495,14.86486486486488,False
279557,LGSAV,APS Outdoor,1,74.0,73.0,0.0,50.0,0.0,0.8648648648648648,0.7567567567567568,0.9189041095890411,0.7838356164383562,,0.8399999999999999,,,,1.0,10.8108108108108,-5.403924472417632,False
399373,"LINHAI BOXING ARTS AND CRAFTS CO.,LTD. GA 31326",APS Outdoor,1,74.0,74.0,0.0,73.0,0.0,0.9864864864864865,1.0,0.9729729729729731,0.9054054054054056,,0.9863013698630136,,,,1.0,-1.3513513513513487,1.3513513513513375,False
3997,Coaster FL- 33025-3975,Casegoods,1,74.0,73.0,1.0,70.0,0.013513513513513514,0.9864864864864865,0.8378378378378379,0.9324853228962819,0.7164383561643836,1.0,0.9857142857142858,1.0,1.0,1.0,1.0,14.864864864864858,5.400116359020457,False
35151,Season Flower,Decor,1,74.0,74.0,8.0,66.0,0.10810810810810811,0.9054054054054054,0.9054054054054054,0.9054054054054054,0.8243243243243243,0.75,0.9242424242424241,0.875,0.875,0.75,1.0,0.0,0.0,False
117162,BISSELL Homecare Inc. TX 75134,Kitchen & Small Electrics,1,74.0,73.0,0.0,52.0,0.0,0.9054054054054054,0.8783783783783784,0.9333748443337483,0.8262764632627644,,0.9230769230769232,,,,1.0,2.7027027027026973,-2.7969438928342916,False
320652,MSI CA 92865 (2),Flooring,1,74.0,73.0,8.0,64.0,0.10810810810810811,0.44594594594594605,0.7297297297297298,0.8244863013698631,0.7029109589041098,1.0,0.3906250000000001,1.0,1.0,1.0,2.0,-28.37837837837838,-37.854035542391706,True
142721,Stumps Custom Wood OH 44875,Storage & Org - Frequency,1,74.0,69.0,1.0,73.0,0.013513513513513514,0.013513513513513514,0.41891891891891897,0.5274965257097479,0.4464959301171333,0.0,0.0136986301369863,1.0,1.0,1.0,7.0,-40.54054054054055,-51.39830121962344,True
236409,COTTONPASSION US INCORPORATED NY 14623,Wayfair,1,74.0,73.0,0.0,74.0,0.0,0.9189189189189191,0.8378378378378377,0.7972972972972973,0.6351351351351352,,0.9189189189189191,,,,1.0,8.108108108108137,12.162162162162183,False
446459,chengduyanzhiguikejiyouxiangongsi 728 SAV,APS Upholstery,1,74.0,74.0,4.0,65.0,0.05405405405405406,0.7297297297297297,0.8108108108108109,0.8378378378378379,0.5270270270270272,0.75,0.7384615384615385,0.75,1.0,0.5,1.0,-8.108108108108114,-10.810810810810823,False
366675,JB SOUTHERN CONTRACTORS LLC CA 91744,Storage & Org - Frequency,1,74.0,74.0,47.0,16.0,0.6351351351351351,0.8243243243243242,0.8783783783783784,0.7837837837837837,0.7027027027027026,0.8723404255319147,0.8124999999999999,0.9148936170212767,0.8510638297872339,0.7872340425531913,1.0,-5.405405405405417,4.054054054054057,False
37894,Ekena Millwork TX 75426,Flooring,1,74.0,73.0,4.0,68.0,0.05405405405405406,0.6756756756756755,0.8378378378378375,0.7562449637389204,0.6887590652699436,0.0,0.7205882352941175,0.25,0.25,0.25,1.0,-16.216216216216196,-8.056928806324482,True
154398,Comfort Home Inc GA 30518,APS Outdoor,1,74.0,73.0,8.0,64.0,0.10810810810810811,0.8243243243243243,0.9054054054054054,0.865154109589041,0.7977311643835617,0.875,0.8125,1.0,1.0,1.0,2.0,-8.108108108108103,-4.0829785264716705,False
86084,Smartlet Bidet CA 91730(2),Plumbing,1,74.0,69.0,17.0,53.0,0.22972972972972974,0.7297297297297295,0.864864864864865,0.8424938474159145,0.6346732294230243,0.8235294117647058,0.7169811320754714,0.9411764705882352,1.0,0.6470588235294118,1.0,-13.513513513513553,-11.2764117686185,True
460480,USSAV03.,APS Bedroom,1,74.0,72.0,8.0,64.0,0.10810810810810811,0.9594594594594594,0.918918918918919,0.8680555555555556,0.7847222222222222,0.875,0.96875,0.75,0.75,0.75,1.0,4.0540540540540455,9.140390390390385,False
337147,"DANDELION INTERNATIONAL, INC. NJ 08016",APS AEOF,1,74.0,74.0,0.0,74.0,0.0,0.9864864864864865,0.9594594594594597,0.8648648648648646,0.8108108108108107,,0.9864864864864865,,,,1.0,2.702702702702686,12.162162162162193,False
316818,Stellweilan Tessberg LLC GA 31326,Storage & Org,1,73.0,69.0,0.0,67.0,0.0,0.6575342465753424,0.8630136986301369,0.8628596149686352,0.5178455548345228,,0.7164179104477612,,,,1.0,-20.547945205479444,-20.532536839329275,True
15826,Eastern Rugs,Rugs,1,73.0,72.0,4.0,68.0,0.0547945205479452,0.8630136986301371,0.8493150684931507,0.8357843137254903,0.6574754901960786,0.75,0.8676470588235295,0.75,1.0,0.5,1.0,1.3698630136986356,2.722938490464677,False
58055,Organize Ventures Inc,Appliances,1,73.0,72.0,14.0,58.0,0.1917808219178082,0.7534246575342465,0.9315068493150683,0.7270114942528735,0.5488505747126438,0.7857142857142858,0.7413793103448275,0.9285714285714285,1.0,0.7857142857142858,1.0,-17.808219178082187,2.6413163281372998,True
67364,Bodum USA Inc. IL,Tabletop,1,73.0,72.0,0.0,73.0,0.0,0.917808219178082,0.9315068493150683,0.917808219178082,0.917808219178082,,0.917808219178082,,,,1.0,-1.3698630136986356,0.0,False
440117,Liangcang-SAV-01,APS Home Improvement,1,73.0,71.0,0.0,70.0,0.0,0.671232876712329,0.8630136986301368,0.8627766599597585,0.3971830985915492,,0.6714285714285716,,,,1.0,-19.178082191780778,-19.15437832474295,True
341160,MAKE MNY LLC CA 91731,Wayfair,1,73.0,73.0,13.0,49.0,0.1780821917808219,0.8356164383561642,0.8493150684931509,0.7123287671232876,0.6438356164383562,0.6153846153846154,0.897959183673469,0.9230769230769231,0.9230769230769231,0.846153846153846,1.0,-1.369863013698669,12.328767123287655,False
356714,  GC-WE-21,APS AEOF,1,73.0,72.0,20.0,46.0,0.273972602739726,0.9041095890410957,0.8630136986301368,0.8777173913043477,0.8091787439613526,0.9499999999999998,0.8695652173913042,0.8499999999999999,1.0,0.9,1.0,4.109589041095896,2.6392197736748058,False
338877,九方-美南-GA02,APS Other,1,73.0,72.0,6.0,63.0,0.0821917808219178,0.4246575342465754,0.6027397260273971,0.740079365079365,0.589506172839506,0.5,0.41269841269841273,0.5,0.8333333333333334,0.6666666666666666,2.0,-17.808219178082176,-31.542183083278964,True
25488,PRIME COOK,Kitchen & Small Electrics,1,73.0,73.0,3.0,70.0,0.0410958904109589,0.8904109589041096,0.9315068493150687,0.9726027397260272,0.8219178082191783,0.6666666666666666,0.8999999999999999,1.0,1.0,1.0,1.0,-4.109589041095907,-8.219178082191759,False
295126,XH WP_HOU6 TX 77429,APS,1,73.0,73.0,0.0,73.0,0.0,0.9452054794520546,0.8904109589041096,0.9726027397260272,0.6575342465753425,,0.9452054794520546,,,,1.0,5.479452054794498,-2.73972602739726,False
302798,"GSC, Inc. CA 91762",Decor,1,73.0,71.0,0.0,72.0,0.0,0.8493150684931506,0.8904109589041092,0.9452269170579031,0.8079029733959312,,0.8611111111111112,,,,1.0,-4.109589041095852,-9.591184856475243,False
509027,Shanghaiyiweierkejiyouxiangongsi NJ 08068,APS Home Improvement,1,73.0,73.0,1.0,70.0,0.0136986301369863,0.9041095890410958,0.9041095890410958,0.945205479452055,0.8904109589041096,0.0,0.9142857142857143,1.0,1.0,0.0,1.0,0.0,-4.1095890410959175,False
6790,Koverton,Decor,1,73.0,71.0,19.0,52.0,0.2602739726027397,0.5753424657534246,0.9726027397260272,0.8640303358613215,0.5216684723726978,0.7894736842105262,0.5,1.0,0.9473684210526315,0.6842105263157895,1.0,-39.72602739726025,-28.86878701078969,True
452027,Guangzhou Pangwei Technology Co. CA 91761,APS Outdoor,1,73.0,70.0,0.0,73.0,0.0,0.9863013698630136,0.917808219178082,0.863013698630137,0.7945205479452052,,0.9863013698630136,,,,1.0,6.849315068493167,12.328767123287665,False
40738,HDS TRADING CORP NJ,Storage & Org - Frequency,1,73.0,70.0,0.0,73.0,0.0,0.3424657534246577,0.9315068493150684,0.8904109589041092,0.35616438356164387,,0.3424657534246577,,,,1.0,-58.90410958904108,-54.79452054794515,True
450954,CAN_SHENZHENSHI JULIBAIBIAN KEJIYOUXIANGONGSI ON L9E 0E9,APS K&D,1,73.0,72.0,0.0,73.0,0.0,0.808219178082192,0.9726027397260272,0.9726027397260274,0.958904109589041,,0.808219178082192,,,,2.0,-16.438356164383517,-16.43835616438354,True
54409,Telebrands,Storage & Org - Frequency,1,73.0,72.0,10.0,63.0,0.136986301369863,0.6986301369863014,0.8493150684931509,0.890652557319224,0.7676366843033509,0.9,0.6666666666666666,1.0,1.0,1.0,4.0,-15.068493150684947,-19.20224203329226,True
501329,Maxaya LLC FL 32809,Casegoods,1,73.0,71.0,0.0,47.0,0.0,0.9452054794520548,0.7945205479452054,0.905004495055439,0.8375786634701827,,0.9361702127659572,,,,1.0,15.068493150684937,4.020098439661579,False
35845,Universal Furniture NC,Casegoods,1,73.0,69.0,0.0,73.0,0.0,0.9726027397260276,0.9041095890410957,0.9041095890410957,0.8219178082191781,,0.9726027397260276,,,,1.0,6.849315068493189,6.849315068493189,False
352330,"Shenzhen Haoding Technology Co., Ltd CA 92337",Wayfair,1,73.0,73.0,2.0,64.0,0.0273972602739726,0.8082191780821919,0.821917808219178,0.8630136986301369,0.6164383561643837,1.0,0.7968750000000001,1.0,1.0,1.0,1.0,-1.3698630136986134,-5.479452054794498,False
190781,Witforms LLC NJ 07424,Appliances,1,73.0,68.0,0.0,73.0,0.0,0.4794520547945205,0.6301369863013699,0.6986301369863014,0.6438356164383563,,0.4794520547945205,,,,3.0,-15.068493150684942,-21.917808219178088,True
433288,Suzhouyidunyingbangjishuyouxiangongsi TX 77035,APS Outdoor,1,73.0,70.0,2.0,68.0,0.0273972602739726,0.0547945205479452,0.6301369863013697,0.6840336134453778,0.45189075630252096,0.0,0.029411764705882353,1.0,0.0,0.0,1.0,-57.53424657534245,-62.923909289743264,True
334005,Butler IL 60638,Casegoods,1,73.0,72.0,1.0,72.0,0.0136986301369863,0.9041095890410955,0.9726027397260272,0.8902391975308639,0.7669753086419754,1.0,0.9027777777777773,1.0,0.0,0.0,1.0,-6.849315068493167,1.3870391510231617,False
29430,"Kurt S. Adler, Inc. NJ",Decor,1,73.0,72.0,0.0,73.0,0.0,0.8082191780821919,0.9041095890410957,0.9041095890410956,0.7534246575342466,,0.8082191780821919,,,,1.0,-9.589041095890384,-9.589041095890371,False
478513,HONG KONG LINSYHOME INTERNATIONAL TRADING LIMITED CA 92518,APS Bedroom,1,73.0,73.0,1.0,71.0,0.0136986301369863,0.9041095890410958,0.9315068493150683,0.8630136986301371,0.6712328767123288,1.0,0.9014084507042253,1.0,1.0,1.0,1.0,-2.739726027397249,4.109589041095873,False
47068,Daylight 24,Lighting,1,73.0,72.0,0.0,73.0,0.0,0.6164383561643835,0.8493150684931511,0.8904109589041096,0.6575342465753427,,0.6164383561643835,,,,1.0,-23.28767123287676,-27.397260273972613,True
348847,"Suzhou Zichen Trading Co., Ltd. CA 90040",APS Bedroom,1,73.0,72.0,25.0,47.0,0.3424657534246575,0.9452054794520546,0.9452054794520544,0.918144208037825,0.8634751773049643,0.9599999999999999,0.9361702127659571,0.9599999999999999,0.9599999999999999,0.9199999999999998,1.0,2.220446049250313e-14,2.7061271414229537,False
349621,"Yangjiang Yunning Trading Co., Ltd GA 30122",Wayfair,1,73.0,71.0,1.0,20.0,0.0136986301369863,0.8904109589041092,0.6849315068493149,0.3225352112676056,0.22535211267605632,0.0,0.7999999999999999,0.0,0.0,0.0,1.0,20.547945205479422,56.78757476365035,False
414794,"Kunming Wuhua District Lvchenman Trading Co., Ltd GA 31408",APS Housewares & More,1,73.0,72.0,6.0,60.0,0.0821917808219178,0.43835616438356184,0.7945205479452055,0.7675925925925926,0.4659722222222222,0.16666666666666666,0.5166666666666668,0.5,0.8333333333333334,0.5,2.0,-35.61643835616437,-32.923642820903076,True
349497,MagicAmazingInc. CA 91761,APS Home Improvement,1,72.0,71.0,0.0,54.0,0.0,0.5138888888888888,0.8611111111111109,0.7089201877934271,0.4175795513823684,,0.4814814814814814,,,,1.0,-34.72222222222221,-19.50312989045383,True
466454,        CA008,APS Outdoor,1,72.0,70.0,2.0,65.0,0.027777777777777776,0.9722222222222222,0.9027777777777778,0.8920146520146517,0.835750915750916,1.0,0.9846153846153846,1.0,1.0,1.0,1.0,6.944444444444442,8.020757020757053,False
46590,New Classic CA 92336,Casegoods,1,72.0,71.0,0.0,72.0,0.0,1.0,0.6111111111111108,0.7916666666666665,0.6944444444444443,,1.0,,,,1.0,38.888888888888914,20.83333333333335,False
36624,Napco Marketing Corp,Decor,1,72.0,71.0,17.0,53.0,0.2361111111111111,0.8194444444444446,0.9444444444444442,0.9585437151209141,0.7783683231464256,0.9411764705882352,0.7735849056603776,1.0,1.0,0.8823529411764705,1.0,-12.499999999999956,-13.909927067646944,True
117486,EP Designlab LLC CA,APS Home Improvement,1,72.0,67.0,0.0,72.0,0.0,0.8749999999999998,0.9027777777777778,0.888888888888889,0.8472222222222222,,0.8749999999999998,,,,1.0,-2.777777777777801,-1.3888888888889173,False
301117,"Golden Bull Marketing, LLC GA 31322",Outdoor Structures,1,72.0,72.0,0.0,72.0,0.0,0.9166666666666666,0.8888888888888891,0.8888888888888888,0.75,,0.9166666666666666,,,,1.0,2.777777777777757,2.777777777777779,False
412465,W Appliance Co. PA 18344,Appliances,1,72.0,72.0,0.0,72.0,0.0,0.9722222222222222,0.972222222222222,0.9305555555555556,0.8055555555555555,,0.9722222222222222,,,,1.0,2.220446049250313e-14,4.1666666666666625,False
412887,Kalaty Rug Corp GA 30720,PG Rugs,1,72.0,71.0,0.0,72.0,0.0,1.0,0.8611111111111112,0.8888888888888888,0.7638888888888887,,1.0,,,,1.0,13.888888888888884,11.111111111111116,False
36428,DigDefence MO 64850,Pet,1,72.0,72.0,0.0,72.0,0.0,0.9583333333333334,0.7916666666666667,0.8472222222222225,0.7777777777777781,,0.9583333333333334,,,,1.0,16.666666666666664,11.111111111111082,False
25225,Comfort Research MI,Upholstery,1,72.0,72.0,0.0,72.0,0.0,0.3333333333333335,0.5277777777777778,0.7916666666666667,0.5416666666666664,,0.3333333333333335,,,,2.0,-19.444444444444432,-45.83333333333333,True
443332,Wyoming DE 19713 ,Decor,1,72.0,68.0,8.0,62.0,0.1111111111111111,0.055555555555555546,0.6805555555555554,0.7348197343453511,0.6228652751423148,0.0,0.06451612903225805,0.625,0.625,0.375,4.0,-62.49999999999998,-67.92641787897955,True
24578,Hutzler,Kitchen & Small Electrics,1,72.0,72.0,4.0,68.0,0.05555555555555555,0.9305555555555556,0.9027777777777778,0.9166666666666666,0.7638888888888888,1.0,0.9264705882352942,0.75,1.0,0.75,1.0,2.777777777777779,1.388888888888895,False
19948,Algreen Products Inc. NY 14223,Outdoor Structures,1,72.0,72.0,0.0,72.0,0.0,1.0,1.0,0.9861111111111112,0.9722222222222222,,1.0,,,,1.0,0.0,1.388888888888884,False
10985,BRASS Accents Inc.,Hardware,1,72.0,70.0,3.0,69.0,0.041666666666666664,0.9722222222222222,0.9166666666666666,0.9445134575569359,0.9167701863354036,1.0,0.9710144927536232,1.0,1.0,1.0,1.0,5.555555555555558,2.7708764665286267,False
3995,Coaster TX- 76155-2733,Casegoods,1,72.0,72.0,0.0,71.0,0.0,0.40277777777777785,0.5416666666666669,0.8749999999999998,0.34722222222222227,,0.3943661971830986,,,,1.0,-13.8888888888889,-47.22222222222219,True
405824,CA-SEAO,Casegoods,1,72.0,70.0,0.0,72.0,0.0,0.6666666666666665,0.9166666666666665,0.8888888888888888,0.7222222222222222,,0.6666666666666665,,,,2.0,-25.0,-22.222222222222232,True
301758,Homewise Solutions LLC CA 91761,APS,1,72.0,72.0,35.0,25.0,0.4861111111111111,0.5,0.7916666666666667,0.8333333333333334,0.34722222222222215,0.4571428571428571,0.6400000000000001,0.8000000000000003,0.9428571428571428,0.39999999999999997,1.0,-29.166666666666675,-33.333333333333336,True
484546,Addison Ross CT 06484,PG Decor,1,72.0,70.0,0.0,72.0,0.0,0.625,0.9027777777777776,0.763888888888889,0.5833333333333331,,0.625,,,,2.0,-27.777777777777757,-13.888888888888895,True
96181,WANHENG TRADING LIMITED CA 91748,Other,1,72.0,72.0,24.0,46.0,0.3333333333333333,0.9583333333333334,0.9305555555555556,1.0,1.0,1.0,0.9347826086956522,1.0,1.0,1.0,7.0,2.777777777777779,-4.1666666666666625,False
41460,CAN_New Age Pet_CG ON N1C 0A8,Pet,1,71.0,71.0,0.0,71.0,0.0,1.0,1.0,0.9718309859154931,0.9718309859154931,,1.0,,,,2.0,0.0,2.8169014084506894,False
41365,Barrette Outdoor Living TN37813,Outdoor Structures,1,71.0,69.0,0.0,71.0,0.0,0.9154929577464789,0.7605633802816901,0.859154929577465,0.7183098591549296,,0.9154929577464789,,,,1.0,15.492957746478876,5.63380281690139,False
218597,HOME -ELFEVA-C2389,Decor,1,71.0,69.0,2.0,69.0,0.028169014084507043,0.5774647887323943,0.1830985915492958,0.19701743331232943,0.1547994118882588,0.5,0.5797101449275361,0.0,0.0,0.0,1.0,39.43661971830984,38.04473554200648,False
63386,HGmart Inc. CA 92881,Soft Home,1,71.0,69.0,2.0,68.0,0.028169014084507043,0.9859154929577465,0.8873239436619716,0.8734015345268541,0.8171355498721229,0.5,1.0,1.0,1.0,1.0,1.0,9.859154929577485,11.25139584308924,False
363247,"Ningbo Xiangni Technology Co., Ltd. GA 31326",Wayfair,1,71.0,70.0,7.0,42.0,0.09859154929577464,0.9295774647887324,0.7323943661971831,0.9299319727891155,0.717687074829932,1.0,0.9047619047619045,1.0,1.0,1.0,1.0,19.718309859154925,-0.03545080003831691,False
331993,Ning Bo Jing Wei Dian Zi Shang Wu You IL 60439,APS,1,71.0,71.0,0.0,71.0,0.0,0.8591549295774646,0.8028169014084507,0.9295774647887322,0.7183098591549296,,0.8591549295774646,,,,1.0,5.63380281690139,-7.042253521126751,False
338772,Fiximaster LLC GA 31326(2),APS K&D,1,71.0,70.0,3.0,64.0,0.04225352112676056,0.9577464788732394,0.9014084507042253,0.9292410714285714,0.8587053571428569,1.0,0.9687499999999999,1.0,1.0,1.0,1.0,5.633802816901412,2.8505407444668007,False
101953,Ashcroft Imports TX,Upholstery,1,71.0,71.0,0.0,71.0,0.0,0.9859154929577465,0.9436619718309861,0.9436619718309855,0.9154929577464787,,0.9859154929577465,,,,1.0,4.22535211267604,4.225352112676095,False
362334,shandongbeilienjiajukejiyouxiangongsi PA 18064,APS Soft Home,1,71.0,71.0,1.0,68.0,0.014084507042253521,0.7464788732394366,0.9436619718309859,0.9859154929577465,0.7887323943661975,1.0,0.75,1.0,1.0,1.0,1.0,-19.718309859154925,-23.943661971830988,True
12083,Cedar Green NJ 08844,Hardware,1,71.0,71.0,4.0,66.0,0.056338028169014086,0.6619718309859154,0.76056338028169,0.7323943661971831,0.5633802816901409,0.0,0.712121212121212,0.25,0.5,0.0,1.0,-9.859154929577462,-7.042253521126773,False
17010,Cobra Trading,Tabletop,1,71.0,69.0,0.0,71.0,0.0,0.7605633802816897,0.6338028169014083,0.8028169014084509,0.5211267605633805,,0.7605633802816897,,,,1.0,12.676056338028141,-4.225352112676117,False
223796,Escalade Sports WI 53104 (Brunswick Billiards),Recreation,1,71.0,59.0,1.0,70.0,0.014084507042253521,0.39436619718309857,0.6197183098591548,0.6067796610169491,0.4523002421307507,1.0,0.38571428571428573,1.0,1.0,1.0,1.0,-22.53521126760562,-21.241346383385057,True
348630,SHENZHENSHI JULIBAIBIAN KEJIYOUXIANGONGSI NJ 08873,APS K&D,1,71.0,71.0,0.0,71.0,0.0,0.7464788732394364,0.7887323943661971,0.8450704225352117,0.5352112676056339,,0.7464788732394364,,,,1.0,-4.225352112676073,-9.85915492957753,False
223807,William meixi,Lighting,1,71.0,71.0,0.0,71.0,0.0,1.0,0.9295774647887324,0.8591549295774646,0.7746478873239436,,1.0,,,,1.0,7.042253521126762,14.084507042253536,False
207191,CAN_Heavenly Collection NY 14132,CA Casegoods,1,71.0,51.0,0.0,71.0,0.0,0.4507042253521128,0.619718309859155,0.4225352112676056,0.4084507042253522,,0.4507042253521128,,,,1.0,-16.90140845070422,2.8169014084507173,True
36569,ComptreeIncNJ08810,APS,1,71.0,70.0,3.0,62.0,0.04225352112676056,0.5070422535211265,0.8591549295774649,0.8875576036866359,0.39447004608294933,0.3333333333333333,0.4999999999999998,0.6666666666666666,1.0,0.3333333333333333,1.0,-35.211267605633836,-38.05153501655094,True
446692,Walraime Inc. CA 92880-0001,APS Upholstery,1,71.0,63.0,0.0,71.0,0.0,0.7183098591549295,0.8028169014084511,0.7323943661971829,0.45070422535211274,,0.7183098591549295,,,,1.0,-8.450704225352156,-1.4084507042253391,False
8200,W.A.C.-NY 11530,Lighting,1,71.0,70.0,0.0,70.0,0.0,0.9014084507042254,0.9577464788732393,0.8308163265306122,0.746326530612245,,0.9142857142857143,,,,1.0,-5.63380281690139,7.059212417361316,False
411389,Visco Link Inc CA 91702,Outdoor Furniture,1,71.0,68.0,0.0,71.0,0.0,0.8873239436619718,0.9014084507042253,0.9154929577464788,0.7042253521126763,,0.8873239436619718,,,,1.0,-1.4084507042253502,-2.8169014084507005,False
358789,Yantai Nanmudianzikeji Youxiangongsi TX 77047,APS Rugs,1,71.0,69.0,0.0,71.0,0.0,0.8028169014084507,0.8169014084507041,0.8450704225352113,0.6478873239436619,,0.8028169014084507,,,,1.0,-1.4084507042253391,-4.225352112676051,False
410002,quanzhoushilianqiangdianzi LLC NJ 07026,APS Bedroom,1,71.0,71.0,0.0,70.0,0.0,0.7323943661971829,0.9436619718309858,0.6338028169014084,0.5070422535211264,,0.7428571428571427,,,,1.0,-21.126760563380287,9.859154929577452,True
505162,USATL02,APS Bedroom,1,70.0,70.0,0.0,69.0,0.0,0.8999999999999999,0.914285714285714,0.8999999999999999,0.8285714285714285,,0.898550724637681,,,,1.0,-1.4285714285714124,0.0,False
366538,Noxart LLC NJ 07004,Decor,1,70.0,70.0,0.0,70.0,0.0,0.9,0.8999999999999999,0.8999999999999999,0.8714285714285716,,0.9,,,,1.0,1.1102230246251565e-14,1.1102230246251565e-14,False
321188,Mirage Capital Corp IL 60502,Casegoods,1,70.0,59.0,0.0,70.0,0.0,0.7285714285714283,0.914285714285714,0.7571428571428568,0.6571428571428573,,0.7285714285714283,,,,1.0,-18.571428571428573,-2.857142857142847,True
461808,"Zhongshan Taidiheng Lighting Co., Ltd. NJ 07094",APS Home Improvement,1,70.0,70.0,0.0,70.0,0.0,0.8142857142857145,0.9857142857142855,0.9428571428571428,0.7571428571428571,,0.8142857142857145,,,,1.0,-17.142857142857103,-12.857142857142833,True
250975,EC EXPORT INC. TX 75028,APS,1,70.0,70.0,0.0,47.0,0.0,0.8857142857142855,0.8714285714285716,0.8142857142857141,0.6142857142857142,,0.8936170212765955,,,,1.0,1.4285714285713902,7.14285714285714,False
248864,NingboXinshengBaozhuangyinngsi NJ 08817,APS Bedroom,1,70.0,69.0,0.0,65.0,0.0,0.8571428571428572,0.8142857142857142,0.8000000000000002,0.5716833890746935,,0.8615384615384617,,,,1.0,4.285714285714304,5.714285714285705,False
234281,Emery Jensen OH 43162,Decor,1,70.0,69.0,0.0,69.0,0.0,0.9714285714285714,0.9428571428571428,0.9714345725687881,0.8571728628439401,,0.9710144927536232,,,,1.0,2.857142857142858,-0.0006001140216649326,False
139369,Colorado,Soft Home,1,70.0,67.0,0.0,70.0,0.0,0.6285714285714288,0.7999999999999998,0.8142857142857143,0.6857142857142857,,0.6285714285714288,,,,1.0,-17.142857142857103,-18.571428571428548,True
316947,Universe Home Inc. NJ 07001 ,APS,1,70.0,70.0,0.0,70.0,0.0,0.9857142857142858,0.9571428571428572,0.9857142857142858,0.8857142857142858,,0.9857142857142858,,,,1.0,2.857142857142858,0.0,False
360059,Caro Home GA 30213,Soft Home,1,70.0,68.0,2.0,68.0,0.02857142857142857,0.5571428571428573,0.7857142857142858,0.8429930795847751,0.6712802768166091,0.5,0.5588235294117648,1.0,1.0,0.5,1.0,-22.857142857142854,-28.585022244191784,True
361071,"ART TO WALK ON, INC. FL 34653",Soft Home,1,70.0,68.0,1.0,59.0,0.014285714285714285,0.2,0.5571428571428569,0.6859421734795612,0.6149052841475572,0.0,0.1864406779661017,1.0,1.0,1.0,4.0,-35.714285714285694,-48.59421734795612,True
435374,shenzhen weimoli dianzishangwuyouxiangongsi GA 31407,APS Home Improvement,1,70.0,69.0,2.0,62.0,0.02857142857142857,0.7999999999999999,0.7999999999999998,0.81439925198691,0.6005142589995325,1.0,0.7903225806451611,1.0,1.0,1.0,1.0,1.1102230246251565e-14,-1.4399251986910055,False
110264,MDesign Village NJ 08873,Youth Furniture & Decor,1,70.0,70.0,0.0,70.0,0.0,0.6571428571428571,0.9571428571428573,0.7857142857142859,0.5714285714285712,,0.6571428571428571,,,,3.0,-30.000000000000014,-12.857142857142879,True
305982,Forno CA 91730,Appliances,1,70.0,67.0,7.0,59.0,0.1,0.0,0.7285714285714285,0.7875031621553253,0.44447255249177836,0.0,0.0,1.0,1.0,0.7142857142857143,2.0,-72.85714285714285,-78.75031621553254,True
283546,Sapience Home Decor CA 91761,Decor,1,70.0,70.0,0.0,68.0,0.0,0.9,0.8000000000000002,0.8999999999999998,0.8714285714285713,,0.8970588235294118,,,,1.0,9.999999999999986,2.220446049250313e-14,False
370316,"Hangzhoulingximaoyi Co., Ltd. IL 60527",Wayfair,1,70.0,59.0,0.0,54.0,0.0,0.4142857142857143,0.08571428571428572,0.15881983678593847,0.10483364720652856,,0.4074074074074074,,,,1.0,32.85714285714286,25.546587749977583,False
109788,Karat Home Inc (14 Karat) CA 90248,APS Upholstery,1,70.0,70.0,0.0,70.0,0.0,0.8714285714285714,0.914285714285714,0.914285714285714,0.8571428571428572,,0.8714285714285714,,,,3.0,-4.28571428571426,-4.28571428571426,False
239346,Annie Selke NJ 08512,PG Rugs,1,70.0,54.0,0.0,70.0,0.0,0.7714285714285712,0.742857142857143,0.6000000000000001,0.5571428571428573,,0.7714285714285712,,,,2.0,2.857142857142825,17.142857142857114,False
132737,"The Joneses NY, LLC NY 11516",Kitchen & Small Electrics,1,70.0,66.0,0.0,70.0,0.0,0.9,0.8142857142857145,0.8571428571428572,0.6857142857142857,,0.9,,,,1.0,8.571428571428552,4.285714285714281,False
296279,FAVICLA CORP CA 92337,APS Youth,1,70.0,64.0,18.0,47.0,0.2571428571428571,0.8285714285714285,0.8142857142857143,0.7955452127659574,0.7819148936170212,1.0,0.7446808510638296,1.0,1.0,1.0,1.0,1.4285714285714235,3.302621580547116,False
155962,Compamia FL 33147,Outdoor Furniture,1,69.0,69.0,43.0,20.0,0.6231884057971014,0.7971014492753621,0.9855072463768116,0.9420289855072461,0.9130434782608695,0.8139534883720927,0.7500000000000001,1.0,0.9767441860465115,0.9767441860465115,3.0,-18.840579710144954,-14.492753623188403,True
150928,Lanbo Appliances CA 91761,Appliances,1,69.0,69.0,12.0,56.0,0.17391304347826086,0.17391304347826084,0.7246376811594201,0.855072463768116,0.5507246376811592,0.08333333333333333,0.17857142857142855,0.8333333333333334,1.0,0.49999999999999994,2.0,-55.072463768115924,-68.11594202898551,True
442400,shen zhen shi hai rui tai ke ji you xian gong si NJ 08527,APS Upholstery,1,69.0,64.0,5.0,57.0,0.07246376811594203,0.43478260869565216,0.8405797101449276,0.6565241228070176,0.4073464912280701,0.4,0.45614035087719296,1.0,1.0,0.8,1.0,-40.579710144927546,-22.17415141113654,True
295762,"Yiwu Binsai Import and Export Co., Ltd. NJ 08817",APS,1,69.0,69.0,0.0,68.0,0.0,0.7101449275362322,0.8405797101449275,0.4927536231884058,0.28985507246376835,,0.7058823529411767,,,,1.0,-13.043478260869534,21.739130434782634,True
365083,"SHENZHEN SEENDA TECHNOLOGY CO.,LTD. GA 31405",APS Home Improvement,1,69.0,67.0,0.0,69.0,0.0,0.8840579710144927,0.855072463768116,0.9275362318840579,0.7246376811594202,,0.8840579710144927,,,,1.0,2.898550724637672,-4.347826086956519,False
461697,Eurica Enterprise Inc. CA 91786,APS Home Improvement,1,69.0,65.0,0.0,69.0,0.0,1.0,0.9275362318840578,0.8550724637681161,0.7826086956521741,,1.0,,,,1.0,7.246376811594224,14.492753623188392,False
270045,"MIR Group, Inc. NJ 07305",Flooring,1,69.0,61.0,9.0,58.0,0.13043478260869565,0.608695652173913,0.898550724637681,0.6704352741661956,0.47314867156585627,0.11111111111111113,0.6896551724137929,1.0,0.8888888888888888,0.22222222222222227,1.0,-28.985507246376805,-6.173962199228267,True
284772,From the Tree Furniture FL 33178,Casegoods,1,69.0,68.0,0.0,67.0,0.0,0.9275362318840579,0.8405797101449278,0.92756804214223,0.7100526777875328,,0.9253731343283581,,,,1.0,8.695652173913004,-0.00318102581721158,False
480045,"Foshan Mingyang Furniture Co., Ltd. AL 92879",APS Bedroom,1,69.0,69.0,3.0,66.0,0.043478260869565216,0.9130434782608695,0.8695652173913042,0.8695652173913042,0.6956521739130432,1.0,0.909090909090909,1.0,1.0,1.0,1.0,4.34782608695653,4.34782608695653,False
60150,"FoShan XiNiu Outdoor Product Co., Ltd GA 30331",APS,1,69.0,69.0,1.0,68.0,0.014492753623188406,0.9420289855072463,0.8985507246376808,0.8260869565217389,0.6086956521739132,1.0,0.9411764705882352,1.0,1.0,1.0,1.0,4.347826086956552,11.594202898550742,False
440336,"Hong Kong Qingkong Home Furnishing Co., Limited TX 75074",Soft Home,1,69.0,69.0,9.0,56.0,0.13043478260869565,0.898550724637681,0.8840579710144927,0.9565217391304348,0.7971014492753624,1.0,0.8928571428571427,1.0,1.0,0.7777777777777778,1.0,1.449275362318836,-5.797101449275377,False
438853,"XIAMEN TRUST TD CO., LTD. CA 92337",Wayfair,1,69.0,68.0,17.0,46.0,0.2463768115942029,0.6956521739130433,0.9130434782608695,0.8842710997442454,0.6237212276214834,0.6470588235294118,0.7173913043478259,0.8823529411764706,0.8823529411764705,0.6470588235294119,1.0,-21.739130434782616,-18.86189258312021,True
345484,Yiwu Kylin Union Tcechnology Company Limited GA 31405,APS Upholstery,1,69.0,68.0,0.0,68.0,0.0,0.44927536231884074,0.797101449275362,0.7246972318339102,0.36245674740484424,,0.44117647058823545,,,,1.0,-34.78260869565212,-27.54218695150695,True
163139,Dreamline PA 18974,Plumbing,1,69.0,61.0,0.0,69.0,0.0,0.7101449275362318,0.8840579710144926,0.8260869565217391,0.536231884057971,,0.7101449275362318,,,,1.0,-17.391304347826075,-11.594202898550732,True
192615,VIBRANTBATH PA,APS Home Improvement,1,69.0,69.0,0.0,68.0,0.0,0.8840579710144928,0.9130434782608695,0.8840579710144928,0.7681159420289855,,0.8970588235294118,,,,1.0,-2.898550724637672,0.0,False
412312,shenzhenshiyishuodianzishangwuyouxiangongsi GA 31322,APS Decor,1,69.0,67.0,1.0,43.0,0.014492753623188406,0.4927536231884059,0.6666666666666666,0.640181755072418,0.24751506736928466,0.0,0.6046511627906977,1.0,1.0,1.0,1.0,-17.391304347826075,-14.742813188401216,True
353637,LC-NJ006,APS Outdoor,1,69.0,69.0,0.0,69.0,0.0,1.0,0.956521739130435,0.7246376811594203,0.6666666666666666,,1.0,,,,1.0,4.347826086956497,27.536231884057973,False
456773,TINGTEK INC_1 ON L6T 5W1,Wayfair,1,69.0,69.0,0.0,69.0,0.0,1.0,0.9855072463768116,0.9565217391304348,0.9565217391304348,,1.0,,,,1.0,1.449275362318836,4.347826086956519,False
143235,Sorfey Inc NY 12549,Tabletop,1,69.0,69.0,2.0,67.0,0.028985507246376812,1.0,0.826086956521739,0.971014492753623,0.8405797101449279,1.0,1.0,1.0,1.0,1.0,1.0,17.391304347826097,2.898550724637705,False
334285,PRS Enterprises LLC TX 77053,APS SEA,1,69.0,67.0,4.0,61.0,0.057971014492753624,0.6231884057971018,0.8115942028985507,0.9128945436750673,0.5495473452410081,0.25,0.6721311475409839,0.25,1.0,0.0,1.0,-18.84057971014489,-28.97061378779655,True
410332,Gui Zhou Xin Yun Lin Dian Zi Shang Wu You Xian Gong Si_1 GA 31326,APS K&D,1,69.0,67.0,1.0,64.0,0.014492753623188406,0.8695652173913047,0.8405797101449275,0.898320895522388,0.7388059701492536,1.0,0.8750000000000003,1.0,1.0,1.0,1.0,2.8985507246377162,-2.8755678131083373,False
453784,NINGBOZHENHAIAIBODADIANZISHANGWUYOUXIAN GA 31308,APS Home Improvement,1,69.0,68.0,0.0,68.0,0.0,0.7536231884057973,0.8695652173913041,0.782439446366782,0.34775086505190317,,0.7647058823529413,,,,1.0,-11.594202898550677,-2.8816257960984637,True
464736,"DongguanHuaxinLightingandE,LTD ON L4W 4L4",APS Home Improvement,1,69.0,69.0,0.0,69.0,0.0,0.9130434782608695,0.9420289855072463,0.8115942028985509,0.7101449275362318,,0.9130434782608695,,,,1.0,-2.898550724637683,10.144927536231862,False
156788,"Joji Investments, LLC (dba Zylina) TX 76051",Pet,1,69.0,68.0,1.0,68.0,0.014492753623188406,0.6956521739130437,0.8550724637681162,0.8261245674740487,0.5942906574394464,1.0,0.6911764705882355,1.0,1.0,1.0,1.0,-15.94202898550725,-13.047239356100505,True
254090,Module Living LLC NY 14225,Upholstery,1,69.0,63.0,0.0,69.0,0.0,0.6666666666666666,0.7391304347826085,0.7826086956521741,0.6231884057971012,,0.6666666666666666,,,,2.0,-7.246376811594191,-11.594202898550742,False
445882,ElegTech INC GA 31322,Wayfair,1,68.0,68.0,4.0,41.0,0.058823529411764705,0.7205882352941175,0.8529411764705881,0.6764705882352939,0.35294117647058826,0.5,0.8292682926829267,0.5,0.5,0.25,1.0,-13.235294117647056,4.4117647058823595,True
451984,Chef Preserve LLC WA 98188,Wayfair Professional,1,68.0,64.0,18.0,48.0,0.2647058823529412,0.9558823529411763,0.926470588235294,0.8984375,0.8411458333333331,1.0,0.9374999999999997,1.0,1.0,1.0,1.0,2.941176470588225,5.744485294117629,False
238163,WP-W-11-003,APS,1,68.0,67.0,0.0,67.0,0.0,0.8088235294117646,0.8823529411764709,0.8821563822677658,0.7351303185564713,,0.8208955223880596,,,,1.0,-7.352941176470629,-7.333285285600121,False
235460,LY Home Living Inc MD 20705,Wayfair,1,68.0,55.0,2.0,57.0,0.029411764705882353,0.25000000000000006,0.36764705882352944,0.10239234449760766,0.028070175438596495,0.0,0.26315789473684215,1.0,0.0,0.0,1.0,-11.764705882352938,14.760765550239242,True
37484,Antique Revival (Stool International) CA,Casegoods,1,68.0,67.0,0.0,68.0,0.0,0.6764705882352942,0.8088235294117646,0.8970588235294118,0.6617647058823533,,0.6764705882352942,,,,1.0,-13.235294117647046,-22.058823529411764,True
56438,Costway CA 92337B,APS Outdoor,1,68.0,67.0,0.0,68.0,0.0,0.7647058823529415,0.8382352941176471,0.9411764705882354,0.7205882352941179,,0.7647058823529415,,,,1.0,-7.352941176470562,-17.64705882352939,False
462795,Walraime Inc. TX 77034,APS Upholstery,1,68.0,68.0,7.0,58.0,0.10294117647058823,0.9411764705882352,0.9705882352941176,0.7941176470588234,0.691176470588235,0.8571428571428571,0.982758620689655,1.0,0.42857142857142855,0.42857142857142855,1.0,-2.941176470588247,14.70588235294118,False
485449,HZM-NJ-08691,APS AEOF,1,68.0,68.0,0.0,68.0,0.0,0.9852941176470589,1.0,0.9411764705882353,0.8088235294117644,,0.9852941176470589,,,,1.0,-1.4705882352941124,4.4117647058823595,False
369381,Festival Neo Corporation CA 91789,APS AEOF,1,68.0,68.0,0.0,68.0,0.0,1.0,0.9852941176470589,0.9264705882352942,0.8676470588235295,,1.0,,,,1.0,1.4705882352941124,7.352941176470584,False
374110,HangzhouQiuyueKejiyouxiangongsi CA 92337,Wayfair,1,68.0,68.0,3.0,43.0,0.04411764705882353,0.7647058823529411,0.7794117647058821,0.8676470588235294,0.6323529411764706,0.3333333333333333,0.8604651162790697,0.6666666666666666,1.0,0.3333333333333333,1.0,-1.4705882352941013,-10.294117647058831,False
416049,nanchangxiewendianzichanpinyouxiang CA 91752(2),APS AEOF,1,68.0,68.0,0.0,68.0,0.0,0.8382352941176473,0.8382352941176472,0.8529411764705881,0.7499999999999999,,0.8382352941176473,,,,1.0,1.1102230246251565e-14,-1.4705882352940791,False
32776,CAN_The Box Man,Decor,1,68.0,66.0,0.0,68.0,0.0,0.6323529411764707,0.8823529411764706,0.9264705882352942,0.9117647058823526,,0.6323529411764707,,,,10.0,-24.99999999999999,-29.411764705882348,True
344098,SHENZHENSHI JULIBAIBIAN KEJIYOUXIANGONGSI GA 31407,APS K&D,1,68.0,68.0,3.0,65.0,0.04411764705882353,0.7205882352941176,0.8676470588235294,0.8823529411764705,0.6176470588235293,0.6666666666666666,0.7230769230769231,1.0,1.0,1.0,1.0,-14.70588235294118,-16.176470588235283,True
361182,Beneouya International Trade Limited TX 77507,APS Home Improvement,1,68.0,68.0,4.0,63.0,0.058823529411764705,0.6470588235294117,0.8676470588235295,0.6764705882352943,0.3529411764705883,0.75,0.6349206349206348,1.0,0.75,0.75,1.0,-22.058823529411786,-2.941176470588258,True
407465,Hailo USA Inc. GA 30122,Storage & Org,1,68.0,65.0,0.0,68.0,0.0,0.4558823529411766,0.6617647058823528,0.7794117647058821,0.3676470588235293,,0.4558823529411766,,,,1.0,-20.588235294117617,-32.35294117647055,True
147725,wilkinsons GA,Soft Home,1,68.0,66.0,0.0,68.0,0.0,1.0,0.9117647058823527,0.9411764705882352,0.9117647058823526,,1.0,,,,1.0,8.82352941176473,5.882352941176483,False
341964,anhuiyoushuteshangmaoyouxiangongsi NJ 08807,APS Mattresses,1,68.0,68.0,6.0,60.0,0.08823529411764706,0.8235294117647061,0.8088235294117649,0.8382352941176472,0.661764705882353,0.8333333333333334,0.8333333333333336,0.6666666666666666,0.6666666666666666,0.6666666666666666,1.0,1.4705882352941124,-1.4705882352941124,False
244315,HM DV CA 90201,APS Bedroom,1,68.0,66.0,0.0,68.0,0.0,0.6911764705882352,0.75,0.8382352941176473,0.573529411764706,,0.6911764705882352,,,,1.0,-5.882352941176483,-14.705882352941213,False
330200,奥米贝美西超大件仓-SD,APS Bedroom,1,68.0,67.0,0.0,58.0,0.0,0.6911764705882352,0.8529411764705882,0.9706639217704581,0.8530622748327328,,0.6379310344827585,,,,2.0,-16.176470588235304,-27.948745118222295,True
31266,"Lamplight, Inc.",Decor,1,67.0,66.0,0.0,67.0,0.0,0.9850746268656716,0.9552238805970151,0.8955223880597015,0.8656716417910448,,0.9850746268656716,,,,1.0,2.985074626865647,8.955223880597007,False
197000,Shenzhenshi Weisifu Keji Youxiangongsi CA 91710,APS,1,67.0,66.0,1.0,66.0,0.014925373134328358,0.716417910447761,0.8059701492537311,0.8505509641873279,0.6416437098255274,1.0,0.712121212121212,0.0,0.0,0.0,1.0,-8.955223880597007,-13.413305373956685,False
282343,Maxaya LLC CA 92647,Casegoods,1,67.0,61.0,0.0,67.0,0.0,0.8656716417910447,0.7462686567164181,0.8507462686567164,0.8208955223880595,,0.8656716417910447,,,,2.0,11.940298507462666,1.492537313432829,False
137597,WILLAMSPACE LLC NJ 08512,APS,1,67.0,66.0,6.0,60.0,0.08955223880597014,0.1791044776119403,0.8507462686567168,0.6866161616161617,0.1787878787878788,0.0,0.2,0.8333333333333334,0.6666666666666666,0.0,1.0,-67.16417910447765,-50.751168400422145,True
460926,Holstein Housewares SC 29410,Kitchen & Small Electrics,1,67.0,65.0,6.0,61.0,0.08955223880597014,0.20895522388059704,0.716417910447761,0.6572509457755358,0.4186633039092054,0.5,0.18032786885245905,0.8333333333333334,0.8333333333333334,0.6666666666666666,2.0,-50.746268656716396,-44.829572189493874,True
268280,Golden Just Co. CA 91761(2),APS,1,67.0,65.0,7.0,57.0,0.1044776119402985,0.9850746268656716,0.8656716417910447,0.9109311740890685,0.8812415654520918,1.0,0.9824561403508771,0.5714285714285714,1.0,1.0,1.0,11.940298507462687,7.414345277660306,False
354398,yiwuxinyaomaoyiyouxiangongsi CA 91761,Wayfair,1,67.0,63.0,13.0,52.0,0.19402985074626866,0.8507462686567164,0.8955223880597013,0.822954822954823,0.7326007326007326,0.9230769230769231,0.8269230769230769,1.0,0.9230769230769231,0.7692307692307693,1.0,-4.4776119402984875,2.7791445701893402,False
286908,bazhoushidetaijiajuyouxiangongsi TX 75050,Wayfair,1,67.0,67.0,0.0,63.0,0.0,0.9552238805970149,0.8955223880597013,0.8656716417910447,0.8059701492537313,,0.9523809523809524,,,,1.0,5.9701492537313605,8.955223880597018,False
352452,awztoo inc CA 91710 (2),APS Home Improvement,1,67.0,65.0,14.0,48.0,0.208955223880597,0.8059701492537313,0.8059701492537311,0.8358974358974357,0.7153846153846153,0.6428571428571429,0.875,0.6428571428571429,0.857142857142857,0.6428571428571429,1.0,2.220446049250313e-14,-2.9927286643704365,False
69341,Legacy Classic Furniture NC28645,Casegoods,1,67.0,65.0,2.0,65.0,0.029850746268656716,0.8358208955223879,0.8507462686567161,0.8807100591715977,0.8359763313609468,0.5,0.846153846153846,1.0,1.0,1.0,1.0,-1.492537313432818,-4.48891636492098,False
57283,"Native Range, LLC",Decor,1,67.0,67.0,6.0,58.0,0.08955223880597014,0.059701492537313446,0.8507462686567163,0.8059701492537311,0.41791044776119407,0.0,0.06896551724137932,0.8333333333333334,0.8333333333333334,0.3333333333333333,2.0,-79.10447761194028,-74.62686567164177,True
61567,GE sp Appliances TX 75050,Appliances,1,67.0,67.0,0.0,64.0,0.0,0.4029850746268658,0.7910447761194028,0.8955223880597014,0.5223880597014925,,0.3906250000000001,,,,2.0,-38.8059701492537,-49.25373134328356,True
440544,Trimark Technology TX 77489(2),APS K&D,1,67.0,66.0,1.0,64.0,0.014925373134328358,0.4626865671641792,0.7910447761194028,0.9254261363636364,0.8806818181818182,0.0,0.4687500000000001,1.0,1.0,1.0,1.0,-32.83582089552236,-46.27395691994571,True
454324,Neighbourmarket inc CA 95122,Wayfair,1,67.0,63.0,0.0,67.0,0.0,0.5373134328358208,0.791044776119403,0.6716417910447763,0.5373134328358207,,0.5373134328358208,,,,1.0,-25.373134328358226,-13.43283582089555,True
290392,Yiwu Guali Electronic Commerce NJ 08016(2),APS,1,67.0,66.0,1.0,66.0,0.014925373134328358,0.7313432835820897,0.9253731343283583,0.8358585858585859,0.5075757575757575,1.0,0.7272727272727274,1.0,1.0,1.0,1.0,-19.402985074626866,-10.45153022764962,True
94751,"Brown Wood Products, Co. IL 60712",Wayfair Professional,1,67.0,66.0,0.0,67.0,0.0,0.9253731343283583,0.8656716417910447,0.8507462686567165,0.8358208955223884,,0.9253731343283583,,,,1.0,5.9701492537313605,7.462686567164178,False
72698,PL Marble Inc.,Flooring,1,67.0,66.0,4.0,62.0,0.05970149253731343,0.746268656716418,0.7462686567164178,0.9403714565004888,0.7316715542521993,1.0,0.7258064516129032,1.0,1.0,1.0,1.0,1.1102230246251565e-14,-19.410279978407086,False
443996,"Arcadia Design Lighting Co.,LTD PA 19464",APS Home Improvement,1,67.0,66.0,0.0,62.0,0.0,1.0,0.7164179104477613,0.7602639296187683,0.7453567937438905,,1.0,,,,1.0,28.358208955223873,23.97360703812317,False
445058,Xin yu Xi miao Mao yi You xian Gong si FL 32127,Wayfair,1,67.0,66.0,0.0,64.0,0.0,0.9104477611940296,0.8656716417910445,0.895596590909091,0.8357007575757573,,0.9062499999999998,,,,1.0,4.477611940298509,1.4851170284938542,False
82031,Gango Home Decor OR,Decor,1,67.0,65.0,10.0,57.0,0.14925373134328357,0.9104477611940299,0.9701492537313433,0.8812415654520914,0.8361673414304994,0.9,0.9122807017543861,1.0,1.0,0.9,1.0,-5.970149253731338,2.92061957419385,False
92136,New Decor LLC GA 31601,APS Home Improvement,1,67.0,67.0,0.0,67.0,0.0,1.0,0.9552238805970149,0.9552238805970149,0.8656716417910448,,1.0,,,,1.0,4.477611940298509,4.477611940298509,False
232547,KSCA,APS Housewares & More,1,67.0,67.0,0.0,39.0,0.0,0.6567164179104477,0.9253731343283582,0.8507462686567163,0.5671641791044775,,0.4358974358974358,,,,1.0,-26.865671641791057,-19.402985074626866,True
310617,"VISION VORTEX CO.,LTD GA 31302",APS Outdoor,1,67.0,67.0,0.0,67.0,0.0,0.9402985074626865,0.8656716417910449,0.8955223880597013,0.6417910447761196,,0.9402985074626865,,,,1.0,7.462686567164156,4.47761194029852,False
451737,              WPNJ7,APS Bedroom,1,67.0,66.0,1.0,36.0,0.014925373134328358,0.8805970149253729,0.8656716417910447,0.970117845117845,0.7163299663299665,1.0,0.9166666666666665,1.0,1.0,1.0,1.0,1.492537313432818,-8.952083019247215,False
284290,North-American Tanning Corp. NY,Upholstery,1,67.0,64.0,8.0,57.0,0.11940298507462686,0.7910447761194029,0.7611940298507462,0.8223684210526316,0.7483552631578946,1.0,0.7543859649122807,0.875,1.0,1.0,2.0,2.985074626865669,-3.13236449332287,False
483623,JULI LLC GA 31326,APS Housewares & More,1,67.0,54.0,7.0,53.0,0.1044776119402985,0.5074626865671642,0.6865671641791044,0.6539715816445374,0.5217214069415327,0.42857142857142855,0.5660377358490566,1.0,1.0,1.0,2.0,-17.910447761194014,-14.650889507737318,True
1635,AARCO,Casegoods,1,67.0,61.0,1.0,66.0,0.014925373134328358,0.5970149253731343,0.8358208955223881,0.7615499254843519,0.7168405365126675,0.0,0.606060606060606,1.0,1.0,1.0,1.0,-23.880597014925385,-16.453500011121758,True
10132,Avondale Decor,Plumbing,1,67.0,52.0,8.0,59.0,0.11940298507462686,0.5671641791044776,0.6268656716417912,0.6795958279009127,0.6222294654498046,0.875,0.5254237288135594,0.875,0.875,0.875,2.0,-5.9701492537313605,-11.243164879643508,False
6271,Trumbull,Plumbing,1,67.0,65.0,0.0,67.0,0.0,0.7164179104477614,0.7313432835820897,0.7313432835820899,0.5671641791044777,,0.7164179104477614,,,,1.0,-1.492537313432829,-1.4925373134328512,False
487687,"Suzhou Lipuda Technology Co., Ltd. PA 17225",APS Rugs,1,66.0,64.0,0.0,66.0,0.0,0.3030303030303031,0.9242424242424243,0.8030303030303027,0.7575757575757578,,0.3030303030303031,,,,1.0,-62.121212121212125,-49.99999999999996,True
19736,1888 Mills,Soft Home,1,66.0,63.0,1.0,65.0,0.015151515151515152,0.8484848484848485,0.9242424242424242,0.8485958485958482,0.7123321123321124,1.0,0.8461538461538461,1.0,1.0,1.0,1.0,-7.575757575757569,-0.011100011099973717,False
232443,xiyou Westampton NJ4 08060,APS,1,66.0,65.0,0.0,66.0,0.0,0.8939393939393938,0.9545454545454547,0.8030303030303029,0.6666666666666663,,0.8939393939393938,,,,1.0,-6.060606060606089,9.090909090909093,False
478717,"Suneegn Co., Limited CA 91733",APS Soft Home,1,66.0,62.0,0.0,29.0,0.0,0.7878787878787878,0.5909090909090909,0.36376754952950724,0.2421910230586538,,0.8620689655172413,,,,1.0,19.696969696969692,42.41112383492806,False
247506,M-TX-1,APS,1,66.0,65.0,21.0,34.0,0.3181818181818182,0.8181818181818182,0.8787878787878787,0.8954751131221719,0.7303167420814479,1.0,0.6470588235294118,1.0,1.0,0.9523809523809522,1.0,-6.060606060606045,-7.729329494035364,False
124078,Zip Crates LLC CA 95118,APS,1,66.0,64.0,0.0,66.0,0.0,0.7121212121212124,0.8787878787878789,0.9242424242424243,0.8787878787878788,,0.7121212121212124,,,,2.0,-16.66666666666665,-21.212121212121193,True
328474,Deja Blue Studios CO 80211,Soft Home,1,66.0,60.0,1.0,65.0,0.015151515151515152,0.43939393939393945,0.727272727272727,0.6066666666666666,0.4856410256410257,1.0,0.43076923076923085,1.0,1.0,1.0,1.0,-28.78787878787875,-16.727272727272712,True
317864,MEDUNJESS INC. CA 91762 ,APS Home Improvement,1,66.0,64.0,7.0,57.0,0.10606060606060606,0.7575757575757576,0.8939393939393939,0.8330592105263156,0.6499451754385963,0.28571428571428575,0.8421052631578947,0.5714285714285715,0.7142857142857143,0.28571428571428575,1.0,-13.636363636363635,-7.548345295055803,True
25562,Sweetums Wall Decals,Decor,1,66.0,66.0,0.0,66.0,0.0,0.3181818181818181,0.5,0.5303030303030303,0.303030303030303,,0.3181818181818181,,,,1.0,-18.181818181818187,-21.212121212121215,True
284644,Tianjin heman kejiyouxiangongsi GA 31407,APS Bedroom,1,66.0,66.0,1.0,65.0,0.015151515151515152,0.7272727272727272,0.8484848484848484,0.9242424242424242,0.515151515151515,1.0,0.723076923076923,1.0,1.0,1.0,1.0,-12.121212121212121,-19.696969696969703,True
452208,WUDI-GWIT-CA2155,APS Upholstery,1,66.0,65.0,4.0,57.0,0.06060606060606061,0.24242424242424254,0.7878787878787877,0.6515519568151146,0.3182186234817814,0.0,0.2631578947368422,0.5,0.5,0.25,1.0,-54.54545454545452,-40.9127714390872,True
348625,Kuaicang2-NJMR,APS Rugs,1,66.0,63.0,0.0,66.0,0.0,0.9393939393939392,0.9393939393939393,0.909090909090909,0.878787878787879,,0.9393939393939392,,,,2.0,-1.1102230246251565e-14,3.0303030303030276,False
429507,H-CA-1,APS Home Improvement,1,66.0,63.0,6.0,57.0,0.09090909090909091,0.6515151515151515,0.8787878787878786,0.7894736842105262,0.5764411027568921,0.6666666666666666,0.6491228070175439,1.0,1.0,0.5,1.0,-22.727272727272705,-13.795853269537472,True
358338,HONJ,APS Outdoor,1,66.0,64.0,5.0,61.0,0.07575757575757576,0.9848484848484849,0.8787878787878788,0.9395491803278689,0.8790983606557375,1.0,0.983606557377049,1.0,1.0,1.0,1.0,10.606060606060607,4.529930452061592,False
493368,"Wenzhou EDonkey Technology Co., Ltd. GA 31320",APS AEOF,1,66.0,63.0,0.0,65.0,0.0,0.6363636363636361,0.7727272727272726,0.7880341880341881,0.47008547008547025,,0.646153846153846,,,,1.0,-13.636363636363647,-15.1670551670552,True
271059,eChamp CO.LTD NJ 08512,APS,1,66.0,65.0,30.0,27.0,0.45454545454545453,1.0,0.9696969696969697,0.8928205128205128,0.8928205128205128,1.0,1.0,0.9333333333333332,0.9666666666666666,0.9666666666666666,1.0,3.0303030303030276,10.717948717948723,False
366467,Bathin INC. TX 77041(2),APS Home Improvement,1,66.0,66.0,0.0,66.0,0.0,0.9848484848484849,0.893939393939394,0.8787878787878787,0.696969696969697,,0.9848484848484849,,,,1.0,9.090909090909083,10.60606060606062,False
26660,"Best Quality Furniture, INC.",Casegoods,1,66.0,64.0,0.0,66.0,0.0,0.9545454545454546,0.8030303030303032,0.8181818181818183,0.6212121212121213,,0.9545454545454546,,,,1.0,15.151515151515138,13.636363636363624,False
337985,"JIANG SU RED SUN Textile Co.,Ltd. LAX01",APS Youth,1,66.0,66.0,0.0,66.0,0.0,0.8787878787878787,0.8939393939393938,0.9090909090909087,0.7575757575757575,,0.8787878787878787,,,,1.0,-1.5151515151515138,-3.0303030303030054,False
245759,Abay Tech LLC CA 91761,APS,1,66.0,66.0,14.0,44.0,0.21212121212121213,0.9393939393939393,0.909090909090909,0.9696969696969697,0.9545454545454546,1.0,0.909090909090909,0.9285714285714285,1.0,1.0,5.0,3.0303030303030387,-3.0303030303030387,False
311117,Vishda Apparel Inc WA 98032,Decor,1,65.0,62.0,12.0,53.0,0.18461538461538463,0.9538461538461538,0.9076923076923076,0.9239196591600728,0.9077906269020083,0.9166666666666666,0.9622641509433961,0.9166666666666666,1.0,0.9166666666666666,2.0,4.615384615384621,2.9926494686080995,False
292113,"Shenzhen Laiwo Trading Co., Ltd. NJ 08873",APS,1,65.0,64.0,0.0,63.0,0.0,0.9538461538461539,0.9230769230769231,0.7688492063492065,0.7073412698412695,,0.9523809523809523,,,,1.0,3.076923076923077,18.49969474969474,False
220713,XYNJ7,APS,1,65.0,65.0,0.0,62.0,0.0,0.8615384615384616,0.9076923076923077,0.8769230769230768,0.5230769230769232,,0.9032258064516129,,,,1.0,-4.61538461538461,-1.538461538461522,False
57878,Signare USA,Soft Home,1,65.0,64.0,0.0,65.0,0.0,0.8153846153846156,0.9230769230769229,0.9230769230769231,0.6461538461538461,,0.8153846153846156,,,,1.0,-10.769230769230731,-10.769230769230752,True
130155,"Ningbo Juxingpin E-commerce Co., Ltd. TN",APS Other,1,65.0,64.0,0.0,60.0,0.0,1.0,0.9384615384615381,0.8924479166666662,0.7848958333333335,,1.0,,,,1.0,6.153846153846187,10.755208333333377,False
283163,Plutus Imports Inc TX 77494 ,Hardware,1,65.0,65.0,10.0,53.0,0.15384615384615385,0.8923076923076922,0.8153846153846156,0.7538461538461538,0.5692307692307692,1.0,0.8679245283018867,0.9,0.6,0.6,1.0,7.692307692307665,13.846153846153841,False
81235,"Guangzhou Yanjun Trade Co., Ltd. TX 77489",APS,1,65.0,65.0,0.0,64.0,0.0,0.7692307692307692,0.8615384615384617,0.9846153846153847,0.7384615384615383,,0.7656249999999999,,,,1.0,-9.230769230769253,-21.53846153846155,False
131517,"Zhejiang Fuma Network Technology Co.,Ltd CA 91752",APS K&D,1,65.0,62.0,0.0,61.0,0.0,0.8307692307692308,0.8153846153846154,0.8488894764674776,0.7378371232152299,,0.8524590163934426,,,,1.0,1.538461538461544,-1.8120245698246773,False
106516,POP-Maison Inc NJ 08110,APS,1,65.0,63.0,0.0,65.0,0.0,0.7846153846153846,0.8615384615384616,0.8769230769230767,0.6769230769230771,,0.7846153846153846,,,,1.0,-7.692307692307699,-9.230769230769209,False
96209,5 Star Super Deals WI 53204,Casegoods,1,65.0,62.0,2.0,63.0,0.03076923076923077,0.24615384615384617,0.47692307692307695,0.6313364055299538,0.5698924731182797,0.5,0.2380952380952381,0.0,1.0,1.0,3.0,-23.076923076923077,-38.51825593761077,True
107328,Soluwa LLC CA 95776,APS Outdoor,1,65.0,64.0,0.0,65.0,0.0,0.8615384615384616,0.7846153846153845,0.7692307692307694,0.6615384615384615,,0.8615384615384616,,,,1.0,7.692307692307709,9.23076923076922,False
15822,Rusticware,Hardware,1,65.0,65.0,4.0,59.0,0.06153846153846154,0.9230769230769229,0.8461538461538459,0.9538461538461539,0.8,1.0,0.9152542372881354,0.75,0.75,0.75,1.0,7.692307692307699,-3.0769230769230993,False
372320,"TAISHAN KINGMAN LIGHTING CO.,LTD CA 91748",APS Home Improvement,1,65.0,64.0,0.0,64.0,0.0,0.5692307692307693,0.8615384615384617,0.8769531250000001,0.507568359375,,0.5781250000000001,,,,1.0,-29.230769230769237,-30.77223557692308,True
399689,"Dongguan SheShang Furniture Trading Co.,Ltd CA 91761",APS Upholstery,1,65.0,60.0,0.0,65.0,0.0,0.8923076923076924,0.923076923076923,0.8461538461538459,0.7230769230769231,,0.8923076923076924,,,,1.0,-3.076923076923066,4.615384615384643,False
465209,CAN_Hangzhou Skytech Outdoor Co LTD BC V6V2B3,Outdoor Furniture,1,65.0,65.0,0.0,65.0,0.0,1.0,1.0,1.0,1.0,,1.0,,,,1.0,0.0,0.0,False
359493,Sunon CA 91730,APS AEOF,1,65.0,64.0,0.0,65.0,0.0,0.7076923076923074,0.8923076923076921,0.8615384615384616,0.6307692307692305,,0.7076923076923074,,,,1.0,-18.461538461538474,-15.384615384615419,True
439053,Shenzhen KBOOS Creative Ltd. NJ 07008,APS AEOF,1,65.0,64.0,0.0,63.0,0.0,0.9692307692307692,0.9076923076923077,0.9072420634920635,0.8457341269841269,,1.0,,,,1.0,6.153846153846154,6.198870573870574,False
38104,Step N Sort CA 90703,Storage & Org - Frequency,1,65.0,63.0,5.0,60.0,0.07692307692307693,0.39999999999999997,0.8461538461538464,0.7380952380952381,0.4142857142857144,0.0,0.4333333333333333,0.8,0.6,0.0,1.0,-44.61538461538464,-33.80952380952382,True
202173,Yiwu Youxi Electronic Commerce Co. Ltd GA 30122,APS Outdoor,1,65.0,65.0,6.0,33.0,0.09230769230769231,0.5076923076923077,0.8923076923076924,0.8615384615384616,0.5384615384615384,0.5,0.6363636363636365,1.0,1.0,1.0,1.0,-38.46153846153847,-35.384615384615394,True
468909,Coop Home Goods LLC MS 38654,Wayfair,1,65.0,63.0,0.0,65.0,0.0,0.9076923076923078,0.8923076923076924,0.9230769230769231,0.846153846153846,,0.9076923076923078,,,,1.0,1.538461538461544,-1.538461538461533,False
359569,"Hangzhou Chuandiai Cultural Media Co., Ltd. GA 31405",APS Rugs,1,65.0,59.0,1.0,55.0,0.015384615384615385,0.8615384615384615,0.676923076923077,0.7047080979284368,0.6418421503167266,1.0,0.909090909090909,1.0,0.0,0.0,1.0,18.461538461538453,15.683036361002467,False
475456, DWNJ1,Wayfair,1,65.0,61.0,1.0,63.0,0.015384615384615385,0.815384615384615,0.9230769230769231,0.8290398126463697,0.8136872235232888,0.0,0.841269841269841,1.0,0.0,0.0,1.0,-10.76923076923081,-1.3655197261754681,True
332682,Winix CA 92376,Appliances,1,64.0,61.0,7.0,56.0,0.109375,0.796875,0.75,0.8293325526932084,0.6112412177985947,0.8571428571428571,0.7857142857142857,0.8571428571428571,1.0,0.8571428571428571,1.0,4.6875,-3.245755269320838,False
307729,Art and Hobby LLC MN 55343,Wayfair,1,64.0,61.0,3.0,61.0,0.046875,0.390625,0.6406249999999998,0.7965600644987906,0.7030368180596611,0.6666666666666666,0.3770491803278688,0.6666666666666666,0.6666666666666666,0.6666666666666666,5.0,-24.99999999999998,-40.59350644987906,True
13669,Century Hardware,Hardware,1,64.0,63.0,4.0,60.0,0.0625,0.5937499999999999,0.9062499999999999,0.8748677248677247,0.406084656084656,0.5,0.5999999999999999,0.25,0.75,0.25,1.0,-31.25,-28.11177248677248,True
352941,Shenzhen Yusheng Network Technology Co CA 90022,APS Housewares & More,1,64.0,64.0,8.0,53.0,0.125,0.953125,0.9062499999999998,0.8749999999999999,0.8593749999999999,1.0,0.9433962264150944,0.75,1.0,1.0,1.0,4.687500000000022,7.812500000000011,False
345136,Fu Jian Sheng Ji Mu Shan Mao Yi You Xian Gong Si CA 92336,APS,1,64.0,63.0,22.0,36.0,0.34375,0.71875,0.8906249999999999,0.906084656084656,0.701058201058201,0.5454545454545454,0.861111111111111,0.8636363636363636,0.9090909090909091,0.5909090909090908,1.0,-17.18749999999999,-18.733465608465604,True
343391,Vondom FL 33172,PG Outdoor,1,64.0,59.0,16.0,46.0,0.25,0.71875,0.859375,0.83382461311717,0.8168754605747972,0.9374999999999999,0.6304347826086957,1.0,1.0,1.0,5.0,-14.0625,-11.507461311717005,True
190686,Bueauty Box Inc NJ 08505,APS Youth,1,64.0,63.0,9.0,54.0,0.140625,0.765625,0.9375,0.8442092886537333,0.6413874191651969,0.8888888888888888,0.7407407407407407,1.0,1.0,0.8888888888888888,1.0,-17.1875,-7.858428865373335,True
334568,"Anji Wuyeqianxing Furniture Co., Ltd CA 92508",APS Home Improvement,1,64.0,64.0,0.0,63.0,0.0,0.7968750000000001,0.8749999999999998,0.8906249999999998,0.5468749999999999,,0.7936507936507937,,,,1.0,-7.812499999999966,-9.374999999999966,False
440489,Jonathan Y CA 92571,Lighting,1,64.0,62.0,1.0,62.0,0.015625,0.9843749999999999,1.0,0.8907388137356917,0.8433922996878249,1.0,0.9838709677419354,1.0,1.0,1.0,1.0,-1.562500000000011,9.363618626430814,False
255274,Cozayh LLC GA 31326,APS,1,64.0,63.0,1.0,51.0,0.015625,0.7968749999999998,0.7031249999999999,0.7345160286336755,0.5617802676626206,0.0,0.9215686274509801,1.0,1.0,1.0,1.0,9.37499999999999,6.235897136632429,False
403427,"Caoxian Zhongzhou Household Products Co., Ltd. CA 92337",APS Bedroom,1,64.0,64.0,0.0,43.0,0.0,0.8124999999999999,0.8593749999999999,0.9374999999999998,0.59375,,0.8372093023255812,,,,1.0,-4.6875,-12.49999999999999,False
88169,Myth Realm Inc. TX 77489,APS Home Improvement,1,64.0,64.0,10.0,51.0,0.15625,0.875,0.9375,0.875,0.7968749999999999,0.9,0.8627450980392157,0.9,1.0,1.0,2.0,-6.25,0.0,False
53701,Hasegawa Ladders OR 97071,Storage & Org - Frequency,1,64.0,62.0,3.0,59.0,0.046875,1.0,0.984375,0.9443685073810824,0.9285128485511208,1.0,1.0,1.0,1.0,1.0,1.0,1.5625,5.563149261891764,False
324811,Alphamarts NJ 08857,APS Outdoor,1,64.0,64.0,1.0,62.0,0.015625,0.8281250000000001,0.9531250000000001,0.9374999999999999,0.71875,1.0,0.8225806451612905,1.0,1.0,1.0,1.0,-12.5,-10.937499999999979,True
276321,GlobalVisionDirectLtd  NJ 07022,Casegoods,1,64.0,64.0,0.0,64.0,0.0,1.0,0.984375,0.9687499999999999,0.8906249999999998,,1.0,,,,1.0,1.5625,3.125000000000011,False
45194,Winward International Inc. CA 94538,Decor,1,64.0,60.0,8.0,55.0,0.125,0.8281250000000001,0.5,0.860909090909091,0.8454545454545455,1.0,0.8000000000000002,1.0,1.0,1.0,3.0,32.812500000000014,-3.2784090909090846,False
25937,Howard Elliott Collection IL 60101,Decor,1,64.0,55.0,4.0,60.0,0.0625,0.7031250000000001,0.5,0.7521212121212119,0.7521212121212119,1.0,0.6833333333333335,1.0,0.5,0.5,1.0,20.31250000000001,-4.899621212121175,False
225367,    JLNJ03,APS,1,64.0,64.0,0.0,64.0,0.0,0.8750000000000001,0.9374999999999999,0.734375,0.671875,,0.8750000000000001,,,,1.0,-6.249999999999978,14.06250000000001,False
293858,AROZU INC CA 90660,APS SEA,1,64.0,63.0,28.0,21.0,0.4375,0.984375,0.96875,0.8178382464096751,0.8178382464096751,1.0,0.9523809523809522,1.0,1.0,1.0,1.0,1.5625,16.653675359032494,False
234162,BURDOCK PROPERTY LIMITED GA 30517,DE Furniture,1,64.0,64.0,0.0,34.0,0.0,0.0625,0.90625,0.59375,0.25,,0.029411764705882353,,,,2.0,-84.375,-53.125,True
236594,Westin LLC CA 91730 (2),Decor,1,63.0,61.0,10.0,52.0,0.15873015873015872,0.6349206349206347,0.8571428571428569,0.9054224464060527,0.7780580075662044,0.5,0.6538461538461535,0.7,1.0,0.7999999999999999,2.0,-22.22222222222222,-27.050181148541807,True
66839,BT CA92705,Upholstery,1,63.0,59.0,0.0,63.0,0.0,0.7301587301587302,0.7460317460317462,0.7460317460317459,0.6507936507936508,,0.7301587301587302,,,,1.0,-1.5873015873015928,-1.5873015873015706,False
326661,Tmekeeper INC. NJ 08611,APS Bedroom,1,63.0,63.0,0.0,63.0,0.0,0.873015873015873,0.8888888888888887,0.9047619047619045,0.6666666666666666,,0.873015873015873,,,,1.0,-1.5873015873015706,-3.1746031746031522,False
123256,Smart Tiles  J1X 7J2,Flooring,1,63.0,62.0,0.0,63.0,0.0,0.7460317460317458,0.9365079365079364,0.9206349206349204,0.857142857142857,,0.7460317460317458,,,,1.0,-19.047619047619058,-17.460317460317455,True
120161,Altair Design Inc. CA 91761,Plumbing,1,63.0,61.0,0.0,63.0,0.0,0.9682539682539683,0.9682539682539683,0.8571428571428571,0.7936507936507936,,0.9682539682539683,,,,1.0,0.0,11.111111111111116,False
470795,Wire King Hong Kong Limited PA 18045,APS Housewares & More,1,63.0,63.0,0.0,56.0,0.0,0.9206349206349204,0.9365079365079366,0.8095238095238096,0.746031746031746,,0.9285714285714283,,,,1.0,-1.587301587301626,11.111111111111072,False
314501,SICOTAS INC GA 30517,APS Bedroom,1,63.0,62.0,0.0,45.0,0.0,0.4285714285714286,0.6507936507936507,0.7627240143369174,0.41075268817204313,,0.5777777777777778,,,,1.0,-22.22222222222221,-33.41525857654888,True
414317,CAN_SHENZHENSHI JULIBAIBIAN KEJIYOUXIANGONGSI ON L9T 0K1,APS K&D,1,63.0,63.0,0.0,63.0,0.0,1.0,0.9841269841269841,0.9841269841269841,0.9841269841269841,,1.0,,,,2.0,1.5873015873015928,1.5873015873015928,False
268830,Kindred Home CA,Soft Home,1,63.0,61.0,0.0,63.0,0.0,0.6666666666666669,0.873015873015873,0.8571428571428571,0.6349206349206349,,0.6666666666666669,,,,1.0,-20.63492063492062,-19.047619047619023,True
272677,"FoShan XiNiu Outdoor Product Co., Ltd PA 18707",APS,1,63.0,63.0,0.0,63.0,0.0,0.5873015873015874,0.8571428571428571,0.49206349206349204,0.253968253968254,,0.5873015873015874,,,,1.0,-26.984126984126966,9.52380952380954,True
365002,无忧达-IL-02,Wayfair,1,63.0,61.0,2.0,59.0,0.031746031746031744,0.4603174603174601,0.7142857142857143,0.8246735204223395,0.395943317588219,0.5,0.45762711864406763,0.0,0.0,0.0,1.0,-25.396825396825417,-36.435606010487945,True
183789,LumiSource CA 92407,Casegoods,1,63.0,62.0,5.0,47.0,0.07936507936507936,0.31746031746031744,0.8730158730158729,0.6825669183253259,0.3977350720658888,0.4,0.1914893617021277,0.8,0.6,0.4,1.0,-55.55555555555555,-36.51066008650085,True
223057,Renist Kitchen  Bath LLC CA 91730 (2),Plumbing,1,63.0,62.0,0.0,63.0,0.0,0.8571428571428569,0.9047619047619048,0.8888888888888887,0.7460317460317458,,0.8571428571428569,,,,1.0,-4.761904761904789,-3.1746031746031855,False
357449,GCWEST21 ,APS AEOF,1,63.0,63.0,12.0,46.0,0.19047619047619047,0.9047619047619045,0.9206349206349205,0.857142857142857,0.8095238095238095,1.0,0.869565217391304,0.9166666666666666,0.9166666666666666,0.9166666666666666,1.0,-1.5873015873015928,4.761904761904756,False
450452,UK HONBAY LIMITED GA 31326,Upholstery,1,63.0,63.0,5.0,43.0,0.07936507936507936,0.5873015873015872,0.7619047619047616,0.9365079365079363,0.8412698412698414,0.4,0.697674418604651,0.4,0.8,0.8,3.0,-17.46031746031744,-34.92063492063491,True
293795,DJ - CA3,APS Home Improvement,1,63.0,62.0,0.0,63.0,0.0,0.6666666666666667,0.9206349206349205,0.8888888888888887,0.6507936507936513,,0.6666666666666667,,,,1.0,-25.396825396825374,-22.2222222222222,True
372255,"zhejiang pioneer metal products co.,ltd CA 91761",APS Home Improvement,1,63.0,63.0,0.0,63.0,0.0,0.6984126984126983,0.9047619047619045,0.7142857142857143,0.5079365079365078,,0.6984126984126983,,,,1.0,-20.63492063492063,-1.5873015873016039,True
351434,Shen Zhen Shi Qi Wen Shang Mao You Xian GA 31326,APS Bedroom,1,63.0,63.0,0.0,48.0,0.0,0.6349206349206349,0.7936507936507935,0.9365079365079365,0.5079365079365078,,0.5208333333333333,,,,1.0,-15.873015873015861,-30.15873015873016,True
176489,suzhou ebizplus ecommerce Ltd IL 61822,APS,1,63.0,63.0,0.0,63.0,0.0,0.9523809523809524,0.857142857142857,0.8888888888888887,0.6984126984126984,,0.9523809523809524,,,,1.0,9.523809523809545,6.349206349206371,False
438190,"Shenzhen Mengya Technology Co., Ltd CA 90040",APS AEOF,1,63.0,61.0,0.0,63.0,0.0,0.9047619047619049,0.8571428571428571,0.8888888888888886,0.8571428571428572,,0.9047619047619049,,,,2.0,4.761904761904779,1.587301587301626,False
174696,Yinchuan Huisi e commerce Co Ltd CA 91710(2),APS,1,63.0,62.0,13.0,46.0,0.20634920634920634,0.8888888888888888,0.8888888888888887,0.8892005610098178,0.8892005610098178,1.0,0.8478260869565217,1.0,0.9230769230769231,0.9230769230769231,9.0,1.1102230246251565e-14,-0.03116721209289741,False
39871,Acme Furniture NY 11377,Casegoods,1,63.0,62.0,4.0,59.0,0.06349206349206349,0.8095238095238095,0.9047619047619047,0.9524330235101148,0.7621651175505739,1.0,0.7966101694915254,1.0,1.0,1.0,1.0,-9.523809523809511,-14.29092139863053,False
43471,The Oval and Round Mirror Store,Decor,1,62.0,62.0,0.0,62.0,0.0,0.9193548387096774,0.870967741935484,1.0,0.9838709677419354,,0.9193548387096774,,,,2.0,4.83870967741934,-8.064516129032262,False
367473,Bindel Home Inc RI 02865,APS Home Improvement,1,62.0,62.0,0.0,62.0,0.0,0.6451612903225806,0.8064516129032259,0.758064516129032,0.5161290322580646,,0.6451612903225806,,,,1.0,-16.129032258064523,-11.29032258064514,True
40929,Art's Ideas MI 49080,Recreation,1,62.0,62.0,6.0,54.0,0.0967741935483871,0.7903225806451614,0.8387096774193546,1.0,0.9838709677419354,0.6666666666666666,0.7962962962962964,0.6666666666666666,1.0,1.0,1.0,-4.838709677419328,-20.967741935483865,False
253246,RUGPERA LLC DE 19806,Rugs,1,62.0,55.0,8.0,49.0,0.12903225806451613,0.3225806451612904,0.4193548387096775,0.34805194805194806,0.2545454545454546,0.12500000000000003,0.36734693877551033,0.12500000000000003,0.12500000000000003,0.12500000000000003,1.0,-9.677419354838706,-2.5471302890657634,False
299556,LGUSS02,APS,1,62.0,62.0,4.0,48.0,0.06451612903225806,0.9032258064516129,0.9193548387096773,0.7580645161290321,0.6451612903225805,0.75,1.0,1.0,1.0,1.0,1.0,-1.612903225806439,14.516129032258075,False
345967,Ningbo Jiangbei Fufu NJ 08611,APS Bedroom,1,62.0,61.0,0.0,62.0,0.0,0.967741935483871,0.9677419354838711,0.7580645161290323,0.4999999999999999,,0.967741935483871,,,,1.0,-1.1102230246251565e-14,20.967741935483875,False
311851,"Yiwu Longfei Trading Co.,Ltd GA 30517",APS,1,62.0,62.0,3.0,50.0,0.04838709677419355,0.8548387096774192,0.9354838709677419,0.9193548387096773,0.7903225806451613,0.6666666666666666,0.8799999999999997,1.0,1.0,0.6666666666666666,1.0,-8.064516129032274,-6.451612903225811,False
328630,LD-乐歌-HOU07,APS AEOF,1,62.0,62.0,6.0,49.0,0.0967741935483871,0.9032258064516128,0.9193548387096773,0.9193548387096774,0.7580645161290324,1.0,0.9183673469387754,0.6666666666666666,0.8333333333333334,0.6666666666666666,1.0,-1.6129032258064502,-1.6129032258064613,False
59504,Festival Depot CA 91761 (2),Outdoor Furniture,1,62.0,62.0,0.0,62.0,0.0,0.9838709677419354,0.9677419354838711,1.0,0.8870967741935483,,0.9838709677419354,,,,1.0,1.612903225806428,-1.6129032258064613,False
436247,Shanghai Wudi Home Furnishings Co Ltd CA 91763,APS Upholstery,1,62.0,62.0,4.0,58.0,0.06451612903225806,0.3387096774193548,0.8870967741935483,0.774193548387097,0.49999999999999983,0.25,0.3448275862068966,0.75,0.75,0.25,1.0,-54.83870967741935,-43.54838709677421,True
438841,Shenzhenshi Damengyuan Technology GA 30122 (2),APS Upholstery,1,62.0,59.0,3.0,33.0,0.04838709677419355,0.43548387096774194,0.6935483870967742,0.7950693374422187,0.5500770416024653,0.0,0.33333333333333326,0.6666666666666666,1.0,0.6666666666666666,2.0,-25.80645161290323,-35.95854664744768,True
210677,Accent Collection Global Inc NY 14132,Decor,1,62.0,61.0,7.0,55.0,0.11290322580645161,0.3709677419354838,0.6935483870967742,0.9517138599105812,0.7743666169895679,0.28571428571428575,0.3818181818181818,0.7142857142857143,1.0,0.8571428571428571,2.0,-32.25806451612904,-58.074611797509746,True
57409,Larson Doors,Hardware,1,62.0,62.0,0.0,62.0,0.0,0.9677419354838709,0.8870967741935483,0.9677419354838709,0.9354838709677419,,0.9677419354838709,,,,1.0,8.064516129032262,0.0,False
53046,GloryWisdomCorp.,Rugs,1,62.0,62.0,1.0,61.0,0.016129032258064516,0.8870967741935482,0.9354838709677419,0.9516129032258065,0.8225806451612904,0.0,0.9016393442622949,0.0,1.0,0.0,1.0,-4.838709677419373,-6.4516129032258345,False
89830,Kapok LTD. GA 30122,APS Outdoor,1,62.0,58.0,11.0,21.0,0.1774193548387097,0.5806451612903226,0.6290322580645161,0.43185550082101815,0.1970443349753695,0.5454545454545454,0.5238095238095237,0.7272727272727272,0.5454545454545455,0.27272727272727276,1.0,-4.8387096774193505,14.878966046930447,False
246065,"Ningbo Sandinrayli impexp co.,Ltd NJ 08810",APS,1,62.0,62.0,6.0,53.0,0.0967741935483871,0.8064516129032258,0.8387096774193548,0.8225806451612904,0.5806451612903226,0.6666666666666666,0.8113207547169812,0.6666666666666666,1.0,0.5,1.0,-3.2258064516129004,-1.6129032258064613,False
303427,CM-WE-1,APS,1,62.0,61.0,8.0,50.0,0.12903225806451613,0.6935483870967742,0.870967741935484,0.8072131147540983,0.4518032786885246,0.75,0.68,0.75,1.0,0.625,1.0,-17.741935483870975,-11.366472765732405,True
62189,Beatrice Home Fashion NJ 07080,Soft Home,1,62.0,62.0,0.0,62.0,0.0,0.9677419354838708,0.9516129032258063,0.8387096774193548,0.8064516129032256,,0.9677419354838708,,,,2.0,1.6129032258064502,12.903225806451601,False
433544,"Suzhou Yueqian Tech Co.,Ltd. CA 91752",Wayfair,1,62.0,62.0,0.0,62.0,0.0,0.838709677419355,0.8387096774193545,0.8548387096774193,0.8225806451612903,,0.838709677419355,,,,1.0,4.440892098500626e-14,-1.612903225806428,False
489619,Ningbo Chuji Co. GA 30046,APS Outdoor,1,62.0,59.0,0.0,62.0,0.0,0.532258064516129,0.870967741935484,0.8064516129032256,0.4999999999999999,,0.532258064516129,,,,1.0,-33.8709677419355,-27.419354838709666,True
405868,YQN-COPE-CA,APS Wayfair Professional,1,61.0,60.0,9.0,37.0,0.14754098360655737,0.7213114754098361,0.8524590163934425,0.7058558558558558,0.44279279279279277,0.7777777777777778,0.7567567567567568,0.8888888888888888,0.8888888888888888,0.5555555555555556,1.0,-13.114754098360637,1.5455619553980338,True
151869,Sonneman NY 10941,Lighting,1,61.0,55.0,4.0,57.0,0.06557377049180328,0.6393442622950819,0.7704918032786885,0.6401913875598088,0.5732057416267942,0.5,0.6491228070175438,0.75,0.75,0.5,1.0,-13.11475409836066,-0.08471252647268557,True
299568,NingBo KaiMeiChen DianZiShangWu YouXian GA 30517 ,APS Home Improvement,1,61.0,61.0,0.0,38.0,0.0,0.6885245901639343,0.6065573770491803,0.5245901639344263,0.37704918032786877,,0.7894736842105261,,,,1.0,8.196721311475397,16.393442622950804,False
401654,Brilliance Ltd CA 91730,APS Home Improvement,1,61.0,61.0,5.0,30.0,0.08196721311475409,0.8852459016393442,0.9344262295081968,0.8852459016393442,0.8524590163934426,1.0,0.8999999999999999,1.0,1.0,1.0,1.0,-4.918032786885251,0.0,False
97304,CA-NUU GARDEN CORPORATION CA92507,APS Outdoor,1,61.0,61.0,14.0,42.0,0.22950819672131148,0.18032786885245902,0.8032786885245901,0.6557377049180326,0.22950819672131148,0.21428571428571427,0.16666666666666669,0.8571428571428571,0.7857142857142856,0.21428571428571433,1.0,-62.29508196721311,-47.54098360655736,True
300578,Omega Chair LLC CA 92606,Upholstery,1,61.0,61.0,9.0,40.0,0.14754098360655737,0.8852459016393442,0.7704918032786884,0.7540983606557377,0.6721311475409836,1.0,0.85,1.0,0.8888888888888888,0.8888888888888888,1.0,11.475409836065587,13.11475409836066,False
280766,Longtrace Integration Inc CA 91710,Upholstery,1,61.0,60.0,0.0,61.0,0.0,0.7868852459016392,0.9508196721311475,0.9180327868852458,0.7049180327868851,,0.7868852459016392,,,,1.0,-16.393442622950825,-13.11475409836066,True
370389,Shenzhenshi Daman Shiye Youxiangongsi NJ 08817,APS K&D,1,61.0,61.0,4.0,57.0,0.06557377049180328,0.8688524590163935,0.8688524590163933,0.8688524590163934,0.6721311475409836,1.0,0.8596491228070177,1.0,1.0,1.0,1.0,2.220446049250313e-14,1.1102230246251565e-14,False
326071,foshanshi zuonenghengda maoyiyouxiangongsi NJ 08505,Wayfair,1,61.0,60.0,1.0,59.0,0.01639344262295082,1.0,0.9508196721311477,0.9672316384180792,0.9180790960451976,1.0,1.0,1.0,1.0,1.0,1.0,4.918032786885229,3.2768361581920757,False
89237,"ZHEJIANG XINXIN OUTDOOR PRODUCTS CO.,LTD GA 30519",APS,1,61.0,60.0,0.0,61.0,0.0,0.7868852459016394,0.983606557377049,0.9508196721311474,0.7704918032786888,,0.7868852459016394,,,,3.0,-19.67213114754096,-16.393442622950793,True
88285,Mondawe CA-2090ETI-91761-88285,APS Home Improvement,1,61.0,60.0,0.0,60.0,0.0,0.7868852459016392,0.9016393442622948,0.8688888888888886,0.7213888888888886,,0.7999999999999999,,,,1.0,-11.475409836065554,-8.200364298724939,True
163340,NEW BKFARMHOUSE INC NJ 08016,APS,1,61.0,61.0,9.0,42.0,0.14754098360655737,0.4754098360655739,0.7213114754098361,0.8196721311475409,0.44262295081967207,0.4444444444444444,0.523809523809524,0.6666666666666666,0.8888888888888888,0.4444444444444444,1.0,-24.59016393442622,-34.4262295081967,True
27593,NFusion CA El Monte,Outdoor Furniture,1,61.0,58.0,22.0,17.0,0.36065573770491804,0.9836065573770492,0.6065573770491803,0.5224506730591923,0.45661995205605754,1.0,1.0,1.0,1.0,1.0,1.0,37.704918032786885,46.11558843178568,False
296502,AISUNG INC GA 30517 ,APS,1,61.0,60.0,6.0,48.0,0.09836065573770492,0.885245901639344,0.9180327868852459,0.8866666666666666,0.7766666666666666,1.0,0.9166666666666664,0.8333333333333334,0.8333333333333334,0.8333333333333334,1.0,-3.27868852459019,-0.14207650273225791,False
185971,Florida House Plants LLC FL 32712,Decor,1,61.0,55.0,0.0,61.0,0.0,0.1639344262295082,0.5737704918032784,0.6065573770491802,0.5081967213114753,,0.1639344262295082,,,,2.0,-40.98360655737702,-44.2622950819672,True
212162,DJ-NJ4-08512,APS Mattresses,1,61.0,59.0,0.0,60.0,0.0,0.7704918032786887,0.524590163934426,0.8028248587570624,0.557062146892655,,0.7666666666666669,,,,1.0,24.59016393442627,-3.233305547837373,False
339795,"Xiamen Juqiwu Dianzishangwu CO,LTD NJ 08817",APS,1,61.0,54.0,0.0,54.0,0.0,0.6557377049180325,0.5081967213114753,0.5229766803840878,0.4883401920438957,,0.6296296296296293,,,,1.0,14.754098360655721,13.276102453394467,False
26345,South Pacific Textile,Upholstery,1,61.0,61.0,8.0,52.0,0.13114754098360656,0.918032786885246,1.0,0.983606557377049,0.9672131147540982,1.0,0.903846153846154,1.0,1.0,1.0,2.0,-8.196721311475397,-6.557377049180301,False
365218,Buriza Can Inc CA 91761 (2),Upholstery,1,61.0,61.0,1.0,55.0,0.01639344262295082,0.8688524590163934,0.901639344262295,0.8032786885245904,0.6065573770491801,1.0,0.8545454545454545,1.0,1.0,1.0,1.0,-3.2786885245901565,6.557377049180301,False
432532,foshanshihuanlingshangmaoyouxiangongsi_1 NJ 08512,APS Wayfair Professional,1,61.0,61.0,18.0,40.0,0.29508196721311475,0.983606557377049,0.8524590163934426,0.9180327868852459,0.7868852459016393,1.0,0.9749999999999999,0.8888888888888887,1.0,0.8333333333333333,1.0,13.114754098360649,6.557377049180313,False
434151,"WELLRISING TRADING CO., LIMITED GA 31408",Wayfair,1,61.0,60.0,0.0,50.0,0.0,0.8852459016393442,0.7868852459016394,0.8444444444444444,0.561111111111111,,0.92,,,,1.0,9.83606557377048,4.08014571948998,False
287911,hangzhoukuajingyiwangluokejiyouxiangongsi TX 77092,Wayfair,1,61.0,61.0,10.0,41.0,0.16393442622950818,0.9344262295081966,0.8524590163934426,1.0,1.0,1.0,0.9024390243902437,1.0,1.0,1.0,5.0,8.196721311475407,-6.557377049180335,False
409436,Charming Collections LLC CA 92316,Outdoor Structures,1,61.0,57.0,11.0,40.0,0.18032786885245902,0.8032786885245901,0.901639344262295,0.8052631578947369,0.5842105263157894,0.8181818181818182,0.7499999999999998,1.0,1.0,1.0,7.0,-9.836065573770492,-0.19844693701468463,False
494493,"Shenzhen Quanyuanfa Trading Co., Ltd. CA 92880(2)",APS K&D,1,61.0,61.0,0.0,61.0,0.0,0.8688524590163933,0.885245901639344,0.9180327868852458,0.7704918032786886,,0.8688524590163933,,,,1.0,-1.6393442622950727,-4.918032786885251,False
304055,ZHUHAI PENGCHUANG KEJIYOUXIANGONGSI CA 91708,APS Housewares & More,1,61.0,56.0,0.0,61.0,0.0,0.540983606557377,0.7213114754098359,0.7704918032786885,0.5081967213114754,,0.540983606557377,,,,1.0,-18.032786885245887,-22.95081967213115,True
370039,Shenzhenshi Yilaitake Kejiyouxiangongsi IL 60517,APS Home Improvement,1,61.0,57.0,0.0,60.0,0.0,0.7540983606557375,0.6885245901639345,0.7204678362573099,0.6058479532163744,,0.7666666666666665,,,,1.0,6.557377049180301,3.363052439842762,False
486981,SOMDOT WHOLESALE HONG KONG LIMITED TX 77489,Wayfair,1,61.0,61.0,0.0,61.0,0.0,1.0,0.9508196721311477,0.983606557377049,0.901639344262295,,1.0,,,,1.0,4.918032786885229,1.639344262295095,False
244321,HM DFG TX 77571,APS Bedroom,1,60.0,60.0,0.0,60.0,0.0,0.8,0.8499999999999999,0.9499999999999998,0.7499999999999998,,0.8,,,,1.0,-4.999999999999982,-14.99999999999998,False
316868,"Xiamen Dahonghuo Technology Co., Ltd CA 91789",Wayfair,1,60.0,58.0,0.0,60.0,0.0,0.9833333333333332,0.9666666666666669,0.9166666666666666,0.8166666666666667,,0.9833333333333332,,,,1.0,1.6666666666666274,6.666666666666654,False
313836,House of Rohl SC 29456,PG Home Improvement,1,60.0,51.0,1.0,58.0,0.016666666666666666,0.23333333333333336,0.43333333333333346,0.5527383367139959,0.4202163624070318,1.0,0.20689655172413796,1.0,1.0,1.0,1.0,-20.00000000000001,-31.940500338066247,True
464794,Shenzhen Tanggelao Technology ACF,APS Upholstery,1,60.0,57.0,12.0,12.0,0.2,0.7833333333333333,0.7166666666666667,0.7837586390217969,0.6480595427963849,0.6666666666666666,0.8333333333333334,0.6666666666666666,0.8333333333333334,0.49999999999999994,1.0,6.666666666666665,-0.04253056884635509,False
196453,"Huanxu Industry Co., Limited CA",APS Home Improvement,1,60.0,59.0,0.0,60.0,0.0,0.9500000000000001,0.9166666666666664,0.9166666666666666,0.9166666666666666,,0.9500000000000001,,,,1.0,3.333333333333366,3.3333333333333437,False
85315,VINFUL TRADE INC CA 91761,Upholstery,1,60.0,60.0,0.0,59.0,0.0,0.8166666666666665,0.6833333333333331,0.9833333333333332,0.65,,0.8135593220338981,,,,1.0,13.333333333333341,-16.666666666666664,False
289794,YDY,APS,1,60.0,58.0,0.0,60.0,0.0,0.4666666666666669,0.7,0.95,0.9333333333333333,,0.4666666666666669,,,,2.0,-23.333333333333307,-48.33333333333331,True
411744,"HONGKONG YUNQI NETWORK TECHNOLOGY CO., LIMITED NJ 08873",Outdoor Structures,1,60.0,60.0,9.0,49.0,0.15,0.9833333333333333,0.9166666666666666,0.8833333333333332,0.8499999999999999,0.8888888888888888,1.0,0.6666666666666666,0.8888888888888888,0.8888888888888888,2.0,6.666666666666665,10.000000000000009,False
254314,scentiausa llc FL 33172,Wayfair,1,60.0,59.0,12.0,45.0,0.2,0.8166666666666667,0.8166666666666667,0.9171374764595103,0.8508474576271187,0.9166666666666666,0.7777777777777778,0.8333333333333334,1.0,1.0,2.0,0.0,-10.047080979284361,False
253052,shenzhenshizhilunzhemaoyiyouxiangongsi GA 30517,Casegoods,1,60.0,60.0,5.0,42.0,0.08333333333333333,0.5333333333333333,0.7333333333333332,0.6333333333333333,0.31666666666666665,0.6,0.5714285714285715,0.8,1.0,0.8,1.0,-19.999999999999986,-9.999999999999998,True
240966,Twin Star Home WA 98032,Casegoods,1,60.0,59.0,0.0,60.0,0.0,0.8333333333333333,0.8666666666666667,0.8999999999999999,0.65,,0.8333333333333333,,,,1.0,-3.3333333333333437,-6.666666666666665,False
468855,Creative Concepts Man LLC GA 31326,Upholstery,1,60.0,56.0,0.0,58.0,0.0,0.9333333333333335,0.8999999999999999,0.933497536945813,0.933497536945813,,0.9310344827586208,,,,10.0,3.333333333333355,-0.016420361247948545,False
173157,DAX International FL 33018,Plumbing,1,60.0,57.0,3.0,56.0,0.05,0.7166666666666668,0.75,0.7343358395989973,0.6513157894736842,0.6666666666666666,0.7321428571428573,1.0,1.0,1.0,1.0,-3.3333333333333215,-1.7669172932330501,False
27618,The Cutting Board Company,Kitchen & Small Electrics,1,60.0,55.0,3.0,55.0,0.05,0.36666666666666653,0.6499999999999999,0.7338842975206612,0.5652892561983471,0.3333333333333333,0.3636363636363635,0.6666666666666666,0.6666666666666666,0.3333333333333333,2.0,-28.33333333333334,-36.721763085399466,True
404705,Youchu Inc. NV 89122,APS Youth,1,60.0,60.0,0.0,60.0,0.0,0.9333333333333332,1.0,0.9333333333333331,0.8666666666666665,,0.9333333333333332,,,,1.0,-6.666666666666677,1.1102230246251565e-14,False
61726,JJS Furniture,Casegoods,1,60.0,57.0,5.0,54.0,0.08333333333333333,0.3166666666666667,0.8666666666666666,0.7514619883040935,0.5185185185185187,0.6,0.29629629629629634,1.0,1.0,0.8,2.0,-54.999999999999986,-43.47953216374268,True
315598,PB3,APS Youth,1,60.0,60.0,4.0,49.0,0.06666666666666667,0.39999999999999997,0.7833333333333332,0.6833333333333332,0.33333333333333354,0.25,0.4081632653061224,1.0,0.75,0.25,1.0,-38.33333333333332,-28.33333333333333,True
433338,"Wenzhou Shengkai Sanitary Ware  Co., Ltd CA 92880",Wayfair,1,60.0,59.0,0.0,57.0,0.0,0.31666666666666676,0.5666666666666667,0.6836158192090397,0.2673208444840916,,0.28070175438596506,,,,1.0,-24.99999999999999,-36.694915254237294,True
348883,无忧达-CAJW06-91752,APS Mattresses,1,60.0,58.0,0.0,28.0,0.0,0.8333333333333331,0.8333333333333334,0.8522167487684726,0.7007389162561577,,0.7499999999999999,,,,1.0,-2.220446049250313e-14,-1.8883415435139494,False
365915,OKD-LG-TX-HOU07,APS AEOF,1,60.0,55.0,1.0,56.0,0.016666666666666666,0.4833333333333334,0.9166666666666666,0.697077922077922,0.4155844155844156,0.0,0.5178571428571429,1.0,1.0,1.0,1.0,-43.33333333333332,-21.374458874458856,True
327588,"Detron international co ., limited NJ 08691",APS Youth,1,60.0,57.0,0.0,60.0,0.0,0.8333333333333331,0.9500000000000003,0.8166666666666668,0.65,,0.8333333333333331,,,,1.0,-11.666666666666714,1.6666666666666385,True
332042,Shenzhen kaisite electronic technology CA 91730(2),APS Home Improvement,1,60.0,60.0,0.0,60.0,0.0,0.38333333333333325,0.8999999999999999,0.9166666666666666,0.36666666666666664,,0.38333333333333325,,,,1.0,-51.66666666666666,-53.33333333333334,True
53408,Southern Sky Home NC 27292,Casegoods,1,60.0,58.0,4.0,54.0,0.06666666666666667,0.21666666666666676,0.8333333333333334,0.6507024265644955,0.04980842911877397,0.5,0.18518518518518529,0.75,0.75,0.0,1.0,-61.66666666666666,-43.40357598978287,True
225790,KINGHOSE INDUSTRY LLC NJ-3,APS,1,60.0,58.0,2.0,58.0,0.03333333333333333,0.25000000000000006,0.9666666666666668,0.6504161712247325,0.16646848989298454,0.0,0.2586206896551725,1.0,1.0,0.0,1.0,-71.66666666666669,-40.04161712247324,True
282520,"CAN_Ningbo E-Commerce Co., Ltd. ON L1J 0E7",Casegoods,1,60.0,60.0,0.0,60.0,0.0,0.9833333333333333,0.9833333333333332,1.0,0.9666666666666667,,0.9833333333333333,,,,2.0,1.1102230246251565e-14,-1.6666666666666718,False
413835,WIZ FAUCET NJ 07094,Plumbing,1,60.0,60.0,2.0,57.0,0.03333333333333333,0.6833333333333331,0.7833333333333333,0.7666666666666663,0.6166666666666667,1.0,0.6666666666666664,1.0,1.0,1.0,1.0,-10.00000000000002,-8.333333333333314,True
17452,"Polmedia, LLC",Tabletop,1,60.0,60.0,2.0,58.0,0.03333333333333333,0.75,0.8833333333333333,0.9499999999999997,0.7833333333333334,1.0,0.7413793103448276,1.0,1.0,1.0,3.0,-13.33333333333333,-19.99999999999997,True
127110,Prime Garden LLC. CA 92376,Outdoor Furniture,1,60.0,59.0,21.0,26.0,0.35,0.6333333333333333,0.6166666666666667,0.7164276401564538,0.5834419817470665,0.5714285714285714,0.6538461538461539,0.47619047619047616,0.6190476190476191,0.47619047619047616,2.0,1.6666666666666607,-8.309430682312048,False
368800,Foshan Sleep Sheep Home Co. Ltd._1 ON L4T 1G6,Wayfair,1,60.0,60.0,0.0,60.0,0.0,0.9333333333333332,0.9333333333333332,0.9333333333333332,0.8833333333333332,,0.9333333333333332,,,,3.0,0.0,0.0,False
48566,"Plycraft Industries, Inc.CA92154",Casegoods,1,60.0,59.0,1.0,59.0,0.016666666666666666,0.6166666666666667,0.8333333333333336,0.8167193335248493,0.7000861821315713,1.0,0.6101694915254238,1.0,1.0,1.0,1.0,-21.66666666666669,-20.005266685818256,True
282496,ASOPIX CO CO 80033,Casegoods,1,60.0,60.0,1.0,47.0,0.016666666666666666,0.8666666666666668,0.55,0.7000000000000001,0.4999999999999999,1.0,0.8297872340425534,0.0,0.0,0.0,1.0,31.666666666666675,16.666666666666675,False
414755,US AUTOFLY KAOLA LLC NJ 08512,APS Home Improvement,1,60.0,58.0,0.0,58.0,0.0,0.8833333333333332,0.7166666666666665,0.9500594530321045,0.900118906064209,,0.8793103448275861,,,,4.0,16.666666666666675,-6.67261196987713,False
61312,DESTI DESIGN IMPORT NJ 07095,Upholstery,1,59.0,51.0,8.0,50.0,0.13559322033898305,0.6779661016949151,0.5762711864406779,0.8352941176470587,0.8023529411764704,0.875,0.6599999999999998,0.625,1.0,1.0,10.0,10.169491525423723,-15.732801595214363,False
405845,COZIO PTY LTD NJ 08857 ,APS Upholstery,1,59.0,58.0,5.0,53.0,0.0847457627118644,0.5593220338983049,0.8983050847457629,0.7970071567989588,0.42387768379960955,0.4,0.5849056603773584,0.8,1.0,0.6,1.0,-33.89830508474579,-23.76851229006539,True
238391,Geneva Home CA 90638,Soft Home,1,59.0,58.0,13.0,44.0,0.22033898305084745,0.4915254237288136,0.8983050847457625,0.7805642633228839,0.45768025078369895,0.6923076923076923,0.4318181818181818,0.9230769230769231,0.9230769230769231,0.46153846153846156,1.0,-40.67796610169489,-28.90388395940703,True
12178,Milestone Distributors Inc. TX 75006,Appliances,1,59.0,59.0,4.0,53.0,0.06779661016949153,0.8983050847457625,0.8305084745762714,0.9152542372881356,0.8474576271186444,1.0,0.8867924528301886,1.0,1.0,1.0,1.0,6.779661016949112,-1.6949152542373058,False
200144,W Appliance Co. SC 29486,Appliances,1,59.0,59.0,4.0,51.0,0.06779661016949153,0.9491525423728812,0.8305084745762713,0.9661016949152541,0.8983050847457624,1.0,0.9411764705882351,1.0,1.0,1.0,1.0,11.864406779660985,-1.6949152542372947,False
289409,SWEET NIGHT TECHNOLOGY INC. CA 91752 ,APS Mattresses,1,59.0,59.0,1.0,52.0,0.01694915254237288,0.7288135593220341,0.7118644067796611,0.8135593220338981,0.5254237288135593,1.0,0.7115384615384617,1.0,1.0,1.0,1.0,1.6949152542372947,-8.474576271186407,False
10673,123 Creations,Casegoods,1,59.0,57.0,12.0,46.0,0.2033898305084746,0.9322033898305084,0.9322033898305081,0.8657513348588861,0.7818459191456905,1.0,0.9130434782608695,0.9166666666666666,1.0,1.0,1.0,3.3306690738754696e-14,6.645205497162232,False
192865,Furniture Connexion OR 97211,Upholstery,1,59.0,58.0,0.0,59.0,0.0,0.9661016949152541,0.9152542372881356,0.9661016949152541,0.9661016949152541,,0.9661016949152541,,,,2.0,5.084745762711851,0.0,False
432649,COZYWOOD FURNITURE LIMITED NJ 08857,APS K&D,1,59.0,59.0,0.0,59.0,0.0,0.7796610169491526,0.8813559322033897,0.8983050847457625,0.6271186440677965,,0.7796610169491526,,,,1.0,-10.169491525423712,-11.864406779660996,True
348624,Kuaicang2-CA,APS Rugs,1,59.0,58.0,0.0,58.0,0.0,0.22033898305084745,0.6779661016949151,0.6947086801426872,0.2541617122473246,,0.22413793103448276,,,,1.0,-45.76271186440677,-47.43696970918398,True
351118,Hermes and Fesius LLC CA 91708,APS Outdoor,1,59.0,59.0,1.0,48.0,0.01694915254237288,0.6271186440677966,0.7966101694915253,0.847457627118644,0.5254237288135593,1.0,0.6041666666666666,1.0,1.0,1.0,1.0,-16.949152542372868,-22.033898305084744,True
416041,"Yiwu Longfei Trading Co.,Ltd NJ 08810",APS K&D,1,59.0,58.0,2.0,57.0,0.03389830508474576,0.7627118644067797,0.8644067796610168,0.8644888082274653,0.6442831215970963,1.0,0.7543859649122808,1.0,1.0,1.0,1.0,-10.169491525423702,-10.177694382068559,True
31091,Bloem FL32703,Decor,1,59.0,59.0,1.0,58.0,0.01694915254237288,0.9152542372881352,0.7966101694915253,0.9322033898305081,0.7627118644067796,0.0,0.9310344827586202,1.0,1.0,1.0,1.0,11.864406779660985,-1.6949152542372947,False
229710,Meishe NJ 08512 Bedshe,APS,1,59.0,59.0,0.0,49.0,0.0,0.9830508474576272,0.7627118644067793,0.8813559322033898,0.7627118644067795,,1.0,,,,1.0,22.033898305084787,10.169491525423735,False
357450,CM WEST,APS AEOF,1,59.0,59.0,2.0,49.0,0.03389830508474576,0.6440677966101697,0.7796610169491525,0.9322033898305083,0.8135593220338984,0.5,0.6734693877551022,0.5,1.0,1.0,6.0,-13.55932203389828,-28.813559322033868,True
211743,Solino Inc NY 11434,Tabletop,1,59.0,53.0,0.0,58.0,0.0,0.30508474576271194,0.8135593220338985,0.8103448275862069,0.6896551724137934,,0.31034482758620696,,,,2.0,-50.84745762711865,-50.52600818234949,True
329136,RENDITIONS GALLERY LLC IL 60527,Wayfair,1,59.0,59.0,1.0,58.0,0.01694915254237288,1.0,0.9491525423728812,0.7457627118644067,0.6610169491525425,1.0,1.0,1.0,1.0,1.0,1.0,5.084745762711885,25.423728813559332,False
292223,"Caoxian Zhongzhou Household Products Co., Ltd. NJ 08554",APS Bedroom,1,59.0,59.0,1.0,57.0,0.01694915254237288,0.8644067796610169,0.864406779661017,0.847457627118644,0.6440677966101694,0.0,0.894736842105263,1.0,1.0,0.0,1.0,-1.1102230246251565e-14,1.6949152542372836,False
210280,langfangouluolashangmaoyouxiangongsi CA2,Casegoods,1,59.0,59.0,1.0,51.0,0.01694915254237288,0.9661016949152542,0.8305084745762713,0.8813559322033898,0.7288135593220337,1.0,0.9607843137254902,1.0,1.0,1.0,1.0,13.55932203389829,8.47457627118644,False
363215,ONT5,APS Decor,1,59.0,57.0,0.0,59.0,0.0,0.983050847457627,0.8813559322033898,0.8813559322033897,0.7796610169491525,,0.983050847457627,,,,1.0,10.169491525423723,10.169491525423735,False
468443,Extromax Lea Inc CA 92316,APS Upholstery,1,59.0,59.0,6.0,37.0,0.1016949152542373,0.9152542372881355,0.8305084745762712,0.7966101694915254,0.5423728813559321,1.0,0.8918918918918917,0.6666666666666666,1.0,0.5,1.0,8.474576271186429,11.864406779661007,False
277625,Empava Appliances Inc. CA 91745,APS Home Improvement,1,59.0,59.0,13.0,43.0,0.22033898305084745,0.8983050847457628,0.8644067796610169,0.7627118644067796,0.6610169491525423,0.8461538461538461,0.9069767441860465,0.8461538461538461,0.8461538461538461,0.8461538461538461,1.0,3.3898305084745894,13.559322033898313,False
372317,RW Flame CAN ON L6Z 0J9,APS Home Improvement,1,59.0,59.0,0.0,59.0,0.0,0.9152542372881353,0.9830508474576272,0.9830508474576272,0.9661016949152542,,0.9152542372881353,,,,2.0,-6.7796610169491895,-6.7796610169491895,False
44891,"Shamrock Industries, LLC",Kitchen & Small Electrics,1,59.0,58.0,3.0,55.0,0.05084745762711865,0.7288135593220338,0.8813559322033897,0.8642633228840124,0.7796238244514107,0.6666666666666666,0.7272727272727273,0.6666666666666666,0.6666666666666666,0.6666666666666666,1.0,-15.254237288135586,-13.544976356197857,True
459745,BaZhuaYu-NJ-01,APS Home Improvement,1,58.0,58.0,1.0,57.0,0.017241379310344827,0.8793103448275863,0.8275862068965518,0.6896551724137928,0.4655172413793103,0.0,0.8947368421052633,1.0,1.0,1.0,1.0,5.1724137931034475,18.96551724137935,False
461009,Simmons Mattress CA 92831,Mattress,1,58.0,56.0,1.0,56.0,0.017241379310344827,0.6724137931034482,0.5689655172413793,0.672831632653061,0.638392857142857,1.0,0.6607142857142856,1.0,1.0,1.0,1.0,10.344827586206884,-0.041783954961283065,False
432851,JIANG SU MAI WEI JIN CHU KOU YOU XIAN GONG SI GA 30518,APS AEOF,1,58.0,58.0,6.0,44.0,0.10344827586206896,0.6724137931034483,0.9310344827586204,0.8275862068965517,0.5689655172413793,0.8333333333333334,0.6818181818181818,0.8333333333333334,0.8333333333333334,0.8333333333333334,1.0,-25.862068965517217,-15.517241379310342,True
316095,Noviland International LLC PA 18466,APS Decor,1,58.0,56.0,0.0,53.0,0.0,0.4482758620689654,0.793103448275862,0.7250673854447439,0.3271563342318059,,0.49056603773584895,,,,1.0,-34.48275862068966,-27.67915233757785,True
247008,Guangzhoushi Yuanweiwei Maoyi Youxian NJ 08861,APS,1,58.0,57.0,9.0,28.0,0.15517241379310345,0.5344827586206896,0.7413793103448276,0.4473684210526316,0.1723057644110276,0.3333333333333333,0.6785714285714285,0.4444444444444444,0.11111111111111113,0.0,1.0,-20.6896551724138,8.711433756805803,True
368787,"Anhui Yinmaotai Technology Co., Ltd CA 91752",Wayfair,1,58.0,55.0,3.0,50.0,0.05172413793103448,0.7241379310344829,0.8275862068965515,0.86,0.6869090909090909,0.6666666666666666,0.7200000000000002,1.0,1.0,0.6666666666666666,1.0,-10.344827586206861,-13.586206896551712,True
235705,JOY-CA1,Casegoods,1,58.0,58.0,0.0,55.0,0.0,1.0,0.9482758620689654,0.8793103448275861,0.8103448275862067,,1.0,,,,1.0,5.172413793103459,12.068965517241391,False
89556,YOUDENOVA HOME INC NJ 08817,APS Outdoor,1,58.0,58.0,0.0,58.0,0.0,0.8275862068965517,0.8620689655172413,0.5344827586206896,0.2586206896551724,,0.8275862068965517,,,,1.0,-3.4482758620689613,29.31034482758621,False
450322,Zhongshan Shiyuemumu Dianzishangwuyouxiangongsi GA 31326,APS Decor,1,58.0,58.0,3.0,33.0,0.05172413793103448,0.8103448275862069,0.8275862068965516,0.9482758620689655,0.7758620689655171,0.6666666666666666,0.8484848484848484,0.6666666666666666,1.0,0.6666666666666666,1.0,-1.724137931034475,-13.793103448275868,False
299786,Q-CA-1,APS,1,58.0,58.0,0.0,45.0,0.0,0.5517241379310345,0.7586206896551723,0.7586206896551723,0.4999999999999999,,0.5111111111111111,,,,1.0,-20.68965517241378,-20.68965517241378,True
28883,American Heartland,Casegoods,1,58.0,56.0,14.0,42.0,0.2413793103448276,0.5344827586206897,0.8965517241379308,0.8120748299319727,0.6904761904761906,0.6428571428571429,0.5000000000000001,1.0,0.9285714285714286,0.7142857142857142,2.0,-36.206896551724114,-27.759207131128292,True
332597,Urban Legacy PA 17501,Decor,1,58.0,55.0,0.0,58.0,0.0,1.0,0.8275862068965517,0.9137931034482757,0.8620689655172413,,1.0,,,,2.0,17.24137931034483,8.62068965517243,False
329944,ENIBOS LTD CA 92879,Casegoods,1,58.0,57.0,0.0,57.0,0.0,0.7586206896551724,0.6724137931034483,0.827639273622653,0.8104032009849184,,0.7543859649122807,,,,1.0,8.62068965517241,-6.901858396748062,False
356810, YQN-GA,APS Outdoor,1,58.0,58.0,1.0,44.0,0.017241379310344827,1.0,0.7241379310344828,0.9310344827586207,0.8448275862068966,1.0,1.0,1.0,1.0,1.0,1.0,27.586206896551722,6.896551724137934,False
405167,weifangshikunqidianzishangwuyouxiangongsi FL 32824,APS AEOF,1,58.0,53.0,1.0,19.0,0.017241379310344827,0.6379310344827587,0.6724137931034483,0.6314886702175679,0.39363847010321695,1.0,0.6315789473684211,1.0,1.0,1.0,1.0,-3.4482758620689613,0.6442364265190736,False
364968,大方广-NJ-02,Wayfair,1,58.0,58.0,3.0,51.0,0.05172413793103448,0.6896551724137931,0.7413793103448275,0.8965517241379308,0.6379310344827585,0.3333333333333333,0.7058823529411765,0.6666666666666666,1.0,1.0,1.0,-5.172413793103436,-20.68965517241377,False
61320,Octane Seating GA 30281,Upholstery,1,58.0,53.0,6.0,52.0,0.10344827586206896,0.5862068965517241,0.8620689655172412,0.8124092888243832,0.7764876632801161,0.8333333333333334,0.5576923076923076,1.0,1.0,0.8333333333333334,2.0,-27.58620689655171,-22.620239227265916,True
402738,shenzhenshifeihuangxinxijishuyouxiangong GA 30518,APS Decor,1,58.0,57.0,2.0,51.0,0.034482758620689655,0.7586206896551725,0.896551724137931,0.827313381492948,0.6542827657378739,0.5,0.8039215686274511,1.0,1.0,0.5,1.0,-13.793103448275856,-6.869269183777549,True
352265,luoyangmengrunshangmaoyouxiangongsi NJ 08016,APS AEOF,1,58.0,57.0,2.0,37.0,0.034482758620689655,0.9137931034482756,0.8103448275862069,0.8624940730203888,0.7771455666192507,1.0,0.8648648648648646,0.5,0.5,0.5,1.0,10.344827586206872,5.1299030427886745,False
354098,Wuyouda-SAV-1,APS Home Improvement,1,58.0,57.0,0.0,50.0,0.0,0.8620689655172411,0.9310344827586207,0.6378947368421053,0.3442105263157896,,0.8799999999999997,,,,1.0,-6.8965517241379555,22.41742286751358,False
403938,Barry Room Inc NJ 08016,APS Outdoor,1,58.0,58.0,0.0,58.0,0.0,0.879310344827586,0.6896551724137929,0.8620689655172413,0.7068965517241379,,0.879310344827586,,,,1.0,18.965517241379303,1.724137931034464,False
411967,chengduyanzhiguikejiyouxiangongsi YQN NJ,APS Upholstery,1,58.0,58.0,0.0,58.0,0.0,0.8103448275862072,0.8793103448275861,0.9655172413793103,0.7241379310344828,,0.8103448275862072,,,,1.0,-6.89655172413789,-15.51724137931031,False
125767,GOODSILO LLC NJ 08512,Upholstery,1,58.0,57.0,2.0,54.0,0.034482758620689655,0.20689655172413796,0.9310344827586204,0.8105912930474334,0.32748538011695905,0.5,0.20370370370370375,1.0,1.0,0.5,2.0,-72.41379310344824,-60.369474132329536,True
231958,AQUAGALLERY-EDAQPX-NJ,APS Spa,1,58.0,57.0,0.0,56.0,0.0,0.7758620689655172,0.6206896551724139,0.7929197994987469,0.568922305764411,,0.7678571428571429,,,,1.0,15.517241379310331,-1.7057730533229676,False
29632,Nichols Bros. Stoneworks,Decor,1,57.0,56.0,0.0,57.0,0.0,0.7017543859649122,0.7719298245614035,0.8771929824561401,0.6842105263157895,,0.7017543859649122,,,,1.0,-7.017543859649122,-17.543859649122783,False
340863,东阳市新贤阳电子商务有限公司 TX 77023,Wayfair,1,57.0,56.0,8.0,41.0,0.14035087719298245,0.7192982456140349,0.9649122807017543,0.842334494773519,0.4912891986062717,0.75,0.7317073170731705,1.0,1.0,0.5,1.0,-24.56140350877194,-12.303624915948408,True
239651,Bella Depot Inc. NJ 07047,APS Home Improvement,1,57.0,57.0,0.0,57.0,0.0,0.35087719298245607,0.9473684210526315,0.824561403508772,0.26315789473684215,,0.35087719298245607,,,,1.0,-59.64912280701755,-47.3684210526316,True
353197,Kulamoon INC. NJ 08831,Recreation,1,57.0,57.0,0.0,56.0,0.0,0.7543859649122808,0.9649122807017545,0.894736842105263,0.6315789473684209,,0.767857142857143,,,,1.0,-21.052631578947366,-14.035087719298222,True
37398,MyFun Corporation,Lighting,1,57.0,55.0,11.0,41.0,0.19298245614035087,0.8245614035087719,0.8421052631578947,0.9308203991130819,0.7898004434589802,0.8181818181818182,0.8048780487804879,0.8181818181818182,1.0,0.7272727272727272,1.0,-1.754385964912275,-10.625899560430996,False
40512,Victory Store,Decor,1,57.0,57.0,4.0,53.0,0.07017543859649122,0.7192982456140351,0.7368421052631579,0.894736842105263,0.719298245614035,0.75,0.7169811320754716,0.75,1.0,1.0,1.0,-1.754385964912275,-17.543859649122794,False
14697,Safavieh PA 18042b,Rugs,1,57.0,56.0,0.0,57.0,0.0,0.8596491228070176,0.9122807017543859,0.7719298245614035,0.6491228070175438,,0.8596491228070176,,,,1.0,-5.263157894736836,8.771929824561408,False
477666,(US)yichangshikaimingwangluokejiyouxiangongsi NJ 07064,APS Housewares & More,1,57.0,53.0,0.0,56.0,0.0,0.8421052631578946,0.8245614035087719,0.9107142857142858,0.7499999999999998,,0.857142857142857,,,,1.0,1.754385964912264,-6.8609022556391235,False
365529,NABBIE INC CA 91745,Wayfair,1,57.0,51.0,2.0,55.0,0.03508771929824561,0.4912280701754384,0.8070175438596491,0.7729055258467024,0.5960784313725489,0.5,0.49090909090909074,0.5,1.0,0.5,1.0,-31.57894736842107,-28.167745567126396,True
319446,Pottery Pots USA Inc. NJ 08110,Wayfair,1,57.0,56.0,6.0,48.0,0.10526315789473684,0.8070175438596491,0.8245614035087717,0.8069196428571427,0.7012648809523808,1.0,0.8125,0.8333333333333334,0.8333333333333334,0.6666666666666666,1.0,-1.754385964912264,0.009790100250639533,False
441394,"ChengduoujialongTechnology Co., Ltd NJ 08505",APS Mattresses,1,57.0,57.0,0.0,57.0,0.0,0.7894736842105264,0.8771929824561403,0.8771929824561403,0.7543859649122805,,0.7894736842105264,,,,7.0,-8.771929824561386,-8.771929824561386,False
174323,Nantong Xiaoxin Supply Chain Management TX 75006 ,APS,1,57.0,54.0,3.0,54.0,0.05263157894736842,0.5789473684210525,0.6842105263157893,0.7530864197530863,0.6131687242798352,0.3333333333333333,0.5925925925925924,0.3333333333333333,0.3333333333333333,0.3333333333333333,1.0,-10.526315789473673,-17.41390513320338,True
254683,Shaoxing ShangYa FangZhi YouXian GongSi CA 90058,Wayfair,1,57.0,55.0,0.0,57.0,0.0,1.0,0.9473684210526315,0.9473684210526314,0.9122807017543857,,1.0,,,,1.0,5.263157894736848,5.2631578947368585,False
302467,Geht Household USA Inc IL 60439,Appliances,1,57.0,56.0,0.0,57.0,0.0,0.7543859649122809,0.8596491228070173,0.8596491228070177,0.5964912280701754,,0.7543859649122809,,,,1.0,-10.526315789473639,-10.526315789473673,True
93052,Galaxy Home Furnishing Inc. NJ 07663,Casegoods,1,57.0,57.0,2.0,54.0,0.03508771929824561,1.0,0.8771929824561402,0.9298245614035086,0.807017543859649,1.0,1.0,1.0,1.0,1.0,1.0,12.28070175438598,7.017543859649145,False
401156,Artika OH 43207,Lighting,1,57.0,57.0,0.0,57.0,0.0,0.9122807017543859,0.9122807017543859,0.9473684210526315,0.8947368421052628,,0.9122807017543859,,,,1.0,0.0,-3.508771929824561,False
34667,David Shaw Silverware NY14304,Tabletop,1,57.0,52.0,3.0,53.0,0.05263157894736842,0.8596491228070174,0.8596491228070174,0.8955007256894049,0.8955007256894049,1.0,0.8490566037735847,0.3333333333333333,1.0,1.0,8.0,0.0,-3.5851602882387423,False
369839,"XUZHOU ANMAOLIAN TRADING CO., LTD. NJ 08857",Wayfair,1,57.0,56.0,7.0,49.0,0.12280701754385964,0.9649122807017543,0.9122807017543858,0.9825072886297376,0.9825072886297376,0.8571428571428571,0.9795918367346937,0.8571428571428571,1.0,1.0,6.0,5.263157894736848,-1.7595007927983297,False
331616,NingBo KaiMeiChen DianZiShangWu You CA 92335,APS Home Improvement,1,57.0,56.0,1.0,37.0,0.017543859649122806,0.8245614035087718,0.8771929824561403,0.7369691119691121,0.6148648648648649,0.0,0.8648648648648647,1.0,1.0,1.0,1.0,-5.263157894736848,8.759229153965975,False
235135,"Jiaxing Aofeisi Imp.  Exp.Co., Ltd AT3",APS,1,57.0,57.0,6.0,44.0,0.10526315789473684,0.8947368421052632,0.9824561403508771,0.8421052631578947,0.7192982456140351,0.8333333333333334,0.9318181818181818,1.0,0.8333333333333334,0.6666666666666666,1.0,-8.771929824561397,5.263157894736848,False
497086,Guangzhou Huguangkeji Youxiangongsi CA 91761,APS Home Improvement,1,57.0,55.0,0.0,57.0,0.0,0.8070175438596493,0.7543859649122805,0.9649122807017543,0.7894736842105263,,0.8070175438596493,,,,1.0,5.263157894736881,-15.789473684210497,False
244387,Jetly Prey Outdoor Inc TX 75050,Upholstery,1,57.0,53.0,0.0,55.0,0.0,0.14035087719298253,0.7543859649122806,0.47238421955403076,0.13996569468267583,,0.14545454545454553,,,,1.0,-61.40350877192981,-33.20333423610482,True
332700,   WPPA2,APS,1,57.0,57.0,3.0,46.0,0.05263157894736842,0.9649122807017544,0.9122807017543858,0.7894736842105262,0.6140350877192983,1.0,0.9565217391304348,1.0,1.0,1.0,1.0,5.2631578947368585,17.543859649122815,False
103020,NEWNICE DESIGN LLC NJ 08505,APS,1,57.0,57.0,1.0,54.0,0.017543859649122806,0.8596491228070178,0.894736842105263,0.7017543859649122,0.5263157894736842,1.0,0.8518518518518521,1.0,1.0,1.0,1.0,-3.508771929824528,15.789473684210552,False
318233,Shenzhen shi jingchuang feilu keji youxi NJ 07064,APS Youth,1,57.0,56.0,11.0,36.0,0.19298245614035087,0.9122807017543858,0.6666666666666666,0.5471230158730159,0.38938492063492064,0.9090909090909091,0.9166666666666665,0.8181818181818182,0.8181818181818182,0.7272727272727272,1.0,24.561403508771917,36.515768588136986,False
485033,United Solutions MA 01510,Storage & Org - Frequency,1,57.0,50.0,0.0,57.0,0.0,0.31578947368421056,0.5614035087719297,0.7894736842105264,0.5438596491228069,,0.31578947368421056,,,,3.0,-24.56140350877191,-47.36842105263159,True
374784,GLERUS LTD CA 91762 (2),Casegoods,1,57.0,57.0,0.0,57.0,0.0,0.8947368421052632,0.9298245614035088,0.9122807017543858,0.7017543859649122,,0.8947368421052632,,,,1.0,-3.508771929824561,-1.754385964912264,False
185652,CAN_Pajinteriors (2616209 Ontario Inc.) NY 14132,CA Casegoods,1,57.0,50.0,0.0,57.0,0.0,0.7543859649122806,0.6842105263157895,0.7894736842105263,0.7894736842105263,,0.7543859649122806,,,,2.0,7.017543859649111,-3.5087719298245723,False
408085,"Suzhou Chaojijia Internet Technology Co., Ltd. CA 92337-7703",APS AEOF,1,57.0,54.0,0.0,57.0,0.0,0.5614035087719299,0.7543859649122806,0.7894736842105264,0.5087719298245613,,0.5614035087719299,,,,1.0,-19.29824561403507,-22.807017543859654,True
468556,CAN_Zhejiang Linya Co. ON L9E 2J3,APS Home Improvement,1,56.0,56.0,0.0,56.0,0.0,1.0,1.0,1.0,1.0,,1.0,,,,5.0,0.0,0.0,False
46926,Lifetime Products TN 37806,Outdoor Structures,1,56.0,55.0,0.0,56.0,0.0,0.7678571428571429,0.8214285714285714,0.9107142857142857,0.75,,0.7678571428571429,,,,2.0,-5.357142857142849,-14.28571428571428,False
18658,Home Trends Design Ltd.,PG Casegoods,1,56.0,54.0,0.0,56.0,0.0,0.9285714285714286,0.9464285714285712,0.875,0.7499999999999999,,0.9285714285714286,,,,3.0,-1.7857142857142572,5.35714285714286,False
277532,shandongruoruoshizhenggongchengyouxian NJ 08016,APS Home Improvement,1,56.0,56.0,0.0,56.0,0.0,0.982142857142857,0.9464285714285714,0.9642857142857142,0.9285714285714283,,0.982142857142857,,,,1.0,3.5714285714285587,1.7857142857142794,False
475452,SUNRISE UMBRELLA INC- LECANGS LLC,Outdoor Structures,1,56.0,56.0,0.0,55.0,0.0,0.37499999999999994,0.8928571428571426,0.8035714285714286,0.5892857142857142,,0.3818181818181818,,,,1.0,-51.785714285714256,-42.85714285714287,True
412244,SOARFLASH LLC CA 91761,APS K&D,1,56.0,55.0,2.0,52.0,0.03571428571428571,1.0,0.7321428571428571,0.9465034965034963,0.9286713286713287,1.0,1.0,0.5,1.0,1.0,2.0,26.785714285714292,5.34965034965037,False
355343,Shenzhenshiliyuguojimaoyiyouxianzeren CA 91761(2),APS Bedroom,1,56.0,54.0,1.0,53.0,0.017857142857142856,0.642857142857143,0.7857142857142856,0.7683438155136265,0.518867924528302,1.0,0.6226415094339623,1.0,1.0,1.0,1.0,-14.285714285714256,-12.54866726564835,True
269820,"FlySoar Trade Co., Ltd NJ 08016",APS,1,56.0,55.0,8.0,44.0,0.14285714285714285,0.6249999999999998,0.6964285714285714,0.7855371900826448,0.5177685950413222,0.5,0.6136363636363634,0.5,0.75,0.375,1.0,-7.142857142857162,-16.0537190082645,False
365328,hemazhinengjiaju(anji)youxiangongsi GA 31308,APS K&D,1,56.0,53.0,0.0,55.0,0.0,0.8035714285714285,0.982142857142857,0.8751286449399656,0.6075471698113208,,0.7999999999999998,,,,1.0,-17.85714285714285,-7.155721636853707,True
355183,JLNJ03,APS Housewares & More,1,56.0,55.0,0.0,56.0,0.0,0.7142857142857141,0.8214285714285714,0.7499999999999998,0.625,,0.7142857142857141,,,,1.0,-10.714285714285731,-3.57142857142857,True
458043,Twin Star Home OH 43207,Casegoods,1,56.0,56.0,0.0,56.0,0.0,1.0,0.9107142857142857,0.9464285714285714,0.7499999999999999,,1.0,,,,1.0,8.92857142857143,5.35714285714286,False
413846,Chengdu Yaotong Wangluo Keji Youxian Gongsi GA 31326,APS Housewares & More,1,56.0,55.0,3.0,50.0,0.05357142857142857,0.75,0.8035714285714285,0.8385454545454544,0.6599999999999998,0.3333333333333333,0.78,0.3333333333333333,0.3333333333333333,0.3333333333333333,1.0,-5.357142857142849,-8.854545454545438,False
58146,Celeste Designs FL 34982,Hardware,1,56.0,56.0,2.0,54.0,0.03571428571428571,0.12500000000000003,0.3571428571428572,0.32142857142857145,0.2678571428571429,0.5,0.11111111111111113,1.0,1.0,1.0,3.0,-23.21428571428572,-19.642857142857142,True
233336,RJS Houston - Rig,APS Youth,1,56.0,55.0,1.0,55.0,0.017857142857142856,0.5892857142857144,0.8035714285714286,0.8750413223140492,0.5180165289256198,1.0,0.5818181818181819,1.0,1.0,1.0,1.0,-21.42857142857142,-28.57556080283348,True
313259,AM-CA,APS,1,56.0,56.0,30.0,16.0,0.5357142857142857,0.30357142857142855,0.6964285714285714,0.5535714285714286,0.375,0.3,0.25000000000000006,0.6333333333333333,0.6,0.46666666666666673,1.0,-39.285714285714285,-25.000000000000007,True
571,Mele Jewelry Box Corporation,Decor,1,56.0,56.0,2.0,54.0,0.03571428571428571,0.4999999999999999,0.7857142857142855,0.7500000000000001,0.5178571428571427,0.0,0.5185185185185184,1.0,1.0,0.5,1.0,-28.57142857142856,-25.00000000000002,True
91833,Kalamera Inc. CA 91702,APS,1,56.0,55.0,1.0,53.0,0.017857142857142856,0.7857142857142857,0.8035714285714285,0.7502572898799312,0.571869639794168,1.0,0.7735849056603774,1.0,1.0,1.0,1.0,-1.7857142857142794,3.5456995834354466,False
326512,"VISION VORTEX CO.,LTD TX 77494",APS Outdoor,1,56.0,55.0,7.0,41.0,0.125,0.857142857142857,0.875,0.9104212860310422,0.7853658536585366,1.0,0.8536585365853657,0.5714285714285714,0.7142857142857143,0.5714285714285714,1.0,-1.7857142857143016,-5.327842888818523,False
230520,John Richard-WH Level,PG Casegoods,1,56.0,51.0,0.0,56.0,0.0,0.7142857142857144,0.7321428571428571,0.7142857142857144,0.7142857142857144,,0.7142857142857144,,,,2.0,-1.7857142857142683,0.0,False
316968,Etan Pet Supplies Inc. NJ 08512,APS,1,56.0,56.0,0.0,56.0,0.0,0.8928571428571429,0.9107142857142858,0.9464285714285715,0.7142857142857143,,0.8928571428571429,,,,1.0,-1.7857142857142905,-5.35714285714286,False
155967,C A Marketing Inc. PA 18512,Appliances,1,56.0,54.0,0.0,56.0,0.0,0.8392857142857142,0.8214285714285715,0.6607142857142857,0.4285714285714286,,0.8392857142857142,,,,1.0,1.7857142857142683,17.85714285714285,False
366222,Bindel Home Inc NJ 08837,APS Home Improvement,1,56.0,55.0,0.0,56.0,0.0,0.6071428571428569,0.7678571428571429,0.9107142857142856,0.5714285714285714,,0.6071428571428569,,,,1.0,-16.071428571428605,-30.357142857142872,True
350445,Home Sweet Dream Joy Inc GA 30517,Youth Furniture & Decor,1,56.0,56.0,5.0,46.0,0.08928571428571429,1.0,0.9464285714285712,0.9285714285714283,0.8928571428571426,1.0,1.0,1.0,1.0,1.0,1.0,5.3571428571428825,7.1428571428571725,False
368903,Deco Marche KY 41094,Decor,1,56.0,55.0,3.0,53.0,0.05357142857142857,0.8928571428571427,0.9642857142857141,0.9643224699828472,0.9464837049742709,1.0,0.8867924528301886,1.0,1.0,1.0,2.0,-7.14285714285714,-7.146532712570453,False
477321,"Hebei Ou Nuo De Industrial Co., Ltd. GA 30349",APS Outdoor,1,56.0,55.0,0.0,55.0,0.0,0.6785714285714283,0.8214285714285713,0.892892561983471,0.5358677685950414,,0.6909090909090907,,,,1.0,-14.285714285714302,-21.43211334120427,True
295210,GlobalVisionDirectLtd CA 90220,Casegoods,1,56.0,51.0,0.0,56.0,0.0,0.5000000000000001,0.7857142857142856,0.7678571428571428,0.4821428571428571,,0.5000000000000001,,,,1.0,-28.571428571428548,-26.785714285714267,True
276151,"Hauslane, NY 13669",Appliances,1,56.0,54.0,6.0,47.0,0.10714285714285714,0.8214285714285713,0.7857142857142855,0.8573680063041764,0.8573680063041764,0.8333333333333334,0.8085106382978722,0.6666666666666666,1.0,1.0,1.0,3.571428571428581,-3.5939434875605136,False
366532,Foshan Qida Maoyiyouxiangongsi IL 60431,APS Mattresses,1,56.0,56.0,0.0,56.0,0.0,0.625,0.8749999999999998,0.9285714285714285,0.5892857142857143,,0.625,,,,1.0,-24.99999999999998,-30.35714285714285,True
317803,CEVA,Decor,1,56.0,55.0,0.0,56.0,0.0,0.9464285714285714,0.9107142857142858,0.8928571428571428,0.7678571428571428,,0.9464285714285714,,,,1.0,3.5714285714285587,5.35714285714286,False
27659,idh by St. Simons,Hardware,1,56.0,51.0,0.0,56.0,0.0,0.8928571428571429,0.9107142857142858,0.8749999999999997,0.75,,0.8928571428571429,,,,1.0,-1.7857142857142905,1.7857142857143238,False
333378,JES SL ENTERPRISES LLC FL 33702,Wayfair,1,56.0,53.0,0.0,31.0,0.0,0.9107142857142855,0.9107142857142855,0.8557273280584297,0.7288131466828971,,0.9032258064516127,,,,1.0,0.0,5.498695765585582,False
298565,Barhull Industry. LLC PA 18064,Casegoods,1,56.0,56.0,0.0,56.0,0.0,0.9107142857142855,0.8749999999999998,0.8928571428571427,0.8214285714285712,,0.9107142857142855,,,,1.0,3.57142857142857,1.7857142857142794,False
294528,XIA MEN XIN TIAN DA JIN SHU ZHI ZAO YOU XIAN GONG SI CA 91789,Wayfair,1,56.0,56.0,4.0,46.0,0.07142857142857142,0.607142857142857,0.9285714285714286,0.9107142857142857,0.5535714285714286,0.5,0.5652173913043477,1.0,1.0,0.75,1.0,-32.14285714285716,-30.357142857142872,True
63684,Sefinn Four CA 91748,APS Home Improvement,1,56.0,56.0,17.0,35.0,0.30357142857142855,0.8392857142857143,0.8928571428571429,0.9464285714285714,0.892857142857143,0.7647058823529411,0.8571428571428572,0.7647058823529411,1.0,1.0,3.0,-5.35714285714286,-10.71428571428571,False
266770,zenco inc CA 91708,Wayfair,1,56.0,55.0,1.0,54.0,0.017857142857142856,0.8035714285714285,0.9464285714285714,0.8929292929292927,0.821212121212121,0.0,0.8148148148148147,1.0,1.0,0.0,1.0,-14.28571428571429,-8.935786435786419,True
109389,Pearson's Luggage & Gifts LA 70815,Casegoods,1,56.0,53.0,3.0,40.0,0.05357142857142857,0.3928571428571428,0.8214285714285712,0.7877358490566038,0.5580188679245283,0.6666666666666666,0.32499999999999996,0.6666666666666666,0.6666666666666666,0.3333333333333333,1.0,-42.85714285714284,-39.487870619946094,True
40701,CAN_Weiser,Hardware,1,55.0,55.0,0.0,55.0,0.0,0.29090909090909095,0.8727272727272726,0.8727272727272726,0.3090909090909091,,0.29090909090909095,,,,1.0,-58.18181818181816,-58.18181818181816,True
350865,Forious Inc. TX 75074,APS Home Improvement,1,55.0,55.0,0.0,55.0,0.0,1.0,0.8363636363636363,0.9818181818181817,0.9818181818181817,,1.0,,,,2.0,16.36363636363637,1.81818181818183,False
183428,易达云美西3仓 183428 92337,APS Outdoor,1,55.0,53.0,13.0,34.0,0.23636363636363636,0.9636363636363636,0.8727272727272727,0.8224195338512764,0.7680355160932297,1.0,0.9411764705882353,0.846153846153846,1.0,0.9230769230769231,1.0,9.090909090909093,14.121682978508721,False
103068,GRAND KEVAN LLC CA 91748,APS Mattresses,1,55.0,52.0,10.0,44.0,0.18181818181818182,0.6181818181818179,0.8181818181818183,0.7298951048951049,0.5620629370629371,0.39999999999999997,0.6818181818181815,1.0,1.0,0.5,1.0,-20.00000000000004,-11.171328671328695,True
468580,BATH TOP LIMITED NJ 08016,Wayfair,1,55.0,55.0,6.0,37.0,0.10909090909090909,0.8363636363636363,0.818181818181818,0.9272727272727272,0.8909090909090909,0.8333333333333334,0.8648648648648649,0.8333333333333334,1.0,1.0,1.0,1.81818181818183,-9.090909090909093,False
411130,"Hunan Shouhuzhe Information Technology Co., LTD CA 91761",APS Home Improvement,1,55.0,55.0,0.0,55.0,0.0,0.7454545454545454,0.7636363636363636,0.8181818181818182,0.6,,0.7454545454545454,,,,1.0,-1.8181818181818188,-7.272727272727286,False
403497,"Anji Chelin Furniture Company.,Ltd CA 92324",APS K&D,1,55.0,55.0,0.0,55.0,0.0,1.0,0.8545454545454545,1.0,0.9818181818181818,,1.0,,,,1.0,14.54545454545455,0.0,False
486783,"HANGZHOU KANGHAO YIJIA HOME TECHNOLOGY CO., LTD. NJ 08691",APS Mattresses,1,55.0,55.0,0.0,49.0,0.0,0.9818181818181818,0.909090909090909,0.8545454545454543,0.6909090909090908,,1.0,,,,1.0,7.272727272727286,12.727272727272753,False
123903,Lagoon Furniture CA 92154,Outdoor Furniture,1,55.0,55.0,0.0,55.0,0.0,0.7636363636363636,0.909090909090909,0.7454545454545451,0.6181818181818183,,0.7636363636363636,,,,1.0,-14.54545454545454,1.818181818181841,True
238147,GC-EA-15,Storage & Org - Frequency,1,55.0,52.0,0.0,55.0,0.0,0.7090909090909089,0.8363636363636363,0.7272727272727274,0.4727272727272727,,0.7090909090909089,,,,1.0,-12.727272727272743,-1.818181818181852,True
330230,VK LIMITED LLC NY 14132,Casegoods,1,55.0,50.0,2.0,53.0,0.03636363636363636,0.7454545454545455,0.6,0.7645283018867925,0.6558490566037735,1.0,0.7358490566037735,1.0,1.0,1.0,1.0,14.54545454545455,-1.9073756432247069,False
287068,福州群尚工艺品有限公司 CA 91761,Wayfair,1,55.0,54.0,0.0,55.0,0.0,0.8363636363636363,0.9454545454545453,0.8363636363636366,0.7454545454545453,,0.8363636363636363,,,,1.0,-10.909090909090901,-3.3306690738754696e-14,True
494303,Peugeot USA IL 60018,Kitchen & Small Electrics,1,55.0,54.0,0.0,55.0,0.0,0.9090909090909091,0.9636363636363634,0.9090909090909091,0.8,,0.9090909090909091,,,,1.0,-5.454545454545434,0.0,False
62482,National Presto Industries MS 39046,Kitchen & Small Electrics,1,55.0,55.0,2.0,53.0,0.03636363636363636,0.781818181818182,0.8181818181818183,0.9818181818181817,0.9636363636363634,1.0,0.7735849056603775,1.0,1.0,1.0,3.0,-3.6363636363636376,-19.99999999999997,False
218827,"Zhejiang Linya Co., GA 30336",APS Home Improvement,1,55.0,55.0,23.0,12.0,0.41818181818181815,0.4727272727272727,0.8909090909090909,0.7818181818181819,0.16363636363636364,0.7391304347826086,0.24999999999999997,0.7391304347826086,0.7391304347826086,0.30434782608695654,1.0,-41.81818181818181,-30.909090909090914,True
218124,SAMS Gold Imports CA 93215,Rugs,1,55.0,54.0,5.0,50.0,0.09090909090909091,0.3636363636363636,0.727272727272727,0.6359259259259259,0.345185185185185,0.2,0.37999999999999995,0.4,0.4,0.2,1.0,-36.36363636363634,-27.228956228956232,True
20015,Milliken Carpet GA 30721,Rugs,1,55.0,54.0,1.0,18.0,0.01818181818181818,0.9636363636363636,0.8909090909090909,0.927469135802469,0.927469135802469,1.0,1.0,0.0,1.0,1.0,6.0,7.272727272727275,3.616722783389459,False
295606,DaFangGuang-SAV,APS Home Improvement,1,55.0,55.0,2.0,42.0,0.03636363636363636,0.5454545454545455,0.5636363636363636,0.6727272727272727,0.29090909090909084,0.5,0.4761904761904763,0.5,0.5,0.5,1.0,-1.8181818181818077,-12.72727272727272,False
439118,D&S America LLC NC 28625,WGS India,1,55.0,55.0,4.0,51.0,0.07272727272727272,0.3818181818181819,0.7090909090909091,0.7272727272727274,0.7090909090909091,0.75,0.3529411764705883,1.0,1.0,1.0,4.0,-32.72727272727272,-34.545454545454554,True
74722,YBC TRADING INC.,Lighting,1,55.0,55.0,0.0,55.0,0.0,1.0,0.8909090909090908,0.9818181818181818,0.9454545454545455,,1.0,,,,1.0,10.909090909090924,1.8181818181818188,False
344424,"Jiangmen Xinhui Zhenghua Hardware Products Co., Ltd. GA 31322",Wayfair,1,55.0,54.0,7.0,14.0,0.12727272727272726,0.509090909090909,0.9454545454545454,0.8783068783068784,0.5701058201058201,0.7142857142857143,0.2857142857142857,1.0,1.0,0.8571428571428571,1.0,-43.63636363636364,-36.92159692159693,True
370649,YESURE INC. GA 30518,APS Outdoor,1,55.0,55.0,0.0,53.0,0.0,1.0,0.909090909090909,1.0,1.0,,1.0,,,,1.0,9.090909090909104,0.0,False
352259,"Ningbo Yiyue electronic Commerce Co., LTD GA 31326",APS Outdoor,1,55.0,55.0,2.0,45.0,0.03636363636363636,0.8545454545454544,0.8363636363636363,0.8363636363636363,0.6727272727272727,0.5,0.8666666666666665,0.5,1.0,0.5,1.0,1.8181818181818077,1.8181818181818077,False
407455,OXFORD HOMEWARE US LTD NJ 08534,Wayfair,1,55.0,55.0,0.0,51.0,0.0,0.9272727272727272,0.890909090909091,1.0,1.0,,0.9607843137254902,,,,9.0,3.6363636363636265,-7.272727272727275,False
35599,Big Backyard TX75261,Recreation,1,55.0,55.0,0.0,55.0,0.0,0.9090909090909091,0.9454545454545454,1.0,0.8181818181818182,,0.9090909090909091,,,,1.0,-3.6363636363636376,-9.090909090909093,False
247200,REESE ELECTRONIC TECHNOLOGY INC CA 91761,APS Outdoor,1,55.0,55.0,8.0,41.0,0.14545454545454545,0.5636363636363637,0.7636363636363638,0.6909090909090909,0.43636363636363634,0.5,0.5853658536585367,0.625,0.875,0.5,1.0,-20.000000000000007,-12.72727272727272,True
414121,Hong Kong Xintengfei Import and Export Trade Company Limited ON L9E 0E9,Wayfair,1,55.0,55.0,0.0,55.0,0.0,0.9636363636363636,0.9818181818181818,0.9818181818181818,0.9636363636363636,,0.9636363636363636,,,,1.0,-1.8181818181818188,-1.8181818181818188,False
370545,"FOSHAN SWEET LEMON TRADING CO., LTD CA 92410",APS Mattresses,1,55.0,54.0,0.0,55.0,0.0,0.8909090909090907,0.9090909090909088,0.9454545454545454,0.8545454545454545,,0.8909090909090907,,,,1.0,-1.8181818181818188,-5.454545454545478,False
374547,"TAIZHOU BOLVDA CRAFT CO.,LTD GA 30260",APS Outdoor,1,55.0,55.0,0.0,55.0,0.0,0.49090909090909085,0.8000000000000002,0.9272727272727272,0.4,,0.49090909090909085,,,,1.0,-30.90909090909093,-43.63636363636364,True
372748,xiamenchangdashangmaoyouxiangongsi GA 30096	,APS Bedroom,1,54.0,47.0,0.0,53.0,0.0,0.7962962962962963,0.7777777777777778,0.7599357687675633,0.6491368928141309,,0.7924528301886793,,,,1.0,1.851851851851849,3.6360527528732978,False
279093,"Ningbo Detaike Trading Co., Ltd. NY 11716",APS Outdoor,1,54.0,54.0,1.0,38.0,0.018518518518518517,0.9629629629629629,0.7962962962962961,0.9444444444444443,0.833333333333333,1.0,0.9473684210526315,1.0,1.0,1.0,1.0,16.666666666666686,1.85185185185186,False
374506,"TAIZHOU BOLVDA CRAFT CO.,LTD NJ 08817",APS Outdoor,1,54.0,53.0,0.0,53.0,0.0,0.4444444444444444,0.6666666666666666,0.9444642221431114,0.8333926664293341,,0.4339622641509434,,,,2.0,-22.22222222222222,-50.0019777698667,True
405688,Humble Crew Inc. NJ 08512,Youth Furniture & Decor,1,54.0,52.0,0.0,54.0,0.0,0.925925925925926,0.9629629629629629,0.7777777777777778,0.7222222222222224,,0.925925925925926,,,,1.0,-3.703703703703687,14.814814814814826,False
13530,Anchorware LLC,Outdoor Furniture,1,54.0,53.0,1.0,53.0,0.018518518518518517,0.7592592592592593,0.7592592592592593,0.8889284442862226,0.629761480954076,1.0,0.7547169811320755,1.0,1.0,1.0,1.0,0.0,-12.966918502696334,False
352877,"Hunan Xiangong Trading Co., Ltd CA 94544",APS Housewares & More,1,54.0,51.0,2.0,50.0,0.037037037037037035,0.9074074074074073,0.8148148148148145,0.8513725490196079,0.8133333333333331,1.0,0.9199999999999998,0.5,1.0,0.5,2.0,9.259259259259277,5.603485838779942,False
411238,bazhoushinuolijiajuyouxiangongsi CA 92337-8200,APS Bedroom,1,54.0,54.0,1.0,51.0,0.018518518518518517,0.5185185185185184,0.8888888888888887,0.9074074074074074,0.48148148148148145,1.0,0.5294117647058822,1.0,1.0,1.0,1.0,-37.03703703703704,-38.88888888888891,True
313006,"Hangzhou Skytech Outdoor Co., LTD CA 92880",APS,1,54.0,54.0,0.0,54.0,0.0,0.7407407407407409,0.9814814814814814,0.6851851851851852,0.37037037037037046,,0.7407407407407409,,,,1.0,-24.074074074074048,5.55555555555557,True
148263,"EcoQuality, INC. NY 11234",Tabletop,1,54.0,53.0,1.0,53.0,0.018518518518518517,0.5555555555555556,0.685185185185185,0.6852972588109647,0.5557137771448913,1.0,0.5471698113207547,1.0,1.0,1.0,1.0,-12.962962962962942,-12.974170325540912,True
451462,LELELINKY INTERNATIONAL LIMITED GA 31408(2),APS AEOF,1,54.0,53.0,5.0,45.0,0.09259259259259259,0.7407407407407407,0.7962962962962962,0.740041928721174,0.31446540880503154,0.6,0.7777777777777778,0.6,0.6,0.2,1.0,-5.5555555555555465,0.06988120195666747,False
317138,CAN_NingBo KaiMeiChen DianZiShangWu You ON L5T 2N3,APS Home Improvement,1,54.0,54.0,0.0,54.0,0.0,0.7407407407407406,0.8333333333333331,0.7592592592592593,0.5740740740740741,,0.7407407407407406,,,,1.0,-9.259259259259256,-1.8518518518518712,False
273475,Dongguan Hewei Kejiyouxiangongsi GA 30517,APS,1,54.0,53.0,1.0,48.0,0.018518518518518517,0.7777777777777778,0.9629629629629628,0.796383647798742,0.5554245283018868,0.0,0.7916666666666666,1.0,1.0,0.0,1.0,-18.5185185185185,-1.8605870020964255,True
182998,Livetty TX 75013,Upholstery,1,54.0,53.0,0.0,54.0,0.0,0.9259259259259258,0.8888888888888887,0.9814814814814814,0.8703703703703701,,0.9259259259259258,,,,1.0,3.703703703703709,-5.555555555555558,False
66401,Bestview International IL 60561,Plumbing,1,54.0,52.0,3.0,51.0,0.05555555555555555,0.5185185185185185,0.5925925925925926,0.6119909502262444,0.5558069381598795,0.6666666666666666,0.5098039215686274,0.6666666666666666,1.0,0.6666666666666666,1.0,-7.4074074074074066,-9.34724317077259,False
304382,nanjingweiyidianzishangwuyouxiangongsi GA 31326,Wayfair,1,54.0,54.0,5.0,34.0,0.09259259259259259,0.7962962962962963,0.8888888888888888,0.9814814814814815,0.8148148148148147,0.8,0.9117647058823529,1.0,1.0,1.0,1.0,-9.259259259259256,-18.518518518518523,False
304269,Guangzhou Huantao Wangluo Keji Youxian GA 30518,APS Home Improvement,1,54.0,50.0,0.0,54.0,0.0,0.9814814814814814,0.8148148148148148,0.7962962962962963,0.685185185185185,,0.9814814814814814,,,,1.0,16.666666666666664,18.518518518518512,False
409440,Hermes and Fesius LLC TX 77489,APS Outdoor,1,54.0,54.0,9.0,35.0,0.16666666666666666,0.6666666666666666,0.7407407407407407,0.9814814814814814,0.6111111111111109,0.4444444444444444,0.6857142857142856,0.4444444444444444,1.0,0.3333333333333333,1.0,-7.4074074074074066,-31.481481481481477,False
465989,"ChengduoujialongTechnology Co., Ltd CA 90201",APS Mattresses,1,54.0,53.0,0.0,54.0,0.0,0.685185185185185,0.8333333333333331,0.740740740740741,0.5370370370370369,,0.685185185185185,,,,1.0,-14.814814814814813,-5.555555555555602,True
476346,Shanghai Woyao Trading Co Ltd GA 30349,APS Decor,1,54.0,54.0,0.0,54.0,0.0,0.7037037037037034,0.9444444444444442,0.9444444444444444,0.6111111111111109,,0.7037037037037034,,,,1.0,-24.07407407407408,-24.074074074074105,True
268286,"Zhejiang Linya Co., Ltd CA 92879 ",APS Home Improvement,1,54.0,54.0,6.0,41.0,0.1111111111111111,0.35185185185185186,0.6481481481481479,0.6111111111111112,0.38888888888888895,0.5,0.29268292682926833,0.6666666666666666,0.6666666666666666,0.6666666666666666,1.0,-29.629629629629605,-25.92592592592593,True
369621,"Guangzhou Licen Trading Co., Ltd CA 91761",APS Home Improvement,1,54.0,52.0,4.0,47.0,0.07407407407407407,0.9444444444444443,0.9074074074074071,0.8527004909983634,0.7974631751227494,1.0,0.9361702127659572,1.0,1.0,1.0,1.0,3.70370370370372,9.174395344608088,False
354196,DFG-W-ONT1,APS K&D,1,54.0,54.0,0.0,54.0,0.0,0.907407407407407,0.8148148148148148,0.7407407407407406,0.574074074074074,,0.907407407407407,,,,1.0,9.259259259259222,16.66666666666664,False
33445,Kraus NJ08075,Plumbing,1,54.0,54.0,20.0,18.0,0.37037037037037035,0.9629629629629629,1.0,0.9074074074074073,0.5740740740740741,0.9,1.0,1.0,1.0,0.5499999999999999,1.0,-3.703703703703709,5.555555555555558,False
130915,Outopee Inc NJ 08554,Casegoods,1,54.0,53.0,6.0,39.0,0.1111111111111111,0.6666666666666666,0.8333333333333334,0.833575229801645,0.722302854378326,0.6666666666666666,0.6666666666666666,0.6666666666666666,0.8333333333333334,0.6666666666666666,1.0,-16.666666666666675,-16.690856313497836,True
364979,良仓-SAV-01,Wayfair,1,54.0,54.0,1.0,48.0,0.018518518518518517,0.7777777777777778,0.8333333333333334,0.8333333333333331,0.48148148148148145,1.0,0.75,1.0,1.0,1.0,1.0,-5.555555555555558,-5.555555555555536,False
254770,PRIMESTOK Jersey CA 91730,Casegoods,1,54.0,49.0,0.0,51.0,0.0,0.9074074074074073,0.8888888888888885,0.9079631852741094,0.9079631852741094,,0.9019607843137254,,,,4.0,1.8518518518518823,-0.0555777866702023,False
156456,"Minhou Minxing Weaving CO.,Ltd CA 91730",APS,1,54.0,54.0,10.0,23.0,0.18518518518518517,0.9629629629629629,0.9259259259259259,0.7962962962962963,0.7407407407407407,0.9,1.0,0.9,0.9,0.8,1.0,3.703703703703698,16.666666666666664,False
363969,"Fuzhou Gewuhan E-commerce Co., Ltd NJ 08110",APS Pet,1,54.0,51.0,0.0,54.0,0.0,0.9259259259259257,0.8518518518518517,0.7407407407407408,0.6296296296296295,,0.9259259259259257,,,,1.0,7.407407407407396,18.51851851851849,False
489806,luoyangwoweishangmaoyouxiangongsi GA 31322,APS K&D,1,54.0,52.0,0.0,52.0,0.0,0.9259259259259259,0.8703703703703702,0.9260355029585798,0.8136094674556212,,0.9615384615384616,,,,1.0,5.55555555555557,-0.010957703265390695,False
311237,"Shenzhen Chunxin E-Commerce Co., Ltd. GA 31322",APS,1,54.0,54.0,0.0,53.0,0.0,1.0,0.9814814814814814,1.0,0.9444444444444443,,1.0,,,,1.0,1.85185185185186,0.0,False
30889,Home Bazaar PA17557,Decor,1,54.0,51.0,3.0,49.0,0.05555555555555555,0.2222222222222222,0.6851851851851852,0.6318527410964385,0.5950380152060825,1.0,0.1836734693877551,1.0,1.0,1.0,2.0,-46.296296296296305,-40.96305188742163,True
29437,Whitecap Industries,Tabletop,1,54.0,52.0,0.0,54.0,0.0,0.6666666666666665,0.87037037037037,0.9259259259259257,0.6296296296296295,,0.6666666666666665,,,,1.0,-20.37037037037035,-25.92592592592592,True
80543,Glow Decor,Decor,1,54.0,54.0,0.0,54.0,0.0,0.9814814814814815,0.9814814814814814,1.0,1.0,,0.9814814814814815,,,,1.0,1.1102230246251565e-14,-1.851851851851849,False
13992,Novatto Inc. AZ 85040,Plumbing,1,53.0,48.0,0.0,53.0,0.0,0.5471698113207546,0.7358490566037735,0.6603773584905662,0.5283018867924529,,0.5471698113207546,,,,1.0,-18.867924528301895,-11.320754716981163,True
88732,Peterson Housewares NY 14094,Decor,1,53.0,53.0,0.0,53.0,0.0,0.660377358490566,0.6981132075471698,0.8679245283018867,0.6981132075471698,,0.660377358490566,,,,1.0,-3.7735849056603765,-20.75471698113207,False
26779,The Decal Guru,Decor,1,53.0,52.0,7.0,34.0,0.1320754716981132,0.8113207547169812,0.9811320754716981,0.734162895927602,0.6968325791855203,0.8571428571428571,0.7647058823529411,1.0,1.0,1.0,3.0,-16.981132075471695,7.71578587893792,True
78340,EnzaHome International Inc.,WGS-Turkey,1,53.0,52.0,0.0,53.0,0.0,0.9622641509433961,0.9245283018867925,0.9622641509433962,0.9433962264150945,,0.9622641509433961,,,,1.0,3.7735849056603654,-1.1102230246251565e-14,False
443169,RUIAN INC GA 31302,APS Upholstery,1,53.0,52.0,0.0,36.0,0.0,0.6415094339622641,0.9056603773584906,0.6618589743589743,0.34027777777777773,,0.5833333333333334,,,,1.0,-26.415094339622648,-2.034954039671022,True
241946, ROUS Hardware LLC,Wayfair,1,53.0,39.0,0.0,53.0,0.0,0.16981132075471703,0.5094339622641509,0.5283018867924528,0.43396226415094336,,0.16981132075471703,,,,2.0,-33.96226415094339,-35.849056603773576,True
245012,"Xiamen Tianda Metal Co., Ltd. NJ 07305",Mattress,1,53.0,52.0,4.0,49.0,0.07547169811320754,0.6037735849056601,0.8867924528301887,0.9623233908948196,0.5467032967032968,0.25,0.6326530612244896,1.0,1.0,0.25,1.0,-28.30188679245286,-35.854980598915944,True
18262,DEMDACO,Decor,1,53.0,49.0,0.0,53.0,0.0,0.20754716981132082,0.4339622641509434,0.6037735849056604,0.32075471698113206,,0.20754716981132082,,,,2.0,-22.64150943396226,-39.622641509433954,True
9783,Dyconn,Plumbing,1,53.0,39.0,0.0,53.0,0.0,0.4528301886792453,0.6037735849056602,0.6226415094339623,0.5849056603773585,,0.4528301886792453,,,,1.0,-15.094339622641495,-16.981132075471706,True
56010,Xcella NY 14305,Casegoods,1,53.0,51.0,4.0,49.0,0.07547169811320754,0.13207547169811323,0.5471698113207546,0.6606642657062823,0.5478191276510603,0.25,0.12244897959183676,1.0,0.75,0.75,3.0,-41.50943396226413,-52.8588794008169,True
432697,EFFLIKE BLEALL GNARUSE INC CA 92337,Wayfair,1,53.0,52.0,12.0,38.0,0.22641509433962265,0.8867924528301884,0.9433962264150942,0.8502024291497974,0.7940283400809717,1.0,0.8684210526315785,1.0,1.0,1.0,1.0,-5.660377358490587,3.6590023680390993,False
462513,Emerald City Brand Boosters LLC_1 TX 77489,APS Pet,1,53.0,52.0,0.0,52.0,0.0,0.8867924528301884,0.8867924528301884,0.9430473372781063,0.8298816568047338,,0.8846153846153844,,,,1.0,0.0,-5.625488444791793,False
374030,HONG KONG SUXIANG TECHNOLOGY LIMITED NJ 07008,Wayfair,1,53.0,53.0,1.0,39.0,0.018867924528301886,1.0,0.7735849056603771,0.7924528301886791,0.7358490566037734,1.0,1.0,1.0,1.0,1.0,1.0,22.64150943396229,20.75471698113209,False
406474,Right Way Light LLC CA 92509,APS Home Improvement,1,53.0,52.0,0.0,16.0,0.0,0.9622641509433962,0.8867924528301887,0.9057692307692307,0.9057692307692307,,1.0,,,,2.0,7.547169811320753,5.6494920174165575,False
266856,Bergamo Art CA 92225 ,Wayfair,1,53.0,52.0,3.0,50.0,0.05660377358490566,0.5471698113207546,0.622641509433962,0.6226923076923074,0.3019230769230769,0.3333333333333333,0.5599999999999998,0.6666666666666666,0.6666666666666666,0.3333333333333333,1.0,-7.547169811320742,-7.552249637155284,False
290296,Noviland International LLC PA 18707 ,APS Decor,1,53.0,49.0,0.0,52.0,0.0,0.13207547169811323,0.5660377358490567,0.6420722135007848,0.15227629513343802,,0.1153846153846154,,,,1.0,-43.39622641509435,-50.999674180267164,True
406499,WanBang（ShenZhen）SheJiYouXianGongSi NJ 08638,Wayfair,1,53.0,53.0,4.0,49.0,0.07547169811320754,0.6792452830188678,0.7924528301886794,0.7735849056603772,0.5849056603773582,0.75,0.6734693877551019,1.0,1.0,0.75,1.0,-11.320754716981163,-9.433962264150942,True
104080,zhengzhou huixiangkemao youxiangongsi NJ 08810,APS Youth,1,53.0,52.0,8.0,25.0,0.1509433962264151,0.7547169811320755,0.7547169811320755,0.4930769230769231,0.26615384615384613,0.75,0.7200000000000002,0.625,0.75,0.5,1.0,0.0,26.164005805515245,False
290280,Alphamarts GA 31326,APS Outdoor,1,53.0,50.0,0.0,41.0,0.0,0.5660377358490566,0.8301886792452828,0.7226829268292683,0.6075609756097563,,0.6097560975609756,,,,2.0,-26.415094339622623,-15.664519098021168,True
483887,OXFORD HOMEWARE US LTD TX 77033,Soft Home,1,53.0,50.0,0.0,27.0,0.0,0.9245283018867925,0.4528301886792453,0.9437321937321937,0.9437321937321937,,0.8888888888888887,,,,9.0,47.16981132075472,-1.9203891845401277,False
349263,TOMIC DECOR INC CA 91708,APS Home Improvement,1,53.0,53.0,16.0,35.0,0.3018867924528302,0.9245283018867924,0.8490566037735849,0.849056603773585,0.811320754716981,1.0,0.914285714285714,1.0,1.0,0.9374999999999999,1.0,7.547169811320742,7.547169811320731,False
43385,American Bedding Inc.,Mattress,1,52.0,50.0,13.0,36.0,0.25,0.9807692307692307,0.9615384615384616,0.8488888888888888,0.7533333333333332,0.9230769230769231,1.0,1.0,1.0,0.9230769230769231,1.0,1.9230769230769162,13.188034188034193,False
462007,CAN_Shenzhen Zhichen Trading Co. LTD. AB T4A 0P7,APS K&D,1,52.0,51.0,0.0,52.0,0.0,1.0,0.9423076923076922,0.942307692307692,0.942307692307692,,1.0,,,,1.0,5.7692307692307825,5.769230769230804,False
431718,"Shenzhen feijiaran co.,ltd CA 94545",APS Home Improvement,1,52.0,52.0,7.0,24.0,0.1346153846153846,0.6730769230769231,0.7307692307692307,0.5961538461538461,0.36538461538461536,0.8571428571428571,0.7083333333333334,1.0,1.0,0.5714285714285714,1.0,-5.769230769230759,7.692307692307699,False
54222,Cozzy Design,Casegoods,1,52.0,50.0,0.0,52.0,0.0,0.6153846153846154,0.9038461538461537,0.673076923076923,0.4807692307692307,,0.6153846153846154,,,,1.0,-28.846153846153832,-5.769230769230759,True
365191,Central Power International Limited LLC NJ 08512,APS K&D,1,52.0,51.0,0.0,52.0,0.0,0.6923076923076921,0.7307692307692305,0.6346153846153848,0.4615384615384616,,0.6923076923076921,,,,1.0,-3.8461538461538436,5.7692307692307265,False
358238,"Arcadia Design Lighting Co.,LTD CA 91761",APS Home Improvement,1,52.0,52.0,17.0,25.0,0.3269230769230769,0.8269230769230769,0.9038461538461539,0.75,0.7115384615384616,0.7647058823529411,0.96,0.9411764705882352,1.0,0.8823529411764705,2.0,-7.692307692307699,7.692307692307687,False
206214,206214 Factory Direct Partners 92154,Wayfair Professional,1,52.0,51.0,13.0,36.0,0.25,1.0,1.0,0.9618736383442266,0.9618736383442266,1.0,1.0,1.0,1.0,1.0,2.0,0.0,3.8126361655773433,False
413470,zhongshanshixingshuodianzishangwuyouxiangongsi CA 91761,Wayfair,1,52.0,52.0,23.0,26.0,0.4423076923076923,0.9807692307692307,0.9230769230769231,0.9615384615384616,0.9615384615384616,0.9565217391304346,1.0,0.9130434782608695,1.0,1.0,1.0,5.769230769230759,1.9230769230769162,False
452860,JUSTMAE INC GA 30336,APS AEOF,1,52.0,51.0,0.0,42.0,0.0,0.6730769230769231,0.8269230769230766,0.7497665732959851,0.5765639589169,,0.7619047619047619,,,,1.0,-15.384615384615351,-7.668965021906193,True
304019,weifangjiamujingmaoyouxiangongsi NJ 08512,APS,1,52.0,51.0,0.0,50.0,0.0,0.730769230769231,0.7692307692307695,0.7117647058823527,0.46196078431372545,,0.7200000000000002,,,,1.0,-3.8461538461538547,1.9004524886878205,False
50127,Eastern Accents IL 60641,"PG Bedding, Bath & Window",1,52.0,52.0,17.0,27.0,0.3269230769230769,0.9038461538461537,0.9615384615384615,0.9615384615384615,0.9615384615384615,0.8235294117647058,0.9259259259259257,1.0,1.0,1.0,1.0,-5.769230769230771,-5.769230769230771,False
98822,CAN_Portmeirion ON,Tabletop,1,52.0,52.0,0.0,52.0,0.0,0.5961538461538459,1.0,1.0,1.0,,0.5961538461538459,,,,6.0,-40.38461538461541,-40.38461538461541,True
455499,Senbabe Inc TX 75050,Casegoods,1,52.0,51.0,0.0,52.0,0.0,0.4807692307692308,0.8846153846153845,0.3653846153846155,0.13461538461538466,,0.4807692307692308,,,,1.0,-40.384615384615365,11.538461538461531,True
251130,Comptree Inc GA 31407,APS,1,52.0,52.0,3.0,40.0,0.057692307692307696,0.6923076923076923,0.8076923076923077,0.7884615384615384,0.3653846153846153,0.3333333333333333,0.75,0.6666666666666666,0.6666666666666666,0.3333333333333333,1.0,-11.538461538461542,-9.615384615384615,True
163119,ProMounts CA,Wayfair Professional,1,52.0,50.0,0.0,45.0,0.0,0.3653846153846153,0.75,0.6933333333333332,0.6551111111111111,,0.2888888888888888,,,,4.0,-38.46153846153847,-32.794871794871796,True
293629,Alexander & Sheridan Importers LLC. FL 32746,Casegoods,1,52.0,47.0,3.0,49.0,0.057692307692307696,0.4038461538461539,0.5769230769230772,0.6561007381676075,0.3842813721233174,0.3333333333333333,0.4081632653061225,0.6666666666666666,1.0,0.3333333333333333,1.0,-17.307692307692328,-25.22545843214536,True
425071,"YiQiyin (Hangzhou) Trading Co., Ltd TX 75050",APS Housewares & More,1,52.0,50.0,1.0,48.0,0.019230769230769232,0.7884615384615384,0.9038461538461535,0.7712500000000001,0.5425,1.0,0.7916666666666666,1.0,1.0,1.0,1.0,-11.538461538461508,1.7211538461538334,True
440842,"Shenzhen Chunxin E-Commerce Co., Ltd. CA 92880",APS K&D,1,52.0,52.0,0.0,51.0,0.0,0.8461538461538461,0.8653846153846154,0.8846153846153845,0.7115384615384617,,0.8431372549019608,,,,1.0,-1.9230769230769273,-3.8461538461538325,False
333714,Cottage Creek NC 28504,Casegoods,1,52.0,52.0,0.0,52.0,0.0,0.9230769230769231,0.8653846153846152,0.9615384615384615,0.9423076923076922,,0.9230769230769231,,,,3.0,5.769230769230793,-3.8461538461538325,False
299706,Idea Tech LLC IL 62040,Wayfair,1,52.0,52.0,0.0,52.0,0.0,0.8269230769230766,0.8461538461538461,0.8846153846153844,0.6346153846153848,,0.8269230769230766,,,,1.0,-1.9230769230769496,-5.769230769230771,False
229181,Hebei Xiong an Aibike Technology Co Ltd NJ2,APS K&D,1,52.0,50.0,0.0,49.0,0.0,0.44230769230769224,0.9423076923076923,0.6738775510204081,0.2502040816326531,,0.4081632653061224,,,,1.0,-50.0,-23.15698587127159,True
238939,"Braxton Culler, Inc NC 27350",PG Upholstery - Core,1,52.0,48.0,12.0,38.0,0.23076923076923078,0.7115384615384616,0.7499999999999999,0.7576754385964911,0.7390350877192983,1.0,0.605263157894737,1.0,1.0,1.0,6.0,-3.8461538461538325,-4.613697705802955,False
401456,"Shenzhen Yihang Home Furnishing Co., Ltd. GA 31405",Wayfair,1,52.0,52.0,5.0,44.0,0.09615384615384616,0.7115384615384616,0.8846153846153845,0.8269230769230769,0.5769230769230769,0.6,0.7272727272727273,0.8,0.8,0.4,1.0,-17.307692307692292,-11.538461538461531,True
223902,"Blue Ridge Home Fashion, Inc. CA 91706",Mattress,1,52.0,50.0,0.0,52.0,0.0,0.9615384615384615,0.8461538461538461,0.9615384615384613,0.9423076923076924,,0.9615384615384615,,,,2.0,11.538461538461531,1.1102230246251565e-14,False
14374,D-Art Collection,Casegoods,1,52.0,50.0,7.0,43.0,0.1346153846153846,0.576923076923077,0.75,0.8083720930232556,0.5776744186046511,0.7142857142857143,0.558139534883721,0.8571428571428571,0.8571428571428571,0.7142857142857143,1.0,-17.307692307692303,-23.144901610017865,True
352675,long yan shi shang lao wu mao yi you xian CA 94544,APS Home Improvement,1,52.0,51.0,0.0,48.0,0.0,0.9230769230769231,0.9038461538461535,0.9232026143790849,0.8071895424836599,,0.9166666666666666,,,,1.0,1.9230769230769607,-0.012569130216177893,False
288324,WIN STELLAR LIMITED CA 91761,APS,1,52.0,52.0,9.0,40.0,0.17307692307692307,0.9807692307692306,0.9038461538461537,0.9423076923076923,0.8461538461538461,1.0,0.9749999999999999,1.0,1.0,0.8888888888888888,1.0,7.692307692307687,3.8461538461538325,False
200783,Helton and Co. Inc AZ 85205,Storage & Org - Frequency,1,52.0,49.0,0.0,52.0,0.0,0.7499999999999998,0.8846153846153844,0.8846153846153844,0.8076923076923076,,0.7499999999999998,,,,1.0,-13.461538461538458,-13.461538461538458,True
283781,"Guang Dong Kosmo Smart Home Devices Co., NJ08810",APS Youth,1,52.0,52.0,4.0,45.0,0.07692307692307693,0.8846153846153846,0.9038461538461537,0.9615384615384616,0.9230769230769229,1.0,0.8666666666666667,0.25,1.0,1.0,2.0,-1.9230769230769162,-7.692307692307699,False
196868,AgFabric CA 92881,Outdoor Structures,1,52.0,49.0,1.0,51.0,0.019230769230769232,0.9230769230769232,0.8076923076923078,0.8655462184873949,0.7310924369747899,0.0,0.9411764705882354,1.0,1.0,1.0,1.0,11.538461538461542,5.753070458952836,False
331983,LECANGS LLC-SAV,APS Outdoor,1,52.0,52.0,5.0,40.0,0.09615384615384616,0.846153846153846,0.7307692307692305,0.6923076923076922,0.5576923076923077,1.0,0.8249999999999998,0.8,0.8,0.8,1.0,11.538461538461553,15.384615384615385,False
85667,Home Bazaar OH45245,Decor,1,52.0,51.0,0.0,52.0,0.0,0.9807692307692306,0.9230769230769231,0.9807692307692306,0.9807692307692306,,0.9807692307692306,,,,9.0,5.769230769230749,0.0,False
312033,LG-CATO,APS Bedroom,1,52.0,50.0,0.0,52.0,0.0,0.846153846153846,1.0,0.9423076923076924,0.8076923076923079,,0.846153846153846,,,,2.0,-15.384615384615397,-9.615384615384636,True
19139,Turko Global,Soft Home,1,52.0,51.0,0.0,52.0,0.0,0.9038461538461534,0.7884615384615384,0.865384615384615,0.7307692307692307,,0.9038461538461534,,,,1.0,11.538461538461497,3.8461538461538436,False
472064,JES SL ENTERPRISES LLC FL 32809,Casegoods,1,51.0,49.0,2.0,31.0,0.0392156862745098,0.7254901960784313,0.7058823529411765,0.5720868992758393,0.5529953917050692,1.0,0.7096774193548386,1.0,1.0,1.0,1.0,1.9607843137254832,15.340329680259202,False
487867,"Zhejiang Jinmei Furniture Co., Ltd GA 30349",APS Upholstery,1,51.0,50.0,0.0,48.0,0.0,0.6078431372549019,0.8039215686274508,0.8225,0.43083333333333335,,0.6458333333333333,,,,1.0,-19.60784313725489,-21.46568627450981,True
108490,Chengdu Dingli Network Technology Co Ltd CA91761,APS Home Improvement,1,51.0,51.0,0.0,23.0,0.0,0.9215686274509802,0.7647058823529411,0.9215686274509801,0.6666666666666666,,1.0,,,,1.0,15.68627450980391,1.1102230246251565e-14,False
312605,"Hangzhou Gesong E-commerce Co., Ltd. CA 92337",Wayfair,1,51.0,51.0,0.0,41.0,0.0,0.8627450980392157,0.8627450980392155,0.8627450980392154,0.7647058823529409,,0.8292682926829268,,,,1.0,2.220446049250313e-14,3.3306690738754696e-14,False
235950,Shenzhenshi xiangdeyizhang keji youxian CA 91752,APS,1,51.0,49.0,0.0,51.0,0.0,0.4705882352941177,0.803921568627451,0.8039215686274511,0.4509803921568628,,0.4705882352941177,,,,1.0,-33.33333333333333,-33.33333333333334,True
299667,Roca USA Inc NJ 08817,Flooring,1,51.0,49.0,2.0,48.0,0.0392156862745098,0.29411764705882354,0.4117647058823529,0.7253401360544218,0.4311224489795918,0.5,0.27083333333333337,0.0,0.5,0.0,1.0,-11.764705882352938,-43.12224889955983,True
402359,Subrtex NJ 08016,APS K&D,1,51.0,51.0,0.0,51.0,0.0,1.0,0.784313725490196,0.9607843137254899,0.9019607843137251,,1.0,,,,1.0,21.568627450980404,3.921568627451011,False
446102,NEWNICE DESIGN LLC TX 77571,APS Outdoor,1,51.0,51.0,1.0,37.0,0.0196078431372549,0.7450980392156864,0.6862745098039215,0.803921568627451,0.5294117647058824,1.0,0.7567567567567569,1.0,1.0,1.0,1.0,5.882352941176494,-5.88235294117646,False
445750,Maholi Inc._1 NY 14305,Wayfair,1,51.0,50.0,1.0,50.0,0.0196078431372549,0.1568627450980392,0.8823529411764703,0.7256,0.5296000000000002,1.0,0.14,1.0,1.0,1.0,2.0,-72.5490196078431,-56.87372549019608,True
202752,EichholtzUSA NC 27409,PG Casegoods,1,51.0,50.0,0.0,51.0,0.0,0.8823529411764706,0.9215686274509803,0.8823529411764703,0.823529411764706,,0.8823529411764706,,,,1.0,-3.9215686274509776,2.220446049250313e-14,False
39177,EnitialLab GA 30043,Casegoods,1,51.0,49.0,1.0,50.0,0.0196078431372549,1.0,0.8627450980392157,0.9216326530612241,0.7257142857142854,1.0,1.0,1.0,1.0,1.0,1.0,13.725490196078427,7.83673469387759,False
209590,Shepherd Hardware Products LLC TX 76092,Wayfair Professional,1,51.0,50.0,0.0,51.0,0.0,0.5686274509803921,0.8431372549019609,0.8431372549019608,0.725490196078431,,0.5686274509803921,,,,2.0,-27.450980392156875,-27.450980392156865,True
293571,fuzhoutongtuomaoyiyouxiangongsi CA 91702,Wayfair,1,51.0,49.0,0.0,19.0,0.0,0.9803921568627451,0.9215686274509803,0.9608955424274972,0.8044777121374864,,0.9473684210526314,,,,1.0,5.882352941176472,1.949661443524786,False
409833,Buriza Can Inc GA 30517,Upholstery,1,51.0,51.0,5.0,38.0,0.09803921568627451,0.9019607843137255,0.9215686274509802,0.7647058823529411,0.6078431372549018,1.0,0.868421052631579,1.0,1.0,0.8,1.0,-1.9607843137254721,13.725490196078438,False
408400,Arts Box Trading Inc TX 77521,Upholstery,1,51.0,50.0,0.0,45.0,0.0,0.9019607843137256,0.9019607843137252,0.9008888888888886,0.7639999999999999,,0.9111111111111113,,,,1.0,4.440892098500626e-14,0.10718954248369883,False
97541,"Shenzhenshi Yiyibushe Technology Co., Ltd. CA91710",APS Home Improvement,1,51.0,51.0,0.0,17.0,0.0,0.9803921568627451,0.8627450980392155,0.8627450980392157,0.7254901960784313,,1.0,,,,1.0,11.764705882352954,11.764705882352933,False
281870,Goowinny Technologies Limited GA 31408,Wayfair,1,51.0,51.0,3.0,46.0,0.058823529411764705,0.9215686274509802,0.9215686274509802,0.8235294117647057,0.7450980392156862,1.0,0.9130434782608694,1.0,1.0,1.0,1.0,0.0,9.80392156862745,False
323787,GuCang-TX-01,APS Home Improvement,1,51.0,51.0,2.0,45.0,0.0392156862745098,0.4705882352941176,0.8235294117647057,0.7450980392156863,0.3333333333333333,0.5,0.46666666666666656,1.0,1.0,0.5,1.0,-35.29411764705881,-27.450980392156872,True
288077,Eternity Capital Corp NC 27560 ,Decor,1,51.0,50.0,1.0,43.0,0.0196078431372549,0.35294117647058826,0.7058823529411765,0.432093023255814,0.25534883720930235,0.0,0.34883720930232553,0.0,0.0,0.0,1.0,-35.294117647058826,-7.915184678522574,True
440357,ZHIMAO STAR TECHNOLOGY LIMITED GA 31407,Wayfair,1,51.0,47.0,0.0,51.0,0.0,0.96078431372549,0.9803921568627451,0.9019607843137252,0.8627450980392156,,0.96078431372549,,,,2.0,-1.9607843137255054,5.882352941176483,False
58588,Roca USA Inc TX 77041,Flooring,1,51.0,51.0,3.0,45.0,0.058823529411764705,0.4901960784313727,0.6862745098039215,0.9215686274509802,0.7450980392156862,0.0,0.5555555555555557,0.0,0.6666666666666666,0.3333333333333333,2.0,-19.607843137254875,-43.13725490196075,True
420514,Greenhome Trade Inc CA 91731,Casegoods,1,51.0,49.0,3.0,45.0,0.058823529411764705,0.6666666666666666,0.8627450980392153,0.7659863945578231,0.5496598639455782,0.3333333333333333,0.6888888888888888,1.0,1.0,0.6666666666666666,1.0,-19.607843137254864,-9.931972789115651,True
414867,DongguanshiYuanmumuDianzikejiYouxiangongsi GA 30517,APS AEOF,1,51.0,51.0,3.0,43.0,0.058823529411764705,0.7843137254901958,0.8823529411764705,0.8627450980392157,0.6470588235294118,1.0,0.767441860465116,1.0,1.0,1.0,1.0,-9.80392156862746,-7.843137254901988,False
310111,YQC-GA03-US,APS Home Improvement,1,50.0,49.0,6.0,37.0,0.12,0.76,0.86,0.8797573083287367,0.5212355212355213,1.0,0.7567567567567568,1.0,1.0,0.6666666666666666,1.0,-9.999999999999998,-11.975730832873666,False
304386,"VISION VORTEX CO.,LTD NJ 08854",APS Outdoor,1,50.0,49.0,0.0,49.0,0.0,0.4799999999999999,0.8999999999999997,0.5401915868388173,0.32028321532694715,,0.48979591836734687,,,,1.0,-41.99999999999998,-6.019158683881737,True
246732,Shenzhen kaisite electronic technology RI 02865,APS Home Improvement,1,50.0,50.0,4.0,43.0,0.08,0.9599999999999997,0.92,0.8599999999999999,0.7399999999999999,1.0,0.9767441860465113,1.0,1.0,1.0,1.0,3.9999999999999702,9.999999999999986,False
135962,AGM USA LLC CA 91761,APS Youth,1,50.0,50.0,0.0,50.0,0.0,0.9799999999999999,0.9600000000000002,1.0,1.0,,0.9799999999999999,,,,1.0,1.9999999999999685,-2.000000000000013,False
102782,Cloud9 Design Inc. NJ 07005,Soft Home,1,50.0,47.0,9.0,41.0,0.18,0.86,0.82,0.8619615983393875,0.8619615983393875,0.7777777777777778,0.8780487804878049,0.5555555555555556,1.0,1.0,1.0,4.0000000000000036,-0.19615983393874714,False
113267,"NINGBO JOYS IMP. EXP. CO.,LTD TX 77571",APS Outdoor,1,50.0,50.0,0.0,49.0,0.0,0.7799999999999998,0.8199999999999997,0.8199999999999998,0.5000000000000001,,0.7755102040816325,,,,1.0,-3.9999999999999925,-4.0000000000000036,False
327879,Art Frame Direct FL 32837 (2),Casegoods,1,50.0,45.0,0.0,49.0,0.0,0.92,0.9,0.8204081632653062,0.8004535147392291,,0.9387755102040817,,,,1.0,2.0000000000000018,9.959183673469385,False
326513,EnHomee Direct IL 60439 ,APS,1,50.0,50.0,0.0,50.0,0.0,0.7,0.8,0.8999999999999997,0.54,,0.7,,,,1.0,-10.000000000000009,-19.99999999999997,True
21272,Worth Imports,Decor,1,50.0,50.0,0.0,50.0,0.0,1.0,0.9799999999999999,1.0,1.0,,1.0,,,,1.0,2.000000000000013,0.0,False
225346,haoqingnianus inc TX 75050,APS,1,50.0,50.0,1.0,47.0,0.02,0.72,0.9199999999999998,0.7999999999999996,0.44000000000000006,0.0,0.723404255319149,1.0,0.0,0.0,1.0,-19.999999999999986,-7.999999999999963,True
251263,RWCP GA 31405,APS,1,50.0,48.0,4.0,36.0,0.08,0.3999999999999999,0.72,0.6851851851851851,0.26504629629629634,0.25,0.4166666666666666,0.75,1.0,0.25,1.0,-32.00000000000001,-28.51851851851852,True
442405,Right Way Light LLC NJ 08857,APS Home Improvement,1,50.0,48.0,0.0,36.0,0.0,0.58,0.6799999999999998,0.5787037037037037,0.3587962962962963,,0.5555555555555556,,,,1.0,-9.999999999999986,0.129629629629624,False
331629,ZhengZhouShengDeJiaJuYouXianGongSi CA 90022,Wayfair,1,50.0,48.0,5.0,29.0,0.1,0.88,0.8599999999999999,0.9041666666666665,0.8624999999999998,0.2,1.0,0.8,0.8,0.8,1.0,2.000000000000013,-2.4166666666666448,False
332699,JZ Home Decor LLC CA 92337 (2),APS Bedroom,1,50.0,49.0,7.0,29.0,0.14,0.7999999999999998,0.94,0.9211822660098521,0.8817733990147785,0.7142857142857143,0.8965517241379308,1.0,1.0,1.0,1.0,-14.000000000000012,-12.118226600985228,True
331989,"Shenzhen baopolai Lighting Co., Ltd. CA 91730 (2)",APS Home Improvement,1,50.0,50.0,0.0,50.0,0.0,0.4599999999999999,0.8999999999999999,0.9600000000000002,0.4599999999999999,,0.4599999999999999,,,,1.0,-44.0,-50.00000000000002,True
39808,Sirio North America Inc. CA95776,Outdoor Furniture,1,50.0,50.0,0.0,50.0,0.0,1.0,0.8599999999999998,0.8999999999999999,0.8599999999999998,,1.0,,,,1.0,14.000000000000023,10.000000000000009,False
125702,Emson USA CT 06489,Kitchen & Small Electrics,1,50.0,50.0,5.0,43.0,0.1,0.88,0.8799999999999999,0.9,0.8200000000000002,0.8,0.9069767441860465,0.8,1.0,0.6,1.0,1.1102230246251565e-14,-2.0000000000000018,False
367261,Spectre Link Inc NJ 08554,Casegoods,1,50.0,47.0,4.0,45.0,0.08,0.7799999999999998,0.68,0.7999999999999999,0.7602836879432623,0.75,0.7777777777777776,0.5,0.75,0.75,2.0,9.999999999999975,-2.000000000000013,False
344403,Lifestyle Furniture Inc TX 77477,Upholstery,1,50.0,46.0,0.0,25.0,0.0,0.42,0.32,0.26173913043478264,0.15304347826086961,,0.48,,,,1.0,9.999999999999998,15.826086956521735,False
203366,Crafters and Weavers IL,Casegoods,1,50.0,46.0,9.0,41.0,0.18,0.8799999999999997,0.78,0.8822905620360548,0.8430540827147402,1.0,0.8536585365853655,0.8888888888888888,1.0,1.0,2.0,9.999999999999964,-0.22905620360551548,False
208873,"Dongguan Tonghui Technology Co., Ltd. IL 60639",Wayfair,1,50.0,50.0,8.0,38.0,0.16,0.94,0.82,0.9799999999999999,0.96,1.0,0.9210526315789473,1.0,1.0,1.0,1.0,12.0,-3.9999999999999925,False
268902,Noxart LLC FL 33024,Decor,1,50.0,50.0,10.0,26.0,0.2,0.4600000000000001,0.5399999999999999,0.5,0.42,0.7999999999999999,0.46153846153846173,0.9,1.0,0.7999999999999999,1.0,-7.999999999999985,-3.9999999999999925,False
366409,Gere Home INC NY 11791,Grills,1,50.0,50.0,4.0,41.0,0.08,0.94,0.58,0.6599999999999998,0.6,1.0,0.9512195121951219,1.0,1.0,1.0,1.0,36.0,28.000000000000014,False
56246,CAN_Beco Industries QC,CA Soft Home + Rugs,1,50.0,50.0,0.0,50.0,0.0,0.98,0.9599999999999999,0.94,0.84,,0.98,,,,1.0,2.000000000000013,4.0000000000000036,False
347725,FEEDING JOY LLC CA 92337,Wayfair,1,50.0,50.0,0.0,50.0,0.0,0.8400000000000002,0.8799999999999996,0.92,0.76,,0.8400000000000002,,,,1.0,-3.999999999999937,-7.999999999999985,False
357708,"Shenzhen Ai Shangmei Jewelry Co., Ltd. NJ 08036",APS Bedroom,1,50.0,50.0,0.0,42.0,0.0,0.6999999999999998,0.6999999999999998,0.78,0.5199999999999999,,0.7380952380952379,,,,1.0,0.0,-8.000000000000018,False
342296,"Shenzhen Baicui Technology Co., Ltd. CAN ON L5N2M2",APS AEOF,1,50.0,49.0,0.0,50.0,0.0,0.42,0.7399999999999999,0.7399999999999998,0.4599999999999999,,0.42,,,,1.0,-31.99999999999999,-31.99999999999998,True
57294,D. Lawless Hardware,Hardware,1,50.0,47.0,0.0,50.0,0.0,0.5199999999999999,0.5799999999999998,0.54,0.4199999999999999,,0.5199999999999999,,,,1.0,-5.999999999999995,-2.000000000000013,False
242553,GO Home Ltd NC 27360,Decor,1,50.0,37.0,4.0,44.0,0.08,0.3999999999999999,0.4599999999999999,0.4699017199017198,0.4699017199017198,0.25,0.4318181818181817,0.75,0.75,0.75,3.0,-6.0,-6.990171990171989,False
287903,hangzhouxuandakejiyouxiangongsi NJ 07064,APS Upholstery,1,50.0,50.0,0.0,50.0,0.0,0.8,0.8799999999999996,0.9599999999999999,0.7199999999999999,,0.8,,,,1.0,-7.999999999999952,-15.99999999999998,False
57534,"Forge Hardware Studio, LLC",Hardware,1,50.0,43.0,0.0,50.0,0.0,0.94,0.7599999999999997,0.8600000000000001,0.8600000000000001,,0.94,,,,2.0,18.00000000000003,7.999999999999985,False
353610,InfiBrite Inc NJ 07724,Lighting,1,50.0,48.0,8.0,41.0,0.16,0.92,0.8999999999999997,0.89989837398374,0.820630081300813,1.0,0.9024390243902439,0.75,0.875,0.875,1.0,2.000000000000035,2.010162601626009,False
489810,"Luoyang Ruidu Furniture Co., Ltd GA 31322",APS Bedroom,1,50.0,49.0,0.0,50.0,0.0,0.9399999999999997,0.9399999999999998,0.96,0.7799999999999997,,0.9399999999999997,,,,1.0,-1.1102230246251565e-14,-2.000000000000024,False
455919,"FUZHOU SANYANG TRADING CO.,LTD GA 30517",APS AEOF,1,50.0,47.0,16.0,26.0,0.32,0.9,0.96,0.8682487725040916,0.6677577741407529,0.8125,0.9230769230769229,1.0,1.0,0.6875,1.0,-5.999999999999995,3.175122749590842,False
131075,NINGBO HOMING INTERNATIONAL TRADING COLTD GA 30043,APS,1,50.0,50.0,0.0,50.0,0.0,0.7000000000000002,0.78,0.82,0.5,,0.7000000000000002,,,,1.0,-7.999999999999985,-11.999999999999977,False
370042,shenzhenshibeilailidianqiyouxiangongsi IL 60517,APS Home Improvement,1,50.0,50.0,0.0,45.0,0.0,0.6599999999999998,0.68,0.6999999999999998,0.6200000000000001,,0.7111111111111109,,,,1.0,-2.000000000000024,-4.0000000000000036,False
