lookback_window,timebase,supplier_id,su_name,parent_suid,parent_su_name,parent_warehouse_states,sto,srm_contact,own_state,supplier_behavior,total_vol,candidate_vol,misshipping_signal_vol,misshipping_share,undeclared_candidate_vol,directish_vol,directish_share,ghost_hubs,ghost_states,n_ghost_hubs,n_ghost_states,ifr,delivery_rel,misshipping_opid_vol,ghost_opid_vol,jumbo_opid_vol,direct_opid_vol,other_far_opid_vol,non_candidate_vol,ifr_misshipping,ifr_ghost,ifr_direct,ifr_other_far,ifr_candidate,delivery_rel_misshipping,delivery_rel_ghost,delivery_rel_direct,delivery_rel_candidate
pdd_10w,promised_delivery_end_range_date_at_order,22696,Surya GA 30184 (1 Surya Dr),291,Surya,"CA,GA",Rugs,Alex Melius,GA,builds_directs,115800,8060,896,0.007737478411053541,7056,6296,0.05436960276338515,,,0,0,0.9590414507771999,0.8731001727115723,896,0,868,2102,4194,107740,0.918526785714286,,0.9039010466222636,0.9086790653314274,0.9099255583126555,0.8671875000000004,,0.8144624167459563,0.8232009925558319
pdd_10w,promised_delivery_end_range_date_at_order,237104,Devion Furniture,58079,Devion Furniture_1,CA,APS,Sean Xu,CA,builds_directs,34091,4217,0,0.0,4141,3653,0.10715438092165087,,,0,0,0.9269895280279257,0.8945469478748052,0,0,564,2588,1065,29874,,,0.9632921174652239,0.9680751173708927,0.9649039601612529,,,0.862828438948996,0.865544225752904
pdd_10w,promised_delivery_end_range_date_at_order,59806,DesignArt Inc. NY,22180,DesignArt Inc.,NY,Decor,Maxwell Threlkeld,NY,builds_directs,34731,3332,0,0.0,3223,2892,0.08326854971063315,,,0,0,0.9019895770349247,0.8866430566352828,0,0,440,1533,1359,31399,,,0.9386823222439661,0.9293598233995589,0.9285714285714292,,,0.9197651663405084,0.8937575030011996
pdd_10w,promised_delivery_end_range_date_at_order,52925,Loloi Rugs GA 30121,1452,Loloi Rugs,"GA,TX",Rugs,Alex Melius,GA,builds_directs,45779,2947,149,0.0032547674698005635,2718,2512,0.054872321370060505,,,0,0,0.7711832936499274,0.7858843574564756,149,0,286,1549,963,42832,0.7651006711409396,,0.7630729502905103,0.7736240913811004,0.7706141839158462,0.7315436241610739,,0.8063266623628145,0.776722090261283
pdd_10w,promised_delivery_end_range_date_at_order,44034,Wexford Home IL,23886,Wexford Home,IL,Decor,Maxwell Threlkeld,IL,builds_directs,35435,2568,0,0.0,2493,2201,0.062113729363623534,,,0,0,0.8681529561168352,0.8362918018907861,0,0,367,1010,1191,32867,,,0.9108910891089115,0.9244332493702776,0.9151090342679125,,,0.865346534653465,0.8383956386292831
pdd_10w,promised_delivery_end_range_date_at_order,14129,nuLOOM NJ 08512,5468,nuLOOM,"CA,NJ",Rugs,Brianna Barrett,NJ,builds_directs,22590,2032,49,0.002169101372288623,1975,1720,0.07613988490482515,,,0,0,0.9259849490925187,0.9131474103585662,49,0,263,611,1109,20558,0.7551020408163263,,0.9869067103109659,0.9873760144274111,0.9803149606299221,0.673469387755102,,0.9459901800327332,0.9010826771653543
pdd_10w,promised_delivery_end_range_date_at_order,27346,Nearly Natural FL,6812,Nearly Natural,FL,Decor,Maxwell Threlkeld,FL,builds_directs,7339,1915,0,0.0,960,789,0.10750783485488487,,,0,0,0.9506744788118271,0.8871780896579916,0,0,1126,384,405,5424,,,0.9843750000000002,0.9925925925925927,0.9540469973890335,,,0.9270833333333333,0.8851174934725853
pdd_10w,promised_delivery_end_range_date_at_order,100229,Zgear LLC TX 75247,48773,VelvetCraft Furniture LLC,TX,APS Home Improvement,Hernando Xia,TX,builds_directs,20552,1780,0,0.0,1738,1492,0.07259634098871157,,,0,0,0.9694433631763311,0.9190833008952894,0,0,288,761,731,18772,,,0.9684625492772666,0.9822161422708613,0.975842696629213,,,0.9487516425755579,0.921348314606743
pdd_10w,promised_delivery_end_range_date_at_order,43978,Revman International SC 29301,1748,Revman International,"SC,UT",Soft Home,Missy Paragamian,SC,builds_directs,25220,1773,10,0.0003965107057890563,1695,1408,0.05582870737509913,,,0,0,0.9769627279936562,0.9311657414750184,10,0,355,765,643,23447,0.7,,0.9895424836601305,0.9860031104199071,0.9813874788494075,0.4,,0.9333333333333327,0.8911449520586584
pdd_10w,promised_delivery_end_range_date_at_order,35142,Tayse Rugs GA 30701,5250,Tayse Rugs,GA,Rugs,Brianna Barrett,GA,builds_directs,15953,1766,0,0.0,1765,1519,0.09521720052654672,,,0,0,0.7809189494139034,0.7876261518209717,0,0,247,1126,393,14187,,,0.8001776198934277,0.8651399491094148,0.8182332955832389,,,0.8126110124333922,0.8046432616081538
pdd_10w,promised_delivery_end_range_date_at_order,81518,"Fitueyes,Inc. GA 30518",45223,"Fitueyes,Inc.","CA,GA,NJ",APS,Nora Li,GA,builds_directs,14405,1760,103,0.007150295036445678,1451,1201,0.0833738285317598,,,0,0,0.9223186393613328,0.8504685872960777,103,0,456,919,282,12645,0.9611650485436892,,0.9651795429815028,1.0,0.8948863636363636,0.8058252427184467,,0.9314472252448306,0.8335227272727272
pdd_10w,promised_delivery_end_range_date_at_order,149929,Dalyn Rugs GA,279,Dalyn Rugs,GA,Rugs,Alex Resnick,GA,builds_directs,14762,1562,0,0.0,1562,1355,0.0917897303888362,,,0,0,0.8115431513345074,0.8115431513345068,0,0,207,1027,328,13200,,,0.7166504381694261,0.7164634146341463,0.7195902688860447,,,0.7624148003894838,0.7419974391805373
pdd_10w,promised_delivery_end_range_date_at_order,238512,CP HomeDecor CA 91761(2),66884,CP HomeDecor,CA,APS,Sean Xu,CA,builds_directs,10360,1458,0,0.0,1438,1283,0.12384169884169884,,,0,0,0.9146718146718134,0.8663127413127419,0,0,175,1030,253,8902,,,0.9679611650485432,0.9169960474308297,0.960219478737997,,,0.8514563106796111,0.8504801097393688
pdd_10w,promised_delivery_end_range_date_at_order,46519,Amerock KY 40165,15175,Amerock,KY,Hardware,Olivia Batt,KY,builds_directs,15819,1415,0,0.0,1331,1203,0.07604779063151906,,,0,0,0.9614387761552569,0.9560022757443564,0,0,212,511,692,14404,,,0.9823874755381601,0.9869942196531782,0.9809187279151937,,,0.9745596868884542,0.9632508833922264
pdd_10w,promised_delivery_end_range_date_at_order,39837,Kingston CA,2940,Kingston,CA,Plumbing,Julia Johnson,CA,builds_directs,10977,1314,0,0.0,1252,1075,0.09793203971941332,,,0,0,0.9788648993349732,0.9239318575202715,0,0,239,646,429,9663,,,0.9814241486068117,0.9720279720279718,0.9748858447488585,,,0.9473684210526312,0.9223744292237435
pdd_10w,promised_delivery_end_range_date_at_order,14177,Nourison GA 30701,329,Nourison,"GA,NJ,NV,PA",Rugs,Alex Melius,GA,builds_directs,17278,1241,149,0.008623683296677856,1087,929,0.053767797198749856,,,0,0,0.9828683875448546,0.8876606088667669,149,0,163,337,592,16037,0.9731543624161072,,0.9881305637982196,0.9831081081081074,0.98146655922643,0.9127516778523491,,0.9495548961424334,0.9218372280419022
pdd_10w,promised_delivery_end_range_date_at_order,292636,Green Living Group INC CA 91762,78686,Green Living Group INC,CA,Soft Home,Madison Carvalho,CA,builds_directs,7773,1210,0,0.0,1191,891,0.1146275569278271,,,0,0,0.9168918049659064,0.8579698957931309,0,0,319,608,283,6563,,,0.9588815789473683,0.9717314487632508,0.9603305785123968,,,0.8453947368421049,0.828099173553717
pdd_10w,promised_delivery_end_range_date_at_order,12590,Liberty Hardware Manufacturing Corp. NC 27107,12579,Liberty Hardware Manufacturing Corp.,"CA,NC",Hardware,Matt Bartolucci,NC,builds_directs,13676,1198,75,0.005484059666569173,1090,849,0.06207955542556303,,,0,0,0.8833723310909631,0.9094764551038315,75,0,274,364,485,12478,0.7599999999999999,,0.8241758241758246,0.795876288659794,0.7854757929883135,0.8933333333333333,,0.8598901098901095,0.8280467445742902
pdd_10w,promised_delivery_end_range_date_at_order,10983,JLA Home GA 31407 - SV3,1987,JLA Home,"CA,GA",Soft Home,Missy Paragamian,GA,builds_directs,11619,1169,95,0.008176263017471383,998,857,0.07375849901024184,,,0,0,0.8109992254066604,0.8056631379636814,95,0,217,513,344,10450,0.9052631578947364,,0.8265107212475634,0.8575581395348832,0.8383233532934128,0.9157894736842104,,0.8382066276803122,0.8066723695466202
pdd_10w,promised_delivery_end_range_date_at_order,42121,Creative Co-Op TN,8950,Creative Co-Op,TN,Decor,Robert Williams,TN,builds_directs,12379,1153,0,0.0,1131,947,0.07650052508280152,,,0,0,0.9933758785039183,0.9142095484287909,0,0,206,529,418,11226,,,0.9924385633270316,0.9976076555023932,0.9939288811795309,,,0.9848771266540639,0.9514310494362542
pdd_10w,promised_delivery_end_range_date_at_order,8678,Linon NC 27288,405,Linon,"CA,NC",Casegoods,Connor Henderson,NC,builds_directs,13274,1105,51,0.003842097333132439,936,850,0.06403495555220733,,,0,0,0.831701069760435,0.836296519511827,51,0,204,409,441,12169,0.6862745098039215,,0.7457212713936432,0.7369614512471658,0.7484162895927605,0.5294117647058825,,0.814180929095355,0.7683257918552031
pdd_10w,promised_delivery_end_range_date_at_order,282299,Chew Street PA 19120,9367,Elegant Lighting,PA,Plumbing,Maddie Miller,PA,builds_directs,11792,1038,0,0.0,1023,904,0.07666214382632293,,,0,0,0.9537822252374506,0.8938263229308013,0,0,134,364,540,10754,,,0.9340659340659342,0.9481481481481485,0.9460500963391134,,,0.8543956043956039,0.8554913294797698
pdd_10w,promised_delivery_end_range_date_at_order,20530,Million Dollar Baby CA 90660,426,Million Dollar Baby Co,"CA,GA",Youth Furniture & Decor,Caroline Smith,CA,builds_directs,8003,1019,70,0.008746719980007497,912,788,0.09846307634637011,,,0,0,0.9331500687242281,0.8580532300387356,70,0,161,569,219,6984,1.0,,0.984182776801406,0.986301369863014,0.9872423945044158,0.8000000000000003,,0.8980667838312825,0.8743866535819422
pdd_10w,promised_delivery_end_range_date_at_order,154934,Stupell Industries RI,8586,Stupell Industries,RI,Decor,Alex Sarkisian,RI,builds_directs,8890,1009,0,0.0,1009,785,0.08830146231721035,,,0,0,0.814060742407198,0.8282339707536548,0,0,224,414,371,7881,,,0.8743961352656999,0.8760107816711581,0.8741328047571851,,,0.847826086956522,0.8453914767096126
pdd_10w,promised_delivery_end_range_date_at_order,39912,Modway NJ 08520,11526,Modway Inc.,"CA,NJ",Outdoor Furniture,Kate Schryver,NJ,builds_directs,9253,987,70,0.007565114017075543,896,751,0.0811628660974819,,,0,0,0.706041283907921,0.7987679671457897,70,0,166,438,313,8266,0.7857142857142857,,0.7831050228310504,0.8434504792332269,0.8024316109422499,0.6857142857142857,,0.8607305936073056,0.8328267477203654
pdd_10w,promised_delivery_end_range_date_at_order,19326,Triangle Home Fashions NJ 08816,9331,Triangle Home Fashions,"CA,NJ",Soft Home,Jaiden Lawlor,NJ,builds_directs,9602,965,78,0.008123307644240784,849,707,0.07363049364715685,,,0,0,0.9613622162049584,0.846282024578212,78,0,180,375,332,8637,1.0,,0.9919999999999995,0.9939759036144578,0.9875647668393773,0.9743589743589745,,0.9199999999999995,0.8891191709844554
pdd_10w,promised_delivery_end_range_date_at_order,8576,Monarch Specialties Inc.,8576,Monarch Specialties Inc.,NY,Casegoods,Megan White,NY,builds_directs,1350,910,0,0.0,144,153,0.11333333333333333,,,0,0,0.6451851851851856,0.7614814814814812,0,0,757,60,93,440,,,0.7666666666666667,1.0,0.6450549450549452,,,0.8666666666666665,0.7769230769230759
pdd_10w,promised_delivery_end_range_date_at_order,8833,Lifetime Brands Inc.92376,1175,Lifetime Brands Inc.,"CA,MA,NJ",Tabletop,Megan Williamson,CA,builds_directs,7379,908,57,0.007724623932782219,796,658,0.08917197452229299,,,0,0,0.9016126846456153,0.8629895649817048,57,0,193,304,354,6471,0.8771929824561402,,0.9013157894736837,0.898305084745762,0.8898678414096922,0.9122807017543857,,0.8289473684210524,0.809471365638766
pdd_10w,promised_delivery_end_range_date_at_order,134907,Urbanest IL,25806,Urbanest,IL,Soft Home,Madison Carvalho,IL,builds_directs,10961,906,0,0.0,906,742,0.06769455341665906,,,0,0,0.8715445671015412,0.7609707143508805,0,0,164,461,281,10055,,,0.7093275488069413,0.8256227758007119,0.7450331125827814,,,0.6702819956616055,0.6556291390728473
pdd_10w,promised_delivery_end_range_date_at_order,58269,Wholesale Interiors IL 60502,1737,Wholesale Interiors,IL,Casegoods,Libby Mahonski,IL,builds_directs,8829,887,0,0.0,870,764,0.08653301619662476,,,0,0,0.719900328463018,0.8243289160720358,0,0,123,433,331,7942,,,0.9491916859122405,0.9425981873111778,0.9481397970687709,,,0.8060046189376444,0.8004509582863588
pdd_10w,promised_delivery_end_range_date_at_order,63689,Surya CA 93725,291,Surya,"CA,GA",Rugs,Alex Melius,CA,builds_directs,11257,874,17,0.0015101714488762548,802,624,0.055432175535222526,,,0,0,0.9727280803055888,0.8758994403482296,17,0,233,286,338,10383,0.7058823529411764,,0.9405594405594405,0.9260355029585796,0.9221967963386727,0.5882352941176471,,0.8776223776223777,0.7803203661327233
pdd_10w,promised_delivery_end_range_date_at_order,59466,nuLOOM CA 95206,5468,nuLOOM,"CA,NJ",Rugs,Brianna Barrett,CA,builds_directs,9052,860,27,0.0029827662395050815,771,627,0.06926646045072912,,,0,0,0.9613345117101203,0.9003535130357923,27,0,206,178,449,8192,0.9629629629629629,,0.98876404494382,0.9777282850779507,0.9767441860465115,0.962962962962963,,0.9213483146067412,0.8616279069767443
pdd_10w,promised_delivery_end_range_date_at_order,117518,Winsome House CA 92881,31822,Winsome House,"CA,GA",Decor,Kadin Nestler,CA,builds_directs,7041,856,37,0.005254935378497373,749,650,0.09231643232495385,,,0,0,0.923874449652038,0.8895043317710548,37,0,169,236,414,6185,1.0,,0.9957627118644067,0.9879227053140096,0.98948598130841,0.9189189189189186,,0.885593220338983,0.8703271028037382
pdd_10w,promised_delivery_end_range_date_at_order,239346,Annie Selke NJ 08512,38965,Annie Selke,"CA,NJ",PG Rugs,Rachel Markham,NJ,builds_directs,8951,811,71,0.007932074628533126,738,619,0.06915428443749302,,,0,0,0.9412356161322752,0.9276058540945155,71,0,121,240,379,8140,0.9718309859154931,,0.9708333333333331,0.986807387862797,0.9778051787916152,0.8309859154929576,,0.9791666666666666,0.9321824907521574
pdd_10w,promised_delivery_end_range_date_at_order,10963,Megalak Finition Inc. NY 12919,1775,Megalak Finition Inc.,NY,Casegoods,Prisha Mark,NY,builds_directs,1107,778,0,0.0,119,133,0.12014453477868112,,,0,0,0.6449864498644994,0.8093947606142728,0,0,645,63,70,329,,,0.6666666666666666,0.657142857142857,0.6632390745501292,,,0.9047619047619048,0.8136246786632394
pdd_10w,promised_delivery_end_range_date_at_order,293214,CIAO JING INC CA 92879 ,88927,CIAO JING INC,CA,Upholstery,Oscar Li,CA,builds_directs,4826,774,0,0.0,650,590,0.12225445503522586,,,0,0,0.7793203481143803,0.8135101533360974,0,0,184,430,160,4052,,,0.9581395348837217,0.9187499999999997,0.8682170542635654,,,0.7604651162790703,0.795865633074935
pdd_10w,promised_delivery_end_range_date_at_order,43446,"Best Home Fashion, Inc. NJ",18684,"Best Home Fashion, Inc.",NJ,Soft Home,Madison Carvalho,NJ,builds_directs,7453,751,0,0.0,751,593,0.0795652757278948,,,0,0,0.998255735945258,0.9220448141687924,0,0,158,305,288,6702,,,1.0,1.0,1.0,,,0.904918032786885,0.9001331557922772
pdd_10w,promised_delivery_end_range_date_at_order,321075,"All Strong Industry USA, Inc. GA",15611,"All Strong Industry USA, Inc.",GA,Soft Home,Madison Carvalho,GA,builds_directs,8920,745,0,0.0,713,569,0.06378923766816144,,,0,0,0.7967488789237678,0.7541479820627802,0,0,176,301,268,8175,,,0.983388704318937,0.9776119402985075,0.9771812080536911,,,0.9036544850498338,0.9006711409395971
pdd_10w,promised_delivery_end_range_date_at_order,369918,Trans Ocean NJ 08816,288,Trans Ocean,NJ,Rugs,Brianna Barrett,NJ,builds_directs,6959,741,0,0.0,730,604,0.08679407960913925,,,0,0,0.935910331944244,0.8854720505819808,0,0,137,292,312,6218,,,0.9212328767123287,0.948717948717949,0.925775978407557,,,0.8972602739726027,0.9001349527665323
pdd_10w,promised_delivery_end_range_date_at_order,368322,Creative Home Ideas GA 31320,15725,Creative Home Ideas,GA,Soft Home,Madison Carvalho,GA,builds_directs,6926,741,0,0.0,734,616,0.08894022523823275,,,0,0,0.5411492925209358,0.8642795264221784,0,0,125,382,234,6185,,,0.2827225130890055,0.23504273504273507,0.2658569500674764,,,0.8115183246073301,0.7854251012145747
pdd_10w,promised_delivery_end_range_date_at_order,31504,"Top Knobs, Inc. NJ 08876",19191,"Top Knobs, Inc.","CA,NJ",Hardware,Matt Bartolucci,NJ,builds_directs,7620,735,15,0.001968503937007874,714,579,0.07598425196850393,,,0,0,0.9324146981627287,0.8973753280839885,15,0,141,329,250,6885,0.7999999999999999,,0.9179331306990874,0.9439999999999997,0.930612244897959,0.4666666666666667,,0.878419452887538,0.9006802721088426
pdd_10w,promised_delivery_end_range_date_at_order,59498,The Distribution Point AL 35004,3163,The Distribution Point,"AL,NV",Plumbing,Maverick Schlosser,AL,builds_directs,11747,717,4,0.0003405124712692602,690,666,0.05669532646633183,,,0,0,0.9468800544819945,0.8534945092364007,4,0,47,329,337,11030,0.25,,0.9088145896656532,0.9406528189910977,0.9205020920502089,0.0,,0.9392097264437692,0.8437935843793583
pdd_10w,promised_delivery_end_range_date_at_order,42637,Lenox Corporation MD 21740,894,Lenox Corporation,MD,Tabletop,Megan Williamson,MD,builds_directs,7920,716,0,0.0,703,585,0.07386363636363637,,,0,0,0.9299242424242409,0.8593434343434335,0,0,131,309,276,7204,,,0.8511326860841418,0.8007246376811593,0.8310055865921783,,,0.699029126213592,0.6927374301675974
pdd_10w,promised_delivery_end_range_date_at_order,23259,Livex Lighting NJ,3313,Livex Lighting,NJ,Lighting,Greer Long,NJ,builds_directs,7904,678,0,0.0,659,582,0.07363360323886639,,,0,0,0.779225708502024,0.8608299595141702,0,0,96,226,356,7226,,,0.9955752212389379,0.9915730337078653,0.9837758112094399,,,0.929203539823009,0.9203539823008848
pdd_10w,promised_delivery_end_range_date_at_order,79733,MKAY GROUP CORP,79733,MKAY GROUP CORP,CA,Outdoor Structures,Asia Supplier Service Desk,CA,builds_directs,5717,677,0,0.0,629,519,0.09078187860766136,,,0,0,0.9802343886653835,0.9338814063319912,0,0,158,263,256,5040,,,0.9847908745247153,0.96875,0.9734121122599709,,,0.9353612167300376,0.8951255539143278
pdd_10w,promised_delivery_end_range_date_at_order,348867,JAFFE MURPHY HOUSE INC CA 91746 (2),72736,JAFFE MURPHY HOUSE INC,"CA,NJ",APS Housewares & More,Asia Supplier Service Desk,CA,builds_directs,5161,666,48,0.009300523154427436,596,470,0.09106762255376864,,,0,0,0.944778143770586,0.8732803720209272,48,0,148,259,211,4495,0.9791666666666665,,0.9691119691119691,0.976303317535545,0.9489489489489497,0.8541666666666665,,0.9343629343629337,0.885885885885886
pdd_10w,promised_delivery_end_range_date_at_order,236498,Oberon Dist,49956,Oberon Distribution,CA,Lighting,Cheryl Lin,CA,builds_directs,4664,661,0,0.0,643,521,0.11170668953687822,,,0,0,0.9245283018867911,0.9277444253859358,0,0,140,211,310,4003,,,0.9478672985781987,0.9451612903225802,0.9425113464447804,,,0.919431279620853,0.9077155824508315
pdd_10w,promised_delivery_end_range_date_at_order,79383,ColourTree CA,41086,ColourTree,CA,Upholstery,Asia Supplier Service Desk,CA,builds_directs,4715,646,0,0.0,607,534,0.11325556733828208,,,0,0,0.8369034994697783,0.9389183457051963,0,0,112,242,292,4069,,,0.5247933884297523,0.5479452054794527,0.5371517027863777,,,0.9462809917355371,0.9195046439628479
pdd_10w,promised_delivery_end_range_date_at_order,22195,Meridian Furniture NJ 08638,20744,Meridian Furniture,NJ,Upholstery,Paul Powers,NJ,builds_directs,6490,645,0,0.0,622,573,0.08828967642526965,,,0,0,0.9155624036979977,0.8787365177195688,0,0,72,320,253,5845,,,1.0,1.0,0.9984496124031007,,,0.9375,0.908527131782946
pdd_10w,promised_delivery_end_range_date_at_order,74080,"Fitueyes,Inc. CA 91744",45223,"Fitueyes,Inc.","CA,GA,NJ",APS,Nora Li,CA,builds_directs,6227,643,49,0.007868957764573631,423,413,0.0663240725871206,,,0,0,0.9225951501525631,0.8411755259354433,49,0,181,222,191,5584,0.7959183673469387,,0.9774774774774775,0.9319371727748688,0.9424572317262822,0.7755102040816326,,0.864864864864864,0.7931570762052884
pdd_10w,promised_delivery_end_range_date_at_order,30002,Amrapur Overseas Inc. CA,14580,Amrapur Overseas Inc.,CA,Soft Home,Jaiden Lawlor,CA,builds_directs,4575,640,0,0.0,566,490,0.10710382513661203,,,0,0,0.9687431693989061,0.8845901639344255,0,0,150,225,265,3935,,,0.9777777777777776,1.0,0.9890624999999993,,,0.9155555555555553,0.8421874999999998
pdd_10w,promised_delivery_end_range_date_at_order,36851,Half Price Drapes GA,10539,Half Price Drapes,GA,Soft Home,Madison Carvalho,GA,builds_directs,6223,631,0,0.0,608,529,0.08500723123895228,,,0,0,0.8688735336654348,0.8164872248111835,0,0,102,332,197,5592,,,0.9036144578313251,0.9137055837563453,0.892234548335975,,,0.8012048192771088,0.8145800316957211
pdd_10w,promised_delivery_end_range_date_at_order,12395,Ashley Furniture CA 92324,2022,Ashley Furniture,"CA,MS,NC,PA,TX,WI",Upholstery,Anne Marie Conde,CA,builds_directs,2097,631,18,0.008583690987124463,105,372,0.17739628040057226,,,0,0,0.7277062470195533,0.9213161659513601,18,0,241,316,56,1466,1.0,,0.2816455696202531,0.8928571428571428,0.40095087163232956,0.833333333333333,,0.920886075949367,0.8827258320126772
pdd_10w,promised_delivery_end_range_date_at_order,497107,Greenland Home Fashions CA 91710,2743,Greenland Home Fashions,CA,Soft Home,Jaiden Lawlor,CA,builds_directs,5094,620,0,0.0,612,462,0.09069493521790342,,,0,0,0.8710247349823315,0.8060463290145277,0,0,158,157,305,4474,,,1.0,0.9934426229508195,0.9919354838709666,,,0.7643312101910831,0.8129032258064517
pdd_10w,promised_delivery_end_range_date_at_order,61486,Regal Art Gift KS 66062,23469,Regal Art Gift,"KS,TN",Decor,Kadin Nestler,KS,builds_directs,4043,620,20,0.004946821667078902,600,489,0.12094978976007915,,,0,0,0.9967845659163987,0.9547365817462294,20,0,111,304,185,3423,1.0,,0.9967105263157898,1.0,0.9951612903225806,1.0,,0.957236842105263,0.9516129032258063
pdd_10w,promised_delivery_end_range_date_at_order,126078,Ideal Ventures - GGI International CA,11859,Ideal Ventures - GGI International,CA,Storage & Org - Frequency,Ayman Siddiqui,CA,builds_directs,4458,618,0,0.0,605,482,0.10812023328847016,,,0,0,0.9423508299685959,0.8779721848362493,0,0,136,235,247,3840,,,0.9914893617021274,0.9878542510121454,0.9789644012944991,,,0.9617021276595742,0.9174757281553398
pdd_10w,promised_delivery_end_range_date_at_order,200271,CasePiece USA INC GA 30349,195274,CasePiece USA INC,GA,Casegoods,Prisha Mark,GA,builds_directs,6850,608,0,0.0,607,515,0.07518248175182482,,,0,0,0.9945985401459853,0.9176642335766424,0,0,93,290,225,6242,,,1.0,0.991111111111111,0.9967105263157895,,,0.9655172413793106,0.935855263157895
pdd_10w,promised_delivery_end_range_date_at_order,28815,Vickerman Co. MN,1239,Vickerman Co.,MN,Decor,Maxwell Threlkeld,MN,builds_directs,6544,608,0,0.0,599,530,0.08099022004889976,,,0,0,0.9931234718826408,0.8864608801955997,0,0,78,263,267,5936,,,0.9961977186311785,1.0,0.9901315789473684,,,0.9695817490494296,0.9210526315789476
pdd_10w,promised_delivery_end_range_date_at_order,195292,Momeni GA 30103,284,Momeni,GA,Rugs,Alex Resnick,GA,builds_directs,7485,604,0,0.0,604,524,0.0700066800267201,,,0,0,0.8475617902471613,0.860253841015365,0,0,80,355,169,6881,,,1.0,1.0,1.0,,,0.9690140845070427,0.9370860927152311
pdd_10w,promised_delivery_end_range_date_at_order,275205,Town Country Linen Corporation CA 92376,29622,Town Country Linen Corporation,CA,Tabletop,Isabella Keel,CA,builds_directs,4819,599,0,0.0,581,494,0.10251089437642665,,,0,0,0.975513592031543,0.865532268105416,0,0,105,232,262,4220,,,0.9827586206896555,0.935114503816794,0.9532554257095163,,,0.8189655172413794,0.7662771285475797
pdd_10w,promised_delivery_end_range_date_at_order,105765,Andes Furniture CA 92870,56976,Andes Furniture,CA,Upholstery,Oscar Li,CA,builds_directs,4484,578,0,0.0,569,493,0.10994647636039251,,,0,0,0.916815343443355,0.91793041926851,0,0,85,277,216,3906,,,0.9638989169675091,0.990740740740741,0.9757785467128035,,,0.9386281588447654,0.9325259515570932
pdd_10w,promised_delivery_end_range_date_at_order,28664,Saro CA,13460,Saro,CA,Tabletop,Isabella Keel,CA,builds_directs,7471,566,0,0.0,521,487,0.06518538348280016,,,0,0,0.9366885289787172,0.8546379333422578,0,0,79,302,185,6905,,,0.9801324503311265,1.0,0.9858657243816256,,,0.8509933774834438,0.8021201413427561
pdd_10w,promised_delivery_end_range_date_at_order,25980,California Umbrella CA,716,California Umbrella,"CA,TX",Outdoor Furniture,Kate Schryver,CA,builds_directs,5298,559,32,0.00604001510003775,486,440,0.08305020762551907,,,0,0,0.9416761041902596,0.7257455643639097,32,0,87,141,299,4739,1.0,,0.9645390070921986,0.979933110367893,0.9785330948121644,0.84375,,0.8723404255319149,0.844364937388193
pdd_10w,promised_delivery_end_range_date_at_order,44532,GlideRite Hardware CA,19340,GlideRite Hardware,CA,Hardware,Matt Bartolucci,CA,builds_directs,4272,559,0,0.0,539,443,0.10369850187265918,,,0,0,0.9133895131086137,0.7961142322097384,0,0,116,206,237,3713,,,0.9854368932038835,0.9451476793248944,0.942754919499106,,,0.8300970873786407,0.7584973166368514
pdd_10w,promised_delivery_end_range_date_at_order,8176,Rod Desyne,8176,Rod Desyne,CA,Soft Home,Benjamin Hannigan,CA,builds_directs,4259,552,0,0.0,526,454,0.1065977929091336,,,0,0,0.9873209673632312,0.8983329420051656,0,0,98,222,232,3707,,,1.0,1.0,1.0,,,0.9414414414414409,0.9239130434782605
pdd_10w,promised_delivery_end_range_date_at_order,30538,Godinger Silver Art Co. Ltd NY 10917,9291,Godinger Silver Art Co. Ltd,NY,Tabletop,Rehaan Sardana,NY,builds_directs,5991,551,0,0.0,537,477,0.07961942914371557,,,0,0,0.9382406943748948,0.8491069938240698,0,0,74,308,169,5440,,,1.0,1.0,1.0,,,0.8993506493506496,0.8856624319419231
pdd_10w,promised_delivery_end_range_date_at_order,318241,"AD ASTRA(Xiamen) E-Commerce Co.,LTD CA 92337",275382,"HONGKONG BENJAMIN TRADE CO., LIMITED","CA,NJ",APS Youth,Thomas Zhang,CA,builds_directs,4142,551,19,0.0045871559633027525,509,453,0.10936745533558667,,,0,0,0.8049251569290192,0.798647996137131,19,0,79,181,272,3591,1.0,,0.9889502762430938,1.0,0.9909255898366599,0.9473684210526314,,0.9392265193370164,0.8892921960072591
pdd_10w,promised_delivery_end_range_date_at_order,47458,vida XL CA 92374,39327,vidaXL LLC,CA,Outdoor Furniture,Isha Singh,CA,builds_directs,3856,540,0,0.0,517,437,0.1133298755186722,,,0,0,0.9623962655601672,0.8895228215767638,0,0,103,103,334,3316,,,0.9611650485436894,0.9820359281437132,0.9796296296296299,,,0.8640776699029128,0.8814814814814818
pdd_10w,promised_delivery_end_range_date_at_order,27175,CreativeDisplaysInc NJ,12430,CreativeDisplaysInc,NJ,Decor,Phoebe Leonard,NJ,builds_directs,4714,537,0,0.0,531,440,0.09333899024183284,,,0,0,0.9887568943572341,0.9155706406448875,0,0,97,200,240,4177,,,0.9949999999999998,0.9874999999999998,0.9888268156424577,,,0.8549999999999994,0.8435754189944134
pdd_10w,promised_delivery_end_range_date_at_order,66315,Million Dollar Baby Co GA 31322,426,Million Dollar Baby Co,"CA,GA",Youth Furniture & Decor,Caroline Smith,GA,builds_directs,5512,529,39,0.007075471698113208,474,422,0.07656023222060958,,,0,0,0.8434325108853393,0.7630624092888242,39,0,68,231,191,4983,0.7692307692307693,,0.9740259740259736,0.9895287958115184,0.9640831758034026,0.7435897435897435,,0.9264069264069262,0.856332703213611
pdd_10w,promised_delivery_end_range_date_at_order,91781,Bargain Online Shops LLC NV 89032,12684,Bargain Online Shops LLC,NV,Soft Home,Jaiden Lawlor,NV,builds_directs,4124,513,0,0.0,510,408,0.09893307468477207,,,0,0,0.9903006789524746,0.9030067895247329,0,0,105,189,219,3611,,,0.9894179894179892,1.0,0.9922027290448339,,,0.8941798941798942,0.8986354775828457
pdd_10w,promised_delivery_end_range_date_at_order,184038,Household Essentials TN 38109,5718,Household Essentials,TN,Decor,Robert Williams,TN,builds_directs,5094,510,0,0.0,499,431,0.08460934432665881,,,0,0,0.992540243423635,0.9358068315665504,0,0,79,179,252,4584,,,1.0,1.0,1.0,,,0.9608938547486038,0.947058823529411
pdd_10w,promised_delivery_end_range_date_at_order,123170,Puredown CA 91761,24613,Puredown,"CA,PA",APS Mattresses,Sylvia Ding,CA,builds_directs,4200,499,18,0.004285714285714286,468,364,0.08666666666666667,,,0,0,0.8780952380952378,0.8264285714285698,18,0,117,168,196,3701,0.9444444444444443,,0.9464285714285712,0.9693877551020409,0.9498997995991988,0.7222222222222223,,0.81547619047619,0.8216432865731454
pdd_10w,promised_delivery_end_range_date_at_order,48714,Balta Incorporated GA 31320,296,Balta Incorporated,GA,Rugs,Brianna Barrett,GA,builds_directs,5471,493,0,0.0,470,385,0.07037104734052275,,,0,0,0.9674648144763293,0.8928897824894901,0,0,108,173,212,4978,,,0.9942196531791906,0.9764150943396228,0.9858012170385386,,,0.9595375722543354,0.9148073022312366
pdd_10w,promised_delivery_end_range_date_at_order,40218,Loloi Rugs TX 75244,1452,Loloi Rugs,"GA,TX",Rugs,Alex Melius,TX,builds_directs,6905,485,29,0.004199855177407676,451,405,0.05865314989138305,,,0,0,0.8602461984069512,0.8335988414192611,29,0,51,229,176,6420,0.9655172413793103,,0.9606986899563315,0.9659090909090912,0.9587628865979381,0.9310344827586207,,0.9475982532751093,0.9237113402061857
pdd_10w,promised_delivery_end_range_date_at_order,34738,LR Resources GA,8436,LR Resources,GA,Rugs,Alex Resnick,GA,builds_directs,5527,485,0,0.0,485,399,0.07219106205898318,,,0,0,0.9690609734032913,0.8943368916229413,0,0,86,223,176,5042,,,0.9910313901345291,0.9829545454545456,0.9814432989690715,,,0.9641255605381165,0.8907216494845368
pdd_10w,promised_delivery_end_range_date_at_order,41979,World Rug Gallery NJ,7656,World Rug Gallery,NJ,Rugs,Alex Resnick,NJ,builds_directs,7406,480,0,0.0,468,413,0.055765595463137994,,,0,0,0.991628409397786,0.9084526059951401,0,0,67,141,272,6926,,,1.0,1.0,1.0,,,0.9219858156028369,0.8958333333333331
pdd_10w,promised_delivery_end_range_date_at_order,25636,Crestview Collection TN,5120,Crestview Collection,TN,Casegoods,Karolina Coulter,TN,builds_directs,4545,467,0,0.0,466,380,0.08360836083608361,,,0,0,0.9346534653465368,0.8950495049504952,0,0,87,92,288,4078,,,0.8804347826086958,0.8715277777777772,0.8736616702355456,,,0.8804347826086957,0.8608137044967877
pdd_10w,promised_delivery_end_range_date_at_order,13342,Kennedy International Inc,13342,Kennedy International Inc,NJ,Storage & Org - Frequency,Bryn Bennett,NJ,builds_directs,5162,464,0,0.0,463,374,0.07245253777605579,,,0,0,0.977915536613715,0.8760170476559466,0,0,90,149,225,4698,,,0.9731543624161072,1.0,0.9827586206896548,,,0.932885906040268,0.9008620689655172
pdd_10w,promised_delivery_end_range_date_at_order,151576,Gibson CA,19128,Gibson,CA,Tabletop,Megan Williamson,CA,builds_directs,3712,459,0,0.0,441,378,0.10183189655172414,,,0,0,0.9641702586206911,0.8712284482758627,0,0,81,203,175,3253,,,0.9064039408866993,0.9142857142857143,0.9041394335511981,,,0.8620689655172413,0.8322440087145968
pdd_10w,promised_delivery_end_range_date_at_order,147943,HYTX美西LA-003仓,108807,YEEYOO INTERNATIONAL LIMITED,"CA,GA,NJ,TN",APS,Christal Ding,CA,builds_directs,4569,441,30,0.006565988181221274,218,265,0.057999562267454584,,,0,0,0.9117968920989292,0.774348872838696,30,0,146,117,148,4128,0.9333333333333333,,0.9230769230769231,0.9662162162162168,0.9365079365079361,0.7333333333333334,,0.7179487179487181,0.6122448979591836
pdd_10w,promised_delivery_end_range_date_at_order,138950,iCanvasART  IL 60053,12905,iCanvasART,IL,Decor,Kate Poletynski,IL,builds_directs,4355,440,0,0.0,440,378,0.08679678530424799,,,0,0,0.9398392652123998,0.8206659012629165,0,0,62,165,213,3915,,,0.933333333333333,0.9530516431924883,0.9500000000000002,,,0.8666666666666666,0.8250000000000005
pdd_10w,promised_delivery_end_range_date_at_order,54805,Enova Corporation CA 91732,39581,Enova Corporation,CA,Decor,Phoebe Leonard,CA,builds_directs,3607,427,0,0.0,423,379,0.10507346825616856,,,0,0,0.9409481563626284,0.8344884945938467,0,0,48,194,185,3180,,,0.9536082474226805,0.9513513513513514,0.9508196721311475,,,0.845360824742268,0.8337236533957844
pdd_10w,promised_delivery_end_range_date_at_order,236782,Amalgamated Textiles USA GA 31320,18889,Amalgamated Textiles USA,"CA,GA",Soft Home,Madison Carvalho,GA,builds_directs,5565,414,54,0.009703504043126684,340,279,0.05013477088948787,,,0,0,0.9297394429469922,0.8569631626235386,54,0,81,57,222,5151,0.8333333333333335,,0.8596491228070176,0.7927927927927929,0.8140096618357485,0.8703703703703702,,0.9122807017543859,0.8309178743961353
pdd_10w,promised_delivery_end_range_date_at_order,110415,Lux Decor collection TX 77479,37327,Instyle Products Corp,TX,Soft Home,Rikki Sartor,TX,builds_directs,4008,412,0,0.0,378,309,0.07709580838323353,,,0,0,0.6656686626746517,0.7450099800399216,0,0,103,101,208,3596,,,0.8316831683168313,0.8749999999999997,0.8276699029126218,,,0.7524752475247523,0.759708737864078
pdd_10w,promised_delivery_end_range_date_at_order,57866,Suncast IL 60185,603,Suncast,IL,Outdoor Structures,Mert Atmaca,IL,builds_directs,3280,409,0,0.0,408,321,0.09786585365853659,,,0,0,0.8737804878048785,0.8899390243902441,0,0,88,167,154,2871,,,0.9461077844311375,0.9415584415584414,0.9511002444987784,,,0.9221556886227547,0.8997555012224938
pdd_10w,promised_delivery_end_range_date_at_order,36015,Jaipur Rugs GA30102,2433,Jaipur Living,GA,Rugs,Alex Melius,GA,builds_directs,4959,407,0,0.0,394,368,0.07420850978019762,,,0,0,0.9243799153055055,0.8586408550110907,0,0,39,127,241,4552,,,0.984251968503937,0.9792531120331954,0.982800982800983,,,0.937007874015748,0.8771498771498765
pdd_10w,promised_delivery_end_range_date_at_order,44421,Danya B. CA,5362,Danya B.,CA,Decor,Waverly Winterer,CA,builds_directs,3255,406,0,0.0,385,340,0.10445468509984639,,,0,0,0.9668202764976965,0.8946236559139791,0,0,66,137,203,2849,,,0.9927007299270073,1.0,0.9975369458128085,,,0.9270072992700726,0.8817733990147782
pdd_10w,promised_delivery_end_range_date_at_order,38484,BNF Home CA 91761,17539,BNF Home,CA,APS Soft Home,lance Zhou,CA,builds_directs,3004,403,0,0.0,381,305,0.10153129161118508,,,0,0,0.9057922769640478,0.8099201065246331,0,0,98,89,216,2601,,,0.9887640449438204,0.9861111111111112,0.967741935483872,,,0.7415730337078651,0.7766749379652601
pdd_10w,promised_delivery_end_range_date_at_order,288246,"Xiamen Yakesi e-commerce.CO., LTD CA 91761 ",96089,KEY CLOISON LIMITED,CA,APS,Aria Yao,CA,builds_directs,2909,400,0,0.0,390,340,0.11687865245788931,,,0,0,0.9027157098659322,0.844620144379512,0,0,60,174,166,2509,,,0.9540229885057472,0.9518072289156629,0.9599999999999994,,,0.925287356321839,0.8899999999999997
pdd_10w,promised_delivery_end_range_date_at_order,23665,"Cozy Line Home Fashions, Inc.",23665,"Cozy Line Home Fashions, Inc.",CA,Soft Home,Jaiden Lawlor,CA,builds_directs,2620,396,0,0.0,390,284,0.1083969465648855,,,0,0,0.9484732824427483,0.8786259541984729,0,0,112,120,164,2224,,,0.9,0.9146341463414632,0.866161616161616,,,0.8416666666666666,0.7550505050505049
pdd_10w,promised_delivery_end_range_date_at_order,248293,Phantoscope CA,40013,Phantoscope,CA,APS,Jessica Gu,CA,builds_directs,2970,392,0,0.0,385,331,0.11144781144781145,,,0,0,0.9606060606060607,0.9154882154882141,0,0,61,132,199,2578,,,0.8863636363636362,0.8944723618090454,0.895408163265306,,,0.8712121212121213,0.8520408163265303
pdd_10w,promised_delivery_end_range_date_at_order,93964,TuHome Furniture FL 33172,47115,TuHome Furniture,FL,Casegoods,Christian Kokoros,FL,builds_directs,593,392,0,0.0,57,50,0.08431703204047218,,,0,0,0.9966273187183813,0.924114671163575,0,0,342,9,41,201,,,1.0,1.0,1.0,,,1.0,0.9413265306122455
pdd_10w,promised_delivery_end_range_date_at_order,21190,Globe Electric Company CA 92410,9534,Globe Electric Company,CA,Lighting,Greer Long,CA,builds_directs,3464,390,0,0.0,363,309,0.08920323325635104,,,0,0,0.8169745958429573,0.8048498845265595,0,0,81,74,235,3074,,,0.9054054054054055,0.9063829787234041,0.9128205128205126,,,0.8378378378378377,0.8205128205128208
pdd_10w,promised_delivery_end_range_date_at_order,20883,StyleCraft MS,2846,StyleCraft Home,MS,Lighting,Greer Long,MS,builds_directs,3994,387,0,0.0,387,312,0.07811717576364546,,,0,0,0.7929394091136709,0.868052078117177,0,0,75,127,185,3607,,,0.889763779527559,0.9675675675675679,0.9379844961240308,,,0.9212598425196845,0.904392764857881
pdd_10w,promised_delivery_end_range_date_at_order,245572,YITA LLC CA 92374,70265,YITA LLC,"CA,GA,NJ,WA",APS AEOF,Carl Li,CA,builds_directs,3845,381,38,0.00988296488946684,288,258,0.0671001300390117,,,0,0,0.8262678803641096,0.8671001300390103,38,0,85,79,179,3464,0.6578947368421052,,0.7341772151898734,0.737430167597765,0.7165354330708663,0.8157894736842105,,0.7721518987341776,0.7296587926509183
pdd_10w,promised_delivery_end_range_date_at_order,270038,Kouboo CA 92879,20420,Kouboo,CA,Storage & Org - Frequency,Claire Przybocki,CA,builds_directs,3044,379,0,0.0,361,315,0.10348226018396846,,,0,0,0.9825886990801588,0.9319973718791064,0,0,64,109,206,2665,,,1.0,1.0,1.0,,,0.8073394495412847,0.878627968337731
pdd_10w,promised_delivery_end_range_date_at_order,125473,Tregards LLC CA 91730,81672,Tregards LLC,CA,APS,,CA,builds_directs,2068,379,0,0.0,348,303,0.1465183752417795,,,0,0,0.8781431334622827,0.8191489361702139,0,0,76,144,159,1689,,,0.8194444444444445,0.7735849056603775,0.8047493403693934,,,0.7152777777777778,0.7467018469656991
pdd_10w,promised_delivery_end_range_date_at_order,60092,EMG CA 92316,806,EMG,"CA,GA,WI",Kitchen & Small Electrics,Marina Callahan,CA,builds_directs,3153,373,17,0.005391690453536315,329,273,0.08658420551855375,,,0,0,0.8991436726926735,0.8744053282588005,17,0,83,21,252,2780,0.8823529411764703,,0.9047619047619045,0.9047619047619045,0.8954423592493292,0.7647058823529411,,0.857142857142857,0.8123324396782841
pdd_10w,promised_delivery_end_range_date_at_order,28772,Linon CA 92408,405,Linon,"CA,NC",Casegoods,Connor Henderson,CA,builds_directs,3385,369,10,0.0029542097488921715,272,258,0.07621861152141803,,,0,0,0.9113737075332359,0.8327917282127024,10,0,101,75,183,3016,0.7,,0.9199999999999998,0.8524590163934428,0.8753387533875335,0.5,,0.8799999999999998,0.7208672086720869
pdd_10w,promised_delivery_end_range_date_at_order,15150,Art Remedy LLC FL 33009,8531,Art Remedy LLC,"FL,NC",Decor,Kate Poletynski,FL,builds_directs,4626,367,27,0.005836575875486381,308,292,0.06312148724600086,,,0,0,0.9900562040639866,0.797233030696066,27,0,48,128,164,4259,1.0,,1.0,0.99390243902439,0.9972752043596731,0.7037037037037039,,0.8984374999999998,0.7629427792915534
pdd_10w,promised_delivery_end_range_date_at_order,71672,Bed Bath N More NJ 07065,19241,Bed Bath N More,NJ,Soft Home,Supplier Service Desk,NJ,builds_directs,4276,364,0,0.0,364,290,0.06782039289055192,,,0,0,0.918147801683815,0.8122076707202994,0,0,74,98,192,3912,,,0.9897959183673469,0.9895833333333334,0.9862637362637368,,,0.9183673469387755,0.8983516483516486
pdd_10w,promised_delivery_end_range_date_at_order,30330,Aspen Creative Corporation,30330,Aspen Creative Corporation,CA,Lighting,Kya Mehlman,CA,builds_directs,2866,364,0,0.0,351,305,0.10642009769713887,,,0,0,0.8332170272156315,0.7676203768318223,0,0,59,105,200,2502,,,1.0,0.9899999999999999,0.9890109890109894,,,0.9428571428571427,0.8818681318681314
pdd_10w,promised_delivery_end_range_date_at_order,320582,SmartStandard CA 92337,49538,NORTH ELM ARTISAN LLC_1,"CA,GA,NJ",APS Home Improvement,Nicole Sun,CA,builds_directs,3482,362,21,0.0060310166570936245,247,233,0.06691556576680069,,,0,0,0.8630097645031586,0.8566915565766802,21,0,108,46,187,3120,0.9523809523809522,,0.9565217391304345,0.9946524064171121,0.9585635359116021,0.8571428571428572,,0.8913043478260867,0.7955801104972378
pdd_10w,promised_delivery_end_range_date_at_order,50127,Eastern Accents IL 60641,2105,Eastern Accents,IL,"PG Bedding, Bath & Window",Shannon Walker,IL,builds_directs,3243,361,0,0.0,360,314,0.09682392846130126,,,0,0,0.901325932778293,0.8871415356151713,0,0,47,235,79,2882,,,0.8382978723404249,0.9873417721518989,0.8864265927977839,,,0.8382978723404249,0.8781163434903047
pdd_10w,promised_delivery_end_range_date_at_order,432909,Nanping Jianyang District Shanye Laity Tea Co. LTD GA 30349,207644,Nanping Jianyang District Shanye Laity Tea Co. LTD,"CA,GA,NJ",APS Home Improvement,Aria Yao,GA,builds_directs,840,361,2,0.002380952380952381,86,68,0.08095238095238096,,,0,0,0.9595238095238092,0.8523809523809527,2,0,291,24,44,479,1.0,,0.9583333333333331,0.9772727272727272,0.9501385041551246,1.0,,0.9583333333333333,0.8421052631578947
pdd_10w,promised_delivery_end_range_date_at_order,63102,Kenney Manufacturing Company RI 02886,15320,Kenney Manufacturing Company,"AR,RI",Soft Home,Madison Carvalho,RI,builds_directs,4944,360,0,0.0,348,277,0.05602750809061489,,,0,0,0.9832119741100337,0.9124190938511324,0,0,83,146,131,4584,,,0.9931506849315067,0.9923664122137403,0.9916666666666665,,,0.8287671232876714,0.8666666666666665
pdd_10w,promised_delivery_end_range_date_at_order,116262,EFPerfect CA 91766,55886,EFPerfect,CA,APS Home Improvement,Aria LI,CA,builds_directs,3170,357,0,0.0,339,274,0.08643533123028391,,,0,0,0.9675078864353317,0.8779179810725539,0,0,83,121,153,2813,,,0.9917355371900826,0.9738562091503267,0.9747899159663868,,,0.9008264462809913,0.8375350140056026
pdd_10w,promised_delivery_end_range_date_at_order,138427,Wells International LLC NJ,65744,Wells International LLC,NJ,APS,Elvira Tang,NJ,builds_directs,2725,353,0,0.0,344,274,0.10055045871559633,,,0,0,0.9442201834862386,0.905688073394495,0,0,79,97,177,2372,,,1.0,0.9943502824858755,0.9886685552407933,,,0.7835051546391755,0.8385269121813032
pdd_10w,promised_delivery_end_range_date_at_order,23370,Cheungs Rattan CA,5313,Cheungs Rattan,CA,Decor,Waverly Winterer,CA,builds_directs,2748,345,0,0.0,336,289,0.10516739446870452,,,0,0,0.9909024745269285,0.9046579330422125,0,0,56,152,137,2403,,,1.0,0.9927007299270073,0.9942028985507242,,,0.8684210526315786,0.8898550724637683
pdd_10w,promised_delivery_end_range_date_at_order,28798,"Peking Handicraft, INC CA",9732,"Peking Handicraft, INC",CA,Soft Home,Benjamin Hannigan,CA,builds_directs,3043,344,0,0.0,321,273,0.08971409792967466,,,0,0,0.9812684850476519,0.8885967794939206,0,0,71,140,133,2699,,,0.9357142857142855,0.977443609022556,0.962209302325581,,,0.85,0.8546511627906977
pdd_10w,promised_delivery_end_range_date_at_order,41278,Roundhill Furniture OH,22802,Roundhill Furniture,OH,Casegoods,Zichu Wang,OH,builds_directs,3839,343,0,0.0,341,298,0.07762438134930971,,,0,0,0.8775722844490762,0.8512633498306844,0,0,45,142,156,3496,,,0.9929577464788731,1.0,0.9970845481049564,,,0.9366197183098587,0.9416909620991252
pdd_10w,promised_delivery_end_range_date_at_order,24884,Riztex USA GA,7920,Riztex USA,GA,Rugs,Brianna Barrett,GA,builds_directs,3754,338,0,0.0,336,289,0.07698454981353223,,,0,0,0.9941395844432591,0.9120937666489066,0,0,49,132,157,3416,,,1.0,0.9936305732484075,0.9970414201183437,,,0.9318181818181815,0.9201183431952669
pdd_10w,promised_delivery_end_range_date_at_order,82470,Ledel Lighting INC CA92841,75706,Ledel Lighting INC,CA,Lighting,Kya Mehlman,CA,builds_directs,3308,332,0,0.0,313,287,0.08675937122128174,,,0,0,0.9897218863361553,0.915659008464327,0,0,45,112,175,2976,,,1.0,0.9885714285714283,0.9939759036144578,,,0.9017857142857142,0.8915662650602404
pdd_10w,promised_delivery_end_range_date_at_order,277441,Home Weavers Inc. NJ 08854,19440,Home Weavers Inc.,NJ,Soft Home,Benjamin Hannigan,NJ,builds_directs,3234,332,0,0.0,331,277,0.08565244279529993,,,0,0,0.9010513296227569,0.8506493506493502,0,0,55,79,198,2902,,,0.9746835443037976,0.9898989898989897,0.9728915662650602,,,0.9113924050632912,0.8825301204819274
pdd_10w,promised_delivery_end_range_date_at_order,197381,Goodlife Wholesale LLC AZ 85009,84997,Goodlife Wholesale LLC,AZ,Casegoods,Zichu Wang,AZ,builds_directs,2288,327,0,0.0,327,272,0.11888111888111888,,,0,0,0.9895104895104897,0.947552447552447,0,0,55,100,172,1961,,,1.0,0.9941860465116278,0.9969418960244651,,,0.9699999999999999,0.9694189602446489
pdd_10w,promised_delivery_end_range_date_at_order,182959,Brightech Inc. CA,63240,Brightech Inc.,CA,Lighting,Kya Mehlman,CA,builds_directs,3477,325,0,0.0,311,275,0.07909117054932413,,,0,0,0.9597354040839821,0.9350014380212831,0,0,50,89,186,3152,,,0.9438202247191012,0.9623655913978495,0.953846153846154,,,0.8988764044943818,0.9230769230769229
pdd_10w,promised_delivery_end_range_date_at_order,15299,Mohawk Home GA 30701 Marine,6030,Mohawk Home,"GA,IL",Rugs,Alex Melius,GA,builds_directs,4020,324,29,0.007213930348258706,295,217,0.05398009950248756,,,0,0,0.981840796019902,0.8945273631840798,29,0,78,52,165,3696,1.0,,0.9615384615384613,1.0,0.9876543209876544,0.8620689655172412,,0.7692307692307693,0.8240740740740744
pdd_10w,promised_delivery_end_range_date_at_order,246100,Noori Rug NJ 08902,32166,Noori Rug,NJ,Rugs,Alex Melius,NJ,builds_directs,3618,324,0,0.0,322,276,0.07628524046434494,,,0,0,0.9980652294085123,0.8717523493642912,0,0,48,78,198,3294,,,1.0,1.0,1.0,,,0.9487179487179487,0.861111111111111
pdd_10w,promised_delivery_end_range_date_at_order,443890,Huliz Ic Mekan Dekorasyon ve Tasarim As NJ 07004-3221,249840,Huliz Ic Mekan Dekorasyon ve Tasarim As,NJ,WGS-Turkey,Ata Yilmaz,NJ,builds_directs,3326,324,0,0.0,324,280,0.0841852074564041,,,0,0,0.9669272399278398,0.9377630787733027,0,0,44,90,190,3002,,,0.9444444444444445,0.9631578947368425,0.9598765432098763,,,0.9333333333333331,0.9104938271604932
pdd_10w,promised_delivery_end_range_date_at_order,27436,Steve Silver Company TX,2577,Steve Silver Company,TX,Casegoods,Connor Henderson,TX,builds_directs,2184,317,0,0.0,308,257,0.11767399267399267,,,0,0,0.8891941391941404,0.8209706959706953,0,0,60,108,149,1867,,,0.7129629629629627,0.6577181208053692,0.6656151419558357,,,0.7685185185185188,0.697160883280757
pdd_10w,promised_delivery_end_range_date_at_order,26798,EcoFlex Furniture NC,13878,EcoFlex Furniture,NC,Youth Furniture & Decor,Riki Watanabe,NC,builds_directs,3310,312,0,0.0,289,253,0.07643504531722055,,,0,0,0.945317220543807,0.9090634441087608,0,0,59,91,162,2998,,,1.0,1.0,0.9967948717948717,,,0.9560439560439563,0.9230769230769232
pdd_10w,promised_delivery_end_range_date_at_order,25710,Global Views TX 75247,1699,Global Views,TX,PG Decor,Rachel Markham,TX,builds_directs,2987,309,0,0.0,308,269,0.09005691329092735,,,0,0,0.9621694007365256,0.9286909943086714,0,0,40,151,118,2678,,,0.9933774834437085,0.966101694915254,0.9805825242718451,,,0.8940397350993379,0.9223300970873785
pdd_10w,promised_delivery_end_range_date_at_order,141329,Homebeez CA 91761,31734,Homebeez (parent),"CA,GA",Upholstery,Demi Wang,CA,builds_directs,2541,309,20,0.007870916961826053,275,244,0.09602518693427785,,,0,0,0.9417552144824894,0.8787878787878783,20,0,45,113,131,2232,0.95,,1.0,1.0,0.9967637540453075,0.8499999999999999,,0.9203539823008848,0.8705501618122974
pdd_10w,promised_delivery_end_range_date_at_order,56895,Walker Edison OH 43207,1803,Walker Edison,"OH,WA",Casegoods,Gabrielle derKinderen,OH,builds_directs,4505,307,3,0.0006659267480577136,286,251,0.05571587125416204,,,0,0,0.9174250832408443,0.8605993340732527,3,0,53,69,182,4198,1.0,,1.0,0.994505494505494,0.9967426710097721,0.6666666666666666,,0.8840579710144928,0.8566775244299677
pdd_10w,promised_delivery_end_range_date_at_order,30532,Kinfine USA Inc NJ08902,9429,Kinfine USA Inc,"CA,NJ",Casegoods,Megan White,NJ,builds_directs,3584,306,4,0.0011160714285714285,284,251,0.07003348214285714,,,0,0,0.8303571428571428,0.8543526785714293,4,0,51,48,203,3278,0.75,,0.8541666666666663,0.77832512315271,0.7614379084967313,0.75,,0.8541666666666663,0.76797385620915
pdd_10w,promised_delivery_end_range_date_at_order,296207,Covers And All GA,58537,Covers And All,"CO,GA,MA",Outdoor Furniture,Kate Schryver,GA,builds_directs,3883,305,14,0.0036054596961112542,290,239,0.06155034766932784,,,0,0,0.5251094514550606,0.7043523049188776,14,0,52,69,170,3578,0.5,,0.36231884057971014,0.25294117647058817,0.3016393442622952,0.7142857142857142,,0.6811594202898551,0.4852459016393443
pdd_10w,promised_delivery_end_range_date_at_order,23905,Palace Imports Inc.,23905,Palace Imports Inc.,NJ,Casegoods,Prisha Mark,NJ,builds_directs,3372,305,0,0.0,305,261,0.07740213523131673,,,0,0,0.9860616844602622,0.9350533807829184,0,0,44,91,170,3067,,,1.0,1.0,1.0,,,0.9340659340659341,0.9442622950819667
pdd_10w,promised_delivery_end_range_date_at_order,30210,GSI Home Styles,30210,GSI Home Styles,GA,Decor,Kadin Nestler,GA,builds_directs,2093,304,0,0.0,304,244,0.11657907310081222,,,0,0,0.9216435738174864,0.8609651218346879,0,0,60,153,91,1789,,,0.9738562091503268,0.9670329670329673,0.9572368421052634,,,0.915032679738562,0.8684210526315791
pdd_10w,promised_delivery_end_range_date_at_order,320854,Curtis International CA,40691,Curtis International,"CA,SC",Appliances,Julia Wunderlin,CA,builds_directs,3146,299,1,0.0003178639542275906,272,240,0.07628734901462174,,,0,0,0.1433566433566433,0.6700572155117627,1,0,58,91,149,2847,0.0,,0.05494505494505493,0.0,0.04013377926421405,1.0,,0.5714285714285716,0.6086956521739134
pdd_10w,promised_delivery_end_range_date_at_order,20747,Butler IL 60617,1422,Butler,IL,Casegoods,Gabrielle derKinderen,IL,builds_directs,4859,296,0,0.0,295,258,0.05309734513274336,,,0,0,0.9800370446593959,0.9277629141798729,0,0,38,103,155,4563,,,0.9611650485436893,1.0,0.9864864864864866,,,0.9611650485436892,0.9391891891891893
pdd_10w,promised_delivery_end_range_date_at_order,116460,J.Queen CA 91710,26272,J.Queen,"CA,SC",Soft Home,Madison Carvalho,CA,builds_directs,2502,291,1,0.0003996802557953637,284,231,0.09232613908872901,,,0,0,0.942446043165468,0.8453237410071951,1,0,59,125,106,2211,1.0,,1.0,0.9905660377358491,0.9965635738831616,0.0,,0.8080000000000002,0.7903780068728524
pdd_10w,promised_delivery_end_range_date_at_order,234951,Booth & Williams GA,13382,Booth & Williams,GA,Decor,Supplier Service Desk,GA,builds_directs,2486,285,0,0.0,285,234,0.09412711182622686,,,0,0,0.9593724859211596,0.8567980691874499,0,0,51,128,106,2201,,,0.828125,0.8490566037735847,0.831578947368421,,,0.765625,0.8035087719298248
pdd_10w,promised_delivery_end_range_date_at_order,23133,Gatco CA,1293,Gatco,CA,Plumbing,Madison MacDowell,CA,builds_directs,2141,284,0,0.0,277,219,0.102288650163475,,,0,0,0.980382998598785,0.8173750583839331,0,0,65,122,97,1857,,,1.0,1.0,1.0,,,0.7540983606557377,0.7535211267605637
pdd_10w,promised_delivery_end_range_date_at_order,30837,Hamilton Beach Brands MS,11979,Hamilton Beach Brands,MS,Kitchen & Small Electrics,Marina Callahan,MS,builds_directs,2495,283,0,0.0,272,217,0.08697394789579159,,,0,0,0.9843687374749505,0.9579158316633264,0,0,66,62,155,2212,,,1.0,0.9870967741935486,0.9858657243816257,,,0.9354838709677418,0.9575971731448765
pdd_10w,promised_delivery_end_range_date_at_order,44299,Luxier CA 91708,23494,Luxier,CA,Plumbing,Madison MacDowell,CA,builds_directs,2285,282,0,0.0,272,238,0.10415754923413567,,,0,0,0.9588621444201314,0.8428884026258218,0,0,44,98,140,2003,,,0.9795918367346941,0.9857142857142855,0.9609929078014179,,,0.7142857142857143,0.7198581560283687
pdd_10w,promised_delivery_end_range_date_at_order,66308,Abble Inc. CA 91730 (3),37693,Abble Inc.,CA,Outdoor Furniture,Isha Singh,CA,builds_directs,1982,281,0,0.0,271,235,0.11856710393541876,,,0,0,0.9818365287588301,0.8975782038345108,0,0,46,52,183,1701,,,1.0,1.0,1.0,,,0.9615384615384615,0.886120996441281
pdd_10w,promised_delivery_end_range_date_at_order,299207,EVE AY CORP CA 91744,296827,EVE AY CORP,CA,Wayfair,Melody Lu,CA,builds_directs,2370,275,0,0.0,266,219,0.09240506329113925,,,0,0,0.9666666666666663,0.898312236286919,0,0,56,67,152,2095,,,0.9850746268656716,0.9802631578947368,0.9854545454545457,,,0.9253731343283581,0.8799999999999997
pdd_10w,promised_delivery_end_range_date_at_order,498901,Samtons Lighting TX 77477,50194,Samtons Lighting,"CA,TX",APS Home Improvement,Lydia Chen,TX,builds_directs,2524,273,14,0.005546751188589541,254,189,0.07488114104595879,,,0,0,0.9397781299524557,0.9306656101426314,14,0,70,54,135,2251,0.8571428571428571,,0.8518518518518521,0.903703703703704,0.8717948717948715,0.9285714285714285,,0.851851851851852,0.9157509157509157
pdd_10w,promised_delivery_end_range_date_at_order,44942,Chicago Stool & Chair Inc. IL,21889,Chicago Stool & Chair Inc.,IL,Casegoods,Zichu Wang,IL,builds_directs,3250,270,0,0.0,268,222,0.0683076923076923,,,0,0,0.9972307692307681,0.9193846153846156,0,0,48,63,159,2980,,,1.0,0.9937106918238994,0.9962962962962963,,,0.9206349206349206,0.8925925925925925
pdd_10w,promised_delivery_end_range_date_at_order,104910,Simpli Home Ltd. WA 98424,8762,Simpli Home Ltd.,"GA,WA",Casegoods,Jaden Pickett,WA,builds_directs,2589,270,16,0.006179992275009656,252,218,0.08420239474700657,,,0,0,0.9880262649671687,0.9061413673232911,16,0,36,79,139,2319,0.8749999999999999,,1.0,0.9784172661870499,0.9814814814814817,0.8124999999999999,,0.8481012658227851,0.8962962962962966
pdd_10w,promised_delivery_end_range_date_at_order,26103,Jeco Inc. CA 91761,11408,Jeco Inc.,CA,Outdoor Furniture,Isha Singh,CA,builds_directs,1533,266,0,0.0,256,197,0.12850619699934768,,,0,0,0.5538160469667321,0.7912589693411605,0,0,69,61,136,1267,,,0.4262295081967214,0.36764705882352944,0.3984962406015038,,,0.8032786885245902,0.6954887218045113
pdd_10w,promised_delivery_end_range_date_at_order,267400,TEXTILES HUB LLC NJ 08833,266224,TEXTILES HUB LLC,NJ,Decor,Trevor Cody,NJ,builds_directs,4264,265,0,0.0,265,222,0.052063789868667915,,,0,0,0.8313789868667918,0.7901031894934342,0,0,43,80,142,3999,,,0.6499999999999999,0.6197183098591551,0.6339622641509437,,,0.7374999999999997,0.7132075471698114
pdd_10w,promised_delivery_end_range_date_at_order,36805,Martin Svensson Home CA 90058,14363,"Martin Svensson Home, LLC","CA,NC",Casegoods,Jaden Pickett,CA,builds_directs,2411,265,22,0.009124844462878473,237,192,0.07963500622148487,,,0,0,0.9879717959352963,0.8859394442140193,22,0,51,80,112,2146,1.0,,1.0,1.0,0.9886792452830191,0.909090909090909,,0.9625,0.8830188679245278
pdd_10w,promised_delivery_end_range_date_at_order,5206,Kassatex Fine Linens,5206,Kassatex Fine Linens,FL,Soft Home,Jaiden Lawlor,FL,builds_directs,1833,265,0,0.0,227,194,0.10583742498636116,,,0,0,0.9394435351882167,0.7839607201309322,0,0,71,105,89,1568,,,0.9904761904761905,0.9775280898876405,0.9773584905660375,,,0.8761904761904762,0.8339622641509432
pdd_10w,promised_delivery_end_range_date_at_order,101813,"Zhejiang Xingyang Furniture Co.,Ltd. CA 92880",61200,"Zhejiang Xingyang Furniture Co.,Ltd.",CA,APS,Estrella Wang,CA,builds_directs,2825,262,0,0.0,256,232,0.08212389380530974,,,0,0,0.9405309734513277,0.8686725663716824,0,0,30,61,171,2563,,,0.983606557377049,0.9941520467836255,0.9885496183206111,,,0.9344262295081968,0.9236641221374043
pdd_10w,promised_delivery_end_range_date_at_order,197713,Madeleine Home PA 18091,37252,Madeleine Home,PA,Casegoods,Megan White,PA,builds_directs,3467,260,0,0.0,251,224,0.06460917219498125,,,0,0,0.9826939717334874,0.9313527545428318,0,0,36,30,194,3207,,,1.0,0.963917525773196,0.9692307692307692,,,0.9333333333333332,0.9153846153846155
pdd_10w,promised_delivery_end_range_date_at_order,71949,Better Trends NJ,19371,Better Trends,NJ,Soft Home,Jaiden Lawlor,NJ,builds_directs,3081,260,0,0.0,259,223,0.0723790976955534,,,0,0,0.9230769230769235,0.8666017526777012,0,0,37,17,206,2821,,,1.0,0.9951456310679608,0.9961538461538462,,,0.8235294117647057,0.9115384615384615
pdd_10w,promised_delivery_end_range_date_at_order,57236,Seville Classics Inc CA 90501,11302,Seville Classics Inc,"CA,NJ",Storage & Org,Alice Ganey,CA,builds_directs,2426,259,24,0.00989282769991756,229,192,0.07914262159934048,,,0,0,0.9666117065127777,0.8891178895300904,24,0,43,70,122,2167,1.0,,0.9285714285714287,0.9508196721311474,0.9498069498069499,0.7916666666666667,,0.8571428571428569,0.8687258687258688
pdd_10w,promised_delivery_end_range_date_at_order,244671,Zhejiang Paide Network Technology Co Ltd NJ 08505,103843,Zhejiang Paide Network Technology Co Ltd,"CA,GA,NJ,PA,TX",APS,Ricky Yu,NJ,builds_directs,1982,259,12,0.006054490413723511,247,145,0.07315842583249244,,,0,0,0.832996972754793,0.9031281533804246,12,0,102,80,65,1723,0.8333333333333334,,0.16249999999999995,0.8769230769230768,0.5057915057915057,0.7499999999999999,,0.6249999999999999,0.7490347490347492
pdd_10w,promised_delivery_end_range_date_at_order,430228,Onix Electronics LLC_1 FL 33020,36364,Onix Electronics LLC_1,"CA,FL",Outdoor Furniture,Kate Schryver,FL,builds_directs,2910,258,22,0.007560137457044674,230,211,0.0725085910652921,,,0,0,0.9869415807560136,0.8993127147766311,22,0,25,118,93,2652,1.0,,1.0,0.9892473118279569,0.996124031007752,0.9545454545454546,,0.9576271186440676,0.9069767441860463
pdd_10w,promised_delivery_end_range_date_at_order,38747,Hunter Fan MS,2164,Hunter Fan,MS,Lighting,Cheryl Lin,MS,builds_directs,2507,257,0,0.0,257,213,0.08496210610291184,,,0,0,0.9030714000797762,0.8416433984842427,0,0,44,82,131,2250,,,0.9512195121951221,0.9694656488549618,0.9571984435797667,,,0.9634146341463417,0.9494163424124511
pdd_10w,promised_delivery_end_range_date_at_order,25882,Dillon and Daria's Design LLC,25882,Dillon and Daria's Design LLC,DE,Soft Home,Supplier Service Desk,DE,builds_directs,2672,256,0,0.0,256,206,0.07709580838323353,,,0,0,0.9883982035928147,0.7642215568862278,0,0,50,92,114,2416,,,1.0,1.0,0.99609375,,,0.75,0.7734374999999996
pdd_10w,promised_delivery_end_range_date_at_order,248110,Yamazaki USA Inc. NV 89502,24118,Yamazaki USA Inc.,"IN,NV",Storage & Org - Frequency,Ayman Siddiqui,NV,builds_directs,2629,252,0,0.0,242,224,0.08520349942944085,,,0,0,0.9064282997337388,0.9060479269684305,0,0,28,98,126,2377,,,0.9795918367346939,0.9365079365079362,0.9523809523809522,,,0.9795918367346937,0.9365079365079361
pdd_10w,promised_delivery_end_range_date_at_order,27229,CapitalLighting GA,6545,CapitalLighting,GA,Lighting,Kya Mehlman,GA,builds_directs,2220,252,0,0.0,229,212,0.09549549549549549,,,0,0,0.9202702702702703,0.8671171171171174,0,0,40,77,135,1968,,,0.9740259740259739,0.9777777777777775,0.9801587301587301,,,0.8701298701298701,0.8849206349206349
pdd_10w,promised_delivery_end_range_date_at_order,313349,Chardin LLC TX 75401 - Delta Logistics,19634,Chardin LLC,TX,WGS India,Rajeshwari G,TX,builds_directs,1899,249,0,0.0,246,192,0.10110584518167456,,,0,0,0.9878883622959462,0.8235913638757234,0,0,57,107,85,1650,,,1.0,1.0,1.0,,,0.7476635514018695,0.7590361445783129
pdd_10w,promised_delivery_end_range_date_at_order,281658,Joseph Joseph CA 92835,7712,Joseph Joseph,CA,Storage & Org - Frequency,Claire Przybocki,CA,builds_directs,2985,248,0,0.0,226,201,0.06733668341708543,,,0,0,0.9236180904522605,0.9236180904522617,0,0,47,71,130,2737,,,0.9859154929577465,0.9538461538461537,0.9516129032258067,,,0.9436619718309858,0.8790322580645162
pdd_10w,promised_delivery_end_range_date_at_order,148929,"Grove NA, INC. dba Chicology CA",10851,"Grove NA, INC. dba Chicology",CA,Soft Home,Madison Carvalho,CA,builds_directs,1513,247,0,0.0,240,188,0.12425644415069398,,,0,0,0.6893588896232644,0.699933906146728,0,0,59,79,109,1266,,,0.7848101265822781,0.8348623853211008,0.8097165991902836,,,0.911392405063291,0.8421052631578944
pdd_10w,promised_delivery_end_range_date_at_order,34687,Tatara Group NJ07065,10440,Tatara Group,NJ,Storage & Org - Frequency,Bryn Bennett,NJ,builds_directs,2183,246,0,0.0,242,193,0.08841044434264773,,,0,0,0.9349519010535964,0.8932661475034361,0,0,53,109,84,1937,,,0.9908256880733944,1.0,0.9959349593495932,,,0.9174311926605504,0.9186991869918699
pdd_10w,promised_delivery_end_range_date_at_order,139182,Nathan James NV 89434,37754,Nathan James,NV,Casegoods,Megan White,NV,builds_directs,1592,246,0,0.0,244,223,0.14007537688442212,,,0,0,0.8592964824120595,0.8737437185929652,0,0,23,136,87,1346,,,0.551470588235294,0.8965517241379309,0.7113821138211381,,,0.8014705882352939,0.8252032520325203
pdd_10w,promised_delivery_end_range_date_at_order,248396,Beverly Rug Inc. TX 77494,59662,Beverly Rug Inc.,TX,Rugs,Alex Melius,TX,builds_directs,3215,244,0,0.0,238,202,0.06283048211508553,,,0,0,0.9760497667185065,0.8827371695178868,0,0,42,61,141,2971,,,0.9672131147540983,0.9716312056737588,0.9713114754098363,,,0.9180327868852457,0.8688524590163937
pdd_10w,promised_delivery_end_range_date_at_order,9695,Westinghouse Lighting PA19154,376,Westinghouse Lighting,PA,Lighting,Cheryl Lin,PA,builds_directs,2480,240,0,0.0,238,198,0.07983870967741935,,,0,0,0.9697580645161276,0.8665322580645155,0,0,42,71,127,2240,,,0.9859154929577465,0.9842519685039368,0.9874999999999998,,,0.6901408450704225,0.7875
pdd_10w,promised_delivery_end_range_date_at_order,32159,Classic Home CA,697,Classic Home,"CA,NC",Casegoods,Connor Henderson,CA,builds_directs,2832,239,16,0.005649717514124294,193,183,0.0646186440677966,,,0,0,0.8566384180790962,0.8245056497175147,16,0,40,39,144,2593,0.8749999999999999,,0.8717948717948717,0.8958333333333331,0.8912133891213386,0.8125,,0.8717948717948718,0.8535564853556489
pdd_10w,promised_delivery_end_range_date_at_order,50419,Permasteel CA,20867,Permasteel,CA,Fireplaces & Grills,Madelyn Bailey,CA,builds_directs,1392,239,0,0.0,237,189,0.13577586206896552,,,0,0,0.9676724137931022,0.9066091954022989,0,0,50,79,110,1153,,,0.9746835443037976,0.9363636363636364,0.9456066945606694,,,0.8354430379746833,0.8619246861924683
pdd_10w,promised_delivery_end_range_date_at_order,494412,ComfyDown NY 12553,46596,ComfyDown,NY,Soft Home,Supplier Service Desk,NY,builds_directs,2305,238,0,0.0,224,181,0.07852494577006508,,,0,0,0.9826464208242951,0.9370932754880696,0,0,57,69,112,2067,,,1.0,1.0,1.0,,,0.9855072463768115,0.9117647058823526
pdd_10w,promised_delivery_end_range_date_at_order,72184,"Tramontina USA, Inc. TX",3861,"Tramontina USA, Inc.",TX,Kitchen & Small Electrics,Anna Caplen,TX,builds_directs,2286,238,0,0.0,231,192,0.08398950131233596,,,0,0,0.9610673665791777,0.9168853893263342,0,0,46,71,121,2048,,,0.9859154929577465,1.0,0.9915966386554619,,,0.9859154929577465,0.9243697478991592
pdd_10w,promised_delivery_end_range_date_at_order,26886,Vaxcel IL,3303,Vaxcel,IL,Lighting,Kya Mehlman,IL,builds_directs,2716,237,0,0.0,237,172,0.06332842415316642,,,0,0,0.959499263622975,0.9153166421207664,0,0,65,48,124,2479,,,1.0,1.0,1.0,,,0.9166666666666665,0.9282700421940924
pdd_10w,promised_delivery_end_range_date_at_order,32733,TarHong CA 91748,19818,TarHong,CA,Tabletop,Rehaan Sardana,CA,builds_directs,1740,237,0,0.0,230,189,0.10862068965517241,,,0,0,0.5402298850574709,0.8844827586206897,0,0,48,91,98,1503,,,0.09890109890109894,0.14285714285714285,0.12236286919831221,,,0.7582417582417582,0.7552742616033754
pdd_10w,promised_delivery_end_range_date_at_order,21843,"Daniels Bath and Beyond, Inc.",21843,"Daniels Bath and Beyond, Inc.",NY,Soft Home,Supplier Service Desk,NY,builds_directs,2274,234,0,0.0,234,204,0.08970976253298153,,,0,0,0.9951627088830239,0.8469656992084428,0,0,30,43,161,2040,,,1.0,1.0,1.0,,,0.744186046511628,0.717948717948718
pdd_10w,promised_delivery_end_range_date_at_order,336760,Edgemod CA 92374,23758,Edgemod,CA,Upholstery,Paul Powers,CA,builds_directs,2147,234,0,0.0,223,196,0.09129017233348859,,,0,0,0.9618071727992558,0.8858872845831384,0,0,38,31,165,1913,,,0.7096774193548389,0.8606060606060605,0.8333333333333334,,,0.6129032258064516,0.8034188034188039
pdd_10w,promised_delivery_end_range_date_at_order,450941,INNOMARK LIMITED CA 91768,450445,INNOMARK LIMITED,CA,Wayfair,Asia Supplier Service Desk,CA,builds_directs,1902,230,0,0.0,223,178,0.0935856992639327,,,0,0,0.8738170347003161,0.7965299684542584,0,0,52,83,95,1672,,,0.9518072289156624,0.8000000000000002,0.8565217391304352,,,0.7831325301204822,0.7086956521739132
pdd_10w,promised_delivery_end_range_date_at_order,153927,YI LIGHTING CA 91744,95485,YI LIGHTING,CA,Lighting,Cheryl Lin,CA,builds_directs,1459,229,0,0.0,220,180,0.12337217272104181,,,0,0,0.8834818368745714,0.8217957505140505,0,0,49,57,123,1230,,,0.8070175438596492,0.6666666666666664,0.7205240174672484,,,0.7894736842105262,0.6768558951965068
pdd_10w,promised_delivery_end_range_date_at_order,329886,Roma Moulding_WPN GA 30096,232636,Roma Moulding_WPN,"CA,GA",Decor,Kate Poletynski,GA,builds_directs,2187,228,16,0.007315957933241884,202,162,0.07407407407407407,,,0,0,0.4229538180155455,0.5473251028806586,16,0,50,86,76,1959,0.8124999999999999,,0.5581395348837206,0.6184210526315789,0.6140350877192984,0.5625000000000001,,0.6395348837209299,0.6798245614035089
pdd_10w,promised_delivery_end_range_date_at_order,31550,Prestige Pet Products AZ,11326,Prestige Pet Products,AZ,Pet,Alyssa Haniff,AZ,builds_directs,2264,226,0,0.0,226,179,0.07906360424028269,,,0,0,0.9244699646643123,0.8268551236749113,0,0,47,22,157,2038,,,0.909090909090909,0.885350318471337,0.8982300884955752,,,0.7272727272727273,0.7876106194690266
pdd_10w,promised_delivery_end_range_date_at_order,44060,Doug and Cristy Designs LLC,44060,Doug and Cristy Designs LLC,TX,Casegoods,Supplier Service Desk,TX,builds_directs,2024,225,0,0.0,224,188,0.09288537549407115,,,0,0,0.9925889328063251,0.9678853754940717,0,0,37,79,109,1799,,,1.0,1.0,1.0,,,0.9873417721518989,0.9600000000000005
pdd_10w,promised_delivery_end_range_date_at_order,238404,HomArt CA,10505,HomArt,CA,Decor,Waverly Winterer,CA,builds_directs,1911,224,0,0.0,218,185,0.0968079539508111,,,0,0,0.9848246991104139,0.9021454735740464,0,0,39,71,114,1687,,,1.0,1.0,0.9955357142857141,,,0.9436619718309858,0.8883928571428572
pdd_10w,promised_delivery_end_range_date_at_order,28380,Megagoods,28380,Megagoods,CA,Tabletop,Megan Williamson,CA,builds_directs,3107,223,0,0.0,222,204,0.06565819118120374,,,0,0,0.9378822014805278,0.8931445123913734,0,0,19,120,84,2884,,,0.875,0.9166666666666666,0.8923766816143494,,,0.875,0.865470852017937
pdd_10w,promised_delivery_end_range_date_at_order,8643,Oriental Furniture MA 02038 (Franklin),1038,Oriental Furniture,"CA,MA,VA",Casegoods,Megan White,MA,builds_directs,2584,222,11,0.0042569659442724455,205,174,0.0673374613003096,,,0,0,0.9883900928792564,0.9380804953560377,11,0,37,75,99,2362,1.0,,0.9866666666666667,1.0,0.9954954954954953,0.7272727272727272,,0.9599999999999999,0.8693693693693687
pdd_10w,promised_delivery_end_range_date_at_order,44830,Blue Wave Products IL 60510,5404,Blue Wave Products,IL,Recreation,Kiirstin Rautiola,IL,builds_directs,1589,222,0,0.0,221,172,0.10824417872876023,,,0,0,0.8854625550660794,0.8099433606041536,0,0,50,70,102,1367,,,1.0,1.0,1.0,,,0.9285714285714286,0.86036036036036
pdd_10w,promised_delivery_end_range_date_at_order,62941,Meyer CA,722,Meyer,CA,Kitchen & Small Electrics,Anna Caplen,CA,builds_directs,2301,221,0,0.0,202,180,0.07822685788787484,,,0,0,0.7992177314211206,0.8544111255975663,0,0,41,72,108,2080,,,0.7916666666666666,0.8425925925925928,0.8371040723981903,,,0.8749999999999999,0.846153846153846
pdd_10w,promised_delivery_end_range_date_at_order,63341,Indo Count Industries NC 28078(2),17149,Indo Count Industries,NC,Soft Home,Madison Carvalho,NC,builds_directs,2978,220,0,0.0,216,183,0.06145063801208865,,,0,0,0.9701141705842851,0.9163868368032247,0,0,37,95,88,2758,,,1.0,0.9659090909090913,0.981818181818182,,,0.9578947368421052,0.9227272727272725
pdd_10w,promised_delivery_end_range_date_at_order,248969,Cheer Collection NJ,39744,Cheer Collection,NJ,Soft Home,Supplier Service Desk,NJ,builds_directs,2367,219,0,0.0,219,179,0.07562315166877905,,,0,0,0.9953527672158843,0.930291508238276,0,0,40,67,112,2148,,,1.0,1.0,1.0,,,0.880597014925373,0.8584474885844751
pdd_10w,promised_delivery_end_range_date_at_order,494257,"ADVANCED INFO SERVICES, LLC CA 91746",365568,"ADVANCED INFO SERVICES, LLC",CA,Casegoods,Supplier Service Desk,CA,builds_directs,1743,218,0,0.0,211,182,0.10441767068273092,,,0,0,0.8514056224899601,0.8123924268502585,0,0,36,60,122,1525,,,0.7833333333333334,0.7868852459016396,0.7889908256880732,,,0.6999999999999998,0.6880733944954126
pdd_10w,promised_delivery_end_range_date_at_order,233314,Andes Fontana CA 92335,56976,Andes Furniture,CA,Upholstery,Oscar Li,CA,builds_directs,2132,215,0,0.0,158,134,0.06285178236397748,,,0,0,0.9498123827392124,0.8958724202626652,0,0,81,48,86,1917,,,0.7708333333333334,0.9302325581395346,0.8930232558139536,,,0.9166666666666665,0.8930232558139538
pdd_10w,promised_delivery_end_range_date_at_order,23650,Jeffan TN,3026,Jeffan,TN,Casegoods,Megan White,TN,builds_directs,2949,214,0,0.0,213,189,0.06408952187182096,,,0,0,0.9871142760257718,0.9138691081722619,0,0,25,77,112,2735,,,1.0,0.9821428571428571,0.981308411214953,,,0.9350649350649349,0.892523364485981
pdd_10w,promised_delivery_end_range_date_at_order,143006,Trade-Linker NJ,17102,Trade-Linker,NJ,Soft Home,Jaiden Lawlor,NJ,builds_directs,2432,212,0,0.0,212,184,0.0756578947368421,,,0,0,0.9300986842105265,0.8675986842105258,0,0,28,88,96,2220,,,0.9886363636363638,0.9791666666666669,0.9858490566037732,,,0.8863636363636361,0.8726415094339622
pdd_10w,promised_delivery_end_range_date_at_order,123504,"Aurora Trading Group, Inc. NY",72712,"Aurora Trading Group, Inc.",NY,Soft Home,Supplier Service Desk,NY,builds_directs,2185,212,0,0.0,212,165,0.07551487414187644,,,0,0,0.9739130434782602,0.8196796338672765,0,0,47,36,129,1973,,,1.0,1.0,1.0,,,0.8333333333333333,0.8726415094339623
pdd_10w,promised_delivery_end_range_date_at_order,204275,US_HK LOST HORIZON INTERNATIONAL ELECTRONIC COMMERCE LIMITED CA 92337,202994,US_HK LOST HORIZON INTERNATIONAL ELECTRONIC COMMERCE LIMITED,CA,APS,Asia Supplier Service Desk,CA,builds_directs,420,212,0,0.0,211,170,0.40476190476190477,,,0,0,0.9500000000000001,0.9119047619047619,0,0,42,142,28,208,,,0.922535211267605,0.9285714285714284,0.9292452830188679,,,0.9859154929577464,0.9481132075471695
pdd_10w,promised_delivery_end_range_date_at_order,190813,US-CA-5,79916,GRIZZLY INTERNATIONAL TRADING,CA,APS Home Improvement,Aria LI,CA,builds_directs,1262,210,0,0.0,197,172,0.13629160063391443,,,0,0,0.9889064976228207,0.9366085578446902,0,0,38,44,128,1052,,,1.0,1.0,1.0,,,0.8409090909090908,0.895238095238095
pdd_10w,promised_delivery_end_range_date_at_order,136020,Sellbyeway Corp NJ,49581,Sellbyeway Corp,NJ,Decor,Allie Neyman,NJ,builds_directs,3045,209,0,0.0,209,197,0.06469622331691297,,,0,0,0.9110016420361248,0.8801313628899832,0,0,12,82,115,2836,,,1.0,1.0,1.0,,,0.9634146341463417,0.9282296650717706
pdd_10w,promised_delivery_end_range_date_at_order,291097,Atlantic Furniture CA 91706,397,Atlantic Furniture,"CA,FL,MA",Youth Furniture & Decor,Kyle Pascale,CA,builds_directs,1728,209,10,0.005787037037037037,188,155,0.08969907407407407,,,0,0,0.8790509259259263,0.8512731481481465,10,0,44,60,95,1519,1.0,,1.0,1.0,1.0,0.6,,0.9166666666666666,0.8708133971291862
pdd_10w,promised_delivery_end_range_date_at_order,54037,Blackstone Ut 84341B,17885,Blackstone,UT,Fireplaces & Grills,Annie Reed,UT,builds_directs,1303,209,0,0.0,207,164,0.12586339217191098,,,0,0,0.9623944742901007,0.900230237912509,0,0,45,99,65,1094,,,1.0,1.0,1.0,,,0.97979797979798,0.9521531100478472
pdd_10w,promised_delivery_end_range_date_at_order,70741,Westin Outdoor CA,39357,Westin Outdoor,"CA,GA",Outdoor Furniture,Isha Singh,CA,builds_directs,1165,209,8,0.0068669527896995704,172,158,0.1356223175965665,,,0,0,0.6643776824034341,0.7227467811158799,8,0,43,64,94,956,0.625,,0.6250000000000001,0.6914893617021275,0.645933014354067,0.125,,0.7187499999999998,0.5885167464114837
pdd_10w,promised_delivery_end_range_date_at_order,288244,Men Dao Le (Bei Jing) Shang Mao You Xian CA 91761 ,96311,HIGH BEAM SUPPLY (HK) LIMITED,CA,APS,Aria Yao,CA,builds_directs,1707,208,0,0.0,197,171,0.10017574692442882,,,0,0,0.8500292911540709,0.8371411833626252,0,0,37,83,88,1499,,,0.9397590361445781,0.8977272727272725,0.9134615384615384,,,0.8554216867469883,0.817307692307692
pdd_10w,promised_delivery_end_range_date_at_order,248417,Welland Industries LLC CA,18859,Welland Industries LLC,CA,APS Youth,Asia Supplier Service Desk,CA,builds_directs,2059,206,0,0.0,198,182,0.08839242350655659,,,0,0,0.9538610976202041,0.8756677999028648,0,0,24,67,115,1853,,,1.0,0.991304347826087,0.9854368932038836,,,0.9402985074626864,0.9271844660194174
pdd_10w,promised_delivery_end_range_date_at_order,143818,JoJospring CA,25925,JoJospring,CA,Lighting,Cheryl Lin,CA,builds_directs,1614,204,0,0.0,201,163,0.10099132589838909,,,0,0,0.9442379182156139,0.8853779429987614,0,0,41,73,90,1410,,,0.9863013698630138,1.0,0.9852941176470589,,,0.8767123287671231,0.8480392156862745
pdd_10w,promised_delivery_end_range_date_at_order,294846,JoJo Designs FL 33025,2903,JoJo Designs,FL,Youth Furniture & Decor,Kendra Abbott,FL,builds_directs,1515,204,0,0.0,170,139,0.09174917491749175,,,0,0,0.7702970297029698,0.735313531353135,0,0,65,49,90,1311,,,0.816326530612245,0.8555555555555555,0.8088235294117647,,,0.6326530612244896,0.700980392156863
pdd_10w,promised_delivery_end_range_date_at_order,91020,Well Woven PA 18042,12888,Well Woven,PA,Rugs,Alex Resnick,PA,builds_directs,2782,202,0,0.0,199,181,0.06506110711718188,,,0,0,0.8957584471603167,0.8249460819554282,0,0,21,37,144,2580,,,1.0,0.9791666666666665,0.9801980198019802,,,0.9459459459459459,0.9207920792079204
pdd_10w,promised_delivery_end_range_date_at_order,266940,Hong Kong Linsy International Trading Co CA 92376,102598,HONG KONG LINSYHOME INTERNATIONAL TRADING LIMITED,"CA,GA,NJ",APS Bedroom,Wendy Wang,CA,builds_directs,1449,202,11,0.00759144237405107,151,142,0.09799861973775018,,,0,0,0.8819875776397508,0.8467908902691511,11,0,49,49,93,1247,0.8181818181818181,,0.9795918367346937,0.9462365591397848,0.9455445544554456,0.7272727272727272,,0.8979591836734694,0.8267326732673269
pdd_10w,promised_delivery_end_range_date_at_order,296095,MRS AWESOME INC CA 91752,38845,MRS AWESOME INC,CA,Soft Home,Benjamin Hannigan,CA,builds_directs,1050,202,0,0.0,197,150,0.14285714285714285,,,0,0,0.8447619047619047,0.8219047619047612,0,0,52,35,115,848,,,0.7714285714285715,0.7130434782608699,0.7227722772277224,,,0.8571428571428572,0.712871287128713
pdd_10w,promised_delivery_end_range_date_at_order,267401,TEXTILES HUB LLC NJ 08854,266224,TEXTILES HUB LLC,NJ,Decor,Trevor Cody,NJ,builds_directs,1418,201,0,0.0,201,164,0.1156558533145275,,,0,0,0.866008462623414,0.825105782792666,0,0,37,83,81,1217,,,0.9518072289156626,0.9382716049382714,0.9452736318407963,,,0.7831325301204819,0.8159203980099504
pdd_10w,promised_delivery_end_range_date_at_order,227590,Fourth Zodiac Inc NC 27249,227589,Fourth Zodiac Inc,"CA,NC",APS Rugs,Cecilia Jia,NC,builds_directs,3032,196,3,0.0009894459102902375,175,158,0.052110817941952506,,,0,0,0.9910949868073885,0.8819261213720316,3,0,35,67,91,2836,1.0,,0.9701492537313433,0.9780219780219781,0.9744897959183674,0.3333333333333333,,0.8805970149253731,0.836734693877551
pdd_10w,promised_delivery_end_range_date_at_order,448781,One Up Innovations GA 30360,988,One Up Innovations,GA,Upholstery,Kosi Obi,GA,builds_directs,1678,196,0,0.0,196,166,0.09892729439809297,,,0,0,0.786054827175209,0.687127532777116,0,0,30,67,99,1482,,,0.7313432835820897,0.8080808080808077,0.7551020408163264,,,0.6865671641791044,0.6683673469387758
pdd_10w,promised_delivery_end_range_date_at_order,19463,"Conair, Inc AZ 85307",5189,"Conair, Inc","AZ,MD",Kitchen & Small Electrics,Hailey Haas,AZ,builds_directs,1723,195,6,0.003482298316889147,171,137,0.07951247823563552,,,0,0,0.7765525246662806,0.8334300638421362,6,0,52,78,59,1528,0.6666666666666666,,0.7820512820512819,0.7118644067796609,0.7589743589743589,0.5,,0.7435897435897436,0.7333333333333331
pdd_10w,promised_delivery_end_range_date_at_order,149476,Shenzhen Meiyuan Keji Youxiangongsi NJ 08512,147802,Shenzhen Meiyuan Keji Youxiangongsi,"CA,NJ,TX",APS Outdoor,Regan Zou,NJ,builds_directs,2374,194,10,0.004212299915754001,184,139,0.05855096882898062,,,0,0,0.9018534119629324,0.882898062342039,10,0,45,39,100,2180,0.8999999999999999,,0.9487179487179487,0.9699999999999998,0.9484536082474225,0.8,,0.9230769230769231,0.9072164948453607
pdd_10w,promised_delivery_end_range_date_at_order,49191,Ready2HangArt_WPN,49191,Ready2HangArt_WPN,TN,Decor,Kate Poletynski,TN,builds_directs,2135,194,0,0.0,189,161,0.07540983606557378,,,0,0,0.8983606557377056,0.8304449648711937,0,0,33,90,71,1941,,,1.0,0.9718309859154929,0.9845360824742267,,,0.9666666666666667,0.9432989690721647
pdd_10w,promised_delivery_end_range_date_at_order,246565,CENTRADE INC. TX 77099,80197,CENTRADE INC.,"NJ,TX",APS,Jessica Gu,TX,builds_directs,1695,194,11,0.006489675516224189,178,143,0.08436578171091445,,,0,0,0.9079646017699122,0.8749262536873147,11,0,40,50,93,1501,1.0,,1.0,1.0,0.9948453608247418,0.8181818181818182,,0.98,0.9329896907216496
pdd_10w,promised_delivery_end_range_date_at_order,427686,Wireless Cornerstone LLC OK 73013,52947,Wireless Cornerstone LLC,"OK,TX",Decor,Allie Neyman,OK,builds_directs,1275,192,7,0.005490196078431373,181,142,0.11137254901960784,,,0,0,0.970980392156862,0.858823529411764,7,0,43,66,76,1083,0.4285714285714286,,0.9696969696969696,0.9736842105263158,0.9427083333333335,0.4285714285714286,,0.8636363636363635,0.8333333333333329
pdd_10w,promised_delivery_end_range_date_at_order,150459,LNC Home decor CA 91752 (2),28648,LNC Home decor,"CA,GA",APS Home Improvement,Hernando Xia,CA,builds_directs,1789,191,11,0.006148686416992733,157,139,0.07769703745109,,,0,0,0.6411403018446051,0.7462269424259358,11,0,41,29,110,1598,0.6363636363636364,,0.689655172413793,0.7454545454545449,0.7591623036649214,0.5454545454545454,,0.8620689655172414,0.753926701570681
pdd_10w,promised_delivery_end_range_date_at_order,465711,Dream Baby NC 28078 (2),720,Dream Baby,NC,Youth Furniture & Decor,Kathleen Molaskey,NC,builds_directs,841,190,0,0.0,190,171,0.20332936979785968,,,0,0,0.963139120095124,0.8513674197384065,0,0,19,78,93,651,,,0.9743589743589743,0.8817204301075269,0.9263157894736841,,,0.8846153846153846,0.8368421052631579
pdd_10w,promised_delivery_end_range_date_at_order,279546,FAVICLA CORP CA 91762,207670,FAVICLA CORP,CA,Decor,Asia Supplier Service Desk,CA,builds_directs,1015,189,0,0.0,184,152,0.1497536945812808,,,0,0,0.809852216748768,0.7556650246305426,0,0,37,44,108,826,,,0.8863636363636361,0.8518518518518519,0.8412698412698411,,,0.7272727272727272,0.7142857142857143
pdd_10w,promised_delivery_end_range_date_at_order,370575,JIAJING-CA5,251752,LUXHOME (HK) TRADING LIMITED,"CA,GA,NJ",APS Bedroom,Lydia Liu,CA,builds_directs,2116,188,14,0.006616257088846881,116,122,0.057655954631379965,,,0,0,0.9792060491493382,0.849716446124764,14,0,52,17,105,1928,0.857142857142857,,1.0,0.9047619047619047,0.9308510638297871,0.857142857142857,,0.7647058823529411,0.7021276595744679
pdd_10w,promised_delivery_end_range_date_at_order,35555,Whitmor MS,7868,Whitmor,MS,Storage & Org - Frequency,Claire Przybocki,MS,builds_directs,1465,188,0,0.0,184,157,0.10716723549488055,,,0,0,0.9139931740614338,0.8805460750853243,0,0,31,63,94,1277,,,1.0,1.0,0.9946808510638292,,,0.9206349206349206,0.8776595744680852
pdd_10w,promised_delivery_end_range_date_at_order,18021,EsschertDesignUSA,18021,EsschertDesignUSA,MD,Decor,Kadin Nestler,MD,builds_directs,1379,188,0,0.0,188,141,0.10224800580130529,,,0,0,0.7860768672951416,0.8324873096446689,0,0,47,44,97,1191,,,0.4545454545454545,0.2577319587628866,0.3138297872340424,,,0.5,0.47340425531914865
pdd_10w,promised_delivery_end_range_date_at_order,304134,YouCopia Products CA 92316,13674,YouCopia Products,CA,Storage & Org - Frequency,Ayman Siddiqui,CA,builds_directs,1313,187,0,0.0,177,155,0.11805026656511805,,,0,0,0.5795887281035798,0.8789032749428785,0,0,32,47,108,1126,,,0.7446808510638299,0.7314814814814813,0.7379679144385028,,,0.978723404255319,0.88235294117647
pdd_10w,promised_delivery_end_range_date_at_order,293792,Doremo Global Corporation CA 92705 ,211162,Doremo Global Corporation,CA,APS Pet,Asia Supplier Service Desk,CA,builds_directs,1153,185,0,0.0,180,151,0.13096270598438856,,,0,0,0.8863833477883779,0.8222029488291412,0,0,34,52,99,968,,,0.7884615384615381,0.6666666666666665,0.6972972972972976,,,0.769230769230769,0.6216216216216218
pdd_10w,promised_delivery_end_range_date_at_order,214497,SGDL HOLDINGS INC CA 91706,214494,SGDL HOLDINGS INC,CA,Lighting,Supplier Service Desk,CA,builds_directs,694,185,0,0.0,183,162,0.2334293948126801,,,0,0,0.9121037463976944,0.8789625360230553,0,0,23,40,122,509,,,0.9249999999999998,0.8852459016393439,0.9027027027027026,,,0.8499999999999999,0.7891891891891889
pdd_10w,promised_delivery_end_range_date_at_order,465291,Battilo CA 91710,36897,Battilo,CA,APS Soft Home,Jessica Gu,CA,builds_directs,1492,184,0,0.0,175,145,0.09718498659517426,,,0,0,0.8176943699731906,0.7774798927613936,0,0,39,23,122,1308,,,0.9565217391304346,0.9180327868852457,0.9293478260869563,,,0.7391304347826089,0.7880434782608702
pdd_10w,promised_delivery_end_range_date_at_order,25252,EVIDECO,25252,EVIDECO,FL,Storage & Org - Frequency,Bryn Bennett,FL,builds_directs,2020,183,0,0.0,176,148,0.07326732673267326,,,0,0,0.9470297029702957,0.8787128712871278,0,0,35,46,102,1837,,,1.0,0.9901960784313725,0.9945355191256829,,,0.9347826086956522,0.8797814207650275
pdd_10w,promised_delivery_end_range_date_at_order,36535,Simpli Home Ltd. GA 31322,8762,Simpli Home Ltd.,"GA,WA",Casegoods,Jaden Pickett,GA,builds_directs,2112,182,9,0.004261363636363636,171,113,0.05350378787878788,,,0,0,0.8977272727272733,0.8929924242424251,9,0,60,48,65,1930,0.7777777777777778,,0.9374999999999998,0.8923076923076922,0.6978021978021981,0.2222222222222222,,1.0,0.8076923076923076
pdd_10w,promised_delivery_end_range_date_at_order,14805,RK International,14805,RK International,TX,Hardware,Olivia Batt,TX,builds_directs,1637,182,0,0.0,180,150,0.0916310323762981,,,0,0,0.9529627367135007,0.8967623701893714,0,0,32,67,83,1455,,,0.9104477611940295,0.9879518072289158,0.9505494505494506,,,0.8955223880597017,0.8681318681318678
pdd_10w,promised_delivery_end_range_date_at_order,408768,SYMON ECOM BASE INC CA 91768,408460,SYMON ECOM BASE INC,CA,Wayfair,Mariah Mao,CA,builds_directs,1244,181,0,0.0,175,143,0.11495176848874598,,,0,0,0.9549839228295814,0.815916398713825,0,0,38,40,103,1063,,,0.9749999999999999,0.9611650485436894,0.966850828729282,,,0.95,0.9005524861878448
pdd_10w,promised_delivery_end_range_date_at_order,479489,Vornado GA 31302,19852,Vornado,"GA,KS",Appliances,Julia Wunderlin,GA,builds_directs,1467,180,4,0.0027266530334014998,175,138,0.09406952965235174,,,0,0,0.4894342194955689,0.8786639400136339,4,0,38,57,81,1287,0.25,,0.5438596491228069,0.5555555555555558,0.5333333333333334,1.0,,0.8070175438596492,0.8388888888888885
pdd_10w,promised_delivery_end_range_date_at_order,405049,Atlantic Furniture FL 32218,397,Atlantic Furniture,"CA,FL,MA",Youth Furniture & Decor,Kyle Pascale,FL,builds_directs,1520,179,7,0.004605263157894736,167,136,0.08947368421052632,,,0,0,0.9842105263157894,0.9138157894736844,7,0,36,49,87,1341,1.0,,1.0,1.0,0.9944134078212289,0.5714285714285714,,0.9591836734693878,0.9162011173184359
pdd_10w,promised_delivery_end_range_date_at_order,268306,XH WP_LSJ11 CA 92410,66040,Shenzhen XinheTrade Limited Company,"CA,GA,NJ,PA,TX",APS,Stella Yin,CA,builds_directs,2254,177,18,0.007985803016858917,102,113,0.05013309671694765,,,0,0,0.9631765749778164,0.8021295474711624,18,0,46,40,73,2077,1.0,,0.9249999999999998,0.9726027397260274,0.8983050847457628,0.611111111111111,,0.7749999999999999,0.6949152542372878
pdd_10w,promised_delivery_end_range_date_at_order,42552,Cortesi Home IL 60018,14917,Cortesi Home,IL,Upholstery,Kate Poletynski,IL,builds_directs,1817,177,0,0.0,177,152,0.08365437534397359,,,0,0,0.970831040176114,0.9080902586681329,0,0,25,81,71,1640,,,1.0,1.0,1.0,,,1.0,0.9435028248587571
pdd_10w,promised_delivery_end_range_date_at_order,203778,"Shanghai Daiyue Arts & Crafts Co., Ltd. NJ 08060",203264,"Shanghai Daiyue Arts & Crafts Co., Ltd.","CA,NJ",APS Youth,Asia Supplier Service Desk,NJ,builds_directs,1213,177,3,0.00247320692497939,174,108,0.08903544929925804,,,0,0,0.7732893652102227,0.8227535037098095,3,0,66,54,54,1036,1.0,,0.29629629629629634,0.9444444444444444,0.5536723163841805,1.0,,0.7777777777777776,0.7966101694915256
pdd_10w,promised_delivery_end_range_date_at_order,333015,JumpOrange CA 91730,13472,JumpOrange,CA,Recreation,XiLin Choi,CA,builds_directs,828,176,0,0.0,176,152,0.18357487922705315,,,0,0,0.9927536231884055,0.9589371980676331,0,0,24,27,125,652,,,1.0,1.0,1.0,,,1.0,0.988636363636364
pdd_10w,promised_delivery_end_range_date_at_order,462553,Zhejiangweinuokejiyouxiangongsi NJ 08817,60691,Zhejiangweinuokejiyouxiangongsi,"CA,GA,NJ",APS K&D,Hannah Guan,NJ,builds_directs,2608,175,7,0.0026840490797546013,121,134,0.05138036809815951,,,0,0,0.8773006134969331,0.914877300613496,7,0,34,61,73,2433,0.8571428571428572,,0.9344262295081965,0.8356164383561647,0.8742857142857141,0.7142857142857143,,0.9508196721311474,0.8571428571428567
pdd_10w,promised_delivery_end_range_date_at_order,403497,"Anji Chelin Furniture Company.,Ltd CA 92324",60691,Zhejiangweinuokejiyouxiangongsi,"CA,GA,NJ",APS K&D,Hannah Guan,CA,builds_directs,1916,175,13,0.006784968684759917,127,117,0.061064718162839246,,,0,0,0.9916492693110652,0.8789144050104383,13,0,45,47,70,1741,1.0,,1.0,1.0,1.0,0.923076923076923,,0.978723404255319,0.8685714285714285
pdd_10w,promised_delivery_end_range_date_at_order,328189,Spectrum Brands CA 92374,21286,Spectrum Brands,CA,Kitchen & Small Electrics,Marina Callahan,CA,builds_directs,982,175,0,0.0,173,141,0.14358452138492872,,,0,0,0.9653767820773937,0.9389002036659879,0,0,34,23,118,807,,,1.0,1.0,1.0,,,1.0,0.8971428571428575
pdd_10w,promised_delivery_end_range_date_at_order,96032,Leick Furniture SC 29483,2535,Leick Furniture,SC,Cabinetry,Haleigh Prindle,SC,builds_directs,1997,174,0,0.0,170,155,0.07761642463695544,,,0,0,0.9934902353530286,0.9083625438157227,0,0,19,67,88,1823,,,1.0,0.9886363636363639,0.9942528735632181,,,0.8507462686567165,0.8505747126436781
pdd_10w,promised_delivery_end_range_date_at_order,34957,Zinus Inc. SC29483,14373,Zinus Inc.,"CA,SC",Mattress,Deep Singh,SC,builds_directs,1823,174,10,0.005485463521667581,149,140,0.07679648930334614,,,0,0,0.5145364783324187,0.712013165112452,10,0,24,73,67,1649,1.0,,0.9315068493150686,1.0,0.9425287356321838,0.8,,0.8356164383561643,0.827586206896552
pdd_10w,promised_delivery_end_range_date_at_order,39257,IICART INC.,39257,IICART INC.,CA,APS Decor,Mariah Mao,CA,builds_directs,1617,174,0,0.0,169,142,0.0878169449598021,,,0,0,0.9876314162028441,0.8750773036487319,0,0,32,78,64,1443,,,0.9871794871794873,1.0,0.9885057471264368,,,0.8974358974358972,0.8793103448275862
pdd_10w,promised_delivery_end_range_date_at_order,313006,"Hangzhou Skytech Outdoor Co., LTD CA 92880",238144,"Hangzhou Skytech Outdoor Co., LTD","CA,GA,IL,NJ",APS,Danica Guo,CA,builds_directs,1916,173,9,0.004697286012526096,100,114,0.059498956158663886,,,0,0,0.9264091858037575,0.9498956158663879,9,0,50,69,45,1743,0.8888888888888888,,1.0,1.0,0.9826589595375719,1.0,,1.0,0.9653179190751449
pdd_10w,promised_delivery_end_range_date_at_order,239161,EMG GA 31407,806,EMG,"CA,GA,WI",Kitchen & Small Electrics,Marina Callahan,GA,builds_directs,1684,172,12,0.007125890736342043,150,134,0.07957244655581948,,,0,0,0.8681710213776727,0.8800475059382423,12,0,26,39,95,1512,0.49999999999999994,,0.35897435897435903,0.44210526315789467,0.43023255813953476,0.6666666666666666,,0.6410256410256409,0.6802325581395348
pdd_10w,promised_delivery_end_range_date_at_order,494224,JB SOUTHERN CONTRACTORS LLC CA 91746,360636,JB SOUTHERN CONTRACTORS LLC,CA,Decor,Supplier Service Desk,CA,builds_directs,1370,172,0,0.0,164,142,0.10364963503649635,,,0,0,0.8335766423357653,0.8197080291970797,0,0,30,47,95,1198,,,0.7659574468085106,0.6736842105263158,0.6860465116279069,,,0.723404255319149,0.6511627906976744
pdd_10w,promised_delivery_end_range_date_at_order,288324,WIN STELLAR LIMITED CA 91761,207892,WIN STELLAR LIMITED,CA,APS,Aria Yao,CA,builds_directs,1620,171,0,0.0,163,150,0.09259259259259259,,,0,0,0.8888888888888882,0.833333333333333,0,0,21,55,95,1449,,,1.0,1.0,0.9941520467836255,,,0.9090909090909088,0.8654970760233914
pdd_10w,promised_delivery_end_range_date_at_order,49765,Certified International CA,3012,Certified International,CA,Tabletop,Araj Shaikh,CA,builds_directs,2691,170,0,0.0,166,161,0.05982905982905983,,,0,0,0.9594946116685239,0.9182460052025269,0,0,9,70,91,2521,,,0.7857142857142857,0.8791208791208793,0.8470588235294121,,,0.742857142857143,0.7823529411764705
pdd_10w,promised_delivery_end_range_date_at_order,321659,Gustave Inc CA 91706,88434,Gustave Inc,CA,Decor,Trevor Cody,CA,builds_directs,1500,170,0,0.0,165,134,0.08933333333333333,,,0,0,0.9653333333333336,0.8986666666666656,0,0,36,36,98,1330,,,0.9166666666666664,0.9489795918367344,0.9529411764705881,,,0.9166666666666664,0.8647058823529409
pdd_10w,promised_delivery_end_range_date_at_order,21351,Dicksons Inc,21351,Dicksons Inc,IN,Decor,Carly Baker,IN,builds_directs,1416,170,0,0.0,169,148,0.10451977401129943,,,0,0,0.951271186440677,0.9187853107344631,0,0,22,92,56,1246,,,0.8804347826086955,0.9107142857142858,0.9058823529411766,,,0.9239130434782608,0.8705882352941173
pdd_10w,promised_delivery_end_range_date_at_order,117278,Torchstar Corp. CA 91752,41146,LED Light Depot,CA,Lighting,Cheryl Lin,CA,builds_directs,1278,169,0,0.0,157,129,0.10093896713615023,,,0,0,0.9115805946791866,0.8497652582159619,0,0,40,23,106,1109,,,0.9130434782608696,1.0,0.9822485207100593,,,0.9130434782608694,0.8520710059171593
pdd_10w,promised_delivery_end_range_date_at_order,2244,International Caravan,2244,International Caravan,TX,Outdoor Furniture,Isha Singh,TX,builds_directs,1850,168,0,0.0,163,132,0.07135135135135136,,,0,0,0.901081081081081,0.8286486486486487,0,0,36,57,75,1682,,,0.9298245614035088,0.9066666666666667,0.9107142857142859,,,0.8947368421052632,0.8511904761904759
pdd_10w,promised_delivery_end_range_date_at_order,10839,Ben Kaufman Sales Co,10839,Ben Kaufman Sales Co,FL,Soft Home,Supplier Service Desk,FL,builds_directs,1274,168,0,0.0,160,138,0.10832025117739404,,,0,0,0.8163265306122431,0.773155416012559,0,0,30,34,104,1106,,,0.7941176470588237,0.846153846153846,0.8333333333333333,,,0.8823529411764706,0.7678571428571428
pdd_10w,promised_delivery_end_range_date_at_order,100752,Jofran SC 29483,1837,Jofran,"MA,SC",Casegoods,Karolina Coulter,SC,builds_directs,1679,166,0,0.0,155,144,0.08576533650982728,,,0,0,0.8385944014294225,0.8010720667063731,0,0,22,90,54,1513,,,0.6777777777777777,0.8148148148148148,0.7409638554216866,,,0.7333333333333338,0.7710843373493974
pdd_10w,promised_delivery_end_range_date_at_order,477297,purhome inc NJ 07503,41342,purhome inc,NJ,Rugs,Supplier Service Desk,NJ,builds_directs,1640,166,0,0.0,166,117,0.07134146341463414,,,0,0,0.9865853658536597,0.8792682926829265,0,0,49,36,81,1474,,,1.0,1.0,0.987951807228916,,,0.8055555555555556,0.807228915662651
pdd_10w,promised_delivery_end_range_date_at_order,460617,FUJIAN VIITION INTERNET DEVELOPMENT CO LTD CA 92571,100332,FUJIAN VIITION INTERNET DEVELOPMENT CO LTD,"CA,NJ,RI",APS Decor,Mariah Mao,CA,builds_directs,989,166,5,0.005055611729019211,156,126,0.12740141557128412,,,0,0,0.6410515672396357,0.8725985844287163,5,0,35,17,109,823,1.0,,0.6470588235294118,0.6055045871559632,0.6084337349397586,1.0,,0.7647058823529411,0.7349397590361442
pdd_10w,promised_delivery_end_range_date_at_order,110561,HEPPER MAYEWSKI LLC CA 91748,109120,HEPPER MAYEWSKI LLC,CA,APS Mattresses,Yvonne Yin,CA,builds_directs,1349,165,0,0.0,162,135,0.10007412898443291,,,0,0,0.596738324684951,0.8250555967383244,0,0,30,31,104,1184,,,0.6129032258064515,0.6634615384615387,0.6606060606060609,,,0.7741935483870968,0.812121212121212
pdd_10w,promised_delivery_end_range_date_at_order,12729,Garland Sales Inc,12729,Garland Sales Inc,GA,Soft Home,Jaiden Lawlor,GA,builds_directs,2330,164,0,0.0,164,131,0.056223175965665236,,,0,0,0.9652360515021464,0.9081545064377688,0,0,33,36,95,2166,,,1.0,0.9894736842105265,0.9756097560975608,,,0.9722222222222221,0.9085365853658537
pdd_10w,promised_delivery_end_range_date_at_order,38373,Monarch International Inc,38373,Monarch International Inc,CA,Decor,Supplier Service Desk,CA,builds_directs,1214,163,0,0.0,157,122,0.10049423393739704,,,0,0,0.9958813838550253,0.8360790774299839,0,0,41,31,91,1051,,,1.0,0.9890109890109892,0.9938650306748464,,,0.7419354838709676,0.8282208588957051
pdd_10w,promised_delivery_end_range_date_at_order,231630,RC eCommerce LLC TX 75074,231629,RC eCommerce LLC,TX,Wayfair,Alex Sarkisian,TX,builds_directs,1586,162,0,0.0,156,127,0.08007566204287515,,,0,0,0.548549810844893,0.7559899117276155,0,0,35,31,96,1424,,,0.7741935483870968,0.7708333333333333,0.7160493827160493,,,0.8709677419354837,0.7530864197530869
pdd_10w,promised_delivery_end_range_date_at_order,269079,"Shenzhen Chunxin E-Commerce Co., Ltd. TX 77429",267074,HOME HARMONY HK LIMITED,"CA,GA,NJ,TX",Wayfair,Hannah Guan,TX,builds_directs,1368,162,11,0.00804093567251462,101,91,0.06652046783625731,,,0,0,0.8793859649122813,0.8801169590643274,11,0,60,42,49,1206,1.0,,0.33333333333333337,0.9387755102040816,0.6913580246913581,1.0,,0.8809523809523808,0.8456790123456793
pdd_10w,promised_delivery_end_range_date_at_order,352873,"Foshan Youfanka Furniture Co., Ltd. CA 91761",322783,"Foshan Youfanka Furniture Co., Ltd.","CA,PA",Upholstery,Demi Wang,CA,builds_directs,1284,162,3,0.002336448598130841,147,131,0.10202492211838006,,,0,0,0.9571651090342682,0.8808411214953257,3,0,28,25,106,1122,1.0,,1.0,0.9905660377358491,0.993827160493827,0.6666666666666666,,1.0,0.9074074074074072
pdd_10w,promised_delivery_end_range_date_at_order,25306,International Home Miami FL,1754,International Home Miami,FL,Outdoor Furniture,Kathleen Kerrins,FL,builds_directs,1057,162,0,0.0,145,121,0.11447492904446546,,,0,0,0.9943235572374637,0.8410596026490074,0,0,41,18,103,895,,,1.0,1.0,0.993827160493827,,,0.7777777777777777,0.8580246913580245
pdd_10w,promised_delivery_end_range_date_at_order,325553,Zhongshan Henglan Bolang Lighting Factory CA 92337,274734,Zhongshan Henglan Bolang Lighting Factory,"CA,MD,NJ",APS Home Improvement,Cheryl Zhang,CA,builds_directs,1677,161,16,0.009540846750149075,136,112,0.06678592725104353,,,0,0,0.9546809779367916,0.8491353607632689,16,0,33,0,112,1516,1.0,,,0.9821428571428572,0.9689440993788823,0.8124999999999999,,,0.7950310559006212
pdd_10w,promised_delivery_end_range_date_at_order,319525,Obeetee Inc GA 30701,3694,Obeetee Inc,GA,Rugs,Alex Melius,GA,builds_directs,1878,160,0,0.0,159,130,0.06922257720979766,,,0,0,0.7103301384451529,0.7912673056443027,0,0,30,72,58,1718,,,0.8333333333333334,0.810344827586207,0.7999999999999999,,,0.8194444444444444,0.7937499999999998
pdd_10w,promised_delivery_end_range_date_at_order,347235,DC Big Shop CA 91761(2),46811,DC Big Shop,CA,Upholstery,Kosi Obi,CA,builds_directs,1208,159,0,0.0,154,131,0.10844370860927152,,,0,0,0.9735099337748345,0.9130794701986755,0,0,28,44,87,1049,,,1.0,0.988505747126437,0.9874213836477985,,,0.9545454545454546,0.8867924528301887
pdd_10w,promised_delivery_end_range_date_at_order,172122,Artifacts Trading Company TX 77043,25697,Artifacts Trading Company,TX,Storage & Org - Frequency,Claire Przybocki,TX,builds_directs,1602,158,0,0.0,156,129,0.08052434456928839,,,0,0,0.9563046192259678,0.9026217228464418,0,0,29,47,82,1444,,,0.978723404255319,0.853658536585366,0.9113924050632908,,,1.0,0.9177215189873418
pdd_10w,promised_delivery_end_range_date_at_order,32040,Progress GA30549,3066,"Progress Lighting, LLC","GA,NV",Lighting,Cheryl Lin,GA,builds_directs,1838,157,0,0.0,155,131,0.07127312295973885,,,0,0,0.6904243743199122,0.809031556039173,0,0,26,39,92,1681,,,0.7692307692307692,0.6739130434782608,0.7006369426751594,,,0.7948717948717948,0.764331210191083
pdd_10w,promised_delivery_end_range_date_at_order,217775,SwissMadison® GA 31419,32766,SwissMadison®,"CA,GA",Plumbing,Kaitlyn Gully,GA,builds_directs,1808,157,10,0.0055309734513274336,138,117,0.06471238938053098,,,0,0,0.7450221238938042,0.8169247787610608,10,0,30,58,59,1651,0.7999999999999999,,0.6896551724137929,0.7288135593220341,0.7070063694267517,0.5,,0.793103448275862,0.7388535031847133
pdd_10w,promised_delivery_end_range_date_at_order,454913,Bes Home Corp. NJ 07407,119490,Bes Home Corp.,"MA,NJ",WGS-Turkey,Benjamin Hannigan,NJ,builds_directs,1380,156,0,0.0,155,128,0.0927536231884058,,,0,0,0.9804347826086948,0.9420289855072466,0,0,28,39,89,1224,,,1.0,0.9887640449438204,0.9935897435897435,,,1.0,0.9807692307692303
pdd_10w,promised_delivery_end_range_date_at_order,299522,LGUSW01,57016,ROOJER LIMITED,"CA,GA,IL,NJ,TX",APS,Frank Huang,CA,builds_directs,752,153,7,0.009308510638297872,110,85,0.11303191489361702,,,0,0,0.9162234042553197,0.888297872340425,7,0,61,55,30,599,1.0,,0.6545454545454549,0.9666666666666666,0.7581699346405226,0.8571428571428572,,0.9272727272727268,0.9215686274509808
pdd_10w,promised_delivery_end_range_date_at_order,42853,HKC-US MS,13384,HKC-US,MS,Lighting,Cheryl Lin,MS,builds_directs,1672,151,0,0.0,150,125,0.07476076555023924,,,0,0,0.9766746411483256,0.9342105263157892,0,0,26,10,115,1521,,,1.0,0.9913043478260869,0.9933774834437085,,,0.8999999999999999,0.947019867549669
pdd_10w,promised_delivery_end_range_date_at_order,102526,Lite Source CA 91762,265,Lite Source,CA,Lighting,Cheryl Lin,CA,builds_directs,1297,151,0,0.0,148,125,0.09637625289128758,,,0,0,0.9953739398612189,0.9599074787972245,0,0,26,38,87,1146,,,1.0,0.9770114942528734,0.9867549668874174,,,0.9473684210526314,0.9271523178807944
pdd_10w,promised_delivery_end_range_date_at_order,118070,Woow Depot Inc. CA 91761,80763,Woow Depot Inc.,"CA,GA,NJ",APS K&D,Hannah Guan,CA,builds_directs,1202,150,12,0.009983361064891847,126,100,0.08319467554076539,,,0,0,0.9725457570715477,0.8535773710482532,12,0,38,13,87,1052,1.0,,1.0,1.0,0.9933333333333333,0.9166666666666666,,1.0,0.8266666666666664
pdd_10w,promised_delivery_end_range_date_at_order,235180,"Shenzhen OceanPower Technology Co., LTD CA 91710",235179,"Shenzhen OceanPower Technology Co., LTD",CA,Wayfair,Asia Supplier Service Desk,CA,builds_directs,720,150,0,0.0,143,114,0.15833333333333333,,,0,0,0.9263888888888885,0.8375000000000002,0,0,36,11,103,570,,,1.0,0.9611650485436892,0.9599999999999999,,,0.7272727272727272,0.8066666666666666
pdd_10w,promised_delivery_end_range_date_at_order,58713,Tabletops Unlimited Inc CA,17573,Tabletops Unlimited Inc,CA,Tabletop,Araj Shaikh,CA,builds_directs,1704,148,0,0.0,144,129,0.07570422535211267,,,0,0,0.6396713615023476,0.8004694835680747,0,0,19,36,93,1556,,,1.0,1.0,0.9932432432432431,,,0.9166666666666664,0.9391891891891891
pdd_10w,promised_delivery_end_range_date_at_order,108097,Haute Decor TX 75013,39198,Haute Decor,TX,Decor,Trevor Cody,TX,builds_directs,1124,148,0,0.0,146,123,0.1094306049822064,,,0,0,0.9875444839857653,0.8692170818505331,0,0,25,25,98,976,,,1.0,0.989795918367347,0.9932432432432431,,,1.0,0.8918918918918918
pdd_10w,promised_delivery_end_range_date_at_order,37839,Kendrick Home,37839,Kendrick Home,IA,Decor,Alex Sarkisian,IA,builds_directs,1959,147,0,0.0,147,115,0.058703420112302195,,,0,0,0.9617151607963244,0.9790709545686587,0,0,32,19,96,1812,,,0.9473684210526315,0.8854166666666667,0.9047619047619048,,,1.0,0.9387755102040816
pdd_10w,promised_delivery_end_range_date_at_order,17068,LifestyleGroupDistribution NY 12919,12608,Lifestyle,NY,Rugs,Paige Beattie,NY,builds_directs,1639,147,0,0.0,141,132,0.08053691275167785,,,0,0,0.9621720561317875,0.931055521659549,0,0,15,35,97,1492,,,1.0,0.9896907216494847,0.9931972789115646,,,1.0,0.9659863945578236
pdd_10w,promised_delivery_end_range_date_at_order,495768,Petra Industries OK 73013,53,Petra Industries,OK,Appliances,Adam Quarterman,OK,builds_directs,1315,147,0,0.0,147,118,0.08973384030418251,,,0,0,0.6836501901140692,0.7460076045627381,0,0,29,13,105,1168,,,0.6923076923076922,0.6476190476190479,0.687074829931973,,,0.8461538461538461,0.7142857142857142
pdd_10w,promised_delivery_end_range_date_at_order,435378,LA Linen CA 90021,24105,LA Tech Décor Inc.,CA,Tabletop,Isabella Keel,CA,builds_directs,1120,147,0,0.0,145,113,0.10089285714285715,,,0,0,0.9723214285714286,0.8401785714285717,0,0,34,21,92,973,,,1.0,0.9347826086956521,0.9523809523809527,,,1.0,0.7959183673469385
pdd_10w,promised_delivery_end_range_date_at_order,24504,Elements International TX,5330,Elements International,TX,Casegoods,Ryan Black,TX,builds_directs,1016,147,0,0.0,133,117,0.11515748031496063,,,0,0,0.7696850393700779,0.7598425196850401,0,0,30,27,90,869,,,0.7407407407407408,0.4777777777777779,0.5578231292517006,,,0.7037037037037038,0.6258503401360546
pdd_10w,promised_delivery_end_range_date_at_order,83596,"SLNY Home INC, DBA Spirit Linen NJ 08816",20128,"SLNY Home INC, DBA Spirit Linen",NJ,Soft Home,Supplier Service Desk,NJ,builds_directs,1296,145,0,0.0,143,100,0.07716049382716049,,,0,0,0.3040123456790122,0.590277777777777,0,0,45,25,75,1151,,,0.8,0.44000000000000017,0.5379310344827589,,,1.0,0.8551724137931033
pdd_10w,promised_delivery_end_range_date_at_order,267263,Unilight Industrial Inc TX 77041,26213,Unilight Industrial Inc,TX,Decor,Alex Sarkisian,TX,builds_directs,902,145,0,0.0,144,107,0.11862527716186252,,,0,0,0.9900221729490017,0.9013303769401332,0,0,38,23,84,757,,,1.0,1.0,1.0,,,0.7391304347826089,0.8965517241379308
pdd_10w,promised_delivery_end_range_date_at_order,12688,Payless Decor LLC DBA Top Blinds,12688,Payless Decor LLC DBA Top Blinds,GA,Soft Home,Benjamin Hannigan,GA,builds_directs,1889,144,0,0.0,142,116,0.0614081524616199,,,0,0,0.9931180518793019,0.904182106934887,0,0,28,10,106,1745,,,1.0,0.9905660377358491,0.9930555555555555,,,0.8,0.9236111111111105
pdd_10w,promised_delivery_end_range_date_at_order,114707,ocean home fashion inc CA 90601,43431,ocean home fashion inc,CA,APS,Asia Supplier Service Desk,CA,builds_directs,1111,144,0,0.0,142,118,0.10621062106210621,,,0,0,0.9891989198919898,0.9126912691269119,0,0,26,34,84,967,,,1.0,1.0,1.0,,,1.0,0.9305555555555556
pdd_10w,promised_delivery_end_range_date_at_order,307549,HiEnd Accents TX 75038,8883,HiEnd Accents,TX,Soft Home,Benjamin Hannigan,TX,builds_directs,2291,143,0,0.0,143,127,0.05543430816237451,,,0,0,0.8568310781318212,0.8507202095154953,0,0,16,49,78,2148,,,1.0,1.0,1.0,,,1.0,0.9370629370629368
pdd_10w,promised_delivery_end_range_date_at_order,116938,Fixture Displays LLC IL 60515,73336,Fixture Displays LLC,IL,Wayfair Professional,Supplier Service Desk,IL,builds_directs,1385,143,0,0.0,143,116,0.08375451263537906,,,0,0,0.9126353790613702,0.8649819494584841,0,0,27,10,106,1242,,,1.0,0.9528301886792451,0.965034965034965,,,0.8999999999999999,0.8671328671328669
pdd_10w,promised_delivery_end_range_date_at_order,46324,C&T International NJ 07647,578,C&T International,NJ,Youth Furniture & Decor,Kathleen Molaskey,NJ,builds_directs,1389,142,0,0.0,142,113,0.08135349172066235,,,0,0,0.8912886969042474,0.8624910007199416,0,0,29,7,106,1247,,,0.8571428571428572,0.8018867924528305,0.8028169014084507,,,0.7142857142857143,0.7394366197183095
pdd_10w,promised_delivery_end_range_date_at_order,61753,"Nanshing America, Inc. CA 90040",24282,"Nanshing America, Inc.",CA,Soft Home,Jaiden Lawlor,CA,builds_directs,1273,142,0,0.0,141,102,0.08012568735271014,,,0,0,0.9858601728201104,0.8931657501963864,0,0,40,23,79,1131,,,1.0,1.0,0.9647887323943665,,,0.8695652173913042,0.9014084507042256
pdd_10w,promised_delivery_end_range_date_at_order,41827,Infinity Instruments WI,519,Infinity Instruments,WI,Decor,Supplier Service Desk,WI,builds_directs,1226,142,0,0.0,142,111,0.09053833605220228,,,0,0,0.9967373572593804,0.9314845024469826,0,0,31,21,90,1084,,,1.0,1.0,1.0,,,1.0,0.9295774647887322
pdd_10w,promised_delivery_end_range_date_at_order,316503,G.A. Gertmenian & Sons CA,6075,G.A. Gertmenian & Sons,CA,Rugs,Supplier Service Desk,CA,builds_directs,2021,141,0,0.0,136,118,0.05838693715982187,,,0,0,0.9534883720930247,0.8965858485898063,0,0,23,28,90,1880,,,0.8571428571428571,0.8999999999999999,0.9078014184397161,,,0.9285714285714284,0.8865248226950353
pdd_10w,promised_delivery_end_range_date_at_order,345898,"Pujiang Yanshouyi Home Furnishings Co., TX 75001",330707,"Pujiang Yanshouyi Home Furnishings Co., Ltd",TX,APS Upholstery,Asia Supplier Service Desk,TX,builds_directs,1848,141,0,0.0,113,106,0.05735930735930736,,,0,0,0.950757575757576,0.8901515151515156,0,0,35,47,59,1707,,,1.0,1.0,0.9929078014184396,,,0.978723404255319,0.8510638297872339
pdd_10w,promised_delivery_end_range_date_at_order,30678,DorelHomeFurnishings GA31308,118,"Dorel Juvenile Group, Inc.","CA,GA,MI",Upholstery,Elizabeth McCarthy,GA,builds_directs,1166,141,11,0.009433962264150943,122,101,0.08662092624356775,,,0,0,0.6672384219554032,0.8018867924528297,11,0,29,25,76,1025,0.5454545454545454,,0.6799999999999999,0.736842105263158,0.7092198581560286,0.9090909090909091,,0.9199999999999998,0.8439716312056739
pdd_10w,promised_delivery_end_range_date_at_order,72893,American Soft Linen LLC CT,60131,American Soft Linen LLC,CT,Soft Home,Jaiden Lawlor,CT,builds_directs,1975,140,0,0.0,132,117,0.05924050632911392,,,0,0,0.995949367088607,0.7989873417721509,0,0,23,32,85,1835,,,1.0,1.0,1.0,,,0.6875000000000001,0.6499999999999999
pdd_10w,promised_delivery_end_range_date_at_order,494150,Global Girls LLC CA 91746,243683,Global Girls LLC,CA,Decor,Phoebe Leonard,CA,builds_directs,1087,140,0,0.0,136,118,0.10855565777368906,,,0,0,0.8362465501379934,0.7709291628334868,0,0,22,40,78,947,,,0.9500000000000001,0.8076923076923078,0.8357142857142854,,,0.875,0.742857142857143
pdd_10w,promised_delivery_end_range_date_at_order,326846,Jiande Yimei Import and Export Trading CA 91752,287166,"Jiande Yimei Import and Export Trading Co., Ltd.",CA,APS,lance Zhou,CA,builds_directs,1043,140,0,0.0,132,97,0.09300095877277086,,,0,0,0.9798657718120807,0.901246404602109,0,0,43,0,97,903,,,,0.9690721649484536,0.9785714285714283,,,,0.8571428571428569
pdd_10w,promised_delivery_end_range_date_at_order,245534,Edrosie Inc CA 92374,216565,Edrosie Inc,"CA,GA,NJ,WA",Outdoor Furniture,Danica Guo,CA,builds_directs,1601,139,15,0.009369144284821987,105,99,0.06183635227982511,,,0,0,0.9356652092442221,0.855715178013741,15,0,25,10,89,1462,1.0,,1.0,0.9887640449438204,0.9928057553956835,0.8,,1.0,0.8057553956834527
pdd_10w,promised_delivery_end_range_date_at_order,121433,ShenZhen BeiMei GaoDuan GuoJi ShangWuZi CA 92571 ,105234,ShenZhen BeiMei GaoDuan GuoJi ShangWuZiXun You Xian Gong Si,"CA,GA",APS,Asia Supplier Service Desk,CA,builds_directs,1153,139,8,0.006938421509106678,125,105,0.09106678230702515,,,0,0,0.9921942758022544,0.9193408499566348,8,0,26,23,82,1014,1.0,,1.0,1.0,1.0,1.0,,1.0,0.9064748201438848
pdd_10w,promised_delivery_end_range_date_at_order,56086,Sunset Vista Designs Co. CA 91739,28530,Sunset Vista Designs Co.,CA,Decor,Supplier Service Desk,CA,builds_directs,719,139,0,0.0,126,106,0.1474269819193324,,,0,0,0.9221140472879001,0.855354659248956,0,0,33,15,91,580,,,1.0,0.9890109890109889,0.9928057553956835,,,0.9333333333333332,0.9208633093525177
pdd_10w,promised_delivery_end_range_date_at_order,71550,Serene Spaces Living NJ,25626,Serene Spaces Living,NJ,Decor,Trevor Cody,NJ,builds_directs,1855,138,0,0.0,136,132,0.07115902964959568,,,0,0,0.9951482479784352,0.933692722371968,0,0,6,56,76,1717,,,1.0,1.0,1.0,,,0.982142857142857,0.9565217391304349
pdd_10w,promised_delivery_end_range_date_at_order,80276,Mezlex Corp NY,60607,Mezlex Corp,NY,Tabletop,Araj Shaikh,NY,builds_directs,1292,138,0,0.0,135,108,0.08359133126934984,,,0,0,0.9837461300309587,0.9318885448916414,0,0,30,0,108,1154,,,,1.0,1.0,,,,0.9347826086956521
pdd_10w,promised_delivery_end_range_date_at_order,112453,terby inc CA 91708,111941,terby inc,CA,Lighting,Supplier Service Desk,CA,builds_directs,1140,137,0,0.0,134,110,0.09649122807017543,,,0,0,0.8649122807017545,0.9307017543859647,0,0,27,15,95,1003,,,0.5333333333333333,0.7052631578947367,0.6934306569343068,,,0.9333333333333332,0.8978102189781023
pdd_10w,promised_delivery_end_range_date_at_order,121881,Oveesha L.L.C. CA 92127,120032,Oveesha L.L.C.,CA,Soft Home,Supplier Service Desk,CA,builds_directs,959,137,0,0.0,131,119,0.12408759124087591,,,0,0,0.9645464025026071,0.8143899895724712,0,0,18,39,80,822,,,0.9230769230769231,0.9500000000000001,0.9489051094890513,,,0.6666666666666666,0.759124087591241
pdd_10w,promised_delivery_end_range_date_at_order,151179,The Luxtrada Company CA 91706,150723,The Luxtrada Company,CA,Plumbing,Trevor Cody,CA,builds_directs,953,137,0,0.0,135,104,0.10912906610703044,,,0,0,0.9370409233997896,0.8635886673662125,0,0,33,7,97,816,,,1.0,0.8556701030927835,0.8613138686131381,,,0.8571428571428572,0.7372262773722629
pdd_10w,promised_delivery_end_range_date_at_order,70439,Home Mart Goods CA,28485,Home Mart Goods,CA,Rugs,Brianna Barrett,CA,builds_directs,1122,136,0,0.0,135,115,0.10249554367201426,,,0,0,0.9670231729055254,0.885026737967914,0,0,21,55,60,986,,,1.0,1.0,0.9926470588235293,,,0.9090909090909086,0.8970588235294117
pdd_10w,promised_delivery_end_range_date_at_order,218125,Eurostyle GA 30519 (WBU),361,Eurostyle,GA,Casegoods,Connor Henderson,GA,builds_directs,1674,135,0,0.0,131,110,0.06571087216248507,,,0,0,0.913381123058543,0.8637992831541216,0,0,25,23,87,1539,,,1.0,0.9770114942528736,0.985185185185185,,,0.8695652173913042,0.8962962962962961
pdd_10w,promised_delivery_end_range_date_at_order,142458,"Campania International, Inc PA",20036,"Campania International, Inc",PA,Decor,Kadin Nestler,PA,builds_directs,1428,135,0,0.0,135,114,0.07983193277310924,,,0,0,0.7478991596638652,0.8683473389355746,0,0,21,38,76,1293,,,0.7105263157894735,0.6842105263157895,0.6666666666666665,,,0.7105263157894736,0.7999999999999998
pdd_10w,promised_delivery_end_range_date_at_order,242986,Gouchee Home NY 12901,27676,Gouchee Home,NY,Upholstery,Demi Wang,NY,builds_directs,1197,135,0,0.0,127,117,0.09774436090225563,,,0,0,0.9899749373433582,0.9390142021720973,0,0,18,11,106,1062,,,1.0,1.0,1.0,,,1.0,0.9851851851851849
pdd_10w,promised_delivery_end_range_date_at_order,335400,Torre Tagus CA 92570,53007,Torre Tagus,CA,Decor,Carly Baker,CA,builds_directs,987,135,0,0.0,127,108,0.1094224924012158,,,0,0,0.9898682877406279,0.9240121580547119,0,0,27,10,98,852,,,1.0,1.0,1.0,,,1.0,0.9481481481481482
pdd_10w,promised_delivery_end_range_date_at_order,36546,GoodGram,36546,GoodGram,NY,Soft Home,Supplier Service Desk,NY,builds_directs,1858,134,0,0.0,133,111,0.05974165769644779,,,0,0,0.6081808396124865,0.5941872981700748,0,0,23,21,90,1724,,,0.9047619047619047,0.8666666666666663,0.8582089552238805,,,0.6666666666666667,0.686567164179104
pdd_10w,promised_delivery_end_range_date_at_order,269083,"Shenzhen Chunxin E-Commerce Co., Ltd. NJ 08505",267074,HOME HARMONY HK LIMITED,"CA,GA,NJ,TX",Wayfair,Hannah Guan,NJ,builds_directs,1667,134,3,0.001799640071985603,122,86,0.05158968206358728,,,0,0,0.8596280743851232,0.8956208758248347,3,0,45,21,65,1533,0.6666666666666666,,0.7619047619047619,0.9538461538461538,0.8731343283582088,0.6666666666666666,,0.8095238095238094,0.8507462686567165
pdd_10w,promised_delivery_end_range_date_at_order,66117,Coda Resources LTD,66117,Coda Resources LTD,IL,Plumbing,Madison MacDowell,IL,builds_directs,1320,134,0,0.0,131,104,0.07878787878787878,,,0,0,0.929545454545455,0.8530303030303034,0,0,30,10,94,1186,,,1.0,0.9574468085106383,0.9701492537313432,,,0.8,0.895522388059701
pdd_10w,promised_delivery_end_range_date_at_order,25460,Achim Importing Co. NJ 08902,12413,Achim Importing Co.,NJ,Flooring,William Rappole,NJ,builds_directs,1212,134,0,0.0,132,111,0.09158415841584158,,,0,0,0.9546204620462055,0.8399339933993407,0,0,23,20,91,1078,,,1.0,1.0,1.0,,,1.0,0.880597014925373
pdd_10w,promised_delivery_end_range_date_at_order,46590,New Classic CA 92336,22079,New Classic,"CA,VA",Casegoods,Joseph Hannigan,CA,builds_directs,1208,134,1,0.0008278145695364238,108,100,0.08278145695364239,,,0,0,0.8443708609271517,0.6399006622516564,1,0,33,18,82,1074,1.0,,0.9444444444444443,1.0,0.9626865671641793,0.0,,0.8888888888888886,0.7686567164179109
pdd_10w,promised_delivery_end_range_date_at_order,450319,Zhongshan Shiyuemumu Dianzishangwuyouxiangongsi CA 92571,359111,Zhongshan Shiyuemumu Dianzishangwuyouxiangongsi,"CA,GA,NJ",APS Decor,Lavinia Zhang,CA,builds_directs,1158,134,9,0.007772020725388601,111,102,0.08808290155440414,,,0,0,0.9680483592400697,0.8834196891191699,9,0,23,0,102,1024,1.0,,,1.0,1.0,0.8888888888888888,,,0.8283582089552237
pdd_10w,promised_delivery_end_range_date_at_order,357438,"Baoding Kaiman Wool Textile Manufacture Co., Ltd. CA 92346",207537,"Baoding Kaiman Wool Textile Manufacture Co., Ltd.","CA,NJ,PA",APS Rugs,Rainbow Wu,CA,builds_directs,783,134,5,0.006385696040868455,120,108,0.13793103448275862,,,0,0,0.9157088122605361,0.8339719029374209,5,0,21,20,88,649,1.0,,1.0,1.0,1.0,1.0,,0.7499999999999999,0.7835820895522386
pdd_10w,promised_delivery_end_range_date_at_order,171902,Hangzhou Danzhu Dianzi Shangwu Co Ltd CA 91730,163209,Hangzhou Danzhu Dianzi Shangwu Co Ltd,CA,APS,Asia Supplier Service Desk,CA,builds_directs,639,134,0,0.0,101,69,0.107981220657277,,,0,0,0.8450704225352108,0.7902973395931151,0,0,65,4,65,505,,,0.5,0.923076923076923,0.5895522388059703,,,0.75,0.6044776119402985
pdd_10w,promised_delivery_end_range_date_at_order,15278,Roma Moulding CA 91702,11655,Roma Moulding,"CA,ON",Decor,Kate Poletynski,CA,builds_directs,971,133,0,0.0,130,116,0.11946446961894953,,,0,0,0.9804325437693097,0.918640576725026,0,0,17,25,91,838,,,1.0,1.0,1.0,,,0.96,0.9473684210526313
pdd_10w,promised_delivery_end_range_date_at_order,456490,CA09-Lanqinglv,67551,"Suzhou lanqinglv Trading co,. ltd","CA,NJ",APS Soft Home,lance Zhou,CA,builds_directs,1791,132,11,0.006141820212171971,106,96,0.05360134003350084,,,0,0,0.9664991624790611,0.8939140145170291,11,0,25,0,96,1659,1.0,,,0.9583333333333335,0.9621212121212123,0.9090909090909091,,,0.8257575757575757
pdd_10w,promised_delivery_end_range_date_at_order,108569,"HANGZHOU DUVET TEXTILE CO., LTD. CA 91789",69725,"HANGZHOU DUVET TEXTILE CO., LTD.","CA,NY",APS Mattresses,Sylvia Ding,CA,builds_directs,1233,132,5,0.0040551500405515,117,109,0.08840227088402271,,,0,0,0.8410381184103829,0.8775344687753446,5,0,18,0,109,1101,0.8,,,0.8807339449541286,0.8560606060606063,1.0,,,0.7954545454545451
pdd_10w,promised_delivery_end_range_date_at_order,290755,"ANJI COZY HOME CO.,LTD. CA 92337",239691,"ANJI COZY HOME CO.,LTD.","CA,NJ",APS,Frank Huang,CA,builds_directs,1141,132,4,0.0035056967572304996,110,94,0.08238387379491674,,,0,0,0.9307624890446979,0.7843996494303237,4,0,34,25,69,1009,1.0,,1.0,1.0,0.977272727272727,1.0,,0.6799999999999997,0.7424242424242424
pdd_10w,promised_delivery_end_range_date_at_order,85056,Odiot LLC CA 92880 Wayfair,70496,Odiot LLC,"CA,NJ",APS Outdoor,Amber Xiang,CA,builds_directs,1181,131,7,0.0059271803556308214,121,100,0.0846740050804403,,,0,0,0.8670618120237082,0.8416596104995775,7,0,24,0,100,1050,0.8571428571428572,,,0.9199999999999999,0.9236641221374043,1.0,,,0.8931297709923661
pdd_10w,promised_delivery_end_range_date_at_order,98360,Shenzhen Eclair Lighting Co CA 91730,61190,"Shenzhen Eclair Lighting Co., Ltd.","CA,NY",APS Home Improvement,Lydia Chen,CA,builds_directs,1175,131,0,0.0,110,101,0.08595744680851064,,,0,0,0.8502127659574472,0.8110638297872333,0,0,30,19,82,1044,,,0.9473684210526316,0.9878048780487806,0.9770992366412214,,,0.7894736842105262,0.8091603053435114
pdd_10w,promised_delivery_end_range_date_at_order,84014,Foshan Shiyue (Visionary) Trading Limited PA 19124,78708,Foshan Shiyue (Visionary) Trading Limited Company,PA,Soft Home,Benjamin Hannigan,PA,builds_directs,883,131,0,0.0,129,119,0.1347678369195923,,,0,0,0.9716874292185731,0.8856172140430355,0,0,12,41,78,752,,,0.9756097560975607,0.9743589743589743,0.9770992366412213,,,0.8780487804878049,0.8778625954198473
pdd_10w,promised_delivery_end_range_date_at_order,357184,dongguanyichengshangmaoyouxiangongsi CA 95304,228382,dongguanyichengshangmaoyouxiangongsi,CA,APS Home Improvement,Cheryl Zhang,CA,builds_directs,723,131,0,0.0,111,94,0.13001383125864455,,,0,0,0.9612724757952975,0.8907330567081605,0,0,37,23,71,592,,,0.8695652173913042,0.9154929577464788,0.8778625954198471,,,0.9130434782608694,0.7557251908396947
pdd_10w,promised_delivery_end_range_date_at_order,72611,Fullrich Industries CO. TX,13745,Fullrich Industries CO.,TX,Outdoor Furniture,Kathleen Kerrins,TX,builds_directs,1717,129,0,0.0,127,115,0.0669772859638905,,,0,0,0.984857309260338,0.9411764705882358,0,0,14,30,85,1588,,,1.0,1.0,1.0,,,1.0,0.9457364341085273
pdd_10w,promised_delivery_end_range_date_at_order,130098,guangzhoushilianyingwangluokejiyouxiang CA 91706,123700,MagicAmazingInc.,"CA,NJ",APS Home Improvement,Hernando Xia,CA,builds_directs,761,129,5,0.006570302233902759,115,100,0.1314060446780552,,,0,0,0.939553219448094,0.8856767411300921,5,0,24,0,100,632,1.0,,,1.0,1.0,1.0,,,0.829457364341085
pdd_10w,promised_delivery_end_range_date_at_order,475859,D.V. Kap CA 93711,41046,D.V. Kap,CA,"PG Bedding, Bath & Window",Shannon Walker,CA,builds_directs,1118,128,0,0.0,128,99,0.0885509838998211,,,0,0,0.9105545617173525,0.8738819320214675,0,0,29,36,63,990,,,0.9722222222222222,1.0,0.9921874999999999,,,0.9444444444444444,0.9374999999999999
pdd_10w,promised_delivery_end_range_date_at_order,46018,"Shield Industries, Inc.",46018,"Shield Industries, Inc.",GA,Rugs,Alex Melius,GA,builds_directs,297,128,0,0.0,128,115,0.3872053872053872,,,0,0,0.9966329966329969,0.9225589225589219,0,0,13,34,81,169,,,1.0,1.0,1.0,,,0.9117647058823529,0.9062500000000001
pdd_10w,promised_delivery_end_range_date_at_order,413703,D & W Silks KY 40216,2018,D & W Silks,KY,Decor,Trevor Cody,KY,builds_directs,1505,127,0,0.0,124,103,0.06843853820598006,,,0,0,0.9774086378737548,0.8950166112956804,0,0,24,23,80,1378,,,1.0,1.0,1.0,,,0.9565217391304346,0.9055118110236215
pdd_10w,promised_delivery_end_range_date_at_order,134703,cellpak inc CA,69196,cellpak inc,CA,Lighting,Asia Supplier Service Desk,CA,builds_directs,1099,127,0,0.0,119,93,0.08462238398544131,,,0,0,0.8871701546860777,0.9281164695177435,0,0,34,0,93,972,,,,0.9784946236559141,0.9370078740157478,,,,0.9055118110236222
pdd_10w,promised_delivery_end_range_date_at_order,53787,Comfort Pointe NC,12210,Comfort Pointe,"CA,GA,NC",Upholstery,Alaina Phelan,NC,builds_directs,1376,126,11,0.007994186046511628,102,83,0.06031976744186047,,,0,0,0.9265988372093037,0.9069767441860462,11,0,32,5,78,1250,1.0,,1.0,0.9871794871794873,0.9841269841269842,1.0,,0.8,0.9206349206349205
pdd_10w,promised_delivery_end_range_date_at_order,29175,Bassett-Mirror VA,1363,Bassett-Mirror,VA,Casegoods,Megan White,VA,builds_directs,1310,126,0,0.0,116,99,0.07557251908396946,,,0,0,0.9358778625954205,0.9145038167938926,0,0,27,22,77,1184,,,0.9545454545454544,0.9350649350649352,0.9523809523809524,,,1.0,0.8809523809523807
pdd_10w,promised_delivery_end_range_date_at_order,28649,Water Creation Inc CA 91761,5931,Water Creation Inc.,CA,Plumbing,Joseph Carroll,CA,builds_directs,1029,126,0,0.0,117,102,0.09912536443148688,,,0,0,0.9455782312925171,0.8649173955296398,0,0,24,14,88,903,,,0.9285714285714286,0.9886363636363639,0.9841269841269841,,,0.5714285714285715,0.8412698412698413
pdd_10w,promised_delivery_end_range_date_at_order,449657,Moe's Home Collection MS 30114,7922,Moe's Home Collection,"MS,WA",Casegoods,Ryan Black,MS,builds_directs,1607,125,6,0.00373366521468575,114,102,0.06347230864965775,,,0,0,0.6384567517112636,0.5961418792781585,6,0,17,24,78,1482,0.5,,1.0,0.8974358974358974,0.8959999999999999,0.5,,0.9166666666666665,0.8639999999999997
pdd_10w,promised_delivery_end_range_date_at_order,362101,Zodax CA 91402,3776,Zodax,CA,Decor,Waverly Winterer,CA,builds_directs,1520,125,0,0.0,122,117,0.07697368421052632,,,0,0,0.983552631578946,0.9151315789473689,0,0,8,43,74,1395,,,1.0,0.9864864864864865,0.9919999999999999,,,0.8837209302325579,0.9039999999999997
pdd_10w,promised_delivery_end_range_date_at_order,21619,Modus Furniture International Inc. CA,171,Modus Furniture International Inc.,CA,Casegoods,Joseph Hannigan,CA,builds_directs,1096,125,0,0.0,110,107,0.09762773722627738,,,0,0,0.8339416058394151,0.7937956204379554,0,0,18,3,104,971,,,1.0,0.6826923076923078,0.704,,,0.3333333333333333,0.6960000000000002
pdd_10w,promised_delivery_end_range_date_at_order,303686,"Decozen , LLC GA",58960,"Decozen , LLC",GA,Tabletop,Isabella Keel,GA,builds_directs,954,125,0,0.0,125,102,0.1069182389937107,,,0,0,0.9947589098532501,0.8563941299790356,0,0,23,17,85,829,,,1.0,1.0,1.0,,,0.8823529411764705,0.9119999999999998
pdd_10w,promised_delivery_end_range_date_at_order,195990,Attraction Design LLC GA,24311,Attraction Design LLC,GA,Decor,Supplier Service Desk,GA,builds_directs,619,125,0,0.0,125,95,0.15347334410339256,,,0,0,0.7043618739903077,0.8562197092084005,0,0,30,22,73,494,,,0.5454545454545455,0.42465753424657543,0.4800000000000002,,,0.8636363636363635,0.7680000000000001
pdd_10w,promised_delivery_end_range_date_at_order,46230,Coaster CA- 90670-4062,999,Coaster,"CA,FL,IL,NJ,TX",Casegoods,Joseph Hannigan,CA,builds_directs,1269,124,12,0.009456264775413711,81,81,0.06382978723404255,,,0,0,0.814814814814815,0.8006304176516935,12,0,31,48,33,1145,1.0,,0.9583333333333331,1.0,0.9677419354838707,0.49999999999999994,,0.9583333333333331,0.7983870967741937
pdd_10w,promised_delivery_end_range_date_at_order,9363,Zentique,9363,Zentique,GA,PG Casegoods,Ann Waldo,GA,builds_directs,1197,124,0,0.0,124,107,0.08939014202172096,,,0,0,0.716791979949875,0.807017543859649,0,0,17,28,79,1073,,,0.6428571428571428,0.44303797468354417,0.48387096774193566,,,0.6071428571428572,0.467741935483871
pdd_10w,promised_delivery_end_range_date_at_order,190666,AOOS SIGN INC CA 91789,190172,AOOS SIGN INC,CA,Lighting,Supplier Service Desk,CA,builds_directs,923,124,0,0.0,119,96,0.10400866738894908,,,0,0,0.9544962080173346,0.868905742145179,0,0,28,0,96,799,,,,0.9895833333333335,0.9838709677419355,,,,0.8225806451612901
pdd_10w,promised_delivery_end_range_date_at_order,90699,Ten Strawberry Street NJ 08865,1877,Ten Strawberry Street,NJ,Tabletop,Araj Shaikh,NJ,builds_directs,1936,123,0,0.0,123,109,0.05630165289256198,,,0,0,0.9855371900826451,0.8775826446280991,0,0,14,10,99,1813,,,1.0,1.0,1.0,,,0.6,0.8536585365853656
pdd_10w,promised_delivery_end_range_date_at_order,14370,Home Concept Inc.,14370,Home Concept Inc.,WI,Lighting,Greer Long,WI,builds_directs,1175,123,0,0.0,123,109,0.09276595744680852,,,0,0,0.9438297872340423,0.8995744680851069,0,0,14,11,98,1052,,,1.0,0.9795918367346939,0.9756097560975607,,,1.0,0.8943089430894303
pdd_10w,promised_delivery_end_range_date_at_order,349176,COTTONMAX ARROW INC. CA 91762,86835,COTTONMAX ARROW INC.,CA,APS Decor,Asia Supplier Service Desk,CA,builds_directs,1150,123,0,0.0,118,103,0.08956521739130435,,,0,0,0.8695652173913047,0.8660869565217394,0,0,20,19,84,1027,,,0.8421052631578946,0.9404761904761904,0.926829268292683,,,0.5789473684210527,0.8292682926829268
pdd_10w,promised_delivery_end_range_date_at_order,494848,Tripar IL 60172,17493,Tripar,IL,Decor,Waverly Winterer,IL,builds_directs,1018,123,0,0.0,123,91,0.0893909626719057,,,0,0,0.9882121807465626,0.9066797642436148,0,0,32,17,74,895,,,1.0,0.9864864864864865,0.9674796747967479,,,0.8235294117647058,0.9186991869918693
pdd_10w,promised_delivery_end_range_date_at_order,174220,Alpine Corporation CA 93065,981,Alpine Corporation,CA,Decor,Phoebe Leonard,CA,builds_directs,1677,122,0,0.0,121,110,0.06559332140727489,,,0,0,0.942754919499106,0.8968395945140125,0,0,12,28,82,1555,,,0.7857142857142856,0.8902439024390244,0.8688524590163934,,,0.8928571428571426,0.8524590163934426
pdd_10w,promised_delivery_end_range_date_at_order,295126,XH WP_HOU6 TX 77429,66040,Shenzhen XinheTrade Limited Company,"CA,GA,NJ,PA,TX",APS,Stella Yin,TX,builds_directs,1409,122,7,0.0049680624556423,90,77,0.054648687012065295,,,0,0,0.8367636621717546,0.7870830376153293,7,0,38,22,55,1287,0.8571428571428572,,0.5909090909090909,0.7818181818181816,0.7131147540983604,0.7142857142857143,,0.7727272727272726,0.7295081967213116
pdd_10w,promised_delivery_end_range_date_at_order,30552,De Leon Collections,30552,De Leon Collections,TX,Soft Home,Supplier Service Desk,TX,builds_directs,1126,122,0,0.0,118,89,0.07904085257548846,,,0,0,0.9875666074600356,0.9369449378330368,0,0,33,0,89,1004,,,,0.9887640449438204,0.9836065573770493,,,,0.868852459016393
pdd_10w,promised_delivery_end_range_date_at_order,226993,Visual Comfort  TX 77095,15304,Visual Comfort,TX,PG Home Improvement,Alex Vancura,TX,builds_directs,1552,121,0,0.0,106,99,0.06378865979381443,,,0,0,0.8801546391752574,0.7661082474226806,0,0,22,36,63,1431,,,0.9444444444444445,0.9523809523809524,0.958677685950413,,,0.7222222222222221,0.8016528925619835
pdd_10w,promised_delivery_end_range_date_at_order,206202,Lexicon Home LLC CA 94538,206190,Lexicon Home LLC,"CA,NJ",Upholstery,Alaina Phelan,CA,builds_directs,1226,121,5,0.004078303425774877,106,97,0.07911908646003263,,,0,0,0.9722675367047309,0.8352365415986936,5,0,19,10,87,1105,0.8,,1.0,0.9425287356321839,0.9504132231404958,0.8,,0.7,0.7933884297520659
pdd_10w,promised_delivery_end_range_date_at_order,19934,Pangea Home CA 90249,8552,Pangea Home,CA,Casegoods,Jaden Pickett,CA,builds_directs,969,121,0,0.0,120,102,0.10526315789473684,,,0,0,0.9380804953560372,0.8689370485036121,0,0,19,30,72,848,,,1.0,1.0,0.9917355371900826,,,0.8333333333333334,0.8512396694214878
pdd_10w,promised_delivery_end_range_date_at_order,36059,Winners Only CA,8875,Winners Only,CA,Casegoods,Christian Kokoros,CA,builds_directs,856,121,0,0.0,116,104,0.12149532710280374,,,0,0,0.988317757009345,0.9100467289719627,0,0,17,23,81,735,,,1.0,1.0,1.0,,,1.0,0.9421487603305785
pdd_10w,promised_delivery_end_range_date_at_order,334128,HONG KONG LINSYHOME INTERNATIONAL GA 31326,102598,HONG KONG LINSYHOME INTERNATIONAL TRADING LIMITED,"CA,GA,NJ",APS Bedroom,Wendy Wang,GA,builds_directs,617,121,3,0.004862236628849271,97,60,0.09724473257698542,,,0,0,0.756888168557536,0.7828200972447322,3,0,58,19,41,496,0.6666666666666666,,0.7894736842105262,0.8780487804878047,0.6942148760330578,0.6666666666666666,,1.0,0.7520661157024792
pdd_10w,promised_delivery_end_range_date_at_order,220894,WPFurniture Inc NJ 07109,193622,WPFurniture Inc,NJ,Casegoods,Kyle Pascale,NJ,builds_directs,1500,120,0,0.0,120,103,0.06866666666666667,,,0,0,0.9780000000000011,0.9006666666666661,0,0,17,29,74,1380,,,1.0,1.0,0.9916666666666665,,,0.8275862068965517,0.9166666666666667
pdd_10w,promised_delivery_end_range_date_at_order,278781,AlpineFurniture CA 92507,3786,AlpineFurniture,CA,Casegoods,Connor Henderson,CA,builds_directs,1368,120,0,0.0,115,101,0.07383040935672515,,,0,0,0.9502923976608189,0.8742690058479526,0,0,19,6,95,1248,,,1.0,0.9684210526315788,0.9749999999999998,,,1.0,0.8249999999999998
pdd_10w,promised_delivery_end_range_date_at_order,329671,huainanshiliyuhuwaiyongpinyouxiangongsi CA 90703,329668,huainanshiliyuhuwaiyongpinyouxiangongsi,CA,Wayfair,Asia Supplier Service Desk,CA,builds_directs,354,120,0,0.0,115,100,0.2824858757062147,,,0,0,0.9180790960451978,0.8531073446327676,0,0,20,33,67,234,,,0.7272727272727273,0.9850746268656717,0.8916666666666669,,,0.8787878787878786,0.8333333333333331
pdd_10w,promised_delivery_end_range_date_at_order,495246,NoJo CA 90220,498,NoJo,CA,Youth Furniture & Decor,Riki Watanabe,CA,builds_directs,753,119,0,0.0,113,104,0.13811420982735723,,,0,0,0.5179282868525908,0.7649402390438246,0,0,15,27,77,634,,,0.2962962962962964,0.2857142857142856,0.2857142857142857,,,0.2962962962962964,0.26050420168067223
pdd_10w,promised_delivery_end_range_date_at_order,5221,Whitewood Industries NC 27260,330,Whitewood Industries,NC,Casegoods,Christian Kokoros,NC,builds_directs,1602,118,0,0.0,118,93,0.05805243445692884,,,0,0,0.9413233458177281,0.9282147315855179,0,0,25,21,72,1484,,,0.9523809523809522,1.0,0.9915254237288135,,,0.8571428571428571,0.9322033898305087
pdd_10w,promised_delivery_end_range_date_at_order,205356,Currey & Company GA,12346,Currey & Company,GA,PG Home Improvement,Alex Vancura,GA,builds_directs,1322,118,0,0.0,118,106,0.08018154311649017,,,0,0,0.8562783661119507,0.8449319213313172,0,0,12,22,84,1204,,,1.0,0.9285714285714287,0.9406779661016949,,,0.9545454545454544,0.9322033898305087
pdd_10w,promised_delivery_end_range_date_at_order,269796,Mellow CA 95377,15616,Mellow,"CA,SC",Mattress,Deep Singh,CA,builds_directs,1292,118,1,0.0007739938080495357,106,95,0.07352941176470588,,,0,0,0.9899380804953555,0.8993808049535611,1,0,22,0,95,1174,1.0,,,0.9473684210526313,0.9576271186440678,1.0,,,0.7203389830508473
pdd_10w,promised_delivery_end_range_date_at_order,178356,Noritake GA,746,"Noritake U.S.A, Inc.",GA,Tabletop,Araj Shaikh,GA,builds_directs,1165,118,0,0.0,116,98,0.08412017167381974,,,0,0,0.9733905579399136,0.9399141630901288,0,0,20,27,71,1047,,,1.0,0.9859154929577465,0.9915254237288134,,,1.0,0.9576271186440677
pdd_10w,promised_delivery_end_range_date_at_order,236734,Kraftware Corp. NJ,5343,Kraftware Corp.,NJ,Tabletop,Bryn Bennett,NJ,builds_directs,1179,117,0,0.0,108,100,0.08481764206955046,,,0,0,0.7523324851569131,0.7073791348600508,0,0,17,29,71,1062,,,0.9655172413793103,1.0,0.9572649572649571,,,0.7241379310344829,0.8376068376068376
pdd_10w,promised_delivery_end_range_date_at_order,280065,Quickway Imports Inc NY 10924,9193,Quickway Imports Inc,NY,Storage & Org - Frequency,Supplier Service Desk,NY,builds_directs,1518,116,0,0.0,116,98,0.06455862977602109,,,0,0,0.9776021080368901,0.9018445322793158,0,0,18,23,75,1402,,,1.0,1.0,1.0,,,0.9565217391304346,0.9482758620689654
pdd_10w,promised_delivery_end_range_date_at_order,268218,LCG Florals IL 60160,21603,LCG Florals,IL,Decor,Phoebe Leonard,IL,builds_directs,1373,116,0,0.0,113,99,0.0721048798252003,,,0,0,0.9133284777858707,0.8186453022578298,0,0,17,10,89,1257,,,1.0,0.9887640449438204,0.9913793103448275,,,1.0,0.8534482758620687
pdd_10w,promised_delivery_end_range_date_at_order,124714,"Kuzco Lighting, LLC. NV 89081",122946,"Kuzco Lighting, LLC.","NV,SC",Lighting,Kya Mehlman,NV,builds_directs,1290,116,1,0.0007751937984496124,105,96,0.07441860465116279,,,0,0,0.789922480620155,0.7860465116279064,1,0,19,22,74,1174,0.0,,0.7272727272727271,0.6756756756756753,0.6637931034482757,0.0,,0.6818181818181819,0.7155172413793102
pdd_10w,promised_delivery_end_range_date_at_order,122599,Ample Decor LLC NJ,34393,Ample Decor LLC,NJ,WGS India,,NJ,builds_directs,1289,116,0,0.0,116,91,0.07059736229635376,,,0,0,0.996896819239721,0.9138867339022501,0,0,25,22,69,1173,,,1.0,1.0,1.0,,,0.8181818181818181,0.8879310344827585
pdd_10w,promised_delivery_end_range_date_at_order,297288,Newacme LLC CA 95330,27159,Newacme LLC,"CA,DE,TN",APS,Naomi JI,CA,builds_directs,1237,116,3,0.002425222312045271,93,83,0.06709781729991916,,,0,0,0.9830234438156831,0.8884397736459169,3,0,30,3,80,1121,0.6666666666666666,,1.0,0.9875000000000002,0.9741379310344825,1.0,,1.0,0.8103448275862072
pdd_10w,promised_delivery_end_range_date_at_order,99523,RPM Inc. MN 55378,8241,RPM Inc.,MN,Storage & Org - Frequency,Ayman Siddiqui,MN,builds_directs,1186,116,0,0.0,116,100,0.08431703204047218,,,0,0,0.9603709949409782,0.8347386172006734,0,0,16,30,70,1070,,,0.9666666666666666,0.9714285714285714,0.9741379310344828,,,0.7666666666666668,0.836206896551724
pdd_10w,promised_delivery_end_range_date_at_order,277060,"UPPER ECHELON PRODUCTS, LLC_1 CA 91762",206109,"UPPER ECHELON PRODUCTS, LLC_1",CA,Lighting,Asia Supplier Service Desk,CA,builds_directs,817,116,0,0.0,113,94,0.11505507955936352,,,0,0,0.856793145654835,0.7356181150550796,0,0,22,21,73,701,,,0.9047619047619047,0.9452054794520548,0.9310344827586208,,,0.8095238095238095,0.7241379310344829
pdd_10w,promised_delivery_end_range_date_at_order,38581,Cordelia Lighting Inc. CA 90221,3638,Cordelia Lighting Inc.,CA,Lighting,Kya Mehlman,CA,builds_directs,1173,115,0,0.0,113,99,0.08439897698209718,,,0,0,0.9872122762148335,0.9300937766410913,0,0,16,0,99,1058,,,,1.0,0.9913043478260869,,,,0.9478260869565218
pdd_10w,promised_delivery_end_range_date_at_order,349604,Kusnug CA 92337,69162,Kusnug,"CA,NY",Mattress,Rikki Sartor,CA,builds_directs,1053,115,3,0.002849002849002849,94,81,0.07692307692307693,,,0,0,0.970560303893637,0.8717948717948717,3,0,31,2,79,938,1.0,,0.5,0.9113924050632912,0.8956521739130434,1.0,,0.5,0.7913043478260873
pdd_10w,promised_delivery_end_range_date_at_order,264753,OaDeerHome CA 91761,41771,OaDeerHome,CA,Upholstery,Oscar Li,CA,builds_directs,890,115,0,0.0,103,91,0.10224719101123596,,,0,0,0.908988764044944,0.9539325842696632,0,0,24,11,80,775,,,0.9090909090909091,0.9875000000000002,0.982608695652174,,,0.9090909090909091,0.9391304347826085
pdd_10w,promised_delivery_end_range_date_at_order,184991,A1 Home Collections LLC FL 33773,19968,A1 Home Collections LLC,FL,Decor,Kadin Nestler,FL,builds_directs,1220,114,0,0.0,113,105,0.0860655737704918,,,0,0,0.995901639344263,0.8762295081967201,0,0,9,42,63,1106,,,1.0,1.0,0.9912280701754386,,,0.9285714285714285,0.8771929824561403
pdd_10w,promised_delivery_end_range_date_at_order,210551,WEST SHORE TRADING INC CA 91750,210497,WEST SHORE TRADING INC,CA,APS,Jynn Jiang,CA,builds_directs,1508,113,0,0.0,108,100,0.06631299734748011,,,0,0,0.9741379310344828,0.9363395225464182,0,0,13,15,85,1395,,,1.0,0.9764705882352942,0.9646017699115043,,,0.9333333333333332,0.8938053097345136
pdd_10w,promised_delivery_end_range_date_at_order,21497,Aquascape,21497,Aquascape,IL,Decor,Kadin Nestler,IL,builds_directs,1456,113,0,0.0,113,77,0.052884615384615384,,,0,0,0.9045329670329678,0.8482142857142853,0,0,36,0,77,1343,,,,0.9350649350649353,0.8849557522123886,,,,0.8053097345132747
pdd_10w,promised_delivery_end_range_date_at_order,66311,Baliaa Inc CA 92880,54204,Baliaa Inc,CA,APS,Lacey Yan,CA,builds_directs,1053,113,0,0.0,106,85,0.08072174738841406,,,0,0,0.9743589743589749,0.8603988603988603,0,0,28,3,82,940,,,1.0,0.9634146341463414,0.9734513274336283,,,0.6666666666666666,0.8230088495575221
pdd_10w,promised_delivery_end_range_date_at_order,290451,SZ TOPHAND CA,54022,SZ TOPHAND,CA,Hardware,Delaney Grace,CA,builds_directs,977,113,0,0.0,111,75,0.0767656090071648,,,0,0,0.9692937563971344,0.8505629477993855,0,0,38,0,75,864,,,,0.9600000000000001,0.9646017699115045,,,,0.823008849557522
pdd_10w,promised_delivery_end_range_date_at_order,347247,LOHOME CA 91761 (2),80890,LOHOME,CA,Casegoods,Karolina Coulter,CA,builds_directs,587,113,0,0.0,112,95,0.16183986371379896,,,0,0,0.9114139693356057,0.8586030664395233,0,0,18,0,95,474,,,,1.0,1.0,,,,0.84070796460177
pdd_10w,promised_delivery_end_range_date_at_order,265563,Foshan Sanying Lighting Limited TX 77041,63370,Foshan Sanying Lighting Limited,"CA,MA,NY,TX",APS Home Improvement,Lydia Chen,TX,builds_directs,977,112,9,0.009211873080859774,98,83,0.0849539406345957,,,0,0,0.9611054247697031,0.8781985670419649,9,0,20,10,73,865,0.7777777777777778,,1.0,1.0,0.9821428571428571,0.6666666666666666,,1.0,0.8660714285714288
pdd_10w,promised_delivery_end_range_date_at_order,459504,Park Hill Collection KS 66061,13158,Park Hill Collection,KS,Decor,Allie Neyman,KS,builds_directs,966,112,0,0.0,108,102,0.10559006211180125,,,0,0,0.6894409937888202,0.7318840579710147,0,0,10,11,91,854,,,0.9090909090909091,0.8791208791208792,0.8571428571428571,,,0.8181818181818182,0.8571428571428575
pdd_10w,promised_delivery_end_range_date_at_order,111674,HLC.ME NY 11232,29955,HLC.ME,NY,Soft Home,Benjamin Hannigan,NY,builds_directs,957,112,0,0.0,111,98,0.10240334378265413,,,0,0,0.8829676071055382,0.7962382445141066,0,0,14,10,88,845,,,0.8999999999999999,0.9545454545454544,0.9375000000000001,,,0.8999999999999999,0.7857142857142856
pdd_10w,promised_delivery_end_range_date_at_order,56596,New England Arbors OH 43207,6794,Vita,OH,Outdoor Structures,Yun Yau,OH,builds_directs,888,112,0,0.0,111,92,0.1036036036036036,,,0,0,0.9966216216216223,0.916666666666667,0,0,20,17,75,776,,,1.0,1.0,1.0,,,0.7647058823529411,0.8839285714285714
pdd_10w,promised_delivery_end_range_date_at_order,23446,Justice Design Group CA,3564,Justice Design Group,CA,Lighting,Greer Long,CA,builds_directs,705,112,0,0.0,108,94,0.13333333333333333,,,0,0,0.8014184397163125,0.7843971631205681,0,0,18,0,94,593,,,,0.7234042553191488,0.7321428571428569,,,,0.7500000000000001
pdd_10w,promised_delivery_end_range_date_at_order,246946,Fourth Zodiac Inc CA 91748(2),227589,Fourth Zodiac Inc,"CA,NC",APS Rugs,Cecilia Jia,CA,builds_directs,1380,111,2,0.0014492753623188406,102,78,0.05652173913043478,,,0,0,0.9202898550724636,0.8028985507246369,2,0,31,10,68,1269,1.0,,0.8999999999999999,0.9705882352941175,0.9639639639639642,0.0,,0.8,0.6576576576576574
pdd_10w,promised_delivery_end_range_date_at_order,199579,Ningbo Hongju Gongyinglianguanli NJ 07008,77212,Ningbo Hongju Gongyinglianguanli Youxiangongsi,"CA,NJ",APS,Asia Supplier Service Desk,NJ,builds_directs,1309,111,10,0.007639419404125287,97,86,0.06569900687547746,,,0,0,0.9121466768525593,0.9129106187929725,10,0,15,13,73,1198,0.7,,1.0,0.9726027397260274,0.9549549549549546,0.20000000000000004,,1.0,0.8828828828828829
pdd_10w,promised_delivery_end_range_date_at_order,152022,Ottomanson Inc NJ 07430,15176,Ottomanson Inc,NJ,Rugs,Supplier Service Desk,NJ,builds_directs,1041,111,0,0.0,111,90,0.08645533141210375,,,0,0,0.9452449567723342,0.9241114313160427,0,0,21,0,90,930,,,,0.9555555555555557,0.963963963963964,,,,0.9549549549549549
pdd_10w,promised_delivery_end_range_date_at_order,35990,Cal Lighting CA,317,Cal Lighting,CA,Lighting,Greer Long,CA,builds_directs,734,111,0,0.0,107,89,0.12125340599455041,,,0,0,0.8542234332425075,0.9318801089918259,0,0,22,11,78,623,,,1.0,1.0,1.0,,,1.0,0.945945945945946
pdd_10w,promised_delivery_end_range_date_at_order,321554,TIDITA LLC CA 91761,318402,TIDITA LLC,CA,APS SEA,Quynh Ngo,CA,builds_directs,576,111,0,0.0,107,92,0.1597222222222222,,,0,0,0.9774305555555554,0.9253472222222224,0,0,19,15,77,465,,,1.0,0.9870129870129871,0.9729729729729728,,,0.9333333333333332,0.8918918918918914
pdd_10w,promised_delivery_end_range_date_at_order,152400,Ricardo Trading PA,15692,Ricardo Trading,PA,Soft Home,Benjamin Hannigan,PA,builds_directs,1457,110,0,0.0,110,99,0.06794783802333562,,,0,0,0.9245024021962952,0.769389155799587,0,0,11,28,71,1347,,,0.9642857142857142,0.971830985915493,0.9727272727272727,,,0.7857142857142858,0.8181818181818182
pdd_10w,promised_delivery_end_range_date_at_order,109337,SereneLife NY 10918,41785,SereneLife,"CA,NY,TX",Kitchen & Small Electrics,Ashley Coulter,NY,builds_directs,1323,110,13,0.009826152683295541,94,76,0.05744520030234316,,,0,0,0.8972033257747549,0.8601662887377177,13,0,21,8,68,1213,1.0,,1.0,1.0,1.0,0.923076923076923,,0.875,0.8818181818181818
pdd_10w,promised_delivery_end_range_date_at_order,15909,Mercana Art Décor Inc WA 98230,11892,Mercana Furniture & Décor Ltd,"VA,WA",Casegoods,Vanessa Reimer,WA,builds_directs,1150,110,0,0.0,108,106,0.09217391304347826,,,0,0,0.9113043478260873,0.8930434782608695,0,0,4,42,64,1040,,,0.976190476190476,0.96875,0.9727272727272724,,,0.9523809523809523,0.9363636363636365
pdd_10w,promised_delivery_end_range_date_at_order,211660,WPNJ5,62368,Shenzhen Like Keji Youxiangongsi,"CA,GA,NJ,PA,TX",APS,Lydia Liu,NJ,builds_directs,1031,110,9,0.008729388942774006,100,72,0.06983511154219205,,,0,0,0.9495635305528607,0.9330746847720658,9,0,29,5,67,921,1.0,,1.0,1.0,1.0,1.0,,1.0,0.9090909090909088
pdd_10w,promised_delivery_end_range_date_at_order,60798,Safdie NY 12919,34734,Safdie,NY,Soft Home,Jaiden Lawlor,NY,builds_directs,981,110,0,0.0,108,100,0.1019367991845056,,,0,0,0.7645259938837916,0.8878695208970434,0,0,10,10,90,871,,,0.8999999999999999,0.9777777777777779,0.9636363636363635,,,1.0,0.9818181818181819
pdd_10w,promised_delivery_end_range_date_at_order,30943,Pillows  Fibers,30943,Pillows  Fibers,FL,Soft Home,Supplier Service Desk,FL,builds_directs,831,110,0,0.0,109,92,0.11070998796630566,,,0,0,0.9951865222623343,0.9169675090252704,0,0,18,25,67,721,,,1.0,1.0,1.0,,,0.76,0.8727272727272727
pdd_10w,promised_delivery_end_range_date_at_order,25937,Howard Elliott Collection IL 60101,262,Howard Elliott Collection,IL,Decor,Robert Williams,IL,builds_directs,1013,109,0,0.0,109,91,0.08983218163869694,,,0,0,0.8558736426456068,0.7917077986179665,0,0,18,22,69,904,,,0.8636363636363635,0.9275362318840578,0.9174311926605501,,,0.8181818181818181,0.7064220183486238
pdd_10w,promised_delivery_end_range_date_at_order,77849,Oggi Corporation LLC,77849,Oggi Corporation LLC,CA,Storage & Org - Frequency,Ayman Siddiqui,CA,builds_directs,976,109,0,0.0,108,85,0.08709016393442623,,,0,0,0.8719262295081972,0.8227459016393451,0,0,24,21,64,867,,,1.0,0.9687500000000001,0.9633027522935779,,,0.9047619047619047,0.8532110091743121
pdd_10w,promised_delivery_end_range_date_at_order,407783,Bell Union LLC. CA 91762,67098,Bell Union LLC.,CA,Decor,Supplier Service Desk,CA,builds_directs,713,109,0,0.0,107,95,0.1332398316970547,,,0,0,0.7812061711079944,0.746143057503506,0,0,14,12,83,604,,,0.9166666666666666,0.8554216867469878,0.8623853211009173,,,0.8333333333333333,0.7339449541284402
pdd_10w,promised_delivery_end_range_date_at_order,67964,Stone International Nj08512,59904,Stone International,"CA,NJ,TX",APS,Asia Supplier Service Desk,NJ,builds_directs,1250,108,5,0.004,99,81,0.0648,,,0,0,0.9255999999999984,0.8992,5,0,22,0,81,1142,1.0,,,0.9876543209876544,0.9814814814814816,1.0,,,0.8981481481481483
pdd_10w,promised_delivery_end_range_date_at_order,110021,SwissMadison® CA 92570,32766,SwissMadison®,"CA,GA",Plumbing,Kaitlyn Gully,CA,builds_directs,1241,108,5,0.0040290088638195,87,75,0.060435132957292505,,,0,0,0.6325543916196616,0.7542304593070107,5,0,28,16,59,1133,0.8,,1.0,0.9491525423728812,0.9444444444444445,1.0,,0.9375,0.8518518518518514
pdd_10w,promised_delivery_end_range_date_at_order,178430,Strong Plum Blossom Inc. CA 91762,73766,Strong Plum Blossom Inc.,"CA,KY",APS Home Improvement,Asia Supplier Service Desk,CA,builds_directs,1075,108,3,0.0027906976744186047,96,88,0.08186046511627906,,,0,0,0.9572093023255811,0.8539534883720923,3,0,17,0,88,967,1.0,,,0.9886363636363639,0.9722222222222221,0.6666666666666667,,,0.8796296296296297
pdd_10w,promised_delivery_end_range_date_at_order,462368,Millennium Lighting GA,13725,Millennium Lighting,GA,Lighting,Cheryl Lin,GA,builds_directs,967,108,0,0.0,101,97,0.10031023784901758,,,0,0,0.8366080661840746,0.8241985522233715,0,0,11,0,97,859,,,,0.7731958762886597,0.7685185185185188,,,,0.8333333333333333
pdd_10w,promised_delivery_end_range_date_at_order,192570,Pacific Coast Home Furnishings CA,2100,Pacific Coast Home Furnishings,CA,Soft Home,Supplier Service Desk,CA,builds_directs,844,108,0,0.0,106,89,0.10545023696682465,,,0,0,0.8803317535545023,0.8305687203791469,0,0,19,12,77,736,,,1.0,0.805194805194805,0.8611111111111109,,,1.0,0.8888888888888887
pdd_10w,promised_delivery_end_range_date_at_order,94151,aibinka LLC CA 91748 (2),65788,aibinka LLC,"CA,CT",APS,Asia Supplier Service Desk,CA,builds_directs,801,108,1,0.0012484394506866417,95,79,0.0986267166042447,,,0,0,0.8913857677902625,0.754057428214732,1,0,28,0,79,693,1.0,,,1.0,1.0,1.0,,,0.8425925925925929
pdd_10w,promised_delivery_end_range_date_at_order,245569,Shanghai ShangQuan WuLiu Co.Ltd NJ 08816,68010,Shanghai ShangQuan WuLiu Co.Ltd,"CA,NJ,PA,TX",APS Outdoor,Moti Mao,NJ,builds_directs,1357,107,10,0.007369196757553427,92,80,0.058953574060427415,,,0,0,0.9977892409727339,0.9358879882092855,10,0,17,10,70,1250,1.0,,1.0,1.0,1.0,0.7,,0.8999999999999999,0.9158878504672896
pdd_10w,promised_delivery_end_range_date_at_order,10402,Home Essentials & Beyond NJ 07305,10037,Home Essentials & Beyond,NJ,Tabletop,Rehaan Sardana,NJ,builds_directs,1250,107,0,0.0,107,97,0.0776,,,0,0,0.9959999999999997,0.9648000000000002,0,0,10,22,75,1143,,,1.0,1.0,1.0,,,0.9545454545454544,0.9813084112149532
pdd_10w,promised_delivery_end_range_date_at_order,176469,NICE CHOICE INC CA 92503,64530,NICE CHOICE INC,"CA,GA",Outdoor Furniture,Isha Singh,CA,builds_directs,611,106,4,0.006546644844517185,100,76,0.12438625204582651,,,0,0,0.7512274959083473,0.8330605564648111,4,0,26,0,76,505,0.75,,,0.8421052631578949,0.8301886792452833,0.5,,,0.7358490566037738
pdd_10w,promised_delivery_end_range_date_at_order,26000,Z-Lite Jenamees Inc. TN 37160,9117,Z-Lite Jenamees Inc.,"MI,TN",Lighting,John Harrison,TN,builds_directs,1853,105,0,0.0,104,96,0.05180787911494873,,,0,0,0.9832703723691314,0.9017808958445772,0,0,9,15,81,1748,,,1.0,1.0,1.0,,,0.9333333333333332,0.9142857142857143
pdd_10w,promised_delivery_end_range_date_at_order,461382, USNJHM01,251752,LUXHOME (HK) TRADING LIMITED,"CA,GA,NJ",APS Bedroom,Lydia Liu,NJ,builds_directs,1550,105,0,0.0,89,82,0.05290322580645161,,,0,0,0.9916129032258068,0.9606451612903223,0,0,23,35,47,1445,,,1.0,1.0,0.9904761904761905,,,1.0,0.914285714285714
pdd_10w,promised_delivery_end_range_date_at_order,84055,Hauteloom GA,48976,Hauteloom,GA,Rugs,Brianna Barrett,GA,builds_directs,1496,105,0,0.0,105,93,0.06216577540106952,,,0,0,0.9906417112299469,0.929144385026737,0,0,12,0,93,1391,,,,1.0,0.9904761904761905,,,,0.9333333333333336
pdd_10w,promised_delivery_end_range_date_at_order,36119,Feizy Rugs TX75234,258,Feizy Rugs,TX,Rugs,Brianna Barrett,TX,builds_directs,1400,105,0,0.0,105,95,0.06785714285714285,,,0,0,0.9814285714285716,0.8692857142857139,0,0,10,34,61,1295,,,1.0,1.0,0.9904761904761905,,,0.9411764705882354,0.9333333333333333
pdd_10w,promised_delivery_end_range_date_at_order,177991,GRANPA PIG INC CA 91762,81468,GRANPA PIG INC,"CA,NJ",APS Home Improvement,Asia Supplier Service Desk,CA,builds_directs,908,105,3,0.003303964757709251,98,77,0.08480176211453745,,,0,0,0.9559471365638766,0.8766519823788544,3,0,25,0,77,803,1.0,,,1.0,1.0,1.0,,,0.9333333333333333
pdd_10w,promised_delivery_end_range_date_at_order,218909,Shenzhenshi Mingxinkeji Youxiangongsi CA 91733,218357,Shenzhenshi Mingxinkeji Youxiangongsi,CA,APS Housewares & More,Jynn Jiang,CA,builds_directs,899,105,0,0.0,97,87,0.0967741935483871,,,0,0,0.9822024471635146,0.9254727474972197,0,0,18,0,87,794,,,,0.9540229885057473,0.961904761904762,,,,0.8761904761904759
pdd_10w,promised_delivery_end_range_date_at_order,37777,"Audoormatics USA, Inc",37777,"Audoormatics USA, Inc",CA,Decor,Supplier Service Desk,CA,builds_directs,834,105,0,0.0,102,89,0.10671462829736211,,,0,0,0.9832134292565946,0.9064748201438845,0,0,16,10,79,729,,,1.0,0.9746835443037974,0.9809523809523809,,,1.0,0.8666666666666667
pdd_10w,promised_delivery_end_range_date_at_order,369381,Festival Neo Corporation CA 91789,53394,Festival Neo Corporation,"CA,NJ",APS AEOF,Fiona Jiang,CA,builds_directs,807,105,5,0.006195786864931847,98,84,0.10408921933085502,,,0,0,0.9913258983890944,0.9355638166047092,5,0,16,0,84,702,1.0,,,1.0,1.0,1.0,,,0.8476190476190477
pdd_10w,promised_delivery_end_range_date_at_order,65867,CJ Co.,65867,CJ Co.,CA,Lighting,Asia Supplier Service Desk,CA,builds_directs,770,104,0,0.0,99,85,0.11038961038961038,,,0,0,0.9636363636363641,0.8753246753246761,0,0,19,0,85,666,,,,0.9647058823529413,0.9615384615384616,,,,0.8365384615384613
pdd_10w,promised_delivery_end_range_date_at_order,279326,Kazoo LLC CA 91762,226762,Kazoo LLC,CA,Storage & Org - Frequency,Supplier Service Desk,CA,builds_directs,762,104,0,0.0,101,81,0.1062992125984252,,,0,0,0.8779527559055128,0.8307086614173222,0,0,23,0,81,658,,,,0.9506172839506172,0.9519230769230766,,,,0.8461538461538461
pdd_10w,promised_delivery_end_range_date_at_order,205877,Boxstar - ZhiRun - David,201670,shenzhenshiaijinmaoyiyouxiangongsi,CA,Lighting,Lavinia Zhang,CA,builds_directs,676,104,0,0.0,103,89,0.13165680473372782,,,0,0,0.9156804733727808,0.8446745562130173,0,0,15,11,78,572,,,1.0,0.9743589743589745,0.9807692307692307,,,0.9090909090909091,0.8942307692307692
pdd_10w,promised_delivery_end_range_date_at_order,153171,South Point Home Fashions Inc. NC,59132,South Point Home Fashions Inc.,NC,Soft Home,Jessica Gu,NC,builds_directs,1500,103,0,0.0,103,90,0.06,,,0,0,0.9293333333333341,0.8980000000000002,0,0,13,13,77,1397,,,1.0,1.0,1.0,,,1.0,0.9320388349514563
pdd_10w,promised_delivery_end_range_date_at_order,400557,IP-NJ,214159,SYNCLOGIQ PTE. LTD.,"CA,GA,NJ,TX",APS Outdoor,Moti Mao,NJ,builds_directs,1269,103,3,0.002364066193853428,84,75,0.0591016548463357,,,0,0,0.9984239558707647,0.8597320724980301,3,0,25,35,40,1166,1.0,,1.0,1.0,1.0,1.0,,0.8285714285714286,0.757281553398058
pdd_10w,promised_delivery_end_range_date_at_order,76807,Carolina Cottage NC 27290,193,Carolina Cottage,NC,Casegoods,Ryan Black,NC,builds_directs,1267,103,0,0.0,99,86,0.06787687450670876,,,0,0,0.9794790844514609,0.936858721389108,0,0,17,13,73,1164,,,1.0,1.0,1.0,,,1.0,0.9611650485436892
pdd_10w,promised_delivery_end_range_date_at_order,25770,Jamie Young Company 331 West Victoria,10465,Jamie Young Company,CA,PG Home Improvement,Dananh Do,CA,builds_directs,1091,103,0,0.0,100,93,0.08524289642529789,,,0,0,0.8936755270394131,0.8698441796516961,0,0,10,20,73,988,,,0.8999999999999999,0.8082191780821918,0.8252427184466021,,,0.9499999999999998,0.8834951456310677
pdd_10w,promised_delivery_end_range_date_at_order,53590,American Heritage Textiles KY,37170,American Heritage Textiles,KY,Soft Home,Supplier Service Desk,KY,builds_directs,1386,102,0,0.0,100,72,0.05194805194805195,,,0,0,0.988455988455988,0.9126984126984128,0,0,30,8,64,1284,,,1.0,0.984375,0.9803921568627451,,,1.0,0.9313725490196075
pdd_10w,promised_delivery_end_range_date_at_order,41633,Rev-A-Shelf KY 40299,20539,Rev-A-Shelf,KY,Storage & Org - Frequency,Haleigh Prindle,KY,builds_directs,1137,102,0,0.0,101,91,0.08003518029903255,,,0,0,0.9753737906772205,0.8839050131926119,0,0,11,11,80,1035,,,1.0,0.9625000000000001,0.9705882352941174,,,1.0,0.8725490196078431
pdd_10w,promised_delivery_end_range_date_at_order,408313,HighlanderHomeInc CA 92071,42702,HighlanderHomeInc,CA,Flooring,Elizabeth Conlon,CA,builds_directs,1050,102,0,0.0,97,88,0.0838095238095238,,,0,0,0.8857142857142855,0.8695238095238099,0,0,14,32,56,948,,,0.8125000000000001,0.9107142857142854,0.8921568627450983,,,0.8124999999999999,0.8725490196078433
pdd_10w,promised_delivery_end_range_date_at_order,11582,Classic Slipcovers Inc.,11582,Classic Slipcovers Inc.,CA,Upholstery,Demi Wang,CA,builds_directs,771,101,0,0.0,101,82,0.10635538261997406,,,0,0,0.9857328145265882,0.9481193255512325,0,0,19,0,82,670,,,,1.0,1.0,,,,0.9306930693069306
pdd_10w,promised_delivery_end_range_date_at_order,46282,Royal Gourmet Corp TX 77041,27234,Royal Gourmet Corp,"CA,GA,TX",APS,Erica Zhou,TX,builds_directs,517,101,5,0.009671179883945842,92,70,0.13539651837524178,,,0,0,0.990328820116054,0.9071566731141198,5,0,26,12,58,416,0.8,,1.0,0.982758620689655,0.9801980198019803,0.8,,0.9166666666666666,0.9207920792079207
pdd_10w,promised_delivery_end_range_date_at_order,351322,Three-Wins Imports LLC PA 19460,89517,Three-Wins Imports LLC,"CA,PA",Recreation,Kiirstin Rautiola,PA,builds_directs,1307,100,0,0.0,100,87,0.0665646518745218,,,0,0,0.9479724560061206,0.8684009181331293,0,0,13,29,58,1207,,,0.8965517241379308,0.8103448275862067,0.8499999999999998,,,0.7586206896551725,0.74
pdd_10w,promised_delivery_end_range_date_at_order,89213,YITA LLC NJ 08902,70265,YITA LLC,"CA,GA,NJ,WA",APS AEOF,Carl Li,NJ,builds_directs,1224,100,1,0.0008169934640522876,99,75,0.061274509803921566,,,0,0,0.9771241830065359,0.9166666666666665,1,0,24,17,58,1124,1.0,,1.0,1.0,1.0,1.0,,0.9411764705882352,0.9299999999999998
pdd_10w,promised_delivery_end_range_date_at_order,411130,"Hunan Shouhuzhe Information Technology Co., LTD CA 91761",370080,"Hunan Shouhuzhe Information Technology Co., LTD","CA,MA,TX",APS Home Improvement,Asia Supplier Service Desk,CA,builds_directs,1022,100,10,0.009784735812133072,81,72,0.07045009784735812,,,0,0,0.8894324853228964,0.8160469667318978,10,0,18,13,59,922,1.0,,1.0,0.9830508474576269,0.99,0.8999999999999999,,0.6923076923076923,0.78
pdd_10w,promised_delivery_end_range_date_at_order,227808,Gatlei Limited CA 92880,119977,Gatlei Limited,CA,APS,Estrella Wang,CA,builds_directs,901,100,0,0.0,98,89,0.09877913429522753,,,0,0,0.955604883462819,0.8457269700332959,0,0,11,0,89,801,,,,1.0,1.0,,,,0.9199999999999999
pdd_10w,promised_delivery_end_range_date_at_order,150211,Shenzhenshi Hejingshangmao Youxiangongsi CA 91766,147907,Shenzhenshi Hejingshangmao Youxiangongsi,CA,APS Home Improvement,Asia Supplier Service Desk,CA,builds_directs,562,100,0,0.0,100,74,0.13167259786476868,,,0,0,0.9715302491103204,0.8683274021352307,0,0,26,0,74,462,,,,1.0,0.99,,,,0.8799999999999999
pdd_10w,promised_delivery_end_range_date_at_order,271905,HomeAgain LLC CA 90040,271348,HomeAgain LLC,CA,Wayfair,Supplier Service Desk,CA,builds_directs,392,100,0,0.0,96,82,0.20918367346938777,,,0,0,0.9438775510204076,0.8443877551020408,0,0,18,19,63,292,,,1.0,1.0,1.0,,,1.0,0.8699999999999999
pdd_10w,promised_delivery_end_range_date_at_order,110264,MDesign Village NJ 08873,30627,MDesign Village,NJ,Youth Furniture & Decor,Kendra Abbott,NJ,builds_directs,1254,99,0,0.0,93,80,0.06379585326953748,,,0,0,0.8787878787878778,0.9082934609250406,0,0,19,0,80,1155,,,,0.9374999999999999,0.9393939393939397,,,,0.9292929292929293
pdd_10w,promised_delivery_end_range_date_at_order,101953,Ashcroft Imports TX,29037,Ashcroft Imports,TX,Upholstery,Paul Powers,TX,builds_directs,1012,99,0,0.0,97,82,0.08102766798418973,,,0,0,0.9851778656126489,0.9021739130434774,0,0,17,12,70,913,,,1.0,1.0,1.0,,,1.0,0.9393939393939392
pdd_10w,promised_delivery_end_range_date_at_order,67432,Mamma Mia Covers LLC,67432,Mamma Mia Covers LLC,FL,Upholstery,Demi Wang,FL,builds_directs,1001,99,0,0.0,92,81,0.08091908091908091,,,0,0,0.9910089910089895,0.9080919080919081,0,0,18,6,75,902,,,1.0,0.9866666666666666,0.9797979797979798,,,0.8333333333333334,0.8282828282828282
pdd_10w,promised_delivery_end_range_date_at_order,401171,Leafy Bliss Inc CA 92324,288156,Leafy Bliss Inc,"CA,GA,NJ",APS Upholstery,Blair-Yaqing Gong,CA,builds_directs,985,99,3,0.003045685279187817,48,55,0.05583756345177665,,,0,0,0.9482233502538063,0.8314720812182743,3,0,41,21,34,886,0.33333333333333337,,1.0,0.9117647058823529,0.9494949494949492,0.33333333333333337,,1.0,0.707070707070707
pdd_10w,promised_delivery_end_range_date_at_order,196288,Island Universe Hardware Inc. CA,63740,Island Universe Hardware Inc.,CA,Hardware,Supplier Service Desk,CA,builds_directs,879,99,0,0.0,97,84,0.09556313993174062,,,0,0,1.0,0.9431171786120588,0,0,15,13,71,780,,,1.0,1.0,1.0,,,1.0,0.9696969696969696
pdd_10w,promised_delivery_end_range_date_at_order,74722,YBC TRADING INC.,74722,YBC TRADING INC.,CA,Lighting,Supplier Service Desk,CA,builds_directs,776,99,0,0.0,97,67,0.08634020618556701,,,0,0,0.9819587628865982,0.920103092783505,0,0,32,17,50,677,,,1.0,1.0,0.9797979797979797,,,0.9411764705882352,0.8484848484848486
pdd_10w,promised_delivery_end_range_date_at_order,463513,Luxe Weavers NJ 08638,20583,Luxe Weavers,"IL,NJ",Rugs,Alex Resnick,NJ,builds_directs,755,99,4,0.005298013245033113,94,78,0.10331125827814569,,,0,0,0.9576158940397353,0.9589403973509935,4,0,17,18,60,656,1.0,,1.0,1.0,1.0,0.75,,0.8888888888888887,0.8989898989898989
pdd_10w,promised_delivery_end_range_date_at_order,268405,ZHEJIANG XINGHUA FURNITURE CO LTD AT3 GA 30517,202245,ZHEJIANG XINGHUA FURNITURE CO LTD,"CA,GA",APS,Ricky Yu,GA,builds_directs,674,99,6,0.008902077151335312,92,72,0.10682492581602374,,,0,0,0.9673590504451037,0.8783382789317504,6,0,21,12,60,575,1.0,,1.0,1.0,1.0,0.8333333333333334,,1.0,0.9595959595959597
pdd_10w,promised_delivery_end_range_date_at_order,25157,Patton Wallcoverings Inc.,25157,Patton Wallcoverings Inc.,OH,Decor,Kate Poletynski,OH,builds_directs,1589,98,0,0.0,97,87,0.05475141598489616,,,0,0,0.94273127753304,0.9207048458149785,0,0,11,9,78,1491,,,1.0,1.0,0.9897959183673469,,,1.0,0.9183673469387752
pdd_10w,promised_delivery_end_range_date_at_order,308650,HHALI NJ 07095,307699,HHALI,NJ,Wayfair,Supplier Service Desk,NJ,builds_directs,1131,98,0,0.0,98,75,0.06631299734748011,,,0,0,0.9531388152077814,0.8744473916887711,0,0,23,0,75,1033,,,,1.0,0.979591836734694,,,,0.8265306122448982
pdd_10w,promised_delivery_end_range_date_at_order,65539,"J.G. EDELEN CO., INC.",65539,"J.G. EDELEN CO., INC.",VA,Hardware,Supplier Service Desk,VA,builds_directs,1056,98,0,0.0,98,74,0.07007575757575757,,,0,0,0.9668560606060602,0.8693181818181824,0,0,24,20,54,958,,,1.0,1.0,1.0,,,1.0,0.846938775510204
pdd_10w,promised_delivery_end_range_date_at_order,462552,Zhejiangweinuokejiyouxiangongsi GA 31308,60691,Zhejiangweinuokejiyouxiangongsi,"CA,GA,NJ",APS K&D,Hannah Guan,GA,builds_directs,917,98,4,0.004362050163576881,86,65,0.07088331515812432,,,0,0,0.9651035986913852,0.8865866957470018,4,0,29,23,42,819,1.0,,1.0,1.0,0.9693877551020409,1.0,,1.0,0.9489795918367346
pdd_10w,promised_delivery_end_range_date_at_order,225529,Typhoon Homewares GA,20621,The Rayware Group,GA,Kitchen & Small Electrics,Ashley Coulter,GA,builds_directs,800,98,0,0.0,98,76,0.095,,,0,0,0.2412499999999999,0.5412500000000009,0,0,22,20,56,702,,,0.09999999999999999,0.5000000000000001,0.3979591836734695,,,1.0,0.8979591836734688
pdd_10w,promised_delivery_end_range_date_at_order,22915,"Moda At Home, Inc.",22915,"Moda At Home, Inc.",NJ,Storage & Org - Frequency,Bryn Bennett,NJ,builds_directs,766,98,0,0.0,97,75,0.097911227154047,,,0,0,0.8929503916449085,0.8237597911227155,0,0,23,0,75,668,,,,0.8933333333333334,0.9183673469387752,,,,0.7959183673469387
pdd_10w,promised_delivery_end_range_date_at_order,300817,HALOPU LTD CA 91761,271608,HALOPU LTD,"CA,NJ",Hardware,Aria Yao,CA,builds_directs,921,97,3,0.003257328990228013,68,61,0.06623235613463627,,,0,0,0.8783930510314881,0.7557003257328991,3,0,33,2,59,824,0.6666666666666667,,1.0,0.6779661016949153,0.7835051546391756,0.6666666666666667,,1.0,0.7216494845360825
pdd_10w,promised_delivery_end_range_date_at_order,72335,LINSCRAFT INC CA 94580,69607,LINSCRAFT INC,CA,APS Home Improvement,Asia Supplier Service Desk,CA,builds_directs,711,97,0,0.0,94,72,0.10126582278481013,,,0,0,0.8818565400843887,0.8635724331926867,0,0,25,10,62,614,,,0.8999999999999999,0.9838709677419355,0.9793814432989691,,,0.7999999999999999,0.8865979381443295
pdd_10w,promised_delivery_end_range_date_at_order,84033,Multile Inc NJ,37278,Multile Inc,NJ,Flooring,Elizabeth Conlon,NJ,builds_directs,1190,96,0,0.0,95,70,0.058823529411764705,,,0,0,0.9462184873949574,0.901680672268907,0,0,26,27,43,1094,,,0.8518518518518517,0.8837209302325582,0.9062499999999998,,,0.7777777777777778,0.8541666666666669
pdd_10w,promised_delivery_end_range_date_at_order,266794,"Anji Chelin Furniture Company.,Ltd CA 91752",60691,Zhejiangweinuokejiyouxiangongsi,"CA,GA,NJ",APS K&D,Hannah Guan,CA,builds_directs,1142,96,7,0.006129597197898424,58,65,0.05691768826619965,,,0,0,0.6873905429071798,0.8800350262697018,7,0,24,4,61,1046,1.0,,0.25,1.0,0.90625,0.7142857142857143,,1.0,0.8229166666666669
pdd_10w,promised_delivery_end_range_date_at_order,477876,Minka/Minka Aire GA 31302,698,Minka/Minka Aire,"CA,GA",Lighting,Cheryl Lin,GA,builds_directs,1065,96,10,0.009389671361502348,76,67,0.06291079812206572,,,0,0,0.4685446009389671,0.8131455399061027,10,0,19,1,66,969,0.6,,0.0,0.5151515151515151,0.53125,0.7999999999999999,,1.0,0.8124999999999999
pdd_10w,promised_delivery_end_range_date_at_order,494265,shen zhen shi da rui feng mao yi you xian gong si CA 91746,464980,shen zhen shi da rui feng mao yi you xian gong si,CA,APS Housewares & More,Asia Supplier Service Desk,CA,builds_directs,840,96,0,0.0,95,75,0.08928571428571429,,,0,0,0.8904761904761909,0.8321428571428574,0,0,21,22,53,744,,,0.8181818181818181,0.9433962264150944,0.9166666666666664,,,0.8181818181818181,0.8437500000000001
pdd_10w,promised_delivery_end_range_date_at_order,8468,ChloeLighting TX 75041,7980,ChloeLighting,TX,Lighting,Kya Mehlman,TX,builds_directs,1115,95,0,0.0,93,69,0.06188340807174888,,,0,0,0.956053811659193,0.912107623318386,0,0,26,0,69,1020,,,,1.0,0.9894736842105263,,,,0.9052631578947369
pdd_10w,promised_delivery_end_range_date_at_order,321924,Samtons Lighting CA 91762,50194,Samtons Lighting,"CA,TX",APS Home Improvement,Lydia Chen,CA,builds_directs,938,95,8,0.008528784648187633,78,64,0.06823027718550106,,,0,0,0.8635394456289986,0.9104477611940295,8,0,23,0,64,843,0.875,,,0.9218750000000001,0.9368421052631579,0.875,,,0.873684210526316
pdd_10w,promised_delivery_end_range_date_at_order,57534,"Forge Hardware Studio, LLC",57534,"Forge Hardware Studio, LLC",FL,Hardware,Supplier Service Desk,FL,builds_directs,677,95,0,0.0,66,62,0.0915805022156573,,,0,0,0.9394387001477105,0.7828655834564253,0,0,33,0,62,582,,,,0.9677419354838709,0.9789473684210527,,,,0.7894736842105263
pdd_10w,promised_delivery_end_range_date_at_order,496759,Kingray home textiles CA 91746,28582,Kingray home textiles,CA,Soft Home,Supplier Service Desk,CA,builds_directs,660,95,0,0.0,92,85,0.12878787878787878,,,0,0,0.9621212121212117,0.9,0,0,10,10,75,565,,,1.0,1.0,1.0,,,1.0,0.8631578947368423
pdd_10w,promised_delivery_end_range_date_at_order,37678,Animetronix Inc. CA,21611,Animetronix Inc.,CA,Kitchen & Small Electrics,Ashley Coulter,CA,builds_directs,615,95,0,0.0,92,73,0.11869918699186992,,,0,0,0.8552845528455286,0.7414634146341463,0,0,22,15,58,520,,,0.4666666666666667,1.0,0.873684210526316,,,0.4,0.7578947368421052
pdd_10w,promised_delivery_end_range_date_at_order,471156,PEAKLI LIGHT LLC CA 92324,119983,PEAKLI LIGHT LLC,"CA,NJ",APS Home Improvement,Hernando Xia,CA,builds_directs,403,95,2,0.004962779156327543,81,74,0.18362282878411912,,,0,0,0.893300248138958,0.7493796526054588,2,0,19,0,74,308,1.0,,,0.8918918918918916,0.9157894736842104,1.0,,,0.5894736842105264
pdd_10w,promised_delivery_end_range_date_at_order,333172,Soluwa LLC GA 31308,58042,Soluwa LLC,"CA,GA,NJ,PA",APS Outdoor,Amber Xiang,GA,builds_directs,958,94,6,0.006263048016701462,49,68,0.0709812108559499,,,0,0,0.9979123173277655,0.8851774530271403,6,0,20,35,33,864,1.0,,1.0,1.0,1.0,1.0,,0.942857142857143,0.9042553191489363
pdd_10w,promised_delivery_end_range_date_at_order,249783,BeatiNeon Irvine Warehouse,244283,Beatineon Lighting Inc.,CA,Lighting,Cheryl Zhang,CA,builds_directs,914,94,0,0.0,89,79,0.08643326039387308,,,0,0,0.799781181619256,0.8041575492341365,0,0,15,0,79,820,,,,0.5696202531645571,0.5851063829787232,,,,0.8085106382978722
pdd_10w,promised_delivery_end_range_date_at_order,15050,Arthur Court Designs,15050,Arthur Court Designs,CA,Tabletop,Araj Shaikh,CA,builds_directs,716,94,0,0.0,93,81,0.11312849162011174,,,0,0,0.944134078212291,0.861731843575419,0,0,13,20,61,622,,,1.0,0.983606557377049,0.9893617021276597,,,1.0,0.925531914893617
pdd_10w,promised_delivery_end_range_date_at_order,399838,Costa Farms FL 33170 (2),56948,Costa Farms,FL,Decor,Phoebe Leonard,FL,builds_directs,1304,93,0,0.0,88,82,0.06288343558282208,,,0,0,0.9969325153374232,0.9624233128834347,0,0,11,10,72,1211,,,1.0,1.0,1.0,,,0.8999999999999999,0.9784946236559141
pdd_10w,promised_delivery_end_range_date_at_order,487894,TX03,121578,"Zhongshan Pashengte E-Commerce Co., Ltd.","CA,TX",APS Home Improvement,Aria LI,TX,builds_directs,982,93,9,0.009164969450101833,74,61,0.062118126272912425,,,0,0,0.9867617107942981,0.9439918533604886,9,0,23,0,61,889,1.0,,,1.0,0.9784946236559141,0.8888888888888888,,,0.89247311827957
pdd_10w,promised_delivery_end_range_date_at_order,264570,Couleur Nature CA,8251,Couleur Nature,CA,Tabletop,Isabella Keel,CA,builds_directs,612,93,0,0.0,86,81,0.1323529411764706,,,0,0,0.9575163398692811,0.8741830065359483,0,0,12,16,65,519,,,1.0,0.9384615384615383,0.9569892473118279,,,1.0,0.7956989247311825
pdd_10w,promised_delivery_end_range_date_at_order,253226,"ANJI COZY HOME CO.,LTD. NJ 08016",239691,"ANJI COZY HOME CO.,LTD.","CA,NJ",APS,Frank Huang,NJ,builds_directs,884,92,2,0.0022624434389140274,84,71,0.08031674208144797,,,0,0,0.8404977375565605,0.9242081447963801,2,0,19,0,71,792,1.0,,,0.9859154929577465,0.9891304347826089,1.0,,,0.9565217391304349
pdd_10w,promised_delivery_end_range_date_at_order,334005,Butler IL 60638,1422,Butler,IL,Casegoods,Gabrielle derKinderen,IL,builds_directs,710,92,0,0.0,89,79,0.11126760563380282,,,0,0,0.8521126760563383,0.9478873239436617,0,0,13,7,72,618,,,1.0,0.9583333333333334,0.9565217391304347,,,1.0,0.9782608695652175
pdd_10w,promised_delivery_end_range_date_at_order,250825,BRBCA Machines LLC CA 93611,250823,BRBCA Machines LLC,CA,Wayfair,Supplier Service Desk,CA,builds_directs,679,92,0,0.0,92,73,0.10751104565537556,,,0,0,0.8998527245949924,0.8762886597938151,0,0,19,0,73,587,,,,0.9452054794520549,0.9347826086956521,,,,0.902173913043478
pdd_10w,promised_delivery_end_range_date_at_order,21667,Artiva USA CA 91710,21335,Artiva USA,CA,Lighting,Greer Long,CA,builds_directs,625,92,0,0.0,89,81,0.1296,,,0,0,0.8863999999999996,0.8095999999999994,0,0,11,21,60,533,,,0.7619047619047619,0.6000000000000003,0.6521739130434782,,,0.9047619047619045,0.717391304347826
pdd_10w,promised_delivery_end_range_date_at_order,167596,Warehouse CA 1,163297,Zhejiang Deodar Industry Co Ltd (USA),CA,APS,Asia Supplier Service Desk,CA,builds_directs,499,92,0,0.0,89,69,0.13827655310621242,,,0,0,0.8837675350701392,0.9078156312625246,0,0,23,0,69,407,,,,0.9565217391304348,0.9565217391304348,,,,0.9239130434782608
pdd_10w,promised_delivery_end_range_date_at_order,406292,guangzhoushilingyingkejiyouxiangongsi GA 31322,234591,Meroy Odelia Wholesale LLC,"CA,GA,NJ",APS Home Improvement,Cheryl Zhang,GA,builds_directs,458,92,3,0.006550218340611353,85,50,0.1091703056768559,,,0,0,0.9737991266375546,0.8602620087336246,3,0,39,3,47,366,1.0,,1.0,1.0,0.9782608695652173,1.0,,1.0,0.8260869565217394
pdd_10w,promised_delivery_end_range_date_at_order,233424,Dream On Me NJ 08873,1461,Dream On Me,"CA,NJ",Youth Furniture & Decor,Kendra Abbott,NJ,builds_directs,1314,91,3,0.00228310502283105,88,69,0.05251141552511415,,,0,0,0.9185692541856922,0.9101978691019796,3,0,19,0,69,1223,0.6666666666666666,,,0.9420289855072462,0.9340659340659341,0.6666666666666666,,,0.923076923076923
pdd_10w,promised_delivery_end_range_date_at_order,224299,Camilson LLC TX 77494,80417,Camilson LLC,TX,Rugs,Brianna Barrett,TX,builds_directs,875,91,0,0.0,87,78,0.08914285714285715,,,0,0,0.9737142857142859,0.890285714285714,0,0,13,0,78,784,,,,0.9743589743589743,0.9670329670329672,,,,0.9010989010989007
pdd_10w,promised_delivery_end_range_date_at_order,354614,JINGHONGYA 1,354182,Ward Cross border (Hong Kong) Limited,CA,Wayfair,Yvonne Yin,CA,builds_directs,1406,90,0,0.0,88,78,0.05547652916073969,,,0,0,0.890469416785206,0.8854907539118064,0,0,12,11,67,1316,,,1.0,1.0,1.0,,,1.0,0.9444444444444441
pdd_10w,promised_delivery_end_range_date_at_order,348871,Mary  Elisa Marketplace Inc. (Joyxeon) CA 91746,74147,Mary  Elisa Marketplace Inc. (Joyxeon),"CA,NJ",APS Housewares & More,Asia Supplier Service Desk,CA,builds_directs,1004,90,8,0.00796812749003984,82,59,0.05876494023904383,,,0,0,0.9721115537848611,0.8974103585657375,8,0,23,0,59,914,0.875,,,1.0,0.9222222222222223,1.0,,,0.888888888888889
pdd_10w,promised_delivery_end_range_date_at_order,11968,Betsy Drake Interiors GA 30036,11819,Betsy Drake Interiors,GA,Soft Home,Supplier Service Desk,GA,builds_directs,800,90,0,0.0,88,67,0.08375,,,0,0,0.8637500000000008,0.9024999999999993,0,0,23,12,55,710,,,1.0,1.0,0.988888888888889,,,1.0,0.9222222222222224
pdd_10w,promised_delivery_end_range_date_at_order,177958,MDA Rugs IL,46808,MDA Rugs,IL,Rugs,Brianna Barrett,IL,builds_directs,762,90,0,0.0,90,72,0.09448818897637795,,,0,0,0.9829396325459312,0.8740157480314963,0,0,18,0,72,672,,,,1.0,1.0,,,,0.8777777777777775
pdd_10w,promised_delivery_end_range_date_at_order,356446,Beijing Zhongkai Runbang Technology NJ 07008,348426,"Beijing Zhongkai Runbang Technology Development Co., Ltd",NJ,Casegoods,Asia Supplier Service Desk,NJ,builds_directs,693,90,0,0.0,90,78,0.11255411255411256,,,0,0,0.9393939393939392,0.9004329004329005,0,0,12,12,66,603,,,1.0,0.9848484848484848,0.9888888888888889,,,0.9166666666666666,0.9333333333333333
pdd_10w,promised_delivery_end_range_date_at_order,495761,"USI FLORAL IMPORTS, INC. CA 90040",37933,"USI FLORAL IMPORTS, INC.",CA,Decor,Trevor Cody,CA,builds_directs,652,90,0,0.0,87,74,0.11349693251533742,,,0,0,0.9907975460122692,0.9340490797546007,0,0,16,18,56,562,,,1.0,1.0,1.0,,,1.0,0.9333333333333335
pdd_10w,promised_delivery_end_range_date_at_order,10347,Sunny Designs CA 91730,7399,Sunny Designs,CA,Casegoods,Christian Kokoros,CA,builds_directs,634,90,0,0.0,77,71,0.11198738170347003,,,0,0,0.9116719242902209,0.9195583596214516,0,0,19,10,61,544,,,1.0,0.9180327868852458,0.9444444444444446,,,0.8999999999999999,0.911111111111111
pdd_10w,promised_delivery_end_range_date_at_order,341461,Business  Pleasure Co. CLN1,44153,Business  Pleasure Co.,CA,PG Outdoor,Tanner Santos,CA,builds_directs,539,90,0,0.0,89,81,0.150278293135436,,,0,0,0.7569573283859005,0.8515769944341377,0,0,9,24,57,449,,,0.5833333333333333,0.6842105263157895,0.6666666666666666,,,0.7500000000000001,0.8111111111111111
pdd_10w,promised_delivery_end_range_date_at_order,295140,AcanvaCo CA 91761,44764,AcanvaCo,CA,APS,Asia Supplier Service Desk,CA,builds_directs,487,90,0,0.0,89,68,0.13963039014373715,,,0,0,0.9363449691991791,0.8726899383983575,0,0,22,0,68,397,,,,1.0,0.988888888888889,,,,0.8999999999999998
pdd_10w,promised_delivery_end_range_date_at_order,332369,PROYIL CO CA 92410,308580,PROYIL CO,"CA,GA",Outdoor Furniture,Kate Schryver,CA,builds_directs,296,90,2,0.006756756756756757,70,53,0.17905405405405406,,,0,0,0.8412162162162162,0.858108108108108,2,0,35,1,52,206,1.0,,1.0,1.0,0.8444444444444447,1.0,,1.0,0.877777777777778
pdd_10w,promised_delivery_end_range_date_at_order,297045,Annie Selke CA 92506,38965,Annie Selke,"CA,NJ",PG Rugs,Rachel Markham,CA,builds_directs,1198,89,3,0.0025041736227045075,79,62,0.05175292153589316,,,0,0,0.9899833055091816,0.9424040066777956,3,0,24,5,57,1109,1.0,,1.0,0.9649122807017544,0.9662921348314608,0.6666666666666666,,0.8,0.8539325842696629
pdd_10w,promised_delivery_end_range_date_at_order,41169,WINSOON GA 30071,32174,Homacer Inc.,GA,APS,Olivia Batt,GA,builds_directs,932,89,0,0.0,89,67,0.07188841201716738,,,0,0,0.8980686695278975,0.7789699570815446,0,0,22,0,67,843,,,,0.9104477611940297,0.8876404494382021,,,,0.7865168539325841
pdd_10w,promised_delivery_end_range_date_at_order,109564,Roselli Trading Company LLC CT 06615,13949,Roselli Trading Company LLC,CT,Storage & Org - Frequency,Bryn Bennett,CT,builds_directs,779,89,0,0.0,89,68,0.08729139922978177,,,0,0,0.9576379974326058,0.8806161745827984,0,0,21,18,50,690,,,1.0,1.0,1.0,,,1.0,0.9325842696629213
pdd_10w,promised_delivery_end_range_date_at_order,110715,HERVEY TEDROW LLC CA 91748,109117,HERVEY TEDROW LLC,CA,APS Mattresses,Yvonne Yin,CA,builds_directs,659,89,0,0.0,82,76,0.11532625189681335,,,0,0,0.6342943854324737,0.8027314112291345,0,0,13,10,66,570,,,0.5,0.7727272727272727,0.7078651685393258,,,0.8,0.7640449438202246
pdd_10w,promised_delivery_end_range_date_at_order,300444,shanghaizhongxinghuanchenxincaCA 91748,173799,shanghaizhongxinghuanchenxincailiaokejiLtd,"CA,NY",APS Youth,Asia Supplier Service Desk,CA,builds_directs,631,89,1,0.001584786053882726,81,61,0.09667194928684628,,,0,0,0.9318541996830427,0.8304278922345475,1,0,27,0,61,542,1.0,,,0.983606557377049,0.9887640449438204,1.0,,,0.7977528089887639
pdd_10w,promised_delivery_end_range_date_at_order,156608,Nuk3y Corp CA 91761,149308,Nuk3y Corp,CA,Hardware,Supplier Service Desk,CA,builds_directs,525,89,0,0.0,83,70,0.13333333333333333,,,0,0,0.9942857142857142,0.9295238095238093,0,0,19,6,64,436,,,1.0,1.0,0.9887640449438203,,,0.6666666666666666,0.8539325842696628
pdd_10w,promised_delivery_end_range_date_at_order,473177,Houston International Trading TX 77081-2049,22960,Houston International Trading,TX,Storage & Org - Frequency,Bryn Bennett,TX,builds_directs,493,89,0,0.0,89,73,0.14807302231237324,,,0,0,0.671399594320486,0.8722109533468554,0,0,16,0,73,404,,,,0.4657534246575343,0.43820224719101125,,,,0.8202247191011234
pdd_10w,promised_delivery_end_range_date_at_order,21350,Cosmos Gifts,21350,Cosmos Gifts,TX,Kitchen & Small Electrics,Ashley Coulter,TX,builds_directs,1213,88,0,0.0,88,76,0.06265457543281121,,,0,0,0.9826875515251441,0.9249793899422925,0,0,12,37,39,1125,,,1.0,1.0,0.9545454545454546,,,1.0,0.965909090909091
pdd_10w,promised_delivery_end_range_date_at_order,227560,EHL01,95501,Bloddream Global Inc.,CA,APS,Thomas Zhang,CA,builds_directs,995,88,0,0.0,82,72,0.07236180904522613,,,0,0,0.9839195979899495,0.9025125628140704,0,0,16,11,61,907,,,1.0,1.0,1.0,,,1.0,0.8863636363636364
pdd_10w,promised_delivery_end_range_date_at_order,12877,Innova Hearth and Home,12877,Innova Hearth and Home,CA,Decor,Alex Sarkisian,CA,builds_directs,705,88,0,0.0,85,69,0.09787234042553192,,,0,0,0.941843971631206,0.9021276595744675,0,0,19,0,69,617,,,,0.9565217391304349,0.9659090909090908,,,,0.8636363636363633
pdd_10w,promised_delivery_end_range_date_at_order,41923,Masterpiece Art Gallery dba East Coast Graphics,41923,Masterpiece Art Gallery dba East Coast Graphics,CA,Decor,Supplier Service Desk,CA,builds_directs,686,88,0,0.0,83,73,0.10641399416909621,,,0,0,0.979591836734694,0.9548104956268226,0,0,15,0,73,598,,,,1.0,1.0,,,,0.9772727272727273
pdd_10w,promised_delivery_end_range_date_at_order,32085,Entrada Decor inc,32085,Entrada Decor inc,CA,Decor,Supplier Service Desk,CA,builds_directs,563,88,0,0.0,86,81,0.1438721136767318,,,0,0,0.8738898756660742,0.8827708703374773,0,0,7,0,81,475,,,,0.9259259259259257,0.9204545454545454,,,,0.9204545454545455
pdd_10w,promised_delivery_end_range_date_at_order,137481,Shine Company CA,2989,Shine Company,CA,Outdoor Furniture,Isha Singh,CA,builds_directs,532,88,0,0.0,84,67,0.12593984962406016,,,0,0,0.9868421052631579,0.8928571428571431,0,0,21,6,61,444,,,1.0,0.9672131147540983,0.9772727272727273,,,0.6666666666666667,0.8181818181818183
pdd_10w,promised_delivery_end_range_date_at_order,324093,乐歌-NJF02,236680,Win Wood Furniture Co. Limited,"CA,GA,NJ,TX",APS,Nora Li,NJ,builds_directs,1252,87,10,0.007987220447284345,76,64,0.051118210862619806,,,0,0,0.9145367412140585,0.8730031948881797,10,0,13,0,64,1165,1.0,,,0.9374999999999999,0.954022988505747,0.7999999999999999,,,0.8045977011494254
pdd_10w,promised_delivery_end_range_date_at_order,351083,CA008. CA 92337 (2),326437,Hongkong Taisheng Furniture Trading Limited,"CA,GA,IL,NJ,TX",APS AEOF,Ivy Mao,CA,builds_directs,1113,87,5,0.004492362982929021,63,59,0.053009883198562445,,,0,0,0.712488769092542,0.8589398023360283,5,0,23,0,59,1026,1.0,,,0.9322033898305083,0.9425287356321838,1.0,,,0.885057471264368
pdd_10w,promised_delivery_end_range_date_at_order,449676,deconovo CA 90631,56072,deconovo,CA,APS Soft Home,Elvira Tang,CA,builds_directs,1043,87,0,0.0,85,64,0.061361457334611694,,,0,0,0.8734419942473635,0.8302972195589636,0,0,23,0,64,956,,,,0.984375,0.988505747126437,,,,0.8505747126436782
pdd_10w,promised_delivery_end_range_date_at_order,177169,NANCE CARPET GA,26146,NANCE CARPET,GA,Flooring,William Rappole,GA,builds_directs,791,87,0,0.0,87,65,0.08217446270543616,,,0,0,0.7104930467762323,0.8242730720606821,0,0,22,0,65,704,,,,0.44615384615384623,0.45977011494252873,,,,0.7011494252873561
pdd_10w,promised_delivery_end_range_date_at_order,472168,New Pacific Direct CA 90601,20284,New Pacific Direct,CA,Casegoods,Libby Mahonski,CA,builds_directs,641,87,0,0.0,78,74,0.11544461778471139,,,0,0,0.9641185647425896,0.8829953198127928,0,0,13,0,74,554,,,,0.9594594594594595,0.9540229885057472,,,,0.7931034482758621
pdd_10w,promised_delivery_end_range_date_at_order,25716,Test Rite Products Corp CA 91761,25054,Test Rite Products Corp,CA,Storage & Org - Frequency,Bryn Bennett,CA,builds_directs,625,87,0,0.0,86,68,0.1088,,,0,0,0.6463999999999992,0.7343999999999998,0,0,19,11,57,538,,,1.0,0.8596491228070176,0.8735632183908044,,,0.7272727272727272,0.735632183908046
pdd_10w,promised_delivery_end_range_date_at_order,244994,COAST SEQUOIA INC. CA 91761,63881,COAST SEQUOIA INC.,CA,APS Home Improvement,Aria Yao,CA,builds_directs,595,87,0,0.0,84,62,0.10420168067226891,,,0,0,0.9042016806722691,0.8201680672268905,0,0,25,0,62,508,,,,0.9032258064516127,0.8620689655172413,,,,0.6896551724137933
pdd_10w,promised_delivery_end_range_date_at_order,186355,Joy You Industrial Corporation CA,44128,Joy You Industrial Corporation,CA,Tabletop,Isabella Keel,CA,builds_directs,379,87,0,0.0,85,68,0.17941952506596306,,,0,0,0.9973614775725596,0.8627968337730867,0,0,19,0,68,292,,,,1.0,1.0,,,,0.8505747126436782
pdd_10w,promised_delivery_end_range_date_at_order,190357,Urbandi Manufactoring Inc OH 45036,189540,Urbandi Manufactoring Inc,OH,Decor,Allie Neyman,OH,builds_directs,1354,86,0,0.0,86,81,0.05982274741506647,,,0,0,0.5598227474150653,0.6580502215657323,0,0,5,48,33,1268,,,0.8541666666666665,0.8484848484848483,0.8372093023255816,,,0.8541666666666665,0.8023255813953488
pdd_10w,promised_delivery_end_range_date_at_order,369977,"Lancai (Shenzhen) Technology Co., Ltd NJ 07008",91085,Global Bright Zone Limited,"CA,NJ,TX",APS Home Improvement,Xuling Zhang,NJ,builds_directs,1133,86,4,0.00353045013239188,71,69,0.06090026478375993,,,0,0,0.77405119152692,0.8861429832303622,4,0,13,5,64,1047,0.5,,0.4,0.5781249999999999,0.6046511627906974,0.75,,0.4,0.7325581395348837
pdd_10w,promised_delivery_end_range_date_at_order,324088,aifei(shanghai)kejiyouxiangongsi CA 91761,232557,aifei(shanghai)kejiyouxiangongsi,"CA,GA,NJ,TX",APS K&D,Eve Deng,CA,builds_directs,1092,86,6,0.005494505494505495,73,58,0.05311355311355311,,,0,0,0.8910256410256409,0.8882783882783886,6,0,22,17,41,1006,1.0,,0.9411764705882353,0.8536585365853657,0.8604651162790695,1.0,,0.8235294117647056,0.8488372093023255
pdd_10w,promised_delivery_end_range_date_at_order,212184,FSR INTERNATIONAL FREIGHT INC,212167,Hangzhou Taoen Keji Youxian Gongsi,"CA,NY",Pet,Regan Zou,CA,builds_directs,812,86,2,0.0024630541871921183,64,50,0.06157635467980296,,,0,0,0.9248768472906396,0.8214285714285715,2,0,34,0,50,726,1.0,,,0.76,0.8255813953488369,1.0,,,0.4999999999999999
pdd_10w,promised_delivery_end_range_date_at_order,66839,BT CA92705,60648,BT,CA,Upholstery,Demi Wang,CA,builds_directs,638,86,0,0.0,81,72,0.11285266457680251,,,0,0,0.8510971786833854,0.777429467084639,0,0,14,0,72,552,,,,0.9444444444444444,0.9534883720930235,,,,0.8953488372093021
pdd_10w,promised_delivery_end_range_date_at_order,431249,HANMU INTERNATIONAL LIMITED NJ 08518,431035,HANMU INTERNATIONAL LIMITED,"CA,NJ",Wayfair,Emily Liao,NJ,builds_directs,981,85,4,0.004077471967380225,81,68,0.06931702344546381,,,0,0,0.9531090723751265,0.9011213047910299,4,0,13,0,68,896,0.75,,,1.0,0.9882352941176472,0.25,,,0.8823529411764707
pdd_10w,promised_delivery_end_range_date_at_order,267472,Kenroy Home TN 38116,328,Kenroy Home,TN,Lighting,Kya Mehlman,TN,builds_directs,873,85,0,0.0,81,62,0.07101947308132875,,,0,0,0.9942726231386022,0.9312714776632304,0,0,23,0,62,788,,,,0.9838709677419355,0.9882352941176472,,,,0.9176470588235294
pdd_10w,promised_delivery_end_range_date_at_order,273253,Classic Home NC 27350,697,Classic Home,"CA,NC",Casegoods,Connor Henderson,NC,builds_directs,985,84,6,0.006091370558375634,67,67,0.06802030456852792,,,0,0,0.9705583756345175,0.9096446700507604,6,0,11,6,61,901,0.6666666666666666,,1.0,0.9344262295081964,0.9166666666666666,0.0,,1.0,0.8214285714285717
pdd_10w,promised_delivery_end_range_date_at_order,5929,Asia Direct Home Products,5929,Asia Direct Home Products,CA,Casegoods,Supplier Service Desk,CA,builds_directs,686,84,0,0.0,81,68,0.09912536443148688,,,0,0,0.9912536443148686,0.9110787172011664,0,0,16,0,68,602,,,,1.0,1.0,,,,0.9047619047619047
pdd_10w,promised_delivery_end_range_date_at_order,91070,JumpOrange CA 90670(3),13472,JumpOrange,CA,Recreation,XiLin Choi,CA,builds_directs,627,84,0,0.0,79,60,0.09569377990430622,,,0,0,0.9362041467304624,0.8787878787878788,0,0,24,0,60,543,,,,0.9499999999999997,0.9285714285714285,,,,0.8095238095238093
pdd_10w,promised_delivery_end_range_date_at_order,42830,Vagabond Vintage,42830,Vagabond Vintage,GA,Decor,Carly Baker,GA,builds_directs,597,84,0,0.0,84,66,0.11055276381909548,,,0,0,0.9765494137353438,0.9597989949748745,0,0,18,12,54,513,,,1.0,1.0,1.0,,,1.0,0.9642857142857144
pdd_10w,promised_delivery_end_range_date_at_order,65036,Flora Bunda CA,32768,Flora Bunda,CA,Decor,Phoebe Leonard,CA,builds_directs,509,84,0,0.0,84,70,0.137524557956778,,,0,0,0.9174852652259329,0.856581532416503,0,0,14,0,70,425,,,,0.8999999999999997,0.8928571428571427,,,,0.8571428571428571
pdd_10w,promised_delivery_end_range_date_at_order,106337,Dainty Home NY,14523,Dainty Home,NY,Soft Home,Supplier Service Desk,NY,builds_directs,822,83,0,0.0,83,66,0.08029197080291971,,,0,0,0.6532846715328468,0.6836982968369835,0,0,17,0,66,739,,,,0.5454545454545454,0.5662650602409637,,,,0.63855421686747
pdd_10w,promised_delivery_end_range_date_at_order,265529,Amity Home CA,2799,Amity Home,CA,"PG Bedding, Bath & Window",Shannon Walker,CA,builds_directs,811,83,0,0.0,83,70,0.08631319358816276,,,0,0,0.9556103575832307,0.8446362515413067,0,0,13,0,70,728,,,,0.9714285714285713,0.9759036144578312,,,,0.7951807228915663
pdd_10w,promised_delivery_end_range_date_at_order,249585,Albany Living INC NJ 08810,249405,Albany Living INC,NJ,Casegoods,Vanessa Reimer,NJ,builds_directs,794,83,0,0.0,82,69,0.08690176322418136,,,0,0,0.6725440806045345,0.8841309823677582,0,0,14,0,69,711,,,,0.6376811594202897,0.6506024096385543,,,,0.9036144578313252
pdd_10w,promised_delivery_end_range_date_at_order,13290,Ren-Wil NY 12919,1918,Ren-Wil,NY,Decor,Waverly Winterer,NY,builds_directs,688,83,0,0.0,79,76,0.11046511627906977,,,0,0,0.973837209302326,0.9476744186046511,0,0,7,0,76,605,,,,1.0,1.0,,,,0.9759036144578314
pdd_10w,promised_delivery_end_range_date_at_order,58374,Lumi Importing LTD,58374,Lumi Importing LTD,GA,Soft Home,Supplier Service Desk,GA,builds_directs,677,83,0,0.0,83,62,0.0915805022156573,,,0,0,0.9409158050221558,0.7341211225997043,0,0,21,0,62,594,,,,0.967741935483871,0.8915662650602407,,,,0.7108433734939759
pdd_10w,promised_delivery_end_range_date_at_order,448768,"VISION VORTEX CO.,LTD CA 92374",72734,"VISION VORTEX CO.,LTD","CA,GA,IL,MD,NJ,PA,TX",APS Outdoor,Qiwen Fan,CA,builds_directs,601,83,4,0.0066555740432612314,44,51,0.08485856905158069,,,0,0,0.8718801996672212,0.8752079866888518,4,0,28,6,45,518,1.0,,0.8333333333333334,0.8444444444444444,0.8795180722891568,1.0,,0.8333333333333334,0.7590361445783133
pdd_10w,promised_delivery_end_range_date_at_order,360410,Active Items LLC_1 IL 60421,355056,Active Items LLC_1,IL,Wayfair,Jaiden Lawlor,IL,builds_directs,843,82,0,0.0,82,64,0.07591933570581258,,,0,0,0.7698695136417558,0.8291814946619215,0,0,18,0,64,761,,,,0.6562499999999998,0.6707317073170733,,,,0.7560975609756097
pdd_10w,promised_delivery_end_range_date_at_order,40894,Couristan GA,277,Couristan,GA,Rugs,Alex Melius,GA,builds_directs,738,82,0,0.0,82,62,0.08401084010840108,,,0,0,0.9959349593495938,0.9403794037940377,0,0,20,0,62,656,,,,1.0,1.0,,,,0.9268292682926831
pdd_10w,promised_delivery_end_range_date_at_order,349132,shen zhen shi qian bao ge mao yi you xian CA 92376,304209,"Puze Technology (Hong Kong) Co., Limited","CA,PA",APS Home Improvement,Xuling Zhang,CA,builds_directs,595,82,4,0.0067226890756302525,68,56,0.09411764705882353,,,0,0,0.8521008403361345,0.8571428571428579,4,0,22,0,56,513,1.0,,,1.0,0.9878048780487807,1.0,,,0.9146341463414636
pdd_10w,promised_delivery_end_range_date_at_order,348848,JAFFE MURPHY HOUSE INC NJ 08691,72736,JAFFE MURPHY HOUSE INC,"CA,NJ",APS Housewares & More,Asia Supplier Service Desk,NJ,builds_directs,447,82,4,0.008948545861297539,64,51,0.11409395973154363,,,0,0,0.9351230425055923,0.8098434004474268,4,0,27,10,41,365,1.0,,1.0,1.0,1.0,0.5,,0.8999999999999999,0.7682926829268291
pdd_10w,promised_delivery_end_range_date_at_order,494820,Villeroy & Boch NJ 08831,8697,Villeroy & Boch,NJ,Tabletop,Araj Shaikh,NJ,builds_directs,938,81,0,0.0,81,73,0.07782515991471216,,,0,0,0.9605543710021325,0.8891257995735606,0,0,8,12,61,857,,,1.0,1.0,1.0,,,1.0,0.9753086419753086
pdd_10w,promised_delivery_end_range_date_at_order,45254,SOHO Studio NJ 08075,22628,SOHO Studio,"AZ,NJ",Flooring,Maddie Norris,NJ,builds_directs,841,81,2,0.0023781212841854932,72,74,0.08799048751486326,,,0,0,0.8715814506539835,0.8917954815695601,2,0,5,0,74,760,1.0,,,0.8513513513513516,0.8395061728395062,1.0,,,0.8518518518518521
pdd_10w,promised_delivery_end_range_date_at_order,22878,Adesso CA 92336,324,Adesso,"CA,GA",Lighting,Kya Mehlman,CA,builds_directs,836,81,7,0.008373205741626795,69,61,0.0729665071770335,,,0,0,0.8397129186602871,0.8253588516746426,7,0,13,10,51,755,0.8571428571428572,,1.0,1.0,0.9876543209876545,1.0,,1.0,0.9506172839506174
pdd_10w,promised_delivery_end_range_date_at_order,60121,"Accent Decor, Inc. CA 92571",56239,"Accent Decor, Inc.","CA,GA",Decor,Allie Neyman,CA,builds_directs,814,81,1,0.0012285012285012285,74,66,0.08108108108108109,,,0,0,0.8083538083538084,0.7297297297297298,1,0,14,0,66,733,1.0,,,0.9848484848484849,0.9876543209876544,0.0,,,0.8024691358024691
pdd_10w,promised_delivery_end_range_date_at_order,23301,The Pillow Collection MA,13283,The Pillow Collection,MA,Soft Home,Supplier Service Desk,MA,builds_directs,712,81,0,0.0,81,69,0.09691011235955056,,,0,0,0.717696629213484,0.7359550561797749,0,0,12,0,69,631,,,,0.8550724637681159,0.8641975308641976,,,,0.9012345679012346
pdd_10w,promised_delivery_end_range_date_at_order,331343,Anqing Lianfeng Trading CoLtd NJ 07008,241196,Anqing Lianfeng Trading CoLtd,NJ,APS,Asia Supplier Service Desk,NJ,builds_directs,674,81,0,0.0,81,66,0.09792284866468842,,,0,0,0.9421364985163202,0.8783382789317503,0,0,15,9,57,593,,,1.0,0.9649122807017545,0.9629629629629631,,,0.8888888888888888,0.9012345679012342
pdd_10w,promised_delivery_end_range_date_at_order,298230,Forte Lighting CA 92377,5678,Forte Lighting,CA,Lighting,Greer Long,CA,builds_directs,662,81,0,0.0,80,62,0.09365558912386707,,,0,0,0.977341389728096,0.9305135951661636,0,0,19,0,62,581,,,,1.0,0.9876543209876545,,,,0.9629629629629629
pdd_10w,promised_delivery_end_range_date_at_order,59888,Leisure Time Products KS 66762,7060,Leisure Time Products,"KS,MO",Recreation,Mert Atmaca,KS,builds_directs,551,81,0,0.0,81,70,0.12704174228675136,,,0,0,0.9800362976406539,0.8802177858439205,0,0,11,0,70,470,,,,1.0,1.0,,,,0.8518518518518521
pdd_10w,promised_delivery_end_range_date_at_order,6792,Linum Home Textiles,6792,Linum Home Textiles,NJ,WGS-Turkey,Benjamin Hannigan,NJ,builds_directs,1338,80,0,0.0,80,72,0.053811659192825115,,,0,0,0.9252615844544082,0.8512705530642746,0,0,8,11,61,1258,,,0.9090909090909091,0.983606557377049,0.9625000000000002,,,0.6363636363636364,0.8499999999999996
pdd_10w,promised_delivery_end_range_date_at_order,48698,"Tropical Imports by Damar, LLC, dba: T.I. Design",48698,"Tropical Imports by Damar, LLC, dba: T.I. Design",FL,Decor,Allie Neyman,FL,builds_directs,1024,80,0,0.0,75,72,0.0703125,,,0,0,0.8984374999999997,0.9287109375000002,0,0,8,23,49,944,,,0.7826086956521738,0.673469387755102,0.725,,,0.9130434782608695,0.8749999999999998
pdd_10w,promised_delivery_end_range_date_at_order,71474,Clipper Corporation CA,17269,Clipper Corporation,CA,Kitchen & Small Electrics,Ashley Coulter,CA,builds_directs,906,80,0,0.0,73,67,0.0739514348785872,,,0,0,0.9260485651214132,0.8532008830022082,0,0,13,12,55,826,,,1.0,1.0,0.9500000000000002,,,1.0,0.8499999999999998
pdd_10w,promised_delivery_end_range_date_at_order,5804,Alno Inc.,5804,Alno Inc.,CA,Hardware,Olivia Batt,CA,builds_directs,900,80,0,0.0,78,75,0.08333333333333333,,,0,0,0.9077777777777777,0.8455555555555557,0,0,5,36,39,820,,,0.8888888888888886,0.846153846153846,0.8749999999999998,,,0.8888888888888886,0.7874999999999999
pdd_10w,promised_delivery_end_range_date_at_order,374098,Jixiang Holding Group Limited CA 91730(1),370451,Jixiang Holding Group Limited,CA,Wayfair,Elizabeth McCarthy,CA,builds_directs,743,80,0,0.0,79,57,0.07671601615074024,,,0,0,0.9044414535666224,0.8869448183041718,0,0,23,0,57,663,,,,1.0,1.0,,,,0.925
pdd_10w,promised_delivery_end_range_date_at_order,50772,Long Island Mosaics and Tile,50772,Long Island Mosaics and Tile,NJ,Flooring,Elizabeth Conlon,NJ,builds_directs,707,80,0,0.0,80,59,0.08345120226308345,,,0,0,0.779349363507779,0.79066478076379,0,0,21,0,59,627,,,,0.7966101694915255,0.7750000000000002,,,,0.6875000000000002
pdd_10w,promised_delivery_end_range_date_at_order,114137,E-way Trading Company NY 12553,92984,E-way Trading Company,NY,APS,Asia Supplier Service Desk,NY,builds_directs,672,80,0,0.0,80,60,0.08928571428571429,,,0,0,0.9925595238095228,0.8526785714285713,0,0,20,0,60,592,,,,1.0,1.0,,,,0.95
pdd_10w,promised_delivery_end_range_date_at_order,155398,"Nantong ZhenYao Trading Co.,Ltd NJ 08837",154979,"Nantong ZhenYao Trading Co.,Ltd",NJ,APS,Asia Supplier Service Desk,NJ,builds_directs,518,80,0,0.0,80,69,0.13320463320463322,,,0,0,0.5637065637065635,0.4884169884169884,0,0,11,0,69,438,,,,0.927536231884058,0.9249999999999999,,,,0.7125000000000002
pdd_10w,promised_delivery_end_range_date_at_order,35680,Ralph Lauren NC 27260,29294,Ralph Lauren,NC,Soft Home,Jaiden Lawlor,NC,builds_directs,1235,79,0,0.0,79,63,0.05101214574898785,,,0,0,0.9157894736842105,0.8906882591093114,0,0,16,0,63,1156,,,,0.9682539682539683,0.9746835443037973,,,,0.9493670886075949
pdd_10w,promised_delivery_end_range_date_at_order,268904,"Peenoke, LLC CA 91768",72855,"Peenoke, LLC",CA,Outdoor Furniture,Alex Sarkisian,CA,builds_directs,807,79,0,0.0,73,63,0.07806691449814127,,,0,0,0.9640644361833955,0.8624535315985135,0,0,16,0,63,728,,,,0.9841269841269842,0.9746835443037974,,,,0.8734177215189876
pdd_10w,promised_delivery_end_range_date_at_order,295975,"Qingdao Haoyu composite fabric Co., Ltd CA 91706 ",151554,POMUCENO LLC,"CA,GA,NJ",APS Home Improvement,Cheryl Zhang,CA,builds_directs,807,79,6,0.007434944237918215,69,59,0.07311028500619579,,,0,0,0.995043370508054,0.9206939281288719,6,0,14,0,59,728,1.0,,,1.0,1.0,0.6666666666666666,,,0.8860759493670886
pdd_10w,promised_delivery_end_range_date_at_order,270437,MetLife CA 91752,36568,JM & Rancho Trading Inc.,CA,APS,Asia Supplier Service Desk,CA,builds_directs,559,79,0,0.0,74,63,0.11270125223613596,,,0,0,0.7978533094812158,0.9230769230769228,0,0,16,0,63,480,,,,1.0,0.9620253164556961,,,,0.9746835443037974
pdd_10w,promised_delivery_end_range_date_at_order,122879,Outdeco USA CA 92056,38066,Outdeco USA,CA,Outdoor Structures,Yun Yau,CA,builds_directs,529,79,0,0.0,75,58,0.10964083175803403,,,0,0,0.9678638941398864,0.9300567107750475,0,0,21,0,58,450,,,,1.0,1.0,,,,0.8987341772151898
pdd_10w,promised_delivery_end_range_date_at_order,268243,Makroteks Textile L.L.C. NJ 07601,21049,Makroteks Textile L.L.C.,NJ,Soft Home,Jaiden Lawlor,NJ,builds_directs,1166,78,0,0.0,78,66,0.05660377358490566,,,0,0,0.8053173241852484,0.7804459691252145,0,0,12,14,52,1088,,,1.0,0.9807692307692306,0.9871794871794873,,,1.0,0.9358974358974358
pdd_10w,promised_delivery_end_range_date_at_order,114844,SAF IJAZ NJ 08054,112418,SAF IJAZ,NJ,Soft Home,Supplier Service Desk,NJ,builds_directs,936,78,0,0.0,78,60,0.0641025641025641,,,0,0,1.0,0.9305555555555561,0,0,18,0,60,858,,,,1.0,1.0,,,,0.9230769230769231
pdd_10w,promised_delivery_end_range_date_at_order,7320,BIDKhome,7320,BIDKhome,NY,Decor,Waverly Winterer,NY,builds_directs,791,78,0,0.0,78,71,0.0897597977243995,,,0,0,0.9544879898862199,0.8811630847029076,0,0,7,0,71,713,,,,1.0,0.9871794871794873,,,,0.9487179487179487
pdd_10w,promised_delivery_end_range_date_at_order,478568,"ZHONGSHAN SILJOY LIGHTING CO.,LTD.,BCF_CA,92337",91784,"ZHONGSHAN SILJOY LIGHTING CO.,LTD","CA,NJ,WA",APS Home Improvement,Aria LI,CA,builds_directs,694,78,3,0.004322766570605188,67,61,0.08789625360230548,,,0,0,0.985590778097982,0.917867435158501,3,0,14,0,61,616,1.0,,,1.0,0.9871794871794873,0.6666666666666667,,,0.7948717948717949
pdd_10w,promised_delivery_end_range_date_at_order,175419,"Blue Paris Flowers, LLC AZ 85085",107014,"Blue Paris Flowers, LLC",AZ,Decor,Trevor Cody,AZ,builds_directs,653,78,0,0.0,78,71,0.10872894333843798,,,0,0,0.7243491577335374,0.8805513016845331,0,0,7,11,60,575,,,0.7272727272727272,0.6166666666666668,0.6282051282051282,,,1.0,0.9102564102564102
pdd_10w,promised_delivery_end_range_date_at_order,330644,shenzhenfeiyanhuanqiudianzishangwuyouxian NJ 07008,303631,shenzhenfeiyanhuanqiudianzishangwuyouxiangongsi,NJ,APS Youth,Asia Supplier Service Desk,NJ,builds_directs,654,77,0,0.0,77,68,0.10397553516819572,,,0,0,0.9556574923547407,0.9097859327217128,0,0,9,19,49,577,,,1.0,0.9795918367346937,0.9870129870129871,,,0.894736842105263,0.9350649350649348
pdd_10w,promised_delivery_end_range_date_at_order,297788,"Lilys Living, Inc. CA",53555,"Lilys Living, Inc.",CA,Casegoods,Supplier Service Desk,CA,builds_directs,596,77,0,0.0,74,65,0.10906040268456375,,,0,0,0.9714765100671147,0.9412751677852346,0,0,12,10,55,519,,,1.0,1.0,1.0,,,0.8999999999999999,0.948051948051948
pdd_10w,promised_delivery_end_range_date_at_order,13001,Koyal Wholesale,13001,Koyal Wholesale,CA,Decor,Supplier Service Desk,CA,builds_directs,491,77,0,0.0,77,63,0.12830957230142567,,,0,0,0.9633401221995923,0.8757637474541752,0,0,14,0,63,414,,,,0.9682539682539684,0.961038961038961,,,,0.9220779220779219
pdd_10w,promised_delivery_end_range_date_at_order,342543,"Guangzhou Konda Import&Export Co., Ltd CA 91789",143731,"Guangzhou Konda Import&Export Co., Ltd",CA,APS Youth,Asia Supplier Service Desk,CA,builds_directs,451,77,0,0.0,74,59,0.13082039911308205,,,0,0,0.9844789356984481,0.8913525498891351,0,0,18,0,59,374,,,,1.0,1.0,,,,0.9220779220779223
pdd_10w,promised_delivery_end_range_date_at_order,286160,shenzhenshijinhongzhenkejiyouxiangongsi CA92336(2),139167,shenzhenshijinhongzhenkejiyouxiangongsi,"CA,GA,NJ",APS K&D,Eve Deng,CA,builds_directs,1028,76,3,0.0029182879377431907,51,56,0.054474708171206226,,,0,0,0.9708171206225682,0.8492217898832684,3,0,17,24,32,952,1.0,,1.0,1.0,1.0,0.6666666666666666,,0.6666666666666666,0.6315789473684214
pdd_10w,promised_delivery_end_range_date_at_order,98240,TRAVIS JOINER INTERNATIONAL LIMITED CA 91730,73582,TRAVIS JOINER INTERNATIONAL LIMITED,"CA,NY",APS Youth,Thomas Zhang,CA,builds_directs,965,76,0,0.0,69,62,0.06424870466321243,,,0,0,0.9129533678756474,0.8113989637305704,0,0,14,0,62,889,,,,0.9838709677419354,0.986842105263158,,,,0.8684210526315788
pdd_10w,promised_delivery_end_range_date_at_order,35985,Armen Living CA91355,2502,Armen Living,"CA,OR",Casegoods,Christian Kokoros,CA,builds_directs,924,76,5,0.005411255411255411,70,65,0.07034632034632035,,,0,0,0.9318181818181818,0.9502164502164497,5,0,6,12,53,848,0.8,,0.9166666666666666,0.9622641509433962,0.9473684210526314,0.8,,1.0,0.9736842105263156
pdd_10w,promised_delivery_end_range_date_at_order,233604,New Classic VA 24112,22079,New Classic,"CA,VA",Casegoods,Joseph Hannigan,VA,builds_directs,687,76,2,0.002911208151382824,74,62,0.09024745269286755,,,0,0,0.8646288209606986,0.903930131004367,2,0,12,11,51,611,1.0,,1.0,1.0,1.0,0.0,,1.0,0.8947368421052633
pdd_10w,promised_delivery_end_range_date_at_order,331219,16TH STREET HOME CARE INC NJ 07008,206983,16TH STREET HOME CARE INC,NJ,APS,Asia Supplier Service Desk,NJ,builds_directs,612,76,0,0.0,76,66,0.10784313725490197,,,0,0,0.9575163398692818,0.9035947712418302,0,0,10,11,55,536,,,1.0,1.0,1.0,,,0.8181818181818181,0.9342105263157894
pdd_10w,promised_delivery_end_range_date_at_order,21681,BestMasterFurniture,21681,BestMasterFurniture,CA,Casegoods,Zichu Wang,CA,builds_directs,597,76,0,0.0,72,62,0.10385259631490787,,,0,0,0.9748743718592972,0.906197654941374,0,0,14,0,62,521,,,,1.0,1.0,,,,0.9210526315789473
pdd_10w,promised_delivery_end_range_date_at_order,463,Lipper International,463,Lipper International,CT,Youth Furniture & Decor,Ayman Siddiqui,CT,builds_directs,572,76,0,0.0,76,66,0.11538461538461539,,,0,0,0.9982517482517481,0.9807692307692313,0,0,10,0,66,496,,,,0.9848484848484849,0.986842105263158,,,,0.9736842105263158
pdd_10w,promised_delivery_end_range_date_at_order,431175,Inspired Trends Inc CA 91752(2),300372,Inspired Trends Inc,"CA,NJ",Decor,Supplier Service Desk,CA,builds_directs,439,76,2,0.004555808656036446,70,65,0.1480637813211845,,,0,0,0.9863325740318909,0.9248291571753994,2,0,9,0,65,363,1.0,,,1.0,1.0,1.0,,,0.9210526315789475
pdd_10w,promised_delivery_end_range_date_at_order,204435,"Alliph International, Inc CA 92835",173838,"Alliph International, Inc",CA,Outdoor Furniture,Supplier Service Desk,CA,builds_directs,364,76,0,0.0,76,57,0.1565934065934066,,,0,0,0.9890109890109889,0.9368131868131867,0,0,19,0,57,288,,,,1.0,1.0,,,,0.9605263157894735
pdd_10w,promised_delivery_end_range_date_at_order,20247,Quoizel SC,370,Quoizel,SC,Lighting,Greer Long,SC,builds_directs,1177,75,0,0.0,70,67,0.05692438402718777,,,0,0,0.9779099405267636,0.9464740866610023,0,0,8,0,67,1102,,,,1.0,1.0,,,,0.9466666666666667
pdd_10w,promised_delivery_end_range_date_at_order,450972,LELELINKY INTERNATIONAL LIMITED NJ 08016,408925,LELELINKY INTERNATIONAL LIMITED,"CA,GA,NJ,TX",APS AEOF,Louisa Zhang,NJ,builds_directs,1003,75,7,0.006979062811565304,68,52,0.0518444666001994,,,0,0,0.9920239282153527,0.9471585244267196,7,0,16,0,52,928,1.0,,,0.9807692307692306,0.9866666666666667,0.7142857142857143,,,0.9466666666666667
pdd_10w,promised_delivery_end_range_date_at_order,65244,Emerald Home Furnishings NC 27292,7689,Emerald Home Furnishings,"IN,NC,WA",Upholstery,Paul Powers,NC,builds_directs,793,75,2,0.0025220680958385876,66,58,0.07313997477931904,,,0,0,0.9924337957124846,0.9281210592686006,2,0,15,0,58,718,1.0,,,1.0,1.0,1.0,,,0.9333333333333335
pdd_10w,promised_delivery_end_range_date_at_order,75397,THY Trading LLC,75397,THY Trading LLC,PA,Soft Home,Supplier Service Desk,PA,builds_directs,759,75,0,0.0,75,66,0.08695652173913043,,,0,0,0.8787878787878789,0.812911725955205,0,0,9,12,54,684,,,0.9166666666666666,0.8703703703703701,0.8666666666666668,,,0.5833333333333333,0.6533333333333333
pdd_10w,promised_delivery_end_range_date_at_order,288146,"PREMIER CREATIVE CO., LIMITED CA 92335 ",96969,"PREMIER CREATIVE CO., LIMITED","CA,IL,LA",APS Youth,Asia Supplier Service Desk,CA,builds_directs,614,75,6,0.009771986970684038,66,55,0.08957654723127036,,,0,0,0.9706840390879481,0.8175895765472312,6,0,14,0,55,539,1.0,,,1.0,1.0,0.5,,,0.7599999999999999
pdd_10w,promised_delivery_end_range_date_at_order,157990,Espriti Home LLC CA 91766,157516,Espriti Home LLC,CA,Outdoor Furniture,Asia Supplier Service Desk,CA,builds_directs,584,75,0,0.0,70,65,0.1113013698630137,,,0,0,0.9486301369863019,0.8595890410958904,0,0,10,0,65,509,,,,0.9692307692307691,0.9600000000000001,,,,0.8533333333333336
pdd_10w,promised_delivery_end_range_date_at_order,192139,XIAPU Warehouse CA 91706,157231,"Foshan Baogang Network Technology Co., Ltd","CA,NY",APS Home Improvement,Cheryl Zhang,CA,builds_directs,571,75,0,0.0,73,63,0.11033274956217162,,,0,0,0.9352014010507879,0.879159369527146,0,0,12,0,63,496,,,,0.9206349206349205,0.9066666666666664,,,,0.8133333333333332
pdd_10w,promised_delivery_end_range_date_at_order,44598,WS Tiles TX,32964,WS Tiles,TX,Flooring,Elizabeth Conlon,TX,builds_directs,550,75,0,0.0,74,61,0.11090909090909092,,,0,0,0.9727272727272729,0.932727272727273,0,0,14,0,61,475,,,,0.9016393442622949,0.9066666666666665,,,,0.8933333333333333
pdd_10w,promised_delivery_end_range_date_at_order,85103,Ksana LLC. CA 91752,62098,Ksana LLC.,"CA,GA",Lighting,Cheryl Lin,CA,builds_directs,524,75,5,0.009541984732824428,64,53,0.10114503816793893,,,0,0,0.6412213740458022,0.7442748091603056,5,0,17,0,53,449,0.8,,,0.7169811320754715,0.6933333333333332,0.8,,,0.6799999999999996
pdd_10w,promised_delivery_end_range_date_at_order,444505,Trimlite LLC WA 98371(2),42742,Trimlite LLC,WA,Hardware,Delaney Grace,WA,builds_directs,354,75,0,0.0,73,71,0.20056497175141244,,,0,0,0.8728813559322032,0.9548022598870062,0,0,4,22,49,279,,,0.6363636363636365,0.6734693877551022,0.6800000000000002,,,1.0,0.9066666666666667
pdd_10w,promised_delivery_end_range_date_at_order,58213,"What A Mesh Diana, Inc",58213,"What A Mesh Diana, Inc",NY,Decor,Phoebe Leonard,NY,builds_directs,265,75,0,0.0,75,61,0.23018867924528302,,,0,0,0.9698113207547168,0.750943396226415,0,0,14,10,51,190,,,0.8,0.9215686274509803,0.9066666666666667,,,0.5,0.6266666666666666
pdd_10w,promised_delivery_end_range_date_at_order,21881,RCH Supply Co.,21881,RCH Supply Co.,WA,Storage & Org,Supplier Service Desk,WA,builds_directs,1047,74,0,0.0,74,65,0.06208213944603629,,,0,0,0.9703915950334289,0.9321872015281758,0,0,9,22,43,973,,,1.0,1.0,0.9594594594594597,,,1.0,0.972972972972973
pdd_10w,promised_delivery_end_range_date_at_order,84640,Maytex PA 17601,5612,Maytex,"DE,PA",Soft Home,Claire Przybocki,PA,builds_directs,1014,74,0,0.0,74,56,0.055226824457593686,,,0,0,0.6499013806706114,0.6923076923076922,0,0,18,0,56,940,,,,0.6250000000000001,0.6081081081081082,,,,0.5945945945945947
pdd_10w,promised_delivery_end_range_date_at_order,64498,Sui Cheng Limited NJ 08512,63203,Sui Cheng Limited,"CA,NJ,TX",APS Home Improvement,Asia Supplier Service Desk,NJ,builds_directs,889,74,4,0.0044994375703037125,68,56,0.06299212598425197,,,0,0,0.9088863892013502,0.8998875140607424,4,0,14,0,56,815,1.0,,,0.9464285714285712,0.945945945945946,1.0,,,0.918918918918919
pdd_10w,promised_delivery_end_range_date_at_order,316680,Casa Fine Arts TX 78753,38591,Casa Fine Arts,TX,Decor,Alex Sarkisian,TX,builds_directs,688,74,0,0.0,70,61,0.08866279069767442,,,0,0,0.6962209302325588,0.8531976744186044,0,0,13,0,61,614,,,,0.7868852459016393,0.7972972972972973,,,,0.8513513513513512
pdd_10w,promised_delivery_end_range_date_at_order,320655,Edvivi CA 91762,29965,Edvivi,"CA,NJ,PA,TX",Lighting,Kya Mehlman,CA,builds_directs,584,74,4,0.00684931506849315,64,55,0.09417808219178082,,,0,0,0.8219178082191779,0.90068493150685,4,0,15,0,55,510,0.75,,,0.8727272727272726,0.8648648648648647,0.75,,,0.905405405405405
pdd_10w,promised_delivery_end_range_date_at_order,56269,Vivere NC 27107,7557,Vivere,NC,Outdoor Furniture,Isha Singh,NC,builds_directs,504,74,0,0.0,74,59,0.11706349206349206,,,0,0,0.9464285714285716,0.914682539682539,0,0,15,0,59,430,,,,1.0,1.0,,,,0.9324324324324325
pdd_10w,promised_delivery_end_range_date_at_order,26625,"Royal Designs, Inc.",26625,"Royal Designs, Inc.",GA,Lighting,Greer Long,GA,builds_directs,1279,73,0,0.0,69,66,0.05160281469898358,,,0,0,0.9530883502736517,0.8725566849100861,0,0,7,0,66,1206,,,,0.9848484848484849,0.9863013698630138,,,,0.8767123287671232
pdd_10w,promised_delivery_end_range_date_at_order,28290,Hudson Valley Lighting NY,1818,Hudson Valley Lighting,NY,Lighting,John Harrison,NY,builds_directs,926,73,0,0.0,73,64,0.06911447084233262,,,0,0,0.7289416846652267,0.7591792656587475,0,0,9,0,64,853,,,,0.7968749999999999,0.7945205479452054,,,,0.917808219178082
pdd_10w,promised_delivery_end_range_date_at_order,380913,Shadeks LLC PA 19020,321120,Shadeks LLC,PA,Wayfair,Benjamin Hannigan,PA,builds_directs,838,73,0,0.0,73,67,0.07995226730310262,,,0,0,0.997613365155131,0.9415274463007147,0,0,6,26,41,765,,,1.0,1.0,1.0,,,0.8846153846153845,0.8904109589041096
pdd_10w,promised_delivery_end_range_date_at_order,20319,Victoria Classics NJ 08520,7344,Victoria Classics,"CA,NJ",Soft Home,Supplier Service Desk,NJ,builds_directs,693,73,6,0.008658008658008658,66,62,0.08946608946608947,,,0,0,0.8470418470418468,0.8109668109668111,6,0,5,16,46,620,1.0,,1.0,1.0,0.9863013698630138,0.8333333333333334,,1.0,0.9178082191780822
pdd_10w,promised_delivery_end_range_date_at_order,370331,North American Country Home CA 92336,31979,North American Country Home,CA,Decor,Supplier Service Desk,CA,builds_directs,556,73,0,0.0,72,55,0.09892086330935251,,,0,0,0.7194244604316554,0.7967625899280574,0,0,18,0,55,483,,,,0.9818181818181817,0.9726027397260273,,,,0.958904109589041
pdd_10w,promised_delivery_end_range_date_at_order,6218,Emissary,6218,Emissary,GA,Decor,Kadin Nestler,GA,builds_directs,522,73,0,0.0,71,65,0.12452107279693486,,,0,0,0.7298850574712644,0.8486590038314178,0,0,8,10,55,449,,,0.5,0.6545454545454545,0.6438356164383563,,,0.9,0.8767123287671231
pdd_10w,promised_delivery_end_range_date_at_order,212958,MSH Massood - NC,14363,"Martin Svensson Home, LLC","CA,NC",Casegoods,Jaden Pickett,NC,builds_directs,1024,72,1,0.0009765625,71,58,0.056640625,,,0,0,0.9638671875000004,0.8525390624999996,1,0,13,14,44,952,1.0,,1.0,1.0,1.0,1.0,,0.9285714285714285,0.9027777777777775
pdd_10w,promised_delivery_end_range_date_at_order,450182,"Guangzhou Guanggu Electronics Co., Ltd NJ 07008",404364,"Guangzhou Guanggu Electronics Co., Ltd",NJ,APS Rugs,Asia Supplier Service Desk,NJ,builds_directs,934,72,0,0.0,72,64,0.06852248394004283,,,0,0,0.9550321199143481,0.8811563169164875,0,0,8,0,64,862,,,,1.0,0.9861111111111112,,,,0.8611111111111112
pdd_10w,promised_delivery_end_range_date_at_order,313635,Wayne Tile Company NJ 07444,47797,Wayne Tile Company,NJ,Flooring,William Rappole,NJ,builds_directs,814,72,0,0.0,72,59,0.07248157248157248,,,0,0,0.5270270270270272,0.6719901719901722,0,0,13,0,59,742,,,,0.2033898305084746,0.18055555555555558,,,,0.38888888888888884
pdd_10w,promised_delivery_end_range_date_at_order,72966,Royal Gourmet Corp CA 92507,27234,Royal Gourmet Corp,"CA,GA,TX",APS,Erica Zhou,CA,builds_directs,589,72,2,0.003395585738539898,48,50,0.08488964346349745,,,0,0,0.6808149405772492,0.8183361629881151,2,0,20,0,50,517,0.0,,,0.14000000000000004,0.23611111111111113,1.0,,,0.6388888888888888
pdd_10w,promised_delivery_end_range_date_at_order,49293,Beme International LLC CA 90220,13216,Beme International LLC,CA,Soft Home,Supplier Service Desk,CA,builds_directs,574,72,0,0.0,72,63,0.10975609756097561,,,0,0,0.9738675958188153,0.9076655052264815,0,0,9,0,63,502,,,,1.0,0.9861111111111112,,,,0.9166666666666667
pdd_10w,promised_delivery_end_range_date_at_order,150560,"WENZHOU KINGMAX PRODUCTS CO.,LTD CA 90058",90564,"WENZHOU KINGMAX PRODUCTS CO.,LTD","CA,MO",APS Decor,Asia Supplier Service Desk,CA,builds_directs,439,72,1,0.002277904328018223,70,61,0.13895216400911162,,,0,0,0.9681093394077441,0.7517084282460139,1,0,10,0,61,367,1.0,,,1.0,1.0,1.0,,,0.5694444444444443
pdd_10w,promised_delivery_end_range_date_at_order,5452,"United General Supply CO, Inc.",5452,"United General Supply CO, Inc.",TX,Grills,Madelyn Bailey,TX,builds_directs,350,72,0,0.0,69,61,0.1742857142857143,,,0,0,0.9571428571428567,0.8571428571428569,0,0,11,0,61,278,,,,0.8688524590163933,0.8749999999999999,,,,0.708333333333333
pdd_10w,promised_delivery_end_range_date_at_order,450400,YC-AW-USCA,61645,COZIO PTY LTD,"CA,NJ",APS Upholstery,Frank Huang,CA,builds_directs,310,72,3,0.00967741935483871,63,60,0.1935483870967742,,,0,0,0.9258064516129034,0.7935483870967743,3,0,9,0,60,238,1.0,,,0.9833333333333332,0.9861111111111112,1.0,,,0.875
pdd_10w,promised_delivery_end_range_date_at_order,199558,"Jay Franco and Sons, Inc. CA 91710",17988,"Jay Franco and Sons, Inc.",CA,Soft Home,Benjamin Hannigan,CA,builds_directs,183,72,0,0.0,72,59,0.3224043715846995,,,0,0,0.9945355191256827,0.8633879781420761,0,0,13,0,59,111,,,,1.0,1.0,,,,0.8472222222222223
pdd_10w,promised_delivery_end_range_date_at_order,82757,Pash Corp PA 17406,48783,Ballucci Inc.,PA,Decor,Supplier Service Desk,PA,builds_directs,1116,71,0,0.0,71,64,0.05734767025089606,,,0,0,0.9202508960573476,0.8853046594982072,0,0,7,10,54,1045,,,1.0,1.0,0.9859154929577465,,,0.7,0.9436619718309858
pdd_10w,promised_delivery_end_range_date_at_order,45863,Modern Forms GA 30122,19760,Modern Forms,"CA,GA,NY,TX",Lighting,Cheryl Lin,GA,builds_directs,824,71,5,0.006067961165048544,62,61,0.07402912621359223,,,0,0,0.6189320388349508,0.6723300970873789,5,0,5,0,61,753,0.6,,,0.6721311475409835,0.6478873239436617,0.0,,,0.6760563380281687
pdd_10w,promised_delivery_end_range_date_at_order,3959,Boyd CA- 92336,884,Boyd Sleep,"CA,MO",Mattress,Charlie O'Brien,CA,builds_directs,634,71,3,0.00473186119873817,64,54,0.08517350157728706,,,0,0,0.6971608832807571,0.8438485804416407,3,0,14,0,54,563,0.6666666666666666,,,0.9259259259259259,0.9014084507042254,1.0,,,0.8873239436619718
pdd_10w,promised_delivery_end_range_date_at_order,498754,FJ Outdoors NJ 08110,61566,FJ Outdoors,"DE,NJ",APS Outdoor,Asia Supplier Service Desk,NJ,builds_directs,954,70,0,0.0,70,56,0.05870020964360587,,,0,0,0.9622641509433959,0.868972746331237,0,0,14,19,37,884,,,1.0,0.9459459459459458,0.9571428571428573,,,0.8421052631578946,0.8857142857142857
pdd_10w,promised_delivery_end_range_date_at_order,28964,Tempur-Sealy GA 30122,23577,"Tempur-PedicNorthAmerica,LLC",GA,Mattress,Deep Singh,GA,builds_directs,856,70,0,0.0,70,65,0.07593457943925233,,,0,0,0.9287383177570103,0.8224299065420557,0,0,5,10,55,786,,,1.0,1.0,0.9857142857142858,,,0.5,0.8857142857142857
pdd_10w,promised_delivery_end_range_date_at_order,86161,PuleoInternational NJ 07080,23068,PuleoInternational,"CA,NJ,WA",Decor,Trevor Cody,NJ,builds_directs,776,70,7,0.00902061855670103,63,52,0.06701030927835051,,,0,0,0.9858247422680413,0.9471649484536085,7,0,11,0,52,706,1.0,,,0.9615384615384616,0.9571428571428573,1.0,,,1.0
pdd_10w,promised_delivery_end_range_date_at_order,231122, TOPCA,75517,Amzmos,"CA,GA,NJ",APS AEOF,Nora Li,CA,builds_directs,741,70,7,0.009446693657219974,51,50,0.06747638326585695,,,0,0,0.7894736842105263,0.8609986504723337,7,0,13,0,50,671,1.0,,,0.9400000000000001,0.942857142857143,1.0,,,0.8142857142857145
pdd_10w,promised_delivery_end_range_date_at_order,7573,Urban Trends CA- 90058,1503,Urban Trends,CA,Decor,Supplier Service Desk,CA,builds_directs,509,70,0,0.0,69,63,0.1237721021611002,,,0,0,0.9685658153241653,0.8860510805500983,0,0,7,13,50,439,,,1.0,1.0,1.0,,,1.0,0.9
pdd_10w,promised_delivery_end_range_date_at_order,231410,legacy decor CA,39108,idecor,CA,Casegoods,Supplier Service Desk,CA,builds_directs,491,70,0,0.0,68,61,0.12423625254582485,,,0,0,0.9429735234215882,0.8879837067209778,0,0,9,0,61,421,,,,1.0,1.0,,,,0.9142857142857141
pdd_10w,promised_delivery_end_range_date_at_order,289199,"Techko Kobot, Inc. CA",20175,"Techko Kobot, Inc.",CA,Lighting,Supplier Service Desk,CA,builds_directs,488,70,0,0.0,65,61,0.125,,,0,0,0.9262295081967215,0.8709016393442623,0,0,9,0,61,418,,,,0.9508196721311475,0.9571428571428572,,,,0.9142857142857143
pdd_10w,promised_delivery_end_range_date_at_order,71912,"Rubber-Cal, Inc. CA 92707",20754,"Rubber-Cal, Inc.",CA,Flooring,Elizabeth Conlon,CA,builds_directs,452,70,0,0.0,68,62,0.13716814159292035,,,0,0,0.8097345132743363,0.9513274336283191,0,0,8,0,62,382,,,,0.6612903225806451,0.6857142857142853,,,,0.942857142857143
pdd_10w,promised_delivery_end_range_date_at_order,433703,Baycheer International Limited CA 91762,94786,Baycheer International Limited,CA,APS Home Improvement,Asia Supplier Service Desk,CA,builds_directs,373,70,0,0.0,68,62,0.16621983914209115,,,0,0,0.9731903485254693,0.8739946380697046,0,0,8,0,62,303,,,,1.0,1.0,,,,0.8285714285714287
pdd_10w,promised_delivery_end_range_date_at_order,412887,Kalaty Rug Corp GA 30720,13161,Kalaty Rug Corp,"GA,NY",PG Rugs,Caroline DeNoia,GA,builds_directs,946,69,3,0.003171247357293869,66,61,0.06448202959830866,,,0,0,0.9809725158562365,0.8805496828752635,3,0,5,0,61,877,1.0,,,1.0,1.0,1.0,,,0.9275362318840581
pdd_10w,promised_delivery_end_range_date_at_order,57442,"Southwest Moulding, Inc.",57442,"Southwest Moulding, Inc.",CA,Decor,Waverly Winterer,CA,builds_directs,825,69,0,0.0,68,67,0.08121212121212121,,,0,0,0.990303030303031,0.9393939393939382,0,0,2,10,57,756,,,1.0,0.9824561403508771,0.9855072463768116,,,1.0,0.9275362318840581
pdd_10w,promised_delivery_end_range_date_at_order,30670,Hansgrohe GA,28927,Hansgrohe,GA,Plumbing,Kaitlyn Gully,GA,builds_directs,785,69,0,0.0,69,64,0.08152866242038216,,,0,0,0.8305732484076441,0.7388535031847128,0,0,5,33,31,716,,,0.9696969696969696,1.0,0.9710144927536233,,,0.9393939393939394,0.8985507246376812
pdd_10w,promised_delivery_end_range_date_at_order,27641,Dekorra Products,27641,Dekorra Products,WI,Decor,Kadin Nestler,WI,builds_directs,752,69,0,0.0,68,51,0.0678191489361702,,,0,0,0.9813829787234046,0.9295212765957435,0,0,18,10,41,683,,,1.0,1.0,1.0,,,1.0,0.9420289855072465
pdd_10w,promised_delivery_end_range_date_at_order,115934,MAKEWA INC CA 91766,68043,MAKEWA INC,CA,APS,Asia Supplier Service Desk,CA,builds_directs,732,69,0,0.0,64,50,0.06830601092896176,,,0,0,0.9658469945355183,0.8756830601092891,0,0,19,0,50,663,,,,1.0,1.0,,,,0.8840579710144927
pdd_10w,promised_delivery_end_range_date_at_order,49570,2xhome inc.,49570,2xhome inc.,CA,Casegoods,Zichu Wang,CA,builds_directs,560,69,0,0.0,67,61,0.10892857142857143,,,0,0,0.7982142857142855,0.8232142857142853,0,0,8,11,50,491,,,0.6363636363636364,0.8,0.7681159420289855,,,0.9090909090909091,0.8550724637681161
pdd_10w,promised_delivery_end_range_date_at_order,116118,Origami Group Inc. CA 91750,13145,Origami Group Inc.,CA,Storage & Org - Frequency,Ayman Siddiqui,CA,builds_directs,525,69,0,0.0,66,61,0.11619047619047619,,,0,0,0.7828571428571434,0.8666666666666665,0,0,8,0,61,456,,,,0.8524590163934426,0.8405797101449276,,,,0.898550724637681
pdd_10w,promised_delivery_end_range_date_at_order,58509,"Guangzhou Yanjun Trade Co., Ltd. NJ 08512",47716,"Guangzhou Yanjun Trade Co., Ltd.","CA,NJ,TX",APS,Asia Supplier Service Desk,NJ,builds_directs,972,68,5,0.0051440329218107,61,51,0.05246913580246913,,,0,0,0.9475308641975309,0.9135802469135795,5,0,12,0,51,904,0.8,,,1.0,0.9705882352941175,0.8,,,0.9264705882352942
pdd_10w,promised_delivery_end_range_date_at_order,182386,Danny's Fine Porcelain TX 75247,18275,Danny's Fine Porcelain,TX,PG Decor,Rachel Markham,TX,builds_directs,646,68,0,0.0,66,57,0.08823529411764706,,,0,0,0.9953560371517024,0.9071207430340551,0,0,11,0,57,578,,,,1.0,1.0,,,,0.9852941176470589
pdd_10w,promised_delivery_end_range_date_at_order,7951,J & S Framing,7951,J & S Framing,WI,Decor,Alex Sarkisian,WI,builds_directs,245,68,0,0.0,68,63,0.2571428571428571,,,0,0,0.7836734693877552,0.8897959183673468,0,0,5,0,63,177,,,,0.7777777777777778,0.75,,,,0.8382352941176471
pdd_10w,promised_delivery_end_range_date_at_order,326147,OMAX LLC NJ 07207,9964,OMAX LLC,"DE,NJ",Casegoods,Prisha Mark,NJ,builds_directs,1068,67,0,0.0,66,63,0.05898876404494382,,,0,0,0.8670411985018721,0.8623595505617969,0,0,4,0,63,1001,,,,0.9523809523809523,0.955223880597015,,,,0.955223880597015
pdd_10w,promised_delivery_end_range_date_at_order,794,La Crosse Technology,794,La Crosse Technology,WI,Decor,Supplier Service Desk,WI,builds_directs,691,67,0,0.0,67,62,0.08972503617945007,,,0,0,1.0,0.9305354558610713,0,0,5,0,62,624,,,,1.0,1.0,,,,0.8955223880597017
pdd_10w,promised_delivery_end_range_date_at_order,146896,Lilola Home CA,58780,Lilola Home,CA,Upholstery,Demi Wang,CA,builds_directs,422,67,0,0.0,66,53,0.12559241706161137,,,0,0,0.8957345971563975,0.8483412322274877,0,0,14,0,53,355,,,,0.8679245283018866,0.8955223880597014,,,,0.8208955223880595
pdd_10w,promised_delivery_end_range_date_at_order,310735,"General Printing & Design, Inc CA 92507",88065,"General Printing & Design, Inc",CA,Lighting,Cheryl Lin,CA,builds_directs,384,67,0,0.0,64,55,0.14322916666666666,,,0,0,0.9817708333333333,0.9270833333333328,0,0,12,0,55,317,,,,0.9636363636363636,0.9701492537313433,,,,0.8805970149253732
pdd_10w,promised_delivery_end_range_date_at_order,208658,Eazeemats VA 22406(2),45285,Eazeemats,"CA,VA",APS Upholstery,Lacey Yan,VA,builds_directs,840,66,2,0.002380952380952381,57,54,0.06428571428571428,,,0,0,0.9988095238095239,0.8928571428571441,2,0,10,10,44,774,1.0,,1.0,1.0,1.0,1.0,,0.8999999999999999,0.8484848484848485
pdd_10w,promised_delivery_end_range_date_at_order,53045,ECOM GROUP INC,53045,ECOM GROUP INC,NJ,Storage & Org - Frequency,Bryn Bennett,NJ,builds_directs,632,66,0,0.0,66,53,0.08386075949367089,,,0,0,0.9224683544303794,0.9129746835443037,0,0,13,0,53,566,,,,0.981132075471698,0.9545454545454547,,,,0.9393939393939392
pdd_10w,promised_delivery_end_range_date_at_order,70578,Solo Rugs GA 30720,31824,Solo Rugs,"CT,GA",PG Rugs,Caroline DeNoia,GA,builds_directs,564,66,0,0.0,66,59,0.10460992907801418,,,0,0,0.7287234042553187,0.8368794326241139,0,0,7,0,59,498,,,,0.7796610169491524,0.7878787878787877,,,,0.9696969696969695
pdd_10w,promised_delivery_end_range_date_at_order,8941,Megaware Inc.,8941,Megaware Inc.,CA,Casegoods,Jaden Pickett,CA,builds_directs,499,66,0,0.0,64,60,0.12024048096192384,,,0,0,0.9579158316633263,0.8877755511022042,0,0,6,10,50,433,,,1.0,1.0,1.0,,,0.8999999999999999,0.8939393939393939
pdd_10w,promised_delivery_end_range_date_at_order,366830,Manji（Jiaxing）Houseware Co. Ltd CA 91761,364573,Manji（Jiaxing）Houseware Co. Ltd,CA,Wayfair,Mariah Mao,CA,builds_directs,499,66,0,0.0,62,57,0.11422845691382766,,,0,0,0.829659318637274,0.8316633266533066,0,0,9,0,57,433,,,,0.8070175438596493,0.818181818181818,,,,0.8636363636363635
pdd_10w,promised_delivery_end_range_date_at_order,62318,Yard Elements CA 92563,59760,Yard Elements,CA,Fireplaces & Grills,Supplier Service Desk,CA,builds_directs,474,66,0,0.0,61,60,0.12658227848101267,,,0,0,0.7932489451476799,0.8860759493670883,0,0,6,0,60,408,,,,0.6666666666666665,0.6666666666666669,,,,0.893939393939394
pdd_10w,promised_delivery_end_range_date_at_order,172378,Beacon Lighting America CA 91710,33375,Beacon Lighting America,CA,Lighting,Cheryl Lin,CA,builds_directs,453,66,0,0.0,62,52,0.11479028697571744,,,0,0,0.6578366445916118,0.8344370860927152,0,0,14,0,52,387,,,,0.7692307692307693,0.7272727272727272,,,,0.7424242424242422
pdd_10w,promised_delivery_end_range_date_at_order,189696,Simple Shapes NJ,22852,Simple Shapes,NJ,Decor,Alex Sarkisian,NJ,builds_directs,676,65,0,0.0,65,58,0.08579881656804733,,,0,0,0.8461538461538461,0.821005917159763,0,0,7,0,58,611,,,,0.896551724137931,0.8923076923076922,,,,0.8769230769230767
pdd_10w,promised_delivery_end_range_date_at_order,331635,shenzhenshioumishengxuekejiyouxiangongsi NJ 07008,302579,shenzhenshioumishengxuekejiyouxiangongsi,NJ,APS Wayfair Professional,Jynn Jiang,NJ,builds_directs,609,65,0,0.0,65,56,0.09195402298850575,,,0,0,0.962233169129721,0.8965517241379304,0,0,9,0,56,544,,,,0.9821428571428571,0.9846153846153847,,,,0.9076923076923075
pdd_10w,promised_delivery_end_range_date_at_order,45193,Winward International Inc. CA 94588,8768,Winward International Inc.,CA,Decor,Trevor Cody,CA,builds_directs,544,65,0,0.0,64,56,0.10294117647058823,,,0,0,0.8437499999999994,0.8235294117647065,0,0,9,0,56,479,,,,0.7321428571428572,0.7230769230769232,,,,0.6615384615384614
pdd_10w,promised_delivery_end_range_date_at_order,151522,Delaney Inc. GA 30518,10076,Delaney Inc.,GA,Hardware,Olivia Batt,GA,builds_directs,491,65,0,0.0,65,54,0.109979633401222,,,0,0,0.9327902240325873,0.8798370672097764,0,0,11,0,54,426,,,,0.7222222222222224,0.7076923076923077,,,,0.7384615384615384
pdd_10w,promised_delivery_end_range_date_at_order,232133,Dito Furn Inc CA 91710,232108,Dito Furn Inc,CA,Wayfair,Zichu Wang,CA,builds_directs,452,65,0,0.0,65,61,0.13495575221238937,,,0,0,0.5,0.8429203539823014,0,0,4,13,48,387,,,0.23076923076923078,0.2916666666666667,0.26153846153846155,,,0.923076923076923,0.7692307692307692
pdd_10w,promised_delivery_end_range_date_at_order,146548,LINHAI JUNCHENG LEISURE PRODUCTS CO.LTD NJ 07305,44498,LINHAI JUNCHENG LEISURE PRODUCTS CO.LTD,"CA,NJ",APS Outdoor,Asia Supplier Service Desk,NJ,builds_directs,671,64,2,0.0029806259314456036,59,50,0.07451564828614009,,,0,0,0.9776453055141584,0.9061102831594636,2,0,12,0,50,607,1.0,,,1.0,1.0,0.5,,,0.7031249999999999
pdd_10w,promised_delivery_end_range_date_at_order,195138,Treasure Garden AZ 85355,14922,Treasure Garden,"AZ,CA",Outdoor Furniture,Kate Schryver,AZ,builds_directs,548,64,2,0.0036496350364963502,62,55,0.10036496350364964,,,0,0,0.9835766423357659,0.9598540145985403,2,0,7,11,44,484,1.0,,1.0,0.9545454545454545,0.9687499999999999,0.5,,1.0,0.9062500000000001
pdd_10w,promised_delivery_end_range_date_at_order,74626,Coastline Imports CA,22008,Coastline Imports,CA,Tabletop,Araj Shaikh,CA,builds_directs,488,64,0,0.0,61,51,0.10450819672131148,,,0,0,0.973360655737705,0.8688524590163935,0,0,13,0,51,424,,,,1.0,1.0,,,,0.859375
pdd_10w,promised_delivery_end_range_date_at_order,9616,SPI Home,9616,SPI Home,CA,Decor,Supplier Service Desk,CA,builds_directs,474,64,0,0.0,59,51,0.10759493670886076,,,0,0,0.8649789029535864,0.8143459915611807,0,0,13,0,51,410,,,,0.8235294117647058,0.828125,,,,0.6718749999999998
pdd_10w,promised_delivery_end_range_date_at_order,407475,MUENI VENTURES LLC CA 91731,354634,MUENI VENTURES LLC,CA,Hardware,Supplier Service Desk,CA,builds_directs,150,64,0,0.0,64,57,0.38,,,0,0,1.0,0.8866666666666666,0,0,7,0,57,86,,,,1.0,1.0,,,,0.8437499999999999
pdd_10w,promised_delivery_end_range_date_at_order,124102,Lazman Trading LLC TX 77055,116529,Lazman Trading LLC,TX,Kitchen & Small Electrics,Greer Long,TX,builds_directs,864,63,0,0.0,61,54,0.0625,,,0,0,0.9594907407407405,0.871527777777778,0,0,9,0,54,801,,,,1.0,1.0,,,,0.8888888888888886
pdd_10w,promised_delivery_end_range_date_at_order,351700,Fab Habitat GA 30705,9140,Fab Habitat,GA,Rugs,Alex Resnick,GA,builds_directs,634,63,0,0.0,63,54,0.08517350157728706,,,0,0,0.9905362776025233,0.9164037854889588,0,0,9,0,54,571,,,,1.0,1.0,,,,0.8888888888888886
pdd_10w,promised_delivery_end_range_date_at_order,71457,Mestar International Inc. CA,37057,Mestar International Inc.,CA,Lighting,Greer Long,CA,builds_directs,613,63,0,0.0,59,52,0.08482871125611746,,,0,0,0.972267536704731,0.8825448613376835,0,0,11,0,52,550,,,,1.0,0.9841269841269841,,,,0.8730158730158731
pdd_10w,promised_delivery_end_range_date_at_order,407477,Dream On Me CA 92408,1461,Dream On Me,"CA,NJ",Youth Furniture & Decor,Kendra Abbott,CA,builds_directs,593,63,2,0.003372681281618887,53,52,0.08768971332209106,,,0,0,0.9578414839797648,0.9139966273187188,2,0,9,14,38,530,1.0,,1.0,0.9210526315789475,0.9365079365079365,1.0,,0.9285714285714285,0.9365079365079364
pdd_10w,promised_delivery_end_range_date_at_order,79443,LCUSCORPORATION CA 90620,61652,LC US CORPORATION,CA,Plumbing,Kaitlyn Gully,CA,builds_directs,581,63,0,0.0,62,55,0.09466437177280551,,,0,0,0.9707401032702244,0.9018932874354565,0,0,8,11,44,518,,,1.0,1.0,0.9841269841269841,,,1.0,0.9365079365079362
pdd_10w,promised_delivery_end_range_date_at_order,53759,Treasure Gurus,53759,Treasure Gurus,PA,Decor,Supplier Service Desk,PA,builds_directs,575,63,0,0.0,63,58,0.10086956521739131,,,0,0,0.9756521739130434,0.7791304347826081,0,0,5,0,58,512,,,,0.9482758620689655,0.9365079365079364,,,,0.73015873015873
pdd_10w,promised_delivery_end_range_date_at_order,83549,YBM Home NJ,22178,YBM Home,NJ,Storage & Org - Frequency,Claire Przybocki,NJ,builds_directs,535,63,0,0.0,63,51,0.09532710280373832,,,0,0,0.900934579439252,0.8560747663551398,0,0,12,0,51,472,,,,0.9607843137254902,0.9682539682539684,,,,0.8730158730158731
pdd_10w,promised_delivery_end_range_date_at_order,12869,Malden international Design,12869,Malden international Design,MA,Decor,Allie Neyman,MA,builds_directs,497,63,0,0.0,63,50,0.1006036217303823,,,0,0,0.9315895372233396,0.9054325955734407,0,0,13,0,50,434,,,,0.8999999999999999,0.9047619047619044,,,,0.9206349206349204
pdd_10w,promised_delivery_end_range_date_at_order,404750,"Zhuji Yaliang E-commerce Co., Ltd. CA 91789",357765,"Zhuji Yaliang E-commerce Co., Ltd.",CA,APS Soft Home,Elvira Tang,CA,builds_directs,467,63,0,0.0,57,50,0.10706638115631692,,,0,0,0.7408993576017129,0.8329764453961456,0,0,13,0,50,404,,,,0.7200000000000001,0.6984126984126984,,,,0.8412698412698413
pdd_10w,promised_delivery_end_range_date_at_order,202701,Qualiaware Inc CA,63659,Qualiaware Inc,CA,Storage & Org - Frequency,Bryn Bennett,CA,builds_directs,323,63,0,0.0,58,53,0.16408668730650156,,,0,0,0.9814241486068113,0.8544891640866874,0,0,10,0,53,260,,,,1.0,0.9841269841269841,,,,0.8571428571428573
pdd_10w,promised_delivery_end_range_date_at_order,176626,Cyan Design TX,7401,Cyan Design,TX,PG Decor,Marcus Dyhrberg,TX,builds_directs,728,62,0,0.0,59,53,0.07280219780219781,,,0,0,0.9340659340659339,0.8969780219780222,0,0,9,0,53,666,,,,0.9245283018867921,0.9354838709677419,,,,0.9354838709677419
pdd_10w,promised_delivery_end_range_date_at_order,6076,Baby Aspen,6076,Baby Aspen,GA,Tabletop,Supplier Service Desk,GA,builds_directs,535,62,0,0.0,62,50,0.09345794392523364,,,0,0,0.8859813084112155,0.8467289719626169,0,0,12,0,50,473,,,,0.9799999999999999,0.9838709677419354,,,,0.9838709677419354
pdd_10w,promised_delivery_end_range_date_at_order,11257,Comfort Classics,11257,Comfort Classics,CA,Outdoor Furniture,Kate Schryver,CA,builds_directs,455,62,0,0.0,59,54,0.11868131868131868,,,0,0,0.7098901098901099,0.7406593406593401,0,0,8,0,54,393,,,,0.6296296296296298,0.6290322580645163,,,,0.6612903225806455
pdd_10w,promised_delivery_end_range_date_at_order,36346,Baby Appleseed VA 24148(2),3009,Baby Appleseed,VA,Youth Furniture & Decor,Kendra Abbott,VA,builds_directs,336,62,0,0.0,62,52,0.15476190476190477,,,0,0,0.9880952380952384,0.8482142857142855,0,0,10,7,45,274,,,1.0,1.0,1.0,,,1.0,0.838709677419355
pdd_10w,promised_delivery_end_range_date_at_order,35679,Hangers Direct and Hangers.com,35679,Hangers Direct and Hangers.com,TN,Storage & Org,Bryn Bennett,TN,builds_directs,630,60,0,0.0,60,54,0.08571428571428572,,,0,0,0.903174603174603,0.842857142857143,0,0,6,0,54,570,,,,0.6666666666666666,0.6666666666666665,,,,0.6333333333333331
pdd_10w,promised_delivery_end_range_date_at_order,274958,Vandue Corporation CA,26125,Vandue Corporation,CA,Casegoods,Megan White,CA,builds_directs,590,60,0,0.0,60,54,0.09152542372881356,,,0,0,0.9389830508474564,0.8050847457627118,0,0,6,0,54,530,,,,1.0,1.0,,,,0.8333333333333335
pdd_10w,promised_delivery_end_range_date_at_order,331452,shenzhenshihongzhikejiyouxiangongsi NJ 07008,298353,shenzhenshihongzhikejiyouxiangongsi,NJ,APS Rugs,Asia Supplier Service Desk,NJ,builds_directs,439,60,0,0.0,60,51,0.11617312072892938,,,0,0,0.9476082004555809,0.8974943052391803,0,0,9,0,51,379,,,,0.9411764705882354,0.9500000000000001,,,,0.9000000000000001
pdd_10w,promised_delivery_end_range_date_at_order,9960,Fanimation IN 46077,501,Fanimation,IN,Lighting,Cheryl Lin,IN,builds_directs,409,60,0,0.0,57,54,0.13202933985330073,,,0,0,0.9511002444987772,0.8019559902200485,0,0,6,24,30,349,,,1.0,1.0,1.0,,,1.0,0.75
pdd_10w,promised_delivery_end_range_date_at_order,502180,Market Trends dba Trend Board Life_1 IL 60630,340040,Market Trends dba Trend Board Life_1,IL,Decor,Alex Sarkisian,IL,builds_directs,644,59,0,0.0,59,53,0.08229813664596274,,,0,0,0.9798136645962735,0.9440993788819874,0,0,6,0,53,585,,,,0.8867924528301885,0.8983050847457625,,,,0.9661016949152543
pdd_10w,promised_delivery_end_range_date_at_order,59907,Lorenzo Furniture,59907,Lorenzo Furniture,CA,Upholstery,Oscar Li,CA,builds_directs,342,59,0,0.0,58,51,0.14912280701754385,,,0,0,0.9035087719298242,0.9005847953216378,0,0,8,0,51,283,,,,1.0,0.9830508474576269,,,,0.9322033898305082
pdd_10w,promised_delivery_end_range_date_at_order,39983,KidKraft TX,335,KidKraft,TX,Youth Furniture & Decor,Riki Watanabe,TX,builds_directs,989,58,0,0.0,58,51,0.05156723963599596,,,0,0,0.7765419615773506,0.8341759352881695,0,0,7,0,51,931,,,,0.9215686274509803,0.9310344827586206,,,,0.8620689655172413
pdd_10w,promised_delivery_end_range_date_at_order,350552,Dileep Essentials Inc DBA Ellementry PA 18091,332086,Dileep Essentials Inc DBA Ellementry,PA,Wayfair,Arjun Ashok Mewara,PA,builds_directs,752,58,0,0.0,57,54,0.07180851063829788,,,0,0,0.9547872340425533,0.9335106382978716,0,0,4,11,43,694,,,1.0,1.0,1.0,,,1.0,0.9310344827586203
pdd_10w,promised_delivery_end_range_date_at_order,458043,Twin Star Home OH 43207,1384,Twin Star Home,"OH,WA",Casegoods,Gabrielle derKinderen,OH,builds_directs,653,58,1,0.0015313935681470138,54,53,0.08116385911179173,,,0,0,0.9142419601837676,0.8514548238897394,1,0,4,0,53,595,1.0,,,1.0,1.0,1.0,,,0.8448275862068964
pdd_10w,promised_delivery_end_range_date_at_order,211679,SMART WEALTH INTERNATIONAL LIMITED GA 30340,66851,SMART WEALTH INTERNATIONAL LIMITED,"GA,IN",APS Youth,Asia Supplier Service Desk,GA,builds_directs,534,58,0,0.0,58,50,0.09363295880149813,,,0,0,0.9475655430711614,0.8932584269662923,0,0,8,0,50,476,,,,0.9799999999999999,0.982758620689655,,,,0.9310344827586207
pdd_10w,promised_delivery_end_range_date_at_order,357368,Ele Lighting LLC CA 91761,69460,Ele Lighting LLC,CA,APS Home Improvement,Asia Supplier Service Desk,CA,builds_directs,431,58,0,0.0,56,51,0.11832946635730858,,,0,0,0.9118329466357312,0.8839907192575409,0,0,7,0,51,373,,,,0.8823529411764703,0.8793103448275862,,,,0.8275862068965517
pdd_10w,promised_delivery_end_range_date_at_order,244943,Revel Home CA 91761,64941,Revel Home,CA,Lighting,Kya Mehlman,CA,builds_directs,367,58,0,0.0,57,51,0.13896457765667575,,,0,0,0.9945504087193456,0.9237057220708449,0,0,7,0,51,309,,,,1.0,1.0,,,,0.9137931034482755
pdd_10w,promised_delivery_end_range_date_at_order,48833,Superior Performance Inc. NY 10918,18107,Superio,NY,Storage & Org - Frequency,Claire Przybocki,NY,builds_directs,925,57,0,0.0,57,52,0.05621621621621622,,,0,0,0.9383783783783779,0.8854054054054062,0,0,5,10,42,868,,,1.0,1.0,1.0,,,1.0,0.9649122807017542
pdd_10w,promised_delivery_end_range_date_at_order,275680,Better-Home Products NJ,47726,Better-Home Products,NJ,Casegoods,Kyle Pascale,NJ,builds_directs,746,57,0,0.0,57,50,0.06702412868632708,,,0,0,0.95710455764075,0.971849865951743,0,0,7,0,50,689,,,,1.0,1.0,,,,1.0
pdd_10w,promised_delivery_end_range_date_at_order,45779,Tizo Design,45779,Tizo Design,CA,PG Decor,Marcus Dyhrberg,CA,builds_directs,720,57,0,0.0,57,56,0.07777777777777778,,,0,0,0.9874999999999995,0.9597222222222211,0,0,1,14,42,663,,,1.0,1.0,1.0,,,0.9285714285714285,0.9649122807017544
pdd_10w,promised_delivery_end_range_date_at_order,6322,Lawrence Frames,6322,Lawrence Frames,NY,Decor,Supplier Service Desk,NY,builds_directs,623,57,0,0.0,54,53,0.08507223113964688,,,0,0,0.9983948635634029,0.8539325842696627,0,0,4,12,41,566,,,1.0,1.0,1.0,,,1.0,0.8070175438596492
pdd_10w,promised_delivery_end_range_date_at_order,16901,Popular Bath Products,16901,Popular Bath Products,NY,Storage & Org - Frequency,Bryn Bennett,NY,builds_directs,1004,55,0,0.0,54,53,0.052788844621513946,,,0,0,0.9601593625498008,0.889442231075697,0,0,2,0,53,949,,,,1.0,1.0,,,,0.8909090909090907
pdd_10w,promised_delivery_end_range_date_at_order,35861,Sunham Home Fashions NJ07974,16941,Sunham Home Fashions,NJ,Soft Home,Benjamin Hannigan,NJ,builds_directs,811,55,0,0.0,55,51,0.06288532675709001,,,0,0,0.9272503082614051,0.9210850801479652,0,0,4,11,40,756,,,1.0,1.0,1.0,,,1.0,0.9636363636363636
pdd_10w,promised_delivery_end_range_date_at_order,307691,Prime-Line TX 75126,34472,Prime-Line,TX,Hardware,Supplier Service Desk,TX,builds_directs,620,55,0,0.0,55,50,0.08064516129032258,,,0,0,0.9645161290322581,0.8967741935483875,0,0,5,0,50,565,,,,0.96,0.9636363636363637,,,,0.8727272727272725
pdd_10w,promised_delivery_end_range_date_at_order,15714,Floral Home Decor,15714,Floral Home Decor,NC,Decor,Trevor Cody,NC,builds_directs,574,54,0,0.0,54,50,0.08710801393728224,,,0,0,0.9599303135888505,0.9024390243902436,0,0,4,0,50,520,,,,0.9199999999999996,0.8888888888888888,,,,0.8888888888888888
pdd_10w,promised_delivery_end_range_date_at_order,46599,Wyndham Collection CA,8998,Wyndham Collection,CA,Plumbing,Maddie Miller,CA,builds_directs,570,54,0,0.0,54,53,0.09298245614035087,,,0,0,0.9526315789473687,0.8631578947368417,0,0,1,0,53,516,,,,0.9433962264150944,0.9259259259259258,,,,0.9259259259259257
pdd_10w,promised_delivery_end_range_date_at_order,202416,Classic Touch Inc. NJ 07801,23373,Classic Touch Inc.,NJ,Tabletop,Araj Shaikh,NJ,builds_directs,394,53,0,0.0,53,50,0.12690355329949238,,,0,0,0.8553299492385791,0.8680203045685281,0,0,3,0,50,341,,,,1.0,1.0,,,,0.8301886792452831
pdd_10w,promised_delivery_end_range_date_at_order,20600,Dotchi,20600,Dotchi,NC,Decor,Kadin Nestler,NC,builds_directs,215,53,0,0.0,53,51,0.2372093023255814,,,0,0,0.9720930232558141,0.9348837209302324,0,0,2,0,51,162,,,,0.9607843137254901,0.9622641509433962,,,,0.9433962264150944
pdd_10w,promised_delivery_end_range_date_at_order,345386,Shanxi Qianna Jiafan Network Technology TN 37129,342847,"Shanxi Qianna Jiafan Network Technology Co., Ltd",TN,Storage & Org - Frequency,Asia Supplier Service Desk,TN,builds_directs,829,52,0,0.0,52,51,0.061519903498190594,,,0,0,0.9493365500603134,0.8829915560916761,0,0,1,0,51,777,,,,0.980392156862745,0.9807692307692306,,,,0.8846153846153844
pdd_10w,promised_delivery_end_range_date_at_order,1620,Zojirushi America Corp.,1620,Zojirushi America Corp.,California,Kitchen & Small Electrics,Marina Callahan,California,builds_directs,555,52,0,0.0,52,51,0.0918918918918919,,,0,0,0.7513513513513509,0.8252252252252255,0,0,1,0,51,503,,,,0.8627450980392155,0.8653846153846151,,,,0.8461538461538461
pdd_10w,promised_delivery_end_range_date_at_order,33394,AONE International LLC,33394,AONE International LLC,CA,Lighting,Kya Mehlman,CA,builds_directs,468,52,0,0.0,51,50,0.10683760683760683,,,0,0,0.991452991452991,0.9081196581196581,0,0,2,0,50,416,,,,1.0,1.0,,,,0.8846153846153846
