lookback_window,timebase,lookback_weeks,supplier_id,su_name,parent_suid,parent_su_name,parent_warehouse_states,n_parent_warehouse_states,sto,srm_contact,own_state,city_name,postal_code,address_1,assigned_induction_hub_name,assigned_station_state,assigned_station_zip,total_vol,weeks_with_vol,candidate_vol,candidate_share,direct_vol,direct_share,sparse_far_vol,sparse_far_share,jumbo_vol,jumbo_share,ghost_vol,ghost_share,misshipping_vol,misshipping_share,weeks_with_direct,pct_weeks_with_direct,direct_by_week,top_direct_hubs,n_ghost_hubs,ghost_hub_vol,ghost_hubs,n_misshipping_hubs,misshipping_hubs,missing_actual_hub_vol,missing_actual_hub_share,hub_mismatch_vol,state_mismatch_vol,far_hub_vol,within_200_vol,pct_within_200_of_assigned,avg_gain_on_candidate,avg_dist_assignedhub_customer,avg_dist_actualhub_customer,avg_dist_assignedhub_actualhub,ifr,delivery_rel,ifr_candidate,delivery_rel_candidate,ifr_direct,delivery_rel_direct,ifr_sparse_far,delivery_rel_sparse_far,ifr_jumbo,delivery_rel_jumbo,ifr_ghost,delivery_rel_ghost,ifr_misshipping,delivery_rel_misshipping,candidate_bucket_sum,candidate_partition_ok,direct_cohort
msbd_2w,msbd_su,2,34657,Unique Loom SC29707,20901,Unique Loom,"CA,SC",2,Rugs,Alex Resnick,SC,Fort Mill,29707,793 Fort Mill Highway,FORT MILL,SC,29708,7492,3,416,0.055525894287239724,0,0.0,0,0.0,2,0.00026695141484249865,0,0.0,414,0.05525894287239722,0,0.0,,,0,0,,1,Fresno (CA) 6%,387,0.05165509877202349,514,509,509,6596,0.9283603096410978,0.6689996939253215,792.4326991900541,663.3167844185598,183.84571144561212,0.9591564335290994,0.700347036839295,0.9783653846153846,0.6995192307692311,,,,,1.0,0.5,,,0.9782608695652174,0.7004830917874387,416,True,misshipping
msbd_2w,msbd_su,2,93132,Safavieh IN46075,381,Safavieh,"CA,GA,IN,NJ,NY,PA,TX",7,Rugs,Alex Resnick,IN,WHITESTOWN,46075,5635 ALBERT S WHITE DRIVE,NORTH  INDIANAPOLIS,IN,46077,6200,3,342,0.055161290322580644,1,0.00016129032258064516,1,0.00016129032258064516,23,0.003709677419354839,0,0.0,317,0.05112903225806452,1,0.3333333333333333,2026-08-09: 1,North  Indianapolis (IN) 0%,0,0,,10,Richmond Hill Ncpc (GA) 1%; West Savannah  Ncpc (GA) 1%; Lehigh Valley (PA) 1%; Woodbridge (NJ) 1%; Baytown (TX) 1%,187,0.030161290322580647,1855,574,572,5441,0.9048727756527524,0.19998029125818098,616.5929330254054,602.0384771344892,87.1120610687025,0.8190322580645167,0.6475806451612903,0.739766081871345,0.8099415204678365,1.0,1.0,1.0,1.0,0.7391304347826086,0.30434782608695654,,,0.7381703470031548,0.8454258675078868,342,True,misshipping
msbd_2w,msbd_su,2,223799,Safavieh Texas,381,Safavieh,"CA,GA,IN,NJ,NY,PA,TX",7,Rugs,Alex Resnick,TX,Baytown,77523,3200 S Farm to Market 565 Rd,BAYTOWN,TX,77521,6172,3,409,0.06626701231367466,3,0.0004860661049902787,2,0.0003240440699935191,28,0.004536616979909268,0,0.0,376,0.0609202851587816,2,0.6666666666666666,2026-08-09: 1; 2026-08-16: 2,Baytown (TX) 0%,0,0,,12,Richmond Hill Ncpc (GA) 1%; North  Indianapolis (IN) 1%; Greenwood (IN) 1%; Rialto (CA) 1%; Lehigh Valley (PA) 1%,283,0.04585223590408295,633,502,501,5388,0.9149261334691798,0.39428611348113024,923.802469590858,882.1656355455573,109.42256445751877,0.8467271548930653,0.6399870382372003,0.6797066014669926,0.8044009779951101,0.6666666666666667,0.0,0.0,1.0,0.9285714285714284,0.46428571428571436,,,0.6648936170212767,0.8351063829787233,409,True,misshipping
msbd_2w,msbd_su,2,19770,Safavieh NJ 08809,381,Safavieh,"CA,GA,IN,NJ,NY,PA,TX",7,Rugs,Alex Resnick,NJ,Lebanon,08833,111 Cokesbury Road,WOODBRIDGE LOCAL,NJ,8832,4785,3,125,0.02612330198537095,0,0.0,5,0.0010449320794148381,1,0.0002089864158829676,0,0.0,119,0.024869383490073144,0,0.0,,,0,0,,9,Greenwood (IN) 1%; North  Indianapolis (IN) 1%; West Savannah  Ncpc (GA) 0%; Richmond Hill Ncpc (GA) 0%; Lehigh Valley (PA) 0%,224,0.046812957157784746,4531,2393,144,4417,0.9684279763209822,0.48325308293882735,759.8603973509922,725.6546258503394,70.37339955849903,0.8482758620689669,0.6553814002089876,0.952,0.9039999999999998,,,1.0,0.8,1.0,0.0,,,0.949579831932773,0.9159663865546215,125,True,misshipping
msbd_2w,msbd_su,2,59119,Safavieh CA 92518,381,Safavieh,"CA,GA,IN,NJ,NY,PA,TX",7,Rugs,Alex Resnick,CA,Riverside,92518,20800 Krameria Aveune,RIALTO LOCAL,CA,92316,3248,3,108,0.0332512315270936,0,0.0,10,0.003078817733990148,11,0.0033866995073891628,0,0.0,87,0.026785714285714284,0,0.0,,,0,0,,9,North  Indianapolis (IN) 1%; West Savannah  Ncpc (GA) 0%; Greenwood (IN) 0%; Richmond Hill Ncpc (GA) 0%; Lehigh Valley (PA) 0%,63,0.01939655172413793,3143,121,140,3045,0.9560439560439561,0.44976579160938984,974.6158468025295,925.0403336960461,93.09735837046486,0.9039408866995078,0.6413177339901476,0.5555555555555555,0.8888888888888884,,,1.0,0.8999999999999999,1.0,0.4545454545454546,,,0.4482758620689654,0.9425287356321836,108,True,misshipping
msbd_2w,msbd_su,2,292469,Baishi NJ 08810 Bedshe,25843,"Bedshe International Co.,LTD","CA,NJ,TX",3,APS,Rainbow Wu,NJ,Dayton ,08810,11 Corn Rd ,PRINCETON,NJ,8810,3163,3,741,0.23427126146063865,0,0.0,1,0.0003161555485298767,11,0.0034777110338286435,0,0.0,729,0.23047739487828012,0,0.0,,,0,0,,9,Chino (CA) 17%; South Rialto - Ncpc (CA) 3%; Rancho Cucamonga Ncpc (CA) 1%; Rialto (CA) 1%; Burbank (CA) 0%,56,0.017704710717673097,2527,1264,1262,1845,0.5938204055358867,-1.616852131786325,830.2782273603075,1439.3213359528497,1105.8873098090003,0.9838760670249767,0.5823585203920337,0.985155195681511,0.19703103913630243,,,1.0,0.0,0.9090909090909091,0.27272727272727276,,,0.9862825788751708,0.19615912208504807,741,True,misshipping
msbd_2w,msbd_su,2,350373,York Wallcoverings PA 17408,5821,York Wallcoverings,"OH,PA",2,Decor,Maxwell Threlkeld,PA,York,17408,2075 Loucks Road,HARRISBURG LOCAL,PA,17339,3066,3,379,0.12361382909328114,0,0.0,0,0.0,0,0.0,0,0.0,379,0.12361382909328114,0,0.0,,,0,0,,1,Columbus (OH) 12%,219,0.07142857142857142,1858,1077,1075,1772,0.6224095539164032,0.2532928771547921,924.8031516743274,893.7542175683539,145.01079444246542,0.8274624918460526,0.7309197651663399,0.9788918205804746,0.8944591029023745,,,,,,,,,0.9788918205804746,0.8944591029023745,379,True,misshipping
msbd_2w,msbd_su,2,287737,Safavieh CA 95363,381,Safavieh,"CA,GA,IN,NJ,NY,PA,TX",7,Rugs,Alex Resnick,CA,Patterson,95363,400 Rogers Road,TRACY LOCAL,CA,95377,2889,3,95,0.032883350640359986,6,0.0020768431983385254,3,0.0010384215991692627,22,0.00761509172724126,0,0.0,64,0.02215299411561094,3,1.0,2026-08-02: 2; 2026-08-09: 3; 2026-08-16: 1,Tracy (CA) 0%; Rialto (CA) 0%,0,0,,10,Lehigh Valley (PA) 1%; North  Indianapolis (IN) 0%; Richmond Hill Ncpc (GA) 0%; Baytown (TX) 0%; Greenwood (IN) 0%,171,0.059190031152647975,2684,91,119,2599,0.9562178072111847,0.29899768587293046,1103.6521167283186,1070.9219966159048,86.71961954494599,0.9477327795084809,0.6282450674974034,0.8736842105263157,0.8421052631578949,1.0,0.6666666666666667,1.0,1.0,0.9545454545454545,0.5454545454545455,,,0.8281250000000001,0.9531250000000002,95,True,misshipping
msbd_2w,msbd_su,2,302333,NW Investment Inc TX 75041,64824,NW Investment Inc,"CA,PA,TX",3,APS Youth,Mariah Mao,TX,Garland,75041,3422 W Kingsley Rd,MESQUITE,TX,75149,2804,2,1138,0.405848787446505,0,0.0,1,0.0003566333808844508,3,0.0010699001426533524,0,0.0,1134,0.4044222539229672,0,0.0,,,0,0,,3,Fairless Hills (PA) 28%; Diamond Bar Rsf (CA) 12%; Rialto (CA) 0%,144,0.05135520684736091,2638,1346,1346,1314,0.493984962406015,0.477935646097672,876.336448220065,560.1437682367655,757.0896315989359,0.609129814550643,0.48751783166904483,0.9332161687170473,0.8207381370826003,,,0.0,0.0,0.33333333333333337,0.0,,,0.9356261022927698,0.8236331569664906,1138,True,misshipping
msbd_2w,msbd_su,2,34809,Safavieh GA31407 B,381,Safavieh,"CA,GA,IN,NJ,NY,PA,TX",7,Rugs,Alex Resnick,GA,Savannah,31407,455 Jimmy DeLoach Pkwy,SAVANNAH LOCAL,GA,31408,2743,3,135,0.04921618665694495,1,0.0003645643456069996,0,0.0,10,0.0036456434560699965,0,0.0,124,0.045205978855267955,1,0.3333333333333333,2026-08-02: 1,West Savannah  Ncpc (GA) 0%,0,0,,9,Lehigh Valley (PA) 2%; North  Indianapolis (IN) 1%; Woodbridge (NJ) 1%; Greenwood (IN) 1%; Garden City (NY) 0%,47,0.017134524243528983,2658,168,175,2521,0.9350890207715133,0.458774794041397,639.5184421052628,613.3062603648435,62.54321778447637,0.8964637258476117,0.6707983959168791,0.6666666666666666,0.911111111111111,1.0,1.0,,,0.8999999999999999,0.8,,,0.6451612903225806,0.9193548387096775,135,True,misshipping
msbd_2w,msbd_su,2,26803,Safavieh NJ 08822,381,Safavieh,"CA,GA,IN,NJ,NY,PA,TX",7,Rugs,Alex Resnick,NJ,Flemington,08822,1200 County Road 523,WOODBRIDGE LOCAL,NJ,8832,2295,3,46,0.020043572984749455,0,0.0,0,0.0,3,0.00130718954248366,0,0.0,43,0.018736383442265796,0,0.0,,,0,0,,8,North  Indianapolis (IN) 1%; Greenwood (IN) 1%; Richmond Hill Ncpc (GA) 0%; Lehigh Valley (PA) 0%; West Savannah  Ncpc (GA) 0%,143,0.062309368191721136,2095,1101,59,2093,0.9725836431226765,0.3799076681000801,836.3245932415507,808.3612179487183,70.78879885605349,0.8318082788671028,0.6766884531590397,0.8043478260869563,0.9130434782608696,,,,,1.0,0.6666666666666666,,,0.7906976744186046,0.9302325581395349,46,True,misshipping
msbd_2w,msbd_su,2,429755,SLM NJ7,58041,YISHANG TRADE INC,"CA,GA,NJ,TX",4,APS Outdoor,Melody Lu,NJ,Bordentown,08505,5206 US,ROBBINSVILLE,NJ,8691,2081,3,27,0.012974531475252283,0,0.0,5,0.002402691013935608,0,0.0,0,0.0,22,0.010571840461316675,0,0.0,,,0,0,,2,Richmond Hill Ncpc (GA) 1%; Sugar Land (TX) 0%,52,0.024987986544930323,2021,43,42,1987,0.9793001478560868,-0.021987302601445748,447.08017556693477,451.32068713450263,55.89687964338792,0.978856319077366,0.7467563671311882,0.9629629629629629,0.7777777777777776,,,1.0,0.8,,,,,0.9545454545454544,0.7727272727272727,27,True,misshipping
msbd_2w,msbd_su,2,213570,Feiss SC 29651,406,Feiss,"NV,SC",2,Lighting,John Harrison,SC,Greer,29651,170 SMITH FARMS PARKWAY,SPARTANBURG,SC,29301,2069,3,56,0.02706621556307395,0,0.0,0,0.0,7,0.0033832769453842437,0,0.0,49,0.023682938617689706,0,0.0,,,0,0,,1,Las Vegas (NV) 2%,131,0.06331561140647655,111,110,110,1828,0.9432404540763674,-1.881074470130756,866.0477510782497,910.708125399872,114.3909857670006,0.9681005316578052,0.7796036732721127,1.0,0.41071428571428564,,,,,1.0,0.28571428571428575,,,1.0,0.4285714285714286,56,True,misshipping
msbd_2w,msbd_su,2,85184,Aosom LLC GA30294,5725,Aosom LLC,"CA,GA,NJ",3,APS Outdoor,Amber Xiang,GA,Ellenwood,30294,4178 E Tanners Church Rd,ATLANTA LOCAL,GA,30294,1935,3,219,0.11317829457364341,0,0.0,3,0.0015503875968992248,1,0.0005167958656330749,0,0.0,215,0.1111111111111111,0,0.0,,,0,0,,3,Robbinsville (NJ) 9%; Rialto (CA) 2%; South Rialto - Ncpc (CA) 0%,38,0.019638242894056846,1879,255,255,1642,0.8655772272008434,-0.004782093592244586,726.8350456621002,720.9042002301508,141.14864289515663,0.9617571059431529,0.6790697674418612,0.995433789954338,0.6438356164383562,,,1.0,0.6666666666666667,1.0,0.0,,,0.9953488372093023,0.6465116279069769,219,True,misshipping
msbd_2w,msbd_su,2,410177,NW Investment Inc PA 19114,64824,NW Investment Inc,"CA,PA,TX",3,APS Decor,Mariah Mao,PA,Philadelphia,19114,9250 Ashton Rd,PHILADELPHIA,PA,19154,1794,3,198,0.11036789297658862,0,0.0,0,0.0,2,0.0011148272017837235,0,0.0,196,0.10925306577480491,0,0.0,,,0,0,,3,South Dallas Rsf (TX) 9%; Industry (CA) 1%; Diamond Bar Rsf (CA) 1%,91,0.050724637681159424,1688,227,226,1477,0.8672930123311803,-0.2793773040412389,614.5692975532754,660.3599508599503,250.1717417061609,0.857302118171684,0.6510590858416951,0.45454545454545453,0.28282828282828304,,,,,0.0,0.0,,,0.4591836734693879,0.2857142857142858,198,True,misshipping
msbd_2w,msbd_su,2,14765,Flash Furniture GA 30114,7347,Flash Furniture,"CA,GA,MS",3,Casegoods,Megan White,GA,Canton,30114,4350 Ball Ground Hwy,MARIETTA LOCAL,GA,30144,1780,3,84,0.04719101123595506,0,0.0,0,0.0,2,0.0011235955056179776,0,0.0,82,0.046067415730337076,0,0.0,,,0,0,,3,Olive Branch (MS) 4%; Chino (CA) 0%; Industry (CA) 0%,312,0.1752808988764045,1431,125,125,1343,0.9148501362397821,0.04000338876657551,763.118434782609,735.9118860510812,44.25741258741265,0.2792134831460676,0.2926966292134835,0.34523809523809523,0.41666666666666674,,,,,0.5,0.0,,,0.3414634146341463,0.42682926829268303,84,True,misshipping
msbd_2w,msbd_su,2,325564,SLM GA3,58041,YISHANG TRADE INC,"CA,GA,NJ,TX",4,APS Outdoor,Melody Lu,GA,Savannah,31407,150 Portside Ct,SAVANNAH LOCAL,GA,31408,1770,3,29,0.01638418079096045,0,0.0,0,0.0,5,0.002824858757062147,0,0.0,24,0.013559322033898305,0,0.0,,,0,0,,3,East Brunswick (NJ) 1%; Chino Hills Ncpc (CA) 0%; Baytown (TX) 0%,46,0.02598870056497175,1712,96,96,1628,0.9443155452436195,-0.3518576038485038,594.3473852040797,580.4411764705875,62.02780373831778,0.934463276836158,0.7022598870056501,0.9310344827586206,0.6896551724137934,,,,,1.0,0.6,,,0.9166666666666665,0.7083333333333335,29,True,misshipping
msbd_2w,msbd_su,2,23629,Home City Inc. NJ 08817,2740,Home City Inc.,"NJ,TX",2,Soft Home,Jaiden Lawlor,NJ,Edison,08817,380 Mill Road,WOODBRIDGE LOCAL,NJ,8832,1690,3,47,0.027810650887573965,0,0.0,0,0.0,4,0.002366863905325444,0,0.0,43,0.02544378698224852,0,0.0,,,0,0,,1,Houston (TX) 3%,81,0.04792899408284024,1605,48,48,1561,0.9701678060907396,0.08568414956102914,1032.8207275803738,1038.692648361381,49.302137020741576,0.6798816568047343,0.46331360946745587,0.9148936170212765,0.702127659574468,,,,,0.75,0.25,,,0.9302325581395345,0.7441860465116279,47,True,misshipping
msbd_2w,msbd_su,2,70707,Aosom LLC NJ 08022,5725,Aosom LLC,"CA,GA,NJ",3,APS Outdoor,Amber Xiang,NJ,Mansfield,08022,1179 Florence Road,ROBBINSVILLE,NJ,8691,1629,3,54,0.03314917127071823,0,0.0,0,0.0,1,0.0006138735420503376,0,0.0,53,0.032535297728667895,0,0.0,,,0,0,,2,South Atlanta Ncpc (GA) 3%; Rialto (CA) 0%,29,0.01780233271945979,68,67,67,1533,0.958125,0.410849385403418,524.1628113878996,510.79039145907467,53.83094339622637,0.991405770411296,0.6611418047882134,0.9444444444444443,0.6111111111111109,,,,,1.0,0.0,,,0.9433962264150942,0.6226415094339623,54,True,misshipping
msbd_2w,msbd_su,2,338215,"Bedshe International Co.,LTD CA 91761",25843,"Bedshe International Co.,LTD","CA,NJ,TX",3,APS,Rainbow Wu,CA,Ontario ,91761,500 S Dupont Ave,CHINO LOCAL,CA,91710,1586,3,236,0.14880201765447668,0,0.0,0,0.0,6,0.0037831021437578815,0,0.0,230,0.1450189155107188,0,0.0,,,0,0,,3,Princeton (NJ) 8%; East Brunswick (NJ) 7%; Fort Worth (TX) 0%,50,0.031525851197982346,1527,339,339,1197,0.779296875,-1.0718661845469541,1308.1681623931638,1536.8921496698476,606.7130975769481,0.9716267339218165,0.6904161412358129,0.9872881355932204,0.5254237288135593,,,,,1.0,0.5,,,0.9869565217391305,0.526086956521739,236,True,misshipping
msbd_2w,msbd_su,2,401646,NEO CHAIR INC GA 30567,50192,NEO CHAIR INC,"CA,GA,NJ,TX",4,Casegoods,Karolina Coulter,GA,Pendergrass,30567 ,8206 US Highway 129 N ,BRASELTON,GA,30517,1409,3,93,0.0660042583392477,0,0.0,0,0.0,21,0.014904187366926898,0,0.0,72,0.0511000709723208,0,0.0,,,0,0,,4,Princeton (NJ) 3%; Baytown (TX) 2%; Los Angeles (CA) 0%; Santa Fe Springs (CA) 0%,13,0.009226401703335699,109,106,106,1290,0.9240687679083095,0.05530928687318801,578.2978593272164,571.6297090352215,62.47104693140792,0.9794180269694821,0.7246273953158281,0.8602150537634409,0.7204301075268816,,,,,0.5714285714285714,0.42857142857142855,,,0.9444444444444444,0.8055555555555554,93,True,misshipping
msbd_2w,msbd_su,2,60227,Unique Loom CA 93725,20901,Unique Loom,"CA,SC",2,Rugs,Alex Resnick,CA,Fresno,93725,3480 S East Ave,FRESNO,CA,93725,1316,3,79,0.06003039513677812,0,0.0,1,0.0007598784194528875,2,0.001519756838905775,0,0.0,76,0.057750759878419454,0,0.0,,,0,0,,1,Fort Mill (SC) 6%,44,0.03343465045592705,99,99,99,1173,0.9221698113207547,0.4558243816293845,1047.0840791738378,954.0056042031522,199.4965162311955,0.9772036474164135,0.6215805471124622,0.9873417721518988,0.7848101265822784,,,1.0,1.0,1.0,0.0,,,0.986842105263158,0.8026315789473685,79,True,misshipping
msbd_2w,msbd_su,2,482466,海派艇新泽西仓,25843,"Bedshe International Co.,LTD","CA,NJ,TX",3,APS Soft Home,Rainbow Wu,NJ,DAYTON,08810,400 HELLER PARK CT,PRINCETON,NJ,8810,1310,3,162,0.12366412213740458,0,0.0,1,0.0007633587786259542,1,0.0007633587786259542,0,0.0,160,0.12213740458015267,0,0.0,,,0,0,,6,South Rialto - Ncpc (CA) 6%; Chino (CA) 4%; Burbank (CA) 1%; Rialto (CA) 0%; Arcadia (CA) 0%,23,0.017557251908396947,296,278,277,1010,0.7847707847707848,-1.5994330892924742,852.8700000000005,1155.7390430622,588.8536718750006,0.987786259541985,0.7595419847328242,0.993827160493827,0.23456790123456792,,,1.0,1.0,1.0,0.0,,,0.9937499999999999,0.23124999999999996,162,True,misshipping
msbd_2w,msbd_su,2,17059,Flash Furniture MS 38654,7347,Flash Furniture,"CA,GA,MS",3,Casegoods,Megan White,MS,Olive Branch,38654,8631 Polk Lane,OLIVE BRANCH LOCAL,MS,38654,1274,3,58,0.04552590266875981,0,0.0,3,0.002354788069073783,1,0.0007849293563579278,0,0.0,54,0.0423861852433281,0,0.0,,,0,0,,3,Marietta (GA) 3%; Chino (CA) 1%; Chino Hills Ncpc (CA) 0%,203,0.15934065934065933,1050,90,90,981,0.9159663865546218,0.2599336865205995,906.9345316934725,891.9124865446722,57.14380952380948,0.2653061224489792,0.4513343799058087,0.31034482758620696,0.4137931034482759,,,0.0,0.0,0.0,0.0,,,0.3333333333333333,0.4444444444444445,58,True,misshipping
msbd_2w,msbd_su,2,10114,Safavieh PA 18042a,381,Safavieh,"CA,GA,IN,NJ,NY,PA,TX",7,Rugs,Alex Resnick,PA,Easton,18042,2410 North Hampton St,LEHIGH VALLEY LOCAL,PA,18067,1206,3,27,0.022388059701492536,0,0.0,0,0.0,3,0.0024875621890547263,0,0.0,24,0.01990049751243781,0,0.0,,,0,0,,7,North  Indianapolis (IN) 0%; West Savannah  Ncpc (GA) 0%; Richmond Hill Ncpc (GA) 0%; Greenwood (IN) 0%; Woodbridge (NJ) 0%,93,0.07711442786069651,1106,565,38,1075,0.9658580413297394,0.4757995677812898,701.3993757802749,698.1328145265894,71.0780995475113,0.792703150912106,0.567164179104477,0.8888888888888887,0.9629629629629629,,,,,1.0,1.0,,,0.8749999999999999,0.9583333333333333,27,True,misshipping
msbd_2w,msbd_su,2,482463,海派艇美西仓,25843,"Bedshe International Co.,LTD","CA,NJ,TX",3,APS Soft Home,Rainbow Wu,CA,Fontana,92337,14144 Santa Ana Ave,WEST RIALTO,CA,92316,1145,3,102,0.0890829694323144,0,0.0,1,0.0008733624454148472,2,0.0017467248908296944,0,0.0,99,0.08646288209606987,0,0.0,,,0,0,,2,Princeton (NJ) 8%; East Brunswick (NJ) 1%,24,0.02096069868995633,1117,147,147,974,0.8688670829616414,-1.2151722085955956,1612.832157258065,1779.07679914071,363.0737030411448,0.9624454148471623,0.7379912663755464,1.0,0.5588235294117646,,,1.0,0.0,1.0,0.0,,,1.0,0.5757575757575754,102,True,misshipping
msbd_2w,msbd_su,2,33445,Kraus NJ08075,2146,Kraus,"CA,NC,NJ",3,Plumbing,Kaitlyn Gully,NJ,Cinnaminson,08075,2703 Cindel Drive,CAMDEN,NJ,8007,1056,3,14,0.013257575757575758,0,0.0,0,0.0,3,0.002840909090909091,0,0.0,11,0.010416666666666666,0,0.0,,,0,0,,3,Greensboro (NC) 1%; Chino (CA) 0%; Hickory (NC) 0%,29,0.027462121212121212,38,31,25,1002,0.9756572541382668,-0.528537209663623,1273.925452352232,1281.7259569378002,25.51073891625618,0.9886363636363643,0.6363636363636368,0.7857142857142857,0.4285714285714286,,,,,1.0,0.33333333333333337,,,0.7272727272727272,0.45454545454545453,14,True,misshipping
msbd_2w,msbd_su,2,370220,"Shenzhen Litian Technology Co., Ltd NJ 08817",254999,"Shenzhen Litian Technology Co., Ltd","CA,GA,NJ,PA,SC,TX",6,APS Home Improvement,Nicole Sun,NJ,Edison,08817,300 Cedar Lane Suite B,WOODBRIDGE LOCAL,NJ,8832,1024,3,68,0.06640625,0,0.0,1,0.0009765625,5,0.0048828125,0,0.0,62,0.060546875,0,0.0,,,0,0,,5,Richmond Hill Ncpc (GA) 4%; West Savannah  Ncpc (GA) 1%; South Rialto - Ncpc (CA) 1%; Savannah (GA) 0%; Houston (TX) 0%,23,0.0224609375,996,208,86,915,0.9140859140859141,-0.2152787656179684,565.5053353658533,602.8773472429208,104.0665659617321,0.9091796875000002,0.6630859374999997,0.8970588235294116,0.42647058823529405,,,1.0,1.0,1.0,0.8,,,0.887096774193548,0.3870967741935485,68,True,misshipping
msbd_2w,msbd_su,2,112675,Sign Leader Incorporation CA 91766,109826,Sign Leader Incorporation,"CA,PA,TX",3,APS Youth,Mariah Mao,CA,Pomona,91766,2000 W Mission Blvd,INDUSTRY,CA,91789,1022,3,94,0.09197651663405088,0,0.0,1,0.0009784735812133072,2,0.0019569471624266144,0,0.0,91,0.08904109589041095,0,0.0,,,0,0,,3,Fairless Hills (PA) 8%; South Dallas Rsf (TX) 1%; North Pittsburgh (PA) 0%,82,0.08023483365949119,157,98,95,845,0.898936170212766,0.13291057210734786,1573.2634812286676,1529.0823456790124,259.0289247311826,0.9266144814090025,0.5528375733855186,0.8510638297872342,0.7659574468085107,,,0.0,1.0,0.0,0.5,,,0.8791208791208792,0.7692307692307692,94,True,misshipping
msbd_2w,msbd_su,2,100167,NingBo KaiMeiChen DianZiShangWu You CA 92571,83386,"Ningbo FanKai E-commerce Co., Ltd._1","CA,GA,IL,NJ,PA",5,APS Home Improvement,Nicole Sun,CA,Perris,92571,728 W Rider St,RIALTO LOCAL,CA,92316,989,3,77,0.07785642062689585,0,0.0,4,0.004044489383215369,31,0.03134479271991911,0,0.0,42,0.042467138523761376,0,0.0,,,0,0,,9,Fairless Hills (PA) 2%; South Atlanta Ncpc (GA) 1%; East Brunswick (NJ) 1%; King Of Prussia (PA) 0%; Atlanta (GA) 0%,19,0.019211324570273004,961,112,108,862,0.8886597938144329,-0.011863758666814798,1373.2044848484857,1341.2863361547766,258.2411825726142,0.9878665318503537,0.7906976744186042,1.0,0.7662337662337662,,,1.0,0.75,1.0,0.5161290322580645,,,1.0,0.9523809523809522,77,True,misshipping
msbd_2w,msbd_su,2,411388,NingBo KaiMeiChen DianZiShangWu YouXianGongSi NJ 08016,83386,"Ningbo FanKai E-commerce Co., Ltd._1","CA,GA,IL,NJ,PA",5,APS Home Improvement,Nicole Sun,NJ,Burlington,08016,1900B River Rd,ROBBINSVILLE,NJ,8691,962,3,65,0.06756756756756757,0,0.0,3,0.0031185031185031187,0,0.0,0,0.0,62,0.06444906444906445,0,0.0,,,0,0,,14,Fairless Hills (PA) 2%; Los Angeles (CA) 1%; Chino (CA) 1%; Arcadia (CA) 1%; Rialto (CA) 1%,16,0.016632016632016633,874,832,136,810,0.8562367864693446,-0.9225381015187275,695.3663235294129,811.7126198083072,357.36797454931116,0.9885654885654881,0.7952182952182947,1.0,0.276923076923077,,,1.0,1.0,,,,,1.0,0.24193548387096786,65,True,misshipping
msbd_2w,msbd_su,2,327976,SHEN JUN TRADING LIMITED NJ 08810,327975,SHEN JUN TRADING LIMITED,"CA,NJ",2,APS,Regan Zou,NJ,Dayton,08810,11 Corn Rd,PRINCETON,NJ,8810,941,2,186,0.19766206163655686,0,0.0,0,0.0,0,0.0,0,0.0,186,0.19766206163655686,0,0.0,,,0,0,,1,Chino (CA) 20%,12,0.012752391073326248,927,290,290,639,0.6878363832077503,-1.6802704620275957,744.2750962772785,1211.570580645162,865.6507559395249,0.9383634431455901,0.747077577045695,0.9784946236559137,0.4408602150537635,,,,,,,,,0.9784946236559137,0.4408602150537635,186,True,misshipping
msbd_2w,msbd_su,2,325759,"Chenxin Optoelectronic Co., Limited GA 31407",43881,"Chenxin Optoelectronic Co., Limited","CA,GA,IL,NJ,TX",5,APS Outdoor,Moti Mao,GA,Savannah,31407,150 Portside Ct,SAVANNAH LOCAL,GA,31408,906,3,36,0.039735099337748346,0,0.0,2,0.002207505518763797,4,0.004415011037527594,0,0.0,30,0.033112582781456956,0,0.0,,,0,0,,7,Sugar Land (TX) 1%; Chino Hills Ncpc (CA) 1%; Baytown (TX) 1%; East Brunswick (NJ) 1%; Chicago (IL) 0%,14,0.01545253863134658,887,97,98,794,0.8901345291479821,-0.16301737960534637,525.5906947890817,509.58040712468227,95.90856820744082,0.9205298013245032,0.6920529801324512,0.9444444444444443,0.7222222222222222,,,1.0,0.5,0.75,1.0,,,0.9666666666666666,0.7,36,True,misshipping
msbd_2w,msbd_su,2,11861,Nuvo Lighting TX 75234,3478,Nuvo Lighting,"CA,FL,NY,TX,WA",5,Lighting,Kya Mehlman,TX,Farmers Branch,75234,2000 Valwood Parkway,IRVING,TX,75062,869,3,150,0.17261219792865362,0,0.0,3,0.0034522439585730723,3,0.0034522439585730723,0,0.0,144,0.16570771001150747,0,0.0,,,0,0,,4,Hayward (CA) 9%; Miami (FL) 5%; Long Island (NY) 2%; Everett (WA) 1%,23,0.026467203682393557,319,210,208,638,0.7541371158392435,0.5435495046373688,969.7003809523802,730.1367796610173,406.2776710684273,0.7882623705408511,0.6029919447640977,0.9799999999999996,0.9199999999999997,,,0.33333333333333337,0.33333333333333337,1.0,0.33333333333333337,,,0.9930555555555555,0.9444444444444446,150,True,misshipping
msbd_2w,msbd_su,2,427605,"Chenxin Optoelectronic Co., Limited NJ 08505",43881,"Chenxin Optoelectronic Co., Limited","CA,GA,IL,NJ,TX",5,APS Outdoor,Moti Mao,NJ,Bordentown,08505,5206 US 130 N,ROBBINSVILLE,NJ,8691,844,3,30,0.035545023696682464,0,0.0,1,0.001184834123222749,0,0.0,0,0.0,29,0.034360189573459717,0,0.0,,,0,0,,8,Richmond Hill Ncpc (GA) 3%; Diamond Bar Rsf (CA) 0%; West Savannah  Ncpc (GA) 0%; Romeoville Rsf (IL) 0%; Baytown (TX) 0%,16,0.018957345971563982,822,49,49,779,0.9408212560386473,0.013610443149324003,437.06284658040676,448.116883116883,86.7177045177045,0.9537914691943135,0.7748815165876787,0.8999999999999999,0.4666666666666667,,,1.0,0.0,,,,,0.8965517241379309,0.48275862068965514,30,True,misshipping
msbd_2w,msbd_su,2,498230,Shenzhen Like Keji Youxiangongsi NJ 08872,62368,Shenzhen Like Keji Youxiangongsi,"CA,GA,NJ,PA,TX",5,APS Bedroom,Lydia Liu,NJ,Sayreville,08872,76CallahanBlvd ，Sayreville，NJ，08872,EAST BRUNSWICK,NJ,8816,841,3,40,0.04756242568370987,0,0.0,1,0.0011890606420927466,1,0.0011890606420927466,0,0.0,38,0.04518430439952437,0,0.0,,,0,0,,8,Richmond Hill Ncpc (GA) 2%; West Savannah  Ncpc (GA) 1%; Chino Hills Ncpc (CA) 1%; Anaheim (CA) 0%; Rialto (CA) 0%,19,0.022592152199762187,197,88,58,764,0.9294403892944039,-0.08304469435462487,662.120265151515,663.1569789674959,94.16773399014775,0.9536266349583825,0.6979785969084429,0.9249999999999997,0.5999999999999999,,,1.0,1.0,0.0,0.0,,,0.9473684210526316,0.6052631578947367,40,True,misshipping
msbd_2w,msbd_su,2,280962,"CHITA (HK) IMPORT & EXPORT CO., LIMIT NJ 08016(2)",68916,SPRINGDIAL (HK) E-COMMERCE LIMITED,"CA,FL,GA,MD,NJ,TX",6,APS,Sean Xu,NJ,Burlington Township,08016,100 Crossings Dr,ROBBINSVILLE,NJ,8691,830,3,12,0.014457831325301205,0,0.0,1,0.0012048192771084338,2,0.0024096385542168677,0,0.0,9,0.010843373493975903,0,0.0,,,0,0,,4,West Rialto (CA) 1%; Industry (CA) 0%; Chino (CA) 0%; West Savannah  Ncpc (GA) 0%,48,0.05783132530120482,282,30,22,760,0.9718670076726342,-0.7897541616244422,788.1665144596653,801.2894984326012,72.28543563068921,0.8975903614457836,0.6939759036144575,0.9166666666666666,0.33333333333333337,,,1.0,1.0,1.0,0.0,,,0.8888888888888888,0.3333333333333333,12,True,misshipping
msbd_2w,msbd_su,2,31503,"Top Knobs, Inc. CA 90065",19191,"Top Knobs, Inc.","CA,NJ",2,Hardware,Matt Bartolucci,CA,Los Angeles,90065,1310 Cypress Avenue,ARCADIA,CA,91006,807,3,230,0.2850061957868649,0,0.0,0,0.0,3,0.0037174721189591076,0,0.0,227,0.2812887236679058,0,0.0,,,0,0,,1,Woodbridge (NJ) 28%,40,0.04956629491945477,754,473,473,294,0.3833116036505867,-1.0092974098142382,1026.5178817056396,2096.838483547924,1729.7615384615383,0.9330855018587362,0.5675340768277574,0.9826086956521741,0.6347826086956522,,,,,0.0,0.0,,,0.9955947136563874,0.6431718061674008,230,True,misshipping
msbd_2w,msbd_su,2,313953,LUBBIT INC NJ 08016,120034,LUBBIT INC,"CA,GA,NJ,SC,TX",5,Casegoods,Zichu Wang,NJ,Burlington,08016,1900B River Rd,ROBBINSVILLE,NJ,8691,779,3,85,0.10911424903722722,0,0.0,6,0.007702182284980745,4,0.005134788189987163,0,0.0,75,0.0962772785622593,0,0.0,,,0,0,,6,Rialto (CA) 4%; Houston (TX) 3%; West Savannah  Ncpc (GA) 2%; South Rialto - Ncpc (CA) 0%; West Rialto (CA) 0%,18,0.023106546854942234,727,710,108,653,0.8580814717477004,0.4582624592638064,901.733217993079,723.1304347826089,263.34841688654365,0.9781771501925539,0.8421052631578945,0.9882352941176472,0.9294117647058822,,,1.0,1.0,1.0,1.0,,,0.9866666666666667,0.92,85,True,misshipping
msbd_2w,msbd_su,2,306890,CAIDI INC NJ 08016,72066,CAIDI INC,"CA,GA,NJ,SC,TX",5,APS,Nora Li,NJ,Burlington,08016,1900B River Rd,ROBBINSVILLE,NJ,8691,756,3,11,0.01455026455026455,0,0.0,0,0.0,0,0.0,0,0.0,11,0.01455026455026455,0,0.0,,,0,0,,5,Savannah (GA) 0%; Rancho Cucamonga Ncpc (CA) 0%; West Savannah  Ncpc (GA) 0%; Rialto (CA) 0%; Houston (TX) 0%,11,0.01455026455026455,690,686,15,730,0.9798657718120806,0.36753999238659635,664.6926070038908,604.8546972860125,54.7315860215054,0.9708994708994705,0.8267195767195769,1.0,0.8181818181818181,,,,,,,,,1.0,0.8181818181818181,11,True,misshipping
msbd_2w,msbd_su,2,89772,Top Notch Distributors MA 02048,5375,Top Notch Distributors,"MA,MO,NV,PA",4,Hardware,Matt Bartolucci,MA,Mansfield,02048,11 Norfolk St,BROCKTON,MA,2301,736,3,15,0.020380434782608696,0,0.0,1,0.001358695652173913,0,0.0,0,0.0,14,0.019021739130434784,0,0.0,,,0,0,,1,Reno (NV) 2%,147,0.19972826086956522,20,20,19,570,0.967741935483871,0.09958254503145328,1229.1149621212114,1208.5728735632179,91.06177474402737,0.9375000000000001,0.7092391304347826,1.0,0.13333333333333333,,,1.0,1.0,,,,,1.0,0.07142857142857142,15,True,misshipping
msbd_2w,msbd_su,2,272871,CAIDI INC NJ 07064,72066,CAIDI INC,"CA,GA,NJ,SC,TX",5,APS,Nora Li,NJ,Port Reading,07064, 1001 W Middlesex Ave,SOUTH CARTERET,NJ,7008,724,3,151,0.2085635359116022,0,0.0,7,0.009668508287292817,11,0.015193370165745856,0,0.0,133,0.18370165745856354,0,0.0,,,0,0,,8,West Savannah  Ncpc (GA) 7%; Rialto (CA) 6%; Houston (TX) 3%; Rancho Cucamonga Ncpc (CA) 1%; South Rialto - Ncpc (CA) 1%,23,0.031767955801104975,699,346,181,520,0.7417974322396577,0.5070459952644986,934.3243614931235,628.7546938775511,422.01058655221755,0.842541436464088,0.6353591160221002,0.794701986754967,0.6423841059602651,,,1.0,1.0,0.7272727272727272,0.5454545454545454,,,0.7894736842105265,0.6315789473684209,151,True,misshipping
msbd_2w,msbd_su,2,122707,SLM TX2,58041,YISHANG TRADE INC,"CA,GA,NJ,TX",4,APS Outdoor,Melody Lu,TX,Baytown,77521,1770 East Freeway Service Rd,BAYTOWN,TX,77521,721,3,26,0.036061026352288486,0,0.0,0,0.0,0,0.0,0,0.0,26,0.036061026352288486,0,0.0,,,0,0,,3,Richmond Hill Ncpc (GA) 3%; East Brunswick (NJ) 1%; Chino Hills Ncpc (CA) 0%,17,0.023578363384188627,496,35,35,669,0.9502840909090909,-0.1741561884887003,677.4242647058827,692.2776119402984,87.74557142857131,0.9029126213592232,0.67128987517337,0.9615384615384615,0.5,,,,,,,,,0.9615384615384615,0.5,26,True,misshipping
msbd_2w,msbd_su,2,410092,NW Investment Inc CA 91766,64824,NW Investment Inc,"CA,PA,TX",3,APS Decor,Mariah Mao,CA,Pomona,91766,462 Humane Way,INDUSTRY,CA,91789,695,3,74,0.10647482014388489,0,0.0,0,0.0,0,0.0,0,0.0,74,0.10647482014388489,0,0.0,,,0,0,,2,South Dallas Rsf (TX) 9%; Fairless Hills (PA) 2%,22,0.031654676258992806,656,76,77,596,0.8855869242199108,0.5331905160281494,585.6129353233832,466.8541038525965,188.98105263157882,0.9194244604316549,0.748201438848921,0.3108108108108109,0.5405405405405405,,,,,,,,,0.3108108108108109,0.5405405405405405,74,True,misshipping
msbd_2w,msbd_su,2,19014,Nuvo Lighting NY 11717,3478,Nuvo Lighting,"CA,FL,NY,TX,WA",5,Lighting,Kya Mehlman,NY,Brentwood,11717,110 HEARTLAND BLVD,LONG ISLAND,NY,11741,695,3,46,0.06618705035971223,0,0.0,4,0.0057553956834532375,4,0.0057553956834532375,0,0.0,38,0.05467625899280575,0,0.0,,,0,0,,4,Miami (FL) 3%; Irving (TX) 2%; South Dallas Rsf (TX) 0%; Everett (WA) 0%,12,0.017266187050359712,84,84,68,615,0.9004392386530015,0.4021735874843116,488.1801507537687,442.38661800486574,150.93288690476209,0.9812949640287779,0.8258992805755395,0.9347826086956521,0.8043478260869565,,,1.0,0.5,1.0,0.75,,,0.9210526315789475,0.8421052631578948,46,True,misshipping
msbd_2w,msbd_su,2,316658,NingBo KaiMeiChen DianZiShangWu YouXian NJ 08822,83386,"Ningbo FanKai E-commerce Co., Ltd._1","CA,GA,IL,NJ,PA",5,APS Home Improvement,Nicole Sun,NJ,Fleminton,08822,1200 county road 523,WOODBRIDGE LOCAL,NJ,8832,671,3,69,0.10283159463487332,0,0.0,5,0.007451564828614009,2,0.0029806259314456036,0,0.0,62,0.09239940387481371,0,0.0,,,0,0,,5,Rialto (CA) 7%; Chino (CA) 1%; Diamond Bar Rsf (CA) 1%; Richmond Hill Ncpc (GA) 0%; Scranton (PA) 0%,18,0.026825633383010434,652,141,124,529,0.8101071975497703,-1.4816909717790616,623.0054621848734,872.8370143149292,514.5085889570546,0.9985096870342778,0.7898658718330847,1.0,0.27536231884057977,,,1.0,1.0,1.0,0.5,,,1.0,0.20967741935483877,69,True,misshipping
msbd_2w,msbd_su,2,51684,Safavieh GA31407 C,381,Safavieh,"CA,GA,IN,NJ,NY,PA,TX",7,Rugs,Alex Resnick,GA,Port Wentworth,31407,302 International Trade parkway,SAVANNAH LOCAL,GA,31408,664,3,31,0.046686746987951805,0,0.0,5,0.007530120481927711,2,0.0030120481927710845,0,0.0,24,0.03614457831325301,0,0.0,,,0,0,,8,Lehigh Valley (PA) 2%; Greenwood (IN) 0%; Woodbridge (NJ) 0%; Robbinsville (NJ) 0%; North  Indianapolis (IN) 0%,44,0.06626506024096386,607,39,40,580,0.9354838709677419,0.4646399221408964,730.0155109489052,715.6158286778402,64.00595041322312,0.9201807228915673,0.673192771084337,0.9354838709677419,0.8709677419354838,,,1.0,0.4,1.0,1.0,,,0.9166666666666665,0.9583333333333334,31,True,misshipping
msbd_2w,msbd_su,2,216252,Home City Inc. TX 77029,2740,Home City Inc.,"NJ,TX",2,Soft Home,Jaiden Lawlor,TX,Houston,77029,8230 Plummer Street,BAYTOWN,TX,77521,659,3,55,0.0834597875569044,0,0.0,0,0.0,0,0.0,0,0.0,55,0.0834597875569044,0,0.0,,,0,0,,1,Woodbridge (NJ) 8%,61,0.09256449165402124,598,62,62,536,0.8963210702341137,-0.28315329578254655,1151.448180242634,1117.75931477516,214.92094594594593,0.8330804248861925,0.5978755690440055,0.5636363636363638,0.29090909090909095,,,,,,,,,0.5636363636363638,0.29090909090909095,55,True,misshipping
msbd_2w,msbd_su,2,285933,"Shenzhen Laiwo Trading Co., Ltd. CA 92410",65593,"Shenzhen Laiwo Trading Co., Ltd.","CA,GA,IL,NJ,PA,TX,WA",7,APS,Stella Yin,CA,San Bernardino,92410,7776 Tippecanoe Avenue,WEST RIALTO,CA,92316,657,3,20,0.030441400304414,0,0.0,2,0.0030441400304414,2,0.0030441400304414,0,0.0,16,0.0243531202435312,0,0.0,,,0,0,,8,Richmond Hill Ncpc (GA) 1%; East Brunswick (NJ) 0%; Baytown (TX) 0%; Lehigh Valley (PA) 0%; Princeton (NJ) 0%,13,0.0197869101978691,604,29,30,614,0.953416149068323,-0.15113541148277565,1028.6411764705877,1027.682716049382,120.07429906542052,0.9726027397260281,0.6210045662100456,1.0,0.6000000000000002,,,1.0,0.5,1.0,0.0,,,1.0,0.6875,20,True,misshipping
msbd_2w,msbd_su,2,271985,LUBBIT INC NJ 07064,120034,LUBBIT INC,"CA,GA,NJ,SC,TX",5,Casegoods,Zichu Wang,NJ,Port Reading,07064,1001 W Middlesex Ave,SOUTH CARTERET,NJ,7008,655,3,110,0.16793893129770993,0,0.0,6,0.00916030534351145,8,0.012213740458015267,0,0.0,96,0.1465648854961832,0,0.0,,,0,0,,8,West Savannah  Ncpc (GA) 8%; Rialto (CA) 3%; Houston (TX) 2%; Savannah (GA) 1%; South Rialto - Ncpc (CA) 0%,16,0.024427480916030534,638,315,164,475,0.7433489827856025,0.4760662919138953,782.8395348837203,574.2058201058204,359.89277864992124,0.9618320610687019,0.7572519083969467,0.9363636363636363,0.8181818181818179,,,1.0,1.0,0.875,0.75,,,0.9374999999999997,0.8125000000000001,110,True,misshipping
msbd_2w,msbd_su,2,231495,Chenxin Optoelectronic Co CA 91761,43881,"Chenxin Optoelectronic Co., Limited","CA,GA,IL,NJ,TX",5,APS Outdoor,Moti Mao,CA,Ontario,91761,5691 E Philadelphia St,CHINO LOCAL,CA,91710,629,3,33,0.05246422893481717,0,0.0,2,0.003179650238473768,2,0.003179650238473768,0,0.0,29,0.046104928457869634,0,0.0,,,0,0,,7,Richmond Hill Ncpc (GA) 3%; East Brunswick (NJ) 1%; Baytown (TX) 0%; Chicago (IL) 0%; South Chicago (IL) 0%,22,0.034976152623211444,604,34,34,573,0.943986820428336,0.3511381549270266,885.0256544502614,835.6003597122312,127.5044701986755,0.9427662957074722,0.6661367249602549,0.9393939393939394,0.48484848484848486,,,0.5,1.0,1.0,0.5,,,0.9655172413793104,0.4482758620689654,33,True,misshipping
msbd_2w,msbd_su,2,358410,Safavieh PA 17015,381,Safavieh,"CA,GA,IN,NJ,NY,PA,TX",7,Rugs,Alex Resnick,PA,Carlisle,17015,1700 Harrisburg Pike,CARLISLE,PA,17241,610,3,12,0.019672131147540985,0,0.0,2,0.003278688524590164,3,0.004918032786885246,0,0.0,7,0.011475409836065573,0,0.0,,,0,0,,4,Baytown (TX) 1%; West Savannah  Ncpc (GA) 0%; Greenwood (IN) 0%; Richmond Hill Ncpc (GA) 0%,9,0.014754098360655738,45,42,22,579,0.9633943427620633,0.24649966112319613,489.03232323232317,476.9648387096776,36.64888507718695,0.9852459016393449,0.7032786885245896,0.9166666666666666,0.6666666666666666,,,1.0,1.0,1.0,0.6666666666666666,,,0.8571428571428572,0.5714285714285714,12,True,misshipping
msbd_2w,msbd_su,2,296153,"Sleemon-Xilinmen Furniture co.,Ltd NJ 08016 ",88620,"Sleemon-Xilinmen Furniture co.,Ltd","CA,GA,IL,NJ,TX",5,APS,Naomi JI,NJ,Burlington,08016,280 Daniels Way,ROBBINSVILLE,NJ,8691,608,3,25,0.04111842105263158,0,0.0,5,0.008223684210526315,4,0.006578947368421052,0,0.0,16,0.02631578947368421,0,0.0,,,0,0,,4,South Rialto - Ncpc (CA) 1%; Rialto (CA) 1%; South Atlanta Ncpc (GA) 0%; Diamond Bar Rsf (CA) 0%,13,0.02138157894736842,120,89,55,540,0.907563025210084,-0.6686168261698872,779.3908096280089,840.295185995624,211.41426116838505,0.9868421052631579,0.833881578947368,0.9599999999999999,0.39999999999999997,,,1.0,1.0,1.0,0.25,,,0.9374999999999999,0.25000000000000006,25,True,misshipping
msbd_2w,msbd_su,2,112691,Sign Leader Incorporation PA 19114,109826,Sign Leader Incorporation,"CA,PA,TX",3,APS Youth,Mariah Mao,PA,Philadelphia,19114,9250 Ashton Rd,PHILADELPHIA,PA,19154,608,3,32,0.05263157894736842,0,0.0,0,0.0,1,0.001644736842105263,0,0.0,31,0.05098684210526316,0,0.0,,,0,0,,3,South Dallas Rsf (TX) 4%; Industry (CA) 1%; Diamond Bar Rsf (CA) 0%,53,0.08717105263157894,546,36,36,519,0.9351351351351351,-0.06101196482071081,739.1696506550218,726.7814117647054,128.61399631675857,0.8815789473684216,0.7203947368421062,0.59375,0.46875,,,,,1.0,0.0,,,0.5806451612903225,0.4838709677419355,32,True,misshipping
msbd_2w,msbd_su,2,413454,YUANJING ELECTRONIC TECHNOLOGY CO. LIMITEDNJ 08505,56998,"YUANJING ELECTRONIC TECHNOLOGY CO.,LIMITED","CA,GA,IL,NJ,TX",5,APS AEOF,Fiona Jiang,NJ,Bordentown,08505,5206 US 130 N,ROBBINSVILLE,NJ,8691,598,3,40,0.06688963210702341,0,0.0,2,0.0033444816053511705,1,0.0016722408026755853,0,0.0,37,0.061872909698996656,0,0.0,,,0,0,,7,Richmond Hill Ncpc (GA) 4%; South Chicago (IL) 1%; Sugar Land (TX) 1%; Chicago (IL) 0%; Diamond Bar Rsf (CA) 0%,12,0.020066889632107024,583,48,48,538,0.9180887372013652,0.05752264401580846,535.2371428571429,535.3031400966182,102.8543739279588,0.9782608695652176,0.6705685618729094,0.925,0.45,,,1.0,0.5,1.0,0.0,,,0.918918918918919,0.4594594594594594,40,True,misshipping
msbd_2w,msbd_su,2,87326,NeoChair TX 77507,50192,NEO CHAIR INC,"CA,GA,NJ,TX",4,Casegoods,Karolina Coulter,TX,Pasadena ,77507,10619 Red Bluff Road ,BAYTOWN,TX,77521,581,3,48,0.08261617900172118,0,0.0,1,0.0017211703958691911,0,0.0,0,0.0,47,0.08089500860585198,0,0.0,,,0,0,,5,Braselton (GA) 6%; Princeton (NJ) 1%; Santa Fe Springs (CA) 1%; Carson (CA) 0%; Chino (CA) 0%,4,0.0068846815834767644,56,54,54,523,0.9064124783362218,0.282438380420211,715.7312274368228,683.791007194245,95.30453752181499,0.9948364888123921,0.7263339070567986,1.0,0.6874999999999999,,,1.0,1.0,,,,,1.0,0.6808510638297872,48,True,misshipping
msbd_2w,msbd_su,2,399436,"Shenzhen Litian Technology Co., Ltd AL 31308",254999,"Shenzhen Litian Technology Co., Ltd","CA,GA,NJ,PA,SC,TX",6,APS Home Improvement,Nicole Sun,GA,Georgia,31308,1086 Oracal Parkway,SAVANNAH LOCAL,GA,31408,547,3,38,0.06946983546617916,0,0.0,7,0.012797074954296161,7,0.012797074954296161,0,0.0,24,0.043875685557586835,0,0.0,,,0,0,,7,South Rialto - Ncpc (CA) 2%; Fairless Hills (PA) 1%; Metuchen (NJ) 1%; King Of Prussia (PA) 1%; Tracy (CA) 0%,33,0.0603290676416819,509,50,50,464,0.9027237354085603,0.06023349613905468,604.2022044088176,571.9084925690013,126.08897637795282,0.8446069469835465,0.687385740402194,0.9473684210526315,0.5526315789473684,,,0.8571428571428572,0.5714285714285714,1.0,0.2857142857142857,,,0.9583333333333334,0.6250000000000001,38,True,misshipping
msbd_2w,msbd_su,2,323087,"Sleemon-Xilinmen Furniture co.,Ltd CA 92376",88620,"Sleemon-Xilinmen Furniture co.,Ltd","CA,GA,IL,NJ,TX",5,APS,Naomi JI,CA,Rialto,92376,2000 W BaseLine Rd,ROBBINSVILLE,NJ,8691,547,3,16,0.029250457038391225,0,0.0,5,0.009140767824497258,3,0.005484460694698354,0,0.0,8,0.014625228519195612,0,0.0,,,0,0,,3,Robbinsville (NJ) 1%; Chicago (IL) 0%; North Houston (TX) 0%,25,0.04570383912248629,517,37,37,485,0.9291187739463601,-0.3540618684510383,1315.0897654584223,1334.2852494577,179.24504854368908,0.9652650822669104,0.6691042047531995,1.0,0.5625000000000001,,,1.0,0.8,1.0,0.6666666666666666,,,1.0,0.375,16,True,misshipping
msbd_2w,msbd_su,2,229709,Meishe CA 92337 Bedshe,25843,"Bedshe International Co.,LTD","CA,NJ,TX",3,APS,Rainbow Wu,CA,Fontana,92337,11010 Juniper Ave,WEST RIALTO,CA,92316,526,3,74,0.14068441064638784,0,0.0,0,0.0,5,0.009505703422053232,0,0.0,69,0.1311787072243346,0,0.0,,,0,0,,2,East Brunswick (NJ) 10%; Princeton (NJ) 3%,5,0.009505703422053232,520,97,97,424,0.8138195777351248,-0.9467059195154802,1563.2680412371126,1773.92591006424,511.2078846153844,0.982889733840304,0.6235741444866929,1.0,0.5000000000000001,,,,,1.0,0.2,,,1.0,0.5217391304347826,74,True,misshipping
msbd_2w,msbd_su,2,17066,  CA2,3215,"GigaCloud Trading, Inc.","CA,GA,NJ,TX",4,Outdoor Furniture,Amy Connell,CA,city of industry,91789,108 to 118 brea canyon road,INDUSTRY,CA,91789,525,3,97,0.18476190476190477,0,0.0,2,0.0038095238095238095,23,0.04380952380952381,0,0.0,72,0.13714285714285715,0,0.0,,,0,0,,6,Richmond Hill Ncpc (GA) 5%; West Savannah  Ncpc (GA) 5%; South Atlanta Ncpc (GA) 2%; East Brunswick (NJ) 1%; South Dallas Rsf (TX) 0%,28,0.05333333333333334,475,170,172,325,0.6539235412474849,-1.4166016388527345,1265.0036697247688,1595.834196891193,850.1144050104382,0.8857142857142863,0.4742857142857141,0.8659793814432992,0.422680412371134,,,1.0,0.5,0.7391304347826086,0.5652173913043479,,,0.9027777777777777,0.375,97,True,misshipping
msbd_2w,msbd_su,2,322097,"Hangzhou Mengfeisi Home Furnishings Co.,NJ 08016",313810,"Hangzhou Mengfeisi Home Furnishings Co., Ltd","CA,GA,NJ,PA,TX",5,APS Outdoor,Moti Mao,NJ,Burlington,08016,1900A River Rd,ROBBINSVILLE,NJ,8691,523,3,26,0.0497131931166348,0,0.0,0,0.0,1,0.0019120458891013384,0,0.0,25,0.04780114722753346,0,0.0,,,0,0,,2,Fairless Hills (PA) 4%; King Of Prussia (PA) 0%,9,0.017208413001912046,489,456,75,439,0.8540856031128404,-0.4779338692379481,567.4770700636951,557.3503521126761,267.6037344398337,0.9120458891013391,0.7189292543021035,0.8846153846153845,0.4230769230769231,,,,,1.0,1.0,,,0.8799999999999999,0.39999999999999997,26,True,misshipping
msbd_2w,msbd_su,2,231212,GC-NJ13 (08505),93029,SWEET NIGHT TECHNOLOGY INC.,"CA,GA,IL,NJ,TX",5,APS Mattresses,Checky Yi,NJ,Fieldsboro,08505,CO 1183 Florence Columbus Road ,ROBBINSVILLE,NJ,8691,522,3,19,0.03639846743295019,0,0.0,4,0.007662835249042145,1,0.0019157088122605363,0,0.0,14,0.02681992337164751,0,0.0,,,0,0,,6,Chino Hills Ncpc (CA) 1%; West Savannah  Ncpc (GA) 1%; South Chicago (IL) 1%; Rancho Cucamonga Ncpc (CA) 0%; South Rialto - Ncpc (CA) 0%,9,0.017241379310344827,447,41,41,472,0.9200779727095516,-0.1424770654767815,584.2553314121038,648.9893982808021,167.17906066536204,0.986590038314176,0.8103448275862072,1.0,0.6842105263157895,,,1.0,1.0,1.0,1.0,,,1.0,0.5714285714285715,19,True,misshipping
msbd_2w,msbd_su,2,328411,YUANJING ELECTRONIC TECHNOLOGY CO LIMITED GA 31407,56998,"YUANJING ELECTRONIC TECHNOLOGY CO.,LIMITED","CA,GA,IL,NJ,TX",5,APS,Fiona Jiang,GA,Savannah,31407,150 Portside Ct,SAVANNAH LOCAL,GA,31408,494,3,17,0.03441295546558704,0,0.0,1,0.0020242914979757085,5,0.010121457489878543,0,0.0,11,0.022267206477732792,0,0.0,,,0,0,,5,Chino Hills Ncpc (CA) 1%; South Chicago (IL) 1%; East Brunswick (NJ) 0%; Diamond Bar Rsf (CA) 0%; Sugar Land (TX) 0%,11,0.022267206477732792,477,51,55,428,0.8861283643892339,-0.4955147333281883,592.2186635944688,564.8407582938394,100.10546218487394,0.937246963562753,0.6538461538461535,0.7647058823529411,0.5294117647058824,,,1.0,1.0,0.4,0.6,,,0.9090909090909091,0.45454545454545453,17,True,misshipping
msbd_2w,msbd_su,2,295983,"Shenzhen Laiwo Trading Co., Ltd. GA 31407",65593,"Shenzhen Laiwo Trading Co., Ltd.","CA,GA,IL,NJ,PA,TX,WA",7,APS,Stella Yin,GA,Port Wentworth,31407,302 International Trade Pkwy,SAVANNAH LOCAL,GA,31408,483,3,26,0.053830227743271224,0,0.0,8,0.016563146997929608,4,0.008281573498964804,0,0.0,14,0.028985507246376812,0,0.0,,,0,0,,7,Arcadia (CA) 1%; Lehigh Valley (PA) 1%; Santa Fe Springs (CA) 0%; Princeton (NJ) 0%; Woodbridge (NJ) 0%,15,0.031055900621118012,464,45,45,423,0.9038461538461539,-0.24007100194600606,769.9346604215456,772.6618581907092,116.88989247311827,0.9296066252587983,0.6728778467908906,0.9230769230769229,0.6538461538461539,,,1.0,1.0,1.0,0.25,,,0.8571428571428571,0.5714285714285714,26,True,misshipping
msbd_2w,msbd_su,2,460699,lishuimiyoukuajingdianzishangwuyouxiangongsi NJ 07306,364592,lishuimiyoukuajingdianzishangwuyouxiangongsi,"CA,NJ,TX",3,APS Decor,Asia Supplier Service Desk,NJ,Jersey City,07306,301 Broadway,SECAUCUS,NJ,7307,475,3,6,0.01263157894736842,0,0.0,1,0.002105263157894737,0,0.0,0,0.0,5,0.010526315789473684,0,0.0,,,0,0,,3,Industry (CA) 1%; Rialto (CA) 0%; West Rialto (CA) 0%,3,0.00631578947368421,12,9,8,464,0.9830508474576272,-1.675675198937695,708.3531645569624,742.5367924528297,42.363906581741,0.9199999999999997,0.6231578947368418,0.8333333333333334,0.16666666666666669,,,0.0,1.0,,,,,1.0,0.0,6,True,misshipping
msbd_2w,msbd_su,2,370339,"Shenzhen Litian Technology Co., Ltd NJ 08016(2)",254999,"Shenzhen Litian Technology Co., Ltd","CA,GA,NJ,PA,SC,TX",6,APS Home Improvement,Nicole Sun,NJ,Burlington,08016,1900B River Rd ,ROBBINSVILLE,NJ,8691,459,3,30,0.06535947712418301,0,0.0,0,0.0,2,0.004357298474945534,0,0.0,28,0.06100217864923747,0,0.0,,,0,0,,5,Richmond Hill Ncpc (GA) 3%; West Savannah  Ncpc (GA) 2%; South Rialto - Ncpc (CA) 1%; Fairless Hills (PA) 0%; Savannah (GA) 0%,20,0.04357298474945534,399,363,35,404,0.9202733485193622,-0.3786289381261952,592.7948948948953,553.0009900990098,113.89771167048056,0.8409586056644882,0.7734204793028329,0.8999999999999998,0.6333333333333334,,,,,0.5,0.0,,,0.9285714285714284,0.6785714285714286,30,True,misshipping
msbd_2w,msbd_su,2,281350,Shen Zhen Shi Qi Wen Shang Mao You Xian Gong Si NJ 07064,281340,Qwtech Limited_2,"CA,GA,IL,NJ,PA,TX",6,Wayfair,Iris Sang,NJ,Burlington,08016,1900A River Rd,ROBBINSVILLE,NJ,8691,458,3,40,0.08733624454148471,0,0.0,4,0.008733624454148471,0,0.0,0,0.0,36,0.07860262008733625,0,0.0,,,0,0,,2,Fairless Hills (PA) 5%; King Of Prussia (PA) 3%,15,0.03275109170305677,398,398,52,391,0.8826185101580135,0.7363745814129213,394.82564102564106,280.9026905829595,118.8914221218961,0.9716157205240178,0.8144104803493454,1.0,1.0,,,1.0,1.0,,,,,1.0,1.0,40,True,misshipping
msbd_2w,msbd_su,2,75071,Duhome Inc CA 91748,46855,Duhome Inc,"CA,MI,NJ",3,APS,Carol Li,CA,City Of Industry,91748,18051 Arenth Avenue,INDUSTRY,CA,91789,458,3,83,0.1812227074235808,0,0.0,1,0.002183406113537118,2,0.004366812227074236,0,0.0,80,0.17467248908296942,0,0.0,,,0,0,,1,Woodbridge (NJ) 17%,29,0.06331877729257641,420,108,109,320,0.745920745920746,0.6545248082364348,1707.1397297297312,1338.5791907514465,717.9140811455845,0.9410480349344981,0.5174672489082969,0.9397590361445782,0.7831325301204816,,,0.0,0.0,1.0,0.0,,,0.95,0.8125000000000001,83,True,misshipping
msbd_2w,msbd_su,2,58218,"VM MP, LLC IN 46143",47495,Spreetail,"GA,IN,NE,NV,PA,TX,WA",7,Storage & Org - Frequency,Claire Przybocki,IN,Greenwood,46143,831 N Graham Rd,GREENWOOD LOCAL,IN,46143,457,3,42,0.09190371991247265,0,0.0,12,0.0262582056892779,9,0.019693654266958426,0,0.0,21,0.045951859956236324,0,0.0,,,0,0,,6,Savannah (GA) 2%; Scranton (PA) 1%; Dallas (TX) 1%; Atlanta (GA) 0%; South Dallas Rsf (TX) 0%,10,0.02188183807439825,442,241,151,296,0.6621923937360179,0.2580029899502541,394.0443069306928,304.7020231213871,174.96933638443915,0.9781181619256022,0.7461706783369799,0.9047619047619048,0.6190476190476191,,,0.9166666666666666,0.7499999999999999,0.8888888888888888,0.6666666666666666,,,0.9047619047619045,0.5238095238095238,42,True,misshipping
msbd_2w,msbd_su,2,412459,Safavieh IN 46075,381,Safavieh,"CA,GA,IN,NJ,NY,PA,TX",7,Rugs,Alex Resnick,IN, Whitestown ,46075,5383 E 500 S,NORTH  INDIANAPOLIS,IN,46077,450,3,10,0.022222222222222223,0,0.0,3,0.006666666666666667,2,0.0044444444444444444,0,0.0,5,0.011111111111111112,0,0.0,,,0,0,,2,West Savannah  Ncpc (GA) 1%; Lehigh Valley (PA) 0%,15,0.03333333333333333,113,23,20,415,0.9540229885057471,0.6028543851654109,590.9610932475886,593.4794721407626,51.17647058823531,0.9866666666666662,0.6111111111111106,0.8999999999999999,0.8999999999999999,,,1.0,0.6666666666666667,1.0,1.0,,,0.8,1.0,10,True,misshipping
msbd_2w,msbd_su,2,93847,Newacme LLC DE 19720,27159,Newacme LLC,"CA,DE,TN",3,APS,Naomi JI,DE,New Castle,19720,2411 Bear Corbitt Rd,NEW CASTLE,DE,19720,450,3,27,0.06,0,0.0,7,0.015555555555555555,8,0.017777777777777778,0,0.0,12,0.02666666666666667,0,0.0,,,0,0,,1,Tracy (CA) 3%,5,0.011111111111111112,169,169,37,408,0.9168539325842696,-0.4558678309459151,712.7853731343283,749.4643962848295,174.17649769585267,0.9933333333333332,0.6977777777777775,0.9629629629629629,0.5185185185185186,,,1.0,1.0,0.875,0.875,,,1.0,0.0,27,True,misshipping
msbd_2w,msbd_su,2,59554,EC EXPORT INC. NJ 08505,59450,EC EXPORT INC. NJ 08831,"CA,GA,NJ,PA,TX",5,APS,Ida Li,NJ,Bordentown,08505,1175 Florence Columbus Road,ROBBINSVILLE,NJ,8691,449,3,14,0.031180400890868598,0,0.0,3,0.0066815144766146995,4,0.008908685968819599,0,0.0,7,0.015590200445434299,0,0.0,,,0,0,,2,Fairless Hills (PA) 1%; South Rialto - Ncpc (CA) 0%,17,0.0378619153674833,398,327,22,410,0.9490740740740741,0.37506225081258815,596.5512578616352,549.8600671140942,119.14870588235294,0.9621380846325164,0.6503340757238307,0.9285714285714285,0.7857142857142858,,,1.0,1.0,0.75,0.75,,,1.0,0.7142857142857143,14,True,misshipping
msbd_2w,msbd_su,2,329728,无忧达芝加哥ILJW02,234327,Hong Kong Baojia International Limited,"CA,GA,IL,NJ,PA,SC,TX",7,APS,Yinan Du,IL,Woodridge,60517,1433 Internationale Pkwy,MCCOOK,IL,60525,439,3,21,0.04783599088838269,0,0.0,0,0.0,0,0.0,0,0.0,21,0.04783599088838269,0,0.0,,,0,0,,7,East Brunswick (NJ) 1%; Industry (CA) 1%; Richmond Hill Ncpc (GA) 1%; Rialto (CA) 0%; Fairless Hills (PA) 0%,29,0.06605922551252848,283,56,56,354,0.8634146341463415,-0.5440444746378015,446.1504854368931,501.72793296089367,145.31173594132022,0.5239179954441917,0.38952164009111595,0.28571428571428575,0.19047619047619052,,,,,,,,,0.28571428571428575,0.19047619047619052,21,True,misshipping
msbd_2w,msbd_su,2,455778,GREAT SHEEP INC_1 NJ 08016,240286,GREAT SHEEP INC_1,"CA,GA,NJ,TX",4,APS Youth,Emily Liao,NJ,Burlington,08016,1900B River Rd,ROBBINSVILLE,NJ,8691,428,3,9,0.02102803738317757,0,0.0,0,0.0,0,0.0,0,0.0,9,0.02102803738317757,0,0.0,,,0,0,,3,Chino Hills Ncpc (CA) 1%; Rancho Cucamonga Ncpc (CA) 0%; Tracy (CA) 0%,6,0.014018691588785047,364,342,16,406,0.9620853080568721,-0.984123967753128,436.5053191489363,461.22930402930393,119.16229116945108,0.9976635514018696,0.787383177570093,1.0,0.1111111111111111,,,,,,,,,1.0,0.1111111111111111,9,True,misshipping
msbd_2w,msbd_su,2,66759,Chenxin Optoelectronic TX 77521,43881,"Chenxin Optoelectronic Co., Limited","CA,GA,IL,NJ,TX",5,APS Outdoor,Moti Mao,TX,Baytown,77521,1770 East Freeway Service Rd,BAYTOWN,TX,77521,427,3,53,0.12412177985948478,0,0.0,3,0.00702576112412178,1,0.00234192037470726,0,0.0,49,0.11475409836065574,0,0.0,,,0,0,,7,Richmond Hill Ncpc (GA) 5%; Chino Hills Ncpc (CA) 3%; East Brunswick (NJ) 1%; South Chicago (IL) 1%; Chicago (IL) 0%,11,0.02576112412177986,309,59,59,357,0.8581730769230769,0.18649136715746809,720.9288220551383,684.1121134020619,200.77879518072285,0.864168618266979,0.6768149882903978,0.9622641509433961,0.5094339622641508,,,0.33333333333333337,0.6666666666666666,1.0,1.0,,,1.0,0.48979591836734687,53,True,misshipping
msbd_2w,msbd_su,2,7145,The Stock Market AL 35968,7141,The Stock Market,"AL,CA,FL,IA,NY,OH,VA,WA",8,Plumbing,Maverick Schlosser,AL,Fort Payne,35968,2500 Jordan Rd S,CHATTANOOGA,TN,37410,424,3,14,0.0330188679245283,0,0.0,1,0.0023584905660377358,6,0.014150943396226415,0,0.0,7,0.01650943396226415,0,0.0,,,0,0,,4,Winchester (VA) 1%; Davenport (FL) 0%; Tracy (CA) 0%; Rialto (CA) 0%,31,0.07311320754716981,386,29,21,372,0.9465648854961832,0.41657551855198655,605.9540462427749,579.5383522727274,56.906052631578966,0.9693396226415093,0.6768867924528301,0.8571428571428571,0.7142857142857143,,,1.0,1.0,1.0,0.8333333333333334,,,0.7142857142857143,0.5714285714285714,14,True,misshipping
msbd_2w,msbd_su,2,305765,NEO CHAIR INC NJ 08807,50192,NEO CHAIR INC,"CA,GA,NJ,TX",4,Casegoods,Karolina Coulter,NJ,Bridgewater,08873,1120 Route 22 E,WOODBRIDGE LOCAL,NJ,8832,415,2,14,0.033734939759036145,0,0.0,0,0.0,0,0.0,0,0.0,14,0.033734939759036145,0,0.0,,,0,0,,1,Braselton (GA) 3%,6,0.014457831325301205,405,159,119,290,0.7090464547677262,-0.20863243340404405,249.30766129032278,422.68955823293174,253.03743842364528,0.9710843373493979,0.7349397590361447,1.0,1.0,,,,,,,,,1.0,1.0,14,True,misshipping
msbd_2w,msbd_su,2,447305,US-POD-NJ,82169,"DALI FORTUNE TRADE CO.,LIMITED","CA,KY,NJ",3,APS Rugs,Rainbow Wu,NJ,Millburn,07041,67 to 71 E Willow St,WOODBRIDGE LOCAL,NJ,8832,414,2,31,0.0748792270531401,0,0.0,0,0.0,2,0.004830917874396135,0,0.0,29,0.07004830917874397,0,0.0,,,0,0,,1,Los Angeles (CA) 7%,17,0.04106280193236715,396,52,52,345,0.8690176322418136,-1.3617089289892002,912.3610429447854,1126.5925465838516,344.743686868687,0.9323671497584547,0.719806763285024,1.0,0.3548387096774194,,,,,1.0,0.0,,,1.0,0.3793103448275862,31,True,misshipping
msbd_2w,msbd_su,2,153432,LLYTech Inc. TX 77040,10909,LLYTech Inc.,"CA,GA,PA,TX",4,APS SEA,Hale Ooi,TX,Houston,77040,7355 Yorkfield St,NORTH HOUSTON,TX,77041,401,3,8,0.0199501246882793,0,0.0,0,0.0,0,0.0,0,0.0,8,0.0199501246882793,0,0.0,,,0,0,,2,Arcadia (CA) 1%; Lehigh Valley (PA) 1%,5,0.012468827930174564,394,12,12,384,0.9696969696969697,-0.7002958338401193,1152.7334346504554,1142.9141818181827,57.566751269035535,0.9750623441396509,0.6733167082294268,0.75,0.25,,,,,,,,,0.75,0.25,8,True,misshipping
msbd_2w,msbd_su,2,400990,"HONG KONG SNOW INTERNATIONAL TRADING CO., LIMITED NY 11788",375493,"HONG KONG SNOW INTERNATIONAL TRADING CO., LIMITED","CA,NY",2,Wayfair,Cecilia Jia,NY,Hauppauge,11788,55 Kennedy Dr,LONG ISLAND,NY,11741,397,3,12,0.030226700251889168,0,0.0,0,0.0,0,0.0,0,0.0,12,0.030226700251889168,0,0.0,,,0,0,,1,Arcadia (CA) 3%,35,0.08816120906801007,32,32,30,332,0.9171270718232044,-1.842804114225769,761.0640926640924,923.6424489795918,234.41077348066293,0.9924433249370275,0.8463476070528971,0.9166666666666666,0.49999999999999994,,,,,,,,,0.9166666666666666,0.49999999999999994,12,True,misshipping
msbd_2w,msbd_su,2,327977,SHEN JUN TRADING LIMITED CA 91710,327975,SHEN JUN TRADING LIMITED,"CA,NJ",2,APS,Regan Zou,CA,Ontario,91761,500 S Dupont Ave,CHINO LOCAL,CA,91710,395,2,165,0.4177215189873418,0,0.0,0,0.0,0,0.0,0,0.0,165,0.4177215189873418,0,0.0,,,0,0,,1,East Brunswick (NJ) 42%,8,0.020253164556962026,387,236,236,151,0.39018087855297157,-1.6539834499643806,813.787733333333,1716.5557333333334,1670.2945736434108,0.9265822784810124,0.5164556962025323,0.9515151515151513,0.41818181818181815,,,,,,,,,0.9515151515151513,0.41818181818181815,165,True,misshipping
msbd_2w,msbd_su,2,285926,"Shenzhen Laiwo Trading Co., Ltd. NJ 08057",65593,"Shenzhen Laiwo Trading Co., Ltd.","CA,GA,IL,NJ,PA,TX,WA",7,APS,Stella Yin,NJ,Moorestown,08057,912 N Lenola Rd,CAMDEN,NJ,8007,394,3,5,0.012690355329949238,0,0.0,0,0.0,0,0.0,0,0.0,5,0.012690355329949238,0,0.0,,,0,0,,4,Chino Hills Ncpc (CA) 1%; West Savannah  Ncpc (GA) 0%; Anaheim (CA) 0%; Los Angeles (CA) 0%,66,0.16751269035532995,151,149,8,320,0.975609756097561,-0.9332204130439049,605.1944444444445,634.5042857142859,67.96261682242988,0.923857868020304,0.6065989847715734,0.8,0.4,,,,,,,,,0.8,0.4,5,True,misshipping
msbd_2w,msbd_su,2,359506,fushanshikangzhibaojiajuyouxiangongsi CA 92335,319244,fushanshikangzhibaojiajuyouxiangongsi,"CA,GA,NJ,PA",4,APS Mattresses,Checky Yi,CA,Fontana,92335,13277 San Bernardino Ave,WEST RIALTO,CA,92316,393,3,5,0.01272264631043257,0,0.0,0,0.0,0,0.0,0,0.0,5,0.01272264631043257,0,0.0,,,0,0,,3,Lehigh Valley (PA) 1%; Richmond Hill Ncpc (GA) 0%; Fairless Hills (PA) 0%,7,0.017811704834605598,384,5,5,381,0.9870466321243523,-0.8816661784035346,1548.6009287925704,1519.8406250000012,50.092467532467566,0.989821882951654,0.7328244274809164,0.8,0.2,,,,,,,,,0.8,0.2,5,True,misshipping
msbd_2w,msbd_su,2,39377,Libbey PA 17038,17460,Libbey,"CA,PA,TN",3,Tabletop,Rehaan Sardana,PA,Jonestown,17038,80 Micro Drive,CARLISLE,PA,17241,391,3,7,0.017902813299232736,0,0.0,0,0.0,1,0.0025575447570332483,0,0.0,6,0.015345268542199489,0,0.0,,,0,0,,2,Memphis (TN) 1%; Rialto (CA) 0%,4,0.010230179028132993,139,10,8,379,0.979328165374677,0.40279740390254226,336.9602564102565,258.2604651162789,88.0360759493671,1.0,0.3938618925831202,1.0,1.0,,,,,1.0,1.0,,,1.0,1.0,7,True,misshipping
msbd_2w,msbd_su,2,4008,MurrayFeiss NV- 89081,406,Feiss,"NV,SC",2,Lighting,John Harrison,NV,Las Vegas,89081,3035 East Lone Mountain,NORTH LAS VEGAS RSF,NV,89115,389,3,122,0.31362467866323906,0,0.0,0,0.0,0,0.0,0,0.0,122,0.31362467866323906,0,0.0,,,0,0,,1,Spartanburg (SC) 31%,64,0.16452442159383032,309,198,198,127,0.39076923076923076,-1.2759834457290462,1051.679936305731,1664.6205882352947,1347.7507987220458,0.5449871465295625,0.3573264781491,0.4672131147540982,0.43442622950819676,,,,,,,,,0.4672131147540982,0.43442622950819676,122,True,misshipping
msbd_2w,msbd_su,2,287652,Great Big Canvas NC 27560(2),18084,Great Big Canvas,"CA,CO,NC,TX",4,Decor,Alex Sarkisian,NC,Morrisville,27560,501 Innovation Ave,DURHAM,NC,27713,383,3,5,0.013054830287206266,0,0.0,0,0.0,0,0.0,0,0.0,5,0.013054830287206266,0,0.0,,,0,0,,1,Arlington (TX) 1%,27,0.07049608355091384,102,18,17,339,0.952247191011236,0.27954447075329536,556.7248730964465,539.2531914893618,62.498295454545456,0.8537859007832898,0.7493472584856403,0.8,0.8,,,,,,,,,0.8,0.8,5,True,misshipping
msbd_2w,msbd_su,2,409174,zhengzhoushijianxingwangluokejiyouxiangongsi GA 31407,324772,zhengzhoushijianxingwangluokejiyouxiangongsi,"CA,GA,NJ,PA",4,APS Bedroom,Lydia Liu,GA,Port Wentworth,31407,"302 International Trade Pkwy, suite 200",SAVANNAH LOCAL,GA,31408,366,3,10,0.0273224043715847,0,0.0,2,0.00546448087431694,4,0.01092896174863388,0,0.0,4,0.01092896174863388,0,0.0,,,0,0,,3,Rancho Cucamonga Ncpc (CA) 1%; Fairless Hills (PA) 0%; South Rialto - Ncpc (CA) 0%,16,0.04371584699453552,349,22,22,328,0.9371428571428572,0.09718467845142861,792.090909090909,784.4393103448274,60.06839080459768,0.7650273224043718,0.6229508196721314,0.7,0.6,,,1.0,0.0,0.5,0.75,,,0.75,0.75,10,True,misshipping
msbd_2w,msbd_su,2,113191,Shenzhen Oumeifeng Fashion Design NJ 08505,108440,"Shenzhen Oumeifeng Fashion Design Co., Ltd.","CA,NJ",2,APS,Asia Supplier Service Desk,NJ,Bordentown,08505,CO 1175 Florence Columbus Road,ROBBINSVILLE,NJ,8691,360,3,64,0.17777777777777778,3,0.008333333333333333,17,0.04722222222222222,16,0.044444444444444446,0,0.0,28,0.07777777777777778,3,1.0,2026-08-02: 1; 2026-08-09: 1; 2026-08-16: 1,Houston (TX) 1%,0,0,,5,South Rialto - Ncpc (CA) 3%; Rialto (CA) 2%; West Rialto (CA) 1%; Rancho Cucamonga Ncpc (CA) 1%; Oceanside (CA) 0%,5,0.013888888888888888,323,234,104,251,0.7070422535211267,-0.2215338733702867,678.3095563139933,750.30110701107,548.3501416430593,0.988888888888889,0.7972222222222226,0.96875,0.5624999999999999,1.0,1.0,0.8823529411764705,0.7647058823529411,1.0,0.8125,,,1.0,0.25000000000000006,64,True,misshipping
msbd_2w,msbd_su,2,467551,Shenzhen Like Keji Youxiangongsi NJ 08873,62368,Shenzhen Like Keji Youxiangongsi,"CA,GA,NJ,PA,TX",5,APS Bedroom,Lydia Liu,NJ,Somerset,08873,"244 Belmont Dr ,Somerset,NJ 08873 US",WOODBRIDGE LOCAL,NJ,8832,357,3,24,0.06722689075630252,0,0.0,0,0.0,6,0.01680672268907563,0,0.0,18,0.05042016806722689,0,0.0,,,0,0,,3,West Savannah  Ncpc (GA) 3%; Los Angeles (CA) 1%; Rancho Cucamonga Ncpc (CA) 1%,23,0.06442577030812324,333,32,29,305,0.9131736526946108,-0.0471246744890342,653.09552238806,630.5356382978724,136.9981981981981,0.8907563025210087,0.6918767507002804,0.7916666666666667,0.7500000000000001,,,,,1.0,1.0,,,0.7222222222222223,0.6666666666666667,24,True,misshipping
msbd_2w,msbd_su,2,316941,    AN-CA,266529,"Zhengzhou Tiaoda Network Technology Co., Ltd.","CA,GA,NJ",3,APS,Carl Li,CA,Eastvale,91752,3900 Hamner Ave,WEST RIALTO,CA,92316,355,3,15,0.04225352112676056,0,0.0,1,0.0028169014084507044,3,0.008450704225352112,0,0.0,11,0.030985915492957747,0,0.0,,,0,0,,2,West Savannah  Ncpc (GA) 2%; Woodbridge (NJ) 1%,5,0.014084507042253521,350,19,19,331,0.9457142857142857,0.5374466158597834,1532.1134426229503,1454.3642611683852,150.9025714285713,0.9633802816901409,0.7492957746478872,1.0,0.9333333333333332,,,1.0,1.0,1.0,0.6666666666666667,,,1.0,1.0,15,True,misshipping
msbd_2w,msbd_su,2,427575,"MEIYING HOUSEHOLD GROUP CO.,LIMITED NJ 08505",56511,"MEIYING HOUSEHOLD GROUP CO.,LIMITED","CA,GA,IL,NJ,TX",5,APS AEOF,Fiona Jiang,NJ,Bordentown,08505,5206 US 130 N,ROBBINSVILLE,NJ,8691,353,3,13,0.036827195467422094,0,0.0,0,0.0,0,0.0,0,0.0,13,0.036827195467422094,0,0.0,,,0,0,,6,Richmond Hill Ncpc (GA) 2%; Chicago (IL) 1%; Baytown (TX) 0%; Romeoville Rsf (IL) 0%; Chino Hills Ncpc (CA) 0%,8,0.0226628895184136,342,23,23,322,0.9333333333333333,0.18264556491719353,439.9323008849558,451.0345132743365,95.22660818713449,0.9603399433427763,0.7195467422096317,1.0,0.6923076923076924,,,,,,,,,1.0,0.6923076923076924,13,True,misshipping
msbd_2w,msbd_su,2,322452, HOU05 ,70454,WallBeyond International Inc,"CA,GA,NJ,TN,TX",5,APS Youth,Thomas Zhang,TX,Cypress,77429,14402 Fallbrook Drive,HOUSTON LOCAL,TX,77433,353,3,9,0.025495750708215296,0,0.0,3,0.0084985835694051,1,0.0028328611898017,0,0.0,5,0.014164305949008499,0,0.0,,,0,0,,2,Rialto (CA) 1%; West Savannah  Ncpc (GA) 1%,18,0.05099150141643059,328,18,18,317,0.9462686567164179,0.671367436940557,920.8625498007963,884.3733067729083,79.41538461538464,0.9603399433427762,0.7053824362606237,0.44444444444444453,0.7777777777777778,,,0.6666666666666667,1.0,1.0,0.0,,,0.2,0.8,9,True,misshipping
msbd_2w,msbd_su,2,412313,shenzhenshiyishuodianzishangwuyouxiangongsi CA 91752,301402,shenzhenshiyishuodianzishangwuyouxiangongsi,"CA,GA,NC,NJ",4,APS Decor,,CA,Eastvale,91752,2653 S Milliken Ave,WEST RIALTO,CA,92316,349,3,9,0.025787965616045846,0,0.0,0,0.0,2,0.0057306590257879654,0,0.0,7,0.02005730659025788,0,0.0,,,0,0,,2,Concord (NC) 2%; West Savannah  Ncpc (GA) 0%,7,0.02005730659025788,296,13,13,329,0.9619883040935673,-0.665779193400367,1023.7965189873411,972.0252595155713,104.7504451038576,0.9971346704871061,0.7936962750716332,1.0,0.6666666666666666,,,,,1.0,0.5,,,1.0,0.7142857142857143,9,True,misshipping
msbd_2w,msbd_su,2,351131,"Shenzhen Laiwo Trading Co., Ltd. CA 91761 (2)",65593,"Shenzhen Laiwo Trading Co., Ltd.","CA,GA,IL,NJ,PA,TX,WA",7,APS K&D,Stella Yin,CA,Ontario,91761,5450 E Francis Street,CHINO LOCAL,CA,91710,346,3,10,0.028901734104046242,0,0.0,0,0.0,2,0.005780346820809248,0,0.0,8,0.023121387283236993,0,0.0,,,0,0,,4,Richmond Hill Ncpc (GA) 1%; East Brunswick (NJ) 1%; Woodbridge (NJ) 0%; Lehigh Valley (PA) 0%,4,0.011560693641618497,342,13,13,329,0.9619883040935673,-1.5507609929582862,962.7112582781458,972.0844370860922,100.50857988165687,0.9913294797687864,0.8583815028901736,1.0,0.5,,,,,1.0,0.0,,,1.0,0.625,10,True,misshipping
msbd_2w,msbd_su,2,497449,Shenzhen Like Keji Youxiangongsi CA 90201,62368,Shenzhen Like Keji Youxiangongsi,"CA,GA,NJ,PA,TX",5,APS Bedroom,Lydia Liu,CA,Bell,90201,"5553 Bandini Blvd, Unit A",SANTA FE SPRINGS,CA,90670,344,3,4,0.011627906976744186,0,0.0,0,0.0,0,0.0,0,0.0,4,0.011627906976744186,0,0.0,,,0,0,,4,Baytown (TX) 0%; Woodbridge (NJ) 0%; Richmond Hill Ncpc (GA) 0%; Lehigh Valley (PA) 0%,23,0.06686046511627906,319,53,53,268,0.8348909657320872,0.543030605872733,894.860820895523,883.1917322834648,455.6796238244513,0.8488372093023254,0.6191860465116277,1.0,0.75,,,,,,,,,1.0,0.75,4,True,misshipping
msbd_2w,msbd_su,2,130956,Emson USA CA 91761,1303,Emson USA,"CA,CT,NV,PA",4,Kitchen & Small Electrics,Anna Caplen,CA,Ontario,91761,3601 E Jurupa St,CHINO LOCAL,CA,91710,342,3,5,0.014619883040935672,0,0.0,0,0.0,1,0.0029239766081871343,0,0.0,4,0.011695906432748537,0,0.0,,,0,0,,1,Reno (NV) 1%,18,0.05263157894736842,316,4,5,319,0.9845679012345679,-0.1057944545548567,1816.4564189189189,1826.0510416666657,14.08544303797468,0.9795321637426906,0.6169590643274856,1.0,0.6,,,,,1.0,1.0,,,1.0,0.5,5,True,misshipping
msbd_2w,msbd_su,2,483439,Sande Home Limited TX 77477-3815,50030,Sande Home Limited,"CA,PA,TX",3,APS Home Improvement,Emma Wang,TX,STAFFORD,77477-3815,12855 S KIRKWOOD RD STE 300,SUGAR LAND,TX,77489,340,3,7,0.020588235294117647,0,0.0,2,0.0058823529411764705,1,0.0029411764705882353,0,0.0,4,0.011764705882352941,0,0.0,,,0,0,,1,Chino (CA) 1%,2,0.0058823529411764705,8,7,8,330,0.9763313609467456,-0.6633324477893358,998.1071428571433,1009.8779850746273,32.41021021021022,1.0,0.9058823529411766,1.0,0.7142857142857143,,,1.0,1.0,1.0,1.0,,,1.0,0.5,7,True,misshipping
msbd_2w,msbd_su,2,496989,Shenzhen Like Keji Youxiangongsi GA 31302,62368,Shenzhen Like Keji Youxiangongsi,"CA,GA,NJ,PA,TX",5,APS Bedroom,Lydia Liu,GA,Bloomingdale,31302,"651 Bloomingdale Rd,Suite A",SAVANNAH LOCAL,GA,31408,335,3,67,0.2,0,0.0,0,0.0,0,0.0,0,0.0,67,0.2,0,0.0,,,0,0,,7,Chino Hills Ncpc (CA) 10%; East Brunswick (NJ) 5%; Anaheim (CA) 3%; Chino (CA) 1%; Robbinsville (NJ) 1%,16,0.04776119402985075,316,81,81,238,0.7460815047021944,-0.21734590478640597,665.0866883116881,706.3268551236749,490.56487341772106,0.8059701492537309,0.6268656716417906,0.9402985074626863,0.6417910447761194,,,,,,,,,0.9402985074626863,0.6417910447761194,67,True,misshipping
msbd_2w,msbd_su,2,207638,Journey ClassArt LLC GA2 30519,206225,Journey ClassArt LLC,"CA,GA,NJ,TX",4,APS Other,Amber Xiang,GA,Buford,30519,2961 Gravel Springs Road,BRASELTON,GA,30517,329,3,64,0.1945288753799392,3,0.00911854103343465,1,0.00303951367781155,19,0.057750759878419454,0,0.0,41,0.12462006079027356,2,0.6666666666666666,2026-08-02: 1; 2026-08-09: 2,Olive Branch (MS) 1%,0,0,,10,Rialto (CA) 5%; Sugar Land (TX) 2%; Chino Hills Ncpc (CA) 2%; South Houston (TX) 1%; Arcadia (CA) 1%,27,0.08206686930091185,270,148,125,177,0.5860927152317881,-1.397250926265412,614.6165975103728,1011.3331797235026,655.2907284768211,0.7355623100303951,0.5835866261398176,0.7343749999999999,0.5156249999999999,0.0,1.0,1.0,1.0,0.47368421052631576,0.736842105263158,,,0.9024390243902438,0.36585365853658536,64,True,misshipping
msbd_2w,msbd_su,2,472867,"Hangzhou Skytech Outdoor Co., LTD GA 31302",238144,"Hangzhou Skytech Outdoor Co., LTD","CA,GA,IL,NJ",4,APS Home Improvement,Danica Guo,GA,Bloomingdale,31302,"651 Bloomingdale Rd,Suite A",SAVANNAH LOCAL,GA,31408,328,3,8,0.024390243902439025,0,0.0,0,0.0,0,0.0,0,0.0,8,0.024390243902439025,0,0.0,,,0,0,,2,East Brunswick (NJ) 2%; Mccook (IL) 0%,12,0.036585365853658534,316,31,31,285,0.9018987341772152,0.5537372925246157,561.1439024390246,564.870202020202,97.59142857142861,0.7378048780487808,0.6219512195121949,0.875,1.0,,,,,,,,,0.875,1.0,8,True,misshipping
msbd_2w,msbd_su,2,201121,USCA1003-92880,116865,Huizhou Zhelin Furniture Co Ltd,"CA,GA,NJ",3,APS K&D,Evie Li,CA,Eastvale,92880,"14909 Summit Drive,DOCK #17-#18",CHINO LOCAL,CA,91710,327,3,40,0.12232415902140673,0,0.0,2,0.0061162079510703364,1,0.0030581039755351682,0,0.0,37,0.11314984709480122,0,0.0,,,0,0,,3,Richmond Hill Ncpc (GA) 8%; East Brunswick (NJ) 2%; Princeton (NJ) 1%,14,0.04281345565749235,307,51,56,257,0.8210862619808307,-0.6446020217528923,677.5286666666666,715.5273648648647,390.15372168284773,0.9816513761467893,0.8287461773700306,1.0,0.8749999999999997,,,1.0,0.5,1.0,0.0,,,1.0,0.9189189189189189,40,True,misshipping
msbd_2w,msbd_su,2,51786,NeoChair CA 90723,50192,NEO CHAIR INC,"CA,GA,NJ,TX",4,Casegoods,Karolina Coulter,CA,Paramount,90723,16105 Gundry Ave,SANTA FE SPRINGS,CA,90670,326,3,13,0.03987730061349693,0,0.0,1,0.003067484662576687,0,0.0,0,0.0,12,0.03680981595092025,0,0.0,,,0,0,,3,Baytown (TX) 2%; Braselton (GA) 2%; Princeton (NJ) 0%,1,0.003067484662576687,111,13,13,312,0.96,-0.06126671340751835,432.88990536277606,429.34637223974755,83.05246913580251,0.9969325153374234,0.6288343558282213,0.923076923076923,0.7692307692307693,,,1.0,1.0,,,,,0.9166666666666666,0.75,13,True,misshipping
msbd_2w,msbd_su,2,99722,Banyan Imports CA 91761,50250,Banyan Imports,"CA,GA,IL,NJ,TX",5,APS Home Improvement,Emma Wang,CA,Ontario,91761,3351 E Philadelphia Street,CHINO LOCAL,CA,91710,324,3,10,0.030864197530864196,0,0.0,0,0.0,0,0.0,0,0.0,10,0.030864197530864196,0,0.0,,,0,0,,2,East Brunswick (NJ) 3%; Houston (TX) 0%,22,0.06790123456790123,297,13,13,289,0.956953642384106,0.4471513755897192,1597.1627306273067,1569.7724806201543,112.15252525252518,0.9290123456790125,0.6820987654320989,0.6,0.4,,,,,,,,,0.6,0.4,10,True,misshipping
msbd_2w,msbd_su,2,441927,ENSHINES INC TX 77047,413571,ENSHINES INC,",CA,GA,IL,NJ,TX,WA",7,APS Bedroom,Asia Supplier Service Desk,TX,Houston,77047,14650 Levey Lane1,SOUTH HOUSTON,TX,77075,322,3,6,0.018633540372670808,0,0.0,0,0.0,1,0.003105590062111801,0,0.0,5,0.015527950310559006,0,0.0,,,0,0,,3,West Savannah  Ncpc (GA) 1%; South Rialto - Ncpc (CA) 0%; Industry (CA) 0%,21,0.06521739130434782,14,7,7,294,0.9767441860465116,-0.5950126453188533,700.9752173913041,714.1454128440369,29.1983164983165,0.8198757763975155,0.6832298136645965,0.8333333333333334,0.5,,,,,1.0,1.0,,,0.8,0.4,6,True,misshipping
msbd_2w,msbd_su,2,296304,    AM-NJ,64001,Zhengzhou hanzhouboyang jinchukoumaoyiyouxiangongs,"CA,NJ",2,APS Housewares & More,Vivienne Hu,NJ,Cherry Hill,08003,1515 Burnt Mill RD,CAMDEN,NJ,8007,320,3,17,0.053125,0,0.0,6,0.01875,7,0.021875,0,0.0,4,0.0125,0,0.0,,,0,0,,3,Rialto (CA) 1%; Rancho Cucamonga Ncpc (CA) 0%; Arcadia (CA) 0%,4,0.0125,314,269,18,298,0.9430379746835443,0.19106912096364032,741.2827868852455,735.3110619469029,101.9303514376997,0.9906250000000001,0.8874999999999996,1.0,0.8235294117647057,,,1.0,1.0,1.0,0.8571428571428572,,,1.0,0.5,17,True,misshipping
msbd_2w,msbd_su,2,130155,"Ningbo Juxingpin E-commerce Co., Ltd. TN",61105,"Ningbo Juxingpin E-commerce Co., Ltd.","CA,TN",2,APS Other,Ricky Yu,TN,Memphis,38116,2887 Lakeview Rd,MEMPHIS LOCAL,TN,38106,320,3,14,0.04375,0,0.0,0,0.0,0,0.0,0,0.0,14,0.04375,0,0.0,,,0,0,,1,West Rialto (CA) 4%,9,0.028125,311,16,16,295,0.9485530546623794,-0.10296973300020638,786.1660156250005,760.5961089494159,90.04244372990347,0.9968750000000002,0.7281250000000002,1.0,0.6428571428571429,,,,,,,,,1.0,0.6428571428571429,14,True,misshipping
msbd_2w,msbd_su,2,318147,"Hangzhou Skytech Outdoor Co., LTD IL 60517",238144,"Hangzhou Skytech Outdoor Co., LTD","CA,GA,IL,NJ",4,APS,Danica Guo,IL,Woodridge,60517,1433 Internationale Pkwy,MCCOOK,IL,60525,319,3,22,0.06896551724137931,0,0.0,11,0.034482758620689655,4,0.012539184952978056,0,0.0,7,0.0219435736677116,0,0.0,,,0,0,,1,East Brunswick (NJ) 2%,19,0.05956112852664577,280,130,130,170,0.5666666666666667,0.5325066320332722,494.91612903225825,450.288095238095,464.5097643097644,0.4952978056426332,0.7899686520376175,0.8181818181818181,0.818181818181818,,,0.6363636363636364,0.7272727272727272,1.0,0.75,,,1.0,1.0,22,True,misshipping
msbd_2w,msbd_su,2,31363,LLYTech Inc. CA91746,10909,LLYTech Inc.,"CA,GA,PA,TX",4,APS SEA,Hale Ooi,CA,City of Industry,91746,15147 Don Julian Rd,ARCADIA,CA,91006,317,3,7,0.022082018927444796,0,0.0,0,0.0,2,0.006309148264984227,0,0.0,5,0.015772870662460567,0,0.0,,,0,0,,2,Houston (TX) 1%; Lehigh Valley (PA) 0%,38,0.11987381703470032,15,11,10,269,0.96415770609319,-0.4816318662603002,1382.263396226415,1362.8529411764705,64.41163636363636,0.7476340694006304,0.4227129337539432,0.5714285714285714,0.28571428571428575,,,,,0.0,0.0,,,0.8,0.4,7,True,misshipping
msbd_2w,msbd_su,2,480210,US-POD-CA,82169,"DALI FORTUNE TRADE CO.,LIMITED","CA,KY,NJ",3,APS Rugs,Rainbow Wu,CA,Los Angeles,90023,1601 Perrino Pl A,LOS ANGELES,CA,90058,310,3,33,0.1064516129032258,0,0.0,0,0.0,0,0.0,0,0.0,33,0.1064516129032258,0,0.0,,,0,0,,1,Woodbridge (NJ) 11%,15,0.04838709677419355,44,42,43,252,0.8542372881355932,-0.02812818485317291,1616.2102272727268,1633.6578544061306,396.27559322033875,0.9741935483870973,0.7548387096774195,1.0,0.7575757575757575,,,,,,,,,1.0,0.7575757575757575,33,True,misshipping
msbd_2w,msbd_su,2,351841,Shenzhen Guli Wangluokeji youxiangongsi NJ 07728,105677,Shenzhen Guli Wangluokeji youxiangongsi,"CA,GA,NJ,TX",4,APS Upholstery,Asia Supplier Service Desk,NJ,Howell,07728,400 Fairfield Road,PRINCETON,NJ,8810,307,3,11,0.035830618892508145,0,0.0,0,0.0,0,0.0,0,0.0,11,0.035830618892508145,0,0.0,,,0,0,,4,Chino (CA) 2%; Industry (CA) 1%; Los Angeles (CA) 1%; Santa Fe Springs (CA) 0%,8,0.026058631921824105,59,59,23,276,0.9230769230769231,-1.3020983987061354,763.1397379912662,867.7823529411763,218.75033557046987,0.9967426710097721,0.7980456026058637,0.9090909090909091,0.27272727272727276,,,,,,,,,0.9090909090909091,0.27272727272727276,11,True,misshipping
msbd_2w,msbd_su,2,234430,CA DecoMust NY 12958,41928,DecoMust,"CA,NJ,NY",3,Lighting,Cheryl Lin,NY,Mooers,12958,1706 US State Route 11,PLATTSBURGH,NY,12901,306,3,16,0.05228758169934641,0,0.0,0,0.0,0,0.0,0,0.0,16,0.05228758169934641,0,0.0,,,0,0,,4,Industry (CA) 3%; Chino (CA) 1%; Los Angeles (CA) 1%; Arcadia (CA) 0%,8,0.026143790849673203,32,32,22,276,0.9261744966442953,-1.3528811925481452,1411.1969162995595,1513.9964601769916,216.6493055555554,0.9117647058823531,0.7222222222222224,1.0,0.0625,,,,,,,,,1.0,0.0625,16,True,misshipping
msbd_2w,msbd_su,2,409504,WuYouDa-CA-06-NBYY,63465,"Ningbo Youyuan Import and Export Co., Ltd.","CA,GA,IL,NJ,NY,PA,TX",7,APS Home Improvement,Nicole Sun,CA,Jurupa Valley,91752,3285 De Forest Cir,WEST RIALTO,CA,92316,304,3,9,0.029605263157894735,0,0.0,0,0.0,3,0.009868421052631578,0,0.0,6,0.019736842105263157,0,0.0,,,0,0,,2,East Brunswick (NJ) 2%; Fairless Hills (PA) 0%,22,0.07236842105263158,275,14,14,268,0.950354609929078,0.36740676594896376,1116.390638297872,1035.827918781726,142.1872727272727,0.9276315789473685,0.44407894736842113,1.0,0.7777777777777778,,,,,1.0,0.33333333333333337,,,1.0,1.0,9,True,misshipping
msbd_2w,msbd_su,2,81506,Kozyard NJ08854,38813,Kozyard,"CA,NJ",2,Outdoor Structures,Yun Yau,NJ,Piscataway,08854,31 Colonial Dr,WOODBRIDGE LOCAL,NJ,8832,302,3,14,0.046357615894039736,0,0.0,0,0.0,0,0.0,0,0.0,14,0.046357615894039736,0,0.0,,,0,0,,1,Rancho Cucamonga Ncpc (CA) 5%,9,0.029801324503311258,290,22,22,271,0.9249146757679181,-0.2757785879274572,738.8102678571429,762.0309090909096,208.13862068965514,0.9768211920529806,0.6821192052980131,1.0,0.42857142857142855,,,,,,,,,1.0,0.42857142857142855,14,True,misshipping
msbd_2w,msbd_su,2,351431,Shen Zhen Shi Qi Wen Shang Mao You Xian CA 92571,281340,Qwtech Limited_2,"CA,GA,IL,NJ,PA,TX",6,APS Bedroom,Iris Sang,CA,Perris,92571,728 W Rider St,RIALTO LOCAL,CA,92316,299,3,5,0.016722408026755852,0,0.0,2,0.006688963210702341,0,0.0,0,0.0,3,0.010033444816053512,0,0.0,,,0,0,,2,Fairless Hills (PA) 1%; Houston (TX) 0%,9,0.030100334448160536,289,7,7,283,0.9758620689655172,0.9229145742287636,790.1017667844528,745.0127659574466,59.34048442906573,0.9531772575250834,0.6688963210702342,0.8,0.2,,,1.0,0.0,,,,,0.6666666666666667,0.3333333333333333,5,True,misshipping
msbd_2w,msbd_su,2,97494,XH WP-LSJAL CA 91748,66040,Shenzhen XinheTrade Limited Company,"CA,GA,NJ,PA,TX",5,APS,Stella Yin,CA,City of Industry,91748,18450 East Gale Avenue,INDUSTRY,CA,91789,298,3,5,0.016778523489932886,0,0.0,0,0.0,2,0.006711409395973154,0,0.0,3,0.010067114093959731,0,0.0,,,0,0,,2,Fairless Hills (PA) 1%; Baytown (TX) 0%,7,0.02348993288590604,291,7,7,284,0.9759450171821306,0.6018308194806403,942.6322222222221,893.2404761904759,77.78178694158078,0.9731543624161072,0.6375838926174497,1.0,0.0,,,,,1.0,0.0,,,1.0,0.0,5,True,misshipping
msbd_2w,msbd_su,2,346391,SWEET NIGHT TECHNOLOGY INC. GA 31407,93029,SWEET NIGHT TECHNOLOGY INC.,"CA,GA,IL,NJ,TX",5,APS Mattresses,Checky Yi,GA,Savannah,31407,150 Portside Ct,SAVANNAH LOCAL,GA,31408,298,3,13,0.0436241610738255,0,0.0,2,0.006711409395973154,1,0.003355704697986577,0,0.0,10,0.03355704697986577,0,0.0,,,0,0,,5,East Brunswick (NJ) 2%; South Chicago (IL) 1%; South Rialto - Ncpc (CA) 0%; Anaheim (CA) 0%; Romeoville Rsf (IL) 0%,7,0.02348993288590604,289,23,23,268,0.9209621993127147,-0.12117433136338866,690.5462962962961,687.8446153846153,102.76470588235296,0.9899328859060404,0.8020134228187915,1.0,0.6153846153846153,,,1.0,0.5,1.0,1.0,,,1.0,0.6,13,True,misshipping
msbd_2w,msbd_su,2,325758,"MEIYING HOUSEHOLD GROUP CO.,LIMITED GA 31407",56511,"MEIYING HOUSEHOLD GROUP CO.,LIMITED","CA,GA,IL,NJ,TX",5,APS,Fiona Jiang,GA,Savannah,31407,150 Portside Ct,SAVANNAH LOCAL,GA,31408,297,3,15,0.050505050505050504,0,0.0,0,0.0,0,0.0,0,0.0,15,0.050505050505050504,0,0.0,,,0,0,,4,East Brunswick (NJ) 3%; Sugar Land (TX) 1%; Baytown (TX) 1%; Chino Hills Ncpc (CA) 0%,5,0.016835016835016835,290,35,35,257,0.8801369863013698,-0.4387109802090919,532.7438661710039,535.2207547169813,110.90487804878043,0.902356902356902,0.6936026936026934,0.8,0.8,,,,,,,,,0.8,0.8,15,True,misshipping
msbd_2w,msbd_su,2,7147,The Stock Market CA 95203,7141,The Stock Market,"AL,CA,FL,IA,NY,OH,VA,WA",8,Plumbing,Maverick Schlosser,CA,Stockton,95203,530 Port of Stockton Expy,TRACY LOCAL,CA,95377,290,3,17,0.05862068965517241,0,0.0,7,0.02413793103448276,3,0.010344827586206896,0,0.0,7,0.02413793103448276,0,0.0,,,0,0,,3,Pasco (WA) 2%; Waterloo (IA) 0%; Cedar Rapids (IA) 0%,12,0.041379310344827586,276,21,27,251,0.9028776978417267,0.20883359519850125,453.6896153846154,412.95859375,148.65362318840585,0.9655172413793104,0.7275862068965518,0.8823529411764705,0.6470588235294118,,,0.8571428571428572,1.0,1.0,0.0,,,0.8571428571428572,0.5714285714285714,17,True,misshipping
msbd_2w,msbd_su,2,266229,SOHO Studio NJ 08016 ,22628,SOHO Studio,"AZ,NJ",2,Flooring,Maddie Norris,NJ,Burlington,08016,6 Campus Drive,ROBBINSVILLE,NJ,8691,288,3,11,0.03819444444444445,0,0.0,3,0.010416666666666666,0,0.0,0,0.0,8,0.027777777777777776,0,0.0,,,0,0,,1,Phoenix (AZ) 3%,30,0.10416666666666667,15,13,13,245,0.9496124031007752,0.3452479170473655,1106.0640211640205,1037.5096256684496,129.77049180327867,0.6076388888888888,0.5694444444444448,0.9090909090909091,0.8181818181818182,,,0.6666666666666666,0.6666666666666666,,,,,1.0,0.875,11,True,misshipping
msbd_2w,msbd_su,2,174433,SHENZHENSHI JULIBAIBIAN KEJIYOUXIANGONGSI CA 90201,64532,SHENZHENSHI JULIBAIBIAN KEJIYOUXIANGONGSI,"CA,GA,IL,NJ,PA,TX",6,APS,Stella Yin,CA,Bell,90201,5553 Bandini Blvd,SANTA FE SPRINGS,CA,90670,288,3,4,0.013888888888888888,0,0.0,0,0.0,0,0.0,0,0.0,4,0.013888888888888888,0,0.0,,,0,0,,3,Camden (NJ) 1%; Lehigh Valley (PA) 0%; Metuchen (NJ) 0%,20,0.06944444444444445,266,6,6,262,0.9776119402985075,0.7203153610932165,1265.051562500001,1300.5116666666665,79.17819548872178,0.9131944444444445,0.7395833333333329,1.0,1.0,,,,,,,,,1.0,1.0,4,True,misshipping
msbd_2w,msbd_su,2,196986,Libbey CA 91761,17460,Libbey,"CA,PA,TN",3,Tabletop,Rehaan Sardana,CA,Ontario,91761,3510 East Francis St,CHINO LOCAL,CA,91710,288,3,8,0.027777777777777776,0,0.0,0,0.0,1,0.003472222222222222,0,0.0,7,0.024305555555555556,0,0.0,,,0,0,,2,Memphis (TN) 2%; Harrisburg (PA) 1%,7,0.024305555555555556,130,10,10,271,0.9644128113879004,0.6815208164196249,801.6623931623928,824.186434108527,167.9153846153846,0.9548611111111106,0.29861111111111116,1.0,1.0,,,,,1.0,1.0,,,1.0,1.0,8,True,misshipping
msbd_2w,msbd_su,2,59555,EC EXPORT INC. CA 92336,59450,EC EXPORT INC. NJ 08831,"CA,GA,NJ,PA,TX",5,APS,Ida Li,CA,Fontana,92336,CO 14779 Bar Harbor Road,WEST RIALTO,CA,92316,286,3,16,0.055944055944055944,6,0.02097902097902098,1,0.0034965034965034965,6,0.02097902097902098,0,0.0,3,0.01048951048951049,2,0.6666666666666666,2026-08-02: 1; 2026-08-09: 5,South Rialto - Ncpc (CA) 2%,0,0,,2,West Savannah  Ncpc (GA) 1%; Fairless Hills (PA) 0%,18,0.06293706293706294,264,34,36,232,0.8656716417910447,-0.17360296733990901,911.986693548387,879.6360995850619,295.325939849624,0.7587412587412584,0.5664335664335666,0.6250000000000001,0.6875000000000001,0.5,1.0,1.0,1.0,0.5,0.16666666666666669,,,1.0,1.0,16,True,misshipping
msbd_2w,msbd_su,2,326234,"SAILI ELECTRONIC TECHNOLOGY CO., GA 31407",249592,"SAILI ELECTRONIC TECHNOLOGY CO., LIMITED","CA,GA,IL,NJ,TX",5,APS,Danica Guo,GA,Savannah ,31407,150 Portside Ct,SAVANNAH LOCAL,GA,31408,286,3,17,0.05944055944055944,0,0.0,1,0.0034965034965034965,0,0.0,0,0.0,16,0.055944055944055944,0,0.0,,,0,0,,4,Romeoville Rsf (IL) 3%; East Brunswick (NJ) 2%; Chino Hills Ncpc (CA) 0%; Sugar Land (TX) 0%,6,0.02097902097902098,280,43,43,237,0.8464285714285714,-0.0012833854110830337,532.127091633466,501.79346938775524,119.91841155234661,0.9300699300699299,0.6713286713286717,0.8823529411764705,0.4117647058823529,,,1.0,1.0,,,,,0.8749999999999999,0.375,17,True,misshipping
msbd_2w,msbd_su,2,325747,"YUANJING ELECTRONIC TECHNOLOGY CO.,CA 91761 (5)",56998,"YUANJING ELECTRONIC TECHNOLOGY CO.,LIMITED","CA,GA,IL,NJ,TX",5,APS,Fiona Jiang,CA,Ontario ,91761,5691 E Philadelphia St,CHINO LOCAL,CA,91710,285,3,12,0.042105263157894736,0,0.0,0,0.0,0,0.0,0,0.0,12,0.042105263157894736,0,0.0,,,0,0,,6,Richmond Hill Ncpc (GA) 1%; Sugar Land (TX) 1%; South Chicago (IL) 1%; Chicago (IL) 1%; East Brunswick (NJ) 0%,7,0.02456140350877193,277,13,13,265,0.9532374100719424,0.2903070809605492,808.4164705882357,788.1726190476192,99.49783393501806,0.9789473684210528,0.6596491228070176,0.8333333333333333,0.9166666666666666,,,,,,,,,0.8333333333333333,0.9166666666666666,12,True,misshipping
msbd_2w,msbd_su,2,300274,Flakes Joy Inc GA 30260,266775,Flakes Joy Inc,"CA,GA,NJ,PA",4,Decor,Jaden Pickett,GA,Morrow,30260,7137 Southlake Pkwy,SOUTH ATLANTA,GA,30294,285,3,10,0.03508771929824561,0,0.0,0,0.0,0,0.0,0,0.0,10,0.03508771929824561,0,0.0,,,0,0,,3,Metuchen (NJ) 2%; Scranton (PA) 1%; Chino (CA) 1%,5,0.017543859649122806,277,13,13,267,0.9535714285714286,0.6450092341864505,594.01119133574,561.828158844765,49.360288808664265,0.7578947368421053,0.6701754385964919,0.5,1.0,,,,,,,,,0.5,1.0,10,True,misshipping
msbd_2w,msbd_su,2,25127,The Jeske Company WI 54914,22491,The Jeske Company,"MS,NV,WI",3,Hardware,Olivia Batt,WI,Appleton,54914,1800 W Capitol Dr,OSHKOSH,WI,54901,285,3,18,0.06315789473684211,0,0.0,0,0.0,1,0.0035087719298245615,0,0.0,17,0.05964912280701754,0,0.0,,,0,0,,1,Olive Branch (MS) 6%,4,0.014035087719298246,90,89,89,192,0.6832740213523132,-0.06862072234761352,701.6763636363636,832.0858585858587,255.67934782608697,0.9438596491228064,0.5157894736842105,1.0,0.6666666666666667,,,,,1.0,1.0,,,1.0,0.6470588235294118,18,True,misshipping
msbd_2w,msbd_su,2,293161,WYD NJJW4 NJ 08859,69201,Hermes and Fesius LLC,"CA,GA,NJ,PA,TX",5,APS Outdoor,Amber Xiang,NJ,PARLIN,08859,99 Callahan Blvd,EAST BRUNSWICK,NJ,8816,284,3,10,0.035211267605633804,0,0.0,4,0.014084507042253521,2,0.007042253521126761,0,0.0,4,0.014084507042253521,0,0.0,,,0,0,,2,Houston (TX) 1%; Richmond Hill Ncpc (GA) 0%,23,0.08098591549295775,50,19,16,245,0.9386973180076629,0.376861250206297,749.9554999999997,714.4574468085106,107.47181467181458,0.8661971830985914,0.6408450704225352,0.8999999999999999,0.30000000000000004,,,1.0,0.25,1.0,0.5,,,0.75,0.25,10,True,misshipping
msbd_2w,msbd_su,2,228586,WuYouDa - NJ03,63465,"Ningbo Youyuan Import and Export Co., Ltd.","CA,GA,IL,NJ,NY,PA,TX",7,APS Home Improvement,Nicole Sun,NJ,Edison,08817,300 Cedar Ln,WOODBRIDGE LOCAL,NJ,8832,283,3,4,0.014134275618374558,0,0.0,0,0.0,0,0.0,0,0.0,4,0.014134275618374558,0,0.0,,,0,0,,2,Baytown (TX) 1%; South Atlanta Ncpc (GA) 0%,16,0.05653710247349823,263,10,7,260,0.9737827715355806,0.7887565648401047,683.7802030456853,592.8994949494951,34.07604562737645,0.8939929328621907,0.8056537102473499,1.0,1.0,,,,,,,,,1.0,1.0,4,True,misshipping
msbd_2w,msbd_su,2,482532,"Sleemon-Xilinmen Furniture co.,Ltd GA 30134",88620,"Sleemon-Xilinmen Furniture co.,Ltd","CA,GA,IL,NJ,TX",5,APS Upholstery,Naomi JI,GA,",Douglasville",30134,"7550 Wood Rd suit 150,Douglasville, GA 30134",AUSTELL,GA,30168,282,3,29,0.10283687943262411,4,0.014184397163120567,0,0.0,20,0.07092198581560284,0,0.0,5,0.01773049645390071,1,0.3333333333333333,2026-08-09: 4,Austell (GA) 1%,0,0,,3,South Rialto - Ncpc (CA) 1%; Rialto (CA) 0%; Robbinsville (NJ) 0%,6,0.02127659574468085,58,24,38,238,0.8623188405797102,0.13095994744055386,754.6182186234815,740.6500000000001,84.83321033210329,0.5780141843971627,0.4964539007092198,0.517241379310345,0.4482758620689656,0.25,0.25,,,0.45,0.4000000000000001,,,1.0,0.8,29,True,misshipping
msbd_2w,msbd_su,2,351859,EDA-MD1,65377,"Shenzhen Chuangjicheng Network Technology Co., Ltd","CA,GA,NJ,TX",4,APS Upholstery,Asia Supplier Service Desk,NJ,Howell,07728,400 Fairfield Road,PRINCETON,NJ,8810,281,3,4,0.014234875444839857,0,0.0,0,0.0,1,0.0035587188612099642,0,0.0,3,0.010676156583629894,0,0.0,,,0,0,,2,Industry (CA) 1%; Chino (CA) 0%,5,0.017793594306049824,61,59,13,263,0.9528985507246377,-0.901811350486349,838.0137777777779,861.2514285714282,129.83297101449287,0.9857651245551601,0.7864768683274023,0.75,0.5,,,,,1.0,1.0,,,0.6666666666666666,0.33333333333333337,4,True,misshipping
msbd_2w,msbd_su,2,445727,MEGSU INC SC 29118,289321,MEGSU INC,"CA,NC,SC",3,APS SEA,Ellie Nguyen,SC,"Orangeburg, South Carolina",29118,"2630 St Matthews Rd. Orangeburg, SC 29118",LEXINGTON,SC,29072,277,3,18,0.06498194945848375,0,0.0,0,0.0,0,0.0,0,0.0,18,0.06498194945848375,0,0.0,,,0,0,,1,Santa Fe Springs (CA) 6%,28,0.10108303249097472,131,131,128,121,0.4859437751004016,-2.7831628206454595,708.4016129032258,2012.2790697674411,1236.6182926829279,0.8447653429602889,0.2707581227436826,0.9444444444444443,0.0,,,,,,,,,0.9444444444444443,0.0,18,True,misshipping
msbd_2w,msbd_su,2,53309,Naomi Home KY 40218,46174,Naomi Home,"CA,FL,KY,NC,TX,WA",6,Upholstery,Alaina Phelan,KY,Louisville,40218,4500 Progress Boulevard,LOUISVILLE SDFA,KY,40218,277,3,14,0.05054151624548736,0,0.0,0,0.0,0,0.0,0,0.0,14,0.05054151624548736,0,0.0,,,0,0,,2,Carson (CA) 4%; Medley (FL) 1%,4,0.01444043321299639,260,34,34,239,0.8754578754578755,-2.4187700333750195,831.7479591836734,1018.5195652173915,276.39522058823525,0.9855595667870035,0.7870036101083031,1.0,0.14285714285714285,,,,,,,,,1.0,0.14285714285714285,14,True,misshipping
msbd_2w,msbd_su,2,331499,wuhanminganxinnuodianzishangwuyouxiangong IL 60609,273186,wuhanminganxinnuodianzishangwuyouxiangongsi,"CA,IL,KS,NJ,NY",5,APS Youth,Asia Supplier Service Desk,NY,OCEANSIDE,11572,3401 LAWSON BLVD,GARDEN CITY,NY,11714,277,3,4,0.01444043321299639,0,0.0,0,0.0,0,0.0,0,0.0,4,0.01444043321299639,0,0.0,,,0,0,,1,Los Angeles (CA) 1%,23,0.08303249097472924,245,9,4,250,0.984251968503937,-0.9376838997612109,1034.6360544217687,1038.8743589743592,66.26996047430826,0.9494584837545125,0.7003610108303248,1.0,1.0,,,,,,,,,1.0,1.0,4,True,misshipping
msbd_2w,msbd_su,2,460134,"Chenxin Optoelectronic Co., Limited IL 60502",43881,"Chenxin Optoelectronic Co., Limited","CA,GA,IL,NJ,TX",5,APS Outdoor,Moti Mao,IL,Aurora ,60502,1000 Bilter Road,SOUTH CHICAGO,IL,60446,276,3,25,0.09057971014492754,0,0.0,0,0.0,2,0.007246376811594203,0,0.0,23,0.08333333333333333,0,0.0,,,0,0,,5,Richmond Hill Ncpc (GA) 4%; East Brunswick (NJ) 1%; Sugar Land (TX) 1%; Chino Hills Ncpc (CA) 1%; West Savannah  Ncpc (GA) 1%,5,0.018115942028985508,207,65,37,234,0.8634686346863468,-0.21535584175309608,395.22226562500015,419.1598173515983,154.1539325842698,0.9673913043478264,0.771739130434782,0.9599999999999999,0.6000000000000001,,,,,1.0,1.0,,,0.9565217391304346,0.565217391304348,25,True,misshipping
msbd_2w,msbd_su,2,372618,SWEET NIGHT TECHNOLOGY INC. CA 91761,93029,SWEET NIGHT TECHNOLOGY INC.,"CA,GA,IL,NJ,TX",5,APS Mattresses,Checky Yi,CA,Ontario,91761,"5691 E Philadelphia St, Ontario，CA 91761",CHINO LOCAL,CA,91710,272,3,24,0.08823529411764706,0,0.0,0,0.0,2,0.007352941176470588,0,0.0,22,0.08088235294117647,0,0.0,,,0,0,,7,East Brunswick (NJ) 3%; Camden (NJ) 1%; West Savannah  Ncpc (GA) 1%; Richmond Hill Ncpc (GA) 1%; South Chicago (IL) 1%,11,0.04044117647058824,258,27,27,234,0.896551724137931,0.07419432309110015,838.7506382978725,794.8965665236052,259.9281853281853,0.948529411764706,0.6397058823529416,0.9166666666666667,0.6250000000000001,,,,,1.0,0.0,,,0.909090909090909,0.6818181818181818,24,True,misshipping
msbd_2w,msbd_su,2,457043, WE-NJ7,452361,WINMATCH GLOBAL (HK) TRADING LIMITED,"CA,GA,NJ",3,APS AEOF,Nora Li,NJ,Bordentown,08505,3280 US-206,ROBBINSVILLE,NJ,8691,269,3,19,0.07063197026022305,8,0.02973977695167286,1,0.0037174721189591076,7,0.026022304832713755,0,0.0,3,0.011152416356877323,2,0.6666666666666666,2026-08-02: 6; 2026-08-09: 2,Greensboro (NC) 3%,0,0,,3,West Rialto (CA) 0%; Rancho Cucamonga Ncpc (CA) 0%; Rialto (CA) 0%,0,0.0,227,178,23,246,0.9144981412639405,0.24030837201762456,729.2781094527361,692.6472081218271,117.77865168539327,0.9628252788104087,0.8587360594795538,0.7894736842105262,0.6842105263157896,0.6250000000000001,0.875,1.0,0.0,0.8571428571428572,0.7142857142857143,,,1.0,0.33333333333333337,19,True,misshipping
msbd_2w,msbd_su,2,327731,"Shenzhen Laiwo Trading Co., Ltd. GA 31326(3)",65593,"Shenzhen Laiwo Trading Co., Ltd.","CA,GA,IL,NJ,PA,TX,WA",7,APS K&D,Stella Yin,GA,Rincon,31326,1001 Trade Center parkway,SAVANNAH LOCAL,GA,31408,266,3,11,0.041353383458646614,0,0.0,2,0.007518796992481203,0,0.0,0,0.0,9,0.03383458646616541,0,0.0,,,0,0,,8,Arcadia (CA) 1%; Los Angeles (CA) 0%; East Brunswick (NJ) 0%; Champaign (IL) 0%; Woodbridge (NJ) 0%,30,0.11278195488721804,236,13,13,223,0.9449152542372882,-0.07541975442540218,668.0748987854249,671.3958904109587,81.95550847457628,0.5150375939849623,0.5864661654135332,0.45454545454545453,0.45454545454545453,,,0.0,0.5,,,,,0.5555555555555556,0.4444444444444444,11,True,misshipping
msbd_2w,msbd_su,2,3998,Coaster IL 60172,999,Coaster,"CA,FL,IL,NJ,TX",5,Casegoods,Joseph Hannigan,IL,Roselle,60172-1686,1550 Central Ave,CAROL STREAM,IL,60188,266,3,8,0.03007518796992481,0,0.0,1,0.0037593984962406013,1,0.0037593984962406013,0,0.0,6,0.022556390977443608,0,0.0,,,0,0,,1,Princeton (NJ) 2%,12,0.045112781954887216,17,17,17,237,0.9330708661417323,-0.4289166806678054,378.79870689655166,400.7461864406779,58.06404958677686,0.9774436090225566,0.5676691729323311,1.0,0.875,,,1.0,1.0,1.0,1.0,,,1.0,0.8333333333333334,8,True,misshipping
msbd_2w,msbd_su,2,80307,GA-NUU GARDEN CORPORATION GA 30071,39276,NUU GARDEN CORPORATION,"CA,GA",2,APS Outdoor,Qiwen Fan,GA,Norcross,30071,6366 Corley Road,NORCROSS,GA,30071,264,3,8,0.030303030303030304,0,0.0,3,0.011363636363636364,2,0.007575757575757576,0,0.0,3,0.011363636363636364,0,0.0,,,0,0,,1,South Rialto - Ncpc (CA) 1%,5,0.01893939393939394,13,9,9,250,0.9652509652509652,-0.7066274853969163,918.6109090909092,923.7431818181818,75.49689922480619,0.9090909090909088,0.6022727272727276,1.0,0.625,,,1.0,1.0,1.0,0.5,,,1.0,0.3333333333333333,8,True,misshipping
msbd_2w,msbd_su,2,214005,Sangzhi CA 91730,213974,WHALEFALL INTERNATIONAL LIMITED,"CA,NJ,PA",3,APS Bedroom,Kebing Wang,CA,Rancho Cucamonga,91730,9059 Hermosa Ave,WEST RIALTO,CA,92316,263,3,4,0.015209125475285171,0,0.0,0,0.0,1,0.0038022813688212928,0,0.0,3,0.011406844106463879,0,0.0,,,0,0,,2,Camden (NJ) 1%; Lehigh Valley (PA) 0%,4,0.015209125475285171,259,5,5,254,0.9806949806949807,0.02658758439041342,1098.1720164609048,1092.5416289592758,68.81583011583011,0.9923954372623572,0.825095057034221,0.75,0.5,,,,,0.0,0.0,,,1.0,0.6666666666666667,4,True,misshipping
msbd_2w,msbd_su,2,364561,"Shenzhen Laiwo Trading Co., Ltd. NJ 08817",65593,"Shenzhen Laiwo Trading Co., Ltd.","CA,GA,IL,NJ,PA,TX,WA",7,APS K&D,Stella Yin,NJ,EDISON,08817,250 CARTER DR,WOODBRIDGE LOCAL,NJ,8832,263,3,6,0.022813688212927757,0,0.0,3,0.011406844106463879,0,0.0,0,0.0,3,0.011406844106463879,0,0.0,,,0,0,,2,Chino Hills Ncpc (CA) 1%; Houston (TX) 0%,13,0.049429657794676805,249,9,7,243,0.972,-0.09575747700944609,796.21676300578,796.5176470588239,72.1381526104418,0.9239543726235744,0.70722433460076,1.0,0.8333333333333334,,,1.0,1.0,,,,,1.0,0.6666666666666666,6,True,misshipping
msbd_2w,msbd_su,2,337147,"DANDELION INTERNATIONAL, INC. NJ 08016",42878,"DANDELION INTERNATIONAL, INC.","CA,GA,IL,NJ,TX",5,APS AEOF,Ricky Yu,NJ,Burlington,08016,1900A River Rd,ROBBINSVILLE,NJ,8691,262,3,9,0.03435114503816794,0,0.0,0,0.0,2,0.007633587786259542,0,0.0,7,0.026717557251908396,0,0.0,,,0,0,,2,South Rialto - Ncpc (CA) 2%; Houston (TX) 1%,6,0.022900763358778626,229,229,15,241,0.94140625,-0.8950821695420366,596.9136363636363,635.5380952380958,123.00781250000007,0.9732824427480915,0.82824427480916,1.0,0.3333333333333333,,,,,1.0,0.5,,,1.0,0.28571428571428575,9,True,misshipping
msbd_2w,msbd_su,2,463954,SLM Warehousing NJ7,288386,"Hainan Chuangshiji Technology Co., Ltd","CA,GA,NJ,TX",4,APS Bedroom,Iris Sang,NJ,Bordentown ,08505,5206 US 130 N NJ ,ROBBINSVILLE,NJ,8691,254,3,35,0.1377952755905512,0,0.0,0,0.0,0,0.0,0,0.0,35,0.1377952755905512,0,0.0,,,0,0,,7,Spring (TX) 5%; West Savannah  Ncpc (GA) 5%; Richmond Hill Ncpc (GA) 2%; Rialto (CA) 1%; Chino Hills Ncpc (CA) 1%,3,0.011811023622047244,247,39,36,215,0.8565737051792829,-0.016797652783489207,563.9783653846151,531.009900990099,223.0821862348178,0.9685039370078741,0.763779527559055,0.942857142857143,0.7428571428571427,,,,,,,,,0.942857142857143,0.7428571428571427,35,True,misshipping
msbd_2w,msbd_su,2,293558,"Ningbo Maowei E-commerce Co., Ltd. GA 30349",293239,"Ningbo Maowei E-commerce Co., Ltd.","CA,GA,IL,NJ,NY,TX",6,Wayfair,Qiwen Fan,GA,Atlanta,30349,4300 Hunter Rd,AUSTELL,GA,30168,254,3,5,0.01968503937007874,0,0.0,0,0.0,0,0.0,0,0.0,5,0.01968503937007874,0,0.0,,,0,0,,2,Metuchen (NJ) 2%; Woodbridge (NJ) 0%,44,0.1732283464566929,14,10,10,200,0.9523809523809523,0.09289260749472153,750.9651376146793,705.668306010929,42.812560386473436,0.7519685039370078,0.6417322834645675,0.0,0.4,,,,,,,,,0.0,0.4,5,True,misshipping
msbd_2w,msbd_su,2,460873,ningboxuxindianzishangwuyouxiangongsi NJ 07064,286148,ningboxuxindianzishangwuyouxiangongsi,"CA,GA,NJ,PA,TX",5,APS Outdoor,David Liu,NJ,Port Reading,07064,1001 W Middlesex Ave,SOUTH CARTERET,NJ,7008,254,3,26,0.10236220472440945,0,0.0,0,0.0,2,0.007874015748031496,0,0.0,24,0.09448818897637795,0,0.0,,,0,0,,7,Houston (TX) 4%; West Rialto (CA) 2%; Chino (CA) 2%; Chino Hills Ncpc (CA) 1%; South Rialto - Ncpc (CA) 0%,5,0.01968503937007874,248,65,56,193,0.7751004016064257,-0.619189923138712,518.590780141844,692.2291970802918,396.1471774193549,0.9881889763779524,0.7874015748031497,1.0,0.5000000000000001,,,,,1.0,1.0,,,1.0,0.4583333333333334,26,True,misshipping
msbd_2w,msbd_su,2,433142,SLM-WNJ7,249592,"SAILI ELECTRONIC TECHNOLOGY CO., LIMITED","CA,GA,IL,NJ,TX",5,APS Home Improvement,Danica Guo,NJ,Bordentown,08505,5206 US 130 N,ROBBINSVILLE,NJ,8691,252,3,10,0.03968253968253968,0,0.0,2,0.007936507936507936,3,0.011904761904761904,0,0.0,5,0.01984126984126984,0,0.0,,,0,0,,2,Richmond Hill Ncpc (GA) 1%; Romeoville Rsf (IL) 1%,0,0.0,247,15,15,237,0.9404761904761905,0.16314064200511924,279.6,287.26666666666665,74.39999999999999,0.996031746031746,0.9523809523809522,1.0,1.0,,,1.0,1.0,1.0,1.0,,,1.0,1.0,10,True,misshipping
msbd_2w,msbd_su,2,123255,Spohn Global Enterprises LLC GA 31415,68906,Spohn Global Enterprises LLC,"CA,GA",2,Tabletop,Claire Przybocki,GA,Savannah,31415,320 Telfair Rd,SAVANNAH LOCAL,GA,31408,249,3,5,0.020080321285140562,0,0.0,0,0.0,1,0.004016064257028112,0,0.0,4,0.01606425702811245,0,0.0,,,0,0,,1,Fairfield (CA) 2%,16,0.0642570281124498,232,5,5,228,0.9785407725321889,-0.20454111729289878,907.9353233830848,912.9854922279791,57.785344827586236,0.8594377510040156,0.6465863453815263,0.6,0.2,,,,,1.0,0.0,,,0.5,0.25,5,True,misshipping
msbd_2w,msbd_su,2,352208,"Ningbo Chuangjiuyi Technology Co., Ltd NY 11716",86525,"Ningbo Chuangjiuyi Technology Co., Ltd","CA,GA,NJ,NY",4,APS Upholstery,Estrella Wang,NY,Bohemia,11716,585 Johnson Ave,LONG ISLAND,NY,11741,248,3,17,0.06854838709677419,0,0.0,0,0.0,0,0.0,0,0.0,17,0.06854838709677419,0,0.0,,,0,0,,2,Austell (GA) 6%; South Rialto - Ncpc (CA) 1%,5,0.020161290322580645,243,243,51,192,0.7901234567901234,-0.6035065404573545,291.0756302521009,446.7047619047621,359.54650205761305,0.9233870967741933,0.7822580645161289,1.0,0.6470588235294119,,,,,,,,,1.0,0.6470588235294119,17,True,misshipping
msbd_2w,msbd_su,2,6052,Top Notch Distributors PA 18431,5375,Top Notch Distributors,"MA,MO,NV,PA",4,Hardware,Matt Bartolucci,PA,Honesdale,18431,80 Fourth St,SCRANTON,PA,18640,248,3,3,0.012096774193548387,0,0.0,0,0.0,0,0.0,0,0.0,3,0.012096774193548387,0,0.0,,,0,0,,1,Brockton (MA) 1%,26,0.10483870967741936,15,11,5,217,0.9774774774774775,-0.3271121332076344,684.650819672131,726.8426229508199,18.22274881516588,0.9677419354838714,0.7620967741935478,1.0,1.0,,,,,,,,,1.0,1.0,3,True,misshipping
msbd_2w,msbd_su,2,478200,"Ningbo Chuangjiuyi Technology Co., Ltd GA 30349(2)",86525,"Ningbo Chuangjiuyi Technology Co., Ltd","CA,GA,NJ,NY",4,APS Upholstery,Estrella Wang,GA,Atlanta,30349,4300 Hunter Rd,AUSTELL,GA,30168,247,3,97,0.39271255060728744,0,0.0,2,0.008097165991902834,1,0.004048582995951417,0,0.0,94,0.3805668016194332,0,0.0,,,0,0,,5,South Rialto - Ncpc (CA) 26%; Metuchen (NJ) 9%; Oceanside (CA) 2%; Woodbridge (NJ) 0%; Anaheim (CA) 0%,4,0.016194331983805668,117,117,116,127,0.522633744855967,-0.8575864509340563,608.1126582278488,909.0251082251084,816.3691358024691,0.9959514170040487,0.6599190283400811,0.9896907216494845,0.41237113402061853,,,1.0,1.0,1.0,1.0,,,0.9893617021276595,0.393617021276596,97,True,misshipping
msbd_2w,msbd_su,2,508423,Hall CodePulse Dynamics LLC AR 72204,362965,Hall CodePulse Dynamics LLC,"AR,CA",2,Lighting,Supplier Service Desk,AR,Little Rock,72204,3213 Leeds St,LITTLE ROCK LITA,AR,72204,247,3,19,0.07692307692307693,0,0.0,0,0.0,0,0.0,0,0.0,19,0.07692307692307693,0,0.0,,,0,0,,2,Rialto (CA) 7%; Chino (CA) 0%,2,0.008097165991902834,231,229,229,16,0.0653061224489796,-1.8222028370805978,676.9571428571429,2145.246907216497,1518.6742857142856,0.9757085020242916,0.46558704453441274,0.9473684210526314,0.5263157894736842,,,,,,,,,0.9473684210526314,0.5263157894736842,19,True,misshipping
msbd_2w,msbd_su,2,290919,ningboyaolindianzishangwuyouxiangongsi NJ 07012,289320,ningboyaolindianzishangwuyouxiangongsi,"CA,GA,NJ,TX",4,Wayfair,Qiwen Fan,NJ,Clifton,07012,35 Styertowne Road,SECAUCUS,NJ,7307,243,3,7,0.02880658436213992,0,0.0,0,0.0,0,0.0,0,0.0,7,0.02880658436213992,0,0.0,,,0,0,,1,Sugar Land (TX) 3%,8,0.03292181069958848,235,126,44,191,0.8127659574468085,-0.8792903635457356,357.49745762711854,630.4492753623184,388.0424892703862,0.9794238683127573,0.6378600823045265,1.0,0.14285714285714288,,,,,,,,,1.0,0.14285714285714288,7,True,misshipping
msbd_2w,msbd_su,2,399498,COMFY ZONE US LLC CA 92324,63657,COMFY ZONE US LLC,"CA,GA,IL,NJ,TX",5,APS AEOF,Yolanda GUI,CA,Colton,92324,"2163 Riverside Ave, Colton, CA 92324",WEST RIALTO,CA,92316,243,3,23,0.09465020576131687,0,0.0,3,0.012345679012345678,8,0.03292181069958848,0,0.0,12,0.04938271604938271,0,0.0,,,0,0,,5,Houston (TX) 1%; East Brunswick (NJ) 1%; Richmond Hill Ncpc (GA) 1%; Niles (IL) 1%; Metuchen (NJ) 1%,9,0.037037037037037035,234,27,25,209,0.8931623931623932,0.2669071777559363,1230.4122727272734,1136.3076190476195,250.29529914529923,0.9300411522633744,0.6954732510288061,0.8695652173913041,0.6956521739130436,,,0.6666666666666666,0.6666666666666666,1.0,0.75,,,0.8333333333333334,0.6666666666666666,23,True,misshipping
msbd_2w,msbd_su,2,449916,"ANJI XIN SHI JUE HOUSEHOLD SUPPLIES CO.,LTD NJ 08527",244259,"ANJI XIN SHI JUE HOUSEHOLD SUPPLIES CO.,LTD","CA,NJ",2,APS Upholstery,Naomi JI,NJ,Jackson Township,08527,543 Monmouth Rd. ,ROBBINSVILLE,NJ,8691,239,3,30,0.12552301255230125,0,0.0,13,0.05439330543933055,9,0.03765690376569038,0,0.0,8,0.03347280334728033,0,0.0,,,0,0,,2,Rancho Cucamonga Ncpc (CA) 2%; South Rialto - Ncpc (CA) 1%,10,0.04184100418410042,200,193,36,193,0.8427947598253275,-0.20547769579551797,839.2011299435029,770.1006410256408,366.5886462882096,0.9456066945606695,0.7071129707112966,1.0,0.6666666666666666,,,1.0,0.3846153846153846,1.0,0.7777777777777778,,,1.0,1.0,30,True,misshipping
msbd_2w,msbd_su,2,326296,"MEIYING HOUSEHOLD GROUP CO.,LIMITED CA 91761 (5)",56511,"MEIYING HOUSEHOLD GROUP CO.,LIMITED","CA,GA,IL,NJ,TX",5,APS,Fiona Jiang,CA,Ontario,91761,5691 E Philadelphia St,CHINO LOCAL,CA,91710,238,3,5,0.02100840336134454,0,0.0,0,0.0,0,0.0,0,0.0,5,0.02100840336134454,0,0.0,,,0,0,,2,Richmond Hill Ncpc (GA) 1%; Baytown (TX) 1%,10,0.04201680672268908,228,5,5,223,0.9780701754385965,0.46159830829103954,862.3657407407412,832.7913461538462,48.25307017543863,0.945378151260504,0.672268907563025,1.0,0.4,,,,,,,,,1.0,0.4,5,True,misshipping
msbd_2w,msbd_su,2,320999,"Hangzhou Okapat Technology Co., Ltd. NJ 08817",320996,"Hangzhou Okapat Technology Co., Ltd.","CA,GA,IL,NJ,SC,TX",6,Wayfair,Estrella Wang,NJ,Avenel,07001,6C Terminal Way,SOUTH CARTERET,NJ,7008,237,3,25,0.10548523206751055,0,0.0,0,0.0,3,0.012658227848101266,0,0.0,22,0.09282700421940929,0,0.0,,,0,0,,4,West Savannah  Ncpc (GA) 5%; South Rialto - Ncpc (CA) 3%; West Rialto (CA) 1%; Houston (TX) 0%,40,0.16877637130801687,197,90,86,111,0.5634517766497462,-0.8704970451810136,455.27777777777777,794.2162790697676,580.2913705583755,0.6708860759493673,0.4641350210970464,0.64,0.52,,,,,1.0,1.0,,,0.5909090909090908,0.45454545454545464,25,True,misshipping
msbd_2w,msbd_su,2,31779,Le Creuset SC,1772,Le Creuset,"NV,SC",2,Kitchen & Small Electrics,Anna Caplen,SC,Early Branch,29916,601 Bob Gifford Blvd,SAVANNAH LOCAL,GA,31408,236,3,45,0.1906779661016949,0,0.0,0,0.0,0,0.0,0,0.0,45,0.1906779661016949,0,0.0,,,0,0,,1,Reno (NV) 19%,8,0.03389830508474576,220,46,46,182,0.7982456140350878,-0.4756828762867848,926.7962566844922,949.8357894736843,555.4850678733033,0.6567796610169496,0.46610169491525427,0.8222222222222223,0.3777777777777776,,,,,,,,,0.8222222222222223,0.3777777777777776,45,True,misshipping
msbd_2w,msbd_su,2,371179,Rug Tycoon CA 92154,27167,Rug Tycoon,"CA,NC",2,Rugs,Alex Resnick,CA,San Diego,92154,"2660 SARNEN ST, STE 220",OTAY MESA,CA,92154,234,3,115,0.49145299145299143,0,0.0,0,0.0,0,0.0,0,0.0,115,0.49145299145299143,0,0.0,,,0,0,,1,Fletcher (NC) 49%,70,0.29914529914529914,163,163,163,1,0.006097560975609756,0.1832995736664226,1662.188020833333,1189.3170212765956,2338.6,0.4316239316239315,0.4145299145299145,0.6173913043478261,0.626086956521739,,,,,,,,,0.6173913043478261,0.626086956521739,115,True,misshipping
msbd_2w,msbd_su,2,306366,SWEET NIGHT TECHNOLOGY INC. GA 31326,93029,SWEET NIGHT TECHNOLOGY INC.,"CA,GA,IL,NJ,TX",5,APS Mattresses,Checky Yi,GA,Rincon,31326,1100 Heritage Way,SAVANNAH LOCAL,GA,31408,233,3,34,0.1459227467811159,2,0.008583690987124463,0,0.0,24,0.10300429184549356,0,0.0,8,0.034334763948497854,2,0.6666666666666666,2026-08-02: 1; 2026-08-09: 1,Davenport (FL) 0%; Williamsburg Ncpc (FL) 0%,0,0,,3,Chino Hills Ncpc (CA) 3%; Robbinsville (NJ) 0%; Diamond Bar Rsf (CA) 0%,10,0.04291845493562232,223,54,55,168,0.7533632286995515,-0.6082282201425921,700.6777272727273,760.5262626262625,201.85784753363217,0.8154506437768242,0.7038626609442059,0.4411764705882353,0.47058823529411753,0.5,1.0,,,0.25,0.49999999999999994,,,1.0,0.25000000000000006,34,True,misshipping
msbd_2w,msbd_su,2,455780,GREAT SHEEP INC_1 CA 95304,240286,GREAT SHEEP INC_1,"CA,GA,NJ,TX",4,APS Youth,Emily Liao,CA,Tracy,95304,2795 Paradise Road Ste #140,TRACY LOCAL,CA,95377,229,3,19,0.08296943231441048,0,0.0,2,0.008733624454148471,12,0.05240174672489083,0,0.0,5,0.021834061135371178,0,0.0,,,0,0,,1,Houston (TX) 2%,14,0.0611353711790393,215,10,32,183,0.8511627906976744,0.013987824334387028,519.5579439252336,516.7161764705882,134.84558139534877,0.7772925764192143,0.6724890829694323,0.631578947368421,0.5789473684210527,,,1.0,1.0,0.6666666666666666,0.5833333333333333,,,0.4,0.4,19,True,misshipping
msbd_2w,msbd_su,2,450795,LC-NJ003,200887,"HONG KONG TIANJIAN INDUSTRIAL DEVELOPMENT CO., LIMITED","CA,GA,NJ,TX",4,APS Home Improvement,Ida Li,NJ,Ewing ,08638,200 Kelsey Ave,ROBBINSVILLE,NJ,8691,228,3,33,0.14473684210526316,0,0.0,4,0.017543859649122806,0,0.0,0,0.0,29,0.12719298245614036,0,0.0,,,0,0,,4,Richmond Hill Ncpc (GA) 9%; South Houston (TX) 2%; Carson (CA) 1%; Braselton (GA) 0%,51,0.2236842105263158,39,37,37,140,0.7909604519774012,0.3883165339838791,557.5507142857141,487.89009009009015,228.1356321839082,0.706140350877193,0.6710526315789473,0.7272727272727272,0.5454545454545456,,,0.75,0.5,,,,,0.7241379310344828,0.5517241379310345,33,True,misshipping
msbd_2w,msbd_su,2,508969,dingli technology inc PA 19137,103798,dingli technology inc,"CA,GA,PA,TX",4,APS Home Improvement,Xuling Zhang,PA,Philadelphia,19137,5000 Richmond St Bldg 2C,PHILADELPHIA,PA,19154,227,3,8,0.03524229074889868,0,0.0,0,0.0,0,0.0,0,0.0,8,0.03524229074889868,0,0.0,,,0,0,,3,Sugar Land (TX) 2%; Chino (CA) 1%; Braselton (GA) 0%,4,0.01762114537444934,194,14,14,209,0.9372197309417041,-0.7135196342686525,605.3835365853655,697.0222222222221,151.6035874439462,0.9559471365638764,0.8942731277533038,1.0,0.375,,,,,,,,,1.0,0.375,8,True,misshipping
msbd_2w,msbd_su,2,58199,Flash Furniture CA 91708,7347,Flash Furniture,"CA,GA,MS",3,Casegoods,Megan White,CA,Chino ,91708 ,16045 Mountain Ave ,CHINO LOCAL,CA,91710,227,3,12,0.05286343612334802,0,0.0,0,0.0,0,0.0,0,0.0,12,0.05286343612334802,0,0.0,,,0,0,,2,Marietta (GA) 4%; Olive Branch (MS) 2%,68,0.29955947136563876,154,13,13,146,0.9182389937106918,0.5072472384484533,829.3673796791445,719.8688405797102,172.34155844155833,0.14537444933920712,0.31718061674008824,0.16666666666666666,0.41666666666666663,,,,,,,,,0.16666666666666666,0.41666666666666663,12,True,misshipping
msbd_2w,msbd_su,2,299586,Hongkong Youth Technology CA 91708,255139,Hongkong Youth Technology Limited,"CA,GA",2,APS,Asia Supplier Service Desk,CA,Chino,91708,16003 Euclid Ave,CHINO LOCAL,CA,91710,226,3,7,0.030973451327433628,0,0.0,3,0.01327433628318584,0,0.0,0,0.0,4,0.017699115044247787,0,0.0,,,0,0,,2,Austell (GA) 1%; South Atlanta Ncpc (GA) 1%,16,0.07079646017699115,210,11,11,199,0.9476190476190476,-0.4606176404005887,1770.6694444444445,1776.083636363637,124.93827751196167,0.8672566371681417,0.6327433628318583,0.8571428571428572,0.5714285714285714,,,1.0,1.0,,,,,0.75,0.25,7,True,misshipping
msbd_2w,msbd_su,2,305748,NEO CHAIR INC CA 90058,50192,NEO CHAIR INC,"CA,GA,NJ,TX",4,Casegoods,Karolina Coulter,CA,VERNON ,90058 ,5235 ALCOA AVE ,LOS ANGELES,CA,90058,226,3,13,0.05752212389380531,0,0.0,0,0.0,0,0.0,0,0.0,13,0.05752212389380531,0,0.0,,,0,0,,3,Braselton (GA) 3%; Princeton (NJ) 2%; Baytown (TX) 1%,9,0.03982300884955752,58,13,13,204,0.9400921658986175,-0.09483775701905575,842.378680203046,862.2117346938778,147.82666666666674,0.9823008849557523,0.6592920353982301,1.0,0.8461538461538461,,,,,,,,,1.0,0.8461538461538461,13,True,misshipping
msbd_2w,msbd_su,2,300733,Yantai Luoming Xinxijishu Youxiangongsi GA 31405,212725,Yantai Luoming Xinxijishu Youxiangongsi,"CA,GA,IL,NJ,TX",5,APS Bedroom,Wendy Wang,GA,Savannah,31405,125 Feldspar Drive,SAVANNAH LOCAL,GA,31408,224,3,29,0.12946428571428573,0,0.0,4,0.017857142857142856,2,0.008928571428571428,0,0.0,23,0.10267857142857142,0,0.0,,,0,0,,9,Chino (CA) 3%; Robbinsville (NJ) 2%; Rancho Cucamonga Ncpc (CA) 1%; Chino Hills Ncpc (CA) 1%; East Brunswick (NJ) 1%,14,0.0625,208,40,40,170,0.8095238095238095,-0.5141004821134462,634.4446153846154,687.5733695652174,283.93140096618384,0.9196428571428572,0.7321428571428571,0.9655172413793103,0.5862068965517241,,,1.0,1.0,1.0,1.0,,,0.9565217391304346,0.47826086956521735,29,True,misshipping
msbd_2w,msbd_su,2,235411,Roma Moulding_WPN CA 91702,232636,Roma Moulding_WPN,"CA,GA",2,Decor,Kate Poletynski,CA,Irwindale,91702,6230 N Irwindale Ave,ARCADIA,CA,91006,223,3,4,0.017937219730941704,0,0.0,0,0.0,0,0.0,0,0.0,4,0.017937219730941704,0,0.0,,,0,0,,1,Norcross (GA) 2%,7,0.03139013452914798,4,4,4,212,0.9814814814814815,0.4213330437015673,1167.0887700534754,1161.0641304347823,40.622429906542074,0.9013452914798202,0.7309417040358743,0.25,0.0,,,,,,,,,0.25,0.0,4,True,misshipping
msbd_2w,msbd_su,2,247872,NJJ W3,89780,GOLD TREE INC.,"CA,GA,NJ,PA",4,APS,Qiwen Fan,NJ,Burlington Township,08016,2605 Rancocas Rd,ROBBINSVILLE,NJ,8691,223,3,7,0.03139013452914798,0,0.0,1,0.004484304932735426,1,0.004484304932735426,0,0.0,5,0.02242152466367713,0,0.0,,,0,0,,2,Rialto (CA) 2%; South Rialto - Ncpc (CA) 0%,15,0.06726457399103139,12,12,12,196,0.9423076923076923,0.5097904331632105,1018.9875816993462,972.6528169014086,138.78689320388352,0.717488789237668,0.6053811659192823,1.0,0.5714285714285714,,,1.0,0.0,1.0,0.0,,,1.0,0.8,7,True,misshipping
msbd_2w,msbd_su,2,495588,Karat Home Inc (14 Karat) TX 77489(2),21718,Karat Home Inc (14 Karat),"CA,LA,NJ,TX",4,APS Upholstery,Sean Xu,TX,Missouri City,77489,16148 Fondren Road,SUGAR LAND,TX,77489,221,3,19,0.08597285067873303,0,0.0,1,0.004524886877828055,1,0.004524886877828055,0,0.0,17,0.07692307692307693,0,0.0,,,0,0,,1,Anaheim (CA) 8%,4,0.01809954751131222,23,21,23,194,0.8940092165898618,-0.6615339992921476,1080.603553299493,1162.1778350515465,151.4384259259259,0.995475113122172,0.9049773755656112,1.0,0.5789473684210527,,,1.0,1.0,1.0,1.0,,,1.0,0.5294117647058824,19,True,misshipping
msbd_2w,msbd_su,2,351158,Hermes and Fesius LLC GA 31308,69201,Hermes and Fesius LLC,"CA,GA,NJ,PA,TX",5,APS Outdoor,Amber Xiang,GA,Ellabell,31308,1086 Oracal Parkway,SAVANNAH LOCAL,GA,31408,221,3,18,0.08144796380090498,0,0.0,9,0.04072398190045249,2,0.00904977375565611,0,0.0,7,0.03167420814479638,0,0.0,,,0,0,,4,Houston (TX) 1%; East Brunswick (NJ) 1%; Rancho Cucamonga Ncpc (CA) 1%; Chino Hills Ncpc (CA) 0%,3,0.013574660633484163,217,30,31,187,0.8577981651376146,0.43240029605990155,697.4798913043475,640.504,202.8152073732718,1.0,0.8868778280542988,1.0,0.7777777777777777,,,1.0,0.8888888888888888,1.0,0.5,,,1.0,0.7142857142857143,18,True,misshipping
msbd_2w,msbd_su,2,272870,CAIDI INC GA 31322,72066,CAIDI INC,"CA,GA,NJ,SC,TX",5,APS,Nora Li,GA,Pooler,31322,301 CYPRESS MEADOW DR,SAVANNAH LOCAL,GA,31408,220,3,5,0.022727272727272728,0,0.0,0,0.0,0,0.0,0,0.0,5,0.022727272727272728,0,0.0,,,0,0,,1,Woodbridge (NJ) 2%,11,0.05,206,12,12,197,0.9425837320574163,-0.578999412020441,626.7697115384613,637.2760000000002,47.94999999999999,0.781818181818182,0.5954545454545449,0.6,0.4,,,,,,,,,0.6,0.4,5,True,misshipping
msbd_2w,msbd_su,2,146562,Saving  Mall LLC NJ 07305,72675,Saving  Mall LLC,"CA,NJ",2,APS Outdoor,Asia Supplier Service Desk,NJ,jersey city,07305,Thunder express 99 caven point road,SECAUCUS,NJ,7307,214,3,8,0.037383177570093455,0,0.0,0,0.0,0,0.0,0,0.0,8,0.037383177570093455,0,0.0,,,0,0,,2,West Rialto (CA) 3%; Rialto (CA) 1%,5,0.02336448598130841,20,20,20,189,0.9043062200956937,-1.5613443303745602,772.9933333333331,966.689705882353,262.3593301435405,1.0,0.817757009345794,1.0,0.25000000000000006,,,,,,,,,1.0,0.25000000000000006,8,True,misshipping
msbd_2w,msbd_su,2,439140,Wovenbyrd Inc CA 92374 ,439138,Wovenbyrd Inc,"CA,GA,NC",3,Wayfair,Alaina Phelan,CA,Redlands,92374,9425 Nevada Street,WEST RIALTO,CA,92316,213,3,59,0.27699530516431925,0,0.0,0,0.0,0,0.0,0,0.0,59,0.27699530516431925,0,0.0,,,0,0,,2,West Savannah  Ncpc (GA) 23%; Elon (NC) 5%,5,0.023474178403755867,208,74,74,134,0.6442307692307693,0.3444750287184872,1840.85956284153,1508.4898203592816,852.532211538462,0.9906103286384974,0.7887323943661968,1.0,0.8813559322033895,,,,,,,,,1.0,0.8813559322033895,59,True,misshipping
msbd_2w,msbd_su,2,425764,Ningbo Xinxi Trading Co. GA 30517,286011,Ningbo Xinxi Trading Co.,"CA,GA,NJ,TX",4,APS Bedroom,Ricky Yu,GA,Braselton,30517,"370 Jesse Cronic Rd, Braselton, GA 30517",BRASELTON,GA,30517,212,3,4,0.018867924528301886,0,0.0,0,0.0,0,0.0,0,0.0,4,0.018867924528301886,0,0.0,,,0,0,,1,Rialto (CA) 2%,2,0.009433962264150943,209,190,7,203,0.9666666666666667,-2.5697199089580787,656.9811224489797,675.2836956521736,203.31244019138742,0.9811320754716987,0.8726415094339625,1.0,0.5,,,,,,,,,1.0,0.5,4,True,misshipping
msbd_2w,msbd_su,2,197001,Shenzhenshi Weisifu Keji Youxiangongsi NJ 08831,79111,Shenzhenshi Weisifu Keji Youxiangongsi,"CA,GA,NJ,TX",4,APS,Regan Zou,NJ,Secaucus,07094,35 Henry St,SECAUCUS,NJ,7307,212,3,7,0.0330188679245283,0,0.0,0,0.0,2,0.009433962264150943,0,0.0,5,0.02358490566037736,0,0.0,,,0,0,,2,South Atlanta Ncpc (GA) 1%; Sugar Land (TX) 1%,4,0.018867924528301886,13,13,12,196,0.9423076923076923,-0.1409978697071814,497.23839999999996,524.6226562499995,59.75679611650485,0.9481132075471698,0.7075471698113204,1.0,0.5714285714285714,,,,,1.0,0.0,,,1.0,0.8,7,True,misshipping
msbd_2w,msbd_su,2,116049,Shenzhen Guli Wangluokeji youxiangon CA 91761,105677,Shenzhen Guli Wangluokeji youxiangongsi,"CA,GA,NJ,TX",4,APS,Asia Supplier Service Desk,CA,Ontario,91761,1251 S Rockefeller Ave,CHINO LOCAL,CA,91710,211,3,5,0.023696682464454975,0,0.0,0,0.0,1,0.004739336492890996,0,0.0,4,0.018957345971563982,0,0.0,,,0,0,,1,Princeton (NJ) 2%,3,0.014218009478672985,207,8,8,200,0.9615384615384616,0.4509672382894758,1555.305586592179,1545.064971751413,115.17826086956522,0.9336492890995257,0.6777251184834123,0.8,0.6,,,,,0.0,0.0,,,1.0,0.75,5,True,misshipping
msbd_2w,msbd_su,2,499641,"Ningbo FanKai E-commerce Co., Ltd._1 CA 91761-7632",83386,"Ningbo FanKai E-commerce Co., Ltd._1","CA,GA,IL,NJ,PA",5,APS Home Improvement,Nicole Sun,CA,Ontario,91761-7632,"3355 E Cedar St, Ontario, CA91761",CHINO LOCAL,CA,91710,210,3,7,0.03333333333333333,0,0.0,0,0.0,0,0.0,0,0.0,7,0.03333333333333333,0,0.0,,,0,0,,5,Fairless Hills (PA) 1%; East Brunswick (NJ) 1%; King Of Prussia (PA) 0%; Braselton (GA) 0%; South Atlanta Ncpc (GA) 0%,3,0.014285714285714285,207,10,9,198,0.9565217391304348,0.8073197284595309,1101.0744047619046,1007.438323353293,120.98454106280192,0.9714285714285712,0.7666666666666668,1.0,1.0,,,,,,,,,1.0,1.0,7,True,misshipping
msbd_2w,msbd_su,2,3946,MaximLighting GA- 30269,1868,Maxim Lighting,"CA,GA",2,Lighting,Greer Long,GA,Peachtree City,30269,101 Gardner Park,EAST POINT,GA,30344,209,3,24,0.11483253588516747,0,0.0,0,0.0,0,0.0,0,0.0,24,0.11483253588516747,0,0.0,,,0,0,,2,Arcadia (CA) 9%; Carson (CA) 2%,16,0.07655502392344497,187,83,82,111,0.5751295336787565,-1.3819486288024136,691.3155844155846,1074.4414473684208,966.1397849462365,0.9282296650717702,0.5980861244019138,0.9583333333333331,0.45833333333333337,,,,,,,,,0.9583333333333331,0.45833333333333337,24,True,misshipping
msbd_2w,msbd_su,2,37257,Hardware Resources TX 75028,15825,Hardware Resources,"CA,GA,IL,PA,TX",5,Hardware,Matt Bartolucci,TX,Flower Mound,75028,501 Gerault Rd,NORTH FORT WORTH,TX,76177,207,3,3,0.014492753623188406,0,0.0,0,0.0,0,0.0,0,0.0,3,0.014492753623188406,0,0.0,,,0,0,,1,Braselton (GA) 1%,16,0.07729468599033816,11,10,8,183,0.9581151832460733,0.7834012681159421,620.3295652173913,611.5466101694916,38.48064516129033,0.9758454106280193,0.7391304347826083,1.0,1.0,,,,,,,,,1.0,1.0,3,True,misshipping
msbd_2w,msbd_su,2,244953,Liberty Furniture GA 31320,3420,Liberty Furniture,"GA,IL",2,Casegoods,Vanessa Reimer,GA,Midway,31320,1254 Islands Hwy,SAVANNAH LOCAL,GA,31408,205,3,3,0.014634146341463415,0,0.0,0,0.0,0,0.0,0,0.0,3,0.014634146341463415,0,0.0,,,0,0,,1,Mccook (IL) 1%,17,0.08292682926829269,184,3,3,185,0.9840425531914894,-0.10635512136166787,604.562857142857,633.1977011494251,34.33693181818181,0.809756097560975,0.5658536585365855,1.0,0.0,,,,,,,,,1.0,0.0,3,True,misshipping
msbd_2w,msbd_su,2,252104,OKD  PRO-1,93740,OKD INTERNATIONAL TRADING COMPANY LIMITED,"CA,GA,NJ,SC,TX",5,APS,Nora Li,SC,Hardeeville,29927,359 Prospect Blvd ,SAVANNAH LOCAL,GA,31408,201,3,16,0.07960199004975124,1,0.004975124378109453,0,0.0,10,0.04975124378109453,0,0.0,5,0.024875621890547265,1,0.3333333333333333,2026-08-16: 1,Williamsburg Ncpc (FL) 0%,0,0,,2,Richmond Hill Ncpc (GA) 2%; Secaucus (NJ) 0%,9,0.04477611940298507,190,40,40,152,0.7916666666666666,0.2232790675647394,710.9319018404906,657.8101265822783,175.60894736842107,0.9054726368159205,0.6965174129353235,0.75,0.31250000000000006,0.0,0.0,,,0.7,0.10000000000000002,,,1.0,0.8,16,True,misshipping
msbd_2w,msbd_su,2,6055,Top Notch Distributors NV 89706,5375,Top Notch Distributors,"MA,MO,NV,PA",4,Hardware,Matt Bartolucci,NV,Carson City,89706,3151 Goni Road,RENO,NV,89434,201,3,11,0.05472636815920398,0,0.0,0,0.0,0,0.0,0,0.0,11,0.05472636815920398,0,0.0,,,0,0,,2,North St.Louis (MO) 4%; Brockton (MA) 1%,35,0.17412935323383086,14,14,14,152,0.9156626506024096,-0.08652754671975639,823.176162790698,801.1848275862071,171.60484848484845,0.9303482587064675,0.6815920398009945,1.0,1.0,,,,,,,,,1.0,1.0,11,True,misshipping
msbd_2w,msbd_su,2,432357,"Hainan Chuangshiji Technology Co., Ltd NJ 08857",288386,"Hainan Chuangshiji Technology Co., Ltd","CA,GA,NJ,TX",4,APS Bedroom,Iris Sang,NJ,Old Bridge,08857,600 Fairway Lane,EAST BRUNSWICK,NJ,8816,198,3,12,0.06060606060606061,0,0.0,0,0.0,0,0.0,0,0.0,12,0.06060606060606061,0,0.0,,,0,0,,6,West Savannah  Ncpc (GA) 3%; Richmond Hill Ncpc (GA) 1%; Rancho Cucamonga Ncpc (CA) 1%; Spring (TX) 1%; Baytown (TX) 1%,10,0.050505050505050504,15,14,13,175,0.9308510638297872,0.221336651190091,358.5016129032257,336.989075630252,84.66149732620325,0.8585858585858583,0.6666666666666667,1.0,0.75,,,,,,,,,1.0,0.75,12,True,misshipping
msbd_2w,msbd_su,2,289770,Ningbo le verde home furnishing SC 29927,70401,"Ningbo le verde home furnishing co.,ltd.","CA,GA,NJ,SC,TX",5,APS Outdoor,Moti Mao,SC,Hardeeville,29927,359 Prospect Blvd,SAVANNAH LOCAL,GA,31408,198,3,16,0.08080808080808081,0,0.0,0,0.0,3,0.015151515151515152,0,0.0,13,0.06565656565656566,0,0.0,,,0,0,,3,East Brunswick (NJ) 3%; Richmond Hill Ncpc (GA) 3%; West Savannah  Ncpc (GA) 2%,10,0.050505050505050504,186,32,33,155,0.824468085106383,0.17129769141905482,798.2753731343283,726.5102362204725,191.43837837837845,1.0,0.8585858585858585,1.0,0.9374999999999999,,,,,1.0,1.0,,,1.0,0.923076923076923,16,True,misshipping
msbd_2w,msbd_su,2,494815,"Hefei Maxyoyo Trading Co., Ltd. CA 92880",67567,"Hefei Maxyoyo Trading Co., Ltd.","CA,GA,NJ,SC,TX",5,APS Upholstery,Blair-Yaqing Gong,CA,Eastvale,92880,"14909 Summit Drive,DOCK #17-#18",CHINO LOCAL,CA,91710,197,3,2,0.01015228426395939,0,0.0,0,0.0,0,0.0,0,0.0,2,0.01015228426395939,0,0.0,,,0,0,,1,South Houston (TX) 1%,4,0.02030456852791878,193,3,3,190,0.9844559585492227,-1.4175179528674013,1659.7311377245508,1679.702564102564,32.589119170984475,0.9340101522842637,0.7512690355329948,0.5,0.5,,,,,,,,,0.5,0.5,2,True,misshipping
msbd_2w,msbd_su,2,289409,SWEET NIGHT TECHNOLOGY INC. CA 91752 ,93029,SWEET NIGHT TECHNOLOGY INC.,"CA,GA,IL,NJ,TX",5,APS Mattresses,Checky Yi,CA,Jurupa Valley,91752 ,11296 Harrel St,WEST RIALTO,CA,92316,197,3,4,0.02030456852791878,0,0.0,2,0.01015228426395939,0,0.0,0,0.0,2,0.01015228426395939,0,0.0,,,0,0,,2,East Brunswick (NJ) 1%; Camden (NJ) 1%,10,0.050761421319796954,187,4,4,183,0.9786096256684492,0.8193310353409506,953.0545454545456,927.3940476190476,64.95376344086024,0.8020304568527922,0.6852791878172587,0.5,0.75,,,1.0,0.5,,,,,0.0,1.0,4,True,misshipping
msbd_2w,msbd_su,2,366949,lishuimiyoukuajingdianzishangwuyouxiangongsi CA 92336,364592,lishuimiyoukuajingdianzishangwuyouxiangongsi,"CA,NJ,TX",3,Wayfair,Asia Supplier Service Desk,CA,Fontana,92336,DOCK# 37，7351 McGuire Ave,WEST RIALTO,CA,92316,196,3,6,0.030612244897959183,0,0.0,0,0.0,0,0.0,0,0.0,6,0.030612244897959183,0,0.0,,,0,0,,1,Secaucus (NJ) 3%,10,0.05102040816326531,140,8,8,178,0.956989247311828,0.431947110273318,940.514285714286,900.0122093023253,111.10537634408605,0.7346938775510204,0.6326530612244898,0.16666666666666669,0.0,,,,,,,,,0.16666666666666669,0.0,6,True,misshipping
msbd_2w,msbd_su,2,36114,Net Health Shops LLC WI54703,26335,Net Health Shops LLC,"CA,GA,IL,PA,TX,WI",6,Outdoor Furniture,Kadin Nestler,WI,Eau Claire,54703,5730 Venture Dr,EAU CLAIRE,WI,54703,195,3,4,0.020512820512820513,0,0.0,0,0.0,0,0.0,0,0.0,4,0.020512820512820513,0,0.0,,,0,0,,3,Lehigh Valley (PA) 1%; Austell (GA) 1%; Fort Worth (TX) 1%,5,0.02564102564102564,50,50,8,182,0.9578947368421052,-0.18981594313728642,976.295652173913,985.453435114504,60.041847826086986,0.9948717948717946,0.6256410256410256,1.0,0.5,,,,,,,,,1.0,0.5,4,True,misshipping
msbd_2w,msbd_su,2,292514,zheng zhou xin hu li dian zi shang wu you xian gong si FL 32210,292507,zheng zhou xin hu li dian zi shang wu you xian gong si,"CA,FL,OR,PA",4,Wayfair,Asia Supplier Service Desk,FL,Jacksonville,32210,13483 103rd St,JACKSONVILLE,FL,32221,195,3,6,0.03076923076923077,0,0.0,0,0.0,1,0.005128205128205128,0,0.0,5,0.02564102564102564,0,0.0,,,0,0,,2,Hayward (CA) 2%; Philadelphia (PA) 1%,8,0.041025641025641026,187,9,9,178,0.9518716577540107,-0.5677639220137833,787.0936046511628,848.2644628099174,238.22032085561497,0.8615384615384617,0.7076923076923076,0.8333333333333334,0.5,,,,,1.0,0.0,,,0.8,0.6,6,True,misshipping
msbd_2w,msbd_su,2,365124,RAYS LTD NJ 08831,65792,RAYS LTD,"CA,GA,NJ,TX",4,APS Home Improvement,Yu Xie,NJ,Monroe Township,08831,4 South Middlesex Avenue,PRINCETON,NJ,8810,194,3,12,0.061855670103092786,0,0.0,2,0.010309278350515464,1,0.005154639175257732,0,0.0,9,0.04639175257731959,0,0.0,,,0,0,,3,South Atlanta Ncpc (GA) 3%; Rialto (CA) 2%; Norcross (GA) 1%,45,0.23195876288659795,66,66,13,136,0.912751677852349,0.6185279224166285,497.5319327731093,328.9164835164834,149.08322147651006,0.520618556701031,0.5618556701030927,0.8333333333333334,0.8333333333333334,,,0.5,1.0,0.0,0.0,,,1.0,0.8888888888888888,12,True,misshipping
msbd_2w,msbd_su,2,321663,Ningbo Qiangbang Outdoor Leisure Products NJ 08859,104050,"Ningbo Qiangbang Outdoor Leisure Products Co., Ltd","CA,GA,NJ,PA,TX",5,APS Outdoor,Amber Xiang,NJ,Parlin,08859,99 CALLAHAN BLVD,EAST BRUNSWICK,NJ,8816,193,3,7,0.03626943005181347,0,0.0,0,0.0,0,0.0,0,0.0,7,0.03626943005181347,0,0.0,,,0,0,,3,West Rialto (CA) 2%; Rialto (CA) 1%; South Rialto - Ncpc (CA) 1%,4,0.02072538860103627,15,11,7,182,0.9629629629629629,-1.252646478590942,616.3499999999998,654.7379032258069,104.04680851063831,0.9378238341968913,0.7823834196891194,0.8571428571428572,0.14285714285714285,,,,,,,,,0.8571428571428572,0.14285714285714285,7,True,misshipping
msbd_2w,msbd_su,2,60123,IRIS USA PA 18202,1969,IRIS USA,"AZ,PA,TX,WI",4,Storage & Org - Frequency,Claire Przybocki,PA,Hazle Township,18202,460 Forest Rd,SCRANTON,PA,18640,191,3,13,0.06806282722513089,0,0.0,0,0.0,0,0.0,0,0.0,13,0.06806282722513089,0,0.0,,,0,0,,2,Mesquite (TX) 6%; North Phoenix (AZ) 1%,23,0.12041884816753927,23,22,20,148,0.8809523809523809,0.10458760850594645,638.098947368421,612.314736842105,197.80914634146347,0.7696335078534028,0.5811518324607331,0.9230769230769231,0.6153846153846154,,,,,,,,,0.9230769230769231,0.6153846153846154,13,True,misshipping
msbd_2w,msbd_su,2,343750,SHENZHENSHI JULIBAIBIAN KEJIYOUXIANI NJ 08057(2),64532,SHENZHENSHI JULIBAIBIAN KEJIYOUXIANGONGSI,"CA,GA,IL,NJ,PA,TX",6,APS K&D,Stella Yin,NJ,Moorestown,08057,912 N Lenola Rd,CAMDEN,NJ,8007,191,3,3,0.015706806282722512,0,0.0,0,0.0,1,0.005235602094240838,0,0.0,2,0.010471204188481676,0,0.0,,,0,0,,2,West Savannah  Ncpc (GA) 1%; Baytown (TX) 1%,3,0.015706806282722512,94,91,6,182,0.9680851063829787,0.6095305894437719,773.3470588235294,784.2733333333334,42.30215053763442,0.9476439790575917,0.6649214659685868,0.3333333333333333,0.6666666666666666,,,,,0.0,0.0,,,0.5,1.0,3,True,misshipping
msbd_2w,msbd_su,2,439071,ningboxuxindianzishangwuyouxiangongsi GA 31407,286148,ningboxuxindianzishangwuyouxiangongsi,"CA,GA,NJ,PA,TX",5,APS Outdoor,David Liu,GA,Savannah,31407,150 Portside Ct,SAVANNAH LOCAL,GA,31408,188,3,25,0.13297872340425532,0,0.0,0,0.0,8,0.0425531914893617,0,0.0,17,0.09042553191489362,0,0.0,,,0,0,,7,East Brunswick (NJ) 3%; Woodbridge (NJ) 3%; Sugar Land (TX) 1%; Rancho Cucamonga Ncpc (CA) 1%; Chino Hills Ncpc (CA) 1%,6,0.031914893617021274,181,27,35,147,0.8076923076923077,0.1804359811738514,834.0541176470587,747.5198717948716,166.33370165745853,0.8085106382978726,0.6382978723404255,0.7999999999999999,0.8,,,,,0.75,0.75,,,0.8235294117647057,0.8235294117647058,25,True,misshipping
msbd_2w,msbd_su,2,109876,"Sleemon-Xilinmen Furniture co.,Ltd NJ 08901",88620,"Sleemon-Xilinmen Furniture co.,Ltd","CA,GA,IL,NJ,TX",5,APS,Naomi JI,NJ,Burlington,08016,1950 River Road,ROBBINSVILLE,NJ,8691,188,3,10,0.05319148936170213,0,0.0,3,0.015957446808510637,3,0.015957446808510637,0,0.0,4,0.02127659574468085,0,0.0,,,0,0,,2,Richmond Hill Ncpc (GA) 2%; Rialto (CA) 1%,7,0.03723404255319149,150,149,15,166,0.9171270718232044,-0.10826923916508649,947.109677419355,904.6921985815601,122.70388888888884,0.978723404255319,0.7287234042553193,1.0,0.5,,,1.0,0.33333333333333337,1.0,0.33333333333333337,,,1.0,0.75,10,True,misshipping
msbd_2w,msbd_su,2,308940,"Yescom USA, Inc. GA 30297",38048,"Yescom USA, Inc.","CA,GA",2,APS Outdoor,Asia Supplier Service Desk,GA,POOLER,31322,301 CYPRESS MEADOW DR,SAVANNAH LOCAL,GA,31408,188,3,68,0.3617021276595745,0,0.0,0,0.0,3,0.015957446808510637,0,0.0,65,0.34574468085106386,0,0.0,,,0,0,,7,Rancho Cucamonga Ncpc (CA) 16%; West Rialto (CA) 9%; South Rialto - Ncpc (CA) 7%; Rialto (CA) 1%; Burbank (CA) 1%,20,0.10638297872340426,168,86,88,80,0.47619047619047616,-0.3096251422836076,1229.5274509803921,930.9924242424244,1129.3648809523809,0.7819148936170212,0.4574468085106382,0.926470588235294,0.48529411764705893,,,,,0.6666666666666666,1.0,,,0.9384615384615385,0.4615384615384617,68,True,misshipping
msbd_2w,msbd_su,2,197000,Shenzhenshi Weisifu Keji Youxiangongsi CA 91710,79111,Shenzhenshi Weisifu Keji Youxiangongsi,"CA,GA,NJ,TX",4,APS,Regan Zou,CA,Whittier,90606,8190 Byron Rd,SANTA FE SPRINGS,CA,90670,187,3,6,0.03208556149732621,0,0.0,1,0.0053475935828877,0,0.0,0,0.0,5,0.026737967914438502,0,0.0,,,0,0,,3,Norcross (GA) 1%; Braselton (GA) 1%; Sugar Land (TX) 1%,3,0.016042780748663103,184,6,6,178,0.967391304347826,0.8672716530539633,753.836931818182,688.9314285714288,89.84673913043483,0.983957219251337,0.689839572192513,0.5,1.0,,,0.0,1.0,,,,,0.6,1.0,6,True,misshipping
msbd_2w,msbd_su,2,292113,"Shenzhen Laiwo Trading Co., Ltd. NJ 08873",65593,"Shenzhen Laiwo Trading Co., Ltd.","CA,GA,IL,NJ,PA,TX,WA",7,APS,Stella Yin,NJ,somerset,08873,244 Belmont Dr,WOODBRIDGE LOCAL,NJ,8832,186,3,2,0.010752688172043012,0,0.0,0,0.0,0,0.0,0,0.0,2,0.010752688172043012,0,0.0,,,0,0,,2,Rialto (CA) 1%; Chino Hills Ncpc (CA) 1%,10,0.053763440860215055,176,5,3,173,0.9829545454545454,-1.0112153155042156,697.0391304347826,702.0848214285711,36.92228571428572,0.8817204301075272,0.6075268817204306,1.0,0.5,,,,,,,,,1.0,0.5,2,True,misshipping
msbd_2w,msbd_su,2,445975, DYT8,47595,MANJUSRI LLC,"CA,GA,IL,NJ,TX",5,Casegoods,Zichu Wang,NJ,EDISON,08817,250 CARTER DR,WOODBRIDGE LOCAL,NJ,8832,186,3,5,0.026881720430107527,0,0.0,0,0.0,0,0.0,0,0.0,5,0.026881720430107527,0,0.0,,,0,0,,1,Anaheim (CA) 3%,10,0.053763440860215055,174,9,9,167,0.9488636363636364,-1.670491572380898,612.361313868613,643.5610294117647,150.7317919075144,0.913978494623656,0.6989247311827959,1.0,0.0,,,,,,,,,1.0,0.0,5,True,misshipping
msbd_2w,msbd_su,2,288468,Pianno Home Inc GA 30519 ,177903,Pianno Home Inc,"CA,GA,NJ,TX",4,APS Outdoor,Moti Mao,GA,Buford ,30518,2105 Buford Highway,BRASELTON,GA,30517,186,3,46,0.24731182795698925,0,0.0,3,0.016129032258064516,5,0.026881720430107527,0,0.0,38,0.20430107526881722,0,0.0,,,0,0,,9,Rialto (CA) 6%; Sugar Land (TX) 6%; South Houston (TX) 2%; Rancho Cucamonga Ncpc (CA) 2%; Chino Hills Ncpc (CA) 1%,15,0.08064516129032258,158,89,82,89,0.52046783625731,-1.2385126789090082,650.2145161290321,1048.8000000000002,751.0886227544912,0.8118279569892476,0.5322580645161291,0.8695652173913044,0.5434782608695652,,,0.0,1.0,0.6,0.4,,,0.9736842105263156,0.5263157894736843,46,True,misshipping
msbd_2w,msbd_su,2,366303,HuiAnXian XiMao DianZiShangWu YouXianGongSi CA 91789,365391,QUANZHOU FENGZE OUYUANTONG MAOYI YOUXIAN GONGSI,"CA,GA,NJ",3,APS Decor,Asia Supplier Service Desk,CA,City of Industry,91789,19635 E Walnut Dr N,INDUSTRY,CA,91789,184,3,8,0.043478260869565216,0,0.0,1,0.005434782608695652,0,0.0,0,0.0,7,0.03804347826086957,0,0.0,,,0,0,,2,Linden (NJ) 3%; West Savannah  Ncpc (GA) 1%,15,0.08152173913043478,169,9,9,160,0.9467455621301775,0.6261826864008594,1216.433121019108,1125.8890410958904,163.78757396449697,0.9619565217391307,0.8152173913043476,1.0,1.0,,,1.0,1.0,,,,,1.0,1.0,8,True,misshipping
msbd_2w,msbd_su,2,306865,Wisfor Inc. GA 30518,62606,Wisfor Inc.,"CA,GA,NJ,TX",4,APS,Asia Supplier Service Desk,GA,Braselton,30517,1530 Broadway Avenue Suite 100,BRASELTON,GA,30517,183,3,53,0.2896174863387978,0,0.0,2,0.01092896174863388,2,0.01092896174863388,0,0.0,49,0.2677595628415301,0,0.0,,,0,0,,5,Secaucus (NJ) 16%; Chino Hills Ncpc (CA) 8%; Sugar Land (TX) 2%; Chino (CA) 1%; Woodbridge (NJ) 1%,4,0.02185792349726776,117,76,76,103,0.5754189944134078,-1.2428905604679548,487.158988764045,794.1568047337275,532.5972067039107,0.8524590163934428,0.6721311475409832,0.9433962264150944,0.5094339622641509,,,1.0,0.5,0.0,0.0,,,0.9795918367346937,0.5306122448979592,53,True,misshipping
msbd_2w,msbd_su,2,371127,"Decor Holding Group Co., LTD GA 30044",64234,"Decor Holding Group Co., LTD","FL,GA",2,APS Home Improvement,Aria Yao,GA,Lawrenceville,30044,3105 Sweetwater Rd,BRASELTON,GA,30517,182,3,104,0.5714285714285714,0,0.0,0,0.0,0,0.0,0,0.0,104,0.5714285714285714,0,0.0,,,0,0,,1,Orlando (FL) 57%,13,0.07142857142857142,163,162,162,7,0.04142011834319527,-0.3335147051564609,951.4656716417911,1303.7801724137923,487.6,0.8736263736263735,0.6978021978021981,0.9038461538461539,0.7692307692307694,,,,,,,,,0.9038461538461539,0.7692307692307694,104,True,misshipping
msbd_2w,msbd_su,2,360852,"Wayright, LLC NJ 08067",93513,"Wayright, LLC","CA,FL,NJ",3,APS AEOF,Ricky Yu,NJ,Pedricktown,08067,2 Gateway Blvd,BARRINGTON,NJ,8007,181,3,85,0.4696132596685083,0,0.0,0,0.0,0,0.0,0,0.0,85,0.4696132596685083,0,0.0,,,0,0,,4,South Rialto - Ncpc (CA) 31%; Rancho Cucamonga Ncpc (CA) 13%; Rialto (CA) 2%; Williamsburg Ncpc (FL) 1%,8,0.04419889502762431,172,168,146,27,0.15606936416184972,-1.5210909068989606,745.4080291970803,2116.2906250000005,2296.160946745562,0.9502762430939229,0.4309392265193371,0.9529411764705884,0.4470588235294119,,,,,,,,,0.9529411764705884,0.4470588235294119,85,True,misshipping
msbd_2w,msbd_su,2,176360,CANVELLO DC 20020,158018,CANVELLO,"CA,DC",2,Soft Home,Supplier Service Desk,DC,Washington,20020,1837 TOBIAS DR SE,WASHINGTON,MD,20705,181,3,80,0.4419889502762431,0,0.0,0,0.0,0,0.0,0,0.0,80,0.4419889502762431,0,0.0,,,0,0,,1,San Jose (CA) 44%,10,0.055248618784530384,169,168,168,3,0.017543859649122806,-1.9553220898474877,753.0081818181817,2325.6714285714297,2839.928571428572,0.9558011049723757,0.22099447513812162,0.9875000000000002,0.2624999999999999,,,,,,,,,0.9875000000000002,0.2624999999999999,80,True,misshipping
msbd_2w,msbd_su,2,306244,WYD-ILJW02,199602,NINGBO RUISEN DIANZIKEJI YOUXIANGONGSI,"CA,GA,IL,NJ,SC,TX",6,APS Bedroom,Lydia Liu,IL,Woodridge,60517,1433 Internationale Pkwy,MCCOOK,IL,60525,180,3,16,0.08888888888888889,0,0.0,7,0.03888888888888889,6,0.03333333333333333,0,0.0,3,0.016666666666666666,0,0.0,,,0,0,,2,Houston (TX) 1%; Metuchen (NJ) 1%,1,0.005555555555555556,113,26,19,160,0.8938547486033519,-0.015534365393151436,527.7935294117648,520.1587500000002,155.97430167597773,0.9777777777777777,0.8222222222222225,1.0,0.8749999999999999,,,1.0,1.0,1.0,0.8333333333333334,,,1.0,0.6666666666666666,16,True,misshipping
msbd_2w,msbd_su,2,316881,Walraime Inc. NJ 08611,67689,Walraime Inc.,"CA,GA,NJ,TX",4,APS,Estrella Wang,NJ,Hamilton,08611,1369 Lamberton Road,ROBBINSVILLE,NJ,8691,179,3,3,0.01675977653631285,0,0.0,0,0.0,0,0.0,0,0.0,3,0.01675977653631285,0,0.0,,,0,0,,3,Chino Hills Ncpc (CA) 1%; Anaheim (CA) 1%; Baytown (TX) 1%,3,0.01675977653631285,41,10,10,166,0.9431818181818182,-0.9788444496063022,385.6396039603961,457.631313131313,117.96988636363638,0.9720670391061456,0.8100558659217877,1.0,0.33333333333333337,,,,,,,,,1.0,0.33333333333333337,3,True,misshipping
msbd_2w,msbd_su,2,288214,FlexiSpot Inc NJ 08016,30987,FlexiSpot Inc,"CA,GA,IL,NJ,PA,SC,TN,TX",8,APS,Fiona Jiang,NJ,Burlington,08016,1900B River Rd,ROBBINSVILLE,NJ,8691,178,3,4,0.02247191011235955,0,0.0,0,0.0,0,0.0,0,0.0,4,0.02247191011235955,0,0.0,,,0,0,,2,South Rialto - Ncpc (CA) 2%; West Savannah  Ncpc (GA) 1%,4,0.02247191011235955,159,159,18,156,0.896551724137931,-0.6633947510384653,537.1304347826087,688.2614678899082,219.7537572254336,0.9101123595505614,0.6404494382022472,1.0,0.5,,,,,,,,,1.0,0.5,4,True,misshipping
msbd_2w,msbd_su,2,326895,Banyan Imports TX 77449,50250,Banyan Imports,"CA,GA,IL,NJ,TX",5,APS Home Improvement,Emma Wang,TX,Katy,77449,2244 North Mason Road,HOUSTON LOCAL,TX,77433,177,3,6,0.03389830508474576,0,0.0,1,0.005649717514124294,1,0.005649717514124294,0,0.0,4,0.022598870056497175,0,0.0,,,0,0,,2,Chino (CA) 2%; Arcadia (CA) 1%,6,0.03389830508474576,168,11,11,160,0.935672514619883,-0.5781562852866136,866.7216000000001,890.85873015873,92.88511904761899,0.9378531073446327,0.8248587570621471,0.8333333333333334,0.33333333333333337,,,1.0,1.0,1.0,1.0,,,0.75,0.0,6,True,misshipping
msbd_2w,msbd_su,2,517884,"HONGKONG OUSHENG NETWORK TECHNOLOGY CO.,LIMITED NJ 08036",61515,"HONGKONG OUSHENG NETWORK TECHNOLOGY CO.,LIMITED","CA,GA,NJ,PA",4,APS Bedroom,Asia Supplier Service Desk,NJ,HAINESPORT,08036,"1517 NJ-38, BUILDING 2",CAMDEN,NJ,8007,177,3,2,0.011299435028248588,0,0.0,0,0.0,0,0.0,0,0.0,2,0.011299435028248588,0,0.0,,,0,0,,1,Fairless Hills (PA) 1%,5,0.02824858757062147,172,135,2,170,0.9883720930232558,-1.447073737587154,1053.738,1029.3748201438852,45.31976744186048,0.7683615819209034,0.7514124293785308,1.0,0.0,,,,,,,,,1.0,0.0,2,True,misshipping
msbd_2w,msbd_su,2,213128,XCO-CA warehouse,94983,PARKERWELL INC,"CA,GA,NJ,TX",4,APS Outdoor,Amber Xiang,CA,Chino,91708,16003 Euclid Ave,CHINO LOCAL,CA,91710,175,3,4,0.022857142857142857,0,0.0,0,0.0,0,0.0,0,0.0,4,0.022857142857142857,0,0.0,,,0,0,,2,Sugar Land (TX) 1%; South Atlanta Ncpc (GA) 1%,3,0.017142857142857144,171,13,13,159,0.9244186046511628,-0.6016716501317323,1658.0907692307694,1636.8793388429754,171.2251461988305,0.9314285714285716,0.6571428571428573,1.0,0.75,,,,,,,,,1.0,0.75,4,True,misshipping
msbd_2w,msbd_su,2,236461,Americanflat Corp CA 92335,10545,Americanflat Corp,"CA,NJ,SC",3,Decor,Waverly Winterer,CA,Fontana,92335,8375 Sultana Ave,WEST RIALTO,CA,92316,175,3,35,0.2,0,0.0,0,0.0,2,0.011428571428571429,0,0.0,33,0.18857142857142858,0,0.0,,,0,0,,1,Woodbridge (NJ) 19%,1,0.005714285714285714,47,42,42,132,0.7586206896551724,-2.0233802720771266,1436.0378378378373,1886.03355704698,658.1401162790697,0.9714285714285714,0.6228571428571428,0.9714285714285714,0.4000000000000001,,,,,0.5,0.0,,,1.0,0.4242424242424243,35,True,misshipping
msbd_2w,msbd_su,2,512870,"Ningbo FanKai E-commerce Co., Ltd._1 NJ 08810",83386,"Ningbo FanKai E-commerce Co., Ltd._1","CA,GA,IL,NJ,PA",5,APS Home Improvement,Nicole Sun,NJ,Dayton,08810,"321 Herrod Blvd, Suite 321A, Dayton, NJ 08810",PRINCETON,NJ,8810,174,3,11,0.06321839080459771,0,0.0,5,0.028735632183908046,1,0.005747126436781609,0,0.0,5,0.028735632183908046,0,0.0,,,0,0,,3,King Of Prussia (PA) 1%; South Atlanta Ncpc (GA) 1%; South Rialto - Ncpc (CA) 1%,2,0.011494252873563218,76,55,21,151,0.877906976744186,0.36118452562601794,575.9683333333335,566.9516949152543,238.236046511628,0.8965517241379312,0.7816091954022987,0.7272727272727272,0.6363636363636364,,,1.0,1.0,0.0,0.0,,,0.6,0.4,11,True,misshipping
msbd_2w,msbd_su,2,497021,zhengzhoushijianxingwangluokejiyouxiangongsi NJ 08505,324772,zhengzhoushijianxingwangluokejiyouxiangongsi,"CA,GA,NJ,PA",4,APS Bedroom,Lydia Liu,NJ,Bordentown,08505,3280 US Highway 206,ROBBINSVILLE,NJ,8691,174,3,7,0.040229885057471264,0,0.0,3,0.017241379310344827,2,0.011494252873563218,0,0.0,2,0.011494252873563218,0,0.0,,,0,0,,1,Rancho Cucamonga Ncpc (CA) 1%,9,0.05172413793103448,109,92,11,154,0.9333333333333333,0.3166322023146264,658.9960629921262,619.921495327103,90.86687116564413,0.890804597701149,0.6494252873563221,0.7142857142857143,0.28571428571428575,,,0.6666666666666666,0.6666666666666666,0.5,0.0,,,1.0,0.0,7,True,misshipping
msbd_2w,msbd_su,2,251889,SKC-E-SC-359PRO-1,106632,"HONG KONG REST TRADING CO.,LIMITED","CA,GA,NJ,SC,TX",5,APS,Nora Li,SC,Hardeeville,29927,359 Prospect Blvd,SAVANNAH LOCAL,GA,31408,174,3,2,0.011494252873563218,0,0.0,0,0.0,0,0.0,0,0.0,2,0.011494252873563218,0,0.0,,,0,0,,1,Richmond Hill Ncpc (GA) 1%,3,0.017241379310344827,169,2,2,169,0.9883040935672515,0.5106423594540421,713.9105590062111,682.8732484076436,25.257988165680466,1.0,0.9080459770114938,1.0,1.0,,,,,,,,,1.0,1.0,2,True,misshipping
msbd_2w,msbd_su,2,455421, WE-CA4,452361,WINMATCH GLOBAL (HK) TRADING LIMITED,"CA,GA,NJ",3,APS AEOF,Nora Li,CA,Fontana,92337,13423 Santa Ana Avenue,WEST RIALTO,CA,92316,173,3,9,0.05202312138728324,0,0.0,4,0.023121387283236993,1,0.005780346820809248,0,0.0,4,0.023121387283236993,0,0.0,,,0,0,,1,Metuchen (NJ) 2%,10,0.057803468208092484,130,11,11,152,0.9325153374233128,0.8496524034574843,1341.0682758620683,1253.9618320610684,196.06481481481478,0.7398843930635839,0.6184971098265896,0.6666666666666666,0.8888888888888888,,,0.5,1.0,1.0,0.0,,,0.75,1.0,9,True,misshipping
msbd_2w,msbd_su,2,362529,YQN-COPE,92496,Luxuria Furniture Inc,"CA,GA,NJ",3,APS Home Improvement,Emma Wang,GA,Buford,30518,2105 Buford Highway ,BRASELTON,GA,30517,171,3,5,0.029239766081871343,0,0.0,0,0.0,2,0.011695906432748537,0,0.0,3,0.017543859649122806,0,0.0,,,0,0,,2,Santa Fe Springs (CA) 1%; Rancho Cucamonga Ncpc (CA) 1%,4,0.023391812865497075,99,60,8,159,0.9520958083832335,-1.0687206518755124,666.210071942446,685.8666666666668,113.96445783132532,0.9883040935672515,0.8187134502923977,1.0,0.6,,,,,1.0,1.0,,,1.0,0.33333333333333337,5,True,misshipping
msbd_2w,msbd_su,2,498823,"Hangzhou Gesong E-commerce Co., Ltd. NY 11716",306702,"Hangzhou Gesong E-commerce Co., Ltd.","CA,GA,NJ,NY,PA,TX",6,APS Outdoor,Qiwen Fan,NY,Bohemia,11716,585 Johnson Ave Suite 1,SAVANNAH LOCAL,GA,31408,170,3,2,0.011764705882352941,0,0.0,0,0.0,0,0.0,0,0.0,2,0.011764705882352941,0,0.0,,,0,0,,1,Metuchen (NJ) 1%,35,0.20588235294117646,135,133,11,124,0.9185185185185185,-3.3765446099979557,513.0357894736841,497.624761904762,198.0733333333333,0.035294117647058844,0.6058823529411763,0.0,0.0,,,,,,,,,0.0,0.0,2,True,misshipping
msbd_2w,msbd_su,2,250630,RW Flame GA 31405 (2),44926,Rowan Global Life Inc_1,"CA,GA,IL,PA,TX",5,APS Home Improvement,Tracy Rong,GA,Savannah,31405,125 Feldspar Dr,SAVANNAH LOCAL,GA,31408,170,3,4,0.023529411764705882,0,0.0,0,0.0,0,0.0,0,0.0,4,0.023529411764705882,0,0.0,,,0,0,,3,Sugar Land (TX) 1%; Lehigh Valley (PA) 1%; West Rialto (CA) 1%,8,0.047058823529411764,159,6,6,156,0.9629629629629629,-0.5880432148482659,556.7921568627451,590.2679999999998,61.583018867924515,0.9294117647058824,0.5941176470588234,1.0,0.0,,,,,,,,,1.0,0.0,4,True,misshipping
msbd_2w,msbd_su,2,56427,BISSELL Homecare Inc. VA 23237,8775,BISSELL Homecare Inc.,"CA,IL,TX,VA",4,Kitchen & Small Electrics,Claire Nissly,VA,Richmond,23237,1200 Battery Brooke Pkwy,SOUTH CHESTERFIELD,VA,23834,169,3,2,0.011834319526627219,0,0.0,0,0.0,0,0.0,0,0.0,2,0.011834319526627219,0,0.0,,,0,0,,1,South Chicago (IL) 1%,1,0.005917159763313609,157,11,11,157,0.9345238095238095,0.8718990888361559,462.44117647058823,398.81269841269835,105.64423076923079,0.9408284023668636,0.6331360946745562,0.5,1.0,,,,,,,,,0.5,1.0,2,True,misshipping
msbd_2w,msbd_su,2,409462,YQN-MPR_NJ,92496,Luxuria Furniture Inc,"CA,GA,NJ",3,APS Home Improvement,Emma Wang,NJ,Port Reading,07064,1001 W Middlesex Ave,SOUTH CARTERET,NJ,7008,168,3,4,0.023809523809523808,0,0.0,1,0.005952380952380952,0,0.0,0,0.0,3,0.017857142857142856,0,0.0,,,0,0,,2,Santa Fe Springs (CA) 1%; South Atlanta Ncpc (GA) 1%,6,0.03571428571428571,162,11,11,151,0.9320987654320988,-1.085525017414979,689.94,733.8401960784317,112.50061728395063,0.9404761904761904,0.8511904761904764,1.0,0.25,,,1.0,1.0,,,,,1.0,0.0,4,True,misshipping
msbd_2w,msbd_su,2,194863,ROGERHOUSE LLC FL 32210,194182,ROGER HOUSE LLC,"CA,FL,PA",3,Kitchen & Small Electrics,Kate Poletynski,FL,Jacksonville,32210,13483 103rd St,JACKSONVILLE,FL,32221,168,3,3,0.017857142857142856,0,0.0,0,0.0,1,0.005952380952380952,0,0.0,2,0.011904761904761904,0,0.0,,,0,0,,1,Philadelphia (PA) 1%,4,0.023809523809523808,164,4,4,160,0.975609756097561,-0.19111447121475644,873.8916666666667,851.9881720430108,149.70853658536586,0.9761904761904763,0.8273809523809526,0.6666666666666666,0.6666666666666666,,,,,1.0,1.0,,,0.5,0.5,3,True,misshipping
msbd_2w,msbd_su,2,25128,The Jeske Company MS 38671,22491,The Jeske Company,"MS,NV,WI",3,Hardware,Olivia Batt,MS,Southaven,38671,8883 Stanton Rd,OLIVE BRANCH LOCAL,MS,38654,168,3,14,0.08333333333333333,0,0.0,0,0.0,1,0.005952380952380952,0,0.0,13,0.07738095238095238,0,0.0,,,0,0,,2,Reno (NV) 4%; Oshkosh (WI) 4%,19,0.1130952380952381,146,16,16,133,0.8926174496644296,0.3399449088233508,657.3025806451612,594.0014388489207,143.62876712328764,0.8869047619047618,0.7738095238095237,1.0,0.7857142857142856,,,,,1.0,1.0,,,1.0,0.7692307692307692,14,True,misshipping
msbd_2w,msbd_su,2,310051,Lege-New Jersey,254183,TINGTEK INC,"CA,GA,IL,NJ,TX",5,APS,Carol Li,NJ,Linden,07036,"Building E, 500 Linden Logistics Way",LINDEN,NJ,7036,167,3,15,0.08982035928143713,8,0.04790419161676647,1,0.005988023952095809,4,0.023952095808383235,0,0.0,2,0.011976047904191617,3,1.0,2026-08-02: 2; 2026-08-09: 5; 2026-08-16: 1,Woodbridge (NJ) 5%,0,0,,2,Mccook (IL) 1%; West Savannah  Ncpc (GA) 1%,4,0.023952095808383235,163,91,30,133,0.8159509202453987,0.5239766372279628,501.40733944954127,373.68058252427187,253.35802469135797,0.9940119760479038,0.9041916167664669,1.0,0.9333333333333332,1.0,1.0,1.0,1.0,1.0,0.75,,,1.0,1.0,15,True,misshipping
msbd_2w,msbd_su,2,468853, AM-NJ,266529,"Zhengzhou Tiaoda Network Technology Co., Ltd.","CA,GA,NJ",3,APS AEOF,Carl Li,NJ,Cherry Hill,08003,1515 Burnt Mill RD,CAMDEN,NJ,8007,166,3,21,0.12650602409638553,0,0.0,4,0.024096385542168676,0,0.0,0,0.0,17,0.10240963855421686,0,0.0,,,0,0,,3,West Savannah  Ncpc (GA) 7%; Rialto (CA) 3%; Industry (CA) 1%,2,0.012048192771084338,164,150,25,139,0.8475609756097561,0.018691338758476863,604.4830508474573,599.2407407407409,240.98895705521488,0.8493975903614457,0.7891566265060243,0.8095238095238094,0.6190476190476191,,,0.25,0.25,,,,,0.9411764705882353,0.7058823529411766,21,True,misshipping
msbd_2w,msbd_su,2,427684,Wireless Cornerstone LLC TX 75074,52947,Wireless Cornerstone LLC,"OK,TX",2,Decor,Allie Neyman,TX,Plano,75074,2800 Technology Dr #300,MESQUITE,TX,75149,166,3,99,0.5963855421686747,0,0.0,0,0.0,1,0.006024096385542169,0,0.0,98,0.5903614457831325,0,0.0,,,0,0,,1,North Oklahoma City  (OK) 59%,4,0.024096385542168676,161,160,160,2,0.012345679012345678,-0.15860627479319644,695.9578571428572,832.2154411764707,235.376875,0.9397590361445785,0.6325301204819276,0.9393939393939393,0.6666666666666665,,,,,1.0,1.0,,,0.9387755102040816,0.663265306122449,99,True,misshipping
msbd_2w,msbd_su,2,351146,Yiwu Youxi Electronic Commerce Co. CA 91752 (3),98141,Yiwu Youxi Electronic Commerce Co. Ltd,"CA,GA,NJ,TX",4,APS Outdoor,Amber Xiang,CA,Jurupa Valley,91752,3285 De Forest Cir,WEST RIALTO,CA,92316,165,3,14,0.08484848484848485,0,0.0,0,0.0,5,0.030303030303030304,0,0.0,9,0.05454545454545454,0,0.0,,,0,0,,3,East Brunswick (NJ) 3%; Richmond Hill Ncpc (GA) 2%; Houston (TX) 1%,2,0.012121212121212121,163,19,17,146,0.8957055214723927,-0.1139967493061353,1254.7355555555555,1184.3709401709407,287.85153374233136,0.9636363636363637,0.7393939393939393,1.0,0.7857142857142857,,,,,1.0,0.4,,,1.0,1.0,14,True,misshipping
msbd_2w,msbd_su,2,433583,shenzhenshixidekekejiyouxiangongsi NJ 08857,399441,shenzhenshixidekekejiyouxiangongsi,"CA,GA,NJ",3,APS Upholstery,Asia Supplier Service Desk,NJ,Old Bridge,08857,800 Fairway Ln,EAST BRUNSWICK,NJ,8816,165,3,17,0.10303030303030303,0,0.0,0,0.0,0,0.0,0,0.0,17,0.10303030303030303,0,0.0,,,0,0,,1,Richmond Hill Ncpc (GA) 10%,2,0.012121212121212121,36,36,36,127,0.7791411042944786,-0.13518755435279853,386.48174603174596,428.20819672131125,175.95828220858897,0.9939393939393937,0.8424242424242425,1.0,0.47058823529411775,,,,,,,,,1.0,0.47058823529411775,17,True,misshipping
msbd_2w,msbd_su,2,253866,Yiwu Youxi Electronic Commerce Co. Ltd NJ 08817,98141,Yiwu Youxi Electronic Commerce Co. Ltd,"CA,GA,NJ,TX",4,APS Outdoor,Amber Xiang,NJ,Edison ,08817,300 Cedar Lane Suite B,WOODBRIDGE LOCAL,NJ,8832,164,3,11,0.06707317073170732,0,0.0,4,0.024390243902439025,4,0.024390243902439025,0,0.0,3,0.018292682926829267,0,0.0,,,0,0,,3,South Atlanta Ncpc (GA) 1%; Richmond Hill Ncpc (GA) 1%; Houston (TX) 1%,6,0.036585365853658534,158,21,16,142,0.8987341772151899,0.4077736050428369,619.7229357798165,594.9063063063063,183.45668789808917,0.8597560975609754,0.8048780487804875,0.8181818181818182,1.0,,,1.0,1.0,0.5,1.0,,,1.0,1.0,11,True,misshipping
msbd_2w,msbd_su,2,236032,"Ningbo Juxingpin E-commerce Co., Ltd. CA",61105,"Ningbo Juxingpin E-commerce Co., Ltd.","CA,TN",2,APS Other,Ricky Yu,CA,Fontana,92336,15080 Hilton Drive,WEST RIALTO,CA,92316,164,3,49,0.29878048780487804,0,0.0,0,0.0,0,0.0,0,0.0,49,0.29878048780487804,0,0.0,,,0,0,,1,Memphis (TN) 30%,1,0.006097560975609756,63,63,63,100,0.6134969325153374,0.09799256591441985,1543.5164383561648,1376.9177304964542,676.4576687116565,1.0,0.6280487804878045,1.0,0.5510204081632654,,,,,,,,,1.0,0.5510204081632654,49,True,misshipping
msbd_2w,msbd_su,2,139369,Colorado,64475,Vision Bedding LLC,"CO,MO,NC,SD",4,Soft Home,Supplier Service Desk,CO,Denver,80211,4400 Lipan st,NORTH DENVER RSF,CO,80229,164,3,2,0.012195121951219513,0,0.0,0,0.0,0,0.0,0,0.0,2,0.012195121951219513,0,0.0,,,0,0,,1,Rapid City (SD) 1%,44,0.2682926829268293,18,14,12,108,0.9,-0.04605257050632994,1234.0416666666667,1222.7000000000003,105.25948275862068,0.7317073170731708,0.6890243902439022,1.0,1.0,,,,,,,,,1.0,1.0,2,True,misshipping
msbd_2w,msbd_su,2,329004,AUSLAX01,68009,Bestqi International LLC,"CA,GA,IL,NJ,TX",5,APS AEOF,Nora Li,CA,Fontana,92337,15922 slover ave,WEST RIALTO,CA,92316,164,3,4,0.024390243902439025,0,0.0,0,0.0,1,0.006097560975609756,0,0.0,3,0.018292682926829267,0,0.0,,,0,0,,1,South Atlanta Ncpc (GA) 2%,6,0.036585365853658534,46,5,5,153,0.9683544303797469,0.17967899402294465,1043.6753521126755,1028.4299270072997,73.24871794871794,0.9268292682926825,0.5792682926829273,0.5,0.75,,,,,1.0,0.0,,,0.33333333333333337,1.0,4,True,misshipping
msbd_2w,msbd_su,2,470988,Shanghai Woyao Trading Co Ltd PA 19137,163583,Shanghai Woyao Trading Co Ltd,"CA,GA,NJ,PA",4,APS Decor,Asia Supplier Service Desk,PA,Philadelphia,19137,5000 Richmond Street Building 2C,PHILADELPHIA,PA,19154,162,3,2,0.012345679012345678,0,0.0,0,0.0,0,0.0,0,0.0,2,0.012345679012345678,0,0.0,,,0,0,,2,Austell (GA) 1%; South Atlanta Ncpc (GA) 1%,14,0.08641975308641975,69,14,5,143,0.9662162162162162,0.2481292846143512,615.9295652173914,578.2584158415839,78.22972972972971,0.8148148148148153,0.604938271604938,1.0,1.0,,,,,,,,,1.0,1.0,2,True,misshipping
msbd_2w,msbd_su,2,406385,ningboxuxindianzishangwuyouxiangongsi NJ 08817,286148,ningboxuxindianzishangwuyouxiangongsi,"CA,GA,NJ,PA,TX",5,APS Outdoor,David Liu,NJ,Bordentown,08505,5206 US-130 N,ROBBINSVILLE,NJ,8691,162,3,24,0.14814814814814814,0,0.0,0,0.0,0,0.0,0,0.0,24,0.14814814814814814,0,0.0,,,0,0,,6,Richmond Hill Ncpc (GA) 7%; Houston (TX) 4%; Chino Hills Ncpc (CA) 1%; Diamond Bar Rsf (CA) 1%; Rancho Cucamonga Ncpc (CA) 1%,3,0.018518518518518517,158,31,31,128,0.8050314465408805,-0.6092509508499552,538.560714285714,606.2570093457946,300.2222929936306,0.993827160493827,0.8456790123456789,0.9583333333333333,0.5,,,,,,,,,0.9583333333333333,0.5,24,True,misshipping
msbd_2w,msbd_su,2,280959,"CHITA (HK) IMPORT & EXPORT CO., LIMIT GA 31326(2)",68916,SPRINGDIAL (HK) E-COMMERCE LIMITED,"CA,FL,GA,MD,NJ,TX",6,APS,Sean Xu,GA,Rincon ,31326,3300 Coastal Trade Center Pkwy,SAVANNAH LOCAL,GA,31408,161,3,9,0.055900621118012424,0,0.0,5,0.031055900621118012,1,0.006211180124223602,0,0.0,3,0.018633540372670808,0,0.0,,,0,0,,1,Davenport (FL) 2%,9,0.055900621118012424,146,18,18,134,0.881578947368421,0.5204511846348396,646.7354166666667,592.8474452554746,115.26849315068498,0.9006211180124224,0.6583850931677018,0.8888888888888888,0.8888888888888888,,,1.0,0.8,1.0,1.0,,,0.6666666666666666,1.0,9,True,misshipping
msbd_2w,msbd_su,2,274454,HOMARY INTERNATIONAL LIMITED USAT01,64607,HOMARY TECHNOLOGY INC,"CA,GA,NJ,TX",4,APS,Hannah Guan,GA,Braselton,30517,1530 Broadway Ave Suite 200,BRASELTON,GA,30517,160,3,5,0.03125,0,0.0,0,0.0,3,0.01875,0,0.0,2,0.0125,0,0.0,,,0,0,,2,Robbinsville (NJ) 1%; Rancho Cucamonga Ncpc (CA) 1%,8,0.05,125,125,9,143,0.9407894736842105,0.28353672234788857,647.0316546762589,644.1561983471074,183.19271523178804,0.6937499999999998,0.29999999999999993,0.8,0.2,,,,,0.6666666666666667,0.0,,,1.0,0.5,5,True,misshipping
msbd_2w,msbd_su,2,67116,Smart Line International TX  77521,56998,"YUANJING ELECTRONIC TECHNOLOGY CO.,LIMITED","CA,GA,IL,NJ,TX",5,APS,Fiona Jiang,TX,Baytown,77521,1770 East Freeway Service Rd,BAYTOWN,TX,77521,160,3,11,0.06875,0,0.0,0,0.0,2,0.0125,0,0.0,9,0.05625,0,0.0,,,0,0,,4,Richmond Hill Ncpc (GA) 3%; Chino Hills Ncpc (CA) 2%; East Brunswick (NJ) 1%; Romeoville Rsf (IL) 1%,11,0.06875,112,17,17,132,0.8859060402684564,0.06183323909584412,790.4733333333334,789.0468085106382,171.0775510204083,0.8499999999999999,0.6875000000000001,0.9090909090909091,0.45454545454545453,,,,,1.0,1.0,,,0.8888888888888888,0.3333333333333333,11,True,misshipping
msbd_2w,msbd_su,2,329208,Penson & Co. CA 90660,173557,Penson & Co.,"CA,MA",2,APS Housewares & More,Jynn Jiang,CA,Pico Rivera,90660,7317 Paramount Blvd,SANTA FE SPRINGS,CA,90670,159,3,20,0.12578616352201258,0,0.0,0,0.0,0,0.0,0,0.0,20,0.12578616352201258,0,0.0,,,0,0,,1,Seekonk (MA) 13%,7,0.0440251572327044,25,25,25,127,0.8355263157894737,-0.007843103911358257,1364.230612244898,1242.7442748091603,473.4861842105261,0.9622641509433963,0.5031446540880503,1.0,0.5,,,,,,,,,1.0,0.5,20,True,misshipping
msbd_2w,msbd_su,2,463570,ningboxuxindianzishangwuyouxiangongsi CA 92337,286148,ningboxuxindianzishangwuyouxiangongsi,"CA,GA,NJ,PA,TX",5,APS Outdoor,David Liu,CA,Fontana,92337,11281 Citrus Ave,WEST RIALTO,CA,92316,159,3,7,0.0440251572327044,0,0.0,3,0.018867924528301886,0,0.0,0,0.0,4,0.025157232704402517,0,0.0,,,0,0,,4,Houston (TX) 1%; West Dallas Ncpc (TX) 1%; Richmond Hill Ncpc (GA) 1%; South Atlanta Ncpc (GA) 1%,11,0.06918238993710692,97,8,8,140,0.9459459459459459,0.40686114131666556,947.0791366906473,885.7163934426229,116.81496598639454,0.8301886792452828,0.6981132075471698,0.5714285714285714,1.0,,,0.0,1.0,,,,,1.0,1.0,7,True,misshipping
msbd_2w,msbd_su,2,292679,Arts Box Trading Inc NJ 08873 ,279815,Arts Box Trading Inc,"CA,GA,NJ,TX",4,Upholstery,Danica Guo,NJ,Somerset ,08873 ,244 Belmont Dr ,WOODBRIDGE LOCAL,NJ,8832,158,3,2,0.012658227848101266,0,0.0,0,0.0,0,0.0,0,0.0,2,0.012658227848101266,0,0.0,,,0,0,,2,Richmond Hill Ncpc (GA) 1%; South Rialto - Ncpc (CA) 1%,13,0.08227848101265822,145,13,2,143,0.9862068965517241,-0.7535859622663716,625.6354838709676,658.254464285714,32.52551724137933,0.7911392405063288,0.5759493670886076,0.0,0.0,,,,,,,,,0.0,0.0,2,True,misshipping
msbd_2w,msbd_su,2,313550,Shenzhen Yusheng Network Technology NJ 08817,56290,SUSU INTERNALTIONAL LIMITED,"CA,GA,NJ,TX",4,APS,Lily Liu,NJ,Edison,08817,70 Carter Dr,WOODBRIDGE LOCAL,NJ,8832,158,3,11,0.06962025316455696,0,0.0,0,0.0,0,0.0,0,0.0,11,0.06962025316455696,0,0.0,,,0,0,,4,Savannah (GA) 4%; Rialto (CA) 1%; West Rialto (CA) 1%; Industry (CA) 1%,6,0.0379746835443038,150,15,14,138,0.9078947368421053,0.41214522037286777,984.4685185185183,879.1919999999999,141.70540540540537,0.943037974683544,0.8164556962025316,0.9090909090909091,0.7272727272727272,,,,,,,,,0.9090909090909091,0.7272727272727272,11,True,misshipping
msbd_2w,msbd_su,2,289788,Ningbo Jiangdong Peter International SC 29927(2),53013,Ningbo Jiangdong Peter International Trading CoLTD,"CA,GA,NJ,SC,TX",5,APS Outdoor,Moti Mao,SC,Hardeeville,29927,359 Prospect Blvd,PRINCETON,NJ,8810,158,3,9,0.056962025316455694,0,0.0,0,0.0,0,0.0,0,0.0,9,0.056962025316455694,0,0.0,,,0,0,,4,Richmond Hill Ncpc (GA) 3%; East Brunswick (NJ) 2%; Chino (CA) 1%; West Savannah  Ncpc (GA) 1%,1,0.006329113924050633,157,12,12,145,0.9235668789808917,0.5630764197856722,841.4970370370368,785.9648437499999,116.9343949044586,1.0,0.9556962025316456,1.0,1.0,,,,,,,,,1.0,1.0,9,True,misshipping
msbd_2w,msbd_su,2,368251,"Four-leaf Clover Overseas Trading Co., Limited SC 29927",282852,"Four-leaf Clover Overseas Trading Co., Limited","CA,SC",2,APS Home Improvement,Asia Supplier Service Desk,SC,Hardeeville,29927,323 Industrial Court,SAVANNAH LOCAL,GA,31408,157,3,3,0.01910828025477707,0,0.0,0,0.0,0,0.0,0,0.0,3,0.01910828025477707,0,0.0,,,0,0,,1,Rialto (CA) 2%,3,0.01910828025477707,149,5,5,149,0.9675324675324676,-2.082706256921373,766.9936000000001,777.5380952380953,85.69155844155843,1.0,0.8662420382165601,1.0,0.3333333333333333,,,,,,,,,1.0,0.3333333333333333,3,True,misshipping
msbd_2w,msbd_su,2,490934,wuhanminganxinnuodianzishangwuyouxiangongsi NJ 08831,273186,wuhanminganxinnuodianzishangwuyouxiangongsi,"CA,IL,KS,NJ,NY",5,APS Decor,Asia Supplier Service Desk,NJ,Monroe,08831,117 Interstate Blvd,PRINCETON,NJ,8810,157,3,70,0.445859872611465,0,0.0,0,0.0,0,0.0,0,0.0,70,0.445859872611465,0,0.0,,,0,0,,4,Chino (CA) 29%; Los Angeles (CA) 13%; South Chicago (IL) 1%; Diamond Bar Rsf (CA) 1%,20,0.12738853503184713,128,109,99,38,0.2773722627737226,-1.6830473560389712,814.1946564885498,1954.525925925925,1975.0595588235299,0.7643312101910832,0.286624203821656,0.914285714285714,0.3142857142857144,,,,,,,,,0.914285714285714,0.3142857142857144,70,True,misshipping
msbd_2w,msbd_su,2,515765,MS-USNJ00,295478,Trading Sizzle Inc,"CA,GA,NJ,TX",4,APS Upholstery,Blair-Yaqing Gong,NJ,Pemberton,08068,200 S Pemberton Rd,CAMDEN,NJ,8007,157,3,15,0.09554140127388536,0,0.0,7,0.044585987261146494,2,0.012738853503184714,0,0.0,6,0.03821656050955414,0,0.0,,,0,0,,2,South Rialto - Ncpc (CA) 3%; South Atlanta Ncpc (GA) 1%,3,0.01910828025477707,135,43,25,129,0.8376623376623377,-0.19979867400982723,881.3603448275863,865.6675,463.8639455782311,0.9426751592356688,0.7898089171974517,0.9333333333333332,0.7333333333333334,,,0.8571428571428572,1.0,1.0,0.5,,,1.0,0.5,15,True,misshipping
msbd_2w,msbd_su,2,431884,谷仓LA-25[洛杉矶25号仓],361597,"Linyi Guangqi Furniture Co., Ltd","CA,GA,NJ,PA,TX",5,APS AEOF,Ivy Mao,CA,Bloomington,92316,C/O 11260 Cedar Ave,WEST RIALTO,CA,92316,156,3,23,0.14743589743589744,0,0.0,0,0.0,1,0.00641025641025641,0,0.0,22,0.14102564102564102,0,0.0,,,0,0,,1,South Houston (TX) 14%,13,0.08333333333333333,143,25,25,118,0.8251748251748252,0.2784221427047606,1649.122834645669,1540.8639639639644,273.3314685314686,0.9294871794871793,0.5064102564102563,1.0,0.0,,,,,1.0,0.0,,,1.0,0.0,23,True,misshipping
msbd_2w,msbd_su,2,37259,Hardware Resources GA 30519,15825,Hardware Resources,"CA,GA,IL,PA,TX",5,Hardware,Matt Bartolucci,GA,Buford,30519,2323 Brown Road,BRASELTON,GA,30517,156,3,21,0.1346153846153846,0,0.0,0,0.0,0,0.0,0,0.0,21,0.1346153846153846,0,0.0,,,0,0,,3,North Fort Worth (TX) 8%; Carol Stream (IL) 5%; Carlisle (PA) 1%,21,0.1346153846153846,59,58,47,88,0.6518518518518519,-0.2576735362727847,399.57586206896553,421.424347826087,290.06893939393933,0.8910256410256412,0.5705128205128205,1.0,0.6190476190476192,,,,,,,,,1.0,0.6190476190476192,21,True,misshipping
msbd_2w,msbd_su,2,276076,Naomi Home CA 90810,46174,Naomi Home,"CA,FL,KY,NC,TX,WA",6,Upholstery,Alaina Phelan,CA,CARSON,90810,2850 E El Presidio Street,CARSON,CA,90746,156,3,2,0.01282051282051282,0,0.0,0,0.0,0,0.0,0,0.0,2,0.01282051282051282,0,0.0,,,0,0,,1,Medley (FL) 1%,2,0.01282051282051282,2,2,2,152,0.987012987012987,0.42184462000372047,1714.5879032258067,1704.8720930232562,36.81216216216215,0.9871794871794871,0.6217948717948716,0.0,1.0,,,,,,,,,0.0,1.0,2,True,misshipping
msbd_2w,msbd_su,2,295788,GOLD TREE INC. CLN1,89780,GOLD TREE INC.,"CA,GA,NJ,PA",4,APS,Qiwen Fan,CA,Rancho Cucamonga,91730,9678 Utica Ave.,WEST RIALTO,CA,92316,156,3,11,0.07051282051282051,0,0.0,3,0.019230769230769232,1,0.00641025641025641,0,0.0,7,0.04487179487179487,0,0.0,,,0,0,,2,Braselton (GA) 4%; Robbinsville (NJ) 1%,9,0.057692307692307696,142,12,12,135,0.9183673469387755,0.7708315190138395,1090.9160305343505,891.4696000000001,195.6985915492958,0.8012820512820512,0.5064102564102559,1.0,0.7272727272727272,,,1.0,1.0,1.0,1.0,,,1.0,0.5714285714285714,11,True,misshipping
msbd_2w,msbd_su,2,255274,Cozayh LLC GA 31326,57235,Cozayh LLC,"CA,GA,NJ",3,APS,Ricky Yu,GA,Rincon,31326,1009 Gateway Parkway,SAVANNAH LOCAL,GA,31408,155,3,4,0.025806451612903226,0,0.0,0,0.0,2,0.012903225806451613,0,0.0,2,0.012903225806451613,0,0.0,,,0,0,,2,Rancho Cucamonga Ncpc (CA) 1%; Rialto (CA) 1%,9,0.05806451612903226,144,6,5,141,0.9657534246575342,-0.6044350580781416,875.5335999999999,876.8280991735539,48.83986013986014,0.9806451612903223,0.8645161290322577,1.0,0.75,,,,,1.0,1.0,,,1.0,0.5,4,True,misshipping
msbd_2w,msbd_su,2,222505,COPE-Los Angeles,212725,Yantai Luoming Xinxijishu Youxiangongsi,"CA,GA,IL,NJ,TX",5,APS Bedroom,Wendy Wang,CA,Fontana,92337,13052 Jurupa Ave,WEST RIALTO,CA,92316,155,3,19,0.12258064516129032,0,0.0,0,0.0,1,0.0064516129032258064,0,0.0,18,0.11612903225806452,0,0.0,,,0,0,,8,Baytown (TX) 3%; West Savannah  Ncpc (GA) 3%; South Houston (TX) 2%; Spring (TX) 1%; Houston (TX) 1%,7,0.04516129032258064,112,29,29,119,0.8040540540540541,-0.1777442453937086,1192.5804687499997,1135.6439655172412,400.108108108108,0.9161290322580641,0.6193548387096769,0.8421052631578946,0.6842105263157895,,,,,1.0,0.0,,,0.8333333333333331,0.7222222222222223,19,True,misshipping
msbd_2w,msbd_su,2,465347, USSAV03,116865,Huizhou Zhelin Furniture Co Ltd,"CA,GA,NJ",3,APS K&D,Evie Li,GA,Bloomingdale ,31302,651 Bloomingdale Rd,SAVANNAH LOCAL,GA,31408,155,3,28,0.18064516129032257,7,0.04516129032258064,0,0.0,5,0.03225806451612903,0,0.0,16,0.1032258064516129,2,0.6666666666666666,2026-08-09: 6; 2026-08-16: 1,Richmond Hill Ncpc (GA) 5%,0,0,,2,East Brunswick (NJ) 6%; Chino Hills Ncpc (CA) 5%,7,0.04516129032258064,146,47,48,100,0.6756756756756757,0.008701895750811473,664.1468965517238,690.3531914893617,400.4705479452055,0.7225806451612901,0.632258064516129,0.8928571428571426,0.5357142857142857,0.7142857142857143,0.4285714285714286,,,1.0,0.4,,,0.9374999999999999,0.625,28,True,misshipping
msbd_2w,msbd_su,2,46573,Z Line Kitchen TN 38317,17240,Z Line Kitchen,"NV,OH,TN",3,Appliances,Laura Palejwala,TN,Bruceton,38317,427 ROWLAND MILL RD,HUMBOLDT,TN,38343,154,3,11,0.07142857142857142,0,0.0,0,0.0,0,0.0,0,0.0,11,0.07142857142857142,0,0.0,,,0,0,,2,Reno (NV) 6%; East Columbus (OH) 1%,5,0.032467532467532464,50,50,50,99,0.6644295302013423,0.6167284774676044,1022.3750000000001,623.0746478873239,646.9391891891892,0.9675324675324675,0.7987012987012981,1.0,1.0,,,,,,,,,1.0,1.0,11,True,misshipping
msbd_2w,msbd_su,2,104550,shenzhenshi zhiaokeji youxiangongsi CA 91761,101372,shenzhenshi zhiaokeji youxiangongsi,"CA,NJ",2,APS,Asia Supplier Service Desk,CA,Ontario,91761,801 S Dupont Ave ste A,CHINO LOCAL,CA,91710,153,3,3,0.0196078431372549,0,0.0,0,0.0,1,0.006535947712418301,0,0.0,2,0.013071895424836602,0,0.0,,,0,0,,1,Woodbridge (NJ) 1%,23,0.1503267973856209,130,4,4,126,0.9692307692307692,0.16082699697417233,1900.0258333333331,1898.6336448598124,65.00999999999998,0.8235294117647058,0.45098039215686275,0.33333333333333337,0.33333333333333337,,,,,0.0,0.0,,,0.5,0.5,3,True,misshipping
msbd_2w,msbd_su,2,366490,"Shenzhen Laiwo Trading Co., Ltd. CA 91748",65593,"Shenzhen Laiwo Trading Co., Ltd.","CA,GA,IL,NJ,PA,TX,WA",7,APS K&D,Stella Yin,CA,City of Industry,91748,18450 East Gale Avenue,INDUSTRY,CA,91789,152,3,2,0.013157894736842105,0,0.0,0,0.0,0,0.0,0,0.0,2,0.013157894736842105,0,0.0,,,0,0,,2,Richmond Hill Ncpc (GA) 1%; Lehigh Valley (PA) 1%,7,0.046052631578947366,145,3,3,142,0.9793103448275862,-0.7973438791290258,999.0351145038165,1023.1862903225805,72.74344827586206,0.9736842105263157,0.7763157894736842,1.0,0.5,,,,,,,,,1.0,0.5,2,True,misshipping
msbd_2w,msbd_su,2,357221,Espiron Optimum Inc NJ 07036,296653,Espiron Optimum Inc,"CA,GA,IL,NJ,TX",5,Casegoods,Supplier Service Desk,NJ,Linden,07036,500 Linden Logistics Wy ,LINDEN,NJ,7036,152,3,13,0.08552631578947369,0,0.0,0,0.0,0,0.0,0,0.0,13,0.08552631578947369,0,0.0,,,0,0,,6,Rancho Cucamonga Ncpc (CA) 3%; West Savannah  Ncpc (GA) 2%; Chino (CA) 2%; Richmond Hill Ncpc (GA) 1%; Chino Hills Ncpc (CA) 1%,4,0.02631578947368421,146,61,54,94,0.6351351351351351,-2.058833131069129,365.78021978021974,947.5311111111107,785.335616438356,1.0,0.6513157894736842,1.0,0.3076923076923077,,,,,,,,,1.0,0.3076923076923077,13,True,misshipping
msbd_2w,msbd_su,2,207641,Journey ClassArt LLC TX 77048,206225,Journey ClassArt LLC,"CA,GA,NJ,TX",4,APS Other,Amber Xiang,TX,Houston,77048,13930 Journey Rd. #200 ,SOUTH HOUSTON,TX,77075,151,3,38,0.25165562913907286,0,0.0,1,0.006622516556291391,2,0.013245033112582781,0,0.0,35,0.23178807947019867,0,0.0,,,0,0,,9,Rialto (CA) 14%; Arcadia (CA) 2%; Oceanside (CA) 2%; Rancho Cucamonga Ncpc (CA) 1%; West Rialto (CA) 1%,9,0.059602649006622516,115,78,75,67,0.47183098591549294,-1.0636868106667652,742.6474747474745,1309.8344262295086,779.7877697841727,0.7880794701986753,0.456953642384106,0.7631578947368419,0.2105263157894737,,,0.0,1.0,0.5,0.5,,,0.7999999999999999,0.17142857142857143,38,True,misshipping
msbd_2w,msbd_su,2,243717,Fiskars NJ 07719,1700,Fiskars,"IN,NJ",2,PG Housewares,Ellie Fader,NJ,Wall,07719,1330 Campus Parkway,PRINCETON,NJ,8810,151,3,17,0.11258278145695365,0,0.0,0,0.0,0,0.0,0,0.0,17,0.11258278145695365,0,0.0,,,0,0,,1,Louisville (IN) 11%,25,0.16556291390728478,21,21,21,105,0.8333333333333334,0.32321987128692115,1297.7059829059829,1215.421,120.73306451612898,0.721854304635762,0.5099337748344369,0.0,0.058823529411764705,,,,,,,,,0.0,0.058823529411764705,17,True,misshipping
msbd_2w,msbd_su,2,329401,"Anji Guyou Furniture Co.,Ltd GA 31407",216580,"Anji Guyou Furniture Co.,Ltd","CA,GA,PA,TX",4,APS,Carl Li,GA,Port Wentworth,31407,302 International Trade Pkwy,SAVANNAH LOCAL,GA,31408,151,3,4,0.026490066225165563,0,0.0,2,0.013245033112582781,0,0.0,0,0.0,2,0.013245033112582781,0,0.0,,,0,0,,1,Lehigh Valley (PA) 1%,4,0.026490066225165563,143,7,7,140,0.9523809523809523,-0.18765954127490003,710.2702290076336,686.1341085271317,36.74583333333332,0.9801324503311256,0.8278145695364237,1.0,1.0,,,1.0,1.0,,,,,1.0,1.0,4,True,misshipping
msbd_2w,msbd_su,2,461212,LHLYCLXLighting.LLC WPCHI4/60431,78023,LHLYCLX Lighting.LLC,"CA,GA,IL,NJ,PA,TX",6,APS Bedroom,Noemi Tang,IL,Joliet,60431,4050 Rock Creek Boulevard,SOUTH CHICAGO,IL,60446,150,3,3,0.02,0,0.0,0,0.0,0,0.0,0,0.0,3,0.02,0,0.0,,,0,0,,2,Rancho Cucamonga Ncpc (CA) 1%; Savannah (GA) 1%,5,0.03333333333333333,143,3,3,142,0.9793103448275862,-0.1549637268021865,348.2496551724139,346.67013888888897,34.09300699300701,1.0,0.873333333333333,1.0,0.6666666666666666,,,,,,,,,1.0,0.6666666666666666,3,True,misshipping
msbd_2w,msbd_su,2,357282,Ober International Trade INC. NJ 08618,245979,Ober International Trade INC.,"AL,CA,GA,NJ",4,Casegoods,Prisha Mark,NJ,Ewing Township,08638,200 Ludlow Dr,ROBBINSVILLE,NJ,8691,150,3,5,0.03333333333333333,0,0.0,1,0.006666666666666667,0,0.0,0,0.0,4,0.02666666666666667,0,0.0,,,0,0,,2,Richmond Hill Ncpc (GA) 2%; Chino Hills Ncpc (CA) 1%,6,0.04,7,7,5,139,0.9652777777777778,0.5592451667082385,460.396875,415.88958333333346,47.23873239436619,0.9866666666666668,0.9000000000000001,1.0,1.0,,,1.0,1.0,,,,,1.0,1.0,5,True,misshipping
msbd_2w,msbd_su,2,277641,WuYouDa - NJ04 08872,63465,"Ningbo Youyuan Import and Export Co., Ltd.","CA,GA,IL,NJ,NY,PA,TX",7,APS Home Improvement,Nicole Sun,NJ, PARLIN,08859,99 Callahan Blvd,EAST BRUNSWICK,NJ,8816,149,3,6,0.040268456375838924,0,0.0,0,0.0,1,0.006711409395973154,0,0.0,5,0.03355704697986577,0,0.0,,,0,0,,2,Chino Hills Ncpc (CA) 3%; Richmond Hill Ncpc (GA) 1%,8,0.053691275167785234,23,12,9,132,0.9361702127659575,-0.2695024755360259,674.6653061224489,698.88829787234,110.05460992907808,0.8657718120805366,0.771812080536913,1.0,0.6666666666666667,,,,,1.0,0.0,,,1.0,0.8,6,True,misshipping
msbd_2w,msbd_su,2,496768,Shenzhen Like Keji Youxiangongsi TX 77521,62368,Shenzhen Like Keji Youxiangongsi,"CA,GA,NJ,PA,TX",5,APS Bedroom,Lydia Liu,TX,Baytown,77521,9120 Interstate 10 East,BAYTOWN,TX,77521,149,3,24,0.1610738255033557,0,0.0,0,0.0,1,0.006711409395973154,0,0.0,23,0.15436241610738255,0,0.0,,,0,0,,7,West Savannah  Ncpc (GA) 7%; Los Angeles (CA) 3%; Woodbridge (NJ) 2%; Richmond Hill Ncpc (GA) 1%; Rancho Cucamonga Ncpc (CA) 1%,3,0.020134228187919462,27,25,25,121,0.8287671232876712,0.10275416124476447,682.0922535211265,665.8586956521738,212.82965517241388,0.9328859060402682,0.7315436241610741,0.7500000000000001,0.7500000000000001,,,,,1.0,1.0,,,0.7391304347826086,0.7391304347826086,24,True,misshipping
msbd_2w,msbd_su,2,357232,Espiron Optimum Inc TX 77047,296653,Espiron Optimum Inc,"CA,GA,IL,NJ,TX",5,Casegoods,Supplier Service Desk,TX,Houston,77047 ,14650 Levey Lane,SOUTH HOUSTON,TX,77075,149,3,21,0.14093959731543623,0,0.0,0,0.0,6,0.040268456375838924,0,0.0,15,0.10067114093959731,0,0.0,,,0,0,,10,South Rialto - Ncpc (CA) 2%; West Savannah  Ncpc (GA) 1%; Santa Fe Springs (CA) 1%; Chino (CA) 1%; Rancho Cucamonga Ncpc (CA) 1%,3,0.020134228187919462,50,47,45,101,0.6917808219178082,-0.5787914237903699,800.4366972477063,1094.3327272727274,444.2709219858156,0.9865771812080537,0.664429530201342,1.0,0.42857142857142855,,,,,1.0,0.5,,,1.0,0.39999999999999997,21,True,misshipping
msbd_2w,msbd_su,2,352273,"Ningbo Chuangjiuyi Technology Co., Ltd CA 91730",86525,"Ningbo Chuangjiuyi Technology Co., Ltd","CA,GA,NJ,NY",4,APS Upholstery,Estrella Wang,CA,Rancho Cucamonga,91730,8535 A Oakwood pl,WEST RIALTO,CA,92316,148,3,2,0.013513513513513514,0,0.0,0,0.0,0,0.0,0,0.0,2,0.013513513513513514,0,0.0,,,0,0,,1,Austell (GA) 1%,2,0.013513513513513514,145,2,2,144,0.9863013698630136,0.6175764201881888,632.4950000000003,624.6971223021584,35.43172413793104,0.9729729729729728,0.7162162162162161,1.0,0.0,,,,,,,,,1.0,0.0,2,True,misshipping
msbd_2w,msbd_su,2,452747,dingli technology inc TX 77477,103798,dingli technology inc,"CA,GA,PA,TX",4,APS Home Improvement,Xuling Zhang,TX,Stafford,77477,12855 S Kirkwood Rd Ste 300,SUGAR LAND,TX,77489,148,3,11,0.07432432432432433,0,0.0,0,0.0,0,0.0,0,0.0,11,0.07432432432432433,0,0.0,,,0,0,,3,Chino (CA) 6%; Fairless Hills (PA) 1%; King Of Prussia (PA) 1%,2,0.013513513513513514,14,14,14,132,0.9041095890410958,-1.315519341881992,812.9717557251906,927.5584615384613,154.92000000000004,1.0,0.8513513513513512,1.0,0.18181818181818182,,,,,,,,,1.0,0.18181818181818182,11,True,misshipping
msbd_2w,msbd_su,2,213127,XCO-GA warehouse,94983,PARKERWELL INC,"CA,GA,NJ,TX",4,APS Outdoor,Amber Xiang,GA,Buford,30518,2105 Buford Highway,BRASELTON,GA,30517,148,3,29,0.19594594594594594,0,0.0,2,0.013513513513513514,4,0.02702702702702703,0,0.0,23,0.1554054054054054,0,0.0,,,0,0,,9,Rialto (CA) 7%; Sugar Land (TX) 2%; Chino Hills Ncpc (CA) 1%; South Houston (TX) 1%; Rancho Cucamonga Ncpc (CA) 1%,8,0.05405405405405406,117,74,49,91,0.65,-1.7951359234263313,722.2180180180179,1052.007142857143,660.3137681159423,0.9459459459459458,0.6283783783783784,1.0,0.517241379310345,,,1.0,1.0,1.0,1.0,,,1.0,0.391304347826087,29,True,misshipping
msbd_2w,msbd_su,2,99089,Chengdushi Fengteng Technology Co Ltd NJ 08831,97940,Chengdushi Fengteng Technology Co Ltd,"CA,GA,IL,NJ,TX",5,APS Home Improvement,Asia Supplier Service Desk,NJ,Burlington,08016,1620 River Road (door 9-46),ROBBINSVILLE,NJ,8691,148,3,3,0.02027027027027027,0,0.0,1,0.006756756756756757,0,0.0,0,0.0,2,0.013513513513513514,0,0.0,,,0,0,,1,West Savannah  Ncpc (GA) 1%,2,0.013513513513513514,144,5,4,142,0.9726027397260274,0.6657695586096807,516.3656565656566,483.34599999999983,64.26853146853146,0.9121621621621618,0.7432432432432435,1.0,0.6666666666666666,,,1.0,1.0,,,,,1.0,0.5,3,True,misshipping
msbd_2w,msbd_su,2,365179,Central Power International Limited LLC CA 91748,348962,Central Power International Limited LLC,"CA,GA,IL,NJ,PA,TX",6,APS K&D,Hannah Guan,CA,Industry,91748,18450 East Gale Avenue,INDUSTRY,CA,91789,147,3,9,0.061224489795918366,0,0.0,0,0.0,0,0.0,0,0.0,9,0.061224489795918366,0,0.0,,,0,0,,4,East Brunswick (NJ) 3%; Baytown (TX) 1%; Richmond Hill Ncpc (GA) 1%; Savannah (GA) 1%,3,0.02040816326530612,143,13,13,131,0.9097222222222222,-0.22796801107655815,1180.4023437499998,1083.0104838709672,237.69714285714275,0.9523809523809527,0.612244897959184,0.7777777777777778,0.4444444444444444,,,,,,,,,0.7777777777777778,0.4444444444444444,9,True,misshipping
msbd_2w,msbd_su,2,269483,COPE GA-SAV01,88120,LINYA OUTDOOR LIVING LLC,"CA,GA,NJ,TX",4,APS Home Improvement,Danica Guo,GA,Savannah,31405,125 Feldspar Dr,SAVANNAH LOCAL,GA,31408,146,3,13,0.08904109589041095,0,0.0,5,0.03424657534246575,3,0.02054794520547945,0,0.0,5,0.03424657534246575,0,0.0,,,0,0,,3,Woodbridge (NJ) 1%; Camden (NJ) 1%; Chino (CA) 1%,4,0.0273972602739726,142,17,17,125,0.8802816901408451,0.35447697925815147,642.8666666666669,593.8657407407405,88.68450704225353,0.9315068493150686,0.6575342465753425,0.923076923076923,0.5384615384615384,,,1.0,1.0,0.6666666666666666,0.33333333333333337,,,1.0,0.2,13,True,misshipping
msbd_2w,msbd_su,2,470365,RefinedKind Pet Products KS 66021,1353,RefinedKind Pet Products (The Refined Feline),"CA,KS,OH",3,Pet,Alyssa Haniff,KS,Edgerton,66021,18905 Kill Creek Road,OLATHE,KS,66062,146,3,5,0.03424657534246575,0,0.0,1,0.00684931506849315,1,0.00684931506849315,0,0.0,3,0.02054794520547945,0,0.0,,,0,0,,1,Diamond Bar Rsf (CA) 2%,3,0.02054794520547945,5,5,5,138,0.965034965034965,0.4244115381235491,1015.4056451612898,995.3663934426229,44.04125874125873,0.9794520547945204,0.6849315068493151,0.8,0.2,,,0.0,0.0,1.0,0.0,,,1.0,0.33333333333333337,5,True,misshipping
msbd_2w,msbd_su,2,41273,Comfort Research UT84337,208,Comfort Research,"NC,TN,UT",3,Upholstery,Alaina Phelan,UT,Tremonton,84337,350 West 1000 North,LOGAN,UT,84321,145,3,8,0.05517241379310345,0,0.0,0,0.0,0,0.0,0,0.0,8,0.05517241379310345,0,0.0,,,0,0,,1,Murfreesboro (TN) 6%,4,0.027586206896551724,15,15,15,126,0.8936170212765957,0.7034775840364117,973.7880733944954,871.2174757281555,175.8297872340425,0.9586206896551724,0.7586206896551727,1.0,1.0,,,,,,,,,1.0,1.0,8,True,misshipping
msbd_2w,msbd_su,2,509099,Vornado KS 67002,19852,Vornado,"GA,KS",2,Appliances,Julia Wunderlin,KS,Andover,67002,415 E. 13th St.,WICHITA,KS,67226,145,3,18,0.12413793103448276,0,0.0,0,0.0,0,0.0,0,0.0,18,0.12413793103448276,0,0.0,,,0,0,,2,Savannah (GA) 12%; Savannah Local (GA) 1%,33,0.22758620689655173,110,110,110,2,0.017857142857142856,-0.36510492881340667,1190.2300000000002,1713.4471698113211,1209.269090909091,0.4758620689655172,0.4,0.5555555555555556,0.5,,,,,,,,,0.5555555555555556,0.5,18,True,misshipping
msbd_2w,msbd_su,2,37261,Hardware Resources CA 91761,15825,Hardware Resources,"CA,GA,IL,PA,TX",5,Hardware,Matt Bartolucci,CA,Ontario,91761,1040 S Vintage Ave B,CHINO LOCAL,CA,91710,144,3,6,0.041666666666666664,0,0.0,0,0.0,0,0.0,0,0.0,6,0.041666666666666664,0,0.0,,,0,0,,1,North Fort Worth (TX) 4%,4,0.027777777777777776,140,16,17,123,0.8785714285714286,-1.2372967430163484,490.70359712230214,550.9507936507931,160.16928571428576,0.9652777777777779,0.6736111111111116,0.8333333333333334,0.5,,,,,,,,,0.8333333333333334,0.5,6,True,misshipping
msbd_2w,msbd_su,2,361298,US FAST LLC CA 91702,77540,US FAST LLC,"CA,NJ",2,APS Home Improvement,Aria LI,CA,Azusa,91702,1025 N Todd Ave,ARCADIA,CA,91006,144,3,7,0.04861111111111111,0,0.0,0,0.0,0,0.0,0,0.0,7,0.04861111111111111,0,0.0,,,0,0,,2,East Brunswick (NJ) 3%; Woodbridge (NJ) 1%,2,0.013888888888888888,27,8,8,134,0.9436619718309859,0.18138924237593373,1610.2504504504507,1592.9345132743365,160.99858156028367,0.9652777777777779,0.7916666666666664,1.0,1.0,,,,,,,,,1.0,1.0,7,True,misshipping
msbd_2w,msbd_su,2,342001,zhengzhoushirupiaodianzishangwuyouxiangongsi CA 92337,339120,zhengzhoushirupiaodianzishangwuyouxiangongsi,"CA,GA,NJ,PA,TX",5,Casegoods,Lydia Liu,CA,Fontana,92337,13083 Slover Ave,WEST RIALTO,CA,92316,144,3,2,0.013888888888888888,0,0.0,0,0.0,0,0.0,0,0.0,2,0.013888888888888888,0,0.0,,,0,0,,2,East Brunswick (NJ) 1%; Woodbridge (NJ) 1%,3,0.020833333333333332,139,5,5,136,0.9645390070921985,0.7804422174601351,1357.7871794871799,1263.379807692307,114.88714285714288,0.9513888888888888,0.5625,1.0,0.5,,,,,,,,,1.0,0.5,2,True,misshipping
msbd_2w,msbd_su,2,225905,"YIWU WENTOU IMPORTEXPORT CO.,LTD CA-GL CA 91761",91104,"YIWU WENTOU IMPORT&EXPORT CO.,LTD","CA,GA",2,APS Outdoor,Qiwen Fan,CA,Montclair,91763,4039 State Street,INDUSTRY,CA,91789,143,3,6,0.04195804195804196,0,0.0,3,0.02097902097902098,0,0.0,0,0.0,3,0.02097902097902098,0,0.0,,,0,0,,1,South Atlanta Ncpc (GA) 2%,7,0.04895104895104895,56,6,6,130,0.9558823529411765,0.672899239557639,1696.875892857143,1611.7875000000006,87.86029411764706,0.9650349650349651,0.7692307692307693,1.0,1.0,,,1.0,1.0,,,,,1.0,1.0,6,True,misshipping
msbd_2w,msbd_su,2,372775,"Shenzhenshi Meijiajia Technology Co., Ltd NJ 08817",277710,"Shenzhenshi Meijiajia Technology Co., Ltd","CA,GA,NJ,PA,SC,TX",6,APS Home Improvement,Aria Yao,NJ, Edison,08817,300 Cedar Lane Suite B,WOODBRIDGE LOCAL,NJ,8832,143,3,8,0.055944055944055944,0,0.0,0,0.0,1,0.006993006993006993,0,0.0,7,0.04895104895104895,0,0.0,,,0,0,,4,Richmond Hill Ncpc (GA) 2%; West Savannah  Ncpc (GA) 1%; Savannah (GA) 1%; South Rialto - Ncpc (CA) 1%,4,0.027972027972027972,139,34,11,128,0.920863309352518,-0.3514526856833726,554.5358974358974,599.1223684210524,106.74565217391303,0.8811188811188809,0.6783216783216782,0.875,0.625,,,,,1.0,1.0,,,0.8571428571428572,0.5714285714285714,8,True,misshipping
msbd_2w,msbd_su,2,358845,"Shenzhen Litian Technology Co., Ltd SC 29927",254999,"Shenzhen Litian Technology Co., Ltd","CA,GA,NJ,PA,SC,TX",6,APS Home Improvement,Nicole Sun,SC,Hardeeville,29927,856 Prospect Blvd Building 7,SAVANNAH LOCAL,GA,31408,143,3,14,0.0979020979020979,0,0.0,7,0.04895104895104895,3,0.02097902097902098,0,0.0,4,0.027972027972027972,0,0.0,,,0,0,,2,Metuchen (NJ) 1%; Fairless Hills (PA) 1%,16,0.11188811188811189,126,24,24,103,0.8110236220472441,0.19127240566626547,585.0377049180325,573.8138888888892,78.40314960629924,0.5734265734265732,0.6293706293706292,0.7857142857142856,0.7142857142857143,,,1.0,0.8571428571428572,0.0,0.3333333333333333,,,1.0,0.75,14,True,misshipping
msbd_2w,msbd_su,2,444304,"Hangzhou Mucheng International Trade Co., Ltd GA 30517",132375,"Hangzhou Mucheng International Trade Co., Ltd","CA,GA,NJ,TX",4,APS Outdoor,Qiwen Fan,GA,Braselton,30517,"370 Jesse Cronic Rd, ",BRASELTON,GA,30517,142,3,2,0.014084507042253521,0,0.0,0,0.0,0,0.0,0,0.0,2,0.014084507042253521,0,0.0,,,0,0,,2,South Rialto - Ncpc (CA) 1%; East Brunswick (NJ) 1%,2,0.014084507042253521,128,118,2,138,0.9857142857142858,0.13046177542012793,772.6482456140349,757.9221052631577,151.18057553956828,1.0,0.9084507042253521,1.0,0.5,,,,,,,,,1.0,0.5,2,True,misshipping
msbd_2w,msbd_su,2,484135,AIVITUVIN INC IL 60502,70398,AIVITUVIN INC,"CA,GA,IL,NJ,TX",5,APS Pet,Regan Zou,IL,Aurora,60502,CO 4275 Ferry Rd,SOUTH CHICAGO,IL,60446,141,3,6,0.0425531914893617,0,0.0,4,0.028368794326241134,0,0.0,0,0.0,2,0.014184397163120567,0,0.0,,,0,0,,2,Houston (TX) 1%; East Brunswick (NJ) 1%,0,0.0,139,59,6,135,0.9574468085106383,0.36439059460692635,513.9530769230767,514.0080459770113,59.123571428571424,0.9929078014184395,0.7659574468085105,0.8333333333333334,0.16666666666666666,,,1.0,0.0,,,,,0.5,0.5,6,True,misshipping
msbd_2w,msbd_su,2,503870,USNJSR01,116865,Huizhou Zhelin Furniture Co Ltd,"CA,GA,NJ",3,APS K&D,Evie Li,NJ,Sayreville,08872,76 Callahan Blvd,EAST BRUNSWICK,NJ,8816,140,3,10,0.07142857142857142,0,0.0,6,0.04285714285714286,0,0.0,0,0.0,4,0.02857142857142857,0,0.0,,,0,0,,2,Richmond Hill Ncpc (GA) 2%; Chino Hills Ncpc (CA) 1%,5,0.03571428571428571,53,28,28,107,0.7925925925925926,0.42976952101779464,518.7892156862742,577.3841584158415,324.182962962963,0.9785714285714284,0.8071428571428573,1.0,0.6,,,1.0,0.33333333333333337,,,,,1.0,1.0,10,True,misshipping
msbd_2w,msbd_su,2,503738,Dongguanshipanhuakejiyouxiangongsi CA 92407,408410,Dongguanshipanhuakejiyouxiangongsi,"CA,GA,NJ",3,APS Home Improvement,Asia Supplier Service Desk,CA,San Bernardino,92407,17335 Glen Helen Pkwy,WEST RIALTO,CA,92316,139,3,9,0.06474820143884892,0,0.0,1,0.007194244604316547,0,0.0,0,0.0,8,0.05755395683453238,0,0.0,,,0,0,,1,Woodbridge (NJ) 6%,5,0.03597122302158273,131,9,9,125,0.9328358208955224,0.4879006218329904,1587.7222222222217,1488.309090909091,204.69083969465646,1.0,0.7697841726618706,1.0,1.0,,,1.0,1.0,,,,,1.0,1.0,9,True,misshipping
msbd_2w,msbd_su,2,357284,Ober International Trade INC. CA 92626,245979,Ober International Trade INC.,"AL,CA,GA,NJ",4,Casegoods,Prisha Mark,CA,Costa Mesa,92626,1683 Sunflower Ave,ANAHEIM,CA,92801,138,3,5,0.036231884057971016,0,0.0,3,0.021739130434782608,0,0.0,0,0.0,2,0.014492753623188406,0,0.0,,,0,0,,1,Richmond Hill Ncpc (GA) 1%,4,0.028985507246376812,7,5,5,129,0.9626865671641791,0.8944450083310179,1079.1758333333335,1024.7313559322035,70.83358208955222,0.9492753623188408,0.768115942028986,1.0,1.0,,,1.0,1.0,,,,,1.0,1.0,5,True,misshipping
msbd_2w,msbd_su,2,498093,Hermes and Fesius LLC TX 77423,69201,Hermes and Fesius LLC,"CA,GA,NJ,PA,TX",5,APS Outdoor,Amber Xiang,TX,Brookshire,77423,2062 Woods Road,HOUSTON LOCAL,TX,77433,138,3,13,0.09420289855072464,0,0.0,1,0.007246376811594203,0,0.0,0,0.0,12,0.08695652173913043,0,0.0,,,0,0,,8,Rancho Cucamonga Ncpc (CA) 2%; Richmond Hill Ncpc (GA) 2%; Savannah (GA) 1%; Fairless Hills (PA) 1%; Metuchen (NJ) 1%,8,0.057971014492753624,127,23,23,107,0.823076923076923,0.4872911226027946,707.5293103448276,676.0792792792795,239.99685039370075,0.8840579710144925,0.6956521739130432,0.7692307692307693,0.7692307692307692,,,1.0,1.0,,,,,0.75,0.75,13,True,misshipping
msbd_2w,msbd_su,2,352647,COMFY ZONE US IL 60517,63657,COMFY ZONE US LLC,"CA,GA,IL,NJ,TX",5,APS AEOF,Yolanda GUI,IL,Woodridge ,60517 ,1433 Internationale Pkwy ,MCCOOK,IL,60525,138,3,10,0.07246376811594203,0,0.0,0,0.0,1,0.007246376811594203,0,0.0,9,0.06521739130434782,0,0.0,,,0,0,,7,Richmond Hill Ncpc (GA) 1%; Houston (TX) 1%; Diamond Bar Rsf (CA) 1%; East Brunswick (NJ) 1%; Metuchen (NJ) 1%,14,0.10144927536231885,97,12,13,111,0.8951612903225806,0.12799874279671145,507.30325203252045,504.30849056603756,130.8617886178862,0.7391304347826086,0.5144927536231891,0.8999999999999999,0.8,,,,,1.0,1.0,,,0.8888888888888888,0.7777777777777778,10,True,misshipping
msbd_2w,msbd_su,2,276330,GuCang-NJ-11629,63465,"Ningbo Youyuan Import and Export Co., Ltd.","CA,GA,IL,NJ,NY,PA,TX",7,APS Home Improvement,Nicole Sun,NJ,Burlington,08016,1620 River Rd,ROBBINSVILLE,NJ,8691,137,3,9,0.06569343065693431,0,0.0,0,0.0,0,0.0,0,0.0,9,0.06569343065693431,0,0.0,,,0,0,,2,Niles (IL) 4%; Fairless Hills (PA) 2%,5,0.0364963503649635,125,86,19,113,0.8560606060606061,0.4477680532511245,489.6264705882352,534.3360000000001,169.1775193798449,0.8540145985401457,0.6788321167883213,1.0,0.7777777777777778,,,,,,,,,1.0,0.7777777777777778,9,True,misshipping
msbd_2w,msbd_su,2,37260,Hardware Resources IL 60136,15825,Hardware Resources,"CA,GA,IL,PA,TX",5,Hardware,Matt Bartolucci,IL,Gilberts,60136,70 Prairie Parkway,NORTH WHEELING,IL,60090,137,3,4,0.029197080291970802,0,0.0,0,0.0,0,0.0,0,0.0,4,0.029197080291970802,0,0.0,,,0,0,,1,North Fort Worth (TX) 3%,9,0.06569343065693431,127,33,25,103,0.8046875,-0.024299556156650748,356.75116279069766,432.0275862068967,219.9931623931625,0.7664233576642338,0.6350364963503651,1.0,0.5,,,,,,,,,1.0,0.5,4,True,misshipping
msbd_2w,msbd_su,2,460599,YUANJING ELECTRONIC TECHNOLOGY IL 60502,56998,"YUANJING ELECTRONIC TECHNOLOGY CO.,LIMITED","CA,GA,IL,NJ,TX",5,APS AEOF,Fiona Jiang,IL,Aurora,60502,1000 Bilter Road,SOUTH CHICAGO,IL,60446,137,3,2,0.014598540145985401,0,0.0,0,0.0,0,0.0,0,0.0,2,0.014598540145985401,0,0.0,,,0,0,,2,Richmond Hill Ncpc (GA) 1%; Diamond Bar Rsf (CA) 1%,0,0.0,96,28,8,129,0.9416058394160584,-0.3877259374629485,354.9716535433072,396.3060869565216,70.33676470588239,1.0,0.8832116788321166,1.0,0.0,,,,,,,,,1.0,0.0,2,True,misshipping
msbd_2w,msbd_su,2,46972,Kozyard CA 92336,38813,Kozyard,"CA,NJ",2,Outdoor Structures,Yun Yau,CA,Fontana,92336,7351 McGuire Ave,WEST RIALTO,CA,92316,137,3,3,0.021897810218978103,0,0.0,0,0.0,0,0.0,0,0.0,3,0.021897810218978103,0,0.0,,,0,0,,1,Woodbridge (NJ) 2%,27,0.19708029197080293,107,3,3,107,0.9727272727272728,0.8392672459660171,1210.0211382113814,1085.7755555555557,93.27289719626168,0.7737226277372262,0.6277372262773724,1.0,1.0,,,,,,,,,1.0,1.0,3,True,misshipping
msbd_2w,msbd_su,2,368506,TRINITY  INTERNATIONAL IL 60538,215836,TRINITY  INTERNATIONAL,"CA,GA,IL,NJ,TX",5,APS Bedroom,Wendy Wang,IL,Montgomery,60538,900 Knell Rd,SOUTH CHICAGO,IL,60446,137,3,3,0.021897810218978103,0,0.0,1,0.0072992700729927005,0,0.0,0,0.0,2,0.014598540145985401,0,0.0,,,0,0,,2,East Brunswick (NJ) 1%; West Savannah  Ncpc (GA) 1%,1,0.0072992700729927005,112,22,6,130,0.9558823529411765,-0.5115861422343357,394.9885245901638,412.6989473684211,66.22148148148148,0.9854014598540146,0.8832116788321169,0.6666666666666667,0.0,,,1.0,0.0,,,,,0.5,0.0,3,True,misshipping
msbd_2w,msbd_su,2,287099,Jinhuabaiweiyingtongyongpinyouxiangongsi CA 91730,287065,Jinhuabaiweiyingtongyongpinyouxiangongsi,"CA,GA,NJ,TX",4,Wayfair,Icey Wang,CA,Rancho Cucamonga,91730,9189 Utica Ave,WEST RIALTO,CA,92316,136,3,16,0.11764705882352941,0,0.0,7,0.051470588235294115,0,0.0,0,0.0,9,0.0661764705882353,0,0.0,,,0,0,,3,West Savannah  Ncpc (GA) 4%; Houston (TX) 2%; Richmond Hill Ncpc (GA) 1%,6,0.04411764705882353,129,19,19,111,0.8538461538461538,0.3001412242283125,1287.2556451612904,1148.8254237288133,351.54769230769244,0.7647058823529412,0.5955882352941178,0.75,0.1875,,,0.8571428571428572,0.28571428571428575,,,,,0.6666666666666666,0.1111111111111111,16,True,misshipping
msbd_2w,msbd_su,2,28486,IRIS USA WI 53158,1969,IRIS USA,"AZ,PA,TX,WI",4,Storage & Org - Frequency,Claire Przybocki,WI,Pleasant Prairie,53158,11111 80th Avenue,NORTH CHICAGO,IL,60030,136,3,2,0.014705882352941176,0,0.0,0,0.0,0,0.0,0,0.0,2,0.014705882352941176,0,0.0,,,0,0,,2,Mesquite (TX) 1%; North Phoenix (AZ) 1%,36,0.2647058823529412,20,20,10,90,0.9,0.1164859413286044,594.3765957446808,562.5949999999999,153.59444444444446,0.36764705882352955,0.48529411764705904,0.5,0.5,,,,,,,,,0.5,0.5,2,True,misshipping
msbd_2w,msbd_su,2,313305,"QUANZHOU PNICE HOME FURNISHING CO.,LTD CA 91730",312243,"QUANZHOU PNICE HOME FURNISHING CO.,LTD","CA,GA,NJ,TX",4,Wayfair,Asia Supplier Service Desk,CA,Highland,92346,7820 Victoria Avenue,WEST RIALTO,CA,92316,135,3,4,0.02962962962962963,0,0.0,0,0.0,0,0.0,0,0.0,4,0.02962962962962963,0,0.0,,,0,0,,2,Princeton (NJ) 2%; Robbinsville (NJ) 1%,2,0.014814814814814815,133,4,4,129,0.9699248120300752,0.800416025662294,915.1700787401575,851.6590551181106,99.9421052631579,0.9851851851851852,0.8518518518518516,1.0,1.0,,,,,,,,,1.0,1.0,4,True,misshipping
msbd_2w,msbd_su,2,456059,Gold Crest TX,716,California Umbrella,"CA,TX",2,Outdoor Furniture,Kate Schryver,TX,Carrollton ,75006,1101 Venture Ct,IRVING,TX,75062,135,3,2,0.014814814814814815,0,0.0,0,0.0,0,0.0,0,0.0,2,0.014814814814814815,0,0.0,,,0,0,,1,Rialto (CA) 1%,2,0.014814814814814815,2,2,2,131,0.9849624060150376,-0.9168151012651945,1092.1190476190475,1124.2476190476184,21.077862595419845,0.985185185185185,0.9555555555555555,1.0,0.5,,,,,,,,,1.0,0.5,2,True,misshipping
msbd_2w,msbd_su,2,414313,SLM Warehousing GA3 (Garden City),288386,"Hainan Chuangshiji Technology Co., Ltd","CA,GA,NJ,TX",4,APS Bedroom,Iris Sang,GA,Savannah,31407,150 Portside Ct,SAVANNAH LOCAL,GA,31408,135,3,15,0.1111111111111111,0,0.0,0,0.0,0,0.0,0,0.0,15,0.1111111111111111,0,0.0,,,0,0,,4,East Brunswick (NJ) 4%; Spring (TX) 4%; Rialto (CA) 2%; Oceanside (CA) 1%,7,0.05185185185185185,127,19,19,109,0.8515625,0.08185711220041526,475.20542635658927,416.75691056910557,178.73858267716537,0.9407407407407408,0.6740740740740738,0.9333333333333332,0.6666666666666666,,,,,,,,,0.9333333333333332,0.6666666666666666,15,True,misshipping
msbd_2w,msbd_su,2,338536,Zhongshan Kebaishi Electric Appliance CA 92337(2),92196,Zhongshan Kebaishi Electric Appliance Co Ltd,"CA,GA,NJ,TX",4,APS Home Improvement,Lydia Chen,CA,Fontana,92337,11281 CITRUS AVE,WEST RIALTO,CA,92316,134,3,4,0.029850746268656716,0,0.0,0,0.0,1,0.007462686567164179,0,0.0,3,0.022388059701492536,0,0.0,,,0,0,,1,Princeton (NJ) 2%,17,0.12686567164179105,108,6,6,111,0.9487179487179487,-2.14737191278211,1632.7629629629625,1720.820224719101,149.30521739130435,0.8507462686567164,0.5223880597014927,1.0,0.0,,,,,1.0,0.0,,,1.0,0.0,4,True,misshipping
msbd_2w,msbd_su,2,255167,Hongkong Youth Technology Limited GA 30519,255139,Hongkong Youth Technology Limited,"CA,GA",2,Wayfair,Asia Supplier Service Desk,GA,Buford,30519,2961 Gravel Springs Rd,BRASELTON,GA,30517,134,3,37,0.27611940298507465,2,0.014925373134328358,0,0.0,21,0.15671641791044777,0,0.0,14,0.1044776119402985,1,0.3333333333333333,2026-08-02: 2,Olive Branch (MS) 1%,0,0,,4,Rialto (CA) 4%; Rancho Cucamonga Ncpc (CA) 3%; Chino Hills Ncpc (CA) 2%; South Rialto - Ncpc (CA) 1%,3,0.022388059701492536,131,81,60,71,0.5419847328244275,-0.6440938426755067,742.4485148514852,926.9546391752579,563.6846153846153,0.6268656716417907,0.7164179104477614,0.37837837837837834,0.5945945945945945,0.0,1.0,,,0.04761904761904763,0.47619047619047616,,,0.9285714285714285,0.7142857142857143,37,True,misshipping
msbd_2w,msbd_su,2,432211,"Hainan Chuangshiji Technology Co., Ltd CA 92337",288386,"Hainan Chuangshiji Technology Co., Ltd","CA,GA,NJ,TX",4,APS Bedroom,Iris Sang,CA,Fontana,92337,16171 Slover Avenue,WEST RIALTO,CA,92316,134,3,6,0.04477611940298507,0,0.0,0,0.0,0,0.0,0,0.0,6,0.04477611940298507,0,0.0,,,0,0,,3,East Brunswick (NJ) 2%; Spring (TX) 1%; West Savannah  Ncpc (GA) 1%,7,0.05223880597014925,127,8,8,119,0.937007874015748,0.71124993364632,623.4921875,584.3966386554625,156.58897637795286,0.8955223880597016,0.6791044776119403,1.0,0.8333333333333334,,,,,,,,,1.0,0.8333333333333334,6,True,misshipping
msbd_2w,msbd_su,2,4003,Almo TX 75237,1730,Almo,"AZ,GA,MO,NV,OH,PA,TX,WI",8,Appliances,Julia Wunderlin,TX,Wilmer,75172,201 S Interstate 45 Service RD,DALLAS LOCAL,TX,75141,133,3,3,0.022556390977443608,0,0.0,0,0.0,0,0.0,0,0.0,3,0.022556390977443608,0,0.0,,,0,0,,2,North Milwaukee (WI) 2%; Reno (NV) 1%,3,0.022556390977443608,129,4,4,126,0.9692307692307692,0.33984336366424006,754.432,776.931531531532,41.73953488372093,0.9022556390977445,0.5939849624060152,1.0,0.6666666666666666,,,,,,,,,1.0,0.6666666666666666,3,True,misshipping
msbd_2w,msbd_su,2,229050,IMPERIAL HOMEWARE LONDON LIMITED NJ 08534,228805,IMPERIAL HOMEWARE LONDON LIMITED,"NJ,TX",2,Wayfair,Supplier Service Desk,NJ,Pennington,08534,55 Route 31 S ,ROBBINSVILLE,NJ,8691,132,3,19,0.14393939393939395,0,0.0,0,0.0,0,0.0,0,0.0,19,0.14393939393939395,0,0.0,,,0,0,,1,South Houston (TX) 14%,5,0.03787878787878788,44,44,44,83,0.6535433070866141,-0.35993112040154956,549.6382022471911,659.0850746268655,547.851968503937,0.8333333333333331,0.5075757575757577,0.9473684210526314,0.5263157894736843,,,,,,,,,0.9473684210526314,0.5263157894736843,19,True,misshipping
msbd_2w,msbd_su,2,436122,shenzhen haileyikejiyouxiangongsi TX 77429,229949,"Guangxi Chaotuo International Trade Co., Ltd","CA,NJ,TX",3,APS Mattresses,Checky Yi,TX,Cypress,77429,14402 Fallbrook Dr Suite 290,HOUSTON LOCAL,TX,77433,132,3,4,0.030303030303030304,0,0.0,1,0.007575757575757576,1,0.007575757575757576,0,0.0,2,0.015151515151515152,0,0.0,,,0,0,,1,Rancho Cucamonga Ncpc (CA) 2%,2,0.015151515151515152,129,8,10,120,0.9230769230769231,-0.29116593730135815,808.7326530612246,859.2970873786406,90.85038759689924,0.9924242424242423,0.7196969696969702,1.0,0.5,,,1.0,1.0,1.0,1.0,,,1.0,0.0,4,True,misshipping
msbd_2w,msbd_su,2,8834,Mayne Inc. OH 44662,5489,Mayne Inc.,"MI,OH,WI",3,Decor,Phoebe Leonard,OH,Navarre,44662,1250 Main St NE,NORTH CANTON,OH,44720,132,3,3,0.022727272727272728,0,0.0,0,0.0,0,0.0,0,0.0,3,0.022727272727272728,0,0.0,,,0,0,,2,Kalamazoo (MI) 2%; North Milwaukee (WI) 1%,25,0.1893939393939394,22,13,13,94,0.8785046728971962,0.24383734095908915,922.5370967741936,838.521739130435,42.48367346938773,0.7575757575757577,0.5303030303030299,1.0,0.0,,,,,,,,,1.0,0.0,3,True,misshipping
msbd_2w,msbd_su,2,445728,AROZU INC SC 29118,293856,AROZU INC,"CA,NC,SC",3,APS SEA,Ellie Nguyen,SC,"Orangeburg, South Carolina",29118,"2630 St Matthews Rd. Orangeburg, SC 29118",LEXINGTON,SC,29072,132,3,4,0.030303030303030304,0,0.0,0,0.0,1,0.007575757575757576,0,0.0,3,0.022727272727272728,0,0.0,,,0,0,,1,Santa Fe Springs (CA) 2%,1,0.007575757575757576,29,29,29,102,0.7786259541984732,-3.667192395623981,790.4259259259259,1598.1093023255814,533.2285714285716,0.909090909090909,0.49242424242424243,0.75,0.0,,,,,1.0,0.0,,,0.6666666666666667,0.0,4,True,misshipping
msbd_2w,msbd_su,2,287070,福州群尚工艺品有限公司 GA 31308,286861,fu zhou qun shang gong yi pin you xian gong si,"CA,GA,NJ",3,Wayfair,Carol Li,GA,Ellabell,31308,1086 Oracal Parkway,SAVANNAH LOCAL,GA,31408,131,3,6,0.04580152671755725,0,0.0,2,0.015267175572519083,1,0.007633587786259542,0,0.0,3,0.022900763358778626,0,0.0,,,0,0,,2,Robbinsville (NJ) 2%; Rialto (CA) 1%,1,0.007633587786259542,129,6,6,124,0.9538461538461539,-0.6090805080025536,564.5854838709674,560.8829268292683,65.96589147286828,1.0,0.8091603053435111,1.0,0.33333333333333337,,,1.0,0.0,1.0,0.0,,,1.0,0.6666666666666666,6,True,misshipping
msbd_2w,msbd_su,2,438185,LUMINOUS STREAM LLC CA 92376,438182,LUMINOUS STREAM LLC,"CA,NJ",2,Wayfair,Supplier Service Desk,CA,Rialto,92376,2000 W BaseLine Rd,WEST RIALTO,CA,92316,131,3,7,0.05343511450381679,0,0.0,2,0.015267175572519083,3,0.022900763358778626,0,0.0,2,0.015267175572519083,0,0.0,,,0,0,,1,Princeton (NJ) 2%,19,0.1450381679389313,111,12,12,100,0.8928571428571429,-1.9047006349225626,1365.9238095238093,1447.5634408602152,268.91891891891885,0.862595419847328,0.6717557251908397,1.0,0.4285714285714286,,,1.0,0.0,1.0,1.0,,,1.0,0.0,7,True,misshipping
msbd_2w,msbd_su,2,3947,MaximLighting CA- 91746,1868,Maxim Lighting,"CA,GA",2,Lighting,Greer Long,CA,City of Industry,91746,247 N Vineland Ave,ARCADIA,CA,91006,131,3,20,0.15267175572519084,0,0.0,0,0.0,0,0.0,0,0.0,20,0.15267175572519084,0,0.0,,,0,0,,1,Austell (GA) 15%,20,0.15267175572519084,43,30,30,81,0.7297297297297297,0.546345979190541,1375.8494845360824,1003.3161290322581,593.7082568807338,0.648854961832061,0.5419847328244274,0.10000000000000002,0.8499999999999999,,,,,,,,,0.10000000000000002,0.8499999999999999,20,True,misshipping
msbd_2w,msbd_su,2,269505,"Zhejiang Linya Co., Ltd CA 92337(3)",88120,LINYA OUTDOOR LIVING LLC,"CA,GA,NJ,TX",4,APS Home Improvement,Danica Guo,CA,FONTANA,92337,11281 CITRUS AVE,WEST RIALTO,CA,92316,131,3,5,0.03816793893129771,0,0.0,1,0.007633587786259542,0,0.0,0,0.0,4,0.030534351145038167,0,0.0,,,0,0,,2,Metuchen (NJ) 2%; Woodbridge (NJ) 1%,6,0.04580152671755725,116,7,7,118,0.944,-1.2651940014207061,841.0051724137932,878.5617647058824,169.4887096774194,0.8931297709923666,0.7404580152671756,0.8,0.2,,,1.0,1.0,,,,,0.75,0.0,5,True,misshipping
msbd_2w,msbd_su,2,273253,Classic Home NC 27350,697,Classic Home,"CA,NC",2,Casegoods,Connor Henderson,NC,Sophia,27350,7310 US HWY 311 Door 225,ELON,NC,27377,130,2,6,0.046153846153846156,0,0.0,2,0.015384615384615385,2,0.015384615384615385,0,0.0,2,0.015384615384615385,0,0.0,,,0,0,,1,Arcadia (CA) 2%,4,0.03076923076923077,11,7,7,119,0.9444444444444444,-0.7744191509690203,708.9350515463921,678.7699029126212,136.43162393162402,0.9769230769230769,0.8076923076923075,0.8333333333333334,0.5,,,1.0,1.0,1.0,0.5,,,0.5,0.0,6,True,misshipping
msbd_2w,msbd_su,2,466149,"Suneegn Co., Limited NY 11788",355755,"Suneegn Co., Limited","CA,IL,MA,NJ,NY",5,APS Soft Home,Asia Supplier Service Desk,NY,Hauppauge,11788,55 Kennedy Dr STE 1,LONG ISLAND,NY,11741,130,3,12,0.09230769230769231,0,0.0,0,0.0,0,0.0,0,0.0,12,0.09230769230769231,0,0.0,,,0,0,,3,Arcadia (CA) 6%; Fairfield (CA) 2%; South Rialto - Ncpc (CA) 1%,2,0.015384615384615385,40,40,34,94,0.734375,-1.706304385107567,773.8916666666667,1260.944871794872,763.0914062500003,0.6384615384615389,0.5,0.6666666666666667,0.08333333333333334,,,,,,,,,0.6666666666666667,0.08333333333333334,12,True,misshipping
msbd_2w,msbd_su,2,363991,BlueBird Warehouse,157231,"Foshan Baogang Network Technology Co., Ltd","CA,NY",2,APS Home Improvement,Cheryl Zhang,NY,Commack,11725,75 Modular Ave Commack,NORTH BETHPAGE,NY,11714,129,3,3,0.023255813953488372,0,0.0,0,0.0,1,0.007751937984496124,0,0.0,2,0.015503875968992248,0,0.0,,,0,0,,1,Arcadia (CA) 2%,7,0.05426356589147287,104,104,7,115,0.9426229508196722,-0.6277067728289291,718.0114285714285,770.766666666667,196.35206611570254,0.5348837209302327,0.6899224806201546,0.6666666666666666,0.0,,,,,0.0,0.0,,,1.0,0.0,3,True,misshipping
msbd_2w,msbd_su,2,409098,FaXian-CA-008,63465,"Ningbo Youyuan Import and Export Co., Ltd.","CA,GA,IL,NJ,NY,PA,TX",7,APS Home Improvement,Nicole Sun,CA, Fontana,92337,10525 Redwood Avenue,WEST RIALTO,CA,92316,129,3,24,0.18604651162790697,0,0.0,0,0.0,0,0.0,0,0.0,24,0.18604651162790697,0,0.0,,,0,0,,1,Metuchen (NJ) 19%,7,0.05426356589147287,121,30,30,92,0.7540983606557377,0.7197608467600789,2018.3361111111108,1582.0950000000003,682.0967213114752,0.9534883720930231,0.7131782945736435,1.0,1.0,,,,,,,,,1.0,1.0,24,True,misshipping
msbd_2w,msbd_su,2,272401,zhongshanshilesiyuanmaoyiyouxiangongsi NJ 07036,272032,zhongshanshilesiyuanmaoyiyouxiangongsi,"CA,NJ",2,Wayfair,Asia Supplier Service Desk,NJ,LINDEN,07036,"1301 W ELIZABETH AVE, UNIT A",LINDEN,NJ,7036,129,3,21,0.16279069767441862,0,0.0,1,0.007751937984496124,0,0.0,0,0.0,20,0.15503875968992248,0,0.0,,,0,0,,1,Arcadia (CA) 16%,4,0.031007751937984496,35,29,29,96,0.768,-0.9907250049448492,727.5722772277228,960.6000000000001,645.0911290322581,0.8372093023255816,0.6666666666666664,0.9047619047619048,0.38095238095238104,,,0.0,1.0,,,,,0.95,0.3500000000000001,21,True,misshipping
msbd_2w,msbd_su,2,236103,Tigris TX 77041,39494,Tigris,"AZ,CA,CO,FL,GA,IL,LA,MA,MI,MN,MO,NC,NY,OH,PA,TX,UT,WI",18,Plumbing,Maverick Schlosser,TX,Houston,77041,15090 Sommermeyer St,NORTH HOUSTON,TX,77041,128,3,4,0.03125,0,0.0,1,0.0078125,1,0.0078125,0,0.0,2,0.015625,0,0.0,,,0,0,,2,Marietta (GA) 1%; Austell (GA) 1%,12,0.09375,7,7,7,109,0.9396551724137931,-0.3756024776572925,928.427272727273,966.9485436893201,55.160714285714256,0.984375,0.6796875000000002,1.0,0.75,,,1.0,1.0,1.0,1.0,,,1.0,0.5,4,True,misshipping
msbd_2w,msbd_su,2,315038, B205-CA,308220,Dwelling Dots Ltd,"CA,GA,NJ,TX",4,APS Upholstery,Estrella Wang,CA,Ontario,91761,5440 E Francis street ,CHINO LOCAL,CA,91710,128,3,11,0.0859375,0,0.0,3,0.0234375,6,0.046875,0,0.0,2,0.015625,0,0.0,,,0,0,,1,West Savannah  Ncpc (GA) 2%,3,0.0234375,124,13,13,112,0.896,-1.2735661992632612,1368.7011494252865,1482.8400000000001,237.3161290322581,0.8515624999999994,0.5078125000000001,1.0,0.3636363636363636,,,1.0,0.33333333333333337,1.0,0.16666666666666669,,,1.0,1.0,11,True,misshipping
msbd_2w,msbd_su,2,501827,ningboyaolindianzishangwuyouxiangongsi TX 77489,289320,ningboyaolindianzishangwuyouxiangongsi,"CA,GA,NJ,TX",4,APS Outdoor,Qiwen Fan,TX,Missouri City,77489,16148 Fondren Road,SUGAR LAND,TX,77489,128,3,38,0.296875,0,0.0,1,0.0078125,5,0.0390625,0,0.0,32,0.25,0,0.0,,,0,0,,7,South Atlanta Ncpc (GA) 8%; East Brunswick (NJ) 8%; Diamond Bar Rsf (CA) 4%; Austell (GA) 2%; Chino (CA) 2%,8,0.0625,76,74,74,46,0.38333333333333336,-0.18149777563481687,533.1838709677422,754.8846153846157,693.5478991596638,0.8671874999999998,0.5937500000000001,0.9210526315789475,0.4473684210526316,,,1.0,0.0,0.8,0.2,,,0.9375,0.5,38,True,misshipping
msbd_2w,msbd_su,2,353103,shenzhenshi linenmaoyi youxiangongsi CA 92410,172676,shenzhenshi linenmaoyi youxiangongsi,"CA,GA,NJ,PA,TX",5,APS K&D,Stella Yin,CA,San Bernardino,92410,7776 Tippecanoe Avenue,WEST RIALTO,CA,92316,128,3,9,0.0703125,0,0.0,0,0.0,0,0.0,0,0.0,9,0.0703125,0,0.0,,,0,0,,2,Camden (NJ) 5%; Fairless Hills (PA) 2%,1,0.0078125,123,16,16,111,0.8740157480314961,-0.44226008768542724,1393.5074074074068,1370.2735294117638,349.2866141732282,1.0,0.7656250000000002,1.0,0.7777777777777778,,,,,,,,,1.0,0.7777777777777778,9,True,misshipping
msbd_2w,msbd_su,2,348438,Southern Enterprises Inc (SEI) NJ08822-7097,390,Augusta Home LLC,"CA,GA,IL,IN,NJ,PA,TX",7,Casegoods,Joseph Hannigan,NJ,Flemington,08822,1200 County Rd 523,WOODBRIDGE LOCAL,NJ,8832,128,3,3,0.0234375,0,0.0,0,0.0,0,0.0,0,0.0,3,0.0234375,0,0.0,,,0,0,,1,Lehigh Valley (PA) 2%,0,0.0,127,66,5,123,0.9609375,-0.10184659894523598,675.2192771084336,621.3265822784813,67.70476190476187,0.9921874999999999,0.6640624999999999,1.0,0.6666666666666667,,,,,,,,,1.0,0.6666666666666667,3,True,misshipping
msbd_2w,msbd_su,2,310116,Yantai Nanmudianzikeji Youxiangongsi IL 60538 ,217589,Yantai Nanmudianzikeji Youxiangongsi,"CA,GA,IL,NJ,TX,WA",6,APS Rugs,Rainbow Wu,IL,Montgomery ,60538,900 Knell Rd ,SOUTH CHICAGO,IL,60446,126,3,4,0.031746031746031744,0,0.0,1,0.007936507936507936,0,0.0,0,0.0,3,0.023809523809523808,0,0.0,,,0,0,,3,West Rialto (CA) 1%; Marietta (GA) 1%; Arcadia (CA) 1%,4,0.031746031746031744,102,18,5,117,0.9590163934426229,-0.6161592855127552,470.3301724137931,497.3447916666667,74.23719008264463,0.9841269841269841,0.7936507936507936,1.0,0.5,,,1.0,1.0,,,,,1.0,0.3333333333333333,4,True,misshipping
msbd_2w,msbd_su,2,331616,NingBo KaiMeiChen DianZiShangWu You CA 92335,83386,"Ningbo FanKai E-commerce Co., Ltd._1","CA,GA,IL,NJ,PA",5,APS Home Improvement,Nicole Sun,CA,Fontana,92335,13277San Bernardino Ave,WEST RIALTO,CA,92316,126,3,4,0.031746031746031744,0,0.0,0,0.0,1,0.007936507936507936,0,0.0,3,0.023809523809523808,0,0.0,,,0,0,,2,Richmond Hill Ncpc (GA) 2%; Princeton (NJ) 1%,1,0.007936507936507936,122,8,8,117,0.936,0.37009273696435213,1319.13220338983,1328.4045045045045,172.96560000000002,1.0,0.8174603174603174,1.0,0.75,,,,,1.0,0.0,,,1.0,1.0,4,True,misshipping
msbd_2w,msbd_su,2,361843,Guang Zhou Chang Feng Wang Luo Ke Ji You Xian GA 30518,121218,Starsky Runo LLC,"CA,GA,NJ",3,APS Home Improvement,Asia Supplier Service Desk,GA,Buford,30518,2105 Buford Highway-CPE_GA_US,BRASELTON,GA,30517,126,3,8,0.06349206349206349,0,0.0,0,0.0,5,0.03968253968253968,0,0.0,3,0.023809523809523808,0,0.0,,,0,0,,1,Arcadia (CA) 2%,2,0.015873015873015872,96,64,9,115,0.9274193548387096,-0.22627025365809064,661.0776699029127,640.6725274725275,153.36311475409832,0.9841269841269843,0.8174603174603173,1.0,0.5,,,,,1.0,0.8,,,1.0,0.0,8,True,misshipping
msbd_2w,msbd_su,2,345197,"Hefei Maxyoyo Trading Co., Ltd. NJ 08807",67567,"Hefei Maxyoyo Trading Co., Ltd.","CA,GA,NJ,SC,TX",5,APS Youth,Blair-Yaqing Gong,NJ,Bridgewater,08807,1120 US 22,WOODBRIDGE LOCAL,NJ,8832,125,3,7,0.056,0,0.0,0,0.0,0,0.0,0,0.0,7,0.056,0,0.0,,,0,0,,5,Savannah (GA) 2%; South Rialto - Ncpc (CA) 2%; Chino (CA) 1%; Santa Fe Springs (CA) 1%; South Houston (TX) 1%,2,0.016,123,7,7,116,0.943089430894309,-1.0419214475045502,831.5531249999999,881.8105263157896,115.81311475409838,0.984,0.7040000000000001,0.8571428571428572,0.14285714285714288,,,,,,,,,0.8571428571428572,0.14285714285714288,7,True,misshipping
msbd_2w,msbd_su,2,432361,"Hainan Chuangshiji Technology Co., Ltd TX 77066",288386,"Hainan Chuangshiji Technology Co., Ltd","CA,GA,NJ,TX",4,APS Bedroom,Iris Sang,TX,Houston,77066,11833 Cutten Road,SPRING,TX,77388,125,3,22,0.176,0,0.0,0,0.0,1,0.008,0,0.0,21,0.168,0,0.0,,,0,0,,9,West Savannah  Ncpc (GA) 4%; South Rialto - Ncpc (CA) 3%; Rancho Cucamonga Ncpc (CA) 2%; Rialto (CA) 2%; East Brunswick (NJ) 2%,5,0.04,45,32,32,88,0.7333333333333333,0.18597926367990825,585.7532467532467,482.65494505494524,381.3389830508475,0.88,0.5920000000000001,1.0,0.6363636363636365,,,,,1.0,0.0,,,1.0,0.6666666666666667,22,True,misshipping
msbd_2w,msbd_su,2,375876,"Shenzhenshi Meijiajia Technology Co., Ltd GA 31308",277710,"Shenzhenshi Meijiajia Technology Co., Ltd","CA,GA,NJ,PA,SC,TX",6,APS Home Improvement,Aria Yao,GA,Ellabell,31308,1086 Oracal Parkway,SAVANNAH LOCAL,GA,31408,124,3,15,0.12096774193548387,0,0.0,0,0.0,2,0.016129032258064516,0,0.0,13,0.10483870967741936,0,0.0,,,0,0,,6,Metuchen (NJ) 3%; Fairless Hills (PA) 2%; Houston (TX) 2%; King Of Prussia (PA) 2%; South Rialto - Ncpc (CA) 1%,8,0.06451612903225806,116,19,19,97,0.8362068965517241,-0.20415928139382225,775.5322033898303,822.1955357142858,162.34051724137936,0.8709677419354837,0.6532258064516132,0.9333333333333333,0.7333333333333333,,,,,1.0,0.5,,,0.923076923076923,0.7692307692307692,15,True,misshipping
msbd_2w,msbd_su,2,287101,Jinhuabaiweiyingtongyongpinyouxiangongsi NJ 07072,287065,Jinhuabaiweiyingtongyongpinyouxiangongsi,"CA,GA,NJ,TX",4,Wayfair,Icey Wang,NJ,carlstadt,07072,587 industrial road,SECAUCUS,NJ,7307,124,3,13,0.10483870967741936,0,0.0,0,0.0,0,0.0,0,0.0,13,0.10483870967741936,0,0.0,,,0,0,,5,Rialto (CA) 5%; Savannah (GA) 2%; West Savannah  Ncpc (GA) 2%; Rancho Cucamonga Ncpc (CA) 1%; Houston (TX) 1%,1,0.008064516129032258,123,112,31,92,0.7479674796747967,-0.6583203721004852,541.4015625000001,632.8346666666665,418.0696721311474,0.9919354838709676,0.7661290322580644,0.923076923076923,0.30769230769230765,,,,,,,,,0.923076923076923,0.30769230769230765,13,True,misshipping
msbd_2w,msbd_su,2,413342,guangzhoubeiniwangloukejiyouxiangongsi NJ 07064,275657,guangzhoubeiniwangloukejiyouxiangongsi,"CA,NJ",2,APS Home Improvement,Cheryl Zhang,NJ,Port Reading,07064,1001 W Middlesex Ave,SOUTH CARTERET,NJ,7008,124,3,4,0.03225806451612903,0,0.0,0,0.0,2,0.016129032258064516,0,0.0,2,0.016129032258064516,0,0.0,,,0,0,,1,Santa Fe Springs (CA) 2%,4,0.03225806451612903,118,6,6,114,0.95,-1.2307085624083298,765.7847826086957,795.4063157894736,64.18983050847459,0.943548387096774,0.8467741935483871,0.5,0.5,,,,,1.0,1.0,,,0.0,0.0,4,True,misshipping
msbd_2w,msbd_su,2,250735,"nanjingshi zhuoyipi e-commerce co.,ltd GA  30096",202150,"nanjingshi zhuoyipi e-commerce co.,ltd","CA,GA,IL,PA,TX",5,APS,Tracy Rong,GA,Savannah,31405,125 Feldspar Drive,SAVANNAH LOCAL,GA,31408,124,3,2,0.016129032258064516,0,0.0,0,0.0,0,0.0,0,0.0,2,0.016129032258064516,0,0.0,,,0,0,,1,West Rialto (CA) 2%,6,0.04838709677419355,117,2,2,116,0.9830508474576272,-1.9116908437037579,749.0855769230767,716.6382978723406,58.41709401709401,0.9274193548387094,0.6532258064516131,1.0,0.5,,,,,,,,,1.0,0.5,2,True,misshipping
msbd_2w,msbd_su,2,433585,shenzhenshixidekekejiyouxiangongsi GA 31408,399441,shenzhenshixidekekejiyouxiangongsi,"CA,GA,NJ",3,APS Upholstery,Asia Supplier Service Desk,GA,Garden City,31408,138 Prosperity Drive,SAVANNAH LOCAL,GA,31408,123,3,22,0.17886178861788618,0,0.0,0,0.0,1,0.008130081300813009,0,0.0,21,0.17073170731707318,0,0.0,,,0,0,,2,Rancho Cucamonga Ncpc (CA) 14%; East Brunswick (NJ) 3%,16,0.13008130081300814,107,30,30,77,0.719626168224299,-0.3457906189957183,580.4355371900825,669.185,499.74112149532715,0.8048780487804877,0.6422764227642278,0.9545454545454544,0.5000000000000001,,,,,1.0,0.0,,,0.9523809523809522,0.5238095238095238,22,True,misshipping
msbd_2w,msbd_su,2,452831,JUSTMAE INC PA 18015,81490,JUSTMAE INC,"CA,GA,IL,NJ,PA,TX",6,APS AEOF,Fiona Jiang,PA,Bethlehem,18015,2020 Feather Way,LEHIGH VALLEY LOCAL,PA,18067,123,3,6,0.04878048780487805,0,0.0,0,0.0,1,0.008130081300813009,0,0.0,5,0.04065040650406504,0,0.0,,,0,0,,2,South Rialto - Ncpc (CA) 3%; South Atlanta Ncpc (GA) 1%,6,0.04878048780487805,117,11,10,107,0.9145299145299145,-0.7500833132056853,1053.8855421686744,1093.2333333333331,179.92136752136753,0.796747967479675,0.6666666666666669,1.0,0.5,,,,,1.0,1.0,,,1.0,0.4,6,True,misshipping
msbd_2w,msbd_su,2,293935,SWEET NIGHT TECHNOLOGY INC. NJ 08505,93029,SWEET NIGHT TECHNOLOGY INC.,"CA,GA,IL,NJ,TX",5,APS Mattresses,Checky Yi,NJ,Bordentown,08505,5206 US 130,ROBBINSVILLE,NJ,8691,122,3,17,0.13934426229508196,0,0.0,1,0.00819672131147541,1,0.00819672131147541,0,0.0,15,0.12295081967213115,0,0.0,,,0,0,,4,Richmond Hill Ncpc (GA) 9%; Chino Hills Ncpc (CA) 2%; Diamond Bar Rsf (CA) 1%; South Chicago (IL) 1%,1,0.00819672131147541,108,17,17,104,0.859504132231405,0.36228975926240553,556.7547619047618,473.05119047619047,181.68823529411765,0.9098360655737697,0.7295081967213116,0.9411764705882352,0.7647058823529411,,,1.0,1.0,1.0,1.0,,,0.9333333333333332,0.7333333333333334,17,True,misshipping
msbd_2w,msbd_su,2,302992,Wisfor Inc. NJ 07094,62606,Wisfor Inc.,"CA,GA,NJ,TX",4,APS,Asia Supplier Service Desk,NJ,Secaucus,07094,35 Henry St,SECAUCUS,NJ,7307,121,3,2,0.01652892561983471,0,0.0,0,0.0,0,0.0,0,0.0,2,0.01652892561983471,0,0.0,,,0,0,,1,South Atlanta Ncpc (GA) 2%,2,0.01652892561983471,34,34,33,86,0.7226890756302521,0.08150355864761505,194.62153846153842,795.3149253731343,600.0220338983054,0.9669421487603306,0.6694214876033058,1.0,0.0,,,,,,,,,1.0,0.0,2,True,misshipping
msbd_2w,msbd_su,2,229710,Meishe NJ 08512 Bedshe,25843,"Bedshe International Co.,LTD","CA,NJ,TX",3,APS,Rainbow Wu,NJ,Cranbury,08512,1 Broadway Road,PRINCETON,NJ,8810,121,3,29,0.2396694214876033,0,0.0,0,0.0,0,0.0,0,0.0,29,0.2396694214876033,0,0.0,,,0,0,,4,Chino (CA) 12%; South Rialto - Ncpc (CA) 4%; Rialto (CA) 4%; Rancho Cucamonga Ncpc (CA) 3%,1,0.008264462809917356,116,39,39,81,0.675,-1.574201418513771,840.0362068965519,1363.9763157894736,895.1241666666665,1.0,0.6280991735537191,1.0,0.13793103448275865,,,,,,,,,1.0,0.13793103448275865,29,True,misshipping
msbd_2w,msbd_su,2,198822,IDEA CREATORS & DESIGNERS PTE. LTD. CO 80501,79080,DOPAWAY LLC,"AL,CO,NC,TX",4,Decor,Asia Supplier Service Desk,CO,Longmont,80501,120 9th Ave,FORT COLLINS,CO,80534,121,3,19,0.15702479338842976,0,0.0,0,0.0,0,0.0,0,0.0,19,0.15702479338842976,0,0.0,,,0,0,,1,Durham (NC) 16%,6,0.049586776859504134,115,115,69,46,0.4,0.5643596224009853,1194.2842105263155,690.3111111111111,1656.8652173913038,0.8429752066115702,0.8512396694214872,0.9473684210526314,1.0,,,,,,,,,0.9473684210526314,1.0,19,True,misshipping
msbd_2w,msbd_su,2,319258,"Shenzhen Jize Furniture Co., Ltd NJ 08016",318680,"Shenzhen Jize Furniture Co., Ltd","CA,GA,NJ,TX",4,Wayfair,Asia Supplier Service Desk,NJ,Burlington,08016,1950 River Road,ROBBINSVILLE,NJ,8691,120,3,11,0.09166666666666666,0,0.0,0,0.0,2,0.016666666666666666,0,0.0,9,0.075,0,0.0,,,0,0,,1,Chino (CA) 8%,7,0.058333333333333334,88,87,12,101,0.8938053097345132,-0.2617864706489584,1025.2776595744679,984.4192307692307,306.0234234234235,0.9666666666666663,0.6916666666666667,1.0,0.45454545454545453,,,,,1.0,0.0,,,1.0,0.5555555555555556,11,True,misshipping
msbd_2w,msbd_su,2,288225,"LANBOR TECH CO., LIMITED CA 92335",62715,"LANBOR TECH CO., LIMITED","CA,IL,LA",3,APS Youth,Asia Supplier Service Desk,CA,Fontana,92335,14387 Valley Blvd,WEST RIALTO,CA,92316,118,3,5,0.0423728813559322,0,0.0,0,0.0,2,0.01694915254237288,0,0.0,3,0.025423728813559324,0,0.0,,,0,0,,1,New Orleans Msya (LA) 3%,6,0.05084745762711865,112,6,6,106,0.9464285714285714,-0.10808037622915784,1605.5301075268815,1630.214444444444,100.39821428571433,0.9322033898305082,0.5084745762711866,1.0,0.8,,,,,1.0,1.0,,,1.0,0.6666666666666666,5,True,misshipping
msbd_2w,msbd_su,2,332356,AN-CA,328725,"Henan Zhengming Electronic Commerce Co., Ltd.","CA,GA,NJ",3,Wayfair,Asia Supplier Service Desk,CA,CORONA,92881,1161 OLYMPIC DRIVE,WEST RIALTO,CA,92316,118,3,5,0.0423728813559322,0,0.0,0,0.0,3,0.025423728813559324,0,0.0,2,0.01694915254237288,0,0.0,,,0,0,,1,West Savannah  Ncpc (GA) 2%,4,0.03389830508474576,113,10,10,104,0.9122807017543859,-1.082973509509295,1293.266292134831,1287.8345238095244,237.63362831858402,0.9237288135593222,0.6440677966101696,1.0,0.8,,,,,1.0,0.6666666666666666,,,1.0,1.0,5,True,misshipping
msbd_2w,msbd_su,2,505965,PENGYUAN TECHNOLOGY CO.，LIMITED NY 11572,438377,PENGYUAN TECHNOLOGY CO.，LIMITED,"CA,NJ,NY",3,APS Decor,Supplier Service Desk,NY,OCEANSIDE,11572,3401 LAWSON BLVD ,GARDEN CITY,NY,11714,118,3,4,0.03389830508474576,0,0.0,0,0.0,0,0.0,0,0.0,4,0.03389830508474576,0,0.0,,,0,0,,1,Chino (CA) 3%,3,0.025423728813559324,112,9,6,109,0.9478260869565217,-0.6930055469289258,1360.2255319148935,1335.8636363636365,168.88245614035094,0.9915254237288135,0.8305084745762711,1.0,1.0,,,,,,,,,1.0,1.0,4,True,misshipping
msbd_2w,msbd_su,2,372055,"Hangzhou Bestar Network Technology Co.,Ltd SC 29927",372038,"Hangzhou Bestar Network Technology Co.,Ltd","CA,GA,IL,NJ,TX",5,Wayfair,Asia Supplier Service Desk,NJ,Freehold,07728,400 Fairfield Road,PRINCETON,NJ,8810,118,3,10,0.0847457627118644,0,0.0,0,0.0,0,0.0,0,0.0,10,0.0847457627118644,0,0.0,,,0,0,,4,Romeoville Rsf (IL) 3%; South Rialto - Ncpc (CA) 3%; Houston (TX) 3%; South Atlanta Ncpc (GA) 1%,6,0.05084745762711865,60,59,35,77,0.6875,-0.4841021108738251,401.2579710144927,670.7854838709677,482.60714285714295,0.9406779661016947,0.8559322033898304,0.8999999999999999,0.7,,,,,,,,,0.8999999999999999,0.7,10,True,misshipping
msbd_2w,msbd_su,2,478652,"Shanghai Yudingchi Technology Co., LTD. TX 77066",336659,"Shanghai Yudingchi Technology Co., LTD.","CA,NJ,PA,TX",4,APS AEOF,Asia Supplier Service Desk,TX,Houston,77066,11833 Cutten Rd #300,SPRING,TX,77388,118,3,12,0.1016949152542373,0,0.0,0,0.0,0,0.0,0,0.0,12,0.1016949152542373,0,0.0,,,0,0,,3,Rancho Cucamonga Ncpc (CA) 8%; East Brunswick (NJ) 2%; Rialto (CA) 1%,4,0.03389830508474576,53,52,52,62,0.543859649122807,-0.8464429557639328,698.104166666667,1369.3866666666665,708.1026785714286,0.8389830508474573,0.2796610169491525,0.9166666666666666,0.16666666666666666,,,,,,,,,0.9166666666666666,0.16666666666666666,12,True,misshipping
msbd_2w,msbd_su,2,349385,"Yiwu Guali Electronic Commerce Co., Ltd. CA 91761",153269,"Yiwu Guali Electronic Commerce Co., Ltd.","CA,GA,NJ,PA,TX",5,APS Upholstery,Naomi JI,CA,Ontario,91761,1521 E Francis St,CHINO LOCAL,CA,91710,118,3,23,0.19491525423728814,1,0.00847457627118644,1,0.00847457627118644,18,0.15254237288135594,0,0.0,3,0.025423728813559324,1,0.3333333333333333,2026-08-09: 1,Chino Hills Ncpc (CA) 1%,0,0,,1,King Of Prussia (PA) 3%,2,0.01694915254237288,116,35,37,79,0.6810344827586207,-1.2306241196805774,1293.2476635514022,1650.4560747663543,773.4413793103448,0.9830508474576269,0.5932203389830512,1.0,0.26086956521739135,1.0,1.0,1.0,0.0,1.0,0.11111111111111113,,,1.0,1.0,23,True,misshipping
msbd_2w,msbd_su,2,332407,Masai off LLC_1 CA 91730 (2),267432,"Shenzhen Zhanlan Zhiju Trading Co., Ltd.","CA,DE,GA,NJ,TX",5,APS,Asia Supplier Service Desk,CA,Rancho Cucamonga,91730,8599 Rochester Ave,WEST RIALTO,CA,92316,117,3,3,0.02564102564102564,0,0.0,0,0.0,0,0.0,0,0.0,3,0.02564102564102564,0,0.0,,,0,0,,1,Linden (NJ) 3%,3,0.02564102564102564,114,3,3,111,0.9736842105263158,0.7279907865700305,1323.7387755102038,1262.4628865979382,79.47105263157896,0.9914529914529915,0.7948717948717949,1.0,1.0,,,,,,,,,1.0,1.0,3,True,misshipping
msbd_2w,msbd_su,2,371894,foshanshi fujiamao yiyouxiangongsi GA 30354,104006,foshanshi fujiamao yiyouxiangongsi,"CA,GA,NJ,PA,TX",5,APS Home Improvement,Asia Supplier Service Desk,GA,Atlanta,30354,3600 Southside Industrial Pkwy,SOUTH ATLANTA,GA,30294,117,3,4,0.03418803418803419,0,0.0,0,0.0,0,0.0,0,0.0,4,0.03418803418803419,0,0.0,,,0,0,,2,West Rialto (CA) 2%; Rialto (CA) 2%,19,0.1623931623931624,98,4,4,94,0.9591836734693877,-0.21469751234798307,734.1000000000001,722.8443181818184,87.71428571428572,0.5897435897435898,0.7094017094017097,1.0,0.75,,,,,,,,,1.0,0.75,4,True,misshipping
msbd_2w,msbd_su,2,477535,hefeituotuwangluokejiyouxaingongsi GA 31322,284178,hefeituotuwangluokejiyouxaingongsi,"CA,GA,NJ,TX",4,APS Youth,Ricky Yu,GA,Pooler,31322,251 Morgan Lakes Industrial Blvd,SAVANNAH LOCAL,GA,31408,117,3,15,0.1282051282051282,0,0.0,0,0.0,0,0.0,0,0.0,15,0.1282051282051282,0,0.0,,,0,0,,3,Woodbridge (NJ) 5%; South Houston (TX) 5%; Diamond Bar Rsf (CA) 3%,2,0.017094017094017096,114,21,21,94,0.8173913043478261,-0.421652327307274,474.04653465346547,531.411881188119,206.33596491228073,0.846153846153846,0.7777777777777778,0.7999999999999999,0.6666666666666667,,,,,,,,,0.7999999999999999,0.6666666666666667,15,True,misshipping
msbd_2w,msbd_su,2,336065,SHANGHAI LEJIA MAOYI YOUXIANGONGSI NJ 08512,298106,SHANGHAI LEJIA MAOYI YOUXIANGONGSI,"CA,GA,NJ,TX",4,APS K&D,Asia Supplier Service Desk,NJ,Cranbury,08512,311 Cranbury Half Acre Rd,PRINCETON,NJ,8810,116,3,15,0.12931034482758622,0,0.0,0,0.0,1,0.008620689655172414,0,0.0,14,0.1206896551724138,0,0.0,,,0,0,,3,South Rialto - Ncpc (CA) 6%; South Dallas Rsf (TX) 4%; Richmond Hill Ncpc (GA) 2%,1,0.008620689655172414,115,17,17,98,0.8521739130434782,-0.7772962336498297,526.7927710843378,646.7493975903612,296.09652173913054,1.0,0.8448275862068964,1.0,0.4,,,,,1.0,1.0,,,1.0,0.3571428571428571,15,True,misshipping
msbd_2w,msbd_su,2,287472,Ningbo Youzi Jinchukou Youxiangongsi CA 92376,81688,Ningbo Youzi Jinchukou Youxiangongsi,"CA,GA,NJ",3,APS,Blair-Yaqing Gong,CA,Rialto,92376,1420 N Tamarind Ave,WEST RIALTO,CA,92316,116,3,9,0.07758620689655173,0,0.0,0,0.0,7,0.0603448275862069,0,0.0,2,0.017241379310344827,0,0.0,,,0,0,,1,East Brunswick (NJ) 2%,2,0.017241379310344827,114,10,11,103,0.9035087719298246,-1.3886937025942312,1620.870754716981,1712.9761904761901,245.86666666666662,0.8879310344827586,0.5431034482758623,0.8888888888888888,0.3333333333333333,,,,,0.8571428571428572,0.14285714285714285,,,1.0,1.0,9,True,misshipping
msbd_2w,msbd_su,2,285985,GuCang-GA-SAV-11629-2,63465,"Ningbo Youyuan Import and Export Co., Ltd.","CA,GA,IL,NJ,NY,PA,TX",7,APS Home Improvement,Nicole Sun,GA,Rincon ,31326,1004 Gateway Parkway,SAVANNAH LOCAL,GA,31408,116,3,21,0.1810344827586207,0,0.0,2,0.017241379310344827,11,0.09482758620689655,0,0.0,8,0.06896551724137931,0,0.0,,,0,0,,3,Niles (IL) 3%; East Brunswick (NJ) 3%; Chino (CA) 1%,0,0.0,116,37,36,80,0.6896551724137931,0.19920496426129553,1005.3844660194173,1022.0300970873783,208.43275862068964,0.6810344827586204,0.6551724137931035,0.9523809523809522,0.7619047619047618,,,1.0,1.0,0.9090909090909091,0.6363636363636364,,,1.0,0.875,21,True,misshipping
msbd_2w,msbd_su,2,513639, XY-GA,328725,"Henan Zhengming Electronic Commerce Co., Ltd.","CA,GA,NJ",3,APS K&D,Asia Supplier Service Desk,GA,Port Wentworth,31407,"302 International Trade Pkwy, suite 200",SAVANNAH LOCAL,GA,31408,115,3,27,0.23478260869565218,0,0.0,0,0.0,10,0.08695652173913043,0,0.0,17,0.14782608695652175,0,0.0,,,0,0,,4,Rialto (CA) 7%; Arcadia (CA) 3%; Rancho Cucamonga Ncpc (CA) 3%; South Rialto - Ncpc (CA) 2%,2,0.017391304347826087,113,47,47,66,0.584070796460177,-1.521661283586276,856.2616279069765,1378.3794117647058,770.0911504424778,0.9565217391304346,0.48695652173913034,0.9259259259259257,0.2222222222222222,,,,,1.0,0.6,,,0.8823529411764705,0.0,27,True,misshipping
msbd_2w,msbd_su,2,333531,SPRINGDIAL (HK) E-COMMERCE LIMITED GA 30168,68916,SPRINGDIAL (HK) E-COMMERCE LIMITED,"CA,FL,GA,MD,NJ,TX",6,APS,Sean Xu,GA,Austell,30168,240 The Bluffs,AUSTELL,GA,30168,115,3,6,0.05217391304347826,0,0.0,0,0.0,3,0.02608695652173913,0,0.0,3,0.02608695652173913,0,0.0,,,0,0,,3,Princeton (NJ) 1%; South Rialto - Ncpc (CA) 1%; Metuchen (NJ) 1%,7,0.06086956521739131,91,9,9,99,0.9166666666666666,-0.6850765811373619,630.1051546391755,670.2555555555557,127.67428571428577,0.9913043478260869,0.6434782608695649,0.8333333333333334,0.33333333333333337,,,,,1.0,0.6666666666666666,,,0.6666666666666666,0.0,6,True,misshipping
msbd_2w,msbd_su,2,351148,Yiwu Youxi Electronic Commerce Co. Ltd GA 31308,98141,Yiwu Youxi Electronic Commerce Co. Ltd,"CA,GA,NJ,TX",4,APS Outdoor,Amber Xiang,GA,Ellabell,31308,1086 Oracal Parkway,SAVANNAH LOCAL,GA,31408,114,3,15,0.13157894736842105,0,0.0,4,0.03508771929824561,3,0.02631578947368421,0,0.0,8,0.07017543859649122,0,0.0,,,0,0,,4,Houston (TX) 3%; East Brunswick (NJ) 2%; Robbinsville (NJ) 2%; Metuchen (NJ) 1%,0,0.0,113,20,20,94,0.8245614035087719,0.5282417146609256,636.7552380952377,557.9828282828283,211.36814159292032,1.0,0.9210526315789473,1.0,0.8666666666666666,,,1.0,1.0,1.0,0.33333333333333337,,,1.0,1.0,15,True,misshipping
msbd_2w,msbd_su,2,111799,Chengdushi Fengteng Technology Co Ltd CA 91761,97940,Chengdushi Fengteng Technology Co Ltd,"CA,GA,IL,NJ,TX",5,APS Home Improvement,Asia Supplier Service Desk,CA,Rialto,92376,1420 N.Tamarind Ave,WEST RIALTO,CA,92316,113,3,4,0.035398230088495575,0,0.0,0,0.0,0,0.0,0,0.0,4,0.035398230088495575,0,0.0,,,0,0,,1,West Savannah  Ncpc (GA) 4%,7,0.061946902654867256,87,4,4,102,0.9622641509433962,0.661018580338966,866.438144329897,779.9449438202253,104.24245283018871,0.9734513274336282,0.6460176991150441,1.0,1.0,,,,,,,,,1.0,1.0,4,True,misshipping
msbd_2w,msbd_su,2,448301,YOUDENOVA HOME INC GA 31405,80562,YOUDENOVA HOME INC,"CA,GA,NJ,PA,TX",5,APS Outdoor,Amber Xiang,GA,Savannah,31405,125 Feldspar Dr,SAVANNAH LOCAL,GA,31408,113,3,10,0.08849557522123894,0,0.0,0,0.0,0,0.0,0,0.0,10,0.08849557522123894,0,0.0,,,0,0,,1,Sugar Land (TX) 9%,0,0.0,112,12,12,101,0.8938053097345132,0.4720834927331943,528.875641025641,447.52799999999985,120.47857142857144,0.911504424778761,0.8584070796460176,1.0,1.0,,,,,,,,,1.0,1.0,10,True,misshipping
msbd_2w,msbd_su,2,299583,SWEET NIGHT TECHNOLOGY INC. IL 60446,93029,SWEET NIGHT TECHNOLOGY INC.,"CA,GA,IL,NJ,TX",5,APS Mattresses,Checky Yi,IL,Romeoville ,60446,214 S Pinnacle Dr,SOUTH CHICAGO,IL,60446,113,3,16,0.1415929203539823,0,0.0,0,0.0,0,0.0,0,0.0,16,0.1415929203539823,0,0.0,,,0,0,,4,Richmond Hill Ncpc (GA) 7%; Chino Hills Ncpc (CA) 5%; Robbinsville (NJ) 1%; East Brunswick (NJ) 1%,1,0.008849557522123894,68,37,27,85,0.7589285714285714,-0.9644502206936583,496.53518518518524,584.0777777777776,290.67477477477485,0.9911504424778761,0.7168141592920356,1.0,0.5,,,,,,,,,1.0,0.5,16,True,misshipping
msbd_2w,msbd_su,2,3975,ET2 CA- 91746,3230,ET2,"CA,GA",2,Lighting,Greer Long,CA,City of industry,91746,247 North Vineland,ARCADIA,CA,91006,113,3,18,0.1592920353982301,0,0.0,1,0.008849557522123894,1,0.008849557522123894,0,0.0,16,0.1415929203539823,0,0.0,,,0,0,,1,Austell (GA) 14%,11,0.09734513274336283,46,27,27,75,0.7352941176470589,0.5019680428803839,1314.648275862069,962.016853932584,587.3204081632651,0.7876106194690267,0.6283185840707964,0.3333333333333333,0.8888888888888887,,,1.0,1.0,1.0,0.0,,,0.25,0.9374999999999999,18,True,misshipping
msbd_2w,msbd_su,2,353588,VOLIVO GROUP LIMITED NJ 08873,350897,VOLIVO GROUP LIMITED,"CA,NJ",2,Wayfair,Cheryl Zhang,NJ,Somerset,08873,"100 Randolph Rd, Warehouse B",WOODBRIDGE LOCAL,NJ,8832,113,3,2,0.017699115044247787,0,0.0,0,0.0,0,0.0,0,0.0,2,0.017699115044247787,0,0.0,,,0,0,,1,Industry (CA) 2%,3,0.02654867256637168,109,2,2,108,0.9818181818181818,-0.5218081991243315,817.0214285714285,821.5833333333334,49.94727272727273,0.9469026548672567,0.769911504424779,0.5,0.5,,,,,,,,,0.5,0.5,2,True,misshipping
msbd_2w,msbd_su,2,449445,"Hangzhou Chuandiai Cultural Media Co., Ltd. GA  30518",284231,Kaiyon International (Hong Kong) Limited_1,"CA,GA,NJ",3,APS Rugs,Rainbow Wu,GA,Buford,30518,2105 Buford Highway,BRASELTON,GA,30517,113,3,4,0.035398230088495575,0,0.0,1,0.008849557522123894,0,0.0,0,0.0,3,0.02654867256637168,0,0.0,,,0,0,,1,West Rialto (CA) 3%,1,0.008849557522123894,74,72,4,108,0.9642857142857143,-2.476205250663273,642.2632653061223,692.3917647058822,156.13333333333338,1.0,0.7876106194690267,1.0,0.25,,,1.0,1.0,,,,,1.0,0.0,4,True,misshipping
msbd_2w,msbd_su,2,427203,"Hangzhou Okapat Technology Co., Ltd. GA 31326",320996,"Hangzhou Okapat Technology Co., Ltd.","CA,GA,IL,NJ,SC,TX",6,APS Upholstery,Estrella Wang,GA,Rincon,31326,1200 General Way,SAVANNAH LOCAL,GA,31408,112,3,18,0.16071428571428573,0,0.0,11,0.09821428571428571,0,0.0,0,0.0,7,0.0625,0,0.0,,,0,0,,3,South Rialto - Ncpc (CA) 3%; Rialto (CA) 3%; Woodbridge (NJ) 1%,10,0.08928571428571429,102,32,34,68,0.6666666666666666,0.3616322209133115,634.9,605.0936170212768,405.7431372549021,0.9821428571428573,0.8125000000000002,1.0,0.8333333333333331,,,1.0,0.7272727272727272,,,,,1.0,1.0,18,True,misshipping
msbd_2w,msbd_su,2,51618,Gorilla Playsets GA 30114 WH2,779,Gorilla Playsets,"GA,TX",2,Recreation,Benjamin Moseley,GA,Canton,30114,166 Etowah industrial Court,MARIETTA LOCAL,GA,30144,112,3,59,0.5267857142857143,0,0.0,0,0.0,0,0.0,0,0.0,59,0.5267857142857143,0,0.0,,,0,0,,2,Dallas (TX) 27%; Irving (TX) 26%,7,0.0625,105,105,105,0,0.0,-0.22288127211676045,1089.6294117647055,1163.0728813559324,795.6333333333332,0.8839285714285714,0.8482142857142858,0.9152542372881352,0.8983050847457623,,,,,,,,,0.9152542372881352,0.8983050847457623,59,True,misshipping
msbd_2w,msbd_su,2,495655,"Ningbo FanKai E-commerce Co., Ltd._1 GA 31326(2)",83386,"Ningbo FanKai E-commerce Co., Ltd._1","CA,GA,IL,NJ,PA",5,APS Home Improvement,Nicole Sun,GA,Rincon,31326,1600 General way,SAVANNAH LOCAL,GA,31408,112,2,36,0.32142857142857145,0,0.0,1,0.008928571428571428,10,0.08928571428571429,0,0.0,25,0.22321428571428573,0,0.0,,,0,0,,1,East Brunswick (NJ) 22%,6,0.05357142857142857,106,56,62,44,0.41509433962264153,-0.29779060152858294,534.391011235955,659.2337349397591,375.6245283018869,0.9910714285714286,0.857142857142857,1.0,0.9166666666666664,,,1.0,1.0,1.0,0.7,,,1.0,1.0,36,True,misshipping
msbd_2w,msbd_su,2,403922,EastWest Electronic Commerce Co US Ltd GA 30518,33006,EastWest Electronic Commerce Co US Ltd,"CA,GA,NJ,TX",4,APS Housewares & More,Jynn Jiang,GA,Buford,30518,2105 Buford Highway,BRASELTON,GA,30517,112,3,7,0.0625,0,0.0,1,0.008928571428571428,0,0.0,0,0.0,6,0.05357142857142857,0,0.0,,,0,0,,3,Rancho Cucamonga Ncpc (CA) 3%; Industry (CA) 2%; West Rialto (CA) 1%,5,0.044642857142857144,81,73,8,99,0.9252336448598131,-2.163473195330011,598.6978947368423,691.8156626506025,246.09439252336446,0.9821428571428572,0.9017857142857142,1.0,0.7142857142857143,,,1.0,1.0,,,,,1.0,0.6666666666666666,7,True,misshipping
msbd_2w,msbd_su,2,310578,Walraime Inc. GA 31322,67689,Walraime Inc.,"CA,GA,NJ,TX",4,APS,Estrella Wang,GA,Pooler,31322,101 Clyde Alexander Way,SAVANNAH LOCAL,GA,31408,111,3,4,0.036036036036036036,0,0.0,0,0.0,0,0.0,0,0.0,4,0.036036036036036036,0,0.0,,,0,0,,1,Robbinsville (NJ) 4%,2,0.018018018018018018,109,10,10,99,0.908256880733945,-0.7389642309590903,551.0500000000001,567.9137254901959,116.28623853211009,0.981981981981982,0.927927927927928,1.0,1.0,,,,,,,,,1.0,1.0,4,True,misshipping
msbd_2w,msbd_su,2,475670,ningboxuxindianzishangwuyouxiangongsi TX 77075,286148,ningboxuxindianzishangwuyouxiangongsi,"CA,GA,NJ,PA,TX",5,APS Outdoor,David Liu,TX,Houston,77075,7916 Hall Rd,SOUTH HOUSTON,TX,77075,111,3,12,0.10810810810810811,0,0.0,0,0.0,0,0.0,0,0.0,12,0.10810810810810811,0,0.0,,,0,0,,3,East Brunswick (NJ) 8%; Woodbridge (NJ) 2%; South Atlanta Ncpc (GA) 1%,0,0.0,111,21,28,83,0.7477477477477478,-0.1412385259529859,614.2142857142859,708.4755813953487,320.7772727272726,1.0,1.0,1.0,1.0,,,,,,,,,1.0,1.0,12,True,misshipping
msbd_2w,msbd_su,2,201110,Peakhome Furnishings Inc NJ 08016,60739,Peakhome Furnishings Inc,"CA,GA,NJ",3,APS Outdoor,Amber Xiang,NJ,Burlington,08016,1950 River Rd,ROBBINSVILLE,NJ,8691,111,3,13,0.11711711711711711,0,0.0,0,0.0,8,0.07207207207207207,0,0.0,5,0.04504504504504504,0,0.0,,,0,0,,3,South Atlanta Ncpc (GA) 2%; Austell (GA) 2%; Atlanta (GA) 1%,6,0.05405405405405406,80,78,17,88,0.8380952380952381,-0.1647669484487494,669.902702702703,648.7179104477611,153.6857142857143,0.8918918918918918,0.4774774774774777,0.4615384615384615,0.23076923076923078,,,,,0.25000000000000006,0.12500000000000003,,,0.8,0.4,13,True,misshipping
msbd_2w,msbd_su,2,413521,"LANBOR TECH CO., LIMITED IL 60446",62715,"LANBOR TECH CO., LIMITED","CA,IL,LA",3,APS Decor,Asia Supplier Service Desk,IL,ROMEOVILLE,60446,1045 W CROSSROADS PKWY ,SOUTH CHICAGO,IL,60446,111,3,9,0.08108108108108109,0,0.0,3,0.02702702702702703,4,0.036036036036036036,0,0.0,2,0.018018018018018018,0,0.0,,,0,0,,1,New Orleans Msya (LA) 2%,4,0.036036036036036036,12,12,12,95,0.8878504672897196,0.22870645690342223,803.4212765957449,778.8452631578946,94.11714285714287,1.0,0.7567567567567567,1.0,0.6666666666666666,,,1.0,1.0,1.0,0.5,,,1.0,0.5,9,True,misshipping
msbd_2w,msbd_su,2,495709,Ober International Trade INC. GA 31322,245979,Ober International Trade INC.,"AL,CA,GA,NJ",4,Casegoods,Prisha Mark,GA,Pooler,31322,101 Clyde Alexander Way,SAVANNAH LOCAL,GA,31408,111,3,15,0.13513513513513514,0,0.0,6,0.05405405405405406,1,0.009009009009009009,0,0.0,8,0.07207207207207207,0,0.0,,,0,0,,3,Robbinsville (NJ) 5%; Camden (NJ) 1%; Anaheim (CA) 1%,6,0.05405405405405406,105,17,17,88,0.8380952380952381,0.6834143735079846,622.9207920792077,498.7416666666667,170.38095238095235,0.9639639639639641,0.8738738738738738,0.9333333333333332,0.8666666666666665,,,0.8333333333333334,0.8333333333333334,1.0,0.0,,,1.0,1.0,15,True,misshipping
msbd_2w,msbd_su,2,401604,fo shan shi pin zhi dian zi shang wu you xian gong si_1 NJ 08512,350037,fo shan shi pin zhi dian zi shang wu you xian gong si_1,"CA,GA,NJ,TX",4,Upholstery,Estrella Wang,NJ,Cranbury,08512,311 Cranbury Half Acre Rd,PRINCETON,NJ,8810,110,3,15,0.13636363636363635,0,0.0,7,0.06363636363636363,4,0.03636363636363636,0,0.0,4,0.03636363636363636,0,0.0,,,0,0,,3,Rancho Cucamonga Ncpc (CA) 2%; South Rialto - Ncpc (CA) 1%; Rialto (CA) 1%,1,0.00909090909090909,109,29,23,86,0.7889908256880734,-0.2523459127270242,664.5000000000001,674.0179487179485,353.84587155963305,0.9909090909090909,0.9454545454545452,1.0,0.9333333333333332,,,1.0,1.0,1.0,1.0,,,1.0,0.75,15,True,misshipping
msbd_2w,msbd_su,2,303125,B205-CA,295478,Trading Sizzle Inc,"CA,GA,NJ,TX",4,APS Upholstery,Blair-Yaqing Gong,CA,Ontario,91761,5440 E Francis street,CHINO LOCAL,CA,91710,110,3,8,0.07272727272727272,0,0.0,0,0.0,6,0.05454545454545454,0,0.0,2,0.01818181818181818,0,0.0,,,0,0,,2,South Dallas Rsf (TX) 1%; Richmond Hill Ncpc (GA) 1%,10,0.09090909090909091,100,10,10,90,0.9,-1.1902563558853865,1534.4711340206186,1579.1493975903616,276.83100000000013,0.7272727272727272,0.40909090909090906,0.75,0.375,,,,,0.6666666666666667,0.5,,,1.0,0.0,8,True,misshipping
msbd_2w,msbd_su,2,438532,"Ningbo Weifu Electronic Commerce Co., Ltd. NJ 08016",60688,"Ningbo Weifu Electronic Commerce Co., Ltd.","CA,GA,IL,NJ,SC,TX",6,APS AEOF,Fiona Jiang,NJ,Burlington,08016,1900A River Rd,ROBBINSVILLE,NJ,8691,110,3,5,0.045454545454545456,0,0.0,3,0.02727272727272727,0,0.0,0,0.0,2,0.01818181818181818,0,0.0,,,0,0,,1,West Savannah  Ncpc (GA) 2%,4,0.03636363636363636,102,91,16,90,0.8490566037735849,0.4089543415323895,423.90000000000003,337.7606557377048,311.16057692307686,0.9272727272727271,0.6545454545454543,1.0,0.6,,,1.0,0.3333333333333333,,,,,1.0,1.0,5,True,misshipping
msbd_2w,msbd_su,2,376121,Xierun TX 77060,40715,Xierun,"CA,TX",2,Decor,Supplier Service Desk,TX,Houston,77060,30 Esplanade Blvd Suite 100.,SPRING,TX,77388,109,3,36,0.3302752293577982,0,0.0,0,0.0,0,0.0,0,0.0,36,0.3302752293577982,0,0.0,,,0,0,,2,Chino (CA) 30%; Rialto (CA) 3%,6,0.05504587155963303,92,92,92,11,0.10679611650485436,-1.1116855801014986,914.4509433962265,2070.984883720931,1374.137254901961,0.8073394495412847,0.2660550458715596,0.7222222222222222,0.13888888888888892,,,,,,,,,0.7222222222222222,0.13888888888888892,36,True,misshipping
msbd_2w,msbd_su,2,66804,MAX FURNITURE INC TX 77521,56511,"MEIYING HOUSEHOLD GROUP CO.,LIMITED","CA,GA,IL,NJ,TX",5,APS,Fiona Jiang,TX,Baytown,77521,1770 East Freeway Service Rd,BAYTOWN,TX,77521,109,3,14,0.12844036697247707,0,0.0,0,0.0,0,0.0,0,0.0,14,0.12844036697247707,0,0.0,,,0,0,,5,Richmond Hill Ncpc (GA) 5%; Chino Hills Ncpc (CA) 4%; Diamond Bar Rsf (CA) 2%; East Brunswick (NJ) 2%; Chicago (IL) 1%,3,0.027522935779816515,92,14,14,92,0.8679245283018868,-0.2887136272248422,683.7786407766987,729.7158415841583,207.49905660377362,0.8990825688073392,0.6238532110091742,0.8571428571428571,0.4285714285714286,,,,,,,,,0.8571428571428571,0.4285714285714286,14,True,misshipping
msbd_2w,msbd_su,2,287514,Net Health Shops LLC PA 18106,26335,Net Health Shops LLC,"CA,GA,IL,PA,TX,WI",6,Decor,Kadin Nestler,PA,Allentown,18106,7185 Ambassador Dr,LEHIGH VALLEY LOCAL,PA,18067,108,3,3,0.027777777777777776,0,0.0,0,0.0,0,0.0,0,0.0,3,0.027777777777777776,0,0.0,,,0,0,,1,Austell (GA) 3%,1,0.009259259259259259,105,13,13,94,0.8785046728971962,0.5953576509385045,555.5603174603175,517.7646153846152,127.24757281553399,0.972222222222222,0.6388888888888887,1.0,1.0,,,,,,,,,1.0,1.0,3,True,misshipping
msbd_2w,msbd_su,2,79233,USTX01,64607,HOMARY TECHNOLOGY INC,"CA,GA,NJ,TX",4,APS,Hannah Guan,TX,Houston,77071,10401 S Sam Houston Pkwy W,SUGAR LAND,TX,77489,108,3,6,0.05555555555555555,0,0.0,2,0.018518518518518517,0,0.0,0,0.0,4,0.037037037037037035,0,0.0,,,0,0,,1,Robbinsville (NJ) 4%,10,0.09259259259259259,7,7,7,91,0.9285714285714286,0.2785191425403488,854.4769999999999,837.3446808510639,112.77628865979382,0.8888888888888888,0.6944444444444443,0.8333333333333334,0.5,,,0.5,0.5,,,,,1.0,0.5,6,True,misshipping
msbd_2w,msbd_su,2,120135,"VM MP, LLC WA 98446",47495,Spreetail,"GA,IN,NE,NV,PA,TX,WA",7,Storage & Org - Frequency,Claire Przybocki,WA,Tacoma,98446,4417 192nd St E,OLYMPIA,WA,98327,107,3,4,0.037383177570093455,0,0.0,0,0.0,0,0.0,0,0.0,4,0.037383177570093455,0,0.0,,,0,0,,1,North Las Vegas Rsf (NV) 4%,3,0.028037383177570093,26,14,11,93,0.8942307692307693,-0.3242123517839163,780.3762711864406,894.3818181818183,140.2536082474227,0.9626168224299064,0.6728971962616822,1.0,0.75,,,,,,,,,1.0,0.75,4,True,misshipping
msbd_2w,msbd_su,2,409453, YQN-CMP,92496,Luxuria Furniture Inc,"CA,GA,NJ",3,APS Home Improvement,Emma Wang,GA,Pooler,31322,301 CYPRESS MEADOW DR ,SAVANNAH LOCAL,GA,31408,106,3,10,0.09433962264150944,0,0.0,0,0.0,2,0.018867924528301886,0,0.0,8,0.07547169811320754,0,0.0,,,0,0,,2,Santa Fe Springs (CA) 7%; Burbank (CA) 1%,3,0.02830188679245283,103,14,19,84,0.8155339805825242,-1.0740691821912594,645.1623529411764,793.934939759036,313.6514563106796,0.9528301886792452,0.7452830188679246,1.0,0.3,,,,,1.0,0.5,,,1.0,0.25,10,True,misshipping
msbd_2w,msbd_su,2,510908,"QUANZHOU PNICE HOME FURNISHING CO.,LTD TX 77034",312243,"QUANZHOU PNICE HOME FURNISHING CO.,LTD","CA,GA,NJ,TX",4,APS Bedroom,Asia Supplier Service Desk,TX,Houston,77034,5115 S Shaver St,SOUTH HOUSTON,TX,77075,106,3,6,0.05660377358490566,0,0.0,0,0.0,0,0.0,0,0.0,6,0.05660377358490566,0,0.0,,,0,0,,4,Princeton (NJ) 3%; Richmond Hill Ncpc (GA) 1%; Diamond Bar Rsf (CA) 1%; Chino Hills Ncpc (CA) 1%,4,0.03773584905660377,98,10,10,92,0.9019607843137255,0.3651005163630846,664.0709302325582,682.1979797979795,153.7450980392157,0.9905660377358491,0.9150943396226413,1.0,0.8333333333333334,,,,,,,,,1.0,0.8333333333333334,6,True,misshipping
msbd_2w,msbd_su,2,331421,East Grove Home LLC GA 30122,331124,East Grove Home LLC,"GA,NY,TX",3,Wayfair,Cheryl Lin,GA,Lithia Springs,30122,1600 Distribution Ct,AUSTELL,GA,30168,106,3,5,0.04716981132075472,0,0.0,0,0.0,0,0.0,0,0.0,5,0.04716981132075472,0,0.0,,,0,0,,1,Arlington (TX) 5%,7,0.0660377358490566,7,7,7,92,0.9292929292929293,-1.4754691385937149,562.2580246913582,584.512987012987,57.399999999999984,0.8396226415094339,0.6603773584905661,1.0,0.6,,,,,,,,,1.0,0.6,5,True,misshipping
msbd_2w,msbd_su,2,190978,Esbenshades Garden Center CA 93625,189369,Esbenshades Garden Center,"CA,CO,FL,IN,PA,TX",6,Decor,Trevor Cody,CA,Fowler,93625,3189 E. Manning Avenue,FRESNO,CA,93725,106,3,21,0.19811320754716982,0,0.0,2,0.018867924528301886,0,0.0,0,0.0,19,0.1792452830188679,0,0.0,,,0,0,,3,Harrisburg (PA) 13%; Reading (PA) 3%; Fairless Hills (PA) 2%,3,0.02830188679245283,51,50,50,53,0.5145631067961165,-2.1170546700017683,678.9656862745097,1474.470731707317,1304.6323529411768,0.8867924528301883,0.3773584905660378,0.9047619047619047,0.19047619047619052,,,1.0,1.0,,,,,0.894736842105263,0.10526315789473686,21,True,misshipping
msbd_2w,msbd_su,2,235639,FortyONE INC GA,77611,FortyONE INC,"CA,GA",2,APS Outdoor,Asia Supplier Service Desk,GA,Buford,30518,2760 Faith Industrial Dr,BRASELTON,GA,30517,105,3,8,0.0761904761904762,0,0.0,0,0.0,0,0.0,0,0.0,8,0.0761904761904762,0,0.0,,,0,0,,1,Industry (CA) 8%,19,0.18095238095238095,37,8,12,74,0.8604651162790697,-0.5850521225802114,567.3114942528737,637.3785714285714,228.3069767441861,0.5809523809523811,0.7142857142857145,0.875,0.875,,,,,,,,,0.875,0.875,8,True,misshipping
msbd_2w,msbd_su,2,190146,Happy Girl TX 77571,58611,WINADO INC,"CA,GA,IL,NJ,TX",5,APS Outdoor,Melody Lu,TX,La Porte,77571,645 Independence Pkwy,BAYTOWN,TX,77521,105,3,6,0.05714285714285714,0,0.0,2,0.01904761904761905,1,0.009523809523809525,0,0.0,3,0.02857142857142857,0,0.0,,,0,0,,3,Princeton (NJ) 1%; Richmond Hill Ncpc (GA) 1%; Austell (GA) 1%,0,0.0,8,7,7,98,0.9333333333333333,-0.08075500690108164,711.3144329896907,696.5838383838384,80.91442307692309,0.9714285714285715,0.8476190476190476,0.6666666666666666,0.6666666666666666,,,1.0,1.0,1.0,0.0,,,0.3333333333333333,0.6666666666666666,6,True,misshipping
msbd_2w,msbd_su,2,272164,LUBBIT INC CA 92337,120034,LUBBIT INC,"CA,GA,NJ,SC,TX",5,Casegoods,Zichu Wang,CA,FONTANA,92337,11281 CITRUS AVE,WEST RIALTO,CA,92316,104,3,5,0.04807692307692308,0,0.0,1,0.009615384615384616,2,0.019230769230769232,0,0.0,2,0.019230769230769232,0,0.0,,,0,0,,2,West Savannah  Ncpc (GA) 1%; Woodbridge (NJ) 1%,9,0.08653846153846154,88,8,8,87,0.9157894736842105,-2.2924461004268855,464.1883720930233,592.3513157894737,223.88210526315794,0.9038461538461539,0.75,1.0,0.2,,,1.0,1.0,1.0,0.0,,,1.0,0.0,5,True,misshipping
msbd_2w,msbd_su,2,311249,BIGHOUSE LIGHTING INC CA 92376,200844,BIGHOUSE LIGHTING INC,"CA,GA,IL,PA",4,APS Home Improvement,Asia Supplier Service Desk,CA,Rialto,92376,1979 Renaissance Pkwy,WEST RIALTO,CA,92316,104,3,5,0.04807692307692308,0,0.0,0,0.0,1,0.009615384615384616,0,0.0,4,0.038461538461538464,0,0.0,,,0,0,,2,South Atlanta Ncpc (GA) 2%; Lehigh Valley (PA) 2%,17,0.16346153846153846,85,9,9,78,0.896551724137931,-0.8815351699855185,1672.129545454545,1852.7769230769227,252.39058823529413,0.2115384615384615,0.2884615384615386,1.0,0.4,,,,,1.0,1.0,,,1.0,0.25,5,True,misshipping
msbd_2w,msbd_su,2,407962,"HONG KONG SNOW INTERNATIONAL TRADING CO., LIMITED CA 91746",375493,"HONG KONG SNOW INTERNATIONAL TRADING CO., LIMITED","CA,NY",2,APS Rugs,Cecilia Jia,CA,City Of Industry,91746,125 Vineland Ave,ARCADIA,CA,91006,104,3,51,0.49038461538461536,0,0.0,0,0.0,1,0.009615384615384616,0,0.0,50,0.4807692307692308,0,0.0,,,0,0,,1,Long Island (NY) 48%,13,0.125,82,82,82,9,0.0989010989010989,-0.6429426618535146,885.4260869565215,2048.334375,2542.663736263736,1.0,0.30769230769230776,1.0,0.41176470588235287,,,,,1.0,1.0,,,1.0,0.39999999999999986,51,True,misshipping
msbd_2w,msbd_su,2,56425,BISSELL Homecare Inc. IL 60421,8775,BISSELL Homecare Inc.,"CA,IL,TX,VA",4,Kitchen & Small Electrics,Claire Nissly,IL,Elwood,60421,20200 Ira Morgan,SOUTH CHICAGO,IL,60446,104,3,18,0.17307692307692307,0,0.0,0,0.0,0,0.0,0,0.0,18,0.17307692307692307,0,0.0,,,0,0,,3,Ashland (VA) 13%; Dallas (TX) 3%; South Dallas Rsf (TX) 2%,3,0.028846153846153848,39,27,27,74,0.7326732673267327,0.10100391550399826,520.3702127659573,480.3240963855423,232.3724489795919,0.8846153846153845,0.7403846153846156,1.0,0.9444444444444444,,,,,,,,,1.0,0.9444444444444444,18,True,misshipping
msbd_2w,msbd_su,2,250568,"SCRIST, Inc. RST Brands LLC GA 30103",1399,"SCRIST, Inc. DBA RST Brands","CA,GA",2,Outdoor Furniture,Kathleen Kerrins,GA,Adairsville,30103,1099 Dodds Ave SE,EAST CHATTANOOGA,TN,37363,104,3,9,0.08653846153846154,0,0.0,0,0.0,0,0.0,0,0.0,9,0.08653846153846154,0,0.0,,,0,0,,1,Fresno (CA) 9%,15,0.14423076923076922,20,20,20,69,0.7752808988764045,-2.565781403023356,681.7164179104477,1061.3857142857148,527.9069767441862,0.7019230769230772,0.5865384615384618,0.8888888888888888,0.33333333333333337,,,,,,,,,0.8888888888888888,0.33333333333333337,9,True,misshipping
msbd_2w,msbd_su,2,353454,Yiwu Guali Electronic Commerce CA 91730,153269,"Yiwu Guali Electronic Commerce Co., Ltd.","CA,GA,NJ,PA,TX",5,APS Upholstery,Naomi JI,CA,Rancho Cucamonga,91730,9678 Utica Ave,WEST RIALTO,CA,92316,104,3,13,0.125,0,0.0,2,0.019230769230769232,2,0.019230769230769232,0,0.0,9,0.08653846153846154,0,0.0,,,0,0,,2,King Of Prussia (PA) 8%; Robbinsville (NJ) 1%,19,0.18269230769230768,84,17,17,68,0.8,0.21182663939475774,944.8950000000001,876.6337500000001,502.2670588235291,0.528846153846154,0.576923076923077,0.46153846153846156,0.7692307692307693,,,0.5,1.0,1.0,0.5,,,0.33333333333333337,0.7777777777777778,13,True,misshipping
msbd_2w,msbd_su,2,287674,Americanflat Corp SC 29927,10545,Americanflat Corp,"CA,NJ,SC",3,Decor,Waverly Winterer,SC,Hardeeville,29927,186 Exchange Place,SAVANNAH LOCAL,GA,31408,104,3,39,0.375,0,0.0,0,0.0,0,0.0,0,0.0,39,0.375,0,0.0,,,0,0,,2,West Rialto (CA) 21%; Woodbridge (NJ) 16%,1,0.009615384615384616,103,73,73,30,0.2912621359223301,-1.3708565475505483,702.8586956521741,1446.1111111111109,1208.2203883495145,0.9711538461538461,0.4423076923076923,0.9743589743589741,0.3846153846153846,,,,,,,,,0.9743589743589741,0.3846153846153846,39,True,misshipping
msbd_2w,msbd_su,2,267033,HOU02 TX 77087,200887,"HONG KONG TIANJIAN INDUSTRIAL DEVELOPMENT CO., LIMITED","CA,GA,NJ,TX",4,APS,Ida Li,TX,Houston,77087,2425 Broad St,SOUTH HOUSTON,TX,77075,104,3,9,0.08653846153846154,0,0.0,1,0.009615384615384616,3,0.028846153846153848,0,0.0,5,0.04807692307692308,0,0.0,,,0,0,,2,Richmond Hill Ncpc (GA) 3%; Robbinsville (NJ) 2%,6,0.057692307692307696,12,11,12,86,0.8775510204081632,0.7120792785948877,564.6674698795182,460.0346153846154,150.269387755102,0.9230769230769229,0.721153846153846,1.0,0.6666666666666666,,,1.0,0.0,1.0,0.6666666666666666,,,1.0,0.8,9,True,misshipping
msbd_2w,msbd_su,2,360639,"ONEISALL, INC. KY 41048",333920,"ONEISALL, INC.","CA,GA,KY",3,APS Pet,Regan Zou,KY,Hebron,41048,2125 Gateway Blvd,N.  KENTUCKY LOCAL,KY,41051,104,3,20,0.19230769230769232,0,0.0,0,0.0,0,0.0,0,0.0,20,0.19230769230769232,0,0.0,,,0,0,,3,Norcross (GA) 13%; Industry (CA) 5%; Diamond Bar Rsf (CA) 1%,2,0.019230769230769232,102,102,102,0,0.0,-1.2724995375633856,415.33846153846156,1324.6388059701494,1099.4490196078427,0.9615384615384613,0.6057692307692307,0.95,0.7000000000000001,,,,,,,,,0.95,0.7000000000000001,20,True,misshipping
msbd_2w,msbd_su,2,290920,ningboyaolindianzishangwuyouxiangongsi CA 91710,289320,ningboyaolindianzishangwuyouxiangongsi,"CA,GA,NJ,TX",4,Wayfair,Qiwen Fan,CA,Chino,91710,5125 Schaefer Ave Suite 104,CHINO LOCAL,CA,91710,103,3,15,0.14563106796116504,0,0.0,0,0.0,1,0.009708737864077669,0,0.0,14,0.13592233009708737,0,0.0,,,0,0,,3,Sugar Land (TX) 7%; East Brunswick (NJ) 6%; Atlanta (GA) 1%,4,0.038834951456310676,98,46,46,53,0.5353535353535354,-2.0727484375236114,427.06666666666666,1296.9541176470584,1075.0265306122449,0.9902912621359223,0.5728155339805826,1.0,0.3333333333333333,,,,,1.0,1.0,,,1.0,0.28571428571428575,15,True,misshipping
msbd_2w,msbd_su,2,249825,"SAILI ELECTRONIC TECHNOLOGY CO., LIMITED TX 77521",249592,"SAILI ELECTRONIC TECHNOLOGY CO., LIMITED","CA,GA,IL,NJ,TX",5,APS,Danica Guo,TX,Baytown,77521,1770 East Freeway Service Rd,BAYTOWN,TX,77521,103,3,6,0.05825242718446602,0,0.0,0,0.0,1,0.009708737864077669,0,0.0,5,0.04854368932038835,0,0.0,,,0,0,,4,Chino Hills Ncpc (CA) 2%; Richmond Hill Ncpc (GA) 1%; Romeoville Rsf (IL) 1%; Diamond Bar Rsf (CA) 1%,6,0.05825242718446602,76,6,6,91,0.9381443298969072,-0.2468504512721663,529.8927083333333,518.5225806451615,114.86562500000002,0.9417475728155339,0.8543689320388349,1.0,0.6666666666666667,,,,,1.0,1.0,,,1.0,0.6,6,True,misshipping
msbd_2w,msbd_su,2,399702,guang zhou kai zhen ke ji you xian gong si NY 60632,399699,guang zhou kai zhen ke ji you xian gong si,"CA,IL,MA",3,Wayfair,Asia Supplier Service Desk,IL,Chicago,60632,2901 W 36TH PL,BEDFORD PARK,IL,60638,102,3,58,0.5686274509803921,0,0.0,0,0.0,0,0.0,0,0.0,58,0.5686274509803921,0,0.0,,,0,0,,2,Arcadia (CA) 46%; Santa Fe Springs (CA) 11%,4,0.0392156862745098,98,98,98,0,0.0,-1.2814488448660997,680.6770114942527,1960.3166666666662,2009.5642857142855,1.0,0.8137254901960789,1.0,0.8620689655172414,,,,,,,,,1.0,0.8620689655172414,58,True,misshipping
msbd_2w,msbd_su,2,307356,Homelux Designs LLC GA 30517 ,72859,Homelux Designs LLC,"CA,GA,NJ",3,APS Home Improvement,Emma Wang,GA,Doraville,30340,3101 McCall Dr,NORCROSS,GA,30071,102,3,23,0.22549019607843138,0,0.0,0,0.0,0,0.0,0,0.0,23,0.22549019607843138,0,0.0,,,0,0,,3,Carson (CA) 18%; Diamond Bar Rsf (CA) 4%; South Rialto - Ncpc (CA) 1%,5,0.049019607843137254,30,30,30,67,0.6907216494845361,-1.3043267547786237,649.7547619047621,956.3585365853662,684.2520833333333,0.9019607843137254,0.5686274509803922,0.9565217391304348,0.5652173913043479,,,,,,,,,0.9565217391304348,0.5652173913043479,23,True,misshipping
msbd_2w,msbd_su,2,349600,Luxurious Fusion Inc NJ 07036,281487,Luxurious Fusion Inc,"CA,DE,GA,IL,NJ,TX",6,Casegoods,Asia Supplier Service Desk,NJ,Linden,07036,700 Linden Logistics Wy,LINDEN,NJ,7036,101,3,9,0.0891089108910891,0,0.0,0,0.0,0,0.0,0,0.0,9,0.0891089108910891,0,0.0,,,0,0,,6,Industry (CA) 3%; West Savannah  Ncpc (GA) 2%; Diamond Bar Rsf (CA) 1%; South Rialto - Ncpc (CA) 1%; Anaheim (CA) 1%,3,0.0297029702970297,46,28,12,86,0.8775510204081632,-0.5140985521845584,856.1652777777776,857.0555555555554,316.9458333333334,0.9801980198019801,0.6534653465346532,0.7777777777777778,0.3333333333333333,,,,,,,,,0.7777777777777778,0.3333333333333333,9,True,misshipping
msbd_2w,msbd_su,2,513802,Chenxin Optoelectronic IL 60431,43881,"Chenxin Optoelectronic Co., Limited","CA,GA,IL,NJ,TX",5,APS Outdoor,Moti Mao,IL,Joliet,60431,4050 Rock Creek Boulevard,SOUTH CHICAGO,IL,60446,101,3,2,0.019801980198019802,0,0.0,0,0.0,0,0.0,0,0.0,2,0.019801980198019802,0,0.0,,,0,0,,1,Richmond Hill Ncpc (GA) 2%,1,0.009900990099009901,100,2,2,98,0.98,0.21841483703801995,496.14069767441856,490.941176470588,19.64800000000001,0.9603960396039604,0.8217821782178213,1.0,1.0,,,,,,,,,1.0,1.0,2,True,misshipping
msbd_2w,msbd_su,2,465183,AM-NJ,328725,"Henan Zhengming Electronic Commerce Co., Ltd.","CA,GA,NJ",3,APS K&D,Asia Supplier Service Desk,NJ,Cherry Hill,08003,1515 Burnt Mill RD,CAMDEN,NJ,8007,100,3,3,0.03,0,0.0,0,0.0,0,0.0,0,0.0,3,0.03,0,0.0,,,0,0,,2,Rancho Cucamonga Ncpc (CA) 2%; West Savannah  Ncpc (GA) 1%,0,0.0,98,93,5,95,0.95,0.5347760627597853,855.8885245901639,852.6716981132076,146.10204081632654,0.98,0.7299999999999998,1.0,0.6666666666666666,,,,,,,,,1.0,0.6666666666666666,3,True,misshipping
msbd_2w,msbd_su,2,455654,"Maven Lane, LLC GA 31302",301641,"Maven Lane, LLC","AZ,GA",2,Casegoods,Connor Henderson,GA,Bloomingdale,31302,1555 Pine Barren Rd,SAVANNAH LOCAL,GA,31408,100,3,12,0.12,0,0.0,1,0.01,0,0.0,0,0.0,11,0.11,0,0.0,,,0,0,,2,Phoenix Local (AZ) 6%; Phoenix (AZ) 5%,3,0.03,94,13,12,85,0.8762886597938144,-0.11249464780119048,905.6456521739133,903.8118279569895,267.45894736842104,0.99,0.7099999999999997,0.9166666666666666,0.33333333333333337,,,0.0,0.0,,,,,1.0,0.36363636363636365,12,True,misshipping
msbd_2w,msbd_su,2,495571,zhengzhoushijianxingwangluokejiyouxiangongsi CA 90201,324772,zhengzhoushijianxingwangluokejiyouxiangongsi,"CA,GA,NJ,PA",4,APS Bedroom,Lydia Liu,CA,Bell,90201,"5553 Bandini Blvd, Unit A",SANTA FE SPRINGS,CA,90670,100,3,1,0.01,0,0.0,0,0.0,0,0.0,0,0.0,1,0.01,0,0.0,,,0,0,,1,East Brunswick (NJ) 1%,9,0.09,91,2,2,89,0.978021978021978,-2.209701271813073,952.7400000000001,967.4671428571429,78.53076923076928,0.8499999999999999,0.5900000000000003,1.0,0.0,,,,,,,,,1.0,0.0,1,True,misshipping
msbd_2w,msbd_su,2,512447,"Shenzhen Yaqi Furniture Co., Ltd. NJ 08873",336370,"Shenzhen Yaqi Furniture Co., Ltd.","CA,GA,NJ",3,APS Bedroom,Noemi Tang,NJ,Somerset,08873, 120 Clyde Road,WOODBRIDGE LOCAL,NJ,8832,100,3,1,0.01,0,0.0,0,0.0,0,0.0,0,0.0,1,0.01,0,0.0,,,0,0,,1,West Savannah  Ncpc (GA) 1%,6,0.06,93,1,1,93,0.9893617021276596,-0.14369207647991977,1014.2148648648644,1062.6159420289857,8.412903225806447,0.65,0.6,1.0,1.0,,,,,,,,,1.0,1.0,1,True,misshipping
msbd_2w,msbd_su,2,355986,"Shenzhen Yaqi Furniture Co., Ltd. CA 91730",336370,"Shenzhen Yaqi Furniture Co., Ltd.","CA,GA,NJ",3,APS Bedroom,Noemi Tang,CA,Rancho Cucamonga,91730,9448 Richmond Pl,WEST RIALTO,CA,92316,100,3,3,0.03,0,0.0,0,0.0,0,0.0,0,0.0,3,0.03,0,0.0,,,0,0,,1,Woodbridge (NJ) 3%,29,0.29,71,3,3,68,0.9577464788732394,0.5985555070396789,1338.7215189873418,1299.6903846153843,139.56567164179103,0.5199999999999998,0.55,1.0,1.0,,,,,,,,,1.0,1.0,3,True,misshipping
msbd_2w,msbd_su,2,442583,Yantai Luoming Xinxijishu Youxiangongsi IL 60538,212725,Yantai Luoming Xinxijishu Youxiangongsi,"CA,GA,IL,NJ,TX",5,APS Bedroom,Wendy Wang,IL,Montgomery,60538,900 Knell Rd1,SOUTH CHICAGO,IL,60446,100,3,3,0.03,0,0.0,1,0.01,1,0.01,0,0.0,1,0.01,0,0.0,,,0,0,,1,Chino Hills Ncpc (CA) 1%,7,0.07,81,12,3,90,0.967741935483871,0.766116111438758,548.2728260869563,532.1962025316456,60.56999999999996,0.8999999999999998,0.6199999999999999,0.6666666666666666,0.33333333333333337,,,1.0,1.0,1.0,0.0,,,0.0,0.0,3,True,misshipping
msbd_2w,msbd_su,2,3988,Kichler GA- 30517,432,Kichler,"GA,NV,PA",3,Lighting,Cheryl Lin,GA,Braselton,30517,900 Highway 124,BRASELTON,GA,30517,99,3,1,0.010101010101010102,0,0.0,0,0.0,0,0.0,0,0.0,1,0.010101010101010102,0,0.0,,,0,0,,1,North Las Vegas Rsf (NV) 1%,9,0.09090909090909091,3,2,1,89,0.9888888888888889,-2.5521651744929654,659.9782608695651,680.394252873563,24.082222222222214,0.6262626262626262,0.6161616161616159,1.0,0.0,,,,,,,,,1.0,0.0,1,True,misshipping
msbd_2w,msbd_su,2,500793,Shenzhenshi Daman Shiye Youxiangongsi CA 91761(5),76761,Shenzhenshi Daman Shiye Youxiangongsi,"CA,GA,NJ,PA,TX",5,APS K&D,Stella Yin,CA,Ontario,91761,5691 Philadelphia Street,CHINO LOCAL,CA,91710,98,3,3,0.030612244897959183,0,0.0,0,0.0,2,0.02040816326530612,0,0.0,1,0.01020408163265306,0,0.0,,,0,0,,1,Richmond Hill Ncpc (GA) 1%,5,0.05102040816326531,90,3,3,90,0.967741935483871,0.4261547499648284,1073.7075949367083,1057.9999999999998,83.40786516853933,0.9285714285714287,0.693877551020408,1.0,0.33333333333333337,,,,,1.0,0.0,,,1.0,1.0,3,True,misshipping
msbd_2w,msbd_su,2,367296,Silveria Glass Inc NJ 08554,206247,Silveria Glass Inc,"CA,NJ",2,APS AEOF,Ricky Yu,NJ,Roebling,08554,839 Railroad Ave,ROBBINSVILLE,NJ,8691,98,3,5,0.05102040816326531,0,0.0,1,0.01020408163265306,1,0.01020408163265306,0,0.0,3,0.030612244897959183,0,0.0,,,0,0,,3,Diamond Bar Rsf (CA) 1%; Anaheim (CA) 1%; Chino Hills Ncpc (CA) 1%,25,0.25510204081632654,46,26,17,56,0.7671232876712328,0.14298415610629228,599.6107692307692,770.4979591836733,359.69722222222225,0.6224489795918369,0.45918367346938793,0.6,0.6,,,0.0,0.0,0.0,1.0,,,1.0,0.6666666666666666,5,True,misshipping
msbd_2w,msbd_su,2,65269,North Carolina,64475,Vision Bedding LLC,"CO,MO,NC,SD",4,Soft Home,Supplier Service Desk,NC,Hendersonville,28792,3737 Howard Gap Road,FLETCHER,NC,28732,98,3,6,0.061224489795918366,0,0.0,0,0.0,0,0.0,0,0.0,6,0.061224489795918366,0,0.0,,,0,0,,1,North Kansas City (MO) 6%,4,0.04081632653061224,49,16,14,80,0.851063829787234,-0.882356690318435,826.7333333333333,843.8217391304346,200.62166666666664,0.9285714285714287,0.9081632653061226,0.6666666666666666,0.8333333333333334,,,,,,,,,0.6666666666666666,0.8333333333333334,6,True,misshipping
msbd_2w,msbd_su,2,414005,US FAST LLC NJ 07008,77540,US FAST LLC,"CA,NJ",2,APS Home Improvement,Aria LI,NJ,Carteret,07008,120 Raskulinecz Road Dock 1-10,SOUTH CARTERET,NJ,7008,98,3,5,0.05102040816326531,0,0.0,0,0.0,0,0.0,0,0.0,5,0.05102040816326531,0,0.0,,,0,0,,1,West Rialto (CA) 5%,6,0.061224489795918366,86,7,7,85,0.9239130434782609,-2.124096486526473,1010.9787500000003,1108.6975308641977,235.99555555555557,0.989795918367347,0.7346938775510203,0.8,0.0,,,,,,,,,0.8,0.0,5,True,misshipping
msbd_2w,msbd_su,2,363955,Shenzhenshi Weisifu Keji Youxiangongsi TX 77071,79111,Shenzhenshi Weisifu Keji Youxiangongsi,"CA,GA,NJ,TX",4,APS Pet,Regan Zou,TX,Houston,77071,15005 East Hampton Circle,SUGAR LAND,TX,77489,98,3,11,0.11224489795918367,0,0.0,0,0.0,1,0.01020408163265306,0,0.0,10,0.10204081632653061,0,0.0,,,0,0,,5,Braselton (GA) 3%; Chino (CA) 3%; Chino Hills Ncpc (CA) 2%; South Atlanta Ncpc (GA) 1%; Secaucus (NJ) 1%,3,0.030612244897959183,12,11,12,83,0.8736842105263158,0.30467937592054206,805.8166666666666,764.2244444444444,141.5115789473684,0.979591836734694,0.7040816326530611,1.0,0.45454545454545453,,,,,1.0,0.0,,,1.0,0.5,11,True,misshipping
msbd_2w,msbd_su,2,219191,Emson USA CA 92376 (DCG Renaissance),1303,Emson USA,"CA,CT,NV,PA",4,Kitchen & Small Electrics,Anna Caplen,CA,Rialto,92376,1645 W Renaissance Pkwy,WEST RIALTO,CA,92316,98,3,1,0.01020408163265306,0,0.0,0,0.0,0,0.0,0,0.0,1,0.01020408163265306,0,0.0,,,0,0,,1,North Haven (CT) 1%,4,0.04081632653061224,6,1,1,93,0.9893617021276596,0.4904783449183565,1829.1882352941182,1794.8378048780492,31.804301075268818,0.9285714285714283,0.4285714285714287,1.0,0.0,,,,,,,,,1.0,0.0,1,True,misshipping
msbd_2w,msbd_su,2,333038,河南省晴天庭院家具有限公司 CA 92337 (2),316074,Henan Sheng Qingtian Tingyuan Jiaju Youxian Gongsi_1,"CA,NJ,TX",3,Youth Furniture & Decor,Asia Supplier Service Desk,CA,FONTANA ,92337,11281 CITRUS AVE 3290 ,WEST RIALTO,CA,92316,98,3,2,0.02040816326530612,0,0.0,0,0.0,0,0.0,0,0.0,2,0.02040816326530612,0,0.0,,,0,0,,1,Woodbridge (NJ) 2%,4,0.04081632653061224,59,6,6,88,0.9361702127659575,-0.49845308967846874,1790.5279999999996,1851.7648648648646,191.16702127659582,0.9897959183673469,0.7755102040816325,1.0,1.0,,,,,,,,,1.0,1.0,2,True,misshipping
msbd_2w,msbd_su,2,517877,"Shenzhen Haoding Technology Co., Ltd NJ 07094",352055,"Shenzhen Haoding Technology Co., Ltd","CA,GA,NJ",3,APS AEOF,Asia Supplier Service Desk,NJ,Secaucus,07094,915 Secaucus Rd,SECAUCUS,NJ,7307,97,3,4,0.041237113402061855,0,0.0,0,0.0,0,0.0,0,0.0,4,0.041237113402061855,0,0.0,,,0,0,,1,West Savannah  Ncpc (GA) 4%,2,0.020618556701030927,5,5,5,90,0.9473684210526315,-0.2215721393771411,755.267213114754,743.6098360655742,43.19354838709677,0.9793814432989691,0.9072164948453608,1.0,0.75,,,,,,,,,1.0,0.75,4,True,misshipping
msbd_2w,msbd_su,2,469414,     XY-NJ,328725,"Henan Zhengming Electronic Commerce Co., Ltd.","CA,GA,NJ",3,APS K&D,Asia Supplier Service Desk,NJ,Bordentown,08505,3280 US Highway 206,ROBBINSVILLE,NJ,8691,97,3,21,0.21649484536082475,0,0.0,3,0.030927835051546393,3,0.030927835051546393,0,0.0,15,0.15463917525773196,0,0.0,,,0,0,,5,Rialto (CA) 6%; Rancho Cucamonga Ncpc (CA) 5%; Arcadia (CA) 2%; Richmond Hill Ncpc (GA) 1%; West Savannah  Ncpc (GA) 1%,1,0.010309278350515464,91,88,54,42,0.4375,-0.9481080204404143,666.8523076923075,1293.2895833333334,1176.9624999999999,0.9484536082474229,0.5876288659793816,0.857142857142857,0.5238095238095238,,,0.6666666666666667,1.0,1.0,1.0,,,0.8666666666666666,0.3333333333333333,21,True,misshipping
msbd_2w,msbd_su,2,473589,hefeituotuwangluokejiyouxaingongsi NJ 08817,284178,hefeituotuwangluokejiyouxaingongsi,"CA,GA,NJ,TX",4,APS Youth,Ricky Yu,NJ,Edison,08817,18 Distribution Blvd,WOODBRIDGE LOCAL,NJ,8832,96,3,12,0.125,0,0.0,0,0.0,0,0.0,0,0.0,12,0.125,0,0.0,,,0,0,,4,Savannah (GA) 7%; South Houston (TX) 3%; Diamond Bar Rsf (CA) 1%; Los Angeles (CA) 1%,2,0.020833333333333332,94,16,16,78,0.8297872340425532,-0.40577543630471297,334.46341463414626,410.89,202.08510638297875,0.96875,0.8333333333333331,0.9166666666666666,0.5833333333333333,,,,,,,,,0.9166666666666666,0.5833333333333333,12,True,misshipping
msbd_2w,msbd_su,2,469090,"Yiwu Guali Electronic Commerce Co., Ltd. NJ 08067",153269,"Yiwu Guali Electronic Commerce Co., Ltd.","CA,GA,NJ,PA,TX",5,APS Upholstery,Naomi JI,NJ,Pedricktown,08067,"2 Gateway Blvd, Pedricktown, NJ 08067",CAMDEN,NJ,8007,96,3,9,0.09375,0,0.0,0,0.0,1,0.010416666666666666,0,0.0,8,0.08333333333333333,0,0.0,,,0,0,,2,King Of Prussia (PA) 6%; Fairless Hills (PA) 2%,2,0.020833333333333332,94,71,12,82,0.8723404255319149,-0.5998458530804667,760.2445783132529,717.5115942028986,187.54680851063816,0.9791666666666667,0.43750000000000006,1.0,0.7777777777777778,,,,,1.0,0.0,,,1.0,0.875,9,True,misshipping
msbd_2w,msbd_su,2,157141,LC-USNJ03,80562,YOUDENOVA HOME INC,"CA,GA,NJ,PA,TX",5,APS Outdoor,Amber Xiang,NJ,Burlington,08016,1950 River Road,ROBBINSVILLE,NJ,8691,96,3,5,0.052083333333333336,0,0.0,1,0.010416666666666666,0,0.0,0,0.0,4,0.041666666666666664,0,0.0,,,0,0,,3,Richmond Hill Ncpc (GA) 2%; Rancho Cucamonga Ncpc (CA) 1%; Houston (TX) 1%,5,0.052083333333333336,85,15,10,81,0.8901098901098901,-0.009389426905391768,639.3594936708862,643.9316455696203,187.24555555555554,0.8333333333333334,0.7083333333333333,0.8,0.8,,,1.0,1.0,,,,,0.75,0.75,5,True,misshipping
msbd_2w,msbd_su,2,82060,Spohn Global Enterprises LLC CA95688,68906,Spohn Global Enterprises LLC,"CA,GA",2,Tabletop,Claire Przybocki,CA,Vacaville,95688,1070 Aviator Dr,FAIRFIELD,CA,94534,96,3,34,0.3541666666666667,0,0.0,0,0.0,0,0.0,0,0.0,34,0.3541666666666667,0,0.0,,,0,0,,1,Savannah (GA) 35%,13,0.13541666666666666,45,44,44,39,0.46987951807228917,-0.5787497239602161,1581.610843373494,1582.5479452054797,1458.5487804878048,0.7812499999999999,0.37499999999999994,0.9117647058823529,0.4705882352941177,,,,,,,,,0.9117647058823529,0.4705882352941177,34,True,misshipping
msbd_2w,msbd_su,2,326241,FlexiSpot Inc CA 92518(2),30987,FlexiSpot Inc,"CA,GA,IL,NJ,PA,SC,TN,TX",8,APS,Fiona Jiang,CA,Riverside,92518,22000 Opportunity Way,ROBBINSVILLE,NJ,8691,96,3,9,0.09375,0,0.0,0,0.0,7,0.07291666666666667,0,0.0,2,0.020833333333333332,0,0.0,,,0,0,,1,Lehigh Valley (PA) 2%,1,0.010416666666666666,95,14,14,81,0.8526315789473684,-1.871212445911484,717.1397727272727,933.723333333333,332.2127659574467,1.0,0.7916666666666665,1.0,0.4444444444444444,,,,,1.0,0.28571428571428575,,,1.0,1.0,9,True,misshipping
msbd_2w,msbd_su,2,318928,"Putian Momin Trading Co., Ltd. NJ 08016",313437,HONG KONG GDAKE LIMITED,"CA,NJ,NY,TX",4,Rugs,Cecilia Jia,NJ,Burlington,08016,1620 River Rd,ROBBINSVILLE,NJ,8691,96,3,1,0.010416666666666666,0,0.0,0,0.0,0,0.0,0,0.0,1,0.010416666666666666,0,0.0,,,0,0,,1,Sugar Land (TX) 1%,5,0.052083333333333336,91,1,1,90,0.989010989010989,,864.0307692307695,869.6393939393942,47.2177777777778,0.8958333333333331,0.7604166666666669,1.0,1.0,,,,,,,,,1.0,1.0,1,True,misshipping
msbd_2w,msbd_su,2,514013,NJG2,296653,Espiron Optimum Inc,"CA,GA,IL,NJ,TX",5,Casegoods,Supplier Service Desk,NJ,Township Burlington,08016,100 Crossings Dr Burlington ,ROBBINSVILLE,NJ,8691,96,3,1,0.010416666666666666,0,0.0,0,0.0,0,0.0,0,0.0,1,0.010416666666666666,0,0.0,,,0,0,,1,South Houston (TX) 1%,3,0.03125,39,17,16,77,0.8279569892473119,0.12417932845619967,532.1065573770493,649.1999999999998,233.1268817204302,0.9895833333333335,0.9479166666666671,1.0,1.0,,,,,,,,,1.0,1.0,1,True,misshipping
msbd_2w,msbd_su,2,370037,RW Flame IL 60517,44926,Rowan Global Life Inc_1,"CA,GA,IL,PA,TX",5,APS Home Improvement,Tracy Rong,IL,Woodridge,60517,2110 Wallance Way ,MCCOOK,IL,60525,96,3,4,0.041666666666666664,0,0.0,0,0.0,0,0.0,0,0.0,4,0.041666666666666664,0,0.0,,,0,0,,2,Sugar Land (TX) 2%; Richmond Hill Ncpc (GA) 2%,1,0.010416666666666666,19,8,8,87,0.9157894736842105,-0.7540382232118314,571.4613636363636,615.8920454545456,91.91648351648354,0.9687500000000001,0.8437500000000001,0.5,0.5,,,,,,,,,0.5,0.5,4,True,misshipping
msbd_2w,msbd_su,2,238059,SereneLife-TX 77423,41785,SereneLife,"CA,NY,TX",3,Kitchen & Small Electrics,Ashley Coulter,TX,Brookshire,77423,30910 Kingsland Blvd,HOUSTON LOCAL,TX,77433,95,3,1,0.010526315789473684,0,0.0,0,0.0,0,0.0,0,0.0,1,0.010526315789473684,0,0.0,,,0,0,,1,Santa Fe Springs (CA) 1%,1,0.010526315789473684,94,1,1,93,0.9893617021276596,-1.38824136152656,830.007792207792,846.8884615384615,16.41182795698924,1.0,0.6947368421052632,1.0,0.0,,,,,,,,,1.0,0.0,1,True,misshipping
msbd_2w,msbd_su,2,11136,M S International GA 30168,10633,MSI,"CA,GA,NJ,TX,VA",5,Flooring,Maddie Norris,GA,Austell,30168,7950 Troon Circle,AUSTELL,GA,30168,95,3,6,0.06315789473684211,0,0.0,0,0.0,0,0.0,0,0.0,6,0.06315789473684211,0,0.0,,,0,0,,3,Woodbridge (NJ) 2%; Newport News (VA) 2%; Anaheim (CA) 2%,11,0.11578947368421053,13,11,12,72,0.8571428571428571,-0.8125211073548558,666.7666666666665,708.2052631578948,172.94074074074084,0.7789473684210526,0.5894736842105266,0.0,0.16666666666666666,,,,,,,,,0.0,0.16666666666666666,6,True,misshipping
msbd_2w,msbd_su,2,14697,Safavieh PA 18042b,381,Safavieh,"CA,GA,IN,NJ,NY,PA,TX",7,Rugs,Alex Resnick,PA,Easton,18042,1991 North Hampton St,LEHIGH VALLEY LOCAL,PA,18067,95,3,1,0.010526315789473684,0,0.0,0,0.0,0,0.0,0,0.0,1,0.010526315789473684,0,0.0,,,0,0,,1,Baytown (TX) 1%,5,0.05263157894736842,89,5,1,89,0.9888888888888889,0.07848960543063216,1068.0166666666669,1042.5061538461541,21.901123595505624,0.9473684210526314,0.6,1.0,1.0,,,,,,,,,1.0,1.0,1,True,misshipping
msbd_2w,msbd_su,2,466724,"Shenzhen Chenran E-commerce Co., Ltd. PA 18064",465344,"Shenzhen Chenran E-commerce Co., Ltd.","CA,PA",2,Wayfair,Supplier Service Desk,PA,Nazareth,18064,3363 Gun Club Rd,LEHIGH VALLEY LOCAL,PA,18067,95,3,14,0.14736842105263157,0,0.0,0,0.0,0,0.0,0,0.0,14,0.14736842105263157,0,0.0,,,0,0,,3,Rancho Cucamonga Ncpc (CA) 12%; Chino Hills Ncpc (CA) 2%; South Rialto - Ncpc (CA) 1%,1,0.010526315789473684,94,17,17,77,0.8191489361702128,-0.811536103899294,794.1493333333333,810.5148648648649,481.98510638297864,1.0,0.8421052631578947,1.0,0.5,,,,,,,,,1.0,0.5,14,True,misshipping
msbd_2w,msbd_su,2,513563,SAILI ELECTRONIC WP-CHI4,249592,"SAILI ELECTRONIC TECHNOLOGY CO., LIMITED","CA,GA,IL,NJ,TX",5,APS Home Improvement,Danica Guo,IL,Joliet,60431,4050 Rock Creek Boulevard,SOUTH CHICAGO,IL,60446,95,3,7,0.07368421052631578,0,0.0,2,0.021052631578947368,2,0.021052631578947368,0,0.0,3,0.031578947368421054,0,0.0,,,0,0,,2,Richmond Hill Ncpc (GA) 2%; Chino Hills Ncpc (CA) 1%,1,0.010526315789473684,93,8,7,87,0.925531914893617,0.1541173029741061,510.9012048192772,487.1878048780487,87.22688172043009,0.9789473684210526,0.968421052631579,0.8571428571428572,1.0,,,1.0,1.0,1.0,1.0,,,0.6666666666666667,1.0,7,True,misshipping
msbd_2w,msbd_su,2,479772,"Foshan MJL Intelligent Home Products Co., Ltd. NJ 08016",214365,"WSIDSY CO., LIMITED","CA,GA,NJ,SC,TX",5,APS Bedroom,Ricky Yu,NJ,Burlington,08016,1900A River Rd,ROBBINSVILLE,NJ,8691,95,3,4,0.042105263157894736,0,0.0,0,0.0,0,0.0,0,0.0,4,0.042105263157894736,0,0.0,,,0,0,,2,West Savannah  Ncpc (GA) 2%; Houston (TX) 2%,0,0.0,87,85,5,90,0.9473684210526315,0.2117792467926768,470.77999999999986,457.24339622641514,82.53578947368419,0.9789473684210527,0.8421052631578948,1.0,1.0,,,,,,,,,1.0,1.0,4,True,misshipping
msbd_2w,msbd_su,2,506027,wuhanxuanyuanhuanqiukemaoyouxiangongsi NY 11572,408261,wuhanxuanyuanhuanqiukemaoyouxiangongsi,"CA,IL,NJ,NY",4,APS Decor,Asia Supplier Service Desk,NY,OCEANSIDE,11572,3401 LAWSON BLVD,GARDEN CITY,NY,11714,95,3,5,0.05263157894736842,0,0.0,0,0.0,0,0.0,0,0.0,5,0.05263157894736842,0,0.0,,,0,0,,1,Chino (CA) 5%,6,0.06315789473684211,88,11,9,80,0.898876404494382,0.21671928787711553,1312.1982456140352,1259.1128205128205,302.74831460674164,0.9052631578947369,0.821052631578947,1.0,1.0,,,,,,,,,1.0,1.0,5,True,misshipping
msbd_2w,msbd_su,2,403427,"Caoxian Zhongzhou Household Products Co., Ltd. CA 92337",292220,Pedilok Limited,"CA,GA,NJ,PA",4,APS Bedroom,Lydia Liu,CA,Fontana,92337,13423 Santa Ana Avenue,WEST RIALTO,CA,92316,94,3,2,0.02127659574468085,0,0.0,0,0.0,0,0.0,0,0.0,2,0.02127659574468085,0,0.0,,,0,0,,2,Lehigh Valley (PA) 1%; East Brunswick (NJ) 1%,1,0.010638297872340425,93,3,3,90,0.967741935483871,-2.182163976290303,1001.4482352941176,993.3315789473684,103.8505376344086,0.9574468085106381,0.627659574468085,1.0,0.5,,,,,,,,,1.0,0.5,2,True,misshipping
msbd_2w,msbd_su,2,371459,"Ningbo JiaZhe Technology Co.,Ltd CA 91752",371446,"Ningbo JiaZhe Technology Co.,Ltd","CA,NJ,SC,TX",4,Pet,Asia Supplier Service Desk,CA,Jurupa Valley,91752,11310 Cantu Galleano Ranch Rd,WEST RIALTO,CA,92316,94,3,1,0.010638297872340425,0,0.0,0,0.0,0,0.0,0,0.0,1,0.010638297872340425,0,0.0,,,0,0,,1,East Brunswick (NJ) 1%,3,0.031914893617021274,91,1,1,90,0.989010989010989,-0.4035060622441887,768.4558139534881,773.579761904762,41.18901098901098,1.0,0.9468085106382979,1.0,0.0,,,,,,,,,1.0,0.0,1,True,misshipping
msbd_2w,msbd_su,2,285441,guang dong bao lai wo zhao ming dian qi NJ 07001,244173,guang dong bao lai wo zhao ming dian qi you xian gong si,"CA,NJ",2,APS Home Improvement,Cheryl Zhang,NJ,Secaucus,07094,77 Metro Wy,SECAUCUS,NJ,7307,94,3,8,0.0851063829787234,0,0.0,0,0.0,0,0.0,0,0.0,8,0.0851063829787234,0,0.0,,,0,0,,2,Chino (CA) 5%; Industry (CA) 3%,4,0.0425531914893617,20,19,19,71,0.7888888888888889,-1.4093016574475903,807.2851851851852,1197.580357142857,586.0685393258424,0.9255319148936171,0.7446808510638296,0.875,0.125,,,,,,,,,0.875,0.125,8,True,misshipping
msbd_2w,msbd_su,2,510068,"Shenzhen Haoding Technology Co., Ltd GA 31407",352055,"Shenzhen Haoding Technology Co., Ltd","CA,GA,NJ",3,APS AEOF,Asia Supplier Service Desk,GA,Port Wentworth,31407,"157 Hendley Rd, Suite 100",SAVANNAH LOCAL,GA,31408,94,3,5,0.05319148936170213,0,0.0,1,0.010638297872340425,3,0.031914893617021274,0,0.0,1,0.010638297872340425,0,0.0,,,0,0,,1,West Rialto (CA) 1%,2,0.02127659574468085,92,6,6,86,0.9347826086956522,0.17864025878732293,771.7902173913044,759.8666666666666,53.04673913043477,0.9787234042553192,0.8404255319148934,0.6,0.4,,,1.0,1.0,0.33333333333333337,0.0,,,1.0,1.0,5,True,misshipping
msbd_2w,msbd_su,2,351119,Hermes and Fesius LLC CA 91752(2),69201,Hermes and Fesius LLC,"CA,GA,NJ,PA,TX",5,APS Outdoor,Amber Xiang,CA,Jurupa Valley,91752,3285 De Forest Cir,WEST RIALTO,CA,92316,94,3,3,0.031914893617021274,0,0.0,2,0.02127659574468085,0,0.0,0,0.0,1,0.010638297872340425,0,0.0,,,0,0,,1,Richmond Hill Ncpc (GA) 1%,1,0.010638297872340425,93,7,7,86,0.9247311827956989,0.5197058769680127,857.6923076923076,831.9041095890411,173.92688172043,0.9787234042553192,0.8191489361702127,1.0,1.0,,,1.0,1.0,,,,,1.0,1.0,3,True,misshipping
msbd_2w,msbd_su,2,333342,HOU1,47595,MANJUSRI LLC,"CA,GA,IL,NJ,TX",5,Casegoods,Zichu Wang,TX,PASADENA,77503,619 E SAM HOUSTON PKWY S,BAYTOWN,TX,77521,93,3,3,0.03225806451612903,0,0.0,0,0.0,0,0.0,0,0.0,3,0.03225806451612903,0,0.0,,,0,0,,2,Anaheim (CA) 2%; South Rialto - Ncpc (CA) 1%,3,0.03225806451612903,5,4,5,85,0.9444444444444444,-0.6224060902979434,794.4987341772152,811.4234567901237,75.54767441860467,0.9677419354838707,0.6129032258064516,0.6666666666666667,0.0,,,,,,,,,0.6666666666666667,0.0,3,True,misshipping
msbd_2w,msbd_su,2,483885,IMPERIAL HOMEWARE LONDON LIMITED TX 77033,228805,IMPERIAL HOMEWARE LONDON LIMITED,"NJ,TX",2,Soft Home,Supplier Service Desk,TX,HOUSTON,77033,6015 MURPHY STREET,SOUTH HOUSTON,TX,77075,93,3,32,0.34408602150537637,0,0.0,0,0.0,0,0.0,0,0.0,32,0.34408602150537637,0,0.0,,,0,0,,1,Robbinsville (NJ) 34%,8,0.08602150537634409,59,59,59,26,0.3058823529411765,-0.3889161521708066,877.4733333333334,1486.7851351351358,1097.6082352941182,0.8924731182795697,0.4516129032258065,0.9375,0.4687500000000001,,,,,,,,,0.9375,0.4687500000000001,32,True,misshipping
msbd_2w,msbd_su,2,340131,weifangshikunqidianzishangwuyouxiangongsi NJ 08016,315987,weifangshikunqidianzishangwuyouxiangongsi,"AZ,CA,FL,GA,NJ,TX",6,APS AEOF,Nora Li,NJ,Bordentown,08016,1900 River Rd,ROBBINSVILLE,NJ,8691,93,3,6,0.06451612903225806,0,0.0,0,0.0,1,0.010752688172043012,0,0.0,5,0.053763440860215055,0,0.0,,,0,0,,3,Chino Hills Ncpc (CA) 2%; South Rialto - Ncpc (CA) 2%; South Atlanta Ncpc (GA) 1%,1,0.010752688172043012,88,63,11,81,0.8804347826086957,-0.8723504254623133,807.8353846153847,783.5612903225806,221.92934782608685,0.9677419354838709,0.8494623655913981,1.0,0.6666666666666666,,,,,1.0,0.0,,,1.0,0.8,6,True,misshipping
msbd_2w,msbd_su,2,254770,PRIMESTOK Jersey CA 91730,81358,PRIMESTOK INC,"CA,FL,GA,NJ",4,Casegoods,Zichu Wang,CA,Rancho Cucamonga,91730,11750 Jersey Blvd,WEST RIALTO,CA,92316,93,3,2,0.021505376344086023,0,0.0,0,0.0,0,0.0,0,0.0,2,0.021505376344086023,0,0.0,,,0,0,,2,Richmond Hill Ncpc (GA) 1%; West Savannah  Ncpc (GA) 1%,10,0.10752688172043011,8,2,2,81,0.9759036144578314,0.3907613159007638,1946.1806451612904,1932.8218181818183,60.3925925925926,0.881720430107527,0.8064516129032256,1.0,1.0,,,,,,,,,1.0,1.0,2,True,misshipping
msbd_2w,msbd_su,2,478653,"Shanghai Yudingchi Technology Co., LTD. NJ 08857",336659,"Shanghai Yudingchi Technology Co., LTD.","CA,NJ,PA,TX",4,APS AEOF,Asia Supplier Service Desk,NJ,Old Bridge,08857,600 Fairway Lane,EAST BRUNSWICK,NJ,8816,93,3,38,0.40860215053763443,0,0.0,0,0.0,0,0.0,0,0.0,38,0.40860215053763443,0,0.0,,,0,0,,5,Spring (TX) 18%; Rancho Cucamonga Ncpc (CA) 13%; South Rialto - Ncpc (CA) 4%; Rialto (CA) 3%; Industry (CA) 2%,6,0.06451612903225806,79,78,74,13,0.14942528735632185,-2.228825686945814,622.1045454545452,1986.2292682926827,2012.9409638554216,0.8602150537634408,0.2903225806451613,0.8947368421052629,0.3947368421052633,,,,,,,,,0.8947368421052629,0.3947368421052633,38,True,misshipping
msbd_2w,msbd_su,2,87092,"Wuhan Gojin Technology Co., Ltd. CA 92337",86671,"Wuhan Gojin Technology Co., Ltd.","CA,GA,NJ,TX",4,APS,Emily Liao,CA,Fontana,92337,10850 Business Dr,WEST RIALTO,CA,92316,93,3,2,0.021505376344086023,0,0.0,0,0.0,1,0.010752688172043012,0,0.0,1,0.010752688172043012,0,0.0,,,0,0,,1,East Brunswick (NJ) 1%,4,0.043010752688172046,86,2,2,87,0.9775280898876404,-0.10146655772735536,1391.6999999999996,1340.6185714285716,89.9793103448276,0.8817204301075269,0.6236559139784947,1.0,1.0,,,,,1.0,1.0,,,1.0,1.0,2,True,misshipping
msbd_2w,msbd_su,2,374823,"Ningbo Jimarkde Trading Co., Ltd. NJ 07885",89483,"Ningbo Jimarkde Trading Co., Ltd.","CA,GA,NJ",3,APS Outdoor,Moti Mao,NJ,wharton,07885,40 Harry Shupe Blvd,DOVER,NJ,7801,93,3,7,0.07526881720430108,0,0.0,1,0.010752688172043012,0,0.0,0,0.0,6,0.06451612903225806,0,0.0,,,0,0,,3,West Savannah  Ncpc (GA) 4%; Richmond Hill Ncpc (GA) 1%; South Rialto - Ncpc (CA) 1%,0,0.0,93,89,17,76,0.8172043010752689,0.2545989323749687,474.6560606060607,622.7742857142857,316.36451612903215,0.8924731182795697,0.6559139784946235,0.8571428571428572,0.4285714285714286,,,1.0,1.0,,,,,0.8333333333333334,0.33333333333333337,7,True,misshipping
msbd_2w,msbd_su,2,346446,Abani Home LLC TX 77016,44362,Abani Home LLC,"CA,FL,NY,PA,TX",5,Rugs,Brianna Barrett,TX, Houston ,77016,10622 Hirsch Rd,EAST HOUSTON,TX,77032,93,3,8,0.08602150537634409,0,0.0,0,0.0,0,0.0,0,0.0,8,0.08602150537634409,0,0.0,,,0,0,,2,Fairless Hills (PA) 6%; Jacksonville (FL) 2%,4,0.043010752688172046,88,11,11,78,0.8764044943820225,-0.07102118229909697,988.4645569620251,1026.1951219512189,197.4717647058824,0.9569892473118281,0.6344086021505373,1.0,0.375,,,,,,,,,1.0,0.375,8,True,misshipping
msbd_2w,msbd_su,2,326847,Ningbo Qiangbang Outdoor Leisure Products GA 30517,104050,"Ningbo Qiangbang Outdoor Leisure Products Co., Ltd","CA,GA,NJ,PA,TX",5,APS Outdoor,Amber Xiang,GA,Braselton,30517,308 Jesse Cronic Rd,BRASELTON,GA,30517,92,3,2,0.021739130434782608,0,0.0,0,0.0,0,0.0,0,0.0,2,0.021739130434782608,0,0.0,,,0,0,,2,Robbinsville (NJ) 1%; Fairless Hills (PA) 1%,22,0.2391304347826087,21,19,5,65,0.9285714285714286,0.8457188397939426,685.6613333333332,611.8596491228068,83.8058823529412,0.6956521739130433,0.5760869565217391,0.5,1.0,,,,,,,,,0.5,1.0,2,True,misshipping
msbd_2w,msbd_su,2,331596,Equal Fitness Inc TX 77494,299881,Equal Fitness Inc,"CA,GA,NJ,PA,TX",5,Decor,Asia Supplier Service Desk,TX,KATY,77494 ,28119 KATY FWY,HOUSTON LOCAL,TX,77433,92,3,2,0.021739130434782608,0,0.0,1,0.010869565217391304,0,0.0,0,0.0,1,0.010869565217391304,0,0.0,,,0,0,,1,West Savannah  Ncpc (GA) 1%,4,0.043478260869565216,87,5,5,83,0.9431818181818182,0.8075485355420498,1047.18,1071.2377358490571,80.87471264367818,0.6956521739130435,0.5869565217391307,0.0,0.5,,,0.0,1.0,,,,,0.0,0.0,2,True,misshipping
msbd_2w,msbd_su,2,369933,Shanghai Kasituo Keji Youxiangong TX 77066,331083,"Shanghai Castor Technology Co., Ltd.","CA,GA,MD,NJ,TX",5,APS Bedroom,Ivy Mao,TX,Houston,77066,11833 Cutten Road,SPRING,TX,77388,92,3,5,0.05434782608695652,0,0.0,1,0.010869565217391304,0,0.0,0,0.0,4,0.043478260869565216,0,0.0,,,0,0,,3,East Brunswick (NJ) 2%; Rialto (CA) 1%; West Savannah  Ncpc (GA) 1%,13,0.14130434782608695,13,9,9,70,0.8860759493670886,0.2571522827268757,749.107843137255,687.4673469387754,168.14683544303807,0.7173913043478262,0.7065217391304348,0.6,0.8,,,0.0,1.0,,,,,0.75,0.75,5,True,misshipping
msbd_2w,msbd_su,2,363215,ONT5,202881,fanfei zhejiang xincailiao youxian gongsi,"CA,IL,MA",3,APS Decor,Mariah Mao,CA,Ontario,91761,3550-B East Jurupa Street,CHINO LOCAL,CA,91710,92,3,1,0.010869565217391304,0,0.0,0,0.0,0,0.0,0,0.0,1,0.010869565217391304,0,0.0,,,0,0,,1,Chicago (IL) 1%,3,0.03260869565217391,89,1,1,88,0.9887640449438202,,1690.6329113924053,1725.7171052631575,22.316853932584262,0.9891304347826088,0.6956521739130432,1.0,1.0,,,,,,,,,1.0,1.0,1,True,misshipping
msbd_2w,msbd_su,2,316083,Equal Fitness Inc CA 92571 ,299881,Equal Fitness Inc,"CA,GA,NJ,PA,TX",5,Decor,Asia Supplier Service Desk,CA,Perris ,92571,728 W Rider St ,RIALTO LOCAL,CA,92316,92,3,2,0.021739130434782608,0,0.0,0,0.0,0,0.0,0,0.0,2,0.021739130434782608,0,0.0,,,0,0,,1,West Savannah  Ncpc (GA) 2%,4,0.043478260869565216,87,2,2,86,0.9772727272727273,0.3529793364062501,1179.9544303797472,1182.7202531645569,54.86551724137933,0.8913043478260867,0.5108695652173912,0.5,0.5,,,,,,,,,0.5,0.5,2,True,misshipping
msbd_2w,msbd_su,2,352259,"Ningbo Yiyue electronic Commerce Co., LTD GA 31326",304845,"Ningbo Yiyue electronic Commerce Co., LTD","CA,GA,NJ,TX",4,APS Outdoor,Qiwen Fan,GA,Rincon,31326,1600 General way,SUGAR LAND,TX,77489,91,3,18,0.1978021978021978,0,0.0,0,0.0,17,0.18681318681318682,0,0.0,1,0.01098901098901099,0,0.0,,,0,0,,1,Metuchen (NJ) 1%,1,0.01098901098901099,90,45,45,45,0.5,-0.1745839767279705,609.2594594594593,688.0064516129031,359.3233333333333,0.9230769230769228,0.8351648351648352,0.8888888888888887,0.6666666666666669,,,,,0.8823529411764705,0.6470588235294119,,,1.0,1.0,18,True,misshipping
msbd_2w,msbd_su,2,372527,shen shen shi shi guang ji ke ji you xian gong si CA 91748,325863,shen shen shi shi guang ji ke ji you xian gong si,"CA,GA",2,APS Home Improvement,Asia Supplier Service Desk,CA,City Of Industry,91748,18738 San Jose Ave,INDUSTRY,CA,91789,91,3,2,0.02197802197802198,0,0.0,0,0.0,1,0.01098901098901099,0,0.0,1,0.01098901098901099,0,0.0,,,0,0,,1,Braselton (GA) 1%,10,0.10989010989010989,80,2,2,79,0.9753086419753086,-0.3103171200298608,1694.2618421052632,1658.0753424657535,77.25999999999999,0.9230769230769231,0.736263736263736,1.0,1.0,,,,,1.0,1.0,,,1.0,1.0,2,True,misshipping
msbd_2w,msbd_su,2,406567,Negotium Est Bombus Inc NJ 08691,76813,Negotium Est Bombus Inc,"CA,NJ",2,APS Housewares & More,Asia Supplier Service Desk,NJ,Hamilton,08691,1384 Yardville Hamilton Square Rd,ROBBINSVILLE,NJ,8691,91,3,2,0.02197802197802198,0,0.0,0,0.0,0,0.0,0,0.0,2,0.02197802197802198,0,0.0,,,0,0,,1,Arcadia (CA) 2%,5,0.054945054945054944,5,5,5,81,0.9418604651162791,-0.22755866360101307,1070.1962025316454,1197.7400000000002,160.45882352941183,0.879120879120879,0.46153846153846173,1.0,1.0,,,,,,,,,1.0,1.0,2,True,misshipping
msbd_2w,msbd_su,2,412195,"Shenzhen Qianjing Technology Co., Ltd. NJ 08016",323287,"Shenzhen Qianjing Technology Co., Ltd.","CA,GA,NJ,TX",4,APS Outdoor,Asia Supplier Service Desk,NJ,Burlington,08016,1900A River Rd,ROBBINSVILLE,NJ,8691,91,3,8,0.08791208791208792,0,0.0,2,0.02197802197802198,0,0.0,0,0.0,6,0.06593406593406594,0,0.0,,,0,0,,3,West Savannah  Ncpc (GA) 4%; Rialto (CA) 1%; Savannah (GA) 1%,3,0.03296703296703297,76,76,8,80,0.9090909090909091,0.3488726946057721,658.1527272727271,563.5173913043478,117.54597701149424,0.868131868131868,0.7912087912087911,0.75,0.75,,,1.0,1.0,,,,,0.6666666666666666,0.6666666666666666,8,True,misshipping
msbd_2w,msbd_su,2,326726,"NINGBO YOUSUN IMP. AND EXP.CO.,LTD NJ 08859",302478,"NINGBO YOUSUN IMP. AND EXP.CO.,LTD","CA,GA,IL,NJ,PA,TX",6,APS Housewares & More,Jynn Jiang,NJ,PARLIN,08859,99 CALLAHAN BLVD ,EAST BRUNSWICK,NJ,8816,91,3,1,0.01098901098901099,0,0.0,0,0.0,0,0.0,0,0.0,1,0.01098901098901099,0,0.0,,,0,0,,1,South Atlanta Ncpc (GA) 1%,1,0.01098901098901099,4,4,4,86,0.9555555555555556,-0.5551898178626291,810.060606060606,855.218181818182,61.55111111111111,0.9670329670329669,0.6593406593406594,1.0,0.0,,,,,,,,,1.0,0.0,1,True,misshipping
msbd_2w,msbd_su,2,341753,"Zhejiang On Leap Furnishing Co.,Ltd. GA 31322",63641,"Zhejiang On Leap Furnishing Co.,Ltd.","CA,GA,NJ,TX",4,APS Outdoor,Qiwen Fan,GA,Pooler,31322,301 CYPRESS MEADOW DR,SAVANNAH LOCAL,GA,31408,90,3,9,0.1,0,0.0,5,0.05555555555555555,3,0.03333333333333333,0,0.0,1,0.011111111111111112,0,0.0,,,0,0,,1,Houston (TX) 1%,1,0.011111111111111112,88,15,16,73,0.8202247191011236,0.431643396070988,713.5059701492537,618.0014705882351,206.8681818181819,0.888888888888889,0.7222222222222221,0.8888888888888888,0.8888888888888888,,,1.0,1.0,0.6666666666666667,0.6666666666666667,,,1.0,1.0,9,True,misshipping
msbd_2w,msbd_su,2,342572,Espiron Optimu CA 91762 342572,296653,Espiron Optimum Inc,"CA,GA,IL,NJ,TX",5,Casegoods,Supplier Service Desk,CA,Ontario,91762,"C/O 4705 Walker Ave,",CHINO LOCAL,CA,91710,90,3,4,0.044444444444444446,0,0.0,1,0.011111111111111112,0,0.0,0,0.0,3,0.03333333333333333,0,0.0,,,0,0,,2,South Houston (TX) 2%; West Savannah  Ncpc (GA) 1%,0,0.0,90,9,9,81,0.9,-2.3643797639543367,659.6142857142858,790.7277108433736,212.3932584269662,0.9666666666666669,0.7888888888888892,1.0,0.25,,,1.0,0.0,,,,,1.0,0.33333333333333337,4,True,misshipping
msbd_2w,msbd_su,2,277243,AIVITUVIN INC HOU05,70398,AIVITUVIN INC,"CA,GA,IL,NJ,TX",5,APS,Regan Zou,TX,Cypress,77429,14402 Fallbrook Drive,HOUSTON LOCAL,TX,77433,90,3,2,0.022222222222222223,0,0.0,0,0.0,1,0.011111111111111112,0,0.0,1,0.011111111111111112,0,0.0,,,0,0,,1,Chino (CA) 1%,3,0.03333333333333333,87,2,2,85,0.9770114942528736,-0.7762567429461862,672.5491525423729,687.828813559322,29.054022988505753,1.0,0.6555555555555554,1.0,0.5,,,,,1.0,1.0,,,1.0,0.0,2,True,misshipping
msbd_2w,msbd_su,2,356809,YQN-TX,92472,"Shenyang Ha Ha Trading Co., Ltd limited company","CA,GA,NJ,TX",4,APS Outdoor,Amber Xiang,TX,Katy,77494,28501 Hwy Blvd,HOUSTON LOCAL,TX,77433,90,3,1,0.011111111111111112,0,0.0,0,0.0,0,0.0,0,0.0,1,0.011111111111111112,0,0.0,,,0,0,,1,West Savannah  Ncpc (GA) 1%,0,0.0,88,3,12,78,0.8666666666666667,-0.6363793401278286,823.8241379310344,836.4122807017549,58.97011494252874,0.911111111111111,0.6777777777777777,1.0,1.0,,,,,,,,,1.0,1.0,1,True,misshipping
msbd_2w,msbd_su,2,450721,USEA-15[新泽西15号仓],308237,chongqinghongliyangmaoyiyouxiangongsi,"CA,GA,IL,NJ,TX",5,APS K&D,Asia Supplier Service Desk,NJ,Hainesport,08036,C/O 100 Lawrence Blvd,CAMDEN,NJ,8007,90,3,22,0.24444444444444444,0,0.0,0,0.0,1,0.011111111111111112,0,0.0,21,0.23333333333333334,0,0.0,,,0,0,,8,Houston (TX) 7%; Romeoville Rsf (IL) 6%; West Savannah  Ncpc (GA) 3%; Rialto (CA) 2%; Richmond Hill Ncpc (GA) 2%,2,0.022222222222222223,65,62,32,56,0.6363636363636364,0.10688339026963757,532.0215384615383,534.6193548387098,468.2659090909089,0.9666666666666668,0.8444444444444442,0.909090909090909,0.7727272727272726,,,,,1.0,1.0,,,0.9047619047619047,0.7619047619047619,22,True,misshipping
msbd_2w,msbd_su,2,368614,"Xiamenshi XingLan Trading Co., Ltd. IL 60517",291064,"Xiamenshi XingLan Trading Co., Ltd.","CA,GA,IL,NJ,TX",5,APS Mattresses,Checky Yi,IL,Woodridge,60517,1433 Internationale Pkwy,MCCOOK,IL,60525,89,3,4,0.0449438202247191,0,0.0,0,0.0,0,0.0,0,0.0,4,0.0449438202247191,0,0.0,,,0,0,,1,South Atlanta Ncpc (GA) 4%,10,0.11235955056179775,55,4,4,75,0.9493670886075949,0.45167587067420434,660.5737500000001,594.2769230769228,49.62179487179485,0.1348314606741573,0.48314606741573024,1.0,1.0,,,,,,,,,1.0,1.0,4,True,misshipping
msbd_2w,msbd_su,2,412093,RAYS LTD CA 92374,65792,RAYS LTD,"CA,GA,NJ,TX",4,APS Home Improvement,Yu Xie,CA,Redlands,92374,"26682 Almond Avenue, Redlands, CA 92374 ",WEST RIALTO,CA,92316,89,3,7,0.07865168539325842,0,0.0,1,0.011235955056179775,1,0.011235955056179775,0,0.0,5,0.056179775280898875,0,0.0,,,0,0,,2,Houston (TX) 3%; South Atlanta Ncpc (GA) 2%,10,0.11235955056179775,79,8,8,71,0.8987341772151899,-0.05925459086843177,682.5341176470589,625.004,206.23670886075953,0.8089887640449437,0.7078651685393258,1.0,0.7142857142857143,,,1.0,1.0,1.0,0.0,,,1.0,0.8,7,True,misshipping
msbd_2w,msbd_su,2,281294,HangZhou ChuangZhiShengWuJin YouXian NJ 07208,97933,HangZhou ChuangZhiShengWuJin YouXianGongSi,"CA,NJ,TX",3,APS,Asia Supplier Service Desk,NJ,Elizabeth,07208,865 Newark Ave,LINDEN,NJ,7036,89,3,4,0.0449438202247191,0,0.0,0,0.0,0,0.0,0,0.0,4,0.0449438202247191,0,0.0,,,0,0,,1,Anaheim (CA) 4%,0,0.0,14,10,10,79,0.8876404494382022,-1.4726606795062358,531.4338235294117,725.8205882352944,315.4590909090909,0.9887640449438204,0.8426966292134832,1.0,0.25,,,,,,,,,1.0,0.25,4,True,misshipping
msbd_2w,msbd_su,2,310855,Espiron Optimum Inc CA 92337(2),296653,Espiron Optimum Inc,"CA,GA,IL,NJ,TX",5,Casegoods,Supplier Service Desk,CA,Fontana,92337,11281 Citrus Ave,WEST RIALTO,CA,92316,88,3,7,0.07954545454545454,0,0.0,0,0.0,0,0.0,0,0.0,7,0.07954545454545454,0,0.0,,,0,0,,3,West Savannah  Ncpc (GA) 5%; Houston (TX) 2%; Woodbridge (NJ) 1%,2,0.022727272727272728,77,10,10,76,0.8837209302325582,-2.526311240592184,1121.0883116883117,1336.2014705882355,287.0073170731708,0.9318181818181819,0.7499999999999999,1.0,0.28571428571428575,,,,,,,,,1.0,0.28571428571428575,7,True,misshipping
msbd_2w,msbd_su,2,456884,Plagoods LLC CA 91761,452807,Plagoods LLC,"CA,MA,NJ",3,Wayfair,Sylvia Ding,CA,Ontario,91761,1251 S Rockefeller ave unit B Ontario CA 91761,CHINO LOCAL,CA,91710,88,3,11,0.125,0,0.0,2,0.022727272727272728,2,0.022727272727272728,0,0.0,7,0.07954545454545454,0,0.0,,,0,0,,1,Metuchen (NJ) 8%,11,0.125,75,18,18,59,0.7662337662337663,-0.24926655047877755,1198.2423076923078,1325.3867647058823,607.4346666666665,0.8977272727272728,0.7159090909090909,0.8181818181818181,0.7272727272727272,,,0.5,1.0,0.5,1.0,,,1.0,0.5714285714285714,11,True,misshipping
msbd_2w,msbd_su,2,335093,Shanghai Kasituo Keji Youxiangong CA 92337,331083,"Shanghai Castor Technology Co., Ltd.","CA,GA,MD,NJ,TX",5,APS Bedroom,Ivy Mao,CA,Fontana,92337,10525 Redwood Avenue,WEST RIALTO,CA,92316,88,3,3,0.03409090909090909,0,0.0,1,0.011363636363636364,0,0.0,0,0.0,2,0.022727272727272728,0,0.0,,,0,0,,2,West Savannah  Ncpc (GA) 1%; Spring (TX) 1%,1,0.011363636363636364,85,4,4,83,0.9540229885057471,-0.5304350413069439,962.9458333333332,988.7450704225353,100.80229885057472,0.9886363636363639,0.7954545454545457,1.0,0.6666666666666666,,,1.0,1.0,,,,,1.0,0.5,3,True,misshipping
msbd_2w,msbd_su,2,369967,"Bazhou Yunna Furniture Co., Ltd NJ 08505",369960,"Bazhou Yunna Furniture Co., Ltd","CA,NJ,PA",3,Wayfair,Asia Supplier Service Desk,NJ,Fieldsboro,08505,Florence Columbus Road C/O 1183,ROBBINSVILLE,NJ,8691,88,3,3,0.03409090909090909,0,0.0,0,0.0,0,0.0,0,0.0,3,0.03409090909090909,0,0.0,,,0,0,,1,South Rialto - Ncpc (CA) 3%,0,0.0,88,85,7,81,0.9204545454545454,-0.6598835567462453,620.9260273972604,733.5575757575757,232.65340909090907,0.943181818181818,0.7272727272727275,1.0,0.0,,,,,,,,,1.0,0.0,3,True,misshipping
msbd_2w,msbd_su,2,251156,Wayfair Embellish chang LLC NJ 07114,70498,Embellish chang LLC,"CA,NJ",2,APS Outdoor,Amber Xiang,NJ,Newark,07114,1239 Broad St,NEWARK,NJ,7105,88,3,2,0.022727272727272728,0,0.0,0,0.0,0,0.0,0,0.0,2,0.022727272727272728,0,0.0,,,0,0,,2,Arcadia (CA) 1%; Rancho Cucamonga Ncpc (CA) 1%,0,0.0,88,70,3,85,0.9659090909090909,-1.195018958979662,683.2564516129031,666.1444444444445,192.05172413793102,0.9090909090909093,0.5681818181818181,1.0,0.0,,,,,,,,,1.0,0.0,2,True,misshipping
msbd_2w,msbd_su,2,517488,"Shenzhen Jiayuan Decoration Materials Co., Ltd. CA 92324",86802,"Shenzhen Jiayuan Decoration Materials Co., Ltd.","CA,GA,NJ",3,Upholstery,Supplier Service Desk,CA,Colton,92324,2163 Riverside Ave,WEST RIALTO,CA,92316,88,3,18,0.20454545454545456,0,0.0,0,0.0,0,0.0,0,0.0,18,0.20454545454545456,0,0.0,,,0,0,,2,Richmond Hill Ncpc (GA) 16%; East Brunswick (NJ) 5%,4,0.045454545454545456,80,20,21,63,0.75,0.7027686819913298,1902.402857142857,1519.3710144927536,601.6662650602409,0.9318181818181817,0.8409090909090909,0.8888888888888887,0.8888888888888887,,,,,,,,,0.8888888888888887,0.8888888888888887,18,True,misshipping
msbd_2w,msbd_su,2,494553,  NJ02,431812,zheng ding xian wang sen shang mao you xian gong si,"CA,NJ",2,APS Bedroom,Asia Supplier Service Desk,NJ,Burlington,08016,280 Daniels Way,ROBBINSVILLE,NJ,8691,88,3,9,0.10227272727272728,0,0.0,3,0.03409090909090909,0,0.0,0,0.0,6,0.06818181818181818,0,0.0,,,0,0,,3,South Rialto - Ncpc (CA) 3%; Rancho Cucamonga Ncpc (CA) 2%; Chino (CA) 1%,40,0.45454545454545453,15,10,10,38,0.7916666666666666,0.3277271505499123,995.2611940298508,699.9048780487803,565.64375,0.5681818181818182,0.46590909090909083,1.0,0.7777777777777778,,,1.0,1.0,,,,,1.0,0.6666666666666666,9,True,misshipping
msbd_2w,msbd_su,2,298246,FlexiSpot Inc TX 77494,30987,FlexiSpot Inc,"CA,GA,IL,NJ,PA,SC,TN,TX",8,APS,Fiona Jiang,TX,KATY,77494,28119 KATY FWY,HOUSTON LOCAL,TX,77433,87,3,14,0.16091954022988506,0,0.0,2,0.022988505747126436,1,0.011494252873563218,0,0.0,11,0.12643678160919541,0,0.0,,,0,0,,4,South Rialto - Ncpc (CA) 6%; Fairless Hills (PA) 3%; Rialto (CA) 2%; Robbinsville (NJ) 1%,1,0.011494252873563218,86,20,20,66,0.7674418604651163,-0.2543035994806745,875.6926470588234,958.1724637681157,371.0709302325582,0.9195402298850573,0.689655172413793,0.7857142857142857,0.857142857142857,,,1.0,1.0,1.0,1.0,,,0.7272727272727273,0.8181818181818181,14,True,misshipping
msbd_2w,msbd_su,2,320729,"FoShan XiNiu Outdoor Product Co., Ltd NJ 08512 ",47589,SUMMER BELLA INC,"CA,GA,IL,NJ,PA,TX",6,APS,Danica Guo,NJ,East Windsor,08512,2615 US Route 130 ,PRINCETON,NJ,8810,87,3,1,0.011494252873563218,0,0.0,0,0.0,0,0.0,0,0.0,1,0.011494252873563218,0,0.0,,,0,0,,1,Sugar Land (TX) 1%,4,0.04597701149425287,27,20,3,80,0.963855421686747,0.040906179955171415,955.1854545454544,973.6254901960782,68.3698795180723,0.7126436781609193,0.5517241379310345,0.0,0.0,,,,,,,,,0.0,0.0,1,True,misshipping
msbd_2w,msbd_su,2,352048,"Shenzhen Jinjiachuang Trading Co., Ltd. NJ 08075",111397,"Shenzhen Jinjiachuang Trading Co., Ltd.","CA,GA,NJ",3,APS K&D,Asia Supplier Service Desk,NJ,Delanco,08075,"951 Coopertown Rd Delanco, NJ 08075 United States",CAMDEN,NJ,8007,87,3,3,0.034482758620689655,0,0.0,0,0.0,1,0.011494252873563218,0,0.0,2,0.022988505747126436,0,0.0,,,0,0,,1,South Rialto - Ncpc (CA) 2%,1,0.011494252873563218,81,17,4,82,0.9534883720930233,-0.5037545141003004,765.287142857143,847.222857142857,134.8152941176469,0.9770114942528736,0.839080459770115,1.0,0.0,,,,,1.0,0.0,,,1.0,0.0,3,True,misshipping
msbd_2w,msbd_su,2,432360,"Hainan Chuangshiji Technology Co., Ltd GA 31326(4)",288386,"Hainan Chuangshiji Technology Co., Ltd","CA,GA,NJ,TX",4,APS Bedroom,Iris Sang,GA,Rincon,31326,1200 General Way,SAVANNAH LOCAL,GA,31408,87,3,10,0.11494252873563218,0,0.0,1,0.011494252873563218,0,0.0,0,0.0,9,0.10344827586206896,0,0.0,,,0,0,,3,Spring (TX) 6%; East Brunswick (NJ) 3%; Chino Hills Ncpc (CA) 1%,3,0.034482758620689655,82,13,13,71,0.8452380952380952,0.5420181738086178,515.1426829268293,447.1914634146342,164.04268292682926,0.942528735632184,0.6781609195402298,0.8,0.39999999999999997,,,1.0,0.0,,,,,0.7777777777777778,0.4444444444444444,10,True,misshipping
msbd_2w,msbd_su,2,294754,Shen zhen shi tian jian shi ye fa zhan yo CA 90502,200887,"HONG KONG TIANJIAN INDUSTRIAL DEVELOPMENT CO., LIMITED","CA,GA,NJ,TX",4,APS,Ida Li,CA,Torrance,90502,20101 S Vermont Ave,CARSON,CA,90746,87,3,2,0.022988505747126436,0,0.0,0,0.0,0,0.0,0,0.0,2,0.022988505747126436,0,0.0,,,0,0,,1,South Houston (TX) 2%,4,0.04597701149425287,4,2,2,81,0.9759036144578314,0.2864920218833992,608.6341772151899,581.1858974358979,38.56385542168676,0.988505747126437,0.7931034482758622,1.0,1.0,,,,,,,,,1.0,1.0,2,True,misshipping
msbd_2w,msbd_su,2,404034,"FoShan XiNiu Outdoor Product Co., Ltd GA 30331(2)",47589,SUMMER BELLA INC,"CA,GA,IL,NJ,PA,TX",6,APS Home Improvement,Danica Guo,GA,South Fulton,30336,1950 Oak Lawn Ave,AUSTELL,GA,30168,87,3,5,0.05747126436781609,0,0.0,1,0.011494252873563218,3,0.034482758620689655,0,0.0,1,0.011494252873563218,0,0.0,,,0,0,,1,Princeton (NJ) 1%,16,0.1839080459770115,29,16,13,58,0.8169014084507042,-0.09847678536237475,779.1529411764709,732.8218181818181,90.30142857142856,0.6896551724137935,0.5517241379310346,0.6,0.8,,,1.0,1.0,0.3333333333333333,1.0,,,1.0,0.0,5,True,misshipping
msbd_2w,msbd_su,2,295612,"Fuzhou Gewuhan E-commerce Co., Ltd GA 31302",295513,"Fuzhou Gewuhan E-commerce Co., Ltd","CA,GA,IL,NJ,TX",5,APS,Lacey Yan,GA,Bloomingdale,31302,651 Bloomingdale Rd,SAVANNAH LOCAL,GA,31408,87,3,9,0.10344827586206896,0,0.0,0,0.0,4,0.04597701149425287,0,0.0,5,0.05747126436781609,0,0.0,,,0,0,,3,Spring (TX) 2%; South Rialto - Ncpc (CA) 2%; Anaheim (CA) 1%,0,0.0,87,23,23,64,0.735632183908046,-1.2323523620546495,459.56913580246925,496.922857142857,251.17356321839083,0.9195402298850578,0.7471264367816092,0.7777777777777778,0.5555555555555556,,,,,0.5,0.5,,,1.0,0.6,9,True,misshipping
msbd_2w,msbd_su,2,349467,"CHAOXI INTERNATIONAL CO., LIMITED GA 30518",313704,"CHAOXI INTERNATIONAL CO., LIMITED","CA,GA,TX",3,APS Upholstery,Asia Supplier Service Desk,GA,Buford,30518,1700 broadmoor blvd,BRASELTON,GA,30517,87,3,2,0.022988505747126436,0,0.0,0,0.0,0,0.0,0,0.0,2,0.022988505747126436,0,0.0,,,0,0,,1,Sugar Land (TX) 2%,0,0.0,2,2,2,85,0.9770114942528736,-0.020388446205029026,670.2746835443037,670.8696202531645,19.7080459770115,0.988505747126437,0.839080459770115,0.5,0.5,,,,,,,,,0.5,0.5,2,True,misshipping
msbd_2w,msbd_su,2,470795,Wire King Hong Kong Limited PA 18045,60328,Wire King Hong Kong Limited,"CA,GA,NJ,PA,TX",5,APS Housewares & More,Jynn Jiang,PA,Easton,18045,2345 Newlins Mill Rd,LEHIGH VALLEY LOCAL,PA,18067,86,3,9,0.10465116279069768,0,0.0,0,0.0,0,0.0,0,0.0,9,0.10465116279069768,0,0.0,,,0,0,,3,South Atlanta Ncpc (GA) 8%; Industry (CA) 1%; Diamond Bar Rsf (CA) 1%,8,0.09302325581395349,78,13,13,65,0.8333333333333334,0.5597012340754834,545.9559322033897,444.35172413793106,207.67564102564086,0.8023255813953489,0.6976744186046511,0.5555555555555556,0.6666666666666666,,,,,,,,,0.5555555555555556,0.6666666666666666,9,True,misshipping
msbd_2w,msbd_su,2,333378,JES SL ENTERPRISES LLC FL 33702,329906,JES SL ENTERPRISES LLC,"FL,MI",2,Wayfair,Supplier Service Desk,FL,St. Petersburg,33702,7901 4th St N,ST. PETERSBURG,FL,33716,86,3,37,0.43023255813953487,0,0.0,0,0.0,0,0.0,0,0.0,37,0.43023255813953487,0,0.0,,,0,0,,1,Kalamazoo (MI) 43%,3,0.03488372093023256,81,81,81,2,0.024096385542168676,0.0015291000893459025,993.8660377358492,1090.6193548387096,1232.9780487804885,0.8720930232558142,0.8023255813953488,0.8918918918918917,0.783783783783784,,,,,,,,,0.8918918918918917,0.783783783783784,37,True,misshipping
msbd_2w,msbd_su,2,466015,"Yiwu Fengyu Trading Co., Ltd. CA 92337",294521,"Yiwu Fengyu Trading Co., Ltd.","CA,NJ",2,APS Decor,Asia Supplier Service Desk,CA,Fontana,92337,11618 mulberry Ave.,WEST RIALTO,CA,92316,86,3,1,0.011627906976744186,0,0.0,0,0.0,0,0.0,0,0.0,1,0.011627906976744186,0,0.0,,,0,0,,1,Metuchen (NJ) 1%,10,0.11627906976744186,75,1,1,75,0.9868421052631579,-0.20772481281043798,1300.480263157895,1261.2600000000004,36.79729729729732,0.8139534883720931,0.6511627906976747,1.0,1.0,,,,,,,,,1.0,1.0,1,True,misshipping
msbd_2w,msbd_su,2,476381,Abani Home LLC PA 19047,44362,Abani Home LLC,"CA,FL,NY,PA,TX",5,Rugs,Brianna Barrett,PA,Langhorne ,19047,180 Wheeler Ct,PHILADELPHIA,PA,19154,86,3,8,0.09302325581395349,0,0.0,0,0.0,0,0.0,0,0.0,8,0.09302325581395349,0,0.0,,,0,0,,3,Baytown (TX) 5%; Jacksonville (FL) 3%; Houston (TX) 1%,3,0.03488372093023256,83,21,19,64,0.7710843373493976,-0.28310023364369025,583.7803278688526,649.4200000000002,294.0414634146341,0.9418604651162789,0.5930232558139533,0.875,0.625,,,,,,,,,0.875,0.625,8,True,misshipping
msbd_2w,msbd_su,2,456893,Plagoods LLC GA 30518,452807,Plagoods LLC,"CA,MA,NJ",3,Wayfair,Sylvia Ding,NJ,Edison,08817,"30 Executive Avenue, Edison, NJ 08817 USA",WOODBRIDGE LOCAL,NJ,8832,86,3,24,0.27906976744186046,0,0.0,0,0.0,4,0.046511627906976744,0,0.0,20,0.23255813953488372,0,0.0,,,0,0,,4,Chino (CA) 16%; Arcadia (CA) 3%; Industry (CA) 2%; Los Angeles (CA) 1%,8,0.09302325581395349,77,35,35,43,0.5512820512820513,-0.5134845618808355,942.9228571428567,1109.515384615384,1100.7233766233771,0.988372093023256,0.6976744186046514,1.0,0.5,,,,,1.0,0.25,,,1.0,0.55,24,True,misshipping
msbd_2w,msbd_su,2,280784,Shenzhenshi Yilaitake Kejiyouxiangongsi TX 77035,229868,Shenzhenshi Yilaitake Kejiyouxiangongsi,"CA,GA,IL,PA,TX",5,APS,Tracy Rong,TX,Houston,77035,13393 S Main Street,SUGAR LAND,TX,77489,86,2,1,0.011627906976744186,0,0.0,0,0.0,0,0.0,0,0.0,1,0.011627906976744186,0,0.0,,,0,0,,1,Richmond Hill Ncpc (GA) 1%,4,0.046511627906976744,1,1,1,81,0.9878048780487805,-0.07591093117408908,905.1567567567565,916.2458333333335,12.385185185185186,0.8139534883720934,0.5813953488372091,1.0,1.0,,,,,,,,,1.0,1.0,1,True,misshipping
msbd_2w,msbd_su,2,353760,shenzhenzhijingdianzishangwuyou WPHOU6,209607,shenzhenzhijingdianzishangwuyouxiangongsi,"CA,GA,NJ,PA,TX",5,APS Bedroom,Lydia Liu,TX,Cypress,77429,14415 Fallbrook Dr,HOUSTON LOCAL,TX,77433,86,3,5,0.05813953488372093,0,0.0,3,0.03488372093023256,1,0.011627906976744186,0,0.0,1,0.011627906976744186,0,0.0,,,0,0,,1,Rancho Cucamonga Ncpc (CA) 1%,6,0.06976744186046512,80,5,5,75,0.9375,0.5170329195357852,710.3567567567567,664.9014084507044,87.37625000000001,0.9418604651162787,0.5581395348837211,1.0,0.4,,,1.0,0.33333333333333337,1.0,0.0,,,1.0,1.0,5,True,misshipping
msbd_2w,msbd_su,2,131314,Ningbo Hongju Gongyinglianguanli CA 91761,77212,Ningbo Hongju Gongyinglianguanli Youxiangongsi,"CA,NJ",2,APS,Asia Supplier Service Desk,CA,Fontana,92337,10725 Sierra Ave,WEST RIALTO,CA,92316,86,3,1,0.011627906976744186,0,0.0,0,0.0,0,0.0,0,0.0,1,0.011627906976744186,0,0.0,,,0,0,,1,East Brunswick (NJ) 1%,5,0.05813953488372093,14,2,2,79,0.9753086419753086,-0.08528951486697972,741.1052631578949,746.1800000000001,69.25749999999998,0.8604651162790696,0.6511627906976746,1.0,1.0,,,,,,,,,1.0,1.0,1,True,misshipping
msbd_2w,msbd_su,2,486719,ningboxuxindianzishangwuyouxiangongsi GA 30518,286148,ningboxuxindianzishangwuyouxiangongsi,"CA,GA,NJ,PA,TX",5,APS Outdoor,David Liu,GA,Buford,30518,2105 Buford Highway,BRASELTON,GA,30517,85,3,27,0.3176470588235294,0,0.0,1,0.011764705882352941,3,0.03529411764705882,0,0.0,23,0.27058823529411763,0,0.0,,,0,0,,3,Houston (TX) 20%; Woodbridge (NJ) 6%; East Brunswick (NJ) 1%,1,0.011764705882352941,76,50,27,57,0.6785714285714286,-0.22830039451286904,572.7351351351352,575.6548387096776,331.5892857142857,0.9882352941176472,0.9176470588235295,0.9629629629629629,0.8888888888888887,,,0.0,0.0,1.0,0.6666666666666667,,,1.0,0.9565217391304346,27,True,misshipping
msbd_2w,msbd_su,2,358039,shenzhenshiweijingchengdianzishangwuyouxiangongsi NJ 07036,296564,shenzhenshiweijingchengdianzishangwuyouxiangongsi,"CA,GA,IL,NJ,TX",5,APS K&D,Kebing Wang,NJ,Linden,07036,500 Linden Logistics Wy,LINDEN,NJ,7036,85,3,1,0.011764705882352941,0,0.0,0,0.0,0,0.0,0,0.0,1,0.011764705882352941,0,0.0,,,0,0,,1,Richmond Hill Ncpc (GA) 1%,2,0.023529411764705882,83,7,5,78,0.9397590361445783,0.4993231810490694,267.7196078431373,289.49615384615373,52.483132530120486,1.0,0.8941176470588236,1.0,0.0,,,,,,,,,1.0,0.0,1,True,misshipping
msbd_2w,msbd_su,2,293210,WYD NJJW3 NJ 08817,69201,Hermes and Fesius LLC,"CA,GA,NJ,PA,TX",5,APS Outdoor,Amber Xiang,NJ,Edison,08817,300 Cedar Lane Suite B Edison NJ 08817,WOODBRIDGE LOCAL,NJ,8832,85,3,3,0.03529411764705882,0,0.0,0,0.0,0,0.0,0,0.0,3,0.03529411764705882,0,0.0,,,0,0,,2,Richmond Hill Ncpc (GA) 2%; Houston (TX) 1%,4,0.047058823529411764,81,8,5,76,0.9382716049382716,0.025857659936173116,509.2760000000001,525.9269230769231,118.11604938271606,0.9058823529411765,0.6588235294117644,0.6666666666666667,1.0,,,,,,,,,0.6666666666666667,1.0,3,True,misshipping
msbd_2w,msbd_su,2,269068,shenzhenshimaifengyunjikuajingdianshang CA 91748,238530,shenzhenshimaifengyunjikuajingdianshangyouxiangongsi,"CA,NJ,NY",3,APS Home Improvement,Asia Supplier Service Desk,CA,City of Industry,91748,18856 San Jose Ave,INDUSTRY,CA,91789,84,3,3,0.03571428571428571,0,0.0,1,0.011904761904761904,0,0.0,0,0.0,2,0.023809523809523808,0,0.0,,,0,0,,1,Princeton (NJ) 2%,8,0.09523809523809523,76,4,4,72,0.9473684210526315,0.5914178273141575,1817.6485294117642,1830.6172413793101,161.01052631578946,0.9761904761904763,0.6190476190476192,1.0,1.0,,,1.0,1.0,,,,,1.0,1.0,3,True,misshipping
msbd_2w,msbd_su,2,361071,"ART TO WALK ON, INC. FL 34653",287964,"ART TO WALK ON, INC.","CA,FL,GA,NJ,TX",5,Soft Home,Supplier Service Desk,FL,new port richey,34653,7940 rutillio CT,CITRUS PARK,FL,33634,84,3,12,0.14285714285714285,0,0.0,1,0.011904761904761904,0,0.0,0,0.0,11,0.13095238095238096,0,0.0,,,0,0,,1,Arcadia (CA) 13%,5,0.05952380952380952,18,18,18,61,0.7721518987341772,0.8207696079130042,1226.9702127659573,729.4179999999999,545.451898734177,0.8333333333333335,0.7500000000000001,0.8333333333333334,0.9166666666666666,,,0.0,0.0,,,,,0.9090909090909091,1.0,12,True,misshipping
msbd_2w,msbd_su,2,501329,Maxaya LLC FL 32809,279921,Maxaya LLC,"CA,FL,MI",3,Casegoods,Prisha Mark,FL,Orlando,32809,1255 La Quinta Dr,ORLANDO LOCAL,FL,32809,84,3,29,0.34523809523809523,0,0.0,0,0.0,0,0.0,0,0.0,29,0.34523809523809523,0,0.0,,,0,0,,1,Kalamazoo (MI) 35%,4,0.047619047619047616,77,77,76,4,0.05,-0.044987358787438786,676.7142857142857,992.3,1209.8805194805195,0.9523809523809524,0.6785714285714284,0.9655172413793103,0.8965517241379308,,,,,,,,,0.9655172413793103,0.8965517241379308,29,True,misshipping
msbd_2w,msbd_su,2,497010,zhengzhoushijianxingwangluokejiyouxiangongsi NJ 08873,324772,zhengzhoushijianxingwangluokejiyouxiangongsi,"CA,GA,NJ,PA",4,APS Bedroom,Lydia Liu,NJ,Somerset,08873,244 Belmont Dr,WOODBRIDGE LOCAL,NJ,8832,84,3,2,0.023809523809523808,0,0.0,0,0.0,0,0.0,0,0.0,2,0.023809523809523808,0,0.0,,,0,0,,1,West Savannah  Ncpc (GA) 2%,3,0.03571428571428571,81,2,2,79,0.9753086419753086,0.5192597807502766,678.5296874999998,620.6145161290322,58.98518518518515,0.9880952380952382,0.7857142857142858,1.0,1.0,,,,,,,,,1.0,1.0,2,True,misshipping
msbd_2w,msbd_su,2,409542,MEET SUNNY CORPORATION CA 92316,68299,MEET SUNNY CORPORATION,"CA,GA,NJ,TX",4,APS Home Improvement,Danica Guo,CA,Bloomington,92316,18550 Orange St,WEST RIALTO,CA,92316,84,3,12,0.14285714285714285,0,0.0,1,0.011904761904761904,1,0.011904761904761904,0,0.0,10,0.11904761904761904,0,0.0,,,0,0,,2,West Savannah  Ncpc (GA) 7%; Robbinsville (NJ) 5%,1,0.011904761904761904,83,19,19,64,0.7710843373493976,-0.026668377823782757,1032.1450704225356,943.0843749999999,594.1277108433734,1.0,0.857142857142857,1.0,0.6666666666666666,,,1.0,1.0,1.0,1.0,,,1.0,0.6,12,True,misshipping
msbd_2w,msbd_su,2,20678,W.A.C. GA 30122,707,W.A.C.,"CA,GA,NY,TX",4,Lighting,Cheryl Lin,GA,Lithia Springs,30122,1600 Distribution Ct,AUSTELL,GA,30168,84,3,1,0.011904761904761904,0,0.0,0,0.0,0,0.0,0,0.0,1,0.011904761904761904,0,0.0,,,0,0,,1,Chino (CA) 1%,12,0.14285714285714285,2,2,2,70,0.9722222222222222,-0.9779917469050895,587.2058823529411,611.4724137931034,68.42083333333335,0.6190476190476192,0.6309523809523808,1.0,0.0,,,,,,,,,1.0,0.0,1,True,misshipping
msbd_2w,msbd_su,2,407091,Wisfor Inc. TX 77071        ,62606,Wisfor Inc.,"CA,GA,NJ,TX",4,APS AEOF,Asia Supplier Service Desk,TX,houston ,77071,15005 East Hampton Circle,SUGAR LAND,TX,77489,84,3,21,0.25,0,0.0,0,0.0,0,0.0,0,0.0,21,0.25,0,0.0,,,0,0,,6,Chino Hills Ncpc (CA) 10%; Secaucus (NJ) 5%; Braselton (GA) 5%; Chino (CA) 2%; South Atlanta Ncpc (GA) 2%,0,0.0,67,67,67,17,0.20238095238095238,-0.11281136590797616,411.3817073170733,883.4629629629632,932.771428571429,0.9880952380952382,0.6666666666666671,1.0,0.7142857142857142,,,,,,,,,1.0,0.7142857142857142,21,True,misshipping
msbd_2w,msbd_su,2,242744,Vuebles Technology LLC USNJ06,81881,Vuebles Technology LLC,"CA,GA,NJ",3,APS,Lavinia Zhang,NJ,Burlington,08016,1950 River Rd,ROBBINSVILLE,NJ,8691,84,3,2,0.023809523809523808,0,0.0,1,0.011904761904761904,0,0.0,0,0.0,1,0.011904761904761904,0,0.0,,,0,0,,1,Rancho Cucamonga Ncpc (CA) 1%,10,0.11904761904761904,43,40,2,72,0.972972972972973,0.5313589671965077,1121.2219512195122,997.0631578947372,88.48115942028986,0.9880952380952382,0.607142857142857,1.0,1.0,,,1.0,1.0,,,,,1.0,1.0,2,True,misshipping
msbd_2w,msbd_su,2,304060,"MLILYUSA, INC. SC 29730(2)",83026,"MLILYUSA, INC.","AZ,CA,GA,IL,KS,NC,NJ,SC,TN,TX",10,APS Mattresses,Checky Yi,SC,Rock Hill,29730,874 Paragon Way,SOUTH ATLANTA,GA,30294,84,3,2,0.023809523809523808,0,0.0,1,0.011904761904761904,0,0.0,0,0.0,1,0.011904761904761904,0,0.0,,,0,0,,1,Charlotte (NC) 1%,1,0.011904761904761904,16,15,6,77,0.927710843373494,0.5611200053058263,570.3363636363637,526.0475,58.38414634146343,0.9047619047619048,0.8214285714285712,1.0,1.0,,,1.0,1.0,,,,,1.0,1.0,2,True,misshipping
msbd_2w,msbd_su,2,231958,AQUAGALLERY-EDAQPX-NJ,85716,AQUA GALLERY,"CA,NJ,UT",3,APS Spa,Riley Jiang,NJ,East Brunswick,08816,49 6th St,EAST BRUNSWICK,NJ,8816,83,3,1,0.012048192771084338,0,0.0,0,0.0,0,0.0,0,0.0,1,0.012048192771084338,0,0.0,,,0,0,,1,Provo (UT) 1%,3,0.03614457831325301,24,1,1,79,0.9875,-0.5531720296000665,759.7950819672134,785.722033898305,32.8125,0.9759036144578314,0.9156626506024096,1.0,0.0,,,,,,,,,1.0,0.0,1,True,misshipping
msbd_2w,msbd_su,2,120371,Dowell K & B Supplies TX 77041,42671,Dowell K & B Supplies,"NY,TX",2,Plumbing,Maddie Miller,TX,Houston,77041,7111 Perimeter Park Drive,NORTH HOUSTON,TX,77041,83,3,5,0.060240963855421686,0,0.0,0,0.0,0,0.0,0,0.0,5,0.060240963855421686,0,0.0,,,0,0,,1,Garden City (NY) 6%,0,0.0,5,5,5,78,0.9397590361445783,-0.7251980437831186,980.4560975609758,1003.5134146341461,102.79878048780488,0.963855421686747,0.6265060240963854,1.0,0.4,,,,,,,,,1.0,0.4,5,True,misshipping
msbd_2w,msbd_su,2,504991,Uber Bazaar Inc NC 28792,269112,Uber Bazaar Inc,"AR,CA,CO,MD,MS,NC,NJ,NY,TX,VA",10,Lighting,Supplier Service Desk,NC,Hendersonville,28792,3737 Howard Gap Road,FLETCHER,NC,28732,83,3,3,0.03614457831325301,0,0.0,0,0.0,0,0.0,0,0.0,3,0.03614457831325301,0,0.0,,,0,0,,1,Chino (CA) 4%,4,0.04819277108433735,79,79,27,52,0.6582278481012658,-3.1229688712558428,339.6405405405405,1568.6625000000001,2272.0,0.9397590361445781,0.6626506024096384,1.0,0.3333333333333333,,,,,,,,,1.0,0.3333333333333333,3,True,misshipping
msbd_2w,msbd_su,2,330236,shenzhenwannengdakejiyouxiangongsi CA 91761,296339,shenzhenwannengdakejiyouxiangongsi,"CA,GA,IL,NC,NJ,TX",6,APS,Asia Supplier Service Desk,CA,Ontario,91761,1516 S Bon View Ave Ontario CA US 91761,CHINO LOCAL,CA,91710,83,3,2,0.024096385542168676,0,0.0,0,0.0,1,0.012048192771084338,0,0.0,1,0.012048192771084338,0,0.0,,,0,0,,1,South Atlanta Ncpc (GA) 1%,7,0.08433734939759036,76,1,2,74,0.9736842105263158,-0.25086261317878017,1266.1714285714286,1266.0590909090906,51.85131578947366,0.9518072289156626,0.7349397590361445,0.5,0.5,,,,,1.0,1.0,,,0.0,0.0,2,True,misshipping
msbd_2w,msbd_su,2,321952,shenzhenshuanglankejiyouxiangongsi GA 31407,320161,shenzhenshuanglankejiyouxiangongsi,"CA,GA,NJ,PA",4,Soft Home,Asia Supplier Service Desk,GA,Port Wentworth,31407,302 International Trade Pkwy,SAVANNAH LOCAL,GA,31408,83,3,3,0.03614457831325301,0,0.0,1,0.012048192771084338,0,0.0,0,0.0,2,0.024096385542168676,0,0.0,,,0,0,,2,Arcadia (CA) 1%; Rancho Cucamonga Ncpc (CA) 1%,2,0.024096385542168676,81,5,5,76,0.9382716049382716,-0.5291666540214339,652.9197368421052,666.2541666666667,83.93703703703704,0.9759036144578312,0.8795180722891563,1.0,0.3333333333333333,,,1.0,1.0,,,,,1.0,0.0,3,True,misshipping
msbd_2w,msbd_su,2,296656,"Shenzhen Laiwo Trading Co., Ltd. CA 92376 (3)",65593,"Shenzhen Laiwo Trading Co., Ltd.","CA,GA,IL,NJ,PA,TX,WA",7,APS,Stella Yin,CA, Rialto ,92376, 1979 Renaissance Pkwy,WEST RIALTO,CA,92316,83,3,3,0.03614457831325301,0,0.0,0,0.0,1,0.012048192771084338,0,0.0,2,0.024096385542168676,0,0.0,,,0,0,,1,Lehigh Valley (PA) 2%,7,0.08433734939759036,76,3,3,73,0.9605263157894737,-0.2343393330356034,1461.3961538461542,1395.7188405797099,81.01052631578949,0.5903614457831329,0.506024096385542,0.6666666666666667,0.0,,,,,0.0,0.0,,,1.0,0.0,3,True,misshipping
msbd_2w,msbd_su,2,480183,Yiimo NJ 08065,40130,Yiimo,"CA,GA,IL,NJ,TX",5,APS Bedroom,Asia Supplier Service Desk,NJ,Palmyra,08065,207 NJ 73,CAMDEN,NJ,8007,83,3,1,0.012048192771084338,0,0.0,0,0.0,0,0.0,0,0.0,1,0.012048192771084338,0,0.0,,,0,0,,1,Chino Hills Ncpc (CA) 1%,1,0.012048192771084338,64,64,1,81,0.9878048780487805,0.24332412523020255,724.1096774193549,662.8285714285715,56.06913580246914,0.9879518072289158,0.8072289156626508,0.0,0.0,,,,,,,,,0.0,0.0,1,True,misshipping
msbd_2w,msbd_su,2,185475,WallBeyond International Inc CA 91744,70454,WallBeyond International Inc,"CA,GA,NJ,TN,TX",5,APS Youth,Thomas Zhang,CA,La Puente,91744,16483 Old Valley Blvd,INDUSTRY,CA,91789,82,3,2,0.024390243902439025,0,0.0,1,0.012195121951219513,0,0.0,0,0.0,1,0.012195121951219513,0,0.0,,,0,0,,1,Houston (TX) 1%,4,0.04878048780487805,3,2,2,76,0.9743589743589743,0.8891827734250839,1737.5222222222224,1664.9507692307693,56.626666666666665,0.975609756097561,0.5853658536585368,1.0,0.5,,,1.0,1.0,,,,,1.0,0.0,2,True,misshipping
msbd_2w,msbd_su,2,276329,GuCang-CA-11629,63465,"Ningbo Youyuan Import and Export Co., Ltd.","CA,GA,IL,NJ,NY,PA,TX",7,APS Home Improvement,Nicole Sun,CA,Rialto,92376,1420 N Tamarind Ave,WEST RIALTO,CA,92316,82,3,7,0.08536585365853659,0,0.0,0,0.0,2,0.024390243902439025,0,0.0,5,0.06097560975609756,0,0.0,,,0,0,,2,Fairless Hills (PA) 5%; Lehigh Valley (PA) 1%,11,0.13414634146341464,70,9,9,62,0.8732394366197183,-0.9087338760248478,1039.2796296296297,1101.788679245283,352.5742857142856,0.9512195121951219,0.6097560975609757,1.0,1.0,,,,,1.0,1.0,,,1.0,1.0,7,True,misshipping
msbd_2w,msbd_su,2,360252,SHENZHEN TIANSHUXING TECHNOLOGY CO LTD CA 90601,79674,SHENZHEN TIANSHUXING TECHNOLOGY CO LTD,"CA,GA,NJ,TX",4,APS Bedroom,Asia Supplier Service Desk,CA,City Of Industry,90601,2690 Pellissier Pl,SANTA FE SPRINGS,CA,90670,82,3,1,0.012195121951219513,0,0.0,0,0.0,0,0.0,0,0.0,1,0.012195121951219513,0,0.0,,,0,0,,1,Houston (TX) 1%,0,0.0,1,1,1,81,0.9878048780487805,0.4197720298114862,1801.0691176470589,1786.9882352941177,18.613414634146338,0.975609756097561,0.378048780487805,0.0,1.0,,,,,,,,,0.0,1.0,1,True,misshipping
msbd_2w,msbd_su,2,244397,Abani Home LLC FL 32206,44362,Abani Home LLC,"CA,FL,NY,PA,TX",5,Rugs,Brianna Barrett,FL,Jacksonville,32206,1666 Jessie St,JACKSONVILLE,FL,32221,82,3,5,0.06097560975609756,0,0.0,0,0.0,0,0.0,0,0.0,5,0.06097560975609756,0,0.0,,,0,0,,2,Fairless Hills (PA) 4%; Baytown (TX) 2%,2,0.024390243902439025,12,10,10,70,0.875,0.12428737990748435,838.9657142857143,860.2985915492958,110.92307692307689,0.9756097560975608,0.6951219512195125,1.0,0.8,,,,,,,,,1.0,0.8,5,True,misshipping
msbd_2w,msbd_su,2,462606,"Guangzhou Tuosen Import and Export Co., Ltd. NJ 07094",274887,"Guangzhou Tuosen Import and Export Co., Ltd.","CA,GA,NJ,TX",4,APS Home Improvement,Cheryl Zhang,NJ,Secaucus,07094,77 Metro Wy,SECAUCUS,NJ,7307,82,3,1,0.012195121951219513,0,0.0,0,0.0,0,0.0,0,0.0,1,0.012195121951219513,0,0.0,,,0,0,,1,Industry (CA) 1%,1,0.012195121951219513,1,1,1,80,0.9876543209876543,0.5831189598831954,582.4266666666665,545.1511111111112,34.464999999999996,0.7926829268292683,0.5243902439024388,1.0,1.0,,,,,,,,,1.0,1.0,1,True,misshipping
msbd_2w,msbd_su,2,458474,"Ningbo FanKai E-commerce Co., Ltd._1 NJ 08067",83386,"Ningbo FanKai E-commerce Co., Ltd._1","CA,GA,IL,NJ,PA",5,APS Home Improvement,Nicole Sun,NJ,Pedricktown,08067,2 Gateway Blvd,CAMDEN,NJ,8007,82,3,8,0.0975609756097561,0,0.0,0,0.0,0,0.0,0,0.0,8,0.0975609756097561,0,0.0,,,0,0,,2,Diamond Bar Rsf (CA) 7%; Chino (CA) 2%,8,0.0975609756097561,74,62,8,66,0.8918918918918919,0.9865007793364508,719.9151515151516,373.8806451612904,323.48513513513507,0.9878048780487807,0.8902439024390243,1.0,1.0,,,,,,,,,1.0,1.0,8,True,misshipping
msbd_2w,msbd_su,2,514017,SVG3,296653,Espiron Optimum Inc,"CA,GA,IL,NJ,TX",5,Casegoods,Supplier Service Desk,GA,Rincon,31326,3300 Coastal Trade Center Parkway,SAVANNAH LOCAL,GA,31408,82,3,9,0.10975609756097561,0,0.0,0,0.0,3,0.036585365853658534,0,0.0,6,0.07317073170731707,0,0.0,,,0,0,,2,Rancho Cucamonga Ncpc (CA) 6%; South Rialto - Ncpc (CA) 1%,3,0.036585365853658534,79,14,14,65,0.8227848101265823,-2.4307113439186967,670.5608695652173,898.0358208955221,298.0303797468354,0.9634146341463415,0.8658536585365854,0.8888888888888888,0.6666666666666666,,,,,0.6666666666666666,0.6666666666666666,,,1.0,0.6666666666666666,9,True,misshipping
msbd_2w,msbd_su,2,306977,"Shenzhen feijiaran co.,ltd NJ 07001",306973,"Shenzhen feijiaran co.,ltd","CA,NJ",2,Wayfair,Emma Wang,NJ,Avenel,07001,5AB Terminal Way,SOUTH CARTERET,NJ,7008,82,3,13,0.15853658536585366,0,0.0,0,0.0,1,0.012195121951219513,0,0.0,12,0.14634146341463414,0,0.0,,,0,0,,3,Chino (CA) 7%; Industry (CA) 6%; Hayward (CA) 1%,2,0.024390243902439025,78,30,30,50,0.625,-1.1578220961935606,799.266129032258,1442.960465116279,1069.1358974358977,0.975609756097561,0.6585365853658535,0.923076923076923,0.23076923076923075,,,,,1.0,1.0,,,0.9166666666666666,0.16666666666666666,13,True,misshipping
msbd_2w,msbd_su,2,325669,Shenzhen XinDianLiang Technology NJ 08837,105430,Shenzhen XinDianLiang Technology Corporation Limited,"CA,NJ",2,APS K&D,Asia Supplier Service Desk,NJ,Edison,08837,401 Mill Rd,WOODBRIDGE LOCAL,NJ,8832,81,3,3,0.037037037037037035,0,0.0,0,0.0,0,0.0,0,0.0,3,0.037037037037037035,0,0.0,,,0,0,,1,Rialto (CA) 4%,2,0.024691358024691357,78,3,3,76,0.9620253164556962,-1.3884926715315282,712.2147540983607,763.9629032258066,104.84230769230771,0.7777777777777776,0.6913580246913578,0.6666666666666667,0.0,,,,,,,,,0.6666666666666667,0.0,3,True,misshipping
msbd_2w,msbd_su,2,195424,Kraus NJ 08060,2146,Kraus,"CA,NC,NJ",3,Plumbing,Kaitlyn Gully,NJ,Westampton,08060,300 Highland Drive Highland Business Park,ROBBINSVILLE,NJ,8691,81,3,3,0.037037037037037035,0,0.0,0,0.0,0,0.0,0,0.0,3,0.037037037037037035,0,0.0,,,0,0,,2,Hickory (NC) 2%; Chino (CA) 1%,2,0.024691358024691357,5,5,4,75,0.9493670886075949,-0.5338915507701767,1113.5474576271185,1101.6305084745763,58.48961038961039,0.9506172839506174,0.6913580246913579,1.0,0.6666666666666667,,,,,,,,,1.0,0.6666666666666667,3,True,misshipping
msbd_2w,msbd_su,2,465897,hefeituotuwangluokejiyouxaingongsi CA 91761,284178,hefeituotuwangluokejiyouxaingongsi,"CA,GA,NJ,TX",4,APS Youth,Ricky Yu,CA,Ontario,91761,5775 E Jurupa ST Unit A,CHINO LOCAL,CA,91710,81,3,16,0.19753086419753085,0,0.0,0,0.0,0,0.0,0,0.0,16,0.19753086419753085,0,0.0,,,0,0,,2,South Houston (TX) 16%; Savannah (GA) 4%,1,0.012345679012345678,80,20,20,60,0.75,0.17485035650417025,869.740579710145,684.3360655737707,419.67375000000004,0.9753086419753085,0.8765432098765432,0.8749999999999999,0.8749999999999999,,,,,,,,,0.8749999999999999,0.8749999999999999,16,True,misshipping
msbd_2w,msbd_su,2,287046,Great Big Canvas TX 75051,18084,Great Big Canvas,"CA,CO,NC,TX",4,Decor,Alex Sarkisian,TX,Grand Prarie,75051,2389 W Jefferson St,ARLINGTON,TX,76018,81,3,1,0.012345679012345678,0,0.0,0,0.0,0,0.0,0,0.0,1,0.012345679012345678,0,0.0,,,0,0,,1,Elon (NC) 1%,5,0.06172839506172839,5,4,4,72,0.9473684210526315,0.6484594712830448,360.67999999999995,343.78823529411756,55.39200000000002,0.691358024691358,0.5925925925925923,1.0,1.0,,,,,,,,,1.0,1.0,1,True,misshipping
msbd_2w,msbd_su,2,350869,"Shenzhen Weiyue Technology Co., Ltd NJ 07064",349635,"Shenzhen Weiyue Technology Co., Ltd","CA,GA,NJ,TX",4,APS Bedroom,Asia Supplier Service Desk,NJ,Port Reading,07064,1001 W Middlesex Ave,SOUTH CARTERET,NJ,7008,80,3,4,0.05,0,0.0,0,0.0,3,0.0375,0,0.0,1,0.0125,0,0.0,,,0,0,,1,Rancho Cucamonga Ncpc (CA) 1%,3,0.0375,77,8,7,70,0.9090909090909091,0.24336415429648603,806.8363636363636,775.9826923076927,70.08051948051948,0.9875000000000002,0.8499999999999999,0.75,0.0,,,,,1.0,0.0,,,0.0,0.0,4,True,misshipping
msbd_2w,msbd_su,2,233941,XCO-TX warehouse,177903,Pianno Home Inc,"CA,GA,NJ,TX",4,APS Outdoor,Moti Mao,TX,Houston,77085,5890 W Fuqua St,SUGAR LAND,TX,77489,80,3,29,0.3625,0,0.0,0,0.0,2,0.025,0,0.0,27,0.3375,0,0.0,,,0,0,,8,Rialto (CA) 10%; Rancho Cucamonga Ncpc (CA) 9%; Braselton (GA) 4%; Atlanta (GA) 4%; Oceanside (CA) 3%,4,0.05,53,42,42,34,0.4473684210526316,-0.8621336015707234,861.4530303030302,1301.4390624999999,759.8500000000001,0.8999999999999997,0.49999999999999994,0.8275862068965517,0.31034482758620696,,,,,0.5,0.5,,,0.8518518518518517,0.29629629629629634,29,True,misshipping
msbd_2w,msbd_su,2,469979,  LA15,469099,"Shenzhen Yiju E-commerce Co., Ltd.","CA,GA,NJ,PA",4,Wayfair,Supplier Service Desk,CA,Fontana,92335 ,13277 San Bernardino Ave,WEST RIALTO,CA,92316,80,3,3,0.0375,0,0.0,0,0.0,0,0.0,0,0.0,3,0.0375,0,0.0,,,0,0,,2,Lehigh Valley (PA) 3%; Woodbridge (NJ) 1%,1,0.0125,79,4,4,75,0.9493670886075949,0.9850751688575786,1162.281944444445,1088.1655737704923,155.3987341772151,1.0,0.8375000000000002,1.0,1.0,,,,,,,,,1.0,1.0,3,True,misshipping
msbd_2w,msbd_su,2,297498,"ZHENGZHOU OUQUN TRADE CO.,LTD NJ 08003",284759,"ZHENGZHOU OUQUN TRADE CO.,LTD","CA,GA,NJ,TX",4,APS,Asia Supplier Service Desk,NJ,Cherry Hill,08003,1515 Burnt Mill RD Cherry Hill NJ 08003,CAMDEN,NJ,8007,80,3,9,0.1125,0,0.0,0,0.0,1,0.0125,0,0.0,8,0.1,0,0.0,,,0,0,,2,Sugar Land (TX) 6%; West Savannah  Ncpc (GA) 4%,10,0.125,70,66,10,60,0.8571428571428571,0.06892287873387962,880.5616666666666,786.2071428571428,206.88857142857142,0.9875000000000002,0.8375000000000001,1.0,1.0,,,,,1.0,1.0,,,1.0,1.0,9,True,misshipping
msbd_2w,msbd_su,2,313554,Shenzhen Yusheng Network Technology GA 31407,56290,SUSU INTERNALTIONAL LIMITED,"CA,GA,NJ,TX",4,APS,Lily Liu,GA,Port Wentworth,31407,157 Hendley Road,SAVANNAH LOCAL,GA,31408,80,3,18,0.225,0,0.0,0,0.0,1,0.0125,0,0.0,17,0.2125,0,0.0,,,0,0,,4,West Rialto (CA) 9%; Metuchen (NJ) 6%; Industry (CA) 4%; Secaucus (NJ) 3%,2,0.025,68,23,23,55,0.7051282051282052,0.02352480231542456,1154.7250000000001,1082.7426470588234,471.5844155844155,0.9625,0.8249999999999998,0.8888888888888887,0.6666666666666667,,,,,1.0,1.0,,,0.8823529411764705,0.6470588235294118,18,True,misshipping
msbd_2w,msbd_su,2,364272,"Hangzhou Ruiwei Intelligent Home Technology Co., Ltd. GA 31326",337122,"Hangzhou Ruiwei Intelligent Home Technology Co., Ltd.","CA,GA,NJ,PA,TX",5,APS Upholstery,Blair-Yaqing Gong,GA,Rincon,31326,"1600 General way, Rincon GA 31326",SAVANNAH LOCAL,GA,31408,79,3,14,0.17721518987341772,0,0.0,2,0.02531645569620253,9,0.11392405063291139,0,0.0,3,0.0379746835443038,0,0.0,,,0,0,,2,Fairless Hills (PA) 3%; King Of Prussia (PA) 1%,4,0.05063291139240506,75,22,22,53,0.7066666666666667,0.39495913995084936,755.5826666666663,669.3564516129032,150.8773333333333,0.9493670886075951,0.7974683544303798,0.7142857142857143,0.5714285714285715,,,1.0,1.0,0.5555555555555556,0.3333333333333333,,,1.0,1.0,14,True,misshipping
msbd_2w,msbd_su,2,461558,MEIYING HOUSEHOLD GROUP IL 60502,56511,"MEIYING HOUSEHOLD GROUP CO.,LIMITED","CA,GA,IL,NJ,TX",5,APS AEOF,Fiona Jiang,IL,Aurora ,60502,1000 Bilter Road ,SOUTH CHICAGO,IL,60446,79,3,6,0.0759493670886076,0,0.0,0,0.0,0,0.0,0,0.0,6,0.0759493670886076,0,0.0,,,0,0,,4,Sugar Land (TX) 3%; Richmond Hill Ncpc (GA) 3%; Diamond Bar Rsf (CA) 1%; East Brunswick (NJ) 1%,1,0.012658227848101266,51,16,10,68,0.8717948717948718,-0.26264211565766127,293.2052631578948,318.57761194029854,147.76666666666665,0.9873417721518989,0.6835443037974681,1.0,0.33333333333333337,,,,,,,,,1.0,0.33333333333333337,6,True,misshipping
msbd_2w,msbd_su,2,374506,"TAIZHOU BOLVDA CRAFT CO.,LTD NJ 08817",205975,"TAIZHOU BOLVDA CRAFT CO.,LTD","CA,GA,NJ,TX",4,APS Outdoor,Asia Supplier Service Desk,NJ,Edison,08817,Blue Station Inc - ED 195 Carter Dr,WOODBRIDGE LOCAL,NJ,8832,79,3,2,0.02531645569620253,0,0.0,0,0.0,0,0.0,0,0.0,2,0.02531645569620253,0,0.0,,,0,0,,2,Sugar Land (TX) 1%; Arcadia (CA) 1%,3,0.0379746835443038,75,3,2,74,0.9736842105263158,-2.0604614373089856,816.7608695652173,899.813725490196,66.96933333333331,0.9873417721518989,0.6708860759493668,1.0,0.5,,,,,,,,,1.0,0.5,2,True,misshipping
msbd_2w,msbd_su,2,276795,RW FlameTXGFS 77035,44926,Rowan Global Life Inc_1,"CA,GA,IL,PA,TX",5,APS Home Improvement,Tracy Rong,TX,Houston,77035,13393 S Main Street,SUGAR LAND,TX,77489,78,3,3,0.038461538461538464,0,0.0,1,0.01282051282051282,0,0.0,0,0.0,2,0.02564102564102564,0,0.0,,,0,0,,1,Richmond Hill Ncpc (GA) 3%,3,0.038461538461538464,3,3,3,72,0.96,0.20541940766988273,818.4157142857144,805.6376811594203,47.91999999999999,1.0,0.7564102564102563,1.0,0.3333333333333333,,,1.0,0.0,,,,,1.0,0.5,3,True,misshipping
msbd_2w,msbd_su,2,6950,Lolliprops Inc. NJ- 08723,6880,Lolliprops Inc.,"FL,NJ",2,Decor,Alex Sarkisian,NJ,Brick,08723,381 Mantoloking Rd,ROBBINSVILLE,NJ,8691,78,3,4,0.05128205128205128,0,0.0,1,0.01282051282051282,0,0.0,0,0.0,3,0.038461538461538464,0,0.0,,,0,0,,1,St. Petersburg (FL) 4%,1,0.01282051282051282,14,14,14,63,0.8181818181818182,0.09434475372092721,920.7224137931033,952.1315789473686,190.51315789473682,0.9871794871794873,0.7948717948717952,1.0,0.75,,,1.0,1.0,,,,,1.0,0.6666666666666667,4,True,misshipping
msbd_2w,msbd_su,2,23871,Fine Fixtures NY 12553,21909,Fine Fixtures,"CA,NC,NY",3,Plumbing,Madison MacDowell,NY,New Windsor,12553,206 Wembly Rd,NEWBURGH,NY,12550,78,3,3,0.038461538461538464,0,0.0,0,0.0,0,0.0,0,0.0,3,0.038461538461538464,0,0.0,,,0,0,,1,Wilmington (NC) 4%,2,0.02564102564102564,76,3,3,73,0.9605263157894737,-0.4833185053380782,843.0092592592591,806.7249999999999,35.74605263157894,0.9871794871794873,0.7948717948717948,1.0,0.6666666666666666,,,,,,,,,1.0,0.6666666666666666,3,True,misshipping
msbd_2w,msbd_su,2,307357,Domi Home Decor Inc GA 30517 ,93327,Domi Home Decor Inc,"CA,GA",2,APS Home Improvement,Aria LI,GA,Doraville,30340,3101 McCall Dr,NORCROSS,GA,30071,78,3,2,0.02564102564102564,0,0.0,0,0.0,0,0.0,0,0.0,2,0.02564102564102564,0,0.0,,,0,0,,1,Carson (CA) 3%,0,0.0,2,2,2,76,0.9743589743589743,-2.307292351559953,590.6854838709678,648.0153846153847,58.746666666666655,1.0,0.858974358974359,1.0,0.0,,,,,,,,,1.0,0.0,2,True,misshipping
msbd_2w,msbd_su,2,472064,JES SL ENTERPRISES LLC FL 32809,329906,JES SL ENTERPRISES LLC,"FL,MI",2,Casegoods,Supplier Service Desk,FL,Orlando,32809,1255 La Quinta Dr Ste 220,ORLANDO LOCAL,FL,32809,78,3,38,0.48717948717948717,0,0.0,0,0.0,0,0.0,0,0.0,38,0.48717948717948717,0,0.0,,,0,0,,1,Kalamazoo (MI) 49%,6,0.07692307692307693,72,72,72,0,0.0,0.4429149055730201,819.7142857142856,778.2241379310345,1225.8,0.9487179487179487,0.7435897435897435,0.9736842105263157,1.0,,,,,,,,,0.9736842105263157,1.0,38,True,misshipping
msbd_2w,msbd_su,2,299874,Hangzhou Mucheng International Trade GA 30519 (2),132375,"Hangzhou Mucheng International Trade Co., Ltd","CA,GA,NJ,TX",4,APS Other,Qiwen Fan,GA,Buford ,30519,4651 Distribution Parkway,BRASELTON,GA,30517,77,3,3,0.03896103896103896,0,0.0,0,0.0,0,0.0,0,0.0,3,0.03896103896103896,0,0.0,,,0,0,,1,Linden (NJ) 4%,2,0.025974025974025976,27,6,5,70,0.9333333333333333,0.17434477802099432,723.1623188405798,705.605970149254,91.45333333333333,0.7532467532467533,0.6103896103896103,1.0,0.33333333333333337,,,,,,,,,1.0,0.33333333333333337,3,True,misshipping
msbd_2w,msbd_su,2,287317,Great Big Canvas CA 95765,18084,Great Big Canvas,"CA,CO,NC,TX",4,Decor,Alex Sarkisian,CA,Rocklin,95765,111 Tinker Rd,ROSEVILLE,CA,95747,77,3,24,0.3116883116883117,0,0.0,0,0.0,0,0.0,0,0.0,24,0.3116883116883117,0,0.0,,,0,0,,1,Arlington (TX) 31%,3,0.03896103896103896,74,74,74,0,0.0,-1.8682856175666938,369.48974358974357,1528.6518518518517,1728.6,0.6883116883116883,0.3376623376623377,0.7083333333333334,0.3333333333333334,,,,,,,,,0.7083333333333334,0.3333333333333334,24,True,misshipping
msbd_2w,msbd_su,2,370222,"Shenzhen Litian Technology Co., Ltd TX 77423",254999,"Shenzhen Litian Technology Co., Ltd","CA,GA,NJ,PA,SC,TX",6,APS Home Improvement,Nicole Sun,TX,Brookshire,77423,"2062 Woods Road, Suite 100",HOUSTON LOCAL,TX,77433,77,3,16,0.2077922077922078,0,0.0,0,0.0,1,0.012987012987012988,0,0.0,15,0.19480519480519481,0,0.0,,,0,0,,6,Richmond Hill Ncpc (GA) 8%; South Rialto - Ncpc (CA) 4%; Metuchen (NJ) 3%; West Savannah  Ncpc (GA) 3%; Rialto (CA) 1%,2,0.025974025974025976,74,25,25,50,0.6666666666666666,-0.023094668892801772,595.4033898305084,611.775,404.55405405405395,0.922077922077922,0.6493506493506492,0.9374999999999999,0.49999999999999994,,,,,1.0,1.0,,,0.9333333333333332,0.4666666666666666,16,True,misshipping
msbd_2w,msbd_su,2,449115,Prosper Trade Inc GA 30517,298676,Prosper Trade Inc,"CA,CO,GA,NJ,TX",5,Wayfair Professional,Supplier Service Desk,GA,Braselton,30517,370 Jesse Cronic Rd,BRASELTON,GA,30517,77,3,29,0.37662337662337664,0,0.0,0,0.0,0,0.0,0,0.0,29,0.37662337662337664,0,0.0,,,0,0,,8,Rancho Cucamonga Ncpc (CA) 13%; East Brunswick (NJ) 12%; South Houston (TX) 3%; Oceanside (CA) 3%; South Rialto - Ncpc (CA) 3%,1,0.012987012987012988,76,72,37,39,0.5131578947368421,-0.31386993208452496,735.0171052631579,891.7819444444445,875.2013333333335,0.9610389610389611,0.7402597402597402,0.9310344827586207,0.6551724137931035,,,,,,,,,0.9310344827586207,0.6551724137931035,29,True,misshipping
msbd_2w,msbd_su,2,272956,HONG KONG INNOVATE LIMITED TN 38118,267148,HONG KONG INNOVATE LIMITED,"CA,GA,NJ,TN",4,APS,Asia Supplier Service Desk,TN,Memphis,38118,4259 Air Trans Road,OLIVE BRANCH LOCAL,MS,38654,77,3,2,0.025974025974025976,0,0.0,0,0.0,1,0.012987012987012988,0,0.0,1,0.012987012987012988,0,0.0,,,0,0,,1,Industry (CA) 1%,13,0.16883116883116883,64,2,2,62,0.96875,-2.353124799538136,760.2121212121214,807.070909090909,44.61250000000002,0.2857142857142858,0.4285714285714285,1.0,0.0,,,,,1.0,0.0,,,1.0,0.0,2,True,misshipping
msbd_2w,msbd_su,2,271410,"Monument Grill, LLC GA 31405",35306,"Monument Grill, LLC","CA,GA,NJ,TX",4,APS,Erica Zhou,GA,Savannah,31405,125 Feldspar Dr,SAVANNAH LOCAL,GA,31408,76,3,4,0.05263157894736842,0,0.0,0,0.0,0,0.0,0,0.0,4,0.05263157894736842,0,0.0,,,0,0,,2,East Brunswick (NJ) 4%; Sugar Land (TX) 1%,19,0.25,55,11,11,46,0.8070175438596491,0.541243154322514,483.28166666666664,468.39772727272725,158.5381818181818,0.7894736842105262,0.5789473684210529,1.0,0.75,,,,,,,,,1.0,0.75,4,True,misshipping
msbd_2w,msbd_su,2,250967,"FoShan XiNiu Outdoor Product Co., Ltd NJ 08016",47589,SUMMER BELLA INC,"CA,GA,IL,NJ,PA,TX",6,APS,Danica Guo,NJ,Burlington Township,08016,2605 Rancocas Rd,ROBBINSVILLE,NJ,8691,76,3,5,0.06578947368421052,0,0.0,2,0.02631578947368421,1,0.013157894736842105,0,0.0,2,0.02631578947368421,0,0.0,,,0,0,,2,Carol Stream (IL) 1%; South Chicago (IL) 1%,3,0.039473684210526314,10,10,7,66,0.9041095890410958,0.14587420979375684,635.6937499999999,589.7588235294119,110.5275362318841,0.9342105263157896,0.7236842105263157,1.0,0.8,,,1.0,1.0,1.0,0.0,,,1.0,1.0,5,True,misshipping
msbd_2w,msbd_su,2,465434,"Anxi Xinhou Trading Co., Ltd. NJ 08831",346444,"Anxi Xinhou Trading Co., Ltd.","CA,NJ,TX",3,APS Decor,Asia Supplier Service Desk,NJ,Monroe Township,08831,17B S Middlesex Ave,PRINCETON,NJ,8810,76,3,1,0.013157894736842105,0,0.0,0,0.0,0,0.0,0,0.0,1,0.013157894736842105,0,0.0,,,0,0,,1,South Houston (TX) 1%,8,0.10526315789473684,4,1,1,67,0.9852941176470589,0.03700638448805859,663.9816326530608,669.0999999999999,26.910769230769226,0.9868421052631577,0.6052631578947368,1.0,0.0,,,,,,,,,1.0,0.0,1,True,misshipping
msbd_2w,msbd_su,2,457447,HOU07,323287,"Shenzhen Qianjing Technology Co., Ltd.","CA,GA,NJ,TX",4,APS Outdoor,Asia Supplier Service Desk,TX,KATY,77494,28119 KATY FWY,HOUSTON LOCAL,TX,77433,75,3,16,0.21333333333333335,0,0.0,4,0.05333333333333334,0,0.0,0,0.0,12,0.16,0,0.0,,,0,0,,2,Rialto (CA) 9%; West Savannah  Ncpc (GA) 7%,3,0.04,72,17,17,55,0.7638888888888888,0.6347341010964394,895.9218749999999,667.0967213114754,302.6972222222222,0.9199999999999996,0.76,0.8125,0.8749999999999999,,,0.75,1.0,,,,,0.8333333333333334,0.8333333333333334,16,True,misshipping
msbd_2w,msbd_su,2,354089,Northobliq Digi Inc NJ 08003,287325,Northobliq Digi Inc,"CA,GA,NJ,TX",4,Casegoods,Eve Deng,NJ,Cherry Hill,08003,1515 Burnt Mill RD,CAMDEN,NJ,8007,75,3,5,0.06666666666666667,0,0.0,4,0.05333333333333334,0,0.0,0,0.0,1,0.013333333333333334,0,0.0,,,0,0,,1,West Savannah  Ncpc (GA) 1%,2,0.02666666666666667,73,45,9,64,0.8767123287671232,0.6752914901380036,515.3740740740741,480.34901960784316,106.58904109589042,0.9599999999999999,0.693333333333333,0.4,0.4,,,0.25,0.25,,,,,1.0,1.0,5,True,misshipping
msbd_2w,msbd_su,2,239409,Jetly Prey Outdoor Inc CA 91761,205980,Jetly Prey Outdoor Inc,"CA,FL,GA,NJ,OH,TX",6,Upholstery,Zichu Wang,CA,Ontario,91761,1500 s Hellman Ave,CHINO LOCAL,CA,91710,74,3,2,0.02702702702702703,0,0.0,0,0.0,0,0.0,0,0.0,2,0.02702702702702703,0,0.0,,,0,0,,2,Robbinsville (NJ) 1%; East Brunswick (NJ) 1%,7,0.0945945945945946,66,5,5,62,0.9253731343283582,0.7113662416656534,1305.6280701754388,1325.937735849057,181.40151515151516,0.3513513513513513,0.41891891891891897,0.5,0.5,,,,,,,,,0.5,0.5,2,True,misshipping
msbd_2w,msbd_su,2,457998,Journey ClassArt LLC NJ 08857,206225,Journey ClassArt LLC,"CA,GA,NJ,TX",4,APS Outdoor,Amber Xiang,NJ,Old Bridge,08857,600 Fairway Lane ,EAST BRUNSWICK,NJ,8816,74,3,19,0.25675675675675674,0,0.0,0,0.0,6,0.08108108108108109,0,0.0,13,0.17567567567567569,0,0.0,,,0,0,,6,Rialto (CA) 7%; South Atlanta Ncpc (GA) 5%; Braselton (GA) 1%; South Rialto - Ncpc (CA) 1%; South Houston (TX) 1%,10,0.13513513513513514,41,41,41,23,0.359375,-0.6362540244373481,500.3744680851063,956.2829268292684,936.4343749999998,0.7027027027027023,0.5405405405405405,0.8421052631578946,0.5789473684210527,,,,,0.5,0.8333333333333334,,,1.0,0.4615384615384615,19,True,misshipping
msbd_2w,msbd_su,2,301292,"Shenzhen Litian Technology Co., Ltd GA 31326",254999,"Shenzhen Litian Technology Co., Ltd","CA,GA,NJ,PA,SC,TX",6,APS,Nicole Sun,GA,Rincon,31326,1100 Logistics Parkway,SAVANNAH LOCAL,GA,31408,74,3,9,0.12162162162162163,0,0.0,2,0.02702702702702703,0,0.0,0,0.0,7,0.0945945945945946,0,0.0,,,0,0,,3,Lehigh Valley (PA) 7%; Metuchen (NJ) 1%; Rialto (CA) 1%,12,0.16216216216216217,62,21,21,41,0.6612903225806451,0.1479283090340204,663.1762711864407,642.1489795918368,211.57741935483864,0.6081081081081079,0.4594594594594594,0.7777777777777778,0.4444444444444444,,,0.5,0.5,,,,,0.8571428571428572,0.4285714285714286,9,True,misshipping
msbd_2w,msbd_su,2,406547,JOIN CROWN COSMETICS TRADING COMPANY NJ 08691,79186,JOIN CROWN COSMETICS TRADING COMPANY,"CA,NJ",2,APS Upholstery,Asia Supplier Service Desk,NJ,Hamilton,08691,1384 Yardville Hamilton Square Rd,ROBBINSVILLE,NJ,8691,74,3,1,0.013513513513513514,0,0.0,0,0.0,0,0.0,0,0.0,1,0.013513513513513514,0,0.0,,,0,0,,1,Arcadia (CA) 1%,2,0.02702702702702703,1,1,1,71,0.9861111111111112,0.9899389800958884,973.1677419354841,942.516393442623,37.88611111111112,0.9324324324324323,0.5945945945945944,1.0,1.0,,,,,,,,,1.0,1.0,1,True,misshipping
msbd_2w,msbd_su,2,450737,                WPLA15,308237,chongqinghongliyangmaoyiyouxiangongsi,"CA,GA,IL,NJ,TX",5,APS K&D,Asia Supplier Service Desk,CA,Fontana,92335,13277 San Bernardino Ave,WEST RIALTO,CA,92316,74,3,13,0.17567567567567569,0,0.0,6,0.08108108108108109,0,0.0,0,0.0,7,0.0945945945945946,0,0.0,,,0,0,,4,Romeoville Rsf (IL) 5%; Houston (TX) 1%; South Chicago (IL) 1%; West Savannah  Ncpc (GA) 1%,8,0.10810810810810811,60,16,16,50,0.7575757575757576,0.6584983853259945,1408.877586206896,999.1690909090911,552.6575757575756,0.8378378378378378,0.5,0.7692307692307693,0.2307692307692308,,,0.6666666666666667,0.0,,,,,0.8571428571428572,0.4285714285714286,13,True,misshipping
msbd_2w,msbd_su,2,357451,GC EAST 15,111396,"Ganjiang New Area Haofan Electronic Technology Co., Ltd.","CA,GA,NJ,TX",4,APS AEOF,Asia Supplier Service Desk,NJ,Hainesport,08036,C/O 100 Lawrence Blvd,CAMDEN,NJ,8007,73,3,4,0.0547945205479452,0,0.0,0,0.0,0,0.0,0,0.0,4,0.0547945205479452,0,0.0,,,0,0,,4,Rancho Cucamonga Ncpc (CA) 1%; Rialto (CA) 1%; South Rialto - Ncpc (CA) 1%; Oceanside (CA) 1%,4,0.0547945205479452,51,51,7,62,0.8985507246376812,-3.1204175073223004,586.9152542372881,771.2730769230768,292.22753623188413,0.8630136986301367,0.5479452054794518,0.5,0.0,,,,,,,,,0.5,0.0,4,True,misshipping
msbd_2w,msbd_su,2,413794,ShouGuangShiJinXiangYuanJiaJuGuFenYouXianGongSi_1 NJ 08016,338336,ShouGuangShiJinXiangYuanJiaJuGuFenYouXianGongSi_1,"CA,GA,NJ",3,APS AEOF,Nora Li,NJ,Bordentown,08016,1900 River Rd,ROBBINSVILLE,NJ,8691,73,3,19,0.2602739726027397,0,0.0,1,0.0136986301369863,3,0.0410958904109589,0,0.0,15,0.2054794520547945,0,0.0,,,0,0,,6,Richmond Hill Ncpc (GA) 7%; Chino Hills Ncpc (CA) 5%; West Savannah  Ncpc (GA) 4%; South Rialto - Ncpc (CA) 1%; South Atlanta Ncpc (GA) 1%,3,0.0410958904109589,70,70,55,15,0.21428571428571427,-0.5060022678616704,637.2651162790696,1249.5142857142855,1393.247142857143,0.9863013698630138,0.6986301369863016,1.0,0.7894736842105262,,,1.0,1.0,1.0,1.0,,,1.0,0.7333333333333334,19,True,misshipping
msbd_2w,msbd_su,2,298842,lecangNJF02.,224654,weifangshijinyekuajingdianzishangwuyouxiangongsi,"CA,GA,NJ",3,APS,Nora Li,NJ,Burlington,08016,1900A River Rd,ROBBINSVILLE,NJ,8691,73,3,9,0.1232876712328767,0,0.0,0,0.0,1,0.0136986301369863,0,0.0,8,0.1095890410958904,0,0.0,,,0,0,,5,Chino Hills Ncpc (CA) 4%; Rialto (CA) 3%; West Savannah  Ncpc (GA) 1%; South Atlanta Ncpc (GA) 1%; South Rialto - Ncpc (CA) 1%,5,0.0684931506849315,67,67,37,31,0.45588235294117646,-0.9862952646533569,532.4212765957448,1521.402564102564,1194.9388059701491,1.0,0.5616438356164384,1.0,0.4444444444444444,,,,,1.0,1.0,,,1.0,0.375,9,True,misshipping
msbd_2w,msbd_su,2,352308,Shenzhen Guli Wangluokeji youxiangongsi NJ 08810,105677,Shenzhen Guli Wangluokeji youxiangongsi,"CA,GA,NJ,TX",4,APS Upholstery,Asia Supplier Service Desk,NJ,Dayton ,08810,121 Herrod Boulevard,PRINCETON,NJ,8810,73,3,9,0.1232876712328767,0,0.0,1,0.0136986301369863,1,0.0136986301369863,0,0.0,7,0.0958904109589041,0,0.0,,,0,0,,4,South Atlanta Ncpc (GA) 3%; Chino Hills Ncpc (CA) 3%; South Rialto - Ncpc (CA) 3%; South Dallas Rsf (TX) 1%,6,0.0821917808219178,66,33,30,37,0.5522388059701493,-0.6688917169469911,649.6274509803922,951.1911111111112,619.5661538461537,0.8767123287671232,0.6575342465753422,0.8888888888888888,0.5555555555555557,,,0.0,0.0,1.0,1.0,,,1.0,0.5714285714285714,9,True,misshipping
msbd_2w,msbd_su,2,331883,Charming Collections LLC NJ 08003,281098,Charming Collections LLC,"CA,GA,NJ,TX",4,Outdoor Furniture,Supplier Service Desk,NJ,Cherry Hill,08003,1515 Burnt Mill RD,CAMDEN,NJ,8007,73,3,3,0.0410958904109589,0,0.0,0,0.0,0,0.0,0,0.0,3,0.0410958904109589,0,0.0,,,0,0,,1,West Savannah  Ncpc (GA) 4%,2,0.0273972602739726,70,38,4,67,0.9436619718309859,0.5610642670729876,529.3133333333332,438.5076923076924,82.37428571428569,0.5753424657534248,0.7808219178082192,1.0,1.0,,,,,,,,,1.0,1.0,3,True,misshipping
msbd_2w,msbd_su,2,404190,"Shenzhen Laiwo Trading Co., Ltd. TX 77521",65593,"Shenzhen Laiwo Trading Co., Ltd.","CA,GA,IL,NJ,PA,TX,WA",7,APS K&D,Stella Yin,TX,Baytown,77521,"9120 Interstate 10 East, Ste 200",BAYTOWN,TX,77521,73,3,8,0.1095890410958904,0,0.0,3,0.0410958904109589,0,0.0,0,0.0,5,0.0684931506849315,0,0.0,,,0,0,,2,Richmond Hill Ncpc (GA) 5%; Savannah (GA) 1%,1,0.0136986301369863,12,12,12,60,0.8333333333333334,-0.154293293229286,940.1151515151515,971.4573529411766,223.12142857142862,0.9315068493150684,0.5890410958904111,0.5,0.0,,,1.0,0.0,,,,,0.2,0.0,8,True,misshipping
msbd_2w,msbd_su,2,497415,"Yiwu Binsai Import and Export Co., Ltd. TX 77423",273078,"Yiwu Binsai Import and Export Co., Ltd.","CA,GA,NJ,TX",4,APS Outdoor,Amber Xiang,TX,Brookshire,77423,"2062 Woods Road, Suite 100, Brookshire, TX 77423",HOUSTON LOCAL,TX,77433,73,3,1,0.0136986301369863,0,0.0,0,0.0,0,0.0,0,0.0,1,0.0136986301369863,0,0.0,,,0,0,,1,Richmond Hill Ncpc (GA) 1%,2,0.0273972602739726,70,3,3,68,0.9577464788732394,0.624936687489448,713.2548387096772,689.208064516129,61.20142857142858,0.958904109589041,0.6301369863013699,1.0,1.0,,,,,,,,,1.0,1.0,1,True,misshipping
msbd_2w,msbd_su,2,408141,MM CASA TX 77041,57099,MM CASA,"CA,FL,GA,IL,NJ,TX,WA",7,APS Home Improvement,Janet Jiang,TX,Houston,77041,12655 West Rd,NORTH HOUSTON,TX,77041,73,3,2,0.0273972602739726,0,0.0,1,0.0136986301369863,0,0.0,0,0.0,1,0.0136986301369863,0,0.0,,,0,0,,1,Diamond Bar Rsf (CA) 1%,14,0.1917808219178082,3,3,3,56,0.9491525423728814,-0.10418290200175362,1202.7799999999997,1183.2555555555555,76.49322033898308,0.6986301369863014,0.5068493150684931,0.5,0.5,,,1.0,1.0,,,,,0.0,0.0,2,True,misshipping
msbd_2w,msbd_su,2,416995,SUMIJ LTD NJ 08810,274919,SUMIJ LTD,"CA,GA,NJ,TX",4,APS Bedroom,Asia Supplier Service Desk,NJ,Dayton,08810,121 Herrod Blvd. Suite 1,PRINCETON,NJ,8810,73,3,2,0.0273972602739726,0,0.0,0,0.0,1,0.0136986301369863,0,0.0,1,0.0136986301369863,0,0.0,,,0,0,,1,Rancho Cucamonga Ncpc (CA) 1%,0,0.0,73,2,2,71,0.9726027397260274,-0.12892139584067674,733.7355932203391,736.3206896551724,56.004166666666684,0.9589041095890413,0.8767123287671235,1.0,0.0,,,,,1.0,0.0,,,1.0,0.0,2,True,misshipping
msbd_2w,msbd_su,2,336515,Foshan MJL Intelligent Home Products GA 30336,214365,"WSIDSY CO., LIMITED","CA,GA,NJ,SC,TX",5,APS Bedroom,Ricky Yu,GA,Atlanta,30336,2075 maple ave,AUSTELL,GA,30168,72,3,27,0.375,0,0.0,0,0.0,6,0.08333333333333333,0,0.0,21,0.2916666666666667,0,0.0,,,0,0,,4,Metuchen (NJ) 14%; Sugar Land (TX) 13%; Secaucus (NJ) 1%; East Brunswick (NJ) 1%,2,0.027777777777777776,70,28,28,42,0.6,0.01270472125409625,572.28,566.3828125000001,323.56,0.9861111111111112,0.8333333333333337,0.9629629629629629,0.8148148148148147,,,,,1.0,0.6666666666666667,,,0.9523809523809524,0.8571428571428571,27,True,misshipping
msbd_2w,msbd_su,2,473167,Virtual WH for FBA-Quanzhou Beilun Trade Compa-US,209121,Quanzhou Beilun Trade Company Limited,"CA,KY,MA,NJ",4,APS Other,Asia Supplier Service Desk,MA,Boston,02116,4 Copley Place,WILMINGTON,MA,1887,72,3,20,0.2777777777777778,0,0.0,0,0.0,0,0.0,0,0.0,20,0.2777777777777778,0,0.0,,,0,0,,3,South Carteret (NJ) 19%; Rialto (CA) 4%; Chino (CA) 4%,18,0.25,54,54,54,0,0.0,-0.3194689196658933,1122.33,1411.5914893617019,1248.8222222222223,0.9722222222222222,0.7916666666666669,1.0,0.7499999999999999,,,,,,,,,1.0,0.7499999999999999,20,True,misshipping
msbd_2w,msbd_su,2,409291,LONSHIRE SPARK INC CA 90670,104574,LONSHIRE SPARK INC,"CA,NJ",2,APS K&D,Evie Li,CA,SANTA FE SPRINGS,90670,8945 DICE RD,SANTA FE SPRINGS,CA,90670,72,3,6,0.08333333333333333,0,0.0,0,0.0,0,0.0,0,0.0,6,0.08333333333333333,0,0.0,,,0,0,,1,Linden (NJ) 8%,33,0.4583333333333333,14,10,10,29,0.7435897435897436,0.48785871897856825,2000.0843137254906,1694.6535714285717,711.0051282051282,0.5833333333333335,0.43055555555555547,0.8333333333333334,0.8333333333333334,,,,,,,,,0.8333333333333334,0.8333333333333334,6,True,misshipping
msbd_2w,msbd_su,2,352306,Shenzhen Guli Wangluokeji youxiangongsi CA 91789,105677,Shenzhen Guli Wangluokeji youxiangongsi,"CA,GA,NJ,TX",4,APS Upholstery,Asia Supplier Service Desk,CA,City of Industry,91789 ,108 to 118 brea canyon road ,INDUSTRY,CA,91789,72,3,5,0.06944444444444445,0,0.0,0,0.0,2,0.027777777777777776,0,0.0,3,0.041666666666666664,0,0.0,,,0,0,,3,South Dallas Rsf (TX) 1%; Richmond Hill Ncpc (GA) 1%; West Savannah  Ncpc (GA) 1%,3,0.041666666666666664,69,12,12,57,0.8260869565217391,-0.3281944955885493,688.1948275862069,850.810714285714,424.24637681159425,0.9722222222222223,0.7083333333333336,1.0,0.6,,,,,1.0,0.0,,,1.0,1.0,5,True,misshipping
msbd_2w,msbd_su,2,485422,Ning Bo Rui Yi Ri Yong Pin You Xian Gong Si NJ 08512,305997,Ning Bo Rui Yi Ri Yong Pin You Xian Gong Si,"CA,IL,NJ,TX",4,APS Housewares & More,Asia Supplier Service Desk,NJ,East Windsor,08512,2615 US Route 130,PRINCETON,NJ,8810,72,3,2,0.027777777777777776,0,0.0,0,0.0,0,0.0,0,0.0,2,0.027777777777777776,0,0.0,,,0,0,,2,Rialto (CA) 1%; South Rialto - Ncpc (CA) 1%,1,0.013888888888888888,20,17,2,69,0.971830985915493,-1.0407933415746253,777.3298245614036,823.5981132075473,89.59999999999998,0.9583333333333335,0.8749999999999998,1.0,0.0,,,,,,,,,1.0,0.0,2,True,misshipping
msbd_2w,msbd_su,2,277654,忧达CAJW05 CA 91761,104050,"Ningbo Qiangbang Outdoor Leisure Products Co., Ltd","CA,GA,NJ,PA,TX",5,APS Outdoor,Amber Xiang,CA,Ontario,91761,1521 E Francis St,CHINO LOCAL,CA,91710,72,3,2,0.027777777777777776,0,0.0,0,0.0,0,0.0,0,0.0,2,0.027777777777777776,0,0.0,,,0,0,,2,South Carteret (NJ) 1%; West Savannah  Ncpc (GA) 1%,4,0.05555555555555555,68,2,2,66,0.9705882352941176,0.3596602728762952,548.0816666666666,527.8118644067795,78.82058823529412,0.9583333333333333,0.6944444444444443,0.5,0.5,,,,,,,,,0.5,0.5,2,True,misshipping
msbd_2w,msbd_su,2,468858,AN-GA,328725,"Henan Zhengming Electronic Commerce Co., Ltd.","CA,GA,NJ",3,APS K&D,Asia Supplier Service Desk,GA,Rincon,31326,1600 General way,SAVANNAH LOCAL,GA,31408,71,3,15,0.2112676056338028,0,0.0,1,0.014084507042253521,7,0.09859154929577464,0,0.0,7,0.09859154929577464,0,0.0,,,0,0,,4,Woodbridge (NJ) 4%; Rancho Cucamonga Ncpc (CA) 3%; Robbinsville (NJ) 1%; South Rialto - Ncpc (CA) 1%,2,0.028169014084507043,67,19,19,50,0.7246376811594203,-0.05073397097304038,738.5515151515152,757.5354838709677,251.334328358209,0.7746478873239433,0.6338028169014085,0.6666666666666666,0.6666666666666667,,,1.0,1.0,0.4285714285714286,0.5714285714285714,,,0.8571428571428572,0.7142857142857143,15,True,misshipping
msbd_2w,msbd_su,2,371136,LLYTech Inc. PA 18707,10909,LLYTech Inc.,"CA,GA,PA,TX",4,APS SEA,Hale Ooi,PA,Mountain Top,18707,1220 Oak Hill Road,SCRANTON,PA,18640,71,3,2,0.028169014084507043,0,0.0,0,0.0,0,0.0,0,0.0,2,0.028169014084507043,0,0.0,,,0,0,,2,Houston (TX) 1%; Arcadia (CA) 1%,4,0.056338028169014086,9,8,8,59,0.8805970149253731,-1.602855547705466,472.13750000000005,622.3736842105263,239.99701492537315,0.9577464788732396,0.6901408450704224,1.0,0.5,,,,,,,,,1.0,0.5,2,True,misshipping
msbd_2w,msbd_su,2,509027,Shanghaiyiweierkejiyouxiangongsi NJ 08068,306974,Shanghaiyiweierkejiyouxiangongsi,"CA,NJ",2,APS Home Improvement,Asia Supplier Service Desk,NJ,Pemberton,08068,200 S Pemberton Rd,CAMDEN,NJ,8007,71,3,2,0.028169014084507043,0,0.0,1,0.014084507042253521,0,0.0,0,0.0,1,0.014084507042253521,0,0.0,,,0,0,,1,Chino (CA) 1%,0,0.0,64,2,2,69,0.971830985915493,-0.04022054488257931,910.5,970.0092592592594,116.75774647887326,0.9859154929577465,0.9154929577464789,0.5,1.0,,,0.0,1.0,,,,,1.0,1.0,2,True,misshipping
msbd_2w,msbd_su,2,325888,SHANGHAI LEJIA MAOYI YOUXIANGONGSI GA 31408 ,298106,SHANGHAI LEJIA MAOYI YOUXIANGONGSI,"CA,GA,NJ,TX",4,APS K&D,Asia Supplier Service Desk,GA,Savannah ,31408,133 Coleman Blvd,SAVANNAH LOCAL,GA,31408,71,3,22,0.30985915492957744,0,0.0,0,0.0,0,0.0,0,0.0,22,0.30985915492957744,0,0.0,,,0,0,,4,East Brunswick (NJ) 15%; South Rialto - Ncpc (CA) 8%; Rancho Cucamonga Ncpc (CA) 6%; Arcadia (CA) 1%,1,0.014084507042253521,68,32,32,38,0.5428571428571428,-0.6079521862134499,740.6000000000001,896.4046875,730.7441176470589,1.0,0.76056338028169,1.0,0.5454545454545455,,,,,,,,,1.0,0.5454545454545455,22,True,misshipping
msbd_2w,msbd_su,2,479748,Adeco Trading GA 31308,19407,Adeco Trading,"CA,GA,NJ",3,Upholstery,Kosi Obi,GA,Ellabell,31308,1086 Oracal Parkway,SAVANNAH LOCAL,GA,31408,70,3,2,0.02857142857142857,0,0.0,0,0.0,0,0.0,0,0.0,2,0.02857142857142857,0,0.0,,,0,0,,1,Industry (CA) 3%,2,0.02857142857142857,68,6,6,62,0.9117647058823529,-2.89184493491794,721.7946428571429,870.3830188679245,228.15588235294112,0.7571428571428571,0.5571428571428573,1.0,0.0,,,,,,,,,1.0,0.0,2,True,misshipping
msbd_2w,msbd_su,2,491610,COMFY ZONE US LLC NJ 08067,63657,COMFY ZONE US LLC,"CA,GA,IL,NJ,TX",5,APS AEOF,Yolanda GUI,NJ,Pedricktown,08067,"2 Gateway Blvd,Pedricktown,NJ 08067",CAMDEN,NJ,8007,70,3,2,0.02857142857142857,0,0.0,0,0.0,0,0.0,0,0.0,2,0.02857142857142857,0,0.0,,,0,0,,2,Niles (IL) 1%; Chicago (IL) 1%,0,0.0,70,56,2,68,0.9714285714285714,-0.33757571899885974,515.2403846153848,493.86590909090916,57.625714285714274,0.9571428571428571,0.8571428571428569,0.0,1.0,,,,,,,,,0.0,1.0,2,True,misshipping
msbd_2w,msbd_su,2,61567,GE sp Appliances TX 75050,41548,GE sp Appliances,"CA,GA,TX",3,Appliances,Julia Wunderlin,TX,Grand Prairie,75050,745 Commerce Park Drive,ARLINGTON,TX,76018,70,3,2,0.02857142857142857,0,0.0,0,0.0,0,0.0,0,0.0,2,0.02857142857142857,0,0.0,,,0,0,,1,Arcadia (CA) 3%,16,0.22857142857142856,15,15,3,51,0.9444444444444444,0.37386541998681466,675.7833333333332,584.5749999999998,156.55555555555554,0.2285714285714286,0.4428571428571428,0.5,1.0,,,,,,,,,0.5,1.0,2,True,misshipping
msbd_2w,msbd_su,2,370038,"nanjingshi zhuoyipi e-commerce co.,ltd IL 60517",202150,"nanjingshi zhuoyipi e-commerce co.,ltd","CA,GA,IL,PA,TX",5,APS Home Improvement,Tracy Rong,IL,Woodridge,60517,2110 Wallance Way,MCCOOK,IL,60525,70,3,4,0.05714285714285714,0,0.0,0,0.0,0,0.0,0,0.0,4,0.05714285714285714,0,0.0,,,0,0,,2,Sugar Land (TX) 4%; Scranton (PA) 1%,4,0.05714285714285714,13,5,5,61,0.9242424242424242,0.2480426660109739,1070.5656250000002,1064.68,77.27076923076923,0.8571428571428571,0.5857142857142857,0.25,0.25,,,,,,,,,0.25,0.25,4,True,misshipping
msbd_2w,msbd_su,2,299525,YDYUSE01,57016,ROOJER LIMITED,"CA,GA,NJ,TX",4,APS,Frank Huang,NJ,Howell,07728,400 Fairfield Road,PRINCETON,NJ,8810,69,3,1,0.014492753623188406,0,0.0,0,0.0,0,0.0,0,0.0,1,0.014492753623188406,0,0.0,,,0,0,,1,Houston (TX) 1%,4,0.057971014492753624,40,40,1,64,0.9846153846153847,-0.07152382106922052,656.295652173913,569.9558823529412,56.28,0.9420289855072463,0.5942028985507245,1.0,1.0,,,,,,,,,1.0,1.0,1,True,misshipping
msbd_2w,msbd_su,2,353016,Shenzhen Yusheng Network Technology Co CA 92335,56290,SUSU INTERNALTIONAL LIMITED,"CA,GA,NJ,TX",4,APS Housewares & More,Lily Liu,CA,Fontana,92335 ,14928 Washington Dr,WEST RIALTO,CA,92316,69,3,4,0.057971014492753624,0,0.0,0,0.0,0,0.0,0,0.0,4,0.057971014492753624,0,0.0,,,0,0,,2,Secaucus (NJ) 4%; Metuchen (NJ) 1%,2,0.028985507246376812,23,5,5,62,0.9253731343283582,0.865990230592912,1373.622033898305,1216.9180327868853,220.98153846153846,0.8550724637681161,0.7536231884057969,1.0,1.0,,,,,,,,,1.0,1.0,4,True,misshipping
msbd_2w,msbd_su,2,412265,Shenzhenshi Youlihai Keji Youxian Gongsi GA 30349,64210,Converge Hub Worldwide Limited,"CA,GA,NJ,TX",4,APS Decor,,GA,East Point,30349,4131 South Meadow ,AUSTELL,GA,30168,69,3,1,0.014492753623188406,0,0.0,0,0.0,0,0.0,0,0.0,1,0.014492753623188406,0,0.0,,,0,0,,1,Woodbridge (NJ) 1%,3,0.043478260869565216,66,1,1,65,0.9848484848484849,0.3895131086142322,532.844776119403,532.8092307692306,50.033333333333346,0.971014492753623,0.8985507246376814,1.0,1.0,,,,,,,,,1.0,1.0,1,True,misshipping
msbd_2w,msbd_su,2,515056,"Ningbo FanKai E-commerce Co., Ltd._1 CA 92324",83386,"Ningbo FanKai E-commerce Co., Ltd._1","CA,GA,IL,NJ,PA",5,APS Home Improvement,Nicole Sun,CA,Colton,92324,"2163 Riverside Ave, Colton, CA 92324",WEST RIALTO,CA,92316,69,3,5,0.07246376811594203,0,0.0,0,0.0,0,0.0,0,0.0,5,0.07246376811594203,0,0.0,,,0,0,,2,East Brunswick (NJ) 6%; Robbinsville (NJ) 1%,5,0.07246376811594203,61,7,6,58,0.90625,0.8762299241807383,1247.3913793103452,1161.8035087719297,234.43809523809523,0.9420289855072462,0.7391304347826088,1.0,1.0,,,,,,,,,1.0,1.0,5,True,misshipping
msbd_2w,msbd_su,2,494918,Yantaishi Xingyudianzishangwu Youxiangongsi TX 77494,238729,Yantaishi Xingyudianzishangwu Youxiangongsi,"CA,GA,IL,NJ,RI,TX",6,APS Bedroom,Asia Supplier Service Desk,TX,Katy,77494,28501 Hwy Blvd,HOUSTON LOCAL,TX,77433,69,3,3,0.043478260869565216,0,0.0,0,0.0,1,0.014492753623188406,0,0.0,2,0.028985507246376812,0,0.0,,,0,0,,2,Chino (CA) 1%; Rancho Cucamonga Ncpc (CA) 1%,1,0.014492753623188406,67,2,9,59,0.8676470588235294,-0.6719160703071356,883.3275862068966,914.5620689655174,70.58358208955224,0.9565217391304347,0.8115942028985506,0.6666666666666666,0.33333333333333337,,,,,0.0,1.0,,,1.0,0.0,3,True,misshipping
msbd_2w,msbd_su,2,201392,Blue Nile Mills NJ 08817,116128,Blue Nile Mills,"CA,NJ,TX",3,Rugs,Supplier Service Desk,NJ,Edison,08817,380 Mill Road,WOODBRIDGE LOCAL,NJ,8832,69,3,1,0.014492753623188406,0,0.0,0,0.0,0,0.0,0,0.0,1,0.014492753623188406,0,0.0,,,0,0,,1,Houston (TX) 1%,5,0.07246376811594203,64,1,1,63,0.984375,-0.05868131868131866,753.4962264150944,760.014,25.5703125,0.5942028985507244,0.6811594202898549,0.0,0.0,,,,,,,,,0.0,0.0,1,True,misshipping
msbd_2w,msbd_su,2,265765,hui zhou shi wang ji ke ji you xian gong si NJ 08016,265642,hui zhou shi wang ji ke ji you xian gong si,"CA,NJ",2,Wayfair,Asia Supplier Service Desk,NJ,Burlington,08016,"1620 River Rd, unite B (A9-A27)",ROBBINSVILLE,NJ,8691,69,3,27,0.391304347826087,0,0.0,11,0.15942028985507245,9,0.13043478260869565,0,0.0,7,0.10144927536231885,0,0.0,,,0,0,,5,Rialto (CA) 3%; South Rialto - Ncpc (CA) 3%; Arcadia (CA) 1%; West Rialto (CA) 1%; Rancho Cucamonga Ncpc (CA) 1%,2,0.028985507246376812,45,39,29,38,0.5671641791044776,-0.024955848489403385,719.0870370370368,651.1686274509804,629.2731343283581,0.9855072463768116,0.8115942028985504,0.962962962962963,0.7037037037037039,,,1.0,1.0,0.8888888888888888,0.6666666666666666,,,1.0,0.2857142857142857,27,True,misshipping
msbd_2w,msbd_su,2,87329,Blissful House Decor Co LTD NY 12601 (2),60094,Blissful House Decor Co LTD,"CA,GA,NY,TX",4,APS,Asia Supplier Service Desk,NY,Poughkeepsie,12601,26 Tall Tree Ln,MONTGOMERY,NY,12549,69,3,3,0.043478260869565216,0,0.0,0,0.0,1,0.014492753623188406,0,0.0,2,0.028985507246376812,0,0.0,,,0,0,,1,Rancho Cucamonga Ncpc (CA) 3%,5,0.07246376811594203,40,4,3,61,0.953125,-0.1363221272656326,817.29,869.5312500000001,157.79531250000002,0.9420289855072466,0.7101449275362319,1.0,0.6666666666666666,,,,,1.0,1.0,,,1.0,0.5,3,True,misshipping
msbd_2w,msbd_su,2,267131,"Anji Longwin Furniture Co., Ltd NJ 08016",55782,"Anjixian Longwei Furniture Co.,Ltd.","CA,GA,NJ,TX",4,APS,Hannah Guan,NJ,Burlington Township,08016,2605 Rancocas Rd,ROBBINSVILLE,NJ,8691,69,3,2,0.028985507246376812,0,0.0,0,0.0,0,0.0,0,0.0,2,0.028985507246376812,0,0.0,,,0,0,,1,Rialto (CA) 3%,9,0.13043478260869565,7,7,4,56,0.9333333333333333,0.7089016416159146,783.4716981132076,694.8297872340427,126.8603448275862,0.7101449275362319,0.6521739130434782,0.5,1.0,,,,,,,,,0.5,1.0,2,True,misshipping
msbd_2w,msbd_su,2,409083,FEEDING JOY LLC NJ 08857,347123,FEEDING JOY LLC,"CA,NJ,PA",3,APS Bedroom,Asia Supplier Service Desk,NJ,Old Bridge,08857,400 Fairway Ln,EAST BRUNSWICK,NJ,8816,69,3,2,0.028985507246376812,0,0.0,0,0.0,0,0.0,0,0.0,2,0.028985507246376812,0,0.0,,,0,0,,2,Rialto (CA) 1%; Arcadia (CA) 1%,3,0.043478260869565216,4,4,4,62,0.9393939393939394,-0.1256956993133358,777.5839285714286,869.4537037037036,165.61666666666673,0.9855072463768116,0.782608695652174,1.0,0.5,,,,,,,,,1.0,0.5,2,True,misshipping
msbd_2w,msbd_su,2,183100,Extromax Lea Inc CA 91761,177829,Extromax Lea Inc,"CA,GA,NJ,PA,TX",5,Casegoods,Frank Huang,CA,Ontario,91761,1521 E Francis St,CHINO LOCAL,CA,91710,69,3,3,0.043478260869565216,0,0.0,0,0.0,1,0.014492753623188406,0,0.0,2,0.028985507246376812,0,0.0,,,0,0,,2,West Savannah  Ncpc (GA) 1%; East Brunswick (NJ) 1%,23,0.3333333333333333,46,7,7,39,0.8478260869565217,0.25687886537253857,1457.8565217391301,1385.0161290322583,390.1521739130435,0.6521739130434784,0.4057971014492754,1.0,0.6666666666666666,,,,,1.0,0.0,,,1.0,1.0,3,True,misshipping
msbd_2w,msbd_su,2,287102,Jinhuabaiweiyingtongyongpinyouxiangongsi TX 77087,287065,Jinhuabaiweiyingtongyongpinyouxiangongsi,"CA,GA,NJ,TX",4,Wayfair,Icey Wang,TX,Houston,77087,2425 Broad St,SOUTH HOUSTON,TX,77075,69,3,13,0.18840579710144928,0,0.0,3,0.043478260869565216,0,0.0,0,0.0,10,0.14492753623188406,0,0.0,,,0,0,,5,West Savannah  Ncpc (GA) 7%; East Brunswick (NJ) 3%; Rancho Cucamonga Ncpc (CA) 1%; Richmond Hill Ncpc (GA) 1%; South Rialto - Ncpc (CA) 1%,1,0.014492753623188406,67,23,23,45,0.6617647058823529,0.34418775804874924,863.6871794871794,814.9111111111109,476.5910447761194,0.8550724637681162,0.5507246376811598,0.6923076923076923,0.4615384615384615,,,1.0,0.6666666666666666,,,,,0.6,0.4,13,True,misshipping
msbd_2w,msbd_su,2,335207,shenzhenshibeilailidianqiyouxiangongsi GA 31405,335200,shenzhenshibeilailidianqiyouxiangongsi,"CA,GA,IL,PA,TX",5,Wayfair,Tracy Rong,GA,Savannah,31405,125 Feldspar Drive,SAVANNAH LOCAL,GA,31408,68,3,6,0.08823529411764706,0,0.0,0,0.0,0,0.0,0,0.0,6,0.08823529411764706,0,0.0,,,0,0,,4,Sugar Land (TX) 4%; Chicago (IL) 1%; West Rialto (CA) 1%; Scranton (PA) 1%,5,0.07352941176470588,63,8,8,55,0.873015873015873,-0.6691598195883512,533.0281250000003,595.6618181818181,156.82698412698412,0.5294117647058822,0.5294117647058825,0.6666666666666667,0.5,,,,,,,,,0.6666666666666667,0.5,6,True,misshipping
msbd_2w,msbd_su,2,498883,"BENOX SUPPLY CHAIN CO., LIMITED PA 18064",489828,"BENOX SUPPLY CHAIN CO., LIMITED","CA,PA",2,APS Mattresses,Asia Supplier Service Desk,PA,Nazareth,18064,3363 Gun Club Rd,LEHIGH VALLEY LOCAL,PA,18067,68,3,8,0.11764705882352941,0,0.0,1,0.014705882352941176,5,0.07352941176470588,0,0.0,2,0.029411764705882353,0,0.0,,,0,0,,1,Rancho Cucamonga Ncpc (CA) 3%,2,0.029411764705882353,66,13,12,54,0.8181818181818182,0.4754095293455308,820.6549019607841,808.9403846153847,288.7196969696968,0.9117647058823529,0.8088235294117649,0.75,0.625,,,1.0,1.0,0.6,0.4,,,1.0,1.0,8,True,misshipping
msbd_2w,msbd_su,2,478655,hefeituotuwangluokejiyouxaingongsi TX 77584,284178,hefeituotuwangluokejiyouxaingongsi,"CA,GA,NJ,TX",4,APS Youth,Ricky Yu,TX,Pearland,77584,3215 Veterans Dr,SOUTH HOUSTON,TX,77075,68,3,14,0.20588235294117646,0,0.0,0,0.0,0,0.0,0,0.0,14,0.20588235294117646,0,0.0,,,0,0,,4,Diamond Bar Rsf (CA) 13%; Chino (CA) 4%; Industry (CA) 1%; Savannah (GA) 1%,3,0.04411764705882353,27,27,27,38,0.5846153846153846,0.13916751800136054,640.034693877551,702.1267857142859,600.4184615384614,0.9852941176470589,0.7941176470588236,1.0,0.7142857142857143,,,,,,,,,1.0,0.7142857142857143,14,True,misshipping
msbd_2w,msbd_su,2,359929,COFVIAL LTD NJ 08505,304188,COFVIAL LTD,"CA,GA,IL,NJ,TX",5,Soft Home,Supplier Service Desk,NJ,Bordentown,08505,"C/O 1170 Florence Columbus Rd, Gate( 102-125)",ROBBINSVILLE,NJ,8691,68,3,1,0.014705882352941176,0,0.0,0,0.0,0,0.0,0,0.0,1,0.014705882352941176,0,0.0,,,0,0,,1,Rialto (CA) 1%,1,0.014705882352941176,53,2,1,66,0.9850746268656716,-1.1621054954756123,1042.92962962963,1123.2925925925924,65.62985074626864,0.6617647058823528,0.3970588235294118,1.0,0.0,,,,,,,,,1.0,0.0,1,True,misshipping
msbd_2w,msbd_su,2,348489,Yiwu Youxi Electronic Commerce Co. Ltd CA 91708,98141,Yiwu Youxi Electronic Commerce Co. Ltd,"CA,GA,NJ,TX",4,APS Outdoor,Amber Xiang,CA,Chino,91708,15825 Terminal Court,CHINO LOCAL,CA,91710,68,3,6,0.08823529411764706,0,0.0,2,0.029411764705882353,2,0.029411764705882353,0,0.0,2,0.029411764705882353,0,0.0,,,0,0,,2,Richmond Hill Ncpc (GA) 1%; Houston (TX) 1%,1,0.014705882352941176,67,7,7,60,0.8955223880597015,0.08349098570344074,1378.1659574468088,1337.9652173913043,250.89701492537316,0.9852941176470589,0.5441176470588236,1.0,1.0,,,1.0,1.0,1.0,1.0,,,1.0,1.0,6,True,misshipping
msbd_2w,msbd_su,2,26128,Delta Enterprise WI 54956,676,Delta Enterprise,"CA,GA,KS,WI",4,Youth Furniture & Decor,Kendra Abbott,WI,Neenah,54956,Div of Childrens Products LLC,OSHKOSH,WI,54901,68,3,5,0.07352941176470588,0,0.0,1,0.014705882352941176,2,0.029411764705882353,0,0.0,2,0.029411764705882353,0,0.0,,,0,0,,1,West Rialto (CA) 3%,2,0.029411764705882353,13,13,5,61,0.9242424242424242,-0.7308892331360266,935.4833333333332,878.1782608695651,174.31034482758616,1.0,0.676470588235294,1.0,0.4,,,1.0,1.0,1.0,0.5,,,1.0,0.0,5,True,misshipping
msbd_2w,msbd_su,2,268036,GuangzhoushiYuanweiweiMaoyngsi FU,224327,Guangzhoushi Yuanweiwei Maoyi Youxian Gongsi,"CA,GA,NJ,TX",4,APS,Asia Supplier Service Desk,CA,Corona,92879,1325 Sherborn Street,WEST RIALTO,CA,92316,68,3,10,0.14705882352941177,0,0.0,0,0.0,0,0.0,0,0.0,10,0.14705882352941177,0,0.0,,,0,0,,1,Richmond Hill Ncpc (GA) 15%,0,0.0,16,12,12,56,0.8235294117647058,0.549657659749664,1733.3258620689655,1512.9189655172415,419.64705882352945,0.9852941176470589,0.8382352941176471,1.0,0.8,,,,,,,,,1.0,0.8,10,True,misshipping
msbd_2w,msbd_su,2,368776,"Anhui Yinmaotai Technology Co., Ltd NJ 08505(3)",367426,"Anhui Yinmaotai Technology Co., Ltd","CA,NJ,PA",3,Wayfair,Asia Supplier Service Desk,NJ,Bordentown,08505,"Florence Columbus Rd, Gate( 102-125），",ROBBINSVILLE,NJ,8691,67,3,1,0.014925373134328358,0,0.0,0,0.0,0,0.0,0,0.0,1,0.014925373134328358,0,0.0,,,0,0,,1,South Rialto - Ncpc (CA) 1%,0,0.0,51,2,1,66,0.9850746268656716,-1.2446440912232206,1122.2184615384622,1157.9257575757576,62.449253731343276,0.9850746268656717,0.6716417910447763,1.0,1.0,,,,,,,,,1.0,1.0,1,True,misshipping
msbd_2w,msbd_su,2,28487,IRIS USA TX 75149,1969,IRIS USA,"AZ,PA,TX,WI",4,Storage & Org - Frequency,Claire Przybocki,TX,Mesquite,75149,3401 Innovative Way,MESQUITE,TX,75149,67,3,9,0.13432835820895522,0,0.0,1,0.014925373134328358,2,0.029850746268656716,0,0.0,6,0.08955223880597014,0,0.0,,,0,0,,2,North Phoenix (AZ) 6%; Scranton (PA) 3%,2,0.029850746268656716,13,12,12,53,0.8153846153846154,0.6510484467117462,662.9634920634923,550.5272727272727,209.44062500000007,0.8805970149253731,0.6865671641791044,0.5555555555555556,0.5555555555555556,,,1.0,0.0,0.0,0.0,,,0.6666666666666666,0.8333333333333334,9,True,misshipping
msbd_2w,msbd_su,2,461757,KSP-NJ,452361,WINMATCH GLOBAL (HK) TRADING LIMITED,"CA,GA,NJ",3,APS AEOF,Nora Li,NJ,East Brunswick,08816,5 Cotters Ln,EAST BRUNSWICK,NJ,8816,67,3,1,0.014925373134328358,0,0.0,0,0.0,0,0.0,0,0.0,1,0.014925373134328358,0,0.0,,,0,0,,1,Rancho Cucamonga Ncpc (CA) 1%,2,0.029850746268656716,5,2,1,64,0.9846153846153847,-0.5046500244738131,835.8000000000001,816.4388888888888,43.43846153846154,0.9701492537313433,0.7014925373134329,0.0,0.0,,,,,,,,,0.0,0.0,1,True,misshipping
msbd_2w,msbd_su,2,295244,HangZhou ChuangZhiShengWuJin YouXianGong TX 75074,97933,HangZhou ChuangZhiShengWuJin YouXianGongSi,"CA,NJ,TX",3,APS,Asia Supplier Service Desk,TX,Plano,75074,910 10th St,MESQUITE,TX,75149,66,3,50,0.7575757575757576,0,0.0,0,0.0,0,0.0,0,0.0,50,0.7575757575757576,0,0.0,,,0,0,,2,Linden (NJ) 68%; Anaheim (CA) 8%,0,0.0,66,66,66,0,0.0,-0.02117452143255016,906.5693548387097,1024.2619047619046,1518.6681818181823,1.0,0.8030303030303032,1.0,0.8799999999999997,,,,,,,,,1.0,0.8799999999999997,50,True,misshipping
msbd_2w,msbd_su,2,4005,Almo MO 63045,1730,Almo,"AZ,GA,MO,NV,OH,PA,TX,WI",8,Appliances,Julia Wunderlin,MO,St Charles,63301,125 Fountain Lakes Industrial Drive,NORTH ST.LOUIS,MO,63376,66,3,3,0.045454545454545456,0,0.0,0,0.0,0,0.0,0,0.0,3,0.045454545454545456,0,0.0,,,0,0,,1,East Columbus (OH) 5%,1,0.015151515151515152,7,7,7,58,0.8923076923076924,0.00855462484405644,595.1199999999999,762.8441176470589,92.65833333333333,0.9848484848484849,0.46969696969696983,1.0,1.0,,,,,,,,,1.0,1.0,3,True,misshipping
msbd_2w,msbd_su,2,509875,weikan(wuxi)wangluokejiyouxiangongsi GA 30519,431719,weikan(wuxi)wangluokejiyouxiangongsi,"CA,GA,IL,NJ,TX",5,APS Home Improvement,Asia Supplier Service Desk,GA,Buford,30519,"4497 Friendship Road, Bldg. 100",PRINCETON,NJ,8810,66,3,24,0.36363636363636365,0,0.0,0,0.0,0,0.0,0,0.0,24,0.36363636363636365,0,0.0,,,0,0,,3,Houston (TX) 30%; Carson (CA) 3%; Romeoville Rsf (IL) 3%,1,0.015151515151515152,55,36,32,33,0.5076923076923077,-0.846729566081195,546.8873015873014,844.015873015873,534.5468749999998,0.8787878787878787,0.7727272727272727,1.0,0.7500000000000002,,,,,,,,,1.0,0.7500000000000002,24,True,misshipping
msbd_2w,msbd_su,2,282315,Shenzhen Yousi Internet Digital Marketing CA 92337,255424,"Shenzhen Yousi Internet Digital Marketing C o., Ltd.","CA,GA,NJ,NY,TX",5,APS,Sean Danyun SHEN,CA,Fontana ,92337,CA3: 10850 Business Dr ,WEST RIALTO,CA,92316,66,3,3,0.045454545454545456,0,0.0,1,0.015151515151515152,0,0.0,0,0.0,2,0.030303030303030304,0,0.0,,,0,0,,1,East Brunswick (NJ) 3%,1,0.015151515151515152,64,4,4,61,0.9384615384615385,0.2784585090112227,789.554,768.9019607843137,172.61562499999997,1.0,0.7575757575757576,1.0,0.3333333333333333,,,1.0,1.0,,,,,1.0,0.0,3,True,misshipping
msbd_2w,msbd_su,2,407700,"Wayright, LLC CA 92324",93513,"Wayright, LLC","CA,FL,NJ",3,APS AEOF,Ricky Yu,CA, Colton,92324,2163 Riverside Ave,WEST RIALTO,CA,92316,66,3,2,0.030303030303030304,0,0.0,0,0.0,1,0.015151515151515152,0,0.0,1,0.015151515151515152,0,0.0,,,0,0,,1,East Brunswick (NJ) 2%,5,0.07575757575757576,60,2,2,59,0.9672131147540983,-0.395252685270974,1279.3437499999998,1280.2849999999996,90.53666666666665,0.9393939393939392,0.6363636363636364,1.0,0.0,,,,,1.0,0.0,,,1.0,0.0,2,True,misshipping
msbd_2w,msbd_su,2,356941,Espiron Optimum Inc NJ 08817,296653,Espiron Optimum Inc,"CA,GA,IL,NJ,TX",5,Casegoods,Supplier Service Desk,NJ,Edison,08817,250 Carter Dr ,WOODBRIDGE LOCAL,NJ,8832,66,3,5,0.07575757575757576,0,0.0,0,0.0,0,0.0,0,0.0,5,0.07575757575757576,0,0.0,,,0,0,,4,West Savannah  Ncpc (GA) 3%; Houston (TX) 2%; West Rialto (CA) 2%; Anaheim (CA) 2%,2,0.030303030303030304,63,25,22,42,0.65625,-1.152449317444996,458.2763157894736,895.7794871794873,641.2793650793649,1.0,0.7272727272727272,1.0,0.6,,,,,,,,,1.0,0.6,5,True,misshipping
msbd_2w,msbd_su,2,365032,"SHENZHEN SEENDA TECHNOLOGY CO.,LTD. TX 77429",341998,"SHENZHEN SEENDA TECHNOLOGY CO.,LTD.","CA,GA,NJ,PA,TX",5,APS Home Improvement,Yinan Du,TX,Cypress,77429,"14402 Fallbrook Dr Suite 290,Cypress,TX,77429",HOUSTON LOCAL,TX,77433,66,3,5,0.07575757575757576,0,0.0,1,0.015151515151515152,3,0.045454545454545456,0,0.0,1,0.015151515151515152,0,0.0,,,0,0,,1,West Rialto (CA) 2%,0,0.0,65,5,7,59,0.8939393939393939,-0.1528553138710953,605.503846153846,599.7673076923078,106.17692307692309,0.8030303030303031,0.7727272727272728,0.6,0.6,,,0.0,1.0,0.6666666666666667,0.6666666666666666,,,1.0,0.0,5,True,misshipping
msbd_2w,msbd_su,2,44968,Hasegawa Ladders NY 11788,21749,"HasegawaUSA,Inc.","NY,OR",2,Storage & Org - Frequency,Supplier Service Desk,NY,Hauppauge,11788,28 Central Ave,LONG ISLAND,NY,11741,65,2,4,0.06153846153846154,0,0.0,0,0.0,0,0.0,0,0.0,4,0.06153846153846154,0,0.0,,,0,0,,1,Sherwood (OR) 6%,0,0.0,8,8,7,58,0.8923076923076924,0.5287957371647628,704.3309523809523,610.3025,320.2246153846154,0.9846153846153847,0.9076923076923076,1.0,0.75,,,,,,,,,1.0,0.75,4,True,misshipping
msbd_2w,msbd_su,2,510729,PP-NJC_NJ_US,201334,WuHanPangPangPingPingDianZiShangWuYouXianGongSi,"CA,GA,NJ,TX",4,APS Bedroom,Asia Supplier Service Desk,NJ,FLANDERS,07836,703 BARTLEY CHESTER ROAD SUITE B,DOVER,NJ,7801,65,3,2,0.03076923076923077,0,0.0,0,0.0,0,0.0,0,0.0,2,0.03076923076923077,0,0.0,,,0,0,,1,Rancho Cucamonga Ncpc (CA) 3%,3,0.046153846153846156,59,8,4,58,0.9354838709677419,0.5315625342433477,829.2125000000001,717.4978723404257,223.59180327868864,0.8615384615384615,0.8615384615384616,0.5,1.0,,,,,,,,,0.5,1.0,2,True,misshipping
msbd_2w,msbd_su,2,211134,Shenzhen Zhichen Trading Co. LTD. NJ 08505,59517,Shenzhen Zhichen Trading Co. LTD.,"CA,GA,NJ,PA",4,APS K&D,Stella Yin,NJ,Bordentown,08505,3280 US 206,ROBBINSVILLE,NJ,8691,65,3,3,0.046153846153846156,0,0.0,1,0.015384615384615385,1,0.015384615384615385,0,0.0,1,0.015384615384615385,0,0.0,,,0,0,,1,King Of Prussia (PA) 2%,1,0.015384615384615385,56,37,5,59,0.921875,0.76170430959779,595.5775510204081,519.9720930232559,76.62656249999996,1.0,0.9076923076923074,1.0,0.6666666666666667,,,1.0,0.0,1.0,1.0,,,1.0,1.0,3,True,misshipping
msbd_2w,msbd_su,2,510778,  GA7.,469099,"Shenzhen Yiju E-commerce Co., Ltd.","CA,GA,NJ,PA",4,APS AEOF,Supplier Service Desk,GA,Savannah,31407,150 Portside Ct,SAVANNAH LOCAL,GA,31408,65,3,1,0.015384615384615385,0,0.0,0,0.0,0,0.0,0,0.0,1,0.015384615384615385,0,0.0,,,0,0,,1,Rancho Cucamonga Ncpc (CA) 2%,0,0.0,64,3,3,62,0.9538461538461539,-5.1340158213122375,610.4509433962262,668.6058823529412,128.80625,0.8307692307692309,0.7846153846153847,1.0,0.0,,,,,,,,,1.0,0.0,1,True,misshipping
msbd_2w,msbd_su,2,410170,MML Diversified Investments LLC TN 37129,239897,MML Diversified Investments LLC,"TN,WA",2,Decor,Asia Supplier Service Desk,TN,Murfreesboro,37129,831 park ave ,EAST MURFREESBORO,TN,37127,65,3,2,0.03076923076923077,0,0.0,0,0.0,0,0.0,0,0.0,2,0.03076923076923077,0,0.0,,,0,0,,1,Tacoma (WA) 3%,4,0.06153846153846154,4,4,4,57,0.9344262295081968,-2.6986290517216904,588.0973684210526,762.8027777777778,160.96393442622957,0.9384615384615383,0.7230769230769232,1.0,1.0,,,,,,,,,1.0,1.0,2,True,misshipping
msbd_2w,msbd_su,2,448764,Hu Nan Sui Huo Dian Zi Shang Wu You Xian Ze Ren Gong Si NJ 07064,405132,Hu Nan Sui Huo Dian Zi Shang Wu You Xian Ze Ren Gong Si,"CA,NJ",2,APS Youth,Emily Liao,NJ,Port Reading,07064,1001 W Middlesex Ave,SOUTH CARTERET,NJ,7008,65,3,5,0.07692307692307693,0,0.0,0,0.0,0,0.0,0,0.0,5,0.07692307692307693,0,0.0,,,0,0,,2,West Rialto (CA) 6%; Rancho Cucamonga Ncpc (CA) 2%,2,0.03076923076923077,62,12,10,53,0.8412698412698413,-0.4896882602580668,682.2699999999999,728.956,250.67419354838708,0.9846153846153847,0.9230769230769231,1.0,0.6,,,,,,,,,1.0,0.6,5,True,misshipping
msbd_2w,msbd_su,2,3979,MelissaandDoug NJ- 08831,518,Melissa and Doug,"CA,NJ",2,Youth Furniture & Decor,Riki Watanabe,NJ,Monroe Township,08831,380 Deans Rhode Hall Rd,PRINCETON,NJ,8810,65,3,13,0.2,0,0.0,0,0.0,0,0.0,0,0.0,13,0.2,0,0.0,,,0,0,,1,Tracy (CA) 20%,1,0.015384615384615385,17,17,17,47,0.734375,-1.1965556021171142,875.9204081632652,1104.062222222222,766.7000000000002,0.9846153846153847,0.6307692307692306,1.0,0.23076923076923075,,,,,,,,,1.0,0.23076923076923075,13,True,misshipping
msbd_2w,msbd_su,2,433590,shenzhenshixidekekejiyouxiangongsi CA 92509,399441,shenzhenshixidekekejiyouxiangongsi,"CA,GA,NJ",3,APS Upholstery,Asia Supplier Service Desk,CA,Riverside,92509,12249 Holly Street,RIALTO LOCAL,CA,92316,65,3,10,0.15384615384615385,0,0.0,0,0.0,0,0.0,0,0.0,10,0.15384615384615385,0,0.0,,,0,0,,1,Richmond Hill Ncpc (GA) 15%,0,0.0,65,13,13,52,0.8,-0.767455242896463,786.9499999999997,802.8313725490196,489.6,1.0,0.846153846153846,1.0,0.39999999999999997,,,,,,,,,1.0,0.39999999999999997,10,True,misshipping
msbd_2w,msbd_su,2,267890,shenzhen haileyikejiyouxiangongsi CA 92337,229949,"Guangxi Chaotuo International Trade Co., Ltd","CA,NJ,TX",3,APS Mattresses,Checky Yi,CA,Fontana,92337,13083 Slover Ave,WEST RIALTO,CA,92316,64,3,1,0.015625,0,0.0,0,0.0,0,0.0,0,0.0,1,0.015625,0,0.0,,,0,0,,1,North Houston (TX) 2%,2,0.03125,62,3,3,59,0.9516129032258065,-0.28051363516018,1015.1406779661016,974.7156862745101,89.66774193548385,1.0,0.890625,1.0,1.0,,,,,,,,,1.0,1.0,1,True,misshipping
msbd_2w,msbd_su,2,248168,MSI GA 31322,10633,MSI,"CA,GA,NJ,TX,VA",5,Flooring,Maddie Norris,GA,Pooler,31322,1501 Pine Barren Road,SAVANNAH LOCAL,GA,31408,64,3,2,0.03125,0,0.0,1,0.015625,0,0.0,0,0.0,1,0.015625,0,0.0,,,0,0,,1,Baytown (TX) 2%,21,0.328125,40,4,4,39,0.9069767441860465,-0.255272408785964,536.0944444444444,578.651282051282,88.85000000000001,0.46875,0.35937499999999994,0.5,0.5,,,1.0,1.0,,,,,0.0,0.0,2,True,misshipping
msbd_2w,msbd_su,2,467570,Hangzhou Moxin Technologies Co Ltd. NJ 08857,410736,HONG KONG MAN KA GOU TECHNOLOGY LIMITED,"CA,GA,NJ,TX",4,APS Bedroom,Asia Supplier Service Desk,NJ,Old Bridge,08857,600 Fairway Lane,EAST BRUNSWICK,NJ,8816,64,3,14,0.21875,0,0.0,0,0.0,0,0.0,0,0.0,14,0.21875,0,0.0,,,0,0,,5,West Savannah  Ncpc (GA) 8%; Chino Hills Ncpc (CA) 8%; Richmond Hill Ncpc (GA) 3%; Diamond Bar Rsf (CA) 2%; Spring (TX) 2%,0,0.0,15,15,15,49,0.765625,-0.5916061961967377,528.4673469387754,661.6291666666666,411.1812500000001,0.9062499999999998,0.65625,1.0,0.5000000000000001,,,,,,,,,1.0,0.5000000000000001,14,True,misshipping
msbd_2w,msbd_su,2,409545,MEET SUNNY CORPORATION NJ 08003,68299,MEET SUNNY CORPORATION,"CA,GA,NJ,TX",4,APS Home Improvement,Danica Guo,NJ,Cherry Hill,08003,1515 Burnt Mill RD,CAMDEN,NJ,8007,64,3,20,0.3125,0,0.0,7,0.109375,3,0.046875,0,0.0,10,0.15625,0,0.0,,,0,0,,2,West Savannah  Ncpc (GA) 14%; Houston (TX) 2%,0,0.0,63,43,23,41,0.640625,0.21273318161028873,672.3333333333333,606.1804347826087,299.3666666666667,1.0,0.9218749999999998,1.0,0.8499999999999999,,,1.0,0.8571428571428572,1.0,0.3333333333333333,,,1.0,1.0,20,True,misshipping
msbd_2w,msbd_su,2,316554,"FoShan XiNiu Outdoor Product Co., Ltd CA 91752 (2)",47589,SUMMER BELLA INC,"CA,GA,IL,NJ,PA,TX",6,APS,Danica Guo,CA,Eastvale,91752,12300 Riverside Drive,WEST RIALTO,CA,92316,64,3,5,0.078125,0,0.0,0,0.0,3,0.046875,0,0.0,2,0.03125,0,0.0,,,0,0,,2,South Chicago (IL) 2%; Robbinsville (NJ) 2%,2,0.03125,62,4,9,53,0.8548387096774194,-0.5851815559763608,784.8685185185187,791.1924528301885,198.7145161290323,0.953125,0.6874999999999999,1.0,0.8,,,,,1.0,1.0,,,1.0,0.5,5,True,misshipping
msbd_2w,msbd_su,2,349631,QUIFLY INC NJ 08831,78882,QUIFLY INC,"CA,GA,NJ,TX",4,APS Pet,Lacey Yan,NJ,Monroe Township,08831,4 South Middlesex Avenue,PRINCETON,NJ,8810,64,3,7,0.109375,0,0.0,0,0.0,0,0.0,0,0.0,7,0.109375,0,0.0,,,0,0,,4,South Rialto - Ncpc (CA) 5%; Sugar Land (TX) 3%; South Atlanta Ncpc (GA) 2%; Richmond Hill Ncpc (GA) 2%,2,0.03125,51,25,21,41,0.6612903225806451,-0.7379082819794407,428.9463414634145,947.7975609756097,739.2868852459014,0.984375,0.7031249999999998,1.0,0.5714285714285714,,,,,,,,,1.0,0.5714285714285714,7,True,misshipping
msbd_2w,msbd_su,2,459567,Net Health Shops LLC TX 76262-2471,26335,Net Health Shops LLC,"CA,GA,IL,PA,TX,WI",6,Decor,Kadin Nestler,TX,ROANOKE,76262-2471,1230 W STATE HIGHWAY 114,NORTH FORT WORTH,TX,76177,64,3,1,0.015625,0,0.0,0,0.0,0,0.0,0,0.0,1,0.015625,0,0.0,,,0,0,,1,Austell (GA) 2%,4,0.0625,20,8,4,56,0.9333333333333333,0.540929203539823,529.8500000000001,528.2441176470587,99.92380952380957,0.984375,0.7656249999999998,1.0,1.0,,,,,,,,,1.0,1.0,1,True,misshipping
msbd_2w,msbd_su,2,58158,LivEditor Lighting Co. Ltd. NJ08512,37764,LivEditor Lighting Co. Ltd.,"CA,GA,NJ",3,APS,Asia Supplier Service Desk,NJ,Port Reading,07064,1001 W Middlesex Ave,SOUTH CARTERET,NJ,7008,63,3,11,0.1746031746031746,0,0.0,1,0.015873015873015872,1,0.015873015873015872,0,0.0,9,0.14285714285714285,0,0.0,,,0,0,,4,South Atlanta Ncpc (GA) 6%; West Rialto (CA) 3%; West Savannah  Ncpc (GA) 3%; South Rialto - Ncpc (CA) 2%,5,0.07936507936507936,58,45,38,20,0.3448275862068966,-0.22452739937409688,484.51219512195127,1128.5756756756755,1249.1810344827586,0.8730158730158731,0.4603174603174604,0.9090909090909091,0.45454545454545453,,,1.0,1.0,1.0,0.0,,,0.8888888888888888,0.4444444444444444,11,True,misshipping
msbd_2w,msbd_su,2,316088,Equal Fitness Inc GA 31326,299881,Equal Fitness Inc,"CA,GA,NJ,PA,TX",5,Decor,Asia Supplier Service Desk,GA,Rincon,31326,1100 Logistics Parkway,SAVANNAH LOCAL,GA,31408,63,3,4,0.06349206349206349,0,0.0,2,0.031746031746031744,1,0.015873015873015872,0,0.0,1,0.015873015873015872,0,0.0,,,0,0,,1,Rialto (CA) 2%,0,0.0,63,7,7,56,0.8888888888888888,0.5521269593711282,723.7538461538461,694.3872727272727,84.73650793650792,0.9206349206349204,0.73015873015873,1.0,0.75,,,1.0,0.5,1.0,1.0,,,1.0,1.0,4,True,misshipping
msbd_2w,msbd_su,2,370335,"NINGBO YIWEI MUYINYONGPING Co., Ltd. NJ 08861",280978,"NINGBO YIWEI MUYINYONGPING Co., Ltd.","CA,GA,NJ,TX",4,APS Home Improvement,Asia Supplier Service Desk,NJ,Perth Amboy,08861,"1130 State St, Perth Amboy, NJ 08861",SOUTH CARTERET,NJ,7008,63,3,7,0.1111111111111111,0,0.0,0,0.0,0,0.0,0,0.0,7,0.1111111111111111,0,0.0,,,0,0,,4,Sugar Land (TX) 5%; West Savannah  Ncpc (GA) 3%; Rancho Cucamonga Ncpc (CA) 2%; Arcadia (CA) 2%,6,0.09523809523809523,57,11,11,46,0.8070175438596491,-0.5846308103465525,769.1574999999998,877.0526315789475,273.2070175438596,0.9047619047619045,0.73015873015873,1.0,0.5714285714285715,,,,,,,,,1.0,0.5714285714285715,7,True,misshipping
msbd_2w,msbd_su,2,338889,Espiron Optimum Inc GA 31405,296653,Espiron Optimum Inc,"CA,GA,IL,NJ,TX",5,Casegoods,Supplier Service Desk,GA,Savannah,31405,125 Feldspar Drive,SAVANNAH LOCAL,GA,31408,63,3,8,0.12698412698412698,0,0.0,0,0.0,0,0.0,0,0.0,8,0.12698412698412698,0,0.0,,,0,0,,5,Rancho Cucamonga Ncpc (CA) 6%; Santa Fe Springs (CA) 2%; Woodbridge (NJ) 2%; Chino Hills Ncpc (CA) 2%; West Rialto (CA) 2%,1,0.015873015873015872,61,21,21,41,0.6612903225806451,-2.8356059591062426,532.6879310344826,1038.1038461538462,664.5311475409835,0.9206349206349207,0.6349206349206346,1.0,0.25000000000000006,,,,,,,,,1.0,0.25000000000000006,8,True,misshipping
msbd_2w,msbd_su,2,478649,"Shanghai Yudingchi Technology Co., LTD. CA 91730",336659,"Shanghai Yudingchi Technology Co., LTD.","CA,NJ,PA,TX",4,APS AEOF,Asia Supplier Service Desk,CA,Rancho Cucamonga,91730,9189 Utica Ave,WEST RIALTO,CA,92316,63,3,5,0.07936507936507936,0,0.0,0,0.0,0,0.0,0,0.0,5,0.07936507936507936,0,0.0,,,0,0,,2,Spring (TX) 6%; Lehigh Valley (PA) 2%,3,0.047619047619047616,60,14,14,46,0.7666666666666667,0.04764749988755013,975.2375000000001,1086.5473684210524,476.42333333333335,0.8730158730158729,0.6031746031746031,1.0,0.6,,,,,,,,,1.0,0.6,5,True,misshipping
msbd_2w,msbd_su,2,318884,Espiron Optimum Inc IL 60538,296653,Espiron Optimum Inc,"CA,GA,IL,NJ,TX",5,Casegoods,Supplier Service Desk,IL,Montgomery,60538,900 Knell Rd,SOUTH CHICAGO,IL,60446,63,3,7,0.1111111111111111,0,0.0,1,0.015873015873015872,0,0.0,0,0.0,6,0.09523809523809523,0,0.0,,,0,0,,5,Chino (CA) 3%; Santa Fe Springs (CA) 2%; Woodbridge (NJ) 2%; Chino Hills Ncpc (CA) 2%; Rancho Cucamonga Ncpc (CA) 2%,2,0.031746031746031744,54,21,19,42,0.6885245901639344,-1.0995039092574654,461.36481481481474,867.4186046511628,512.0688524590164,0.9841269841269842,0.5873015873015872,1.0,0.28571428571428575,,,1.0,1.0,,,,,1.0,0.16666666666666669,7,True,misshipping
msbd_2w,msbd_su,2,120618,TTX Lighting Technology Inc. GA 31322,99787,TTX Lighting Technology Inc.,"CA,GA,NJ",3,APS Home Improvement,Emma Wang,GA,Pooler,31322,101 Clyde Alexander Way,SAVANNAH LOCAL,GA,31408,63,3,1,0.015873015873015872,0,0.0,0,0.0,0,0.0,0,0.0,1,0.015873015873015872,0,0.0,,,0,0,,1,West Rialto (CA) 2%,11,0.1746031746031746,50,4,3,49,0.9423076923076923,-3.253653053578119,737.1690909090909,744.9260869565219,88.15999999999998,0.4603174603174601,0.5873015873015873,0.0,0.0,,,,,,,,,0.0,0.0,1,True,misshipping
msbd_2w,msbd_su,2,466604,发现 GA006,104050,"Ningbo Qiangbang Outdoor Leisure Products Co., Ltd","CA,GA,NJ,PA,TX",5,APS Outdoor,Amber Xiang,GA,Rincon ,31326,1200 General Way,SAVANNAH LOCAL,GA,31408,62,3,6,0.0967741935483871,0,0.0,0,0.0,1,0.016129032258064516,0,0.0,5,0.08064516129032258,0,0.0,,,0,0,,2,Rialto (CA) 5%; Oceanside (CA) 3%,2,0.03225806451612903,59,10,10,50,0.8333333333333334,-1.7516099782006231,570.3833333333334,744.1444444444445,349.31694915254224,0.9838709677419354,0.8387096774193551,0.8333333333333334,0.33333333333333337,,,,,0.0,1.0,,,1.0,0.2,6,True,misshipping
msbd_2w,msbd_su,2,361773,Serta National NC 28269,924,Serta National,"MD,MI,NC,OK,TN,TX,UT,WA,WI",9,Mattress,Keegan Kerr,NC,Charlotte,28269,5100 West WT Harris Blvd,CONCORD,NC,28027,62,3,20,0.3225806451612903,0,0.0,0,0.0,0,0.0,0,0.0,20,0.3225806451612903,0,0.0,,,0,0,,2,North Houston (TX) 26%; Madison (WI) 6%,9,0.14516129032258066,29,29,29,24,0.4528301886792453,-0.7306874819978688,438.81199999999995,767.9937500000001,616.8395833333334,0.870967741935484,0.5000000000000001,0.9499999999999998,0.65,,,,,,,,,0.9499999999999998,0.65,20,True,misshipping
msbd_2w,msbd_su,2,496285,Healthcareco ltd TX 77071,150801,Healthcareco ltd,"CA,GA,NJ,TX",4,APS Mattresses,Sylvia Ding,TX,Houston,77071,15005 East Hampton Circle,SUGAR LAND,TX,77489,62,3,3,0.04838709677419355,0,0.0,1,0.016129032258064516,0,0.0,0,0.0,2,0.03225806451612903,0,0.0,,,0,0,,2,West Rialto (CA) 2%; Camden (NJ) 2%,2,0.03225806451612903,3,3,3,57,0.95,-0.03109580094578296,922.6344827586206,939.1589285714285,60.986666666666665,0.9516129032258064,0.6935483870967742,0.6666666666666667,0.33333333333333337,,,0.0,0.0,,,,,1.0,0.5,3,True,misshipping
msbd_2w,msbd_su,2,462795,Walraime Inc. TX 77034,67689,Walraime Inc.,"CA,GA,NJ,TX",4,APS Upholstery,Estrella Wang,TX,Houston,77034,5115 south shaver st,SOUTH HOUSTON,TX,77075,62,3,2,0.03225806451612903,0,0.0,0,0.0,0,0.0,0,0.0,2,0.03225806451612903,0,0.0,,,0,0,,1,Anaheim (CA) 3%,0,0.0,12,10,10,52,0.8387096774193549,-0.8964693842742626,521.9886792452829,732.4603773584903,248.32580645161292,1.0,0.9032258064516128,1.0,1.0,,,,,,,,,1.0,1.0,2,True,misshipping
msbd_2w,msbd_su,2,350380,"Hangzhou Hengning Home Furnishing Co., LTD GA 30349",349660,"Hangzhou Hengning Home Furnishing Co., LTD","CA,GA,IL,NJ,TX",5,APS AEOF,Asia Supplier Service Desk,GA,East Point ,30349,4131 South Meadow Parkway West,AUSTELL,GA,30168,62,2,11,0.1774193548387097,0,0.0,0,0.0,0,0.0,0,0.0,11,0.1774193548387097,0,0.0,,,0,0,,1,Woodbridge (NJ) 18%,2,0.03225806451612903,59,15,15,45,0.75,-0.3245556689167702,626.1381818181816,703.3894736842105,237.42372881355934,1.0,0.8870967741935482,1.0,0.6363636363636364,,,,,,,,,1.0,0.6363636363636364,11,True,misshipping
msbd_2w,msbd_su,2,500368,"Ningbo FanKai E-commerce Co., Ltd._1 NJ 08036",83386,"Ningbo FanKai E-commerce Co., Ltd._1","CA,GA,IL,NJ,PA",5,APS Home Improvement,Nicole Sun,NJ,HAINESPORT,08036,"1517 NJ-38, BUILDING 2, HAINESPORT, NJ 08036",CAMDEN,NJ,8007,62,3,10,0.16129032258064516,0,0.0,0,0.0,0,0.0,0,0.0,10,0.16129032258064516,0,0.0,,,0,0,,2,Fairless Hills (PA) 13%; South Atlanta Ncpc (GA) 3%,0,0.0,62,62,16,46,0.7419354838709677,0.646301821455221,996.0175000000002,713.7083333333333,403.8032258064518,1.0,0.9354838709677415,1.0,1.0,,,,,,,,,1.0,1.0,10,True,misshipping
msbd_2w,msbd_su,2,446692,Walraime Inc. CA 92880-0001,67689,Walraime Inc.,"CA,GA,NJ,TX",4,APS Upholstery,Estrella Wang,CA,Eastvale,92880-0001,14909 Summit Drive,CHINO LOCAL,CA,91710,62,3,3,0.04838709677419355,0,0.0,0,0.0,0,0.0,0,0.0,3,0.04838709677419355,0,0.0,,,0,0,,1,Baytown (TX) 5%,2,0.03225806451612903,60,5,5,55,0.9166666666666666,-1.5967924584515563,585.2274509803922,634.4693877551018,141.2616666666667,0.903225806451613,0.709677419354839,1.0,0.0,,,,,,,,,1.0,0.0,3,True,misshipping
msbd_2w,msbd_su,2,251211,foshanladisijiajuyouxiangongsi NJ 08016,251210,TOSTA LIMITED_1,"CA,GA,NJ",3,APS Bedroom,Noemi Tang,NJ,Burlington Township,08016,2605 Rancocas Rd,ROBBINSVILLE,NJ,8691,62,3,3,0.04838709677419355,0,0.0,2,0.03225806451612903,0,0.0,0,0.0,1,0.016129032258064516,0,0.0,,,0,0,,1,Braselton (GA) 2%,3,0.04838709677419355,13,9,6,53,0.8983050847457628,-0.24602306998570478,608.6880952380951,620.4243902439025,56.02542372881357,0.9838709677419354,0.6290322580645161,1.0,0.0,,,1.0,0.0,,,,,1.0,0.0,3,True,misshipping
msbd_2w,msbd_su,2,88468,"Anji Longwei Furniture Co., Ltd CA91752",55782,"Anjixian Longwei Furniture Co.,Ltd.","CA,GA,NJ,TX",4,APS,Hannah Guan,CA,JURUPA VALLEY,91752,3790 DE FOREST CIRCLE,WEST RIALTO,CA,92316,61,3,2,0.03278688524590164,0,0.0,0,0.0,0,0.0,0,0.0,2,0.03278688524590164,0,0.0,,,0,0,,2,Robbinsville (NJ) 2%; Richmond Hill Ncpc (GA) 2%,2,0.03278688524590164,59,2,2,57,0.9661016949152542,-2.145066384088744,1510.8999999999999,1558.7703703703705,101.76271186440677,0.6721311475409836,0.3770491803278689,1.0,0.0,,,,,,,,,1.0,0.0,2,True,misshipping
msbd_2w,msbd_su,2,157952,Ningbo Qingyuejiatingyongpinyou CA 91730,91238,Ningbo Qingyuejiatingyongpinyouxiangongsi,"CA,GA",2,APS Youth,Asia Supplier Service Desk,CA,El Monte,91731,10750 st. louis dr,ARCADIA,CA,91006,61,3,2,0.03278688524590164,0,0.0,0,0.0,0,0.0,0,0.0,2,0.03278688524590164,0,0.0,,,0,0,,1,Norcross (GA) 3%,1,0.01639344262295082,4,4,4,56,0.9333333333333333,0.10998206932825721,1835.210204081633,1831.6448979591835,85.20000000000002,0.6557377049180328,0.47540983606557374,0.5,0.5,,,,,,,,,0.5,0.5,2,True,misshipping
msbd_2w,msbd_su,2,320330,"NINGBO YIWEI MUYINYONGPING Co., Ltd. GA 31326",280978,"NINGBO YIWEI MUYINYONGPING Co., Ltd.","CA,GA,NJ,TX",4,APS,Asia Supplier Service Desk,GA,Rincon,31326,1600 General way,SAVANNAH LOCAL,GA,31408,61,3,21,0.3442622950819672,0,0.0,1,0.01639344262295082,9,0.14754098360655737,0,0.0,11,0.18032786885245902,0,0.0,,,0,0,,3,Woodbridge (NJ) 10%; Arcadia (CA) 5%; Sugar Land (TX) 3%,4,0.06557377049180328,57,28,28,29,0.5087719298245614,0.09069408778262453,906.9537037037036,826.2021739130435,394.49649122807017,0.9180327868852458,0.6885245901639342,1.0,0.9047619047619047,,,1.0,1.0,1.0,0.7777777777777778,,,1.0,1.0,21,True,misshipping
msbd_2w,msbd_su,2,412936,"Jingzhou yanote trading co., ltd GA 31326",283770,"Jingzhou yanote trading co., ltd","CA,GA,NJ",3,APS K&D,Asia Supplier Service Desk,GA,Rincon,31326,1200 General Way,SAVANNAH LOCAL,GA,31408,61,3,17,0.2786885245901639,0,0.0,3,0.04918032786885246,1,0.01639344262295082,0,0.0,13,0.21311475409836064,0,0.0,,,0,0,,1,Princeton (NJ) 21%,7,0.11475409836065574,54,25,25,29,0.5370370370370371,0.06457206340624187,838.8689655172413,875.0615384615385,366.74259259259264,0.6885245901639343,0.622950819672131,0.8235294117647057,0.7647058823529411,,,0.6666666666666666,1.0,1.0,1.0,,,0.8461538461538461,0.6923076923076923,17,True,misshipping
msbd_2w,msbd_su,2,450745,                 WPNJ7,308237,chongqinghongliyangmaoyiyouxiangongsi,"CA,GA,IL,NJ,TX",5,APS K&D,Asia Supplier Service Desk,NJ,Bordentown,08505,3280 US Highway 206,ROBBINSVILLE,NJ,8691,61,3,7,0.11475409836065574,0,0.0,1,0.01639344262295082,1,0.01639344262295082,0,0.0,5,0.08196721311475409,0,0.0,,,0,0,,4,Richmond Hill Ncpc (GA) 3%; South Rialto - Ncpc (CA) 2%; Romeoville Rsf (IL) 2%; Santa Fe Springs (CA) 2%,1,0.01639344262295082,55,46,16,44,0.7333333333333333,0.29048211285716385,489.05,557.2171428571429,374.9474576271186,0.9508196721311474,0.7213114754098362,1.0,0.4285714285714286,,,1.0,1.0,1.0,0.0,,,1.0,0.4,7,True,misshipping
msbd_2w,msbd_su,2,217162,Phoebecat Inc CA5,54500,Phoebecat Inc,"CA,GA,NJ",3,APS,Asia Supplier Service Desk,CA,Ontario,91761,1670 S Etiwanda Ave,CHINO LOCAL,CA,91710,61,3,9,0.14754098360655737,0,0.0,0,0.0,5,0.08196721311475409,0,0.0,4,0.06557377049180328,0,0.0,,,0,0,,3,Robbinsville (NJ) 3%; Princeton (NJ) 2%; East Brunswick (NJ) 2%,4,0.06557377049180328,57,15,15,42,0.7368421052631579,-1.535358404996841,522.5000000000002,780.4372549019607,505.41578947368447,0.7213114754098358,0.6393442622950818,0.7777777777777778,0.4444444444444444,,,,,0.8,0.8,,,0.75,0.0,9,True,misshipping
msbd_2w,msbd_su,2,487848,"Fujian DecoWin E-commerce Co., Ltd GA 31408",83121,"Fujian DecoWin E-commerce Co., Ltd","CA,GA,TX",3,APS Decor,Asia Supplier Service Desk,GA,Savannah,31408,133 Coleman Blvd. Suite 200,SAVANNAH LOCAL,GA,31408,61,3,31,0.5081967213114754,0,0.0,0,0.0,2,0.03278688524590164,0,0.0,29,0.47540983606557374,0,0.0,,,0,0,,7,Chino Hills Ncpc (CA) 16%; Industry (CA) 10%; South Dallas Rsf (TX) 8%; South Rialto - Ncpc (CA) 5%; Chino (CA) 3%,5,0.08196721311475409,56,54,55,1,0.017857142857142856,-2.893210852471853,543.4000000000001,2174.384444444445,1900.818181818182,0.7704918032786886,0.27868852459016397,0.8709677419354837,0.2580645161290322,,,,,0.5,0.5,,,0.8965517241379308,0.24137931034482757,31,True,misshipping
msbd_2w,msbd_su,2,409002,Shanghai Woyao Trading Co Ltd GA 30122,163583,Shanghai Woyao Trading Co Ltd,"CA,GA,NJ,PA",4,APS Decor,Asia Supplier Service Desk,GA,Lithia Springs,30122,780 Douglas Hills Rd,AUSTELL,GA,30168,61,3,2,0.03278688524590164,0,0.0,0,0.0,0,0.0,0,0.0,2,0.03278688524590164,0,0.0,,,0,0,,1,Rancho Cucamonga Ncpc (CA) 3%,2,0.03278688524590164,17,3,3,56,0.9491525423728814,,693.0127272727273,690.7038461538463,95.53728813559327,1.0,0.9344262295081968,1.0,1.0,,,,,,,,,1.0,1.0,2,True,misshipping
msbd_2w,msbd_su,2,327568,"Youmi Electronic Technology Co., Limited GA 31407",84702,"Youmi Electronic Technology Co., Limited","CA,GA,IL,NJ,TX",5,APS Bedroom,Asia Supplier Service Desk,GA,Savannah,31407,150 Portside Ct,SAVANNAH LOCAL,GA,31408,60,3,3,0.05,0,0.0,0,0.0,0,0.0,0,0.0,3,0.05,0,0.0,,,0,0,,2,Baytown (TX) 3%; Diamond Bar Rsf (CA) 2%,2,0.03333333333333333,58,4,4,54,0.9310344827586207,-0.28754804397970884,579.4525423728815,561.7796296296297,105.61896551724138,0.9000000000000001,0.7166666666666667,1.0,1.0,,,,,,,,,1.0,1.0,3,True,misshipping
msbd_2w,msbd_su,2,360362,MSI VA 23434,10633,MSI,"CA,GA,NJ,TX,VA",5,Flooring,Maddie Norris,VA,Suffolk,23434,120 Westport Parkway,EMPORIA,VA,23847,60,3,2,0.03333333333333333,0,0.0,0,0.0,1,0.016666666666666666,0,0.0,1,0.016666666666666666,0,0.0,,,0,0,,1,Woodbridge (NJ) 2%,13,0.21666666666666667,44,6,6,41,0.8723404255319149,-0.2809134972187371,444.2948717948718,578.8222222222222,167.89090909090913,0.48333333333333334,0.5666666666666668,0.5,1.0,,,,,1.0,1.0,,,0.0,1.0,2,True,misshipping
msbd_2w,msbd_su,2,369953,"Guangzhou Tuosen Import and Export Co., Ltd. GA 31408",274887,"Guangzhou Tuosen Import and Export Co., Ltd.","CA,GA,NJ,TX",4,APS Home Improvement,Cheryl Zhang,GA,Savannah,31408,231 Bourne Blvd,SAVANNAH LOCAL,GA,31408,60,3,2,0.03333333333333333,0,0.0,0,0.0,0,0.0,0,0.0,2,0.03333333333333333,0,0.0,,,0,0,,2,Industry (CA) 2%; Secaucus (NJ) 2%,2,0.03333333333333333,4,3,3,55,0.9482758620689655,-0.5293678211805057,621.8897959183676,635.14375,70.42631578947369,0.8666666666666666,0.5833333333333334,0.5,0.5,,,,,,,,,0.5,0.5,2,True,misshipping
msbd_2w,msbd_su,2,367261,Spectre Link Inc NJ 08554,286640,Spectre Link Inc,"CA,NJ",2,Casegoods,Jaden Pickett,NJ,Roebling,08554,839 Railroad Ave,ROBBINSVILLE,NJ,8691,60,3,4,0.06666666666666667,0,0.0,1,0.016666666666666666,2,0.03333333333333333,0,0.0,1,0.016666666666666666,0,0.0,,,0,0,,1,Arcadia (CA) 2%,9,0.15,27,21,9,42,0.8235294117647058,-0.35491574221521804,825.5023809523809,883.2969696969695,312.886274509804,0.8333333333333333,0.6999999999999996,1.0,0.5,,,1.0,0.0,1.0,1.0,,,1.0,0.0,4,True,misshipping
msbd_2w,msbd_su,2,369516,"RICH HOLY ENTERPRISE CO., LIMITED NJ 07001",366288,"RICH HOLY ENTERPRISE CO., LIMITED","CA,GA,NJ",3,Wayfair,Asia Supplier Service Desk,NJ,Avenel,07001,6AB Terminal Way,SOUTH CARTERET,NJ,7008,60,3,1,0.016666666666666666,0,0.0,0,0.0,0,0.0,0,0.0,1,0.016666666666666666,0,0.0,,,0,0,,1,West Savannah  Ncpc (GA) 2%,0,0.0,59,1,1,59,0.9833333333333333,-0.12523306401491613,392.7055555555555,442.3225000000001,21.474137931034495,1.0,0.7666666666666669,1.0,1.0,,,,,,,,,1.0,1.0,1,True,misshipping
msbd_2w,msbd_su,2,321299,hangzhousanchunjiafangyouxiangongsi CA 91710,306600,hangzhousanchunjiafangyouxiangongsi,"AL,CA,TX",3,Wayfair,lance Zhou,CA,Chino,91710,4980 Eucalyptus Ave Chino,CHINO LOCAL,CA,91710,60,3,9,0.15,0,0.0,1,0.016666666666666666,2,0.03333333333333333,0,0.0,6,0.1,0,0.0,,,0,0,,1,South Houston (TX) 10%,5,0.08333333333333333,54,11,11,44,0.8,-0.08513771224781266,1889.1156862745092,1847.9333333333334,324.9611111111111,0.9166666666666664,0.6666666666666665,0.7777777777777778,0.6666666666666666,,,0.0,0.0,0.5,0.0,,,1.0,1.0,9,True,misshipping
msbd_2w,msbd_su,2,434539,"Hong Kong Baihui International Trade Co., Limited NJ 08075",432848,"Hong Kong Baihui International Trade Co., Limited","CA,NJ",2,APS Soft Home,lance Zhou,NJ,Delanco,08075,780 Coopertown Road,CAMDEN,NJ,8007,60,3,6,0.1,0,0.0,0,0.0,0,0.0,0,0.0,6,0.1,0,0.0,,,0,0,,1,Chino (CA) 10%,4,0.06666666666666667,9,8,8,48,0.8571428571428571,-0.4834411043774026,703.9391304347827,857.4613636363637,386.4160714285714,0.9166666666666666,0.7833333333333333,1.0,0.33333333333333337,,,,,,,,,1.0,0.33333333333333337,6,True,misshipping
msbd_2w,msbd_su,2,465433,"Anxi Xinhou Trading Co., Ltd. TX 77584",346444,"Anxi Xinhou Trading Co., Ltd.","CA,NJ,TX",3,APS Decor,Asia Supplier Service Desk,TX,pearland,77584,3215 Veterans Dr,SOUTH HOUSTON,TX,77075,60,3,1,0.016666666666666666,0,0.0,0,0.0,0,0.0,0,0.0,1,0.016666666666666666,0,0.0,,,0,0,,1,Princeton (NJ) 2%,5,0.08333333333333333,11,2,2,53,0.9636363636363636,-0.0557002436360581,886.928888888889,914.2586956521739,61.325925925925915,0.9666666666666669,0.6666666666666669,1.0,0.0,,,,,,,,,1.0,0.0,1,True,misshipping
msbd_2w,msbd_su,2,340132,weifangshikunqidianzishangwuyouxiangongsi CA 92571,315987,weifangshikunqidianzishangwuyouxiangongsi,"AZ,CA,FL,GA,NJ,TX",6,APS AEOF,Nora Li,CA,Perris,92571,728 W Rider St,RIALTO LOCAL,CA,92316,60,3,7,0.11666666666666667,0,0.0,0,0.0,3,0.05,0,0.0,4,0.06666666666666667,0,0.0,,,0,0,,3,East Brunswick (NJ) 3%; West Savannah  Ncpc (GA) 2%; North Houston (TX) 2%,2,0.03333333333333333,58,11,11,47,0.8103448275862069,-1.467263801317367,1136.5074074074075,1248.2826923076918,442.50689655172414,0.8166666666666668,0.5333333333333331,0.7142857142857143,0.4285714285714286,,,,,0.6666666666666666,0.0,,,0.75,0.75,7,True,misshipping
msbd_2w,msbd_su,2,484990,shenzhenshiwangshangdingkejiyouxiangongsi CA 92335,354135,shenzhenshiwangshangdingkejiyouxiangongsi,"CA,NJ,PA,TX",4,Wayfair,Asia Supplier Service Desk,CA,Fontana,92335,13277 San Bernardino Ave,WEST RIALTO,CA,92316,59,3,5,0.0847457627118644,0,0.0,0,0.0,0,0.0,0,0.0,5,0.0847457627118644,0,0.0,,,0,0,,1,Lehigh Valley (PA) 8%,3,0.05084745762711865,56,5,5,51,0.9107142857142857,0.7224838507045073,1780.257142857143,1676.9901960784312,251.0446428571428,0.9661016949152544,0.8644067796610171,1.0,1.0,,,,,,,,,1.0,1.0,5,True,misshipping
msbd_2w,msbd_su,2,302011,"Divinity Interiors Inc CA,92337",268390,Divinity Interiors Inc,"CA,NJ",2,Decor,Asia Supplier Service Desk,CA,FONTANA,92337,11281 CITRUS AVE,WEST RIALTO,CA,92316,59,3,11,0.1864406779661017,0,0.0,2,0.03389830508474576,0,0.0,0,0.0,9,0.15254237288135594,0,0.0,,,0,0,,1,Woodbridge (NJ) 15%,2,0.03389830508474576,54,11,11,46,0.8070175438596491,0.7793496891478406,1610.088888888889,1194.1897959183668,535.1245614035087,0.983050847457627,0.9152542372881353,1.0,1.0,,,1.0,1.0,,,,,1.0,1.0,11,True,misshipping
msbd_2w,msbd_su,2,240923,Wenzhou Jiajing Import and Export Co LTD NY 11716,240922,Wenzhou Jiajing Import and Export Co LTD,"CA,NJ,NY,SC,TX",5,Wayfair,Eve Deng,NY,Bohemia,11716,585 Johnson Ave,LONG ISLAND,NY,11741,59,3,2,0.03389830508474576,0,0.0,0,0.0,0,0.0,0,0.0,2,0.03389830508474576,0,0.0,,,0,0,,2,Rancho Cucamonga Ncpc (CA) 2%; Industry (CA) 2%,0,0.0,59,59,2,57,0.9661016949152542,0.8700401551759341,790.4115384615383,578.1066666666665,186.6271186440678,0.8474576271186439,0.7796610169491525,1.0,1.0,,,,,,,,,1.0,1.0,2,True,misshipping
msbd_2w,msbd_su,2,65268,Vision Bedding LLC Missouri MO 64070,64475,Vision Bedding LLC,"CO,MO,NC,SD",4,Soft Home,Supplier Service Desk,MO,Lone Jack,64070,530 Hunter Lane Suite B,NORTH KANSAS CITY,MO,64161,59,3,1,0.01694915254237288,0,0.0,0,0.0,0,0.0,0,0.0,1,0.01694915254237288,0,0.0,,,0,0,,1,Rapid City (SD) 2%,3,0.05084745762711865,3,3,2,54,0.9642857142857143,,943.0444444444444,980.0833333333333,25.83636363636363,0.8813559322033896,0.7796610169491528,1.0,1.0,,,,,,,,,1.0,1.0,1,True,misshipping
msbd_2w,msbd_su,2,401757,KYT TECHNOLOGY INC. CA 92374,320631,KYT TECHNOLOGY INC.,"CA,NJ",2,APS Upholstery,Asia Supplier Service Desk,CA,Redlands,92374,9425 Nevada Street,WEST RIALTO,CA,92316,59,3,10,0.1694915254237288,0,0.0,0,0.0,1,0.01694915254237288,0,0.0,9,0.15254237288135594,0,0.0,,,0,0,,1,Metuchen (NJ) 15%,0,0.0,59,12,12,47,0.7966101694915254,0.47611200591421177,1532.4579999999999,1253.1520833333332,582.9627118644066,1.0,0.7966101694915254,1.0,0.8999999999999999,,,,,1.0,0.0,,,1.0,1.0,10,True,misshipping
msbd_2w,msbd_su,2,284772,From the Tree Furniture FL 33178,56975,From the Tree Furniture,"FL,IL,TX",3,Casegoods,Ashley Agostinelli,FL,Miami,33178,10201 NW ,MIAMI,FL,33178,59,3,2,0.03389830508474576,0,0.0,0,0.0,0,0.0,0,0.0,2,0.03389830508474576,0,0.0,,,0,0,,1,North Houston (TX) 3%,7,0.11864406779661017,3,3,3,49,0.9423076923076923,-0.25717866924327754,1186.5195121951217,1116.7297297297298,68.75192307692309,0.711864406779661,0.5084745762711864,1.0,1.0,,,,,,,,,1.0,1.0,2,True,misshipping
msbd_2w,msbd_su,2,450727,USWE-20[洛杉矶20号仓],308237,chongqinghongliyangmaoyiyouxiangongsi,"CA,GA,IL,NJ,TX",5,APS K&D,Asia Supplier Service Desk,CA,Jurupa Valley,91752,C/O 11296 Harrel St,WEST RIALTO,CA,92316,59,3,12,0.2033898305084746,0,0.0,2,0.03389830508474576,0,0.0,0,0.0,10,0.1694915254237288,0,0.0,,,0,0,,4,Richmond Hill Ncpc (GA) 10%; Camden (NJ) 3%; Romeoville Rsf (IL) 2%; Houston (TX) 2%,5,0.0847457627118644,53,14,14,40,0.7407407407407407,0.6664668381215152,1070.8830188679242,737.6880000000002,632.9358490566035,0.8813559322033897,0.6949152542372881,0.7499999999999999,0.9166666666666666,,,0.5,1.0,,,,,0.8,0.8999999999999999,12,True,misshipping
msbd_2w,msbd_su,2,412752,[WPLA17],411034,fushangbao(guangdong)jiajukejiyouxiangongsi,"CA,GA,NJ,TX",4,Wayfair,Noemi Tang,CA,Fontana,92337,13423 Santa Ana Avenue,WEST RIALTO,CA,92316,59,3,12,0.2033898305084746,0,0.0,0,0.0,2,0.03389830508474576,0,0.0,10,0.1694915254237288,0,0.0,,,0,0,,2,Houston (TX) 8%; West Dallas Ncpc (TX) 8%,2,0.03389830508474576,49,12,12,45,0.7894736842105263,0.5894057534818371,616.679661016949,406.5462962962964,347.9964912280701,0.8305084745762712,0.7118644067796609,0.41666666666666663,0.5833333333333333,,,,,0.0,0.0,,,0.5,0.7,12,True,misshipping
msbd_2w,msbd_su,2,41585,GE sp Appliances CA 91789,41548,GE sp Appliances,"CA,GA,TX",3,Appliances,Julia Wunderlin,CA,Walnut,91789,20005 Business Pkwy,INDUSTRY,CA,91789,59,3,4,0.06779661016949153,0,0.0,0,0.0,0,0.0,0,0.0,4,0.06779661016949153,0,0.0,,,0,0,,2,Athens (GA) 5%; Arlington (TX) 2%,14,0.23728813559322035,38,4,4,41,0.9111111111111111,,947.7145833333332,852.5763157894736,228.87105263157892,0.3898305084745761,0.4406779661016949,0.75,0.5,,,,,,,,,0.75,0.5,4,True,misshipping
msbd_2w,msbd_su,2,487192,Uber Bazaar Inc VA 24151,269112,Uber Bazaar Inc,"AR,CA,CO,MD,MS,NC,NJ,NY,TX,VA",10,Lighting,Supplier Service Desk,VA,Rocky Mountain,24151,3325 Grassy Hill Rd,SALEM,VA,24153,59,3,3,0.05084745762711865,0,0.0,0,0.0,0,0.0,0,0.0,3,0.05084745762711865,0,0.0,,,0,0,,1,Chino (CA) 5%,4,0.06779661016949153,55,55,16,39,0.7090909090909091,-2.1645934655871213,368.97857142857134,1700.9999999999998,2157.4874999999997,0.9491525423728812,0.3050847457627119,1.0,0.0,,,,,,,,,1.0,0.0,3,True,misshipping
msbd_2w,msbd_su,2,105106,Fujian DecoWin E-commerce GA 30122,83121,"Fujian DecoWin E-commerce Co., Ltd","CA,GA,TX",3,APS Youth,Asia Supplier Service Desk,GA,Lithia Springs,30122,850 Douglas Hills Rd,AUSTELL,GA,30168,59,3,27,0.4576271186440678,0,0.0,0,0.0,7,0.11864406779661017,0,0.0,20,0.3389830508474576,0,0.0,,,0,0,,8,Chino Hills Ncpc (CA) 10%; Rialto (CA) 7%; Burbank (CA) 5%; South Rialto - Ncpc (CA) 3%; South Dallas Rsf (TX) 3%,1,0.01694915254237288,58,54,57,1,0.017241379310344827,-1.4522011872004437,582.8542857142857,1749.5964285714288,1671.6189655172413,0.8983050847457625,0.5762711864406781,0.962962962962963,0.5925925925925928,,,,,1.0,0.8571428571428572,,,0.95,0.5000000000000001,27,True,misshipping
msbd_2w,msbd_su,2,352047,"Shenzhen Jinjiachuang Trading Co., Ltd. CA 92335",111397,"Shenzhen Jinjiachuang Trading Co., Ltd.","CA,GA,NJ",3,APS K&D,Asia Supplier Service Desk,CA,Fontana,92335,"8375 Sultana Ave,Unit 2",WEST RIALTO,CA,92316,59,3,3,0.05084745762711865,0,0.0,1,0.01694915254237288,0,0.0,0,0.0,2,0.03389830508474576,0,0.0,,,0,0,,1,Camden (NJ) 3%,3,0.05084745762711865,39,5,5,51,0.9107142857142857,0.6397761762088515,961.5612244897959,879.6531914893617,243.49999999999997,0.864406779661017,0.5254237288135593,0.6666666666666666,1.0,,,0.0,1.0,,,,,1.0,1.0,3,True,misshipping
msbd_2w,msbd_su,2,433627,Huizhou Zhelin Furniture Co Ltd NJ 08611,116865,Huizhou Zhelin Furniture Co Ltd,"CA,GA,NJ",3,APS K&D,Evie Li,NJ,Hamilton,08611,"1369 Lamberton Road,Suite C,Dock #51-59 dock",ROBBINSVILLE,NJ,8691,59,3,18,0.3050847457627119,0,0.0,2,0.03389830508474576,0,0.0,0,0.0,16,0.2711864406779661,0,0.0,,,0,0,,4,Chino Hills Ncpc (CA) 10%; Richmond Hill Ncpc (GA) 10%; Anaheim (CA) 3%; Chino (CA) 3%,0,0.0,47,29,26,33,0.559322033898305,-0.45421845742880435,562.1377777777777,911.4911111111111,871.7542372881354,1.0,0.8135593220338979,1.0,0.7777777777777777,,,1.0,1.0,,,,,1.0,0.75,18,True,misshipping
msbd_2w,msbd_su,2,266919,M-CA-2,221756,Ning Bo Hao Mi Xin Xi Ke Ji You Xian Gong Si,"CA,GA,NJ,TX",4,APS,Yinan Du,CA,Ontario,91761,1651 south Carlos Ave,CHINO LOCAL,CA,91710,58,3,4,0.06896551724137931,0,0.0,0,0.0,0,0.0,0,0.0,4,0.06896551724137931,0,0.0,,,0,0,,1,Robbinsville (NJ) 7%,0,0.0,58,13,13,45,0.7758620689655172,-1.4554482561728026,821.2272727272726,1315.3698113207547,615.4000000000001,1.0,0.689655172413793,1.0,0.5,,,,,,,,,1.0,0.5,4,True,misshipping
msbd_2w,msbd_su,2,444295,[WPHOU4],411034,fushangbao(guangdong)jiajukejiyouxiangongsi,"CA,GA,NJ,TX",4,APS Bedroom,Noemi Tang,TX,Cypress,77429,14402 Fallbrook Dr Suite 290,HOUSTON LOCAL,TX,77433,58,3,18,0.3103448275862069,0,0.0,1,0.017241379310344827,6,0.10344827586206896,0,0.0,11,0.1896551724137931,0,0.0,,,0,0,,4,Camden (NJ) 10%; Richmond Hill Ncpc (GA) 5%; West Rialto (CA) 2%; Rancho Cucamonga Ncpc (CA) 2%,3,0.05172413793103448,55,20,26,29,0.5272727272727272,0.12517499921546169,585.55625,524.8215686274511,523.0454545454545,0.8275862068965515,0.6379310344827586,0.7777777777777777,0.6111111111111112,,,0.0,0.0,0.5,0.6666666666666667,,,1.0,0.6363636363636365,18,True,misshipping
msbd_2w,msbd_su,2,231975,A&L Technology Support LLC CA 91789(3),76378,A&L Technology Support LLC,"CA,FL,GA,IL,NJ,NY,OH,OK,TX",9,Upholstery,Kosi Obi,CA,City of Industry,91789, 21490 Baker Parkway,INDUSTRY,CA,91789,58,3,4,0.06896551724137931,0,0.0,0,0.0,1,0.017241379310344827,0,0.0,3,0.05172413793103448,0,0.0,,,0,0,,3,North Houston (TX) 2%; Romeoville Rsf (IL) 2%; Metuchen (NJ) 2%,2,0.034482758620689655,54,3,4,52,0.9285714285714286,0.4411440177733645,1567.963829787234,1482.1977777777777,143.59636363636363,0.9137931034482756,0.8275862068965519,0.75,0.75,,,,,1.0,0.0,,,0.6666666666666666,1.0,4,True,misshipping
msbd_2w,msbd_su,2,349599,Luxurious Fusion Inc CA 91789(2),281487,Luxurious Fusion Inc,"CA,DE,GA,IL,NJ,TX",6,Casegoods,Asia Supplier Service Desk,CA,City of Industry,91789,CO 151 Marcellin Dr,INDUSTRY,CA,91789,58,3,9,0.15517241379310345,0,0.0,0,0.0,0,0.0,0,0.0,9,0.15517241379310345,0,0.0,,,0,0,,2,West Savannah  Ncpc (GA) 12%; Linden (NJ) 3%,7,0.1206896551724138,34,11,11,40,0.7843137254901961,0.04137480433359618,1022.0980392156862,950.657142857143,552.9,0.9310344827586206,0.4827586206896553,0.8888888888888888,0.7777777777777778,,,,,,,,,0.8888888888888888,0.7777777777777778,9,True,misshipping
msbd_2w,msbd_su,2,449936,dongguanshiliqiangwangluokejiyouxiangongsi NJ 08512,438068,dongguanshiliqiangwangluokejiyouxiangongsi,"CA,GA,NJ",3,APS K&D,Evie Li,NJ,Cranbury,08512,311 Cranbury Half Acre Rd,PRINCETON,NJ,8810,58,3,1,0.017241379310344827,0,0.0,0,0.0,0,0.0,0,0.0,1,0.017241379310344827,0,0.0,,,0,0,,1,South Rialto - Ncpc (CA) 2%,2,0.034482758620689655,19,7,2,54,0.9642857142857143,-2.613028109745834,598.7553191489361,639.6708333333333,109.65925925925927,0.9310344827586206,0.8275862068965518,1.0,0.0,,,,,,,,,1.0,0.0,1,True,misshipping
msbd_2w,msbd_su,2,414231,"Shenzhen Zhuoyuan Technology Co., Ltd. CA 91761(2)",334320,"Shenzhen Zhuoyuan Technology Co., Ltd.","CA,NJ,TX",3,APS Housewares & More,Asia Supplier Service Desk,CA,Ontario,91761,1251 S Rockefeller ave,CHINO LOCAL,CA,91710,58,3,9,0.15517241379310345,0,0.0,0,0.0,0,0.0,0,0.0,9,0.15517241379310345,0,0.0,,,0,0,,2,Princeton (NJ) 12%; Spring (TX) 3%,4,0.06896551724137931,54,12,12,42,0.7777777777777778,0.7818550933741587,1832.2583333333325,1477.637777777778,522.0518518518519,0.9482758620689652,0.7413793103448276,1.0,1.0,,,,,,,,,1.0,1.0,9,True,misshipping
msbd_2w,msbd_su,2,456920,"DINGJIE TECHNOLOGY INNOVATION CO., LIMITED CA 92410",348056,"DINGJIE TECHNOLOGY INNOVATION CO., LIMITED","CA,PA,TX",3,APS Bedroom,Asia Supplier Service Desk,CA,Bernardino,92410,"7776 Tippecanoe Avenue,San",WEST RIALTO,CA,92316,58,3,1,0.017241379310344827,0,0.0,0,0.0,0,0.0,0,0.0,1,0.017241379310344827,0,0.0,,,0,0,,1,Houston (TX) 2%,3,0.05172413793103448,53,1,1,54,0.9818181818181818,-3.5935077519379846,780.2415094339625,873.3291666666667,47.2018181818182,1.0,0.8275862068965516,1.0,1.0,,,,,,,,,1.0,1.0,1,True,misshipping
msbd_2w,msbd_su,2,445058,Xin yu Xi miao Mao yi You xian Gong si FL 32127,445026,Xin yu Xi miao Mao yi You xian Gong si,"CA,FL,PA",3,Wayfair,Asia Supplier Service Desk,FL,Port Orange,32127,5803 Spruce Creek Woods Dr,SANFORD,FL,32771,57,3,1,0.017543859649122806,0,0.0,0,0.0,0,0.0,0,0.0,1,0.017543859649122806,0,0.0,,,0,0,,1,Philadelphia (PA) 2%,1,0.017543859649122806,2,2,2,54,0.9642857142857143,-1.3779381443298968,698.2756097560974,711.1309523809523,35.38571428571428,0.8070175438596492,0.6491228070175438,0.0,0.0,,,,,,,,,0.0,0.0,1,True,misshipping
msbd_2w,msbd_su,2,510608,Flakes Joy Inc PA 18643,266775,Flakes Joy Inc,"CA,GA,NJ,PA",4,Casegoods,Jaden Pickett,PA,West Pittston,18643,199 South St,SCRANTON,PA,18640,57,3,1,0.017543859649122806,0,0.0,0,0.0,0,0.0,0,0.0,1,0.017543859649122806,0,0.0,,,0,0,,1,South Atlanta Ncpc (GA) 2%,0,0.0,12,12,6,51,0.8947368421052632,-0.07437544610992151,246.27222222222224,352.8608695652173,101.00000000000004,0.982456140350877,0.9298245614035086,1.0,1.0,,,,,,,,,1.0,1.0,1,True,misshipping
msbd_2w,msbd_su,2,285854,GDC Global Trading Corporation LTD. CA 91730,239530,GDC Global Trading Corporation LTD.,"CA,GA,KY,NJ",4,Casegoods,Supplier Service Desk,CA,Rancho Cucamonga,91730,11599 Arrow Route,WEST RIALTO,CA,92316,57,3,3,0.05263157894736842,0,0.0,0,0.0,1,0.017543859649122806,0,0.0,2,0.03508771929824561,0,0.0,,,0,0,,2,East Brunswick (NJ) 2%; South Atlanta Ncpc (GA) 2%,2,0.03508771929824561,55,5,5,50,0.9090909090909091,-0.46778391667328445,1470.2270833333332,1456.4354166666667,221.7327272727273,0.9649122807017545,0.8245614035087718,1.0,0.33333333333333337,,,,,1.0,0.0,,,1.0,0.5,3,True,misshipping
msbd_2w,msbd_su,2,460576,BaZhuaYu-CA-01,63465,"Ningbo Youyuan Import and Export Co., Ltd.","CA,GA,IL,NJ,NY,PA,TX",7,APS Home Improvement,Nicole Sun,CA,Fontana,92337,15950 Boyle Avenue,WEST RIALTO,CA,92316,57,3,1,0.017543859649122806,0,0.0,0,0.0,0,0.0,0,0.0,1,0.017543859649122806,0,0.0,,,0,0,,1,Richmond Hill Ncpc (GA) 2%,0,0.0,57,1,1,56,0.9824561403508771,0.6975198808961836,1658.3534883720934,1613.2585365853658,60.9122807017544,1.0,0.43859649122807015,1.0,0.0,,,,,,,,,1.0,0.0,1,True,misshipping
msbd_2w,msbd_su,2,370066,Lucky Lighting CA 94545,303633,Lucky Lighting,"CA,GA,NJ,RI,TX",5,APS Home Improvement,Asia Supplier Service Desk,CA,Hayward,94545,BOXSIRTransport OakInc  23787 Eichler St，Unit G,HAYWARD,CA,94545,57,3,1,0.017543859649122806,0,0.0,0,0.0,0,0.0,0,0.0,1,0.017543859649122806,0,0.0,,,0,0,,1,Secaucus (NJ) 2%,3,0.05263157894736842,2,2,2,52,0.9629629629629629,-0.5322378847276669,1369.84,1359.5139534883722,107.72592592592592,0.9649122807017543,0.7543859649122807,1.0,0.0,,,,,,,,,1.0,0.0,1,True,misshipping
msbd_2w,msbd_su,2,445814,Wuyouda-TX-03-HOU,63465,"Ningbo Youyuan Import and Export Co., Ltd.","CA,GA,IL,NJ,NY,PA,TX",7,APS Home Improvement,Nicole Sun,TX,Brookshire,77423,2062 Woods Road,HOUSTON LOCAL,TX,77433,57,3,24,0.42105263157894735,0,0.0,0,0.0,6,0.10526315789473684,0,0.0,18,0.3157894736842105,0,0.0,,,0,0,,1,Metuchen (NJ) 32%,8,0.14035087719298245,49,34,34,15,0.30612244897959184,0.5386695391363292,1083.2105263157894,663.435714285714,1082.8653061224493,0.9473684210526317,0.5789473684210527,1.0,0.7499999999999999,,,,,1.0,0.0,,,1.0,1.0,24,True,misshipping
msbd_2w,msbd_su,2,442405,Right Way Light LLC NJ 08857,69210,Right Way Light LLC,"CA,GA,NJ",3,APS Home Improvement,Icey Wang,NJ,Old Bridge,08857,800 Fairway Ln,EAST BRUNSWICK,NJ,8816,57,3,12,0.21052631578947367,0,0.0,0,0.0,0,0.0,0,0.0,12,0.21052631578947367,0,0.0,,,0,0,,2,Richmond Hill Ncpc (GA) 16%; Rancho Cucamonga Ncpc (CA) 5%,1,0.017543859649122806,12,12,12,44,0.7857142857142857,-0.13947833790961478,701.6068181818184,650.053846153846,279.0163636363637,0.9649122807017545,0.7894736842105263,0.9166666666666666,0.8333333333333333,,,,,,,,,0.9166666666666666,0.8333333333333333,12,True,misshipping
msbd_2w,msbd_su,2,117162,BISSELL Homecare Inc. TX 75134,8775,BISSELL Homecare Inc.,"CA,IL,TX,VA",4,Kitchen & Small Electrics,Claire Nissly,TX,Lancaster,75134,2821 Danieldale RD,DALLAS LOCAL,TX,75141,57,3,11,0.19298245614035087,0,0.0,0,0.0,0,0.0,0,0.0,11,0.19298245614035087,0,0.0,,,0,0,,3,Rialto (CA) 9%; South Chicago (IL) 5%; Ashland (VA) 5%,0,0.0,48,13,13,44,0.7719298245614035,0.2987292586216183,601.7666666666665,520.041176470588,341.6833333333334,0.9649122807017545,0.6315789473684211,1.0,0.7272727272727273,,,,,,,,,1.0,0.7272727272727273,11,True,misshipping
msbd_2w,msbd_su,2,155967,C A Marketing Inc. PA 18512,24844,C A Marketing Inc.,"CA,NJ,PA",3,Appliances,Julia Wunderlin,PA,Throop,18512,989 Enterprise Rd,SCRANTON,PA,18640,56,3,1,0.017857142857142856,0,0.0,0,0.0,0,0.0,0,0.0,1,0.017857142857142856,0,0.0,,,0,0,,1,Rialto (CA) 2%,5,0.08928571428571429,5,5,3,48,0.9411764705882353,0.19506941120153182,815.8157894736842,790.1409090909092,167.75714285714284,0.9642857142857144,0.49999999999999994,1.0,1.0,,,,,,,,,1.0,1.0,1,True,misshipping
msbd_2w,msbd_su,2,288974,"ZHENGZHOU OUQUN TRADE CO.,LTD GA 31326",284759,"ZHENGZHOU OUQUN TRADE CO.,LTD","CA,GA,NJ,TX",4,Wayfair,Asia Supplier Service Desk,GA,Rinco,31326,"1100 Logistics Parkway, Building 1,Rinco",SAVANNAH LOCAL,GA,31408,56,3,11,0.19642857142857142,0,0.0,2,0.03571428571428571,2,0.03571428571428571,0,0.0,7,0.125,0,0.0,,,0,0,,3,Sugar Land (TX) 9%; Rancho Cucamonga Ncpc (CA) 2%; Rialto (CA) 2%,1,0.017857142857142856,55,18,18,37,0.6727272727272727,0.49574197796315633,938.7723404255318,814.3555555555556,294.8218181818182,0.9107142857142859,0.7857142857142856,0.9090909090909091,0.8181818181818182,,,1.0,1.0,0.5,0.5,,,1.0,0.8571428571428572,11,True,misshipping
msbd_2w,msbd_su,2,450322,Zhongshan Shiyuemumu Dianzishangwuyouxiangongsi GA 31326,359111,Zhongshan Shiyuemumu Dianzishangwuyouxiangongsi,"CA,GA,NJ",3,APS Decor,Lavinia Zhang,GA,Rincon,31326,"1100 Logistics Parkway, Building 1",SAVANNAH LOCAL,GA,31408,56,3,4,0.07142857142857142,0,0.0,3,0.05357142857142857,0,0.0,0,0.0,1,0.017857142857142856,0,0.0,,,0,0,,1,South Rialto - Ncpc (CA) 2%,1,0.017857142857142856,54,11,11,44,0.8,0.27327087201640365,749.0153846153846,719.4792452830189,112.84259259259258,0.9642857142857143,0.7321428571428571,1.0,0.75,,,1.0,0.6666666666666667,,,,,1.0,1.0,4,True,misshipping
msbd_2w,msbd_su,2,345200,LHLYCLXLighting.LLC LY LA #1/91730,78023,LHLYCLX Lighting.LLC,"CA,GA,IL,NJ,PA,TX",6,APS Bedroom,Noemi Tang,CA,Cucamonga,91730,9570 Santa Anita Ave Rancho,WEST RIALTO,CA,92316,56,3,1,0.017857142857142856,0,0.0,0,0.0,0,0.0,0,0.0,1,0.017857142857142856,0,0.0,,,0,0,,1,Romeoville Rsf (IL) 2%,1,0.017857142857142856,54,2,2,53,0.9636363636363636,-0.8584664254831024,424.12000000000006,452.98800000000006,100.30555555555554,1.0,0.7321428571428573,1.0,0.0,,,,,,,,,1.0,0.0,1,True,misshipping
msbd_2w,msbd_su,2,203386,Wincous NJ 07644,18328,Wincous,"FL,NJ,NV",3,Wayfair Professional,Supplier Service Desk,NJ,Lodi,07644,65 Industrial Road,MOONACHIE,NJ,7606,56,3,4,0.07142857142857142,0,0.0,0,0.0,0,0.0,0,0.0,4,0.07142857142857142,0,0.0,,,0,0,,1,North Las Vegas Rsf (NV) 7%,0,0.0,6,5,5,51,0.9107142857142857,-0.3627184705309602,503.48333333333335,614.3480000000002,224.5,0.8035714285714284,0.7321428571428573,1.0,1.0,,,,,,,,,1.0,1.0,4,True,misshipping
msbd_2w,msbd_su,2,485455,"Ningbo Huaining Technology Co., LTD CA 92374",452279,"Ningbo Huaining Technology Co., LTD","CA,NJ",2,APS AEOF,Supplier Service Desk,CA,Redlands,92374, 2220 Almond Ave,WEST RIALTO,CA,92316,56,3,11,0.19642857142857142,0,0.0,0,0.0,0,0.0,0,0.0,11,0.19642857142857142,0,0.0,,,0,0,,1,Robbinsville (NJ) 20%,0,0.0,55,15,15,41,0.7321428571428571,-0.7520709829260755,972.7137254901962,1023.107843137255,724.580357142857,1.0,0.6785714285714285,1.0,0.36363636363636365,,,,,,,,,1.0,0.36363636363636365,11,True,misshipping
msbd_2w,msbd_su,2,457633,shanghaiyiyurenkejiyouxiangongsi NJ 08810,410452,shanghaiyiyurenkejiyouxiangongsi,"CA,GA,NJ",3,APS Home Improvement,Asia Supplier Service Desk,NJ,Dayton,08810,2A corn road,PRINCETON,NJ,8810,56,3,10,0.17857142857142858,0,0.0,0,0.0,0,0.0,0,0.0,10,0.17857142857142858,0,0.0,,,0,0,,2,Chino (CA) 13%; West Savannah  Ncpc (GA) 5%,0,0.0,23,20,15,41,0.7321428571428571,-1.552329957855918,448.19523809523804,750.7023809523811,492.39642857142854,1.0,0.8035714285714285,1.0,0.3,,,,,,,,,1.0,0.3,10,True,misshipping
msbd_2w,msbd_su,2,410750,Hangzhou Moxin Technologies Co Ltd. NJ 08512(1),410736,HONG KONG MAN KA GOU TECHNOLOGY LIMITED,"CA,GA,NJ,TX",4,APS Bedroom,Asia Supplier Service Desk,NJ,Bordentown,08505,5206 US-130 N,ROBBINSVILLE,NJ,8691,56,3,7,0.125,0,0.0,0,0.0,0,0.0,0,0.0,7,0.125,0,0.0,,,0,0,,3,West Savannah  Ncpc (GA) 5%; Chino Hills Ncpc (CA) 5%; Diamond Bar Rsf (CA) 2%,2,0.03571428571428571,54,7,7,47,0.8703703703703703,-0.1957060642536557,743.0183673469388,780.7106382978724,273.6886792452831,0.8749999999999999,0.75,1.0,0.4285714285714286,,,,,,,,,1.0,0.4285714285714286,7,True,misshipping
msbd_2w,msbd_su,2,99317,Blissful House Decor Co LTD CA 91730 (2),60094,Blissful House Decor Co LTD,"CA,GA,NY,TX",4,APS,Asia Supplier Service Desk,CA,Rancho Cucamonga,91730,9650 9th Street Suite H,WEST RIALTO,CA,92316,55,3,2,0.03636363636363636,0,0.0,0,0.0,0,0.0,0,0.0,2,0.03636363636363636,0,0.0,,,0,0,,1,Houston (TX) 4%,2,0.03636363636363636,53,2,2,51,0.9622641509433962,-0.36639667888432537,1276.1934782608698,1205.286842105263,71.24150943396226,0.9454545454545454,0.6545454545454543,0.0,0.5,,,,,,,,,0.0,0.5,2,True,misshipping
msbd_2w,msbd_su,2,505608,LIANSHI HOME FURNITURE (HONG KONG) LIMITED CA 92337,468738,LIANSHI HOME FURNITURE (HONG KONG) LIMITED,"CA,NJ",2,APS Bedroom,Supplier Service Desk,CA,Fontana,92337,13052 Jurupa Ave,WEST RIALTO,CA,92316,55,3,7,0.12727272727272726,0,0.0,0,0.0,3,0.05454545454545454,0,0.0,4,0.07272727272727272,0,0.0,,,0,0,,1,Woodbridge (NJ) 7%,4,0.07272727272727272,38,9,9,42,0.8235294117647058,0.34512141330106416,1383.238461538461,1304.2955555555557,492.4764705882353,1.0,0.927272727272727,1.0,1.0,,,,,1.0,1.0,,,1.0,1.0,7,True,misshipping
msbd_2w,msbd_su,2,493468,Hompany Technologies Limited CA 92407,184037,Hompany Technologies Limited,"CA,GA,IL,NJ",4,APS Bedroom,Asia Supplier Service Desk,CA,San Bernardino,92407,17335 Glen Helen Pkwy,WEST RIALTO,CA,92316,55,3,1,0.01818181818181818,0,0.0,0,0.0,0,0.0,0,0.0,1,0.01818181818181818,0,0.0,,,0,0,,1,Richmond Hill Ncpc (GA) 2%,5,0.09090909090909091,50,1,1,49,0.98,-1.7888247382327038,1666.3951219512194,1764.4564102564102,64.36,1.0,0.6363636363636362,1.0,0.0,,,,,,,,,1.0,0.0,1,True,misshipping
msbd_2w,msbd_su,2,329367,NingBo KaiMeiChen DianZiShangWu YouXian PA 18466,83386,"Ningbo FanKai E-commerce Co., Ltd._1","CA,GA,IL,NJ,PA",5,APS Home Improvement,Nicole Sun,PA,Tobyhanna,18466,1901 Corporate Center Drive,SCRANTON,PA,18640,55,3,5,0.09090909090909091,0,0.0,0,0.0,1,0.01818181818181818,0,0.0,4,0.07272727272727272,0,0.0,,,0,0,,2,South Atlanta Ncpc (GA) 5%; Richmond Hill Ncpc (GA) 2%,0,0.0,8,5,5,50,0.9090909090909091,-0.3351092639450545,417.453125,410.88181818181823,108.9555555555556,1.0,0.8363636363636363,1.0,0.4,,,,,1.0,1.0,,,1.0,0.25,5,True,misshipping
msbd_2w,msbd_su,2,56426,BISSELL Homecare Inc. CA 92374,8775,BISSELL Homecare Inc.,"CA,IL,TX,VA",4,Kitchen & Small Electrics,Claire Nissly,CA,Redlands,92374,1651 California Street,WEST RIALTO,CA,92316,55,3,1,0.01818181818181818,0,0.0,0,0.0,0,0.0,0,0.0,1,0.01818181818181818,0,0.0,,,0,0,,1,Dallas (TX) 2%,3,0.05454545454545454,51,2,2,50,0.9615384615384616,,726.1571428571428,720.2425531914894,77.78431372549021,0.9636363636363636,0.8181818181818182,1.0,1.0,,,,,,,,,1.0,1.0,1,True,misshipping
msbd_2w,msbd_su,2,85770,The Home Beyond TX75234,50717,The Home Beyond,"CA,NY,TX",3,APS,Asia Supplier Service Desk,TX,Farmers Branch,75234,2261 Morgan Pkwy,IRVING,TX,75062,55,3,2,0.03636363636363636,0,0.0,0,0.0,0,0.0,0,0.0,2,0.03636363636363636,0,0.0,,,0,0,,2,Roseville (CA) 2%; Menands Gfla (NY) 2%,3,0.05454545454545454,2,2,2,50,0.9615384615384616,0.5493610086628357,897.8903225806451,841.3107142857144,65.53461538461536,0.8909090909090908,0.7818181818181819,0.5,1.0,,,,,,,,,0.5,1.0,2,True,misshipping
msbd_2w,msbd_su,2,441537,Trading Sizzle Inc GA 30517-2602,295478,Trading Sizzle Inc,"CA,GA,NJ,TX",4,APS Upholstery,Blair-Yaqing Gong,GA,Braselton,30517-2602,1380 Jesse Cronic Road,BRASELTON,GA,30517,55,3,6,0.10909090909090909,0,0.0,0,0.0,2,0.03636363636363636,0,0.0,4,0.07272727272727272,0,0.0,,,0,0,,2,Arcadia (CA) 4%; Rialto (CA) 4%,0,0.0,55,11,6,49,0.8909090909090909,-1.230753340767814,767.1469387755102,903.473469387755,238.35740740740738,1.0,0.7818181818181817,1.0,0.5,,,,,1.0,1.0,,,1.0,0.25,6,True,misshipping
msbd_2w,msbd_su,2,345484,Yiwu Kylin Union Tcechnology Company Limited GA 31405,345470,Yiwu Kylin Union Tcechnology Company Limited,"CA,GA,PA,TX",4,APS Upholstery,Lacey Yan,GA,Savannah,31405,101 Feldspar Drive,SAVANNAH LOCAL,GA,31408,54,3,2,0.037037037037037035,0,0.0,0,0.0,1,0.018518518518518517,0,0.0,1,0.018518518518518517,0,0.0,,,0,0,,1,Chino (CA) 2%,10,0.18518518518518517,42,2,2,42,0.9545454545454546,-0.38167375116490676,613.7790697674417,664.8512820512822,83.92142857142859,0.5740740740740742,0.6666666666666667,1.0,0.5,,,,,1.0,1.0,,,1.0,0.0,2,True,misshipping
msbd_2w,msbd_su,2,37775,Z Line Clymer OH 43040,17240,Z Line Kitchen,"NV,OH,TN",3,Appliances,Laura Palejwala,OH,Marysville,43040,692 Clymer Rd,WEST COLUMBUS,OH,43064,54,3,1,0.018518518518518517,0,0.0,0,0.0,0,0.0,0,0.0,1,0.018518518518518517,0,0.0,,,0,0,,1,Reno (NV) 2%,3,0.05555555555555555,48,2,1,50,0.9803921568627451,0.7533856022808268,574.1739130434784,529.381081081081,78.29166666666669,1.0,0.7037037037037036,1.0,1.0,,,,,,,,,1.0,1.0,1,True,misshipping
msbd_2w,msbd_su,2,457057, TOP-CA,452361,WINMATCH GLOBAL (HK) TRADING LIMITED,"CA,GA,NJ",3,APS AEOF,Nora Li,CA,Montclair,91763,5161 Richton St,INDUSTRY,CA,91789,54,3,1,0.018518518518518517,0,0.0,0,0.0,0,0.0,0,0.0,1,0.018518518518518517,0,0.0,,,0,0,,1,Robbinsville (NJ) 2%,8,0.14814814814814814,3,2,2,44,0.9565217391304348,0.9775584453009617,1552.5081632653064,1534.2214285714288,111.79130434782611,0.7222222222222222,0.6296296296296298,0.0,1.0,,,,,,,,,0.0,1.0,1,True,misshipping
msbd_2w,msbd_su,2,302934,Wisfor Inc. CA 90606,62606,Wisfor Inc.,"CA,GA,NJ,TX",4,APS,Asia Supplier Service Desk,CA,Whittier,90606,8190 Byron Rd,SANTA FE SPRINGS,CA,90670,54,3,3,0.05555555555555555,0,0.0,0,0.0,0,0.0,0,0.0,3,0.05555555555555555,0,0.0,,,0,0,,2,Braselton (GA) 4%; Norcross (GA) 2%,1,0.018518518518518517,53,8,8,45,0.8490566037735849,-3.6950035168582156,346.4905660377358,617.1192307692307,333.5471698113207,0.9444444444444441,0.851851851851852,0.6666666666666666,0.0,,,,,,,,,0.6666666666666666,0.0,3,True,misshipping
msbd_2w,msbd_su,2,469102,shen zhen shi ruiyixin dian zi shang wu you xian gong si NJ 07036,361477,shen zhen shi ruiyixin dian zi shang wu you xian gong si,"CA,GA,NJ,TX",4,APS K&D,Noemi Tang,NJ,Linden,07036,"Building E, 500 Linden Logistics Way",LINDEN,NJ,7036,54,3,5,0.09259259259259259,0,0.0,0,0.0,0,0.0,0,0.0,5,0.09259259259259259,0,0.0,,,0,0,,1,West Savannah  Ncpc (GA) 9%,3,0.05555555555555555,51,13,13,38,0.7450980392156863,0.553604509191335,489.93103448275866,416.0285714285714,163.95490196078427,0.9074074074074072,0.851851851851852,0.6,0.8,,,,,,,,,0.6,0.8,5,True,misshipping
msbd_2w,msbd_su,2,278682,BURGER PANDA LLC GA 31326(2),88447,BURGER PANDA LLC,"CA,GA,NJ",3,APS,Asia Supplier Service Desk,GA,Rincon,31326,2008 Trade Center Blvd ,SAVANNAH LOCAL,GA,31408,54,3,22,0.4074074074074074,0,0.0,0,0.0,0,0.0,0,0.0,22,0.4074074074074074,0,0.0,,,0,0,,1,Chino Hills Ncpc (CA) 41%,4,0.07407407407407407,49,33,33,17,0.34,-2.092595400170897,865.5674999999999,1798.8512820512822,1612.8673469387754,0.925925925925926,0.33333333333333337,1.0,0.1818181818181818,,,,,,,,,1.0,0.1818181818181818,22,True,misshipping
msbd_2w,msbd_su,2,356962,Espiron Optimum Inc TX 77571,296653,Espiron Optimum Inc,"CA,GA,IL,NJ,TX",5,APS SEA,Supplier Service Desk,TX,La Porte ,77571,645 Independence Pkwy ,BAYTOWN,TX,77521,54,3,4,0.07407407407407407,0,0.0,0,0.0,1,0.018518518518518517,0,0.0,3,0.05555555555555555,0,0.0,,,0,0,,2,Santa Fe Springs (CA) 4%; Rancho Cucamonga Ncpc (CA) 2%,5,0.09259259259259259,8,8,8,41,0.8367346938775511,-0.7764608764621718,724.1764705882354,843.1312499999999,221.3791666666667,0.8888888888888887,0.6481481481481481,0.5,0.25,,,,,0.0,0.0,,,0.6666666666666667,0.33333333333333337,4,True,misshipping
msbd_2w,msbd_su,2,455703,"Shanghai Castor Technology Co., Ltd. NJ '08857",331083,"Shanghai Castor Technology Co., Ltd.","CA,GA,MD,NJ,TX",5,APS Bedroom,Ivy Mao,NJ,Old Bridge,08857,600 Fairway Lane ,EAST BRUNSWICK,NJ,8816,54,3,3,0.05555555555555555,0,0.0,0,0.0,0,0.0,0,0.0,3,0.05555555555555555,0,0.0,,,0,0,,2,Spring (TX) 4%; West Savannah  Ncpc (GA) 2%,4,0.07407407407407407,10,3,3,47,0.94,-0.09470902630839911,338.9749999999999,320.3971428571429,86.25306122448981,0.8703703703703702,0.7777777777777777,0.6666666666666666,0.33333333333333337,,,,,,,,,0.6666666666666666,0.33333333333333337,3,True,misshipping
msbd_2w,msbd_su,2,207894,BRUCE SHARK LLC CA 91710,88935,BRUCE SHARK LLC,"CA,FL,IL,TX",4,APS,Asia Supplier Service Desk,CA,Chino,91710,5001 C Lindsay Court,CHINO LOCAL,CA,91710,54,3,1,0.018518518518518517,0,0.0,0,0.0,0,0.0,0,0.0,1,0.018518518518518517,0,0.0,,,0,0,,1,Mccook (IL) 2%,5,0.09259259259259259,48,2,3,46,0.9387755102040817,0.09990131329234032,1598.434042553191,1555.846511627907,96.91041666666665,0.8148148148148147,0.5185185185185185,1.0,0.0,,,,,,,,,1.0,0.0,1,True,misshipping
msbd_2w,msbd_su,2,509538,"Shenzhen Baicui Technology Co., Ltd. NJ 08048",223536,"Shenzhen Baicui Technology Co., Ltd.","CA,GA,IL,NJ,TX",5,APS Decor,Lavinia Zhang,NJ,Lumberton,08048,1775 Route 38,CAMDEN,NJ,8007,54,3,3,0.05555555555555555,0,0.0,0,0.0,0,0.0,0,0.0,3,0.05555555555555555,0,0.0,,,0,0,,3,Houston (TX) 2%; Savannah (GA) 2%; West Savannah  Ncpc (GA) 2%,1,0.018518518518518517,11,5,5,48,0.9056603773584906,-0.22568650124276896,812.6638888888891,868.7405405405407,93.0307692307692,0.9629629629629628,0.8888888888888888,1.0,1.0,,,,,,,,,1.0,1.0,3,True,misshipping
msbd_2w,msbd_su,2,51854,LLYTech Inc. TX 77099,10909,LLYTech Inc.,"CA,GA,PA,TX",4,APS SEA,Hale Ooi,TX,Houston,77099,9500 W Sam Houston Pky S,SUGAR LAND,TX,77489,54,3,1,0.018518518518518517,0,0.0,0,0.0,0,0.0,0,0.0,1,0.018518518518518517,0,0.0,,,0,0,,1,Lehigh Valley (PA) 2%,1,0.018518518518518517,1,1,1,52,0.9811320754716981,-0.2841859827184199,1024.1212765957446,1037.1425531914895,30.159615384615382,1.0,0.8518518518518521,1.0,1.0,,,,,,,,,1.0,1.0,1,True,misshipping
msbd_2w,msbd_su,2,498769,ELSA-CA005,443697,Anjiboxuanjiajuyouxiangongsi,"CA,GA,NJ,TX",4,APS AEOF,Supplier Service Desk,CA,Fontana,92337,16171 Slover Avenue,WEST RIALTO,CA,92316,54,3,4,0.07407407407407407,0,0.0,0,0.0,1,0.018518518518518517,0,0.0,3,0.05555555555555555,0,0.0,,,0,0,,2,Spring (TX) 4%; West Savannah  Ncpc (GA) 2%,0,0.0,52,5,5,49,0.9074074074074074,0.3010607116513744,1719.541304347826,1663.511111111111,163.09999999999997,0.9814814814814815,0.7592592592592591,0.75,0.5,,,,,1.0,0.0,,,0.6666666666666667,0.6666666666666667,4,True,misshipping
msbd_2w,msbd_su,2,103660,All-In furniture Inc GA 30517,81878,All-In furniture Inc,"AZ,CA,GA,IL,NJ,TX",6,Upholstery,Demi Wang,GA,Braselton,30517,1380 Jesse Cronic Road,BRASELTON,GA,30517,54,3,2,0.037037037037037035,0,0.0,0,0.0,1,0.018518518518518517,0,0.0,1,0.018518518518518517,0,0.0,,,0,0,,1,Anaheim (CA) 2%,3,0.05555555555555555,51,11,2,49,0.9607843137254902,-0.7334698124234703,569.3487804878046,611.363888888889,124.2352941176471,0.9074074074074072,0.8888888888888888,1.0,0.5,,,,,1.0,1.0,,,1.0,0.0,2,True,misshipping
msbd_2w,msbd_su,2,270875,Hermes and Fesius LLC NWNJ02,69201,Hermes and Fesius LLC,"CA,GA,NJ,PA,TX",5,APS Outdoor,Amber Xiang,NJ,Burlington,08016,1950 River Road,ROBBINSVILLE,NJ,8691,54,3,5,0.09259259259259259,0,0.0,0,0.0,1,0.018518518518518517,0,0.0,4,0.07407407407407407,0,0.0,,,0,0,,4,Savannah (GA) 2%; Rancho Cucamonga Ncpc (CA) 2%; Richmond Hill Ncpc (GA) 2%; Houston (TX) 2%,3,0.05555555555555555,42,33,6,45,0.8823529411764706,0.6102340341798412,520.2297297297298,405.6342857142858,169.51600000000002,0.8703703703703702,0.6296296296296298,0.4,0.6,,,,,0.0,1.0,,,0.5,0.5,5,True,misshipping
msbd_2w,msbd_su,2,238873,SKC-E-NJ-1IND,106632,"HONG KONG REST TRADING CO.,LIMITED","CA,GA,NJ,SC,TX",5,APS,Nora Li,NJ,Dayton,08810,1 Industrial Road,PRINCETON,NJ,8810,54,3,1,0.018518518518518517,0,0.0,0,0.0,0,0.0,0,0.0,1,0.018518518518518517,0,0.0,,,0,0,,1,West Savannah  Ncpc (GA) 2%,0,0.0,52,1,1,53,0.9814814814814815,-0.20710516153945163,746.0774999999999,757.2285714285714,30.11153846153846,0.9814814814814814,0.8148148148148149,1.0,1.0,,,,,,,,,1.0,1.0,1,True,misshipping
msbd_2w,msbd_su,2,204761,Shijiazhuang Chushen Huanbao Technology AT1,200164,"Shijiazhuang New Cast Sun Trading Co., Ltd","CA,GA,NJ,TX",4,APS,Asia Supplier Service Desk,GA,Lithia Springs,30122,850 Douglas Hills Rd,AUSTELL,GA,30168,53,3,3,0.05660377358490566,0,0.0,0,0.0,2,0.03773584905660377,0,0.0,1,0.018867924528301886,0,0.0,,,0,0,,1,East Brunswick (NJ) 2%,1,0.018867924528301886,52,14,4,48,0.9230769230769231,-0.3313731153780581,1194.5958333333333,1154.9347826086953,85.15192307692311,0.9622641509433962,0.7735849056603772,0.6666666666666666,0.6666666666666667,,,,,0.5,0.5,,,1.0,1.0,3,True,misshipping
msbd_2w,msbd_su,2,433863,Saving  Mall LLC CA 92879,72675,Saving  Mall LLC,"CA,NJ",2,APS Outdoor,Asia Supplier Service Desk,CA,Corona,92879,1367 Sherborn St,WEST RIALTO,CA,92316,53,3,2,0.03773584905660377,0,0.0,0,0.0,0,0.0,0,0.0,2,0.03773584905660377,0,0.0,,,0,0,,1,Secaucus (NJ) 4%,3,0.05660377358490566,33,2,2,48,0.96,0.5473982920507681,1111.0904761904762,1031.368421052632,132.00204081632657,1.0,0.8490566037735848,1.0,1.0,,,,,,,,,1.0,1.0,2,True,misshipping
msbd_2w,msbd_su,2,439623,JTJ INTERNATIONAL INC. NJ 08505,104462,JTJ INTERNATIONAL INC.,"CA,GA,NJ,PA,TX",5,APS AEOF,Asia Supplier Service Desk,NJ,Bordentown,08505,5206 US-130 N,ROBBINSVILLE,NJ,8691,53,3,1,0.018867924528301886,0,0.0,0,0.0,0,0.0,0,0.0,1,0.018867924528301886,0,0.0,,,0,0,,1,Richmond Hill Ncpc (GA) 2%,2,0.03773584905660377,51,4,4,47,0.9215686274509803,-0.16504367031422545,599.8666666666669,717.41875,136.46470588235294,0.981132075471698,0.9433962264150942,0.0,1.0,,,,,,,,,0.0,1.0,1,True,misshipping
msbd_2w,msbd_su,2,320584,"FlySoar Trade Co., Ltd TX 77064",61793,"FlySoar Trade Co., Ltd","CA,GA,NJ,TX",4,APS Bedroom,Christal Ding,TX,Houston,77064,16333 Tomball pkwy 200,NORTH HOUSTON,TX,77041,53,3,3,0.05660377358490566,0,0.0,2,0.03773584905660377,0,0.0,0,0.0,1,0.018867924528301886,0,0.0,,,0,0,,1,Chino Hills Ncpc (CA) 2%,2,0.03773584905660377,25,3,3,48,0.9411764705882353,0.6690812591653137,579.2080000000001,537.5666666666665,78.91176470588233,1.0,0.7924528301886792,1.0,0.6666666666666666,,,1.0,1.0,,,,,1.0,0.0,3,True,misshipping
msbd_2w,msbd_su,2,148839,XIAMEN GLOBAL SELECTION IMP  EXP CO LTD CA 91745,86362,XIAMEN GLOBAL SELECTION IMP  EXP CO LTD,"CA,NY,TX",3,APS Youth,Mariah Mao,CA,city of industry,91745,1312 John Reed Ct,INDUSTRY,CA,91789,53,3,1,0.018867924528301886,0,0.0,0,0.0,0,0.0,0,0.0,1,0.018867924528301886,0,0.0,,,0,0,,1,North Bethpage (NY) 2%,4,0.07547169811320754,1,1,1,48,0.9795918367346939,0.9866425992779784,1103.5333333333328,1067.576595744681,57.14897959183674,0.962264150943396,0.4716981132075471,1.0,1.0,,,,,,,,,1.0,1.0,1,True,misshipping
msbd_2w,msbd_su,2,88510,Factory Direct Wholesale LLC GA 30549,46367,Factory Direct Wholesale LLC,"CA,GA,IL,NJ,SC,TX",6,Casegoods,Zichu Wang,GA,Jefferson,30549,200 Thomas Pkwy,BRASELTON,GA,30517,53,3,2,0.03773584905660377,0,0.0,0,0.0,1,0.018867924528301886,0,0.0,1,0.018867924528301886,0,0.0,,,0,0,,1,Arcadia (CA) 2%,1,0.018867924528301886,26,25,2,50,0.9615384615384616,-1.1582575559450938,834.9023255813954,915.2914285714287,117.4730769230769,0.49056603773584906,0.4905660377358489,1.0,0.0,,,,,1.0,0.0,,,1.0,0.0,2,True,misshipping
msbd_2w,msbd_su,2,349480,"Yiwu Binsai Import and Export Co., Ltd. GA 31308",273078,"Yiwu Binsai Import and Export Co., Ltd.","CA,GA,NJ,TX",4,APS Outdoor,Amber Xiang,GA,Ellabell,31308,1086 Oracal Pkwy,SAVANNAH LOCAL,GA,31408,53,3,1,0.018867924528301886,0,0.0,0,0.0,0,0.0,0,0.0,1,0.018867924528301886,0,0.0,,,0,0,,1,Metuchen (NJ) 2%,3,0.05660377358490566,50,2,2,48,0.96,0.9057786029241123,645.6937499999998,641.9309523809525,49.078,0.981132075471698,0.7169811320754718,1.0,1.0,,,,,,,,,1.0,1.0,1,True,misshipping
msbd_2w,msbd_su,2,193083,RBROHANT INC CA 91761,65035,RBROHANT INC,"CA,NJ,UT",3,APS,Asia Supplier Service Desk,CA,Ontario,91761,2090 s Etiwanda Ave,CHINO LOCAL,CA,91710,53,3,7,0.1320754716981132,0,0.0,0,0.0,0,0.0,0,0.0,7,0.1320754716981132,0,0.0,,,0,0,,1,Provo (UT) 13%,14,0.2641509433962264,39,7,7,32,0.8205128205128205,0.12337290796764708,1472.3170731707319,1390.4827586206895,117.3,0.6792452830188678,0.43396226415094336,0.7142857142857143,0.5714285714285715,,,,,,,,,0.7142857142857143,0.5714285714285715,7,True,misshipping
msbd_2w,msbd_su,2,443211,"SHENZHEN SEENDA TECHNOLOGY CO.,LTD. CA 92335",341998,"SHENZHEN SEENDA TECHNOLOGY CO.,LTD.","CA,GA,NJ,PA,TX",5,APS Home Improvement,Yinan Du,CA,Fontana,92335,"13277 San Bernardino Ave,Fontana, CA 92335",WEST RIALTO,CA,92316,53,3,1,0.018867924528301886,0,0.0,0,0.0,0,0.0,0,0.0,1,0.018867924528301886,0,0.0,,,0,0,,1,Lehigh Valley (PA) 2%,3,0.05660377358490566,49,1,1,49,0.98,0.5697729200037689,993.6041666666665,978.1000000000001,59.897999999999996,0.8301886792452828,0.6037735849056602,1.0,1.0,,,,,,,,,1.0,1.0,1,True,misshipping
msbd_2w,msbd_su,2,402502,GLERUS LTD TX 77571,276785,GLERUS LTD,"AL,CA,GA,IL,NJ,TX",6,Casegoods,Zichu Wang,TX,La Porte,77571,645 Independence Pkwy,BAYTOWN,TX,77521,53,3,2,0.03773584905660377,0,0.0,0,0.0,0,0.0,0,0.0,2,0.03773584905660377,0,0.0,,,0,0,,1,Robbinsville (NJ) 4%,0,0.0,3,2,2,51,0.9622641509433962,0.21372637122114976,719.4820000000001,697.0686274509804,60.6923076923077,0.981132075471698,0.9056603773584906,0.5,0.5,,,,,,,,,0.5,0.5,2,True,misshipping
msbd_2w,msbd_su,2,60150,"FoShan XiNiu Outdoor Product Co., Ltd GA 30331",47589,SUMMER BELLA INC,"CA,GA,IL,NJ,PA,TX",6,APS,Danica Guo,GA,Atlanta,30331,3495 DONALD LEE HOLLOWELL PARKWAY,AUSTELL,GA,30168,53,3,1,0.018867924528301886,0,0.0,0,0.0,0,0.0,0,0.0,1,0.018867924528301886,0,0.0,,,0,0,,1,Rialto (CA) 2%,1,0.018867924528301886,5,4,4,48,0.9230769230769231,-2.993559017375674,702.9886363636365,783.142553191489,93.12857142857139,0.7358490566037733,0.6226415094339621,1.0,1.0,,,,,,,,,1.0,1.0,1,True,misshipping
msbd_2w,msbd_su,2,200643,"National Christmas Products, WH8 CA 91761",1267,"National Christmas Products, LLC","CA,NJ",2,Decor,Maxwell Threlkeld,CA,Ontario,91761,1777 S Vintage Ave,CHINO LOCAL,CA,91710,53,3,7,0.1320754716981132,0,0.0,0,0.0,0,0.0,0,0.0,7,0.1320754716981132,0,0.0,,,0,0,,1,Robbinsville (NJ) 13%,0,0.0,52,9,9,44,0.8301886792452831,-1.0569414202613685,1363.5285714285712,1629.795918367347,470.0423076923077,0.7169811320754716,0.2830188679245284,0.0,0.0,,,,,,,,,0.0,0.0,7,True,misshipping
msbd_2w,msbd_su,2,509931,"Hangzhou Bestar Network Technology Co.,Ltd GA 30519",372038,"Hangzhou Bestar Network Technology Co.,Ltd","CA,GA,IL,NJ,TX",5,APS K&D,Asia Supplier Service Desk,GA,Buford,30519,"4497 Friendship Road, Bldg. 100",BRASELTON,GA,30517,53,3,8,0.1509433962264151,0,0.0,0,0.0,0,0.0,0,0.0,8,0.1509433962264151,0,0.0,,,0,0,,3,Romeoville Rsf (IL) 6%; Princeton (NJ) 6%; Houston (TX) 4%,2,0.03773584905660377,42,20,13,38,0.7450980392156863,-0.7958712916610237,450.59803921568624,562.9940000000004,239.964,0.9056603773584905,0.7547169811320753,1.0,0.75,,,,,,,,,1.0,0.75,8,True,misshipping
msbd_2w,msbd_su,2,470650,Uber Bazaar Inc CA 91710,269112,Uber Bazaar Inc,"AR,CA,CO,MD,MS,NC,NJ,NY,TX,VA",10,Lighting,Supplier Service Desk,CA,Chino,91710,5548 Edison Ave,CHINO LOCAL,CA,91710,53,3,12,0.22641509433962265,0,0.0,0,0.0,0,0.0,0,0.0,12,0.22641509433962265,0,0.0,,,0,0,,3,Jackson (MS) 19%; Little Rock Lita (AR) 2%; Gaithersburg (MD) 2%,4,0.07547169811320754,49,40,40,9,0.1836734693877551,-1.3520860215053765,330.9413043478261,1452.6894736842103,1491.0551020408163,0.8867924528301885,0.1886792452830189,0.9166666666666666,0.16666666666666669,,,,,,,,,0.9166666666666666,0.16666666666666669,12,True,misshipping
msbd_2w,msbd_su,2,234991,"Pujiang Wenxin Home Textile Co.,ltd CA 90040",233859,"Pujiang Wenxin Home Textile Co.,ltd","CA,NJ",2,APS,Asia Supplier Service Desk,CA,Commerce,90040,6303 Corsair Street,SANTA FE SPRINGS,CA,90670,53,3,1,0.018867924528301886,0,0.0,0,0.0,0,0.0,0,0.0,1,0.018867924528301886,0,0.0,,,0,0,,1,Woodbridge (NJ) 2%,19,0.3584905660377358,2,1,1,33,0.9705882352941176,,1462.9681818181818,1352.8933333333337,81.69411764705883,0.30188679245283023,0.35849056603773577,0.0,1.0,,,,,,,,,0.0,1.0,1,True,misshipping
msbd_2w,msbd_su,2,206970,"FoShan XiNiu Outdoor Product Co., Ltd CA 93725",47589,SUMMER BELLA INC,"CA,GA,IL,NJ,PA,TX",6,APS,Danica Guo,CA,Fresno,93725,3443 E Central Ave,FRESNO,CA,93725,53,3,1,0.018867924528301886,0,0.0,0,0.0,0,0.0,0,0.0,1,0.018867924528301886,0,0.0,,,0,0,,1,Robbinsville (NJ) 2%,7,0.1320754716981132,14,2,2,44,0.9565217391304348,0.7321206080239223,1048.009375,1071.9100000000003,157.70434782608692,0.9245283018867922,0.471698113207547,1.0,1.0,,,,,,,,,1.0,1.0,1,True,misshipping
msbd_2w,msbd_su,2,438858,Eureka Ergonomic CA 92879,43482,Eureka Ergonomic,"CA,GA,IL,NJ,TX",5,APS AEOF,Fiona Jiang,CA,Corona,92879,2553 Sampson Ave,WEST RIALTO,CA,92316,53,3,4,0.07547169811320754,0,0.0,3,0.05660377358490566,0,0.0,0,0.0,1,0.018867924528301886,0,0.0,,,0,0,,1,Romeoville Rsf (IL) 2%,1,0.018867924528301886,52,4,4,48,0.9230769230769231,0.4842786781855171,770.928,727.2919999999999,112.24615384615387,1.0,0.7547169811320754,1.0,0.0,,,1.0,0.0,,,,,1.0,0.0,4,True,misshipping
msbd_2w,msbd_su,2,360278,"Zhejiang Kangqian Industrial & Trading Co., Ltd. NJ 07008",320777,"Zhejiang Kangqian Industrial & Trading Co., Ltd.","CA,GA,IL,NJ,TX",5,APS Home Improvement,Asia Supplier Service Desk,NJ,Carteret,07008,1500 Blair Road,SOUTH CARTERET,NJ,7008,53,3,2,0.03773584905660377,0,0.0,0,0.0,0,0.0,0,0.0,2,0.03773584905660377,0,0.0,,,0,0,,1,South Atlanta Ncpc (GA) 4%,1,0.018867924528301886,52,2,2,50,0.9615384615384616,0.5602465013511233,640.3000000000001,605.45625,44.657692307692315,1.0,0.8490566037735846,1.0,0.0,,,,,,,,,1.0,0.0,2,True,misshipping
msbd_2w,msbd_su,2,309919,Nantong Xiaoxin Supply Chain Management CA 91768,174009,"FLXX CO., LIMITED","CA,TX",2,APS,Asia Supplier Service Desk,CA,Pomona,91768,1656 W Orange Grove Ave,INDUSTRY,CA,91789,52,3,3,0.057692307692307696,0,0.0,0,0.0,0,0.0,0,0.0,3,0.057692307692307696,0,0.0,,,0,0,,1,Irving (TX) 6%,8,0.15384615384615385,4,4,4,40,0.9090909090909091,-0.37353354696244256,1508.0767441860467,1492.6473684210528,127.64545454545456,0.9423076923076922,0.6923076923076922,1.0,1.0,,,,,,,,,1.0,1.0,3,True,misshipping
msbd_2w,msbd_su,2,356453,Velit operationes Inc NJ 08691,82261,Velit operationes Inc,"CA,NJ,TX",3,APS Home Improvement,Asia Supplier Service Desk,NJ,Hamilton,08691,1384 Yardville Hamilton Square Rd,ROBBINSVILLE,NJ,8691,52,3,4,0.07692307692307693,0,0.0,0,0.0,0,0.0,0,0.0,4,0.07692307692307693,0,0.0,,,0,0,,1,Chino (CA) 8%,4,0.07692307692307693,13,4,4,44,0.9166666666666666,-1.0287191988160151,891.3511627906979,988.0499999999995,232.12916666666678,0.8461538461538463,0.49999999999999994,0.75,0.0,,,,,,,,,0.75,0.0,4,True,misshipping
msbd_2w,msbd_su,2,86477,Alphamarts CA 92337,46710,Alphamarts,"CA,GA,IL,MD,NJ,PA,TX",7,APS Outdoor,Melody Lu,CA,Fontana,92337,16171 Slover Avenue,WEST RIALTO,CA,92316,52,3,1,0.019230769230769232,0,0.0,0,0.0,0,0.0,0,0.0,1,0.019230769230769232,0,0.0,,,0,0,,1,Scranton (PA) 2%,1,0.019230769230769232,51,1,1,50,0.9803921568627451,,1313.918181818182,1336.2051282051277,68.05686274509803,0.9807692307692306,0.6346153846153845,1.0,1.0,,,,,,,,,1.0,1.0,1,True,misshipping
msbd_2w,msbd_su,2,355248,WEGA5,103170,shenzhenshi bonaite dianzishangwu youxiangongsi,"CA,GA,NJ",3,APS Housewares & More,Limi Chen,GA,Port Wentworth,31407,302 International Trade Pkwy,SAVANNAH LOCAL,GA,31408,52,3,1,0.019230769230769232,0,0.0,0,0.0,0,0.0,0,0.0,1,0.019230769230769232,0,0.0,,,0,0,,1,Robbinsville (NJ) 2%,4,0.07692307692307693,48,4,4,44,0.9166666666666666,0.11932748102960876,762.1239130434783,752.7111111111112,50.62291666666667,0.9807692307692307,0.8846153846153844,1.0,1.0,,,,,,,,,1.0,1.0,1,True,misshipping
msbd_2w,msbd_su,2,473480,ZIMI AMERICA INC NJ 07001,123417,ZIMI AMERICA INC,"CA,NJ",2,APS Outdoor,Asia Supplier Service Desk,NJ,Avenel,07001,26 Engelhard Ave,SOUTH CARTERET,NJ,7008,52,3,3,0.057692307692307696,0,0.0,0,0.0,0,0.0,0,0.0,3,0.057692307692307696,0,0.0,,,0,0,,3,Arcadia (CA) 2%; South Rialto - Ncpc (CA) 2%; Rialto (CA) 2%,0,0.0,52,4,4,48,0.9230769230769231,-1.4021875943778075,906.5384615384613,948.709756097561,218.6769230769231,1.0,0.9038461538461536,1.0,0.33333333333333337,,,,,,,,,1.0,0.33333333333333337,3,True,misshipping
msbd_2w,msbd_su,2,440903,"Chengdu Xiwuyingxue Home Co., Ltd. GA 31407",295202,"Chengdu Xiwuyingxue Home Co., Ltd.","CA,GA,NJ,PA,TX",5,APS Bedroom,Asia Supplier Service Desk,GA,Port Wentworth,31407,302 International Trade Pkwy,SAVANNAH LOCAL,GA,31408,52,3,5,0.09615384615384616,0,0.0,2,0.038461538461538464,0,0.0,0,0.0,3,0.057692307692307696,0,0.0,,,0,0,,1,Rialto (CA) 6%,1,0.019230769230769232,50,5,5,46,0.9019607843137255,-1.5848538209198537,733.6725000000001,842.7146341463414,170.10600000000005,0.9807692307692306,0.6153846153846153,1.0,0.6,,,1.0,1.0,,,,,1.0,0.3333333333333333,5,True,misshipping
msbd_2w,msbd_su,2,369227,"DECORATIVE ARTS, INC CA 94545",277295,"DECORATIVE ARTS, INC","CA,GA,NJ",3,Upholstery,Demi Wang,CA,Hayward,94545,BOXSIRTransport OakInc  23787 Eichler St，Unit G,HAYWARD,CA,94545,51,3,1,0.0196078431372549,0,0.0,0,0.0,0,0.0,0,0.0,1,0.0196078431372549,0,0.0,,,0,0,,1,Secaucus (NJ) 2%,2,0.0392156862745098,1,1,1,48,0.9795918367346939,-2.622517394054396,1638.5341463414634,1670.8950000000002,59.359183673469396,0.980392156862745,0.6666666666666667,1.0,0.0,,,,,,,,,1.0,0.0,1,True,misshipping
msbd_2w,msbd_su,2,450739,CHI-2[芝加哥2号仓],308237,chongqinghongliyangmaoyiyouxiangongsi,"CA,GA,IL,NJ,TX",5,APS K&D,Asia Supplier Service Desk,IL,Romeoville,60446,C/O 214 S Pinnacle Dr,SOUTH CHICAGO,IL,60446,51,3,19,0.37254901960784315,0,0.0,2,0.0392156862745098,1,0.0196078431372549,0,0.0,16,0.3137254901960784,0,0.0,,,0,0,,3,Richmond Hill Ncpc (GA) 20%; South Rialto - Ncpc (CA) 6%; Houston (TX) 6%,0,0.0,45,24,19,32,0.6274509803921569,0.2554171019391816,575.5836734693879,491.19787234042553,445.07346938775515,0.9215686274509804,0.6862745098039215,0.7894736842105262,0.5789473684210527,,,0.5,1.0,1.0,1.0,,,0.8124999999999999,0.49999999999999994,19,True,misshipping
msbd_2w,msbd_su,2,287349,"Shenzhen Litian Technology Co., Ltd CA 92571",254999,"Shenzhen Litian Technology Co., Ltd","CA,GA,NJ,PA,SC,TX",6,APS,Nicole Sun,CA,Perris,92571,728 W Rider St Perris,RIALTO LOCAL,CA,92316,51,3,1,0.0196078431372549,0,0.0,0,0.0,0,0.0,0,0.0,1,0.0196078431372549,0,0.0,,,0,0,,1,Houston (TX) 2%,1,0.0196078431372549,48,2,2,48,0.96,-3.7029455816275587,948.4050000000002,1070.9558139534888,51.03541666666668,0.9019607843137255,0.6470588235294118,1.0,0.0,,,,,,,,,1.0,0.0,1,True,misshipping
msbd_2w,msbd_su,2,229183,Hebei Xiong an Aibike Technology Co Ltd TX1,135780,Hebei Xiong an Aibike Technology Co Ltd,"CA,GA,NJ,TX",4,APS K&D,Carol Li,TX,Grand Prairie,75050,1113 West Oakdale Road,ARLINGTON,TX,76018,51,3,2,0.0392156862745098,0,0.0,1,0.0196078431372549,0,0.0,0,0.0,1,0.0196078431372549,0,0.0,,,0,0,,1,Chino (CA) 2%,9,0.17647058823529413,42,7,7,35,0.8333333333333334,0.23921777958100304,464.53870967741943,599.492857142857,222.49523809523808,0.6666666666666666,0.5882352941176469,1.0,0.5,,,1.0,1.0,,,,,1.0,0.0,2,True,misshipping
msbd_2w,msbd_su,2,505429,"Shenzhen Haoding Technology Co., Ltd NJ 07036",352055,"Shenzhen Haoding Technology Co., Ltd","CA,GA,NJ",3,APS AEOF,Asia Supplier Service Desk,NJ,Linden,07036,500 Linden Logistics Way,LINDEN,NJ,7036,51,3,6,0.11764705882352941,0,0.0,0,0.0,1,0.0196078431372549,0,0.0,5,0.09803921568627451,0,0.0,,,0,0,,1,West Savannah  Ncpc (GA) 10%,1,0.0196078431372549,48,19,17,33,0.66,-0.25188443337427546,361.4551724137931,456.3785714285714,303.43750000000006,0.980392156862745,0.8039215686274509,1.0,0.6666666666666666,,,,,1.0,0.0,,,1.0,0.8,6,True,misshipping
msbd_2w,msbd_su,2,456845,SUMMER BELLA INC IL 60542,47589,SUMMER BELLA INC,"CA,GA,IL,NJ,PA,TX",6,APS Home Improvement,Danica Guo,IL,North Aurora,60542,"C/O 320 Overland Dr,North Aurora,IL,60542",METUCHEN,NJ,8817,51,3,14,0.27450980392156865,0,0.0,2,0.0392156862745098,6,0.11764705882352941,0,0.0,6,0.11764705882352941,0,0.0,,,0,0,,1,Austell (GA) 12%,4,0.0784313725490196,21,17,17,30,0.6382978723404256,0.056688394828030064,1201.2156249999998,1174.181818181818,276.4652173913044,0.9215686274509803,0.5882352941176469,0.8571428571428571,0.7857142857142857,,,0.0,0.0,1.0,1.0,,,1.0,0.8333333333333334,14,True,misshipping
msbd_2w,msbd_su,2,272854,"Ningbo Kefei Jiaju Keji Co.,Ltd CMP_GA_US 31322",154572,"Ningbo Kefei Jiaju Keji Co.,Ltd","CA,GA,NJ,TX",4,APS Mattresses,Sylvia Ding,GA,Pooler,31322,301 CYPRESS,SAVANNAH LOCAL,GA,31408,51,2,7,0.13725490196078433,0,0.0,3,0.058823529411764705,3,0.058823529411764705,0,0.0,1,0.0196078431372549,0,0.0,,,0,0,,1,Rancho Cucamonga Ncpc (CA) 2%,0,0.0,51,12,12,39,0.7647058823529411,-0.40699606189950527,641.4227272727271,608.2325000000001,259.48823529411766,0.9215686274509802,0.7058823529411765,1.0,0.8571428571428572,,,1.0,1.0,1.0,1.0,,,1.0,0.0,7,True,misshipping
msbd_2w,msbd_su,2,467376,"Hangzhou Saili Digital Technology co., Ltd GA 30297",285851,"Hangzhou Saili Digital Technology co., Ltd","CA,GA,NJ",3,APS K&D,Eve Deng,GA,Forest Park,30297,"2145 Anvil Block Rd, Suite 200",SOUTH ATLANTA,GA,30294,51,2,4,0.0784313725490196,0,0.0,0,0.0,3,0.058823529411764705,0,0.0,1,0.0196078431372549,0,0.0,,,0,0,,1,South Rialto - Ncpc (CA) 2%,0,0.0,51,5,5,46,0.9019607843137255,0.19509214621377247,653.1255319148934,610.0595744680851,72.01176470588237,1.0,0.6470588235294118,1.0,0.5,,,,,1.0,0.33333333333333337,,,1.0,1.0,4,True,misshipping
msbd_2w,msbd_su,2,250624,XSL INC NJ 08820 QY03 Wayfair,50139,XSL TECHNOLOGIES INC,"CA,NJ",2,APS Upholstery,Lacey Yan,NJ,Edison,08820,10 Progress St,SOUTH CARTERET,NJ,7008,51,2,1,0.0196078431372549,0,0.0,0,0.0,0,0.0,0,0.0,1,0.0196078431372549,0,0.0,,,0,0,,1,Chino (CA) 2%,7,0.13725490196078433,44,44,4,40,0.9090909090909091,-1.8957913137017612,681.4550000000002,845.1185185185185,372.80227272727274,0.8627450980392156,0.2549019607843137,1.0,0.0,,,,,,,,,1.0,0.0,1,True,misshipping
msbd_2w,msbd_su,2,491786,"ZHEJIANG KEYUAN CHAIR INDUSTRY CO.,LTD. IL 60517",269029,"ZHEJIANG KEYUAN CHAIR INDUSTRY CO.,LTD.","CA,FL,GA,IL,NJ,TX",6,APS K&D,Eve Deng,IL,Woodridge,60517,1433 Internationale Pkwy,MCCOOK,IL,60525,51,3,1,0.0196078431372549,0,0.0,0,0.0,0,0.0,0,0.0,1,0.0196078431372549,0,0.0,,,0,0,,1,Houston (TX) 2%,10,0.19607843137254902,27,1,1,40,0.975609756097561,-1.0459152521675419,349.90930232558145,395.7823529411765,40.92307692307693,0.5686274509803919,0.5882352941176471,1.0,0.0,,,,,,,,,1.0,0.0,1,True,misshipping
msbd_2w,msbd_su,2,309339,Hubei Wokaiduo Shangmao Youxian Gongsi CA 91745,309337,Hubei Wokaiduo Shangmao Youxian Gongsi,"CA,NJ",2,Wayfair,Asia Supplier Service Desk,CA,City Of Industry,91745,620 South Hacienda Blvd dock#7 #8,INDUSTRY,CA,91789,51,3,1,0.0196078431372549,0,0.0,0,0.0,0,0.0,0,0.0,1,0.0196078431372549,0,0.0,,,0,0,,1,Linden (NJ) 2%,2,0.0392156862745098,16,1,1,48,0.9795918367346939,0.5706377858002406,1506.7658536585368,1442.3410256410255,61.979591836734684,0.784313725490196,0.47058823529411764,0.0,0.0,,,,,,,,,0.0,0.0,1,True,misshipping
msbd_2w,msbd_su,2,374508,"TAIZHOU BOLVDA CRAFT CO.,LTD TX 77099",205975,"TAIZHOU BOLVDA CRAFT CO.,LTD","CA,GA,NJ,TX",4,APS Outdoor,Asia Supplier Service Desk,TX,Houston,77099,9500 W Sam Houston Pkwy S,SUGAR LAND,TX,77489,51,3,1,0.0196078431372549,0,0.0,0,0.0,0,0.0,0,0.0,1,0.0196078431372549,0,0.0,,,0,0,,1,Metuchen (NJ) 2%,7,0.13725490196078433,2,2,2,42,0.9545454545454546,-1.5256656017039403,1047.0318181818184,1061.3025641025642,73.8181818181818,0.7843137254901961,0.5098039215686275,1.0,0.0,,,,,,,,,1.0,0.0,1,True,misshipping
msbd_2w,msbd_su,2,519957,Virtual WH for FBA-guang zhou kai zhen ke ji y-US,399699,guang zhou kai zhen ke ji you xian gong si,"CA,IL,MA",3,APS Home Improvement,Asia Supplier Service Desk,MA,Boston,02116,4 Copley Place,WILMINGTON,MA,1887,51,3,4,0.0784313725490196,0,0.0,0,0.0,0,0.0,0,0.0,4,0.0784313725490196,0,0.0,,,0,0,,2,Arcadia (CA) 6%; Santa Fe Springs (CA) 2%,6,0.11764705882352941,45,45,45,0,0.0,-4.804725271934921,273.23333333333335,2730.530769230769,2980.5488888888895,1.0,0.2941176470588235,1.0,0.5,,,,,,,,,1.0,0.5,4,True,misshipping
msbd_2w,msbd_su,2,360641,"ONEISALL, INC. GA 30071",333920,"ONEISALL, INC.","CA,GA,KY",3,APS Pet,Regan Zou,GA,Norcross,30071,"5405 Buford Hwy, Bld 200",NORCROSS,GA,30071,51,3,9,0.17647058823529413,0,0.0,1,0.0196078431372549,0,0.0,0,0.0,8,0.1568627450980392,0,0.0,,,0,0,,1,Industry (CA) 16%,1,0.0196078431372549,17,17,17,33,0.66,-1.3933133155288364,503.6959999999999,955.3500000000001,710.54,0.9607843137254902,0.6470588235294117,0.8888888888888888,0.0,,,0.0,0.0,,,,,1.0,0.0,9,True,misshipping
msbd_2w,msbd_su,2,501817, U-SAV-2,474785,XHOOME TECHNOLOGY LIMITED,"CA,GA,NJ,SC,TX",5,APS K&D,Ricky Yu,GA,Savannah ,31407,150 Portside Ct,SAVANNAH LOCAL,GA,31408,51,3,5,0.09803921568627451,0,0.0,2,0.0392156862745098,0,0.0,0,0.0,3,0.058823529411764705,0,0.0,,,0,0,,2,Sugar Land (TX) 4%; Chino Hills Ncpc (CA) 2%,0,0.0,51,5,5,46,0.9019607843137255,0.508282682407434,918.644680851064,831.8111111111112,165.0039215686275,1.0,0.843137254901961,1.0,0.6,,,1.0,0.5,,,,,1.0,0.6666666666666666,5,True,misshipping
msbd_2w,msbd_su,2,355662,                  KSCA,75517,Amzmos,"CA,GA,NJ",3,APS AEOF,Nora Li,CA,Fontana,92336,14570 Meyer Canyon Dr,WEST RIALTO,CA,92316,51,3,1,0.0196078431372549,0,0.0,0,0.0,0,0.0,0,0.0,1,0.0196078431372549,0,0.0,,,0,0,,1,East Brunswick (NJ) 2%,3,0.058823529411764705,48,1,1,47,0.9791666666666666,-5.638380603842636,1231.8066666666668,1194.586111111111,74.74375,1.0,0.7254901960784313,1.0,0.0,,,,,,,,,1.0,0.0,1,True,misshipping
msbd_2w,msbd_su,2,479670,SLPCA03,86802,"Shenzhen Jiayuan Decoration Materials Co., Ltd.","CA,GA,NJ",3,Upholstery,Supplier Service Desk,CA,Fontana ,92337,11440 B Pacific Ave,WEST RIALTO,CA,92316,50,2,11,0.22,0,0.0,0,0.0,0,0.0,0,0.0,11,0.22,0,0.0,,,0,0,,1,Richmond Hill Ncpc (GA) 22%,0,0.0,50,15,15,35,0.7,0.6959373379334803,1667.1609756097562,1255.2799999999997,727.3180000000001,0.9599999999999999,0.94,1.0,1.0,,,,,,,,,1.0,1.0,11,True,misshipping
msbd_2w,msbd_su,2,320647,Suzhouyidunyingbangjishuyouxiangongsi CA 91761,319531,Suzhouyidunyingbangjishuyouxiangongsi,"CA,NJ,PA,TX",4,Wayfair,Asia Supplier Service Desk,CA,ONTARIO,91761,4641 E Guasti Rd,CHINO LOCAL,CA,91710,50,2,3,0.06,0,0.0,0,0.0,0,0.0,0,0.0,3,0.06,0,0.0,,,0,0,,1,Camden (NJ) 6%,0,0.0,49,4,4,46,0.92,-2.44474080371686,1454.9936170212763,1609.978723404255,237.02857142857144,0.8,0.6799999999999999,1.0,0.3333333333333333,,,,,,,,,1.0,0.3333333333333333,3,True,misshipping
msbd_2w,msbd_su,2,469075,VOLIVO GROUP LIMITED CA 91768,350897,VOLIVO GROUP LIMITED,"CA,NJ",2,APS Home Improvement,Cheryl Zhang,CA,Pomona,91768,163 University Parkway,INDUSTRY,CA,91789,50,3,3,0.06,0,0.0,0,0.0,0,0.0,0,0.0,3,0.06,0,0.0,,,0,0,,1,Woodbridge (NJ) 6%,2,0.04,6,5,5,43,0.8958333333333334,0.4470195791985152,1316.4152173913049,1305.2023255813951,285.78124999999994,0.9199999999999997,0.7199999999999999,0.6666666666666667,0.33333333333333337,,,,,,,,,0.6666666666666667,0.33333333333333337,3,True,misshipping
msbd_2w,msbd_su,2,357708,"Shenzhen Ai Shangmei Jewelry Co., Ltd. NJ 08036",108441,"Shenzhen Ai Shangmei Jewelry Co., Ltd.","CA,NJ",2,APS Bedroom,Asia Supplier Service Desk,NJ,Hainesport,08036,"C/O 100 Lawrence Blvd, Hainesport",CAMDEN,NJ,8007,50,3,3,0.06,0,0.0,0,0.0,0,0.0,0,0.0,3,0.06,0,0.0,,,0,0,,2,South Rialto - Ncpc (CA) 4%; Santa Fe Springs (CA) 2%,1,0.02,34,34,5,44,0.8979591836734694,-2.6126230569675934,768.6421052631578,958.7314285714284,292.81428571428575,0.8400000000000001,0.6000000000000001,0.0,0.0,,,,,,,,,0.0,0.0,3,True,misshipping
msbd_2w,msbd_su,2,375172,FortyONE INC CA  91748,77611,FortyONE INC,"CA,GA",2,APS Upholstery,Asia Supplier Service Desk,CA, City of Industry,91748,18591 San Jose Ave,INDUSTRY,CA,91789,50,3,5,0.1,0,0.0,0,0.0,0,0.0,0,0.0,5,0.1,0,0.0,,,0,0,,1,Braselton (GA) 10%,4,0.08,7,6,6,40,0.8695652173913043,0.783626391236619,1247.9617647058824,948.009090909091,286.6826086956521,0.9799999999999999,0.78,1.0,1.0,,,,,,,,,1.0,1.0,5,True,misshipping
msbd_2w,msbd_su,2,186466,"Monument Grill, LLC NJ 08512-2",35306,"Monument Grill, LLC","CA,GA,NJ,TX",4,APS,Erica Zhou,NJ,Cranbury,08512,1 Broadway Rd,PRINCETON,NJ,8810,50,3,2,0.04,0,0.0,0,0.0,0,0.0,0,0.0,2,0.04,0,0.0,,,0,0,,1,Sugar Land (TX) 4%,31,0.62,18,4,4,15,0.7894736842105263,0.26144378583076605,447.7777777777777,405.06666666666666,264.13157894736844,0.45999999999999996,0.24,0.5,1.0,,,,,,,,,0.5,1.0,2,True,misshipping
msbd_2w,msbd_su,2,507970,kaylastudio Inc GA 30004,254953,kaylastudio Inc,"CA,GA,NJ",3,APS Home Improvement,Hernando Xia,GA,Alpharetta,30004,1332 Stonefield Ct,MARIETTA LOCAL,GA,30144,50,3,1,0.02,0,0.0,0,0.0,0,0.0,0,0.0,1,0.02,0,0.0,,,0,0,,1,Secaucus (NJ) 2%,0,0.0,48,2,2,48,0.96,-0.9009916094584285,506.79250000000013,513.7404761904762,37.1625,1.0,0.8999999999999999,1.0,1.0,,,,,,,,,1.0,1.0,1,True,misshipping
msbd_2w,msbd_su,2,206003,"CLOCKS IN TIME, LLC FL 12554",206002,"CLOCKS IN TIME, LLC","CA,FL,PA",3,Decor,Greer Long,FL,Jacksonville, 32210,13483 103rd St,JACKSONVILLE,FL,32221,50,3,1,0.02,0,0.0,0,0.0,0,0.0,0,0.0,1,0.02,0,0.0,,,0,0,,1,Hayward (CA) 2%,1,0.02,49,3,3,46,0.9387755102040817,-0.6043273753527753,618.4187499999998,566.4250000000001,224.22857142857143,0.92,0.8400000000000001,1.0,0.0,,,,,,,,,1.0,0.0,1,True,misshipping
msbd_2w,msbd_su,2,302407,Espiron Optimum Inc GA 31322 ,296653,Espiron Optimum Inc,"CA,GA,IL,NJ,TX",5,Casegoods,Supplier Service Desk,GA,Pooler ,31322,301 CYPRESS MEADOW DR ,SAVANNAH LOCAL,GA,31408,50,3,7,0.14,0,0.0,0,0.0,1,0.02,0,0.0,6,0.12,0,0.0,,,0,0,,4,Rancho Cucamonga Ncpc (CA) 6%; Santa Fe Springs (CA) 2%; Chino (CA) 2%; South Houston (TX) 2%,2,0.04,48,12,12,36,0.75,-3.079600795412574,717.0720930232558,1036.8461538461538,421.8687500000001,0.9599999999999999,0.6599999999999999,1.0,0.0,,,,,1.0,0.0,,,1.0,0.0,7,True,misshipping
msbd_2w,msbd_su,2,498087,Yiwu Youxi Electronic Commerce Co. Ltd TX 77423,98141,Yiwu Youxi Electronic Commerce Co. Ltd,"CA,GA,NJ,TX",4,APS Outdoor,Amber Xiang,TX,Brookshire,77423,2062 Woods Road,HOUSTON LOCAL,TX,77433,50,3,6,0.12,0,0.0,0,0.0,0,0.0,0,0.0,6,0.12,0,0.0,,,0,0,,3,East Brunswick (NJ) 8%; Rancho Cucamonga Ncpc (CA) 2%; Richmond Hill Ncpc (GA) 2%,0,0.0,50,14,14,36,0.72,0.48624496531807754,868.5882352941178,732.8756756756757,448.8938775510204,1.0,0.9599999999999999,1.0,0.8333333333333334,,,,,,,,,1.0,0.8333333333333334,6,True,misshipping
msbd_2w,msbd_su,2,320432,XH DFG_SVAL GA 31326,66040,Shenzhen XinheTrade Limited Company,"CA,GA,NJ,PA,TX",5,APS K&D,Stella Yin,GA,Rincon,31326,1001 Trade Center parkway,SAVANNAH LOCAL,GA,31408,50,3,1,0.02,0,0.0,0,0.0,0,0.0,0,0.0,1,0.02,0,0.0,,,0,0,,1,Fairless Hills (PA) 2%,7,0.14,41,2,2,41,0.9534883720930233,-0.6107689878414655,546.890909090909,576.9949999999999,47.697560975609754,0.4000000000000001,0.64,0.0,1.0,,,,,,,,,0.0,1.0,1,True,misshipping
msbd_2w,msbd_su,2,317145,Goldian Home LLC CA 91762,54123,Goldian Home LLC,"CA,TX",2,APS Home Improvement,Emma Wang,CA,Ontario,91762,4773 S Euclid Avenue,CHINO LOCAL,CA,91710,50,3,1,0.02,0,0.0,0,0.0,0,0.0,0,0.0,1,0.02,0,0.0,,,0,0,,1,Sugar Land (TX) 2%,1,0.02,49,1,1,48,0.9795918367346939,0.39549825174825176,1248.443181818182,1227.8772727272728,30.83061224489796,1.0,0.7399999999999999,1.0,0.0,,,,,,,,,1.0,0.0,1,True,misshipping
msbd_2w,msbd_su,2,352645,zheng zhou xin hu li dian zi shang wu you CA 94544,292507,zheng zhou xin hu li dian zi shang wu you xian gong si,"CA,FL,OR,PA",4,APS Decor,Asia Supplier Service Desk,CA,Hayward,94544,30963 San Benito St,HAYWARD,CA,94545,50,3,4,0.08,0,0.0,0,0.0,0,0.0,0,0.0,4,0.08,0,0.0,,,0,0,,1,Sanford (FL) 8%,3,0.06,5,5,5,42,0.8936170212765957,-2.9486156110446764,376.39347826086964,590.413953488372,304.56382978723406,0.8799999999999998,0.44000000000000006,0.75,0.0,,,,,,,,,0.75,0.0,4,True,misshipping
msbd_2w,msbd_su,2,44659,Emery Jensen GA 30549,23967,Emery Jensen,"AL,AZ,CA,CO,FL,GA,IL,NY,OH,PA,TX,WA,WI",13,Decor,Julia Wunderlin,GA,Jefferson,30549,1005 Hog Mountain Rd,BRASELTON,GA,30517,50,3,1,0.02,0,0.0,0,0.0,0,0.0,0,0.0,1,0.02,0,0.0,,,0,0,,1,Mobile (AL) 2%,1,0.02,10,2,2,47,0.9591836734693877,,280.7695652173914,269.99285714285725,58.26041666666668,0.9799999999999999,0.7800000000000001,1.0,0.0,,,,,,,,,1.0,0.0,1,True,misshipping
msbd_2w,msbd_su,2,433287,Suzhouyidunyingbangjishuyouxiangongsi PA 18466,319531,Suzhouyidunyingbangjishuyouxiangongsi,"CA,NJ,PA,TX",4,APS Outdoor,Asia Supplier Service Desk,PA,Tobyhanna,18466,1901 Corporate Center Drive,SCRANTON,PA,18640,50,3,1,0.02,0,0.0,0,0.0,0,0.0,0,0.0,1,0.02,0,0.0,,,0,0,,1,Chino (CA) 2%,0,0.0,14,13,1,49,0.98,-2.273941417514038,510.2657142857143,559.425641025641,85.72799999999997,0.96,0.9399999999999998,1.0,0.0,,,,,,,,,1.0,0.0,1,True,misshipping
msbd_2w,msbd_su,2,444174,Jiaxing Anyu Zhineng Jiaju Youxiangongsi GA 31326,233067,Jiaxing Anyu Zhineng Jiaju Youxiangongsi,"CA,GA,NJ",3,APS Upholstery,Asia Supplier Service Desk,GA,Rincon,31326,1200 General Way,SAVANNAH LOCAL,GA,31408,50,3,17,0.34,1,0.02,0,0.0,15,0.3,0,0.0,1,0.02,1,0.3333333333333333,2026-08-09: 1,Davenport (FL) 2%,0,0,,1,Metuchen (NJ) 2%,1,0.02,49,24,24,25,0.5102040816326531,-0.11319563390804811,699.006976744186,654.2424242424242,164.27551020408166,0.8599999999999999,0.7600000000000001,0.7058823529411765,0.5882352941176471,0.0,1.0,,,0.7333333333333334,0.5333333333333333,,,1.0,1.0,17,True,misshipping
msbd_2w,msbd_su,2,438932,"Yiwu Binsai Import and Export Co., Ltd. GA 31405",273078,"Yiwu Binsai Import and Export Co., Ltd.","CA,GA,NJ,TX",4,APS Outdoor,Amber Xiang,GA,Savannah,31405,125 Feldspar Dr. Suite 300,SAVANNAH LOCAL,GA,31408,50,2,5,0.1,0,0.0,2,0.04,0,0.0,0,0.0,3,0.06,0,0.0,,,0,0,,2,Houston (TX) 4%; Baytown (TX) 2%,0,0.0,50,7,7,43,0.86,0.6875439190639867,757.5026315789473,539.7138888888888,146.898,1.0,0.8400000000000001,1.0,1.0,,,1.0,1.0,,,,,1.0,1.0,5,True,misshipping
msbd_2w,msbd_su,2,505707,yantaishenghesuyeyouxiangongsi NJ 08873,348337,yantaishenghesuyeyouxiangongsi,"CA,NJ,TX",3,APS Home Improvement,Asia Supplier Service Desk,NJ,Somerset,08873,2301 cottontail lane dock 8-11,WOODBRIDGE LOCAL,NJ,8832,49,3,15,0.30612244897959184,0,0.0,0,0.0,0,0.0,0,0.0,15,0.30612244897959184,0,0.0,,,0,0,,4,West Rialto (CA) 18%; South Rialto - Ncpc (CA) 6%; Arcadia (CA) 4%; Burbank (CA) 2%,0,0.0,49,35,35,14,0.2857142857142857,-1.7831297963502044,555.3918918918919,1939.452631578947,1927.418367346939,1.0,0.346938775510204,1.0,0.0,,,,,,,,,1.0,0.0,15,True,misshipping
msbd_2w,msbd_su,2,285918,USLA-XY-WPLAR-AUK-2C,65593,"Shenzhen Laiwo Trading Co., Ltd.","CA,GA,IL,NJ,PA,TX,WA",7,APS,Stella Yin,CA,City of Industry,91748,18450 East Gale Avenue,INDUSTRY,CA,91789,49,3,12,0.24489795918367346,0,0.0,0,0.0,0,0.0,0,0.0,12,0.24489795918367346,0,0.0,,,0,0,,3,Richmond Hill Ncpc (GA) 12%; East Brunswick (NJ) 10%; Lehigh Valley (PA) 2%,2,0.04081632653061224,47,15,15,32,0.6808510638297872,0.533229593623391,1012.0347826086955,732.0304347826086,836.2042553191488,0.7755102040816327,0.673469387755102,0.5833333333333333,0.9166666666666666,,,,,,,,,0.5833333333333333,0.9166666666666666,12,True,misshipping
msbd_2w,msbd_su,2,431785,weikan(wuxi)wangluokejiyouxiangongsi NJ 08810,431719,weikan(wuxi)wangluokejiyouxiangongsi,"CA,GA,IL,NJ,TX",5,Wayfair,Asia Supplier Service Desk,NJ,Freehold,07728,400 Fairfield Road,PRINCETON,NJ,8810,49,3,3,0.061224489795918366,0,0.0,1,0.02040816326530612,0,0.0,0,0.0,2,0.04081632653061224,0,0.0,,,0,0,,1,Romeoville Rsf (IL) 4%,1,0.02040816326530612,21,21,12,36,0.75,0.289291695318456,222.05666666666667,303.8677419354838,259.2,0.9795918367346937,0.9387755102040813,1.0,1.0,,,1.0,1.0,,,,,1.0,1.0,3,True,misshipping
msbd_2w,msbd_su,2,348900,"Ningbo Home Solution Corp.,ltd. GA 30518",268554,"Ningbo Home Solution Corp.,ltd.","CA,GA,NJ",3,APS Outdoor,Asia Supplier Service Desk,GA,buford,30518,1720 peachtree industrial blvd,BRASELTON,GA,30517,49,2,24,0.4897959183673469,0,0.0,0,0.0,0,0.0,0,0.0,24,0.4897959183673469,0,0.0,,,0,0,,5,Robbinsville (NJ) 27%; Rancho Cucamonga Ncpc (CA) 14%; South Rialto - Ncpc (CA) 4%; Oceanside (CA) 2%; Rialto (CA) 2%,1,0.02040816326530612,39,38,29,19,0.3958333333333333,-0.4896460418979512,641.6543478260869,945.1590909090911,906.3312500000001,1.0,0.8163265306122449,1.0,0.7916666666666667,,,,,,,,,1.0,0.7916666666666667,24,True,misshipping
msbd_2w,msbd_su,2,503809,Hall CodePulse Dynamics LLC CA 92509,362965,Hall CodePulse Dynamics LLC,"AR,CA",2,Lighting,Supplier Service Desk,CA,Jurupa Valley,92509,4720 Felspar St,RIALTO LOCAL,CA,92316,49,3,3,0.061224489795918366,0,0.0,0,0.0,0,0.0,0,0.0,3,0.061224489795918366,0,0.0,,,0,0,,1,Little Rock Lita (AR) 6%,0,0.0,49,3,3,46,0.9387755102040817,-2.123256423070303,448.44782608695664,505.1599999999999,99.96938775510208,0.9795918367346937,0.897959183673469,0.6666666666666666,0.3333333333333333,,,,,,,,,0.6666666666666666,0.3333333333333333,3,True,misshipping
msbd_2w,msbd_su,2,407455,OXFORD HOMEWARE US LTD NJ 08534,406214,OXFORD HOMEWARE US LTD,"NJ,TX",2,Wayfair,Supplier Service Desk,NJ,PENNINGTON ,08534,"55 Route 31 S, BLDG B",ROBBINSVILLE,NJ,8691,49,3,4,0.08163265306122448,0,0.0,0,0.0,0,0.0,0,0.0,4,0.08163265306122448,0,0.0,,,0,0,,1,South Houston (TX) 8%,2,0.04081632653061224,8,8,8,39,0.8297872340425532,,591.7107142857143,583.9272727272729,269.15744680851066,0.8979591836734689,0.7142857142857141,0.5,0.5,,,,,,,,,0.5,0.5,4,True,misshipping
msbd_2w,msbd_su,2,464212,guangzhoudaqianzhuoerwangluokejiyouxiangongsi NJ 07008,359580,guangzhoudaqianzhuoerwangluokejiyouxiangongsi,"CA,NJ",2,APS Decor,Asia Supplier Service Desk,NJ,New Jersey,07008,100 Middlesex Ave Unit 2R,SOUTH CARTERET,NJ,7008,49,3,15,0.30612244897959184,0,0.0,0,0.0,0,0.0,0,0.0,15,0.30612244897959184,0,0.0,,,0,0,,1,Chino (CA) 31%,1,0.02040816326530612,48,30,30,18,0.375,-1.3647906480353742,713.328205128205,1616.488095238095,1719.2625,1.0,0.42857142857142866,1.0,0.26666666666666666,,,,,,,,,1.0,0.26666666666666666,15,True,misshipping
msbd_2w,msbd_su,2,493210,WUYOUDA-NJ-NJJW04 08859-1098,276443,yiwushisunmiaoxidianzishangwuyouxiangongsi,"CA,NJ,PA",3,APS Pet,Asia Supplier Service Desk,NJ,PARLIN,08859,99 CALLAHAN BLVD,EAST BRUNSWICK,NJ,8816,49,3,5,0.10204081632653061,0,0.0,0,0.0,0,0.0,0,0.0,5,0.10204081632653061,0,0.0,,,0,0,,1,Chino Hills Ncpc (CA) 10%,1,0.02040816326530612,7,6,6,42,0.875,-0.7536803881768102,856.8142857142855,892.6952380952381,342.54791666666665,0.9183673469387754,0.6734693877551021,0.2,0.0,,,,,,,,,0.2,0.0,5,True,misshipping
msbd_2w,msbd_su,2,356565,Extromax Lea Inc GA 31308,177829,Extromax Lea Inc,"CA,GA,NJ,PA,TX",5,APS Upholstery,Frank Huang,GA,Ellabell,31308,1086 Oracal Parkway,SAVANNAH LOCAL,GA,31408,49,3,5,0.10204081632653061,0,0.0,2,0.04081632653061224,1,0.02040816326530612,0,0.0,2,0.04081632653061224,0,0.0,,,0,0,,2,Chino Hills Ncpc (CA) 2%; Houston (TX) 2%,1,0.02040816326530612,46,8,8,40,0.8333333333333334,0.24718991312213529,785.0463414634146,686.7250000000001,316.35208333333327,0.9795918367346937,0.9795918367346937,1.0,1.0,,,1.0,1.0,1.0,1.0,,,1.0,1.0,5,True,misshipping
msbd_2w,msbd_su,2,504326,ROGER HOUSE LLC PA 19120,194182,ROGER HOUSE LLC,"CA,FL,PA",3,Plumbing,Kate Poletynski,PA,Philadelphia,19120,300 E Godfrey Ave door 11 Unit  G2,PHILADELPHIA,PA,19154,49,3,3,0.061224489795918366,0,0.0,0,0.0,0,0.0,0,0.0,3,0.061224489795918366,0,0.0,,,0,0,,1,Sanford (FL) 6%,1,0.02040816326530612,7,7,7,41,0.8541666666666666,-0.48734366318601796,465.37777777777785,556.9657142857142,144.49166666666662,0.8163265306122448,0.857142857142857,0.6666666666666666,1.0,,,,,,,,,0.6666666666666666,1.0,3,True,misshipping
msbd_2w,msbd_su,2,334431,SHANGHAI LEJIA MAOYI YOUXIANGONGSI CA 91730,298106,SHANGHAI LEJIA MAOYI YOUXIANGONGSI,"CA,GA,NJ,TX",4,APS K&D,Asia Supplier Service Desk,CA,Rancho Cucamonga,91730,11599 Arrow Route,WEST RIALTO,CA,92316,49,3,8,0.16326530612244897,0,0.0,0,0.0,0,0.0,0,0.0,8,0.16326530612244897,0,0.0,,,0,0,,2,East Brunswick (NJ) 12%; Richmond Hill Ncpc (GA) 4%,0,0.0,49,9,9,40,0.8163265306122449,0.5106690762220799,819.1625000000003,628.3645833333333,459.93265306122464,1.0,0.836734693877551,1.0,0.75,,,,,,,,,1.0,0.75,8,True,misshipping
msbd_2w,msbd_su,2,361077,US FAST LLC NJ 08837,77540,US FAST LLC,"CA,NJ",2,APS Home Improvement,Aria LI,NJ,Edison,08837,355 Clearview Rd,WOODBRIDGE LOCAL,NJ,8832,49,3,1,0.02040816326530612,0,0.0,0,0.0,0,0.0,0,0.0,1,0.02040816326530612,0,0.0,,,0,0,,1,Arcadia (CA) 2%,3,0.061224489795918366,46,5,5,41,0.8913043478260869,-1.9173693086003374,1125.578048780488,1255.8025641025638,310.6347826086955,0.9387755102040817,0.7551020408163264,1.0,0.0,,,,,,,,,1.0,0.0,1,True,misshipping
msbd_2w,msbd_su,2,251985,LiangCang - NJ06,63465,"Ningbo Youyuan Import and Export Co., Ltd.","CA,GA,IL,NJ,NY,PA,TX",7,APS Home Improvement,Nicole Sun,NJ,Burlington,08016,1950 River Road,ROBBINSVILLE,NJ,8691,48,3,2,0.041666666666666664,0,0.0,0,0.0,0,0.0,0,0.0,2,0.041666666666666664,0,0.0,,,0,0,,1,West Rialto (CA) 4%,2,0.041666666666666664,37,34,2,44,0.9565217391304348,-4.442098389203308,703.1384615384615,840.4708333333334,143.28695652173914,0.9583333333333331,0.6041666666666667,1.0,0.0,,,,,,,,,1.0,0.0,2,True,misshipping
msbd_2w,msbd_su,2,438406,Hermes and Fesius LLC GA 31405,69201,Hermes and Fesius LLC,"CA,GA,NJ,PA,TX",5,APS Outdoor,Amber Xiang,GA,Savannah,31405,125 Feldspar Dr. Suite 300,SAVANNAH LOCAL,GA,31408,48,2,2,0.041666666666666664,0,0.0,0,0.0,1,0.020833333333333332,0,0.0,1,0.020833333333333332,0,0.0,,,0,0,,1,Fairless Hills (PA) 2%,1,0.020833333333333332,46,3,3,44,0.9361702127659575,-0.6331271205085746,479.16875,512.016129032258,67.59347826086956,0.9791666666666665,0.9166666666666666,1.0,1.0,,,,,1.0,1.0,,,1.0,1.0,2,True,misshipping
msbd_2w,msbd_su,2,411984,"Zhejiang Anji Yanghao Network Technology Co., Ltd. CA 92324",133824,"Zhejiang Anji Yanghao Network Technology Co., Ltd.","CA,GA,NJ",3,APS K&D,Evie Li,CA,Colton,92324,2163 Riverside Ave,WEST RIALTO,CA,92316,48,3,1,0.020833333333333332,0,0.0,0,0.0,0,0.0,0,0.0,1,0.020833333333333332,0,0.0,,,0,0,,1,Metuchen (NJ) 2%,0,0.0,45,1,1,47,0.9791666666666666,0.5311311160495688,1266.843902439024,1233.284090909091,60.511111111111134,1.0,0.7916666666666666,1.0,1.0,,,,,,,,,1.0,1.0,1,True,misshipping
msbd_2w,msbd_su,2,433138,91440700MAC6BY20X3 NJ 08901,405130,JiangMenShiABianGeKeJiYouXianGongSi,"CA,MD,NJ",3,Lighting,Asia Supplier Service Desk,NJ,New Brunswick,08901,780 Jersey Ave,EAST BRUNSWICK,NJ,8816,48,3,1,0.020833333333333332,0,0.0,0,0.0,0,0.0,0,0.0,1,0.020833333333333332,0,0.0,,,0,0,,1,South Rialto - Ncpc (CA) 2%,4,0.08333333333333333,2,1,1,43,0.9772727272727273,-3.424007936507936,687.8595238095238,734.3512195121953,63.744186046511636,0.8541666666666665,0.5624999999999998,0.0,0.0,,,,,,,,,0.0,0.0,1,True,misshipping
msbd_2w,msbd_su,2,282496,ASOPIX CO CO 80033,282495,ASOPIX CO,"CA,CO,GA,IL,NJ,TX",6,Casegoods,Prisha Mark,CO,Wheat Ridge,80033,3575 Pierce St,BOULDER,CO,80021,48,3,7,0.14583333333333334,0,0.0,0,0.0,0,0.0,0,0.0,7,0.14583333333333334,0,0.0,,,0,0,,6,West Rialto (CA) 4%; Richmond Hill Ncpc (GA) 2%; Diamond Bar Rsf (CA) 2%; Rancho Cucamonga Ncpc (CA) 2%; Rialto (CA) 2%,3,0.0625,44,43,41,4,0.08888888888888889,-0.3445415104470316,934.9499999999999,1598.9448275862067,1112.638095238095,0.9166666666666666,0.41666666666666663,0.8571428571428572,0.14285714285714288,,,,,,,,,0.8571428571428572,0.14285714285714288,7,True,misshipping
msbd_2w,msbd_su,2,503385,FLOWXNJ-NJ-NJS01,63641,"Zhejiang On Leap Furnishing Co.,Ltd.","CA,GA,NJ,TX",4,APS Outdoor,Qiwen Fan,NJ,East Windsor,08512,26 Hightstown Cranbury Station Rd,WEST DALLAS NCPC,TX,75211,48,3,3,0.0625,0,0.0,1,0.020833333333333332,1,0.020833333333333332,0,0.0,1,0.020833333333333332,0,0.0,,,0,0,,1,West Savannah  Ncpc (GA) 2%,2,0.041666666666666664,9,6,6,40,0.8695652173913043,0.4213518833922254,617.2382352941177,619.3823529411765,125.8953488372093,0.9791666666666665,0.8125,1.0,1.0,,,1.0,1.0,1.0,1.0,,,1.0,1.0,3,True,misshipping
msbd_2w,msbd_su,2,347170,zhongshanshilesiyuanmaoyiyouxiangongsi CA 91748,272032,zhongshanshilesiyuanmaoyiyouxiangongsi,"CA,NJ",2,APS Home Improvement,Asia Supplier Service Desk,CA,City of Industry,91748 ,18551 Arenth Ave,INDUSTRY,CA,91789,48,3,8,0.16666666666666666,0,0.0,0,0.0,0,0.0,0,0.0,8,0.16666666666666666,0,0.0,,,0,0,,1,Linden (NJ) 17%,0,0.0,48,9,9,39,0.8125,0.7192574009355641,1271.9081081081083,902.9,531.0374999999999,0.9166666666666663,0.6458333333333334,0.625,0.875,,,,,,,,,0.625,0.875,8,True,misshipping
msbd_2w,msbd_su,2,521551,UK HONBAY LIMITED GA 30122,409190,UK HONBAY LIMITED,"CA,GA,NJ,TX",4,APS Upholstery,Asia Supplier Service Desk,GA,Lithia Springs,30122,"AT1-850 Douglas Hills Rd,Suit 100",AUSTELL,GA,30168,48,2,2,0.041666666666666664,0,0.0,0,0.0,1,0.020833333333333332,0,0.0,1,0.020833333333333332,0,0.0,,,0,0,,1,South Rialto - Ncpc (CA) 2%,1,0.020833333333333332,47,4,4,43,0.9148936170212766,-0.10536152999472148,751.2292682926828,740.00243902439,131.08936170212763,0.8749999999999998,0.7083333333333334,0.0,0.5,,,,,0.0,0.0,,,0.0,1.0,2,True,misshipping
msbd_2w,msbd_su,2,334109,Banyan Imports IL 60446,50250,Banyan Imports,"CA,GA,IL,NJ,TX",5,APS Home Improvement,Emma Wang,IL,Romeoville,60446,179 Southcreek Pkwy,SOUTH CHICAGO,IL,60446,48,3,1,0.020833333333333332,0,0.0,0,0.0,0,0.0,0,0.0,1,0.020833333333333332,0,0.0,,,0,0,,1,Houston (TX) 2%,2,0.041666666666666664,46,2,2,44,0.9565217391304348,0.10779681039574719,628.211111111111,603.0777777777777,48.591111111111104,0.9375,0.6666666666666667,1.0,1.0,,,,,,,,,1.0,1.0,1,True,misshipping
msbd_2w,msbd_su,2,321192,YOUDENOVA HOME INC NJ 08859,80562,YOUDENOVA HOME INC,"CA,GA,NJ,PA,TX",5,APS Outdoor,Amber Xiang,NJ,PARLIN,08070,99 Callahan Blvd,BARRINGTON,NJ,8007,48,3,1,0.020833333333333332,0,0.0,0,0.0,0,0.0,0,0.0,1,0.020833333333333332,0,0.0,,,0,0,,1,Houston (TX) 2%,1,0.020833333333333332,47,5,4,43,0.9148936170212766,0.8296360255047821,570.2000000000002,592.1743589743588,173.64042553191487,0.9791666666666665,0.8541666666666665,1.0,1.0,,,,,,,,,1.0,1.0,1,True,misshipping
msbd_2w,msbd_su,2,349644,PROSPEROUS SUNLIGHT GROUP LIMITED NJ 08873 _WFDNU349644,347732,PROSPEROUS SUNLIGHT GROUP LIMITED _WFDNU347732,"CA,NJ",2,Wayfair,Supplier Service Desk,NJ,Somerset,08873,"100 Randolph Rd, Warehouse B",WOODBRIDGE LOCAL,NJ,8832,48,3,1,0.020833333333333332,0,0.0,0,0.0,0,0.0,0,0.0,1,0.020833333333333332,0,0.0,,,0,0,,1,Industry (CA) 2%,3,0.0625,45,2,2,43,0.9555555555555556,0.6582016423987302,595.0,531.2433333333332,122.09333333333336,0.5416666666666666,0.8541666666666665,0.0,1.0,,,,,,,,,0.0,1.0,1,True,misshipping
msbd_2w,msbd_su,2,448685,ShenZhenShiMeiYiShaMaoYiYouXianGongSi GA 31407,447958,ShenZhenShiMeiYiShaMaoYiYouXianGongSi,"CA,GA,NJ,PA,TX",5,APS K&D,Hannah Guan,GA,Port Wentworth,31407,302 International Trade Pkwy,SAVANNAH LOCAL,GA,31408,48,3,1,0.020833333333333332,0,0.0,0,0.0,0,0.0,0,0.0,1,0.020833333333333332,0,0.0,,,0,0,,1,Baytown (TX) 2%,2,0.041666666666666664,46,4,4,42,0.9130434782608695,-1.3874041847938678,505.9086956521737,528.2880952380951,101.87391304347828,1.0,0.875,1.0,1.0,,,,,,,,,1.0,1.0,1,True,misshipping
msbd_2w,msbd_su,2,310267,AQUA GALLERY CA 92336,85716,AQUA GALLERY,"CA,NJ,UT",3,APS Spa,Riley Jiang,CA,Fontana ,92336 ,14570 Meyer Canyon Dr ,WEST RIALTO,CA,92316,48,3,8,0.16666666666666666,0,0.0,0,0.0,0,0.0,0,0.0,8,0.16666666666666666,0,0.0,,,0,0,,1,Provo (UT) 17%,3,0.0625,42,16,16,29,0.6444444444444445,0.19084363760293835,1074.6,1192.8419354838709,235.21136363636364,1.0,0.7291666666666665,1.0,1.0,,,,,,,,,1.0,1.0,8,True,misshipping
msbd_2w,msbd_su,2,361945,Bovn Pool Entertainment (Onyx) CA 91746,75107,Bovn Pool Entertainment (Onyx),"CA,NJ",2,APS Decor,Asia Supplier Service Desk,CA,Industry,91746,415S 7TH AVE,ARCADIA,CA,91006,48,3,4,0.08333333333333333,0,0.0,0,0.0,2,0.041666666666666664,0,0.0,2,0.041666666666666664,0,0.0,,,0,0,,1,Robbinsville (NJ) 4%,1,0.020833333333333332,6,4,5,42,0.8936170212765957,-0.005105896507784896,1795.6783783783787,1792.6324324324328,190.3914893617021,0.9374999999999999,0.6041666666666667,0.5,0.75,,,,,0.0,0.5,,,1.0,1.0,4,True,misshipping
msbd_2w,msbd_su,2,365004,无忧达-NJ-03-NBYY,363958,"Shenzhen Yuanshen Import & Export Co., Ltd.","CA,GA,IL,NJ,PA,TX",6,Wayfair,Asia Supplier Service Desk,NJ,Edison,08817,300 Cedar Lane Suite B,WOODBRIDGE LOCAL,NJ,8832,47,3,1,0.02127659574468085,0,0.0,0,0.0,0,0.0,0,0.0,1,0.02127659574468085,0,0.0,,,0,0,,1,Rancho Cucamonga Ncpc (CA) 2%,1,0.02127659574468085,46,2,1,45,0.9782608695652174,-0.724178701123216,547.4250000000001,608.5875,67.06304347826082,1.0,0.8936170212765957,1.0,0.0,,,,,,,,,1.0,0.0,1,True,misshipping
msbd_2w,msbd_su,2,496588,   CA005,298676,Prosper Trade Inc,"CA,CO,GA,NJ,TX",5,Wayfair Professional,Supplier Service Desk,CA,Fontana,92337,16171 Slover Avenue,WEST RIALTO,CA,92316,47,3,5,0.10638297872340426,0,0.0,0,0.0,3,0.06382978723404255,0,0.0,2,0.0425531914893617,0,0.0,,,0,0,,2,South Atlanta Ncpc (GA) 2%; East Brunswick (NJ) 2%,2,0.0425531914893617,45,15,15,30,0.6666666666666666,-1.904420651976763,561.8239130434782,1060.9780487804883,720.2666666666667,0.9574468085106381,0.6170212765957445,1.0,0.2,,,,,1.0,0.3333333333333333,,,1.0,0.0,5,True,misshipping
msbd_2w,msbd_su,2,200364,"Longzhaoxin Furniture Co., Ltd. CA 91744",59929,"Longzhaoxin Furniture Co., Ltd.","CA,GA,NJ",3,APS,Eve Deng,CA,City of Industry,91744,14750 Nelson Ave,INDUSTRY,CA,91789,47,3,1,0.02127659574468085,0,0.0,0,0.0,0,0.0,0,0.0,1,0.02127659574468085,0,0.0,,,0,0,,1,Linden (NJ) 2%,6,0.1276595744680851,41,1,1,40,0.975609756097561,-2.332567049808429,1681.4800000000002,1680.2157894736843,85.1219512195122,0.8936170212765957,0.42553191489361697,1.0,0.0,,,,,,,,,1.0,0.0,1,True,misshipping
msbd_2w,msbd_su,2,351619,"Shenzhen Chitado Technology CO.,LTD NJ 07036",302484,"Shenzhen Chitado Technology CO.,LTD","CA,GA,NJ,PA,TX",5,APS Outdoor,Moti Mao,NJ,Linden ,07036,600 linden logistic way,LINDEN,NJ,7036,47,3,7,0.14893617021276595,0,0.0,0,0.0,0,0.0,0,0.0,7,0.14893617021276595,0,0.0,,,0,0,,1,South Atlanta Ncpc (GA) 15%,1,0.02127659574468085,26,10,10,36,0.782608695652174,0.09355235600495224,445.3535714285714,491.5714285714285,193.73913043478262,1.0,0.8936170212765956,1.0,1.0,,,,,,,,,1.0,1.0,7,True,misshipping
msbd_2w,msbd_su,2,468855,Creative Concepts Man LLC GA 31326,265134,Creative Concepts Man LLC,"CA,GA,NJ",3,Upholstery,Alaina Phelan,GA,Rincon,31326,1400 General Way Building A,SAVANNAH LOCAL,GA,31408,47,2,3,0.06382978723404255,0,0.0,0,0.0,0,0.0,0,0.0,3,0.06382978723404255,0,0.0,,,0,0,,2,Rancho Cucamonga Ncpc (CA) 4%; Chino (CA) 2%,1,0.02127659574468085,46,7,7,39,0.8478260869565217,-1.4535132259201542,747.0475000000002,873.24358974359,334.3347826086956,0.957446808510638,0.7446808510638298,1.0,0.33333333333333337,,,,,,,,,1.0,0.33333333333333337,3,True,misshipping
msbd_2w,msbd_su,2,475261,Shen Zhen Shi Wei Bai Ke Ji You Xian Gong Si NJ 08505,80274,Shen Zhen Shi Wei Bai Ke Ji You Xian Gong Si,"CA,GA,NJ,TX",4,APS Bedroom,Wendy Wang,NJ,Bordentown,08505,5206 US-130 N,ROBBINSVILLE,NJ,8691,47,2,1,0.02127659574468085,0,0.0,0,0.0,0,0.0,0,0.0,1,0.02127659574468085,0,0.0,,,0,0,,1,Austell (GA) 2%,0,0.0,47,3,2,45,0.9574468085106383,0.6125062531265634,748.8523809523812,851.8279069767439,103.74042553191491,0.978723404255319,0.9148936170212765,0.0,0.0,,,,,,,,,0.0,0.0,1,True,misshipping
msbd_2w,msbd_su,2,483887,OXFORD HOMEWARE US LTD TX 77033,406214,OXFORD HOMEWARE US LTD,"NJ,TX",2,Soft Home,Supplier Service Desk,TX,HOUSTON,77033,6015 MURPHY STREET,SOUTH HOUSTON,TX,77075,47,3,21,0.44680851063829785,0,0.0,0,0.0,0,0.0,0,0.0,21,0.44680851063829785,0,0.0,,,0,0,,1,Robbinsville (NJ) 45%,2,0.0425531914893617,39,39,39,6,0.13333333333333333,-0.6090791052573965,926.8322580645162,1675.6000000000001,1370.46,0.7234042553191491,0.23404255319148942,0.6666666666666667,0.23809523809523814,,,,,,,,,0.6666666666666667,0.23809523809523814,21,True,misshipping
msbd_2w,msbd_su,2,308502,guang dong bao lai wo zhao ming dian qi CA 91730,244173,guang dong bao lai wo zhao ming dian qi you xian gong si,"CA,NJ",2,APS Home Improvement,Cheryl Zhang,CA,Rancho Cucamonga,91730,11000 Jersey Boulevard,WEST RIALTO,CA,92316,47,3,3,0.06382978723404255,0,0.0,0,0.0,2,0.0425531914893617,0,0.0,1,0.02127659574468085,0,0.0,,,0,0,,1,Secaucus (NJ) 2%,0,0.0,41,7,8,39,0.8297872340425532,-0.14564677925873043,809.465789473684,934.3121951219513,462.8159090909091,0.7872340425531913,0.5744680851063831,0.6666666666666667,0.33333333333333337,,,,,0.5,0.0,,,1.0,1.0,3,True,misshipping
msbd_2w,msbd_su,2,430503,"Longzhaoxin Furniture Co., Ltd. CA 90670",59929,"Longzhaoxin Furniture Co., Ltd.","CA,GA,NJ",3,APS K&D,Eve Deng,CA,SANTA FE SPRINGS,90670,8945 DICE RD,SANTA FE SPRINGS,CA,90670,47,3,11,0.23404255319148937,0,0.0,1,0.02127659574468085,0,0.0,0,0.0,10,0.2127659574468085,0,0.0,,,0,0,,2,West Savannah  Ncpc (GA) 19%; Linden (NJ) 2%,8,0.1702127659574468,12,11,11,28,0.717948717948718,0.7482094012437361,1844.6900000000003,1229.9285714285713,663.0102564102565,0.8936170212765955,0.8085106382978722,1.0,1.0,,,1.0,1.0,,,,,1.0,1.0,11,True,misshipping
msbd_2w,msbd_su,2,56784,Eureka Ergonomic TX 75244,43482,Eureka Ergonomic,"CA,GA,IL,NJ,TX",5,APS,Fiona Jiang,TX,Farmers Branch,75244,14325 Gillis Road,IRVING,TX,75062,46,3,8,0.17391304347826086,0,0.0,0,0.0,0,0.0,0,0.0,8,0.17391304347826086,0,0.0,,,0,0,,2,South Rialto - Ncpc (CA) 9%; Oceanside (CA) 9%,9,0.1956521739130435,16,15,15,22,0.5945945945945946,-1.2044555807782853,1082.840740740741,1799.4703703703701,576.0166666666665,0.5652173913043478,0.3043478260869565,0.5,0.0,,,,,,,,,0.5,0.0,8,True,misshipping
msbd_2w,msbd_su,2,218848,"CLOCKS IN TIME, LLC CA 94544",206002,"CLOCKS IN TIME, LLC","CA,FL,PA",3,Decor,Greer Long,CA,Hayward,94544,30963 San Benito St,HAYWARD,CA,94545,46,3,1,0.021739130434782608,0,0.0,0,0.0,0,0.0,0,0.0,1,0.021739130434782608,0,0.0,,,0,0,,1,Philadelphia (PA) 2%,2,0.043478260869565216,2,2,2,42,0.9545454545454546,-1.7838927766575732,624.3999999999999,715.2820512820515,134.14883720930226,0.9565217391304348,0.7608695652173911,1.0,0.0,,,,,,,,,1.0,0.0,1,True,misshipping
msbd_2w,msbd_su,2,183016,DaFangGuang-NJ-02,63465,"Ningbo Youyuan Import and Export Co., Ltd.","CA,GA,IL,NJ,NY,PA,TX",7,APS Home Improvement,Nicole Sun,NJ,Roebling,08554,839 Railroad Ave,ROBBINSVILLE,NJ,8691,46,3,5,0.10869565217391304,0,0.0,1,0.021739130434782608,2,0.043478260869565216,0,0.0,2,0.043478260869565216,0,0.0,,,0,0,,1,Savannah (GA) 4%,5,0.10869565217391304,22,13,8,33,0.8048780487804879,0.3379984181173893,617.0911764705882,518.8655172413793,112.43902439024384,0.9130434782608696,0.7608695652173911,1.0,1.0,,,1.0,1.0,1.0,1.0,,,1.0,1.0,5,True,misshipping
msbd_2w,msbd_su,2,228715,"2220 Almond Ave.Redlands, CA, 92374",209042,VOLMAY FURNITURE INC,"CA,GA,NJ,TX",4,APS,Icey Wang,CA,Redlands,92374,2220 Almond Ave,WEST RIALTO,CA,92316,46,3,1,0.021739130434782608,0,0.0,0,0.0,0,0.0,0,0.0,1,0.021739130434782608,0,0.0,,,0,0,,1,Robbinsville (NJ) 2%,2,0.043478260869565216,44,2,2,42,0.9545454545454546,0.9544470974481422,1620.18,1517.5828571428572,135.62727272727273,0.9565217391304346,0.6956521739130436,1.0,1.0,,,,,,,,,1.0,1.0,1,True,misshipping
msbd_2w,msbd_su,2,473053,USSAV01,320790,hang zhou gong lian jin chu kou you xian gong si,"CA,GA,NJ,TX",4,APS Outdoor,Amber Xiang,GA,Bloomingdale,31302,"651 Bloomingdale Rd, Suite A",SAVANNAH LOCAL,GA,31408,46,3,5,0.10869565217391304,0,0.0,0,0.0,0,0.0,0,0.0,5,0.10869565217391304,0,0.0,,,0,0,,3,Spring (TX) 4%; South Houston (TX) 4%; Rialto (CA) 2%,2,0.043478260869565216,44,5,5,39,0.8863636363636364,0.5178657910215961,917.4285714285716,852.7410256410257,162.775,0.7173913043478262,0.5869565217391303,1.0,0.8,,,,,,,,,1.0,0.8,5,True,misshipping
msbd_2w,msbd_su,2,318594,Domani Designs Inc NJ 07305,281483,Domani Designs Inc,"CA,NJ",2,Storage & Org - Frequency,Claire Przybocki,NJ,Jersey City,07305,99 Caven Point Road,SECAUCUS,NJ,7307,46,3,1,0.021739130434782608,0,0.0,0,0.0,0,0.0,0,0.0,1,0.021739130434782608,0,0.0,,,0,0,,1,Santa Fe Springs (CA) 2%,0,0.0,1,1,1,45,0.9782608695652174,-0.6064741616043937,852.8137931034483,877.9448275862069,60.24130434782612,1.0,0.8695652173913042,1.0,0.0,,,,,,,,,1.0,0.0,1,True,misshipping
msbd_2w,msbd_su,2,416536,Shenzhen KBOOS Creative Ltd. CA 91010,219963,Shenzhen KBOOS Creative Ltd.,"CA,NJ",2,APS AEOF,Asia Supplier Service Desk,CA,Duarte,91010,1863 Business Center Dr,ARCADIA,CA,91006,46,3,1,0.021739130434782608,0,0.0,0,0.0,0,0.0,0,0.0,1,0.021739130434782608,0,0.0,,,0,0,,1,South Carteret (NJ) 2%,1,0.021739130434782608,3,1,1,44,0.9777777777777777,0.9904991542807787,1654.4756097560978,1587.1195121951218,62.44222222222221,0.9782608695652173,0.7173913043478262,1.0,1.0,,,,,,,,,1.0,1.0,1,True,misshipping
msbd_2w,msbd_su,2,512121,"NingboFanKaiE-commerceCo.,d._1 NJ 08831 KC",83386,"Ningbo FanKai E-commerce Co., Ltd._1","CA,GA,IL,NJ,PA",5,APS Home Improvement,Nicole Sun,NJ,Monroe Township,08831,4 South Middlesex Avenue,PRINCETON,NJ,8810,46,3,11,0.2391304347826087,0,0.0,5,0.10869565217391304,1,0.021739130434782608,0,0.0,5,0.10869565217391304,0,0.0,,,0,0,,1,Fairless Hills (PA) 11%,3,0.06521739130434782,29,24,23,20,0.46511627906976744,0.5762834854932064,1441.7857142857147,610.7521739130434,1407.872093023256,1.0,0.8695652173913043,1.0,0.9090909090909091,,,1.0,1.0,1.0,0.0,,,1.0,1.0,11,True,misshipping
msbd_2w,msbd_su,2,349464,"Yiwu Binsai Import and Export Co., Ltd. CA 91708",273078,"Yiwu Binsai Import and Export Co., Ltd.","CA,GA,NJ,TX",4,APS Outdoor,Amber Xiang,CA,Chino,91708,15825 Terminal Court,CHINO LOCAL,CA,91710,46,3,1,0.021739130434782608,0,0.0,0,0.0,0,0.0,0,0.0,1,0.021739130434782608,0,0.0,,,0,0,,1,Houston (TX) 2%,2,0.043478260869565216,43,2,2,42,0.9545454545454546,0.6648101265822786,1256.371875,1237.6599999999994,92.46744186046512,0.9347826086956521,0.6086956521739129,1.0,1.0,,,,,,,,,1.0,1.0,1,True,misshipping
msbd_2w,msbd_su,2,339897,HALOPU LTD NJ 08817,271608,HALOPU LTD,"CA,NJ",2,Hardware,Aria Yao,NJ,Edision,08817,240 Mill Rd,ROMEOVILLE NCPC,IL,60446,46,3,1,0.021739130434782608,0,0.0,0,0.0,0,0.0,0,0.0,1,0.021739130434782608,0,0.0,,,0,0,,1,Chino Hills Ncpc (CA) 2%,10,0.21739130434782608,36,2,2,34,0.9444444444444444,-3.0680006783110056,747.7363636363636,925.8714285714287,183.0833333333334,0.6956521739130432,0.7608695652173911,0.0,1.0,,,,,,,,,0.0,1.0,1,True,misshipping
msbd_2w,msbd_su,2,334349,Oriental Tree INC NJ 08003,88782,Oriental Tree INC,"CA,GA,NJ,TX",4,APS Home Improvement,Danica Guo,NJ,Cherry Hill,08003,1515 Burnt Mill RD,CAMDEN,NJ,8007,46,3,7,0.15217391304347827,0,0.0,3,0.06521739130434782,1,0.021739130434782608,0,0.0,3,0.06521739130434782,0,0.0,,,0,0,,3,South Rialto - Ncpc (CA) 2%; West Savannah  Ncpc (GA) 2%; Rancho Cucamonga Ncpc (CA) 2%,2,0.043478260869565216,44,33,9,35,0.7954545454545454,0.10211805099528684,707.4800000000001,627.1962962962963,266.60681818181826,0.8913043478260868,0.7608695652173911,0.7142857142857143,0.5714285714285714,,,0.33333333333333337,0.33333333333333337,1.0,1.0,,,1.0,0.6666666666666666,7,True,misshipping
msbd_2w,msbd_su,2,442392,LORYN LLC PA 18064,436750,LORYN LLC,"CA,NJ,PA,TX",4,APS Decor,Asia Supplier Service Desk,PA,Nazareth,18064,3363 Gun Club Rd,LEHIGH VALLEY LOCAL,PA,18067,46,3,13,0.2826086956521739,0,0.0,0,0.0,0,0.0,0,0.0,13,0.2826086956521739,0,0.0,,,0,0,,2,Chino Hills Ncpc (CA) 17%; Rancho Cucamonga Ncpc (CA) 11%,1,0.021739130434782608,45,44,42,3,0.06666666666666667,-1.9937210774583536,421.7034482758621,2227.718518518519,2496.008888888889,1.0,0.7391304347826085,1.0,0.7692307692307693,,,,,,,,,1.0,0.7692307692307693,13,True,misshipping
msbd_2w,msbd_su,2,327750,  CAP,323287,"Shenzhen Qianjing Technology Co., Ltd.","CA,GA,NJ,TX",4,APS Outdoor,Asia Supplier Service Desk,CA,Perris ,92571,728 W Rider St,RIALTO LOCAL,CA,92316,46,3,1,0.021739130434782608,0,0.0,0,0.0,0,0.0,0,0.0,1,0.021739130434782608,0,0.0,,,0,0,,1,Houston (TX) 2%,1,0.021739130434782608,45,1,1,44,0.9777777777777777,0.8953993375046008,803.5547619047619,774.5928571428572,33.0088888888889,0.9782608695652173,0.7608695652173912,1.0,1.0,,,,,,,,,1.0,1.0,1,True,misshipping
msbd_2w,msbd_su,2,505245,"Ningbo Deli Import and Export Co., Ltd. AL 30349",147783,"Ningbo Deli Import and Export Co., Ltd.","CA,GA,NJ",3,APS K&D,Asia Supplier Service Desk,GA,East Point,30349,131 South Meadow Parkway West,AUSTELL,GA,30168,46,3,14,0.30434782608695654,0,0.0,0,0.0,0,0.0,0,0.0,14,0.30434782608695654,0,0.0,,,0,0,,2,South Rialto - Ncpc (CA) 28%; Linden (NJ) 2%,6,0.13043478260869565,40,14,14,26,0.65,-0.7272341103744558,660.5552631578946,893.9823529411765,735.2125,0.7826086956521737,0.5217391304347826,1.0,0.5,,,,,,,,,1.0,0.5,14,True,misshipping
msbd_2w,msbd_su,2,492105,Sundale Outdoor GA 31326,36598,Sundale Outdoor,"CA,GA,NJ,PA,TX",5,APS AEOF,Asia Supplier Service Desk,GA,Rincon,31326,1100 Logistics Parkway,SAVANNAH LOCAL,GA,31408,46,3,2,0.043478260869565216,0,0.0,1,0.021739130434782608,0,0.0,0,0.0,1,0.021739130434782608,0,0.0,,,0,0,,1,Chino Hills Ncpc (CA) 2%,10,0.21739130434782608,36,3,3,33,0.9166666666666666,0.09478907900390915,845.9000000000001,807.0566666666667,90.35833333333333,0.2608695652173912,0.5217391304347825,0.5,1.0,,,0.0,1.0,,,,,1.0,1.0,2,True,misshipping
msbd_2w,msbd_su,2,429805,US AUTOFLY KAOLA LLC CA 91752,78357,US AUTOFLY KAOLA LLC,"CA,NJ",2,APS Home Improvement,Aria LI,CA,Jurupa Valley,91752,11201 Iberia St,WEST RIALTO,CA,92316,45,3,4,0.08888888888888889,0,0.0,1,0.022222222222222223,0,0.0,0,0.0,3,0.06666666666666667,0,0.0,,,0,0,,1,East Brunswick (NJ) 7%,2,0.044444444444444446,8,7,7,36,0.8372093023255814,-1.0132049143055935,1729.8088235294122,1708.9264705882354,430.0139534883721,0.9777777777777776,0.7555555555555553,0.75,0.75,,,0.0,1.0,,,,,1.0,0.6666666666666666,4,True,misshipping
msbd_2w,msbd_su,2,354098,Wuyouda-SAV-1,63465,"Ningbo Youyuan Import and Export Co., Ltd.","CA,GA,IL,NJ,NY,PA,TX",7,APS Home Improvement,Nicole Sun,GA,Ellabell,31308 ,1086 Oracal Parkway,SAVANNAH LOCAL,GA,31408,45,3,4,0.08888888888888889,0,0.0,0,0.0,0,0.0,0,0.0,4,0.08888888888888889,0,0.0,,,0,0,,3,East Brunswick (NJ) 4%; Rialto (CA) 2%; Fairless Hills (PA) 2%,0,0.0,45,11,11,34,0.7555555555555555,0.05281704412757876,748.93125,772.8241379310346,324.5888888888889,1.0,0.6444444444444443,1.0,0.75,,,,,,,,,1.0,0.75,4,True,misshipping
msbd_2w,msbd_su,2,352675,long yan shi shang lao wu mao yi you xian CA 94544,308256,long yan shi shang lao wu mao yi you xian gong si_1,"CA,FL,NY,OR,PA",5,APS Home Improvement,Asia Supplier Service Desk,CA,Hayward,94544,30963 San Benito St,HAYWARD,CA,94545,45,3,3,0.06666666666666667,0,0.0,0,0.0,0,0.0,0,0.0,3,0.06666666666666667,0,0.0,,,0,0,,1,Sanford (FL) 7%,3,0.06666666666666667,3,3,3,39,0.9285714285714286,-4.787426023573045,559.7749999999997,728.0780487804876,204.49285714285713,0.9111111111111112,0.7333333333333334,1.0,0.0,,,,,,,,,1.0,0.0,3,True,misshipping
msbd_2w,msbd_su,2,361463,Oriental Tree INC NJ 08554,88782,Oriental Tree INC,"CA,GA,NJ,TX",4,APS Home Improvement,Danica Guo,NJ,Florence,08554,"839 Railrod Ave, Florence NJ 08554",ROBBINSVILLE,NJ,8691,45,2,8,0.17777777777777778,0,0.0,4,0.08888888888888889,0,0.0,0,0.0,4,0.08888888888888889,0,0.0,,,0,0,,1,Rancho Cucamonga Ncpc (CA) 9%,0,0.0,28,16,12,33,0.7333333333333333,-0.24287072478828764,516.7,588.6444444444445,324.37333333333333,1.0,0.911111111111111,1.0,0.5,,,1.0,1.0,,,,,1.0,0.0,8,True,misshipping
msbd_2w,msbd_su,2,282036, XY-NJ,64001,Zhengzhou hanzhouboyang jinchukoumaoyiyouxiangongs,"CA,NJ",2,APS Housewares & More,Vivienne Hu,NJ,Bordentown ,08505,3280 US Highway 206 ,ROBBINSVILLE,NJ,8691,45,3,2,0.044444444444444446,0,0.0,0,0.0,0,0.0,0,0.0,2,0.044444444444444446,0,0.0,,,0,0,,1,Rialto (CA) 4%,0,0.0,34,26,3,42,0.9333333333333333,-1.1980164792266772,1128.9724999999996,1170.4236842105263,210.23333333333335,1.0,0.8666666666666666,1.0,0.0,,,,,,,,,1.0,0.0,2,True,misshipping
msbd_2w,msbd_su,2,325166,Dongguanshi Yaxin Dianzi Keji GA 30297,85042,Dongguanshi Yaxin Dianzi Keji Youxiangongsi,"CA,GA",2,APS Home Improvement,Asia Supplier Service Desk,GA,Buford,30518,2105 Buford Highway,BRASELTON,GA,30517,45,3,1,0.022222222222222223,0,0.0,0,0.0,0,0.0,0,0.0,1,0.022222222222222223,0,0.0,,,0,0,,1,West Rialto (CA) 2%,1,0.022222222222222223,38,36,1,43,0.9772727272727273,-1.4984579799537392,695.6,699.9242424242424,172.26363636363635,1.0,0.6888888888888889,1.0,0.0,,,,,,,,,1.0,0.0,1,True,misshipping
msbd_2w,msbd_su,2,31395,Vanity Art NY12204,22111,Vanity Art,"CA,NY,TX",3,Plumbing,Julia Johnson,NY,Menands,12204,21 Simmons Lane,MENANDS GFLA,NY,12204,45,3,3,0.06666666666666667,0,0.0,0,0.0,0,0.0,0,0.0,3,0.06666666666666667,0,0.0,,,0,0,,1,Irving (TX) 7%,5,0.1111111111111111,3,3,3,37,0.925,0.07553424077861635,695.2535714285714,629.4434782608696,126.06750000000004,0.5555555555555555,0.7333333333333333,1.0,0.3333333333333333,,,,,,,,,1.0,0.3333333333333333,3,True,misshipping
msbd_2w,msbd_su,2,291116,Shen Zhen Shi Wei Bai Ke Ji You Xian NJ 08036,80274,Shen Zhen Shi Wei Bai Ke Ji You Xian Gong Si,"CA,GA,NJ,TX",4,APS,Wendy Wang,NJ,Hainesport,08036,CO 100 Lawrence Blvd,CAMDEN,NJ,8007,45,3,1,0.022222222222222223,0,0.0,0,0.0,0,0.0,0,0.0,1,0.022222222222222223,0,0.0,,,0,0,,1,Austell (GA) 2%,4,0.08888888888888889,18,17,1,40,0.975609756097561,0.4704039234384578,774.3612903225807,793.5566666666666,34.942105263157885,0.911111111111111,0.5999999999999999,0.0,0.0,,,,,,,,,0.0,0.0,1,True,misshipping
msbd_2w,msbd_su,2,30385,A-America NC27295,2016,A-America,"NC,WA",2,Casegoods,Zichu Wang,NC,Lexington,27295,100 LFI Complex Lane,GREENSBORO LOCAL,NC,27284,45,3,1,0.022222222222222223,0,0.0,0,0.0,0,0.0,0,0.0,1,0.022222222222222223,0,0.0,,,0,0,,1,Seattle (WA) 2%,2,0.044444444444444446,43,1,1,42,0.9767441860465116,,547.8205882352943,517.175,94.06511627906976,0.7777777777777778,0.6000000000000001,1.0,0.0,,,,,,,,,1.0,0.0,1,True,misshipping
msbd_2w,msbd_su,2,454376,UK HONBAY LIMITED TX 77449,409190,UK HONBAY LIMITED,"CA,GA,NJ,TX",4,Upholstery,Asia Supplier Service Desk,TX,Katy,77449,2244 North Mason Road,HOUSTON LOCAL,TX,77433,45,3,1,0.022222222222222223,0,0.0,0,0.0,0,0.0,0,0.0,1,0.022222222222222223,0,0.0,,,0,0,,1,South Atlanta Ncpc (GA) 2%,1,0.022222222222222223,44,1,1,43,0.9772727272727273,0.4661002831917374,1101.7914285714282,1085.8028571428572,18.647727272727277,0.9555555555555556,0.6888888888888889,0.0,1.0,,,,,,,,,0.0,1.0,1,True,misshipping
msbd_2w,msbd_su,2,438529,"Ningbo Weifu Electronic Commerce Co., Ltd. TX 77494",60688,"Ningbo Weifu Electronic Commerce Co., Ltd.","CA,GA,IL,NJ,SC,TX",6,APS AEOF,Fiona Jiang,TX,KATY,77494,28119 KATY FWY,HOUSTON LOCAL,TX,77433,45,3,5,0.1111111111111111,0,0.0,2,0.044444444444444446,0,0.0,0,0.0,3,0.06666666666666667,0,0.0,,,0,0,,2,Braselton (GA) 4%; Diamond Bar Rsf (CA) 2%,1,0.022222222222222223,43,5,5,39,0.8863636363636364,0.6462142183560243,686.3499999999999,569.274358974359,162.1511627906977,0.8666666666666666,0.7777777777777777,0.4,0.6,,,0.0,0.0,,,,,0.6666666666666666,1.0,5,True,misshipping
msbd_2w,msbd_su,2,353094,shenzhenshi linenmaoyi youxiangongsi NJ 08512,172676,shenzhenshi linenmaoyi youxiangongsi,"CA,GA,NJ,PA,TX",5,APS K&D,Stella Yin,NJ,Cranbury,08512,44 Station Rd,PRINCETON,NJ,8810,45,3,1,0.022222222222222223,0,0.0,0,0.0,0,0.0,0,0.0,1,0.022222222222222223,0,0.0,,,0,0,,1,Richmond Hill Ncpc (GA) 2%,1,0.022222222222222223,44,7,4,40,0.9090909090909091,-0.22804139323573958,789.5088235294118,839.9352941176471,82.62272727272727,0.9777777777777776,0.7333333333333332,1.0,1.0,,,,,,,,,1.0,1.0,1,True,misshipping
msbd_2w,msbd_su,2,306379,XHD-NJ12-US,121567,Hong Kong Sumor Trading Company Limited,"CA,GA,IL,NJ,TX",5,APS Home Improvement,Evelyn Chen,NJ,Ewing  ,08618,1445 Lower Ferry Rd ,ROBBINSVILLE,NJ,8691,45,3,7,0.15555555555555556,0,0.0,0,0.0,1,0.022222222222222223,0,0.0,6,0.13333333333333333,0,0.0,,,0,0,,2,West Savannah  Ncpc (GA) 7%; Chicago (IL) 7%,1,0.022222222222222223,14,10,10,34,0.7727272727272727,0.43775714354219153,347.64827586206894,268.9931034482759,190.21860465116282,0.9111111111111108,0.711111111111111,0.8571428571428572,0.8571428571428572,,,,,0.0,0.0,,,1.0,1.0,7,True,misshipping
msbd_2w,msbd_su,2,502094,YOUTOO LIMITED MA 02780,497043,YOUTOO LIMITED,"CA,MA",2,APS Housewares & More,Asia Supplier Service Desk,MA,Taunton,02780,305 Constitution Dr,SEEKONK,MA,2771,45,3,9,0.2,0,0.0,0,0.0,0,0.0,0,0.0,9,0.2,0,0.0,,,0,0,,1,Santa Fe Springs (CA) 20%,1,0.022222222222222223,16,16,16,28,0.6363636363636364,-0.6698496345945134,1102.3032258064513,1325.2054054054051,1075.4545454545455,0.933333333333333,0.6444444444444445,0.8888888888888888,0.4444444444444444,,,,,,,,,0.8888888888888888,0.4444444444444444,9,True,misshipping
msbd_2w,msbd_su,2,476878,"Sleemon-Xilinmen Furniture co.,Ltd GA 31302",88620,"Sleemon-Xilinmen Furniture co.,Ltd","CA,GA,IL,NJ,TX",5,APS Upholstery,Naomi JI,GA,Bloomingdale,31302,"651 Bloomingdale Rd,Suite A,Bloomingdale,GA,31302",SAVANNAH LOCAL,GA,31408,44,3,7,0.1590909090909091,0,0.0,0,0.0,6,0.13636363636363635,0,0.0,1,0.022727272727272728,0,0.0,,,0,0,,1,Rialto (CA) 2%,0,0.0,40,7,7,37,0.8409090909090909,0.018358241374554937,1140.4621621621623,1116.605,189.55249999999998,1.0,0.7045454545454546,1.0,0.14285714285714288,,,,,1.0,0.0,,,1.0,1.0,7,True,misshipping
msbd_2w,msbd_su,2,455360,SLM-CA2,66461,"Aoodor (Ningbo) Tech CO.,LTD","CA,NJ,SC",3,APS Home Improvement,Asia Supplier Service Desk,CA,Ontario,91761,2501 E Guasti Rd,CHINO LOCAL,CA,91710,44,3,3,0.06818181818181818,0,0.0,0,0.0,0,0.0,0,0.0,3,0.06818181818181818,0,0.0,,,0,0,,2,Secaucus (NJ) 5%; East Brunswick (NJ) 2%,2,0.045454545454545456,42,3,3,39,0.9285714285714286,0.7378943311651638,1685.5028571428568,1516.5676470588235,198.65000000000003,0.9318181818181818,0.38636363636363635,1.0,0.3333333333333333,,,,,,,,,1.0,0.3333333333333333,3,True,misshipping
msbd_2w,msbd_su,2,469252,"Foshan Xiaoman Technology Co., Ltd. NJ 08512",363139,"Foshan Xiaoman Technology Co., Ltd.","CA,GA,NJ,TX",4,APS Youth,Emily Liao,NJ,CRANBURY,08512,"114 Melrich Rd, Suite A,B,C",PRINCETON,NJ,8810,44,3,1,0.022727272727272728,0,0.0,0,0.0,0,0.0,0,0.0,1,0.022727272727272728,0,0.0,,,0,0,,1,Arcadia (CA) 2%,0,0.0,44,35,35,9,0.20454545454545456,-1.887979608264019,245.26521739130433,1315.8249999999998,1480.7340909090904,1.0,0.5454545454545454,1.0,0.0,,,,,,,,,1.0,0.0,1,True,misshipping
msbd_2w,msbd_su,2,361293,USNJ2,287336,"Luoyang Xinrui Chuangpin Trading Co., Ltd","CA,GA,NJ,TX",4,APS Bedroom,Asia Supplier Service Desk,NJ,Linden,07036,700 Linden Logistics Wy,LINDEN,NJ,7036,44,3,1,0.022727272727272728,0,0.0,0,0.0,0,0.0,0,0.0,1,0.022727272727272728,0,0.0,,,0,0,,1,Industry (CA) 2%,2,0.045454545454545456,19,2,1,41,0.9761904761904762,0.2689700776987933,695.8821428571429,680.2857142857142,74.57380952380953,0.9545454545454546,0.6590909090909092,1.0,1.0,,,,,,,,,1.0,1.0,1,True,misshipping
msbd_2w,msbd_su,2,310269,GCNJ-NEW18N-08016,59450,EC EXPORT INC. NJ 08831,"CA,GA,NJ,PA,TX",5,APS,Ida Li,NJ,Burlington,08016,1620 River Road,ROBBINSVILLE,NJ,8691,44,2,6,0.13636363636363635,0,0.0,0,0.0,0,0.0,0,0.0,6,0.13636363636363635,0,0.0,,,0,0,,1,Fairless Hills (PA) 14%,1,0.022727272727272728,43,43,8,35,0.813953488372093,0.39660435036120234,774.8451612903226,555.15,457.1690476190477,0.9772727272727272,0.8636363636363635,1.0,0.8333333333333334,,,,,,,,,1.0,0.8333333333333334,6,True,misshipping
msbd_2w,msbd_su,2,75023,Farm On Table Inc CA91730,74031,Farm On Table Inc,"CA,GA,NJ,OH,PA,TX",6,APS,Naomi JI,CA,Rancho Cucamonga,91730,9120 Center Ave,WEST RIALTO,CA,92316,44,3,1,0.022727272727272728,0,0.0,0,0.0,0,0.0,0,0.0,1,0.022727272727272728,0,0.0,,,0,0,,1,South Dallas Rsf (TX) 2%,1,0.022727272727272728,43,2,2,41,0.9534883720930233,-0.8505158963174232,1397.4081081081083,1435.1222222222223,84.99069767441858,0.9772727272727272,0.7272727272727271,1.0,0.0,,,,,,,,,1.0,0.0,1,True,misshipping
msbd_2w,msbd_su,2,495154,DJ-IRWINDALE01-CA,200887,"HONG KONG TIANJIAN INDUSTRIAL DEVELOPMENT CO., LIMITED","CA,GA,NJ,TX",4,APS Home Improvement,Ida Li,CA,Vernon,90058,2965 East Vernon Avenue,LOS ANGELES,CA,90058,44,3,1,0.022727272727272728,0,0.0,0,0.0,0,0.0,0,0.0,1,0.022727272727272728,0,0.0,,,0,0,,1,Richmond Hill Ncpc (GA) 2%,4,0.09090909090909091,4,1,1,39,0.975,0.34140102321920496,1383.5138888888891,1458.9515151515154,64.9975,0.9318181818181814,0.7045454545454546,1.0,1.0,,,,,,,,,1.0,1.0,1,True,misshipping
msbd_2w,msbd_su,2,360638,SHENZHEN TIANSHUXING TECHNOLOGY CO LTD CAN3-90220,79674,SHENZHEN TIANSHUXING TECHNOLOGY CO LTD,"CA,GA,NJ,TX",4,APS Bedroom,Asia Supplier Service Desk,CA,Compton,90220,1714 S. Anderson Ave.,CARSON,CA,90746,44,3,2,0.045454545454545456,0,0.0,0,0.0,0,0.0,0,0.0,2,0.045454545454545456,0,0.0,,,0,0,,2,East Brunswick (NJ) 2%; South Dallas Rsf (TX) 2%,0,0.0,9,2,2,42,0.9545454545454546,0.3769051745866766,1740.8199999999997,1703.0628571428572,105.27727272727273,1.0,0.6590909090909091,1.0,1.0,,,,,,,,,1.0,1.0,2,True,misshipping
msbd_2w,msbd_su,2,305837,"HONG KONG LINGXIU TECHNOLOGY CO., LIMITED CA 91710",296453,"HONG KONG LINGXIU TECHNOLOGY CO., LIMITED","CA,GA,NJ",3,APS,Asia Supplier Service Desk,CA,Chino ,91710,13971 Yorba Ave,CHINO LOCAL,CA,91710,44,3,1,0.022727272727272728,0,0.0,0,0.0,0,0.0,0,0.0,1,0.022727272727272728,0,0.0,,,0,0,,1,Secaucus (NJ) 2%,1,0.022727272727272728,43,1,1,42,0.9767441860465116,0.9729321143186236,1994.7181818181816,1914.0060606060606,65.81162790697672,0.7045454545454545,0.5227272727272727,0.0,0.0,,,,,,,,,0.0,0.0,1,True,misshipping
msbd_2w,msbd_su,2,349519,weifangaiyanshangmaoyouxiangongsi CA 90670 (2),212536,weifangaiyanshangmaoyouxiangongsi,"CA,NJ",2,APS Outdoor,Moti Mao,CA,Santa Fe Springs,90670,12342 Hawkins St,SANTA FE SPRINGS,CA,90670,44,3,3,0.06818181818181818,0,0.0,0,0.0,0,0.0,0,0.0,3,0.06818181818181818,0,0.0,,,0,0,,1,Secaucus (NJ) 7%,4,0.09090909090909091,3,3,3,37,0.925,0.4835537279818304,1736.5135135135135,1614.6970588235295,207.8325,0.8636363636363636,0.5909090909090908,1.0,1.0,,,,,,,,,1.0,1.0,3,True,misshipping
msbd_2w,msbd_su,2,304856,"Hainan Chuangshiji Technology Co., Ltd NJ 08505",288386,"Hainan Chuangshiji Technology Co., Ltd","CA,GA,NJ,TX",4,APS,Iris Sang,NJ,Fieldsboro,08505,C/O 1183 Florence Rd,ROBBINSVILLE,NJ,8691,44,3,7,0.1590909090909091,0,0.0,0,0.0,0,0.0,0,0.0,7,0.1590909090909091,0,0.0,,,0,0,,4,Sugar Land (TX) 7%; Spring (TX) 5%; Diamond Bar Rsf (CA) 2%; West Savannah  Ncpc (GA) 2%,3,0.06818181818181818,40,7,7,34,0.8292682926829268,-0.21338365898678943,488.1486486486486,518.0083333333333,303.7,0.8181818181818182,0.6818181818181819,1.0,0.7142857142857143,,,,,,,,,1.0,0.7142857142857143,7,True,misshipping
msbd_2w,msbd_su,2,371441,Xiandangyingriyongpinyouxiangongsi NJ 08817,371434,Xiandangyingriyongpinyouxiangongsi,"CA,NJ,TX",3,Wayfair,Jynn Jiang,NJ,Edison,08817,30 Executive Avenue,WOODBRIDGE LOCAL,NJ,8832,44,3,6,0.13636363636363635,0,0.0,0,0.0,1,0.022727272727272728,0,0.0,5,0.11363636363636363,0,0.0,,,0,0,,2,Houston (TX) 7%; Chino (CA) 5%,0,0.0,44,7,7,37,0.8409090909090909,-0.3383772444270346,547.8029411764708,585.8257142857142,315.95681818181805,0.7727272727272725,0.7499999999999999,1.0,0.5,,,,,1.0,0.0,,,1.0,0.6,6,True,misshipping
msbd_2w,msbd_su,2,374825,"Ningbo Jimarkde Trading Co., Ltd. CA 91752",89483,"Ningbo Jimarkde Trading Co., Ltd.","CA,GA,NJ",3,APS Outdoor,Moti Mao,CA,Jurupa Valley,91752,3285 De Forest Cir,WEST RIALTO,CA,92316,43,2,7,0.16279069767441862,0,0.0,2,0.046511627906976744,0,0.0,0,0.0,5,0.11627906976744186,0,0.0,,,0,0,,2,Richmond Hill Ncpc (GA) 9%; West Savannah  Ncpc (GA) 2%,1,0.023255813953488372,41,9,9,33,0.7857142857142857,-1.387411226239824,636.9761904761904,824.2170731707317,523.452380952381,0.9767441860465114,0.7674418604651161,1.0,0.28571428571428575,,,1.0,1.0,,,,,1.0,0.0,7,True,misshipping
msbd_2w,msbd_su,2,357358,Calorful International LLC NJ 08505,88779,Calorful International LLC,"CA,GA,IL,NJ,TX,WA",6,APS Outdoor,Asia Supplier Service Desk,NJ,Bordentown,08505,201 Old York Road,ROBBINSVILLE,NJ,8691,43,3,9,0.20930232558139536,0,0.0,0,0.0,0,0.0,0,0.0,9,0.20930232558139536,0,0.0,,,0,0,,5,Romeoville Rsf (IL) 9%; West Rialto (CA) 5%; Rialto (CA) 2%; South Rialto - Ncpc (CA) 2%; Savannah (GA) 2%,2,0.046511627906976744,39,39,37,4,0.0975609756097561,0.6775579243862844,805.4000000000002,1075.2291666666665,1375.2804878048778,0.9767441860465115,0.767441860465116,1.0,1.0,,,,,,,,,1.0,1.0,9,True,misshipping
msbd_2w,msbd_su,2,371460,"Ningbo JiaZhe Technology Co.,Ltd SC 29927",371446,"Ningbo JiaZhe Technology Co.,Ltd","CA,NJ,SC,TX",4,Pet,Asia Supplier Service Desk,SC,Hardeeville,29927,359 Prospect Blvd,SAVANNAH LOCAL,GA,31408,43,3,3,0.06976744186046512,0,0.0,0,0.0,0,0.0,0,0.0,3,0.06976744186046512,0,0.0,,,0,0,,1,Diamond Bar Rsf (CA) 7%,2,0.046511627906976744,39,3,3,38,0.926829268292683,-2.3380832856284037,585.9270270270268,746.9864864864865,200.53076923076924,1.0,0.8604651162790697,1.0,0.0,,,,,,,,,1.0,0.0,3,True,misshipping
msbd_2w,msbd_su,2,363945,"Fuzhou Changle Shengchong E-Commerce Co., Ltd. GA 30519",290083,"Fuzhou Changle Shengchong E-Commerce Co., Ltd.","CA,GA,NJ,TX",4,APS Pet,Asia Supplier Service Desk,GA,Braselton,30517,370 Jesse Cronic Rd,BRASELTON,GA,30517,43,3,8,0.18604651162790697,0,0.0,0,0.0,1,0.023255813953488372,0,0.0,7,0.16279069767441862,0,0.0,,,0,0,,4,Chino Hills Ncpc (CA) 7%; South Houston (TX) 5%; Anaheim (CA) 2%; Robbinsville (NJ) 2%,0,0.0,43,39,11,32,0.7441860465116279,-0.5592384876812606,550.6125000000001,679.9766666666669,425.6232558139535,1.0,0.8372093023255813,1.0,0.75,,,,,1.0,1.0,,,1.0,0.7142857142857143,8,True,misshipping
msbd_2w,msbd_su,2,305754,Q-NJ-2,221756,Ning Bo Hao Mi Xin Xi Ke Ji You Xian Gong Si,"CA,GA,NJ,TX",4,APS,Yinan Du,NJ,Ewing ,08638,200 Kelsey Ave,ROBBINSVILLE,NJ,8691,43,3,1,0.023255813953488372,0,0.0,0,0.0,0,0.0,0,0.0,1,0.023255813953488372,0,0.0,,,0,0,,1,West Savannah  Ncpc (GA) 2%,0,0.0,1,1,1,42,0.9767441860465116,0.0723663806471622,819.3689655172412,812.1275862068966,17.544186046511623,0.9069767441860463,0.8604651162790699,1.0,1.0,,,,,,,,,1.0,1.0,1,True,misshipping
msbd_2w,msbd_su,2,225818,"YIWU QIANXIN IMPORTEXPORT CO.,LTD CA-Storm 91761 ",156977,"YIWU QIANXIN IMPORT&EXPORT CO.,LTD","CA,GA",2,APS,Asia Supplier Service Desk,CA,Montclair,91763,4039 State Street,INDUSTRY,CA,91789,43,3,6,0.13953488372093023,0,0.0,4,0.09302325581395349,0,0.0,0,0.0,2,0.046511627906976744,0,0.0,,,0,0,,2,Austell (GA) 2%; South Atlanta Ncpc (GA) 2%,1,0.023255813953488372,12,6,6,36,0.8571428571428571,0.6145165488177955,1969.664864864865,1746.0394736842102,279.4268292682927,0.9534883720930233,0.6976744186046512,1.0,1.0,,,1.0,1.0,,,,,1.0,1.0,6,True,misshipping
msbd_2w,msbd_su,2,465023,jinhuahengwendianzishangwuyouxiangongsi NJ 07008,464934,jinhuahengwendianzishangwuyouxiangongsi,"CA,GA,IL,NJ,TX",5,Wayfair,Asia Supplier Service Desk,NJ,Carteret,07008,1500 Blair Road,SOUTH CARTERET,NJ,7008,43,3,4,0.09302325581395349,0,0.0,0,0.0,0,0.0,0,0.0,4,0.09302325581395349,0,0.0,,,0,0,,2,South Atlanta Ncpc (GA) 7%; Chino Hills Ncpc (CA) 2%,0,0.0,43,4,4,39,0.9069767441860465,0.7037443312534071,689.0307692307694,499.011111111111,134.0,1.0,0.9767441860465115,1.0,0.75,,,,,,,,,1.0,0.75,4,True,misshipping
msbd_2w,msbd_su,2,450926,The Home Biz LLC TX 77507,275756,The Home Biz LLC,"CA,GA,NJ,TX",4,Casegoods,Prisha Mark,TX,"Pasadena,",77507,4330 Underwood Rd,BAYTOWN,TX,77521,43,3,3,0.06976744186046512,0,0.0,0,0.0,0,0.0,0,0.0,3,0.06976744186046512,0,0.0,,,0,0,,1,Anaheim (CA) 7%,0,0.0,42,3,3,40,0.9302325581395349,0.8621604481769485,855.3699999999999,737.885,151.58372093023257,1.0,0.9069767441860466,1.0,1.0,,,,,,,,,1.0,1.0,3,True,misshipping
msbd_2w,msbd_su,2,460802,LUOSIKEN INC. NJ 08810,309602,LUOSIKEN INC.,"CA,GA,NJ",3,APS Housewares & More,Asia Supplier Service Desk,NJ,Dayton,08810,1 Industrial Rd Suite 132 ,PRINCETON,NJ,8810,43,3,1,0.023255813953488372,0,0.0,0,0.0,0,0.0,0,0.0,1,0.023255813953488372,0,0.0,,,0,0,,1,Chino Hills Ncpc (CA) 2%,0,0.0,43,1,1,42,0.9767441860465116,-1.2046496125322892,882.3666666666668,929.6555555555552,78.48837209302324,1.0,0.7441860465116279,1.0,1.0,,,,,,,,,1.0,1.0,1,True,misshipping
msbd_2w,msbd_su,2,251242,SQL Technologies_1 GA 30542,247179,SQL Technologies_1,"CA,GA",2,Wayfair,Cheryl Lin,GA,Gainsville,30507,Boost Transport LLC 1673 Barber Road,BRASELTON,GA,30517,43,3,2,0.046511627906976744,0,0.0,0,0.0,1,0.023255813953488372,0,0.0,1,0.023255813953488372,0,0.0,,,0,0,,1,Arcadia (CA) 2%,8,0.18604651162790697,10,9,2,33,0.9428571428571428,-1.7917820424696456,619.5105263157894,737.1612903225808,105.75142857142856,0.8139534883720931,0.6046511627906977,1.0,0.0,,,,,1.0,0.0,,,1.0,0.0,2,True,misshipping
msbd_2w,msbd_su,2,210280,langfangouluolashangmaoyouxiangongsi CA2,209850,langfangouluolashangmaoyouxiangongsi,"CA,GA,NJ,TX",4,Casegoods,Asia Supplier Service Desk,CA,City Of Industry,91789,108 to 118 BREA CANYON RD,INDUSTRY,CA,91789,43,3,12,0.27906976744186046,0,0.0,1,0.023255813953488372,4,0.09302325581395349,0,0.0,7,0.16279069767441862,0,0.0,,,0,0,,3,South Dallas Rsf (TX) 9%; South Atlanta Ncpc (GA) 5%; East Brunswick (NJ) 2%,6,0.13953488372093023,37,19,17,20,0.5405405405405406,-0.15767257288099087,1748.466666666667,1562.4,1050.06,0.9534883720930233,0.6511627906976744,1.0,1.0,,,1.0,1.0,1.0,1.0,,,1.0,1.0,12,True,misshipping
msbd_2w,msbd_su,2,333014,BeiHe-CA-006,305997,Ning Bo Rui Yi Ri Yong Pin You Xian Gong Si,"CA,IL,NJ,TX",4,APS Housewares & More,Asia Supplier Service Desk,CA,Ontario,91764,5007 Ontario Mills Pkwy ,CHINO LOCAL,CA,91710,43,3,7,0.16279069767441862,0,0.0,0,0.0,0,0.0,0,0.0,7,0.16279069767441862,0,0.0,,,0,0,,3,South Chicago (IL) 9%; Princeton (NJ) 5%; Metuchen (NJ) 2%,1,0.023255813953488372,42,10,10,32,0.7619047619047619,0.5680163188948653,1601.642857142857,1332.368571428572,571.8261904761904,1.0,0.8837209302325582,1.0,1.0,,,,,,,,,1.0,1.0,7,True,misshipping
msbd_2w,msbd_su,2,331092,Shanghai Kasituo Keji Youxiangong MD 21921,331083,"Shanghai Castor Technology Co., Ltd.","CA,GA,MD,NJ,TX",5,APS Bedroom,Ivy Mao,MD,elkton,21921,1003 konica drive,NEW CASTLE,DE,19720,43,3,6,0.13953488372093023,0,0.0,0,0.0,0,0.0,0,0.0,6,0.13953488372093023,0,0.0,,,0,0,,2,Spring (TX) 9%; West Savannah  Ncpc (GA) 5%,9,0.20930232558139536,34,34,6,28,0.8235294117647058,0.07002156202360639,939.5589743589745,901.6541666666666,266.3323529411765,0.7441860465116278,0.5348837209302325,1.0,0.6666666666666666,,,,,,,,,1.0,0.6666666666666666,6,True,misshipping
msbd_2w,msbd_su,2,148465,Zoxou Inc. CA 92571,30987,FlexiSpot Inc,"CA,GA,IL,NJ,PA,SC,TN,TX",8,APS,Fiona Jiang,CA,Perris,92571,728 W Rider St,RIALTO LOCAL,CA,92316,43,3,1,0.023255813953488372,0,0.0,0,0.0,0,0.0,0,0.0,1,0.023255813953488372,0,0.0,,,0,0,,1,Fairless Hills (PA) 2%,0,0.0,43,1,3,40,0.9302325581395349,-0.03618746292268149,461.6179487179487,481.06666666666666,80.20465116279071,1.0,0.8139534883720928,1.0,1.0,,,,,,,,,1.0,1.0,1,True,misshipping
msbd_2w,msbd_su,2,475674,Hong Kong Comfortable Home Technology Limited GA 30354,344172,Hong Kong Comfortable Home Technology Limited,"CA,GA,NJ",3,APS Upholstery,Estrella Wang,GA,Atlanta,30354,"3600 Southside Industrial Pkwy, Atlanta, GA 30354",SOUTH ATLANTA,GA,30294,43,3,3,0.06976744186046512,0,0.0,1,0.023255813953488372,0,0.0,0,0.0,2,0.046511627906976744,0,0.0,,,0,0,,1,Rialto (CA) 5%,2,0.046511627906976744,41,4,4,37,0.9024390243902439,-0.7117819671577077,621.2500000000002,708.2878048780487,209.65853658536588,0.7209302325581393,0.3255813953488372,0.6666666666666667,0.0,,,0.0,0.0,,,,,1.0,0.0,3,True,misshipping
msbd_2w,msbd_su,2,356122,GA4/31405,295670,Barhull Industry. LLC,"CA,GA,IL,NJ,PA,TX",6,APS Bedroom,Asia Supplier Service Desk,GA,Savannah ,31405,101 Feldspar Drive,SAVANNAH LOCAL,GA,31408,43,3,1,0.023255813953488372,0,0.0,0,0.0,0,0.0,0,0.0,1,0.023255813953488372,0,0.0,,,0,0,,1,Lehigh Valley (PA) 2%,1,0.023255813953488372,42,1,1,41,0.9761904761904762,-0.5021969501163094,330.06190476190477,340.72195121951216,36.13809523809523,0.8372093023255814,0.7441860465116279,1.0,1.0,,,,,,,,,1.0,1.0,1,True,misshipping
msbd_2w,msbd_su,2,503983,ningboxuxindianzishangwuyouxiangongsi TX 77521,286148,ningboxuxindianzishangwuyouxiangongsi,"CA,GA,NJ,PA,TX",5,APS Outdoor,David Liu,TX,Baytown,77521,1770 East Freeway Services Rd,BAYTOWN,TX,77521,43,3,8,0.18604651162790697,0,0.0,0,0.0,0,0.0,0,0.0,8,0.18604651162790697,0,0.0,,,0,0,,4,Richmond Hill Ncpc (GA) 12%; East Brunswick (NJ) 2%; Rancho Cucamonga Ncpc (CA) 2%; Arcadia (CA) 2%,0,0.0,35,13,13,30,0.6976744186046512,-0.23760010599438933,945.683333333333,1107.5028571428572,356.5767441860465,0.9069767441860466,0.7906976744186046,0.875,0.875,,,,,,,,,0.875,0.875,8,True,misshipping
msbd_2w,msbd_su,2,3974,ET2 GA- 30336,3230,ET2,"CA,GA",2,Lighting,Greer Long,GA,Peachtree City,30269,101 Gardner Park,EAST POINT,GA,30344,43,3,7,0.16279069767441862,0,0.0,0,0.0,0,0.0,0,0.0,7,0.16279069767441862,0,0.0,,,0,0,,2,Arcadia (CA) 14%; Carson (CA) 2%,2,0.046511627906976744,38,10,10,31,0.7560975609756098,-2.2220708172209798,609.5759999999998,961.352777777778,585.0999999999999,0.9767441860465116,0.6976744186046513,1.0,0.5714285714285714,,,,,,,,,1.0,0.5714285714285714,7,True,misshipping
msbd_2w,msbd_su,2,406474,Right Way Light LLC CA 92509,69210,Right Way Light LLC,"CA,GA,NJ",3,APS Home Improvement,Icey Wang,CA,Riverside,92509,12249 Holly Street,RIALTO LOCAL,CA,92316,42,3,12,0.2857142857142857,0,0.0,0,0.0,0,0.0,0,0.0,12,0.2857142857142857,0,0.0,,,0,0,,1,East Brunswick (NJ) 29%,2,0.047619047619047616,37,13,13,27,0.675,0.7264973234592829,1412.5235294117647,781.239393939394,969.591891891892,1.0,0.7857142857142855,1.0,1.0,,,,,,,,,1.0,1.0,12,True,misshipping
msbd_2w,msbd_su,2,459750,CUBE OFFICE FURNITURE LTD. NJ 08016,266450,CUBE OFFICE FURNITURE LTD.,"CA,GA,IL,NJ,PA,TX",6,APS Wayfair Professional,Fiona Jiang,NJ,Burlington,08016,"1900B River Rd, Burlington, NJ 08016",ROBBINSVILLE,NJ,8691,42,3,5,0.11904761904761904,0,0.0,0,0.0,0,0.0,0,0.0,5,0.11904761904761904,0,0.0,,,0,0,,2,Fairless Hills (PA) 10%; Lehigh Valley (PA) 2%,2,0.047619047619047616,37,35,5,35,0.875,0.8088551065957191,569.1333333333333,275.1382352941176,364.29999999999995,0.9285714285714283,0.8809523809523808,0.6,1.0,,,,,,,,,0.6,1.0,5,True,misshipping
msbd_2w,msbd_su,2,509873,weikan(wuxi)wangluokejiyouxiangongsi CA 92337,431719,weikan(wuxi)wangluokejiyouxiangongsi,"CA,GA,IL,NJ,TX",5,APS Home Improvement,Asia Supplier Service Desk,CA,Fontana,92337,13611 Jurupa Ave,WEST RIALTO,CA,92316,42,3,4,0.09523809523809523,0,0.0,0,0.0,1,0.023809523809523808,0,0.0,3,0.07142857142857142,0,0.0,,,0,0,,2,Houston (TX) 5%; Romeoville Rsf (IL) 2%,0,0.0,42,4,4,38,0.9047619047619048,-0.5868089613372123,830.0054054054052,845.9416666666667,195.21190476190472,0.9523809523809523,0.8809523809523806,1.0,1.0,,,,,1.0,1.0,,,1.0,1.0,4,True,misshipping
msbd_2w,msbd_su,2,295762,"Yiwu Binsai Import and Export Co., Ltd. NJ 08817",273078,"Yiwu Binsai Import and Export Co., Ltd.","CA,GA,NJ,TX",4,APS,Amber Xiang,NJ,Edison,08817,330 Cedar Lane,WOODBRIDGE LOCAL,NJ,8832,42,3,3,0.07142857142857142,0,0.0,0,0.0,2,0.047619047619047616,0,0.0,1,0.023809523809523808,0,0.0,,,0,0,,1,Richmond Hill Ncpc (GA) 2%,6,0.14285714285714285,35,4,3,33,0.9166666666666666,0.1574946371087598,945.9142857142857,965.3214285714286,75.10571428571427,0.5238095238095238,0.4523809523809524,0.6666666666666666,0.3333333333333333,,,,,1.0,0.5,,,0.0,0.0,3,True,misshipping
msbd_2w,msbd_su,2,370962,Lifestyle Furniture Inc NJ 08831,53951,Lifestyle Furniture Inc,"CA,IL,MD,NJ,TX,WA",6,Upholstery,Oscar Li,NJ,Monroe Township,08831,4 South Middlesex  Ave,PRINCETON,NJ,8810,42,3,3,0.07142857142857142,0,0.0,0,0.0,0,0.0,0,0.0,3,0.07142857142857142,0,0.0,,,0,0,,2,Industry (CA) 5%; Diamond Bar Rsf (CA) 2%,2,0.047619047619047616,34,34,34,6,0.15,-3.1160780999110846,214.1,2658.5444444444443,2301.665,0.9523809523809524,0.45238095238095233,1.0,1.0,,,,,,,,,1.0,1.0,3,True,misshipping
msbd_2w,msbd_su,2,334612,"XinghuaFeixiTradingCo.,Ltd CA3-92337",334599,"Xinghua Feixi Trading Co., Ltd","CA,GA,NJ,NY,TX",5,Wayfair,Asia Supplier Service Desk,CA,Fontana,92337,10850 Business Dr,WEST RIALTO,CA,92316,41,3,3,0.07317073170731707,0,0.0,0,0.0,2,0.04878048780487805,0,0.0,1,0.024390243902439025,0,0.0,,,0,0,,1,South Dallas Rsf (TX) 2%,2,0.04878048780487805,38,1,3,36,0.9230769230769231,0.03273132347600562,1806.5700000000004,1853.2812499999998,84.30000000000001,0.951219512195122,0.6585365853658537,1.0,0.6666666666666666,,,,,1.0,0.5,,,1.0,1.0,3,True,misshipping
msbd_2w,msbd_su,2,325419,"Shenzhen Jize Furniture Co., Ltd CA 91762",318680,"Shenzhen Jize Furniture Co., Ltd","CA,GA,NJ,TX",4,APS Bedroom,Asia Supplier Service Desk,CA,Ontario,91762,4773 Euclid Ave,CHINO LOCAL,CA,91710,41,3,3,0.07317073170731707,0,0.0,1,0.024390243902439025,1,0.024390243902439025,0,0.0,1,0.024390243902439025,0,0.0,,,0,0,,1,South Atlanta Ncpc (GA) 2%,0,0.0,41,5,5,36,0.8780487804878049,0.7608127429650018,882.2236842105262,853.3810810810809,316.519512195122,1.0,0.9268292682926828,1.0,0.6666666666666666,,,1.0,1.0,1.0,0.0,,,1.0,1.0,3,True,misshipping
msbd_2w,msbd_su,2,516671,Shenzhen KBOOS Creative Ltd. CA 91752,219963,Shenzhen KBOOS Creative Ltd.,"CA,NJ",2,APS AEOF,Asia Supplier Service Desk,CA,Eastvale,91752,2653 S Milliken Ave,WEST RIALTO,CA,92316,41,3,1,0.024390243902439025,0,0.0,0,0.0,0,0.0,0,0.0,1,0.024390243902439025,0,0.0,,,0,0,,1,South Carteret (NJ) 2%,4,0.0975609756097561,37,1,1,36,0.972972972972973,-4.489725236665897,1466.4441176470589,1569.5645161290317,95.82702702702704,0.951219512195122,0.6585365853658537,1.0,0.0,,,,,,,,,1.0,0.0,1,True,misshipping
msbd_2w,msbd_su,2,85769,Vanity Art TX75234,22111,Vanity Art,"CA,NY,TX",3,Plumbing,Julia Johnson,TX,Farmers Branch,75234,2261 Morgan Parkway,IRVING,TX,75062,41,3,2,0.04878048780487805,0,0.0,0,0.0,0,0.0,0,0.0,2,0.04878048780487805,0,0.0,,,0,0,,1,Menands Gfla (NY) 5%,1,0.024390243902439025,2,2,2,38,0.95,0.16132000581169958,1106.0708333333332,1087.5079999999998,86.20000000000002,0.9512195121951219,0.7317073170731706,0.5,0.5,,,,,,,,,0.5,0.5,2,True,misshipping
msbd_2w,msbd_su,2,289753,Charming Collections LLC GA 31326,281098,Charming Collections LLC,"CA,GA,NJ,TX",4,Outdoor Furniture,Supplier Service Desk,GA,Rincon,31326,1600 General way,SAVANNAH LOCAL,GA,31408,41,3,5,0.12195121951219512,0,0.0,0,0.0,1,0.024390243902439025,0,0.0,4,0.0975609756097561,0,0.0,,,0,0,,3,Rialto (CA) 5%; South Rialto - Ncpc (CA) 2%; Rancho Cucamonga Ncpc (CA) 2%,5,0.12195121951219512,36,8,8,28,0.7777777777777778,-0.04384478536740362,667.1564102564103,585.7558823529413,305.80277777777775,0.6829268292682925,0.6097560975609755,0.8,0.8,,,,,0.0,0.0,,,1.0,1.0,5,True,misshipping
msbd_2w,msbd_su,2,478717,"Suneegn Co., Limited CA 91733",355755,"Suneegn Co., Limited","CA,IL,MA,NJ,NY",5,APS Soft Home,Asia Supplier Service Desk,CA,S El Monte,91733,10746 Rush St ,ARCADIA,CA,91006,41,3,14,0.34146341463414637,0,0.0,0,0.0,2,0.04878048780487805,0,0.0,12,0.2926829268292683,0,0.0,,,0,0,,1,Long Island (NY) 29%,0,0.0,30,25,30,11,0.2682926829268293,-1.7894891973277554,640.5638888888889,1770.6363636363637,1723.4,0.7560975609756095,0.5853658536585367,0.6428571428571428,0.5,,,,,1.0,1.0,,,0.5833333333333333,0.4166666666666667,14,True,misshipping
msbd_2w,msbd_su,2,302076,Yiwu Youxi Electronic Commerce CA 91761,98141,Yiwu Youxi Electronic Commerce Co. Ltd,"CA,GA,NJ,TX",4,APS Outdoor,Amber Xiang,CA,Ontario,91761,1521 E Francis St Ontario CA 91761,CHINO LOCAL,CA,91710,41,2,3,0.07317073170731707,0,0.0,0,0.0,0,0.0,0,0.0,3,0.07317073170731707,0,0.0,,,0,0,,2,Richmond Hill Ncpc (GA) 5%; Robbinsville (NJ) 2%,2,0.04878048780487805,39,6,6,33,0.8461538461538461,0.5708884383597468,1043.366666666667,968.5703703703703,411.47948717948714,1.0,0.9024390243902437,1.0,1.0,,,,,,,,,1.0,1.0,3,True,misshipping
msbd_2w,msbd_su,2,475964,Lucky Lighting NJ  07305,303633,Lucky Lighting,"CA,GA,NJ,RI,TX",5,APS Home Improvement,Asia Supplier Service Desk,NJ,Jersey City,07305,99 Caven Point Road,SECAUCUS,NJ,7307,41,3,4,0.0975609756097561,0,0.0,0,0.0,0,0.0,0,0.0,4,0.0975609756097561,0,0.0,,,0,0,,2,Hayward (CA) 5%; Savannah Local (GA) 5%,0,0.0,5,4,4,37,0.9024390243902439,0.30634499428148426,1084.4576923076922,937.5962962962964,190.37948717948717,0.951219512195122,0.8536585365853658,0.5,0.75,,,,,,,,,0.5,0.75,4,True,misshipping
msbd_2w,msbd_su,2,150030, Winmore master INC CA 91730,66594,Winmore master INC,"CA,GA,NJ,TX",4,Outdoor Furniture,Isha Singh,CA,Cucamonga,91730,9449 8th St Rancho,WEST RIALTO,CA,92316,41,3,10,0.24390243902439024,0,0.0,0,0.0,0,0.0,0,0.0,10,0.24390243902439024,0,0.0,,,0,0,,3,West Savannah  Ncpc (GA) 15%; Richmond Hill Ncpc (GA) 7%; East Brunswick (NJ) 2%,2,0.04878048780487805,38,15,15,24,0.6153846153846154,0.6955775232383006,1744.6625,1292.5870967741935,1001.8368421052635,1.0,0.6829268292682927,1.0,1.0,,,,,,,,,1.0,1.0,10,True,misshipping
msbd_2w,msbd_su,2,318201,ningbogangwanhuwaiyongpinyouxiegongsi GA 31326,203295,ningbogangwanhuwaiyongpinyouxiegongsi,"CA,GA,NJ,TX",4,APS Bedroom,Asia Supplier Service Desk,GA,Rincon,31326,1100 Logistics Parkway,SAVANNAH LOCAL,GA,31408,41,3,3,0.07317073170731707,0,0.0,0,0.0,2,0.04878048780487805,0,0.0,1,0.024390243902439025,0,0.0,,,0,0,,1,Houston (TX) 2%,0,0.0,41,12,12,29,0.7073170731707317,0.12216430511709851,710.3454545454546,655.9645161290323,142.09024390243908,0.9024390243902436,0.7804878048780486,0.33333333333333337,0.33333333333333337,,,,,0.0,0.0,,,1.0,1.0,3,True,misshipping
msbd_2w,msbd_su,2,444665,"Hangzhou Tingyun International Trading Co., Ltd. GA 31326",431646,"Hangzhou Tingyun International Trading Co., Ltd.","CA,GA,NJ,PA,TX",5,Outdoor Furniture,,GA,Rincon,31326,1100 Logistics Parkway,SAVANNAH LOCAL,GA,31408,41,3,6,0.14634146341463414,0,0.0,2,0.04878048780487805,2,0.04878048780487805,0,0.0,2,0.04878048780487805,0,0.0,,,0,0,,1,Houston (TX) 5%,1,0.024390243902439025,40,11,11,29,0.725,-0.1645142294139964,682.059375,685.7250000000001,147.835,0.9756097560975608,0.7804878048780486,1.0,1.0,,,1.0,1.0,1.0,1.0,,,1.0,1.0,6,True,misshipping
msbd_2w,msbd_su,2,106785,"Longzhaoxin Furniture Co., Ltd. CA 91710",59929,"Longzhaoxin Furniture Co., Ltd.","CA,GA,NJ",3,APS,Eve Deng,NJ,Avenel,07001,6AB Terminal Way,SOUTH CARTERET,NJ,7008,41,3,7,0.17073170731707318,0,0.0,0,0.0,0,0.0,0,0.0,7,0.17073170731707318,0,0.0,,,0,0,,4,Arcadia (CA) 10%; Richmond Hill Ncpc (GA) 2%; West Savannah  Ncpc (GA) 2%; Santa Fe Springs (CA) 2%,4,0.0975609756097561,37,10,10,27,0.7297297297297297,-1.2076885766952614,714.93125,1075.3344827586207,646.1810810810812,0.8780487804878049,0.5365853658536585,1.0,0.2857142857142857,,,,,,,,,1.0,0.2857142857142857,7,True,misshipping
msbd_2w,msbd_su,2,349383,Bella Depot Inc. GA 31322,34959,Bella Depot Inc.,"CA,GA,NJ,TX",4,APS Home Improvement,Emma Wang,GA,Pooler,31322,133 Coleman Blvd,SAVANNAH LOCAL,GA,31408,41,3,11,0.2682926829268293,0,0.0,0,0.0,10,0.24390243902439024,0,0.0,1,0.024390243902439025,0,0.0,,,0,0,,1,Rialto (CA) 2%,0,0.0,41,15,19,22,0.5365853658536586,-0.2335629095192454,680.6702702702701,713.0218749999999,247.34390243902442,0.951219512195122,0.8780487804878049,0.9090909090909091,0.7272727272727272,,,,,0.8999999999999999,0.8,,,1.0,0.0,11,True,misshipping
msbd_2w,msbd_su,2,229181,Hebei Xiong an Aibike Technology Co Ltd NJ2,135780,Hebei Xiong an Aibike Technology Co Ltd,"CA,GA,NJ,TX",4,APS K&D,Carol Li,NJ,Dayton,08810,121 Herrod Blvd,PRINCETON,NJ,8810,41,3,3,0.07317073170731707,0,0.0,0,0.0,0,0.0,0,0.0,3,0.07317073170731707,0,0.0,,,0,0,,1,South Dallas Rsf (TX) 7%,5,0.12195121951219512,36,16,13,23,0.6388888888888888,-0.418079520033125,492.71666666666664,1022.6347826086957,710.9111111111113,0.3414634146341464,0.8048780487804877,0.6666666666666667,1.0,,,,,,,,,0.6666666666666667,1.0,3,True,misshipping
msbd_2w,msbd_su,2,270761,Chengdu Dingli Network Technology TX 77067,90793,Chengdu Dingli Network Technology Co Ltd,"CA,GA,IL,NJ,TX",5,APS Home Improvement,Asia Supplier Service Desk,TX,Houston,77067,11142 Beltline Road,SPRING,TX,77388,41,3,2,0.04878048780487805,0,0.0,1,0.024390243902439025,0,0.0,0,0.0,1,0.024390243902439025,0,0.0,,,0,0,,1,East Brunswick (NJ) 2%,1,0.024390243902439025,3,3,3,37,0.925,0.33902237254677714,652.8818181818181,676.0608695652173,105.32000000000006,0.951219512195122,0.7317073170731707,0.5,0.5,,,1.0,1.0,,,,,0.0,0.0,2,True,misshipping
msbd_2w,msbd_su,2,297389, WEGA5,75517,Amzmos,"CA,GA,NJ",3,APS AEOF,Nora Li,GA,Port Wentwort,31407,302 International Trade Pkwy,SAVANNAH LOCAL,GA,31408,40,3,3,0.075,0,0.0,1,0.025,1,0.025,0,0.0,1,0.025,0,0.0,,,0,0,,1,Rancho Cucamonga Ncpc (CA) 3%,3,0.075,35,4,4,33,0.8918918918918919,0.05896238696656797,776.2285714285714,730.0294117647059,137.2942857142857,1.0,0.825,1.0,0.6666666666666667,,,1.0,1.0,1.0,0.0,,,1.0,1.0,3,True,misshipping
msbd_2w,msbd_su,2,359136,Nanjing zhihuo wangluokejiyouxiangongsi NJ 08854,353757,Nanjing zhihuo wangluokejiyouxiangongsi,"CA,GA,NJ,TX",4,Grills,Asia Supplier Service Desk,NJ,Middlesex County,08854,1570 S. Washington Avenue,WOODBRIDGE LOCAL,NJ,8832,40,3,6,0.15,0,0.0,0,0.0,0,0.0,0,0.0,6,0.15,0,0.0,,,0,0,,1,Houston (TX) 15%,3,0.075,37,37,12,25,0.6756756756756757,0.5568218335006063,754.257142857143,562.657142857143,577.7111111111109,0.9,0.825,1.0,1.0,,,,,,,,,1.0,1.0,6,True,misshipping
msbd_2w,msbd_su,2,285518,Man Xin Liu (Hangzhou) Cross Border E CA 91761,156906,Man Xin Liu (Hangzhou) Cross Border E-commerce LTD,"CA,GA,NJ,TX",4,APS Youth,Asia Supplier Service Desk,CA,Fontana,92337,16171 Slover Avenue,WEST RIALTO,CA,92316,40,3,4,0.1,0,0.0,0,0.0,0,0.0,0,0.0,4,0.1,0,0.0,,,0,0,,2,Spring (TX) 5%; West Savannah  Ncpc (GA) 5%,2,0.05,37,5,5,33,0.868421052631579,0.7216807852913256,1099.1029411764707,880.8967741935484,286.93243243243245,0.975,0.8250000000000001,1.0,1.0,,,,,,,,,1.0,1.0,4,True,misshipping
msbd_2w,msbd_su,2,491615,SHENZHEN TIANSHUXING TECHNOLOGY CO LTD NJ 08527,79674,SHENZHEN TIANSHUXING TECHNOLOGY CO LTD,"CA,GA,NJ,TX",4,APS Bedroom,Asia Supplier Service Desk,NJ,Jackson Township,08527,543 Monmouth Rd. ,ROBBINSVILLE,NJ,8691,40,2,9,0.225,0,0.0,0,0.0,0,0.0,0,0.0,9,0.225,0,0.0,,,0,0,,3,Burbank (CA) 15%; Chino (CA) 5%; Chino Hills Ncpc (CA) 3%,0,0.0,38,35,16,24,0.6,-1.7085172654553729,770.1472222222222,1426.01935483871,1098.1179487179486,0.9499999999999998,0.6249999999999999,1.0,0.5555555555555556,,,,,,,,,1.0,0.5555555555555556,9,True,misshipping
msbd_2w,msbd_su,2,364902,LC-CA008,320790,hang zhou gong lian jin chu kou you xian gong si,"CA,GA,NJ,TX",4,APS Outdoor,Amber Xiang,CA,Fontana,92337,10525 Redwood Avenue,WEST RIALTO,CA,92316,40,3,1,0.025,0,0.0,0,0.0,0,0.0,0,0.0,1,0.025,0,0.0,,,0,0,,1,East Brunswick (NJ) 3%,2,0.05,38,2,2,36,0.9473684210526315,-0.10844581565753945,763.013157894737,778.1297297297299,143.54210526315788,0.8999999999999997,0.7000000000000002,1.0,0.0,,,,,,,,,1.0,0.0,1,True,misshipping
msbd_2w,msbd_su,2,93802,Duhome Inc MI 48180 (1),46855,Duhome Inc,"CA,MI,NJ",3,APS,Carol Li,MI,Taylor,48180,21010 Trolley Industrial Dr,VAN BUREN,MI,48111,40,1,6,0.15,0,0.0,0,0.0,0,0.0,0,0.0,6,0.15,0,0.0,,,0,0,,2,Arcadia (CA) 10%; Woodbridge (NJ) 5%,0,0.0,39,39,39,1,0.025,-2.0662326965268276,400.82,1929.9161290322581,1805.6256410256415,0.9500000000000001,0.2999999999999999,1.0,0.33333333333333337,,,,,,,,,1.0,0.33333333333333337,6,True,misshipping
msbd_2w,msbd_su,2,476377,Uber Bazaar Inc NJ 07005,269112,Uber Bazaar Inc,"AR,CA,CO,MD,MS,NC,NJ,NY,TX,VA",10,Lighting,Supplier Service Desk,NJ,BOONTON,07005,"1 MARS CT., UNIT 1-2",WAYNE,NJ,7470,40,3,1,0.025,0,0.0,0,0.0,0,0.0,0,0.0,1,0.025,0,0.0,,,0,0,,1,Jackson (MS) 3%,0,0.0,39,39,39,1,0.025,,182.89259259259262,1545.3999999999999,1621.5725,0.9749999999999998,0.6249999999999999,1.0,1.0,,,,,,,,,1.0,1.0,1,True,misshipping
msbd_2w,msbd_su,2,503737,Dongguanshipanhuakejiyouxiangongsi NJ 07036,408410,Dongguanshipanhuakejiyouxiangongsi,"CA,GA,NJ",3,APS Home Improvement,Asia Supplier Service Desk,NJ,Linden,07036,"Building E, 500 Linden Logistics Way",LINDEN,NJ,7036,40,3,3,0.075,0,0.0,0,0.0,0,0.0,0,0.0,3,0.075,0,0.0,,,0,0,,1,Rancho Cucamonga Ncpc (CA) 8%,2,0.05,38,17,12,26,0.6842105263157895,-1.8197838729481715,494.7793103448275,1146.5862068965514,811.9736842105265,0.9749999999999998,0.7,1.0,0.0,,,,,,,,,1.0,0.0,3,True,misshipping
msbd_2w,msbd_su,2,352330,"Shenzhen Haoding Technology Co., Ltd CA 92337",352055,"Shenzhen Haoding Technology Co., Ltd","CA,GA,NJ",3,Wayfair,Asia Supplier Service Desk,CA,Fontana,92337,11281 CITRUS AVE,WEST RIALTO,CA,92316,40,3,2,0.05,0,0.0,1,0.025,0,0.0,0,0.0,1,0.025,0,0.0,,,0,0,,1,Woodbridge (NJ) 3%,1,0.025,29,3,3,36,0.9230769230769231,0.25137717713663676,1115.368421052632,1084.7514285714285,220.67948717948718,0.9249999999999999,0.55,0.5,0.5,,,0.0,0.0,,,,,1.0,1.0,2,True,misshipping
msbd_2w,msbd_su,2,469331,Fuging Wenhua Trading Co. Ltd. TX 77041,461859,Fuging Wenhua Trading Co. Ltd.,"CA,NJ,TX",3,Wayfair,Supplier Service Desk,TX,HOUSTON,77041,7120 Brittmoore Road Suite 400,NORTH HOUSTON,TX,77041,40,3,13,0.325,0,0.0,0,0.0,0,0.0,0,0.0,13,0.325,0,0.0,,,0,0,,4,Princeton (NJ) 23%; West Rialto (CA) 5%; Arcadia (CA) 3%; Robbinsville (NJ) 3%,2,0.05,24,24,24,14,0.3684210526315789,-0.4837699508779458,807.0783783783785,1340.657142857143,1008.3368421052635,0.8999999999999998,0.525,0.7692307692307692,0.23076923076923075,,,,,,,,,0.7692307692307692,0.23076923076923075,13,True,misshipping
msbd_2w,msbd_su,2,43668,Serta National MD 20785,924,Serta National,"MD,MI,NC,OK,TN,TX,UT,WA,WI",9,Mattress,Keegan Kerr,MD,Hyattsville,20785,8415 Ardwick Ardmore Rd,UPPER MARLBORO,MD,20774,40,3,1,0.025,0,0.0,0,0.0,0,0.0,0,0.0,1,0.025,0,0.0,,,0,0,,1,Concord (NC) 3%,3,0.075,35,35,33,4,0.10810810810810811,0.563997139792635,217.72,553.8937499999998,443.75277777777774,0.825,0.5749999999999998,1.0,1.0,,,,,,,,,1.0,1.0,1,True,misshipping
msbd_2w,msbd_su,2,414322,SLM Warehousing TX2 (Baytown),288386,"Hainan Chuangshiji Technology Co., Ltd","CA,GA,NJ,TX",4,APS Bedroom,Iris Sang,TX,Baytown,77521,1770 East Freeway Service Rd,BAYTOWN,TX,77521,40,3,6,0.15,0,0.0,0,0.0,0,0.0,0,0.0,6,0.15,0,0.0,,,0,0,,3,East Brunswick (NJ) 8%; Rancho Cucamonga Ncpc (CA) 5%; Rialto (CA) 3%,2,0.05,31,8,8,30,0.7894736842105263,0.5941781826025276,999.7485714285715,876.8500000000001,339.64999999999986,0.9749999999999998,0.675,1.0,0.8333333333333334,,,,,,,,,1.0,0.8333333333333334,6,True,misshipping
msbd_2w,msbd_su,2,319604,Eelin Outdoors LLC NJ 08859,318933,Eelin Outdoors LLC,"CA,GA,NJ",3,Wayfair,Amber Xiang,NJ,PARLIN,08859,99 CALLAHAN BLVD,EAST BRUNSWICK,NJ,8816,40,3,6,0.15,0,0.0,0,0.0,1,0.025,0,0.0,5,0.125,0,0.0,,,0,0,,2,South Atlanta Ncpc (GA) 10%; Atlanta (GA) 3%,2,0.05,33,29,7,31,0.8157894736842105,0.25267995298381385,961.2476190476193,864.7315789473685,204.24054054054056,0.9500000000000001,0.6749999999999998,0.8333333333333334,0.6666666666666666,,,,,0.0,1.0,,,1.0,0.6,6,True,misshipping
msbd_2w,msbd_su,2,369476,Hompany Technologies Limited NJ 07064,184037,Hompany Technologies Limited,"CA,GA,IL,NJ",4,Decor,Asia Supplier Service Desk,NJ,Port Reading,07064,1001 W Middlesex Ave,SOUTH CARTERET,NJ,7008,40,3,2,0.05,0,0.0,0,0.0,0,0.0,0,0.0,2,0.05,0,0.0,,,0,0,,2,Richmond Hill Ncpc (GA) 3%; West Savannah  Ncpc (GA) 3%,0,0.0,40,4,4,36,0.9,0.35793029651974856,935.0588235294116,851.9757575757575,60.48750000000001,0.9749999999999999,0.8999999999999998,1.0,1.0,,,,,,,,,1.0,1.0,2,True,misshipping
msbd_2w,msbd_su,2,219192,Emson USA CT 06450 (Fosdick CT),1303,Emson USA,"CA,CT,NV,PA",4,Kitchen & Small Electrics,Anna Caplen,CT,Meriden,06450,500 South Broad Street,NORTH HAVEN,CT,6492,40,3,2,0.05,0,0.0,0,0.0,1,0.025,0,0.0,1,0.025,0,0.0,,,0,0,,1,Chino (CA) 3%,1,0.025,2,2,2,37,0.9487179487179487,0.2496136625675498,921.2666666666668,885.0666666666666,145.86666666666665,0.975,0.8250000000000001,0.5,0.5,,,,,1.0,1.0,,,0.0,0.0,2,True,misshipping
msbd_2w,msbd_su,2,450081,"ZHENGZHOU OUQUN TRADE CO.,LTD NJ 08831",284759,"ZHENGZHOU OUQUN TRADE CO.,LTD","CA,GA,NJ,TX",4,APS Pet,Asia Supplier Service Desk,NJ,Monroe Township,08831,4 South Middlesex Avenue,PRINCETON,NJ,8810,40,3,6,0.15,0,0.0,0,0.0,0,0.0,0,0.0,6,0.15,0,0.0,,,0,0,,2,Sugar Land (TX) 13%; West Savannah  Ncpc (GA) 3%,1,0.025,37,34,7,32,0.8205128205128205,0.296563373255573,893.2454545454544,563.8105263157896,296.5435897435898,0.9500000000000001,0.725,1.0,1.0,,,,,,,,,1.0,1.0,6,True,misshipping
msbd_2w,msbd_su,2,408417,"Yiwu Youlian E-Commerce Co., Ltd. NJ 08016(2)",66015,"Yiwu Youlian E-Commerce Co., Ltd.","CA,GA,NJ,PA",4,APS Outdoor,Asia Supplier Service Desk,NJ,Burlington Township,08016,2605 Rancocas Rd,ROBBINSVILLE,NJ,8691,40,3,1,0.025,0,0.0,0,0.0,0,0.0,0,0.0,1,0.025,0,0.0,,,0,0,,1,Rialto (CA) 3%,2,0.05,1,1,1,37,0.9736842105263158,-0.21557203389830518,674.0333333333332,689.4300000000001,73.11081081081082,0.9749999999999998,0.8499999999999999,1.0,0.0,,,,,,,,,1.0,0.0,1,True,misshipping
msbd_2w,msbd_su,2,401156,Artika OH 43207,30510,Artika,"NY,OH",2,Lighting,Kya Mehlman,OH,Columbus,43207,1600 Williams Rd,COLUMBUS LOCAL,OH,43123,39,3,1,0.02564102564102564,0,0.0,0,0.0,0,0.0,0,0.0,1,0.02564102564102564,0,0.0,,,0,0,,1,Plattsburgh (NY) 3%,0,0.0,35,1,1,38,0.9743589743589743,-0.4152474932357156,745.0999999999999,812.9057142857141,38.955882352941174,0.9487179487179486,0.6923076923076921,0.0,0.0,,,,,,,,,0.0,0.0,1,True,misshipping
msbd_2w,msbd_su,2,156344,Beeleo International inc CA 92337,104983,Beeleo International inc,"CA,GA,MD,NJ,TX",5,Decor,Asia Supplier Service Desk,CA,Fontana,92337,10850 Business Dr.,WEST RIALTO,CA,92316,39,3,1,0.02564102564102564,0,0.0,0,0.0,0,0.0,0,0.0,1,0.02564102564102564,0,0.0,,,0,0,,1,West Savannah  Ncpc (GA) 3%,5,0.1282051282051282,33,1,1,33,0.9705882352941176,0.8964119881806669,1483.8814814814816,1388.5615384615382,88.06470588235294,1.0,0.7692307692307688,1.0,1.0,,,,,,,,,1.0,1.0,1,True,misshipping
msbd_2w,msbd_su,2,435352,"Hangzhou Lingxing E-commerce Co., LTD NJ 08901",435304,"Hangzhou Lingxing E-commerce Co., LTD","CA,NJ",2,Wayfair,Supplier Service Desk,NJ,New Brunswick,08901,780 Jersey Ave,EAST BRUNSWICK,NJ,8816,39,3,2,0.05128205128205128,0,0.0,0,0.0,0,0.0,0,0.0,2,0.05128205128205128,0,0.0,,,0,0,,1,South Rialto - Ncpc (CA) 5%,0,0.0,2,2,2,37,0.9487179487179487,-0.2627112882460579,717.3842105263159,732.1263157894738,139.86153846153846,1.0,0.7435897435897435,1.0,0.5,,,,,,,,,1.0,0.5,2,True,misshipping
msbd_2w,msbd_su,2,295597,"Yiwu Binsai Import and Export Co., Ltd. NJ 08016",273078,"Yiwu Binsai Import and Export Co., Ltd.","CA,GA,NJ,TX",4,APS,Amber Xiang,NJ,Burlington,08016,1950 River Road,ROBBINSVILLE,NJ,8691,39,3,3,0.07692307692307693,0,0.0,1,0.02564102564102564,0,0.0,0,0.0,2,0.05128205128205128,0,0.0,,,0,0,,1,Richmond Hill Ncpc (GA) 5%,0,0.0,31,26,8,31,0.7948717948717948,0.2694402305867134,1146.2818181818182,1204.8066666666662,261.61025641025634,0.9487179487179488,0.7179487179487181,0.6666666666666666,0.33333333333333337,,,1.0,1.0,,,,,0.5,0.0,3,True,misshipping
msbd_2w,msbd_su,2,217631,"FoShan XiNiu Outdoor Product Co., Ltd CA 92316",47589,SUMMER BELLA INC,"CA,GA,IL,NJ,PA,TX",6,APS,Danica Guo,CA,Bloomington,92316 ,C0 11260 Cedar Ave,WEST RIALTO,CA,92316,39,3,1,0.02564102564102564,0,0.0,0,0.0,0,0.0,0,0.0,1,0.02564102564102564,0,0.0,,,0,0,,1,Robbinsville (NJ) 3%,3,0.07692307692307693,35,2,2,34,0.9444444444444444,-0.11821109647196604,1121.0516129032262,1166.7774193548391,160.40285714285716,0.9487179487179488,0.6923076923076924,1.0,1.0,,,,,,,,,1.0,1.0,1,True,misshipping
msbd_2w,msbd_su,2,304020,weifangjiamujingmaoyouxiangongsi GA 31302,291173,weifangjiamujingmaoyouxiangongsi,"CA,GA,NJ,TX",4,APS,Asia Supplier Service Desk,GA,Bloomingdale,31302, 651 Bloomingdale Rd Suite A,SAVANNAH LOCAL,GA,31408,39,3,2,0.05128205128205128,0,0.0,0,0.0,1,0.02564102564102564,0,0.0,1,0.02564102564102564,0,0.0,,,0,0,,1,South Rialto - Ncpc (CA) 3%,2,0.05128205128205128,37,3,3,34,0.918918918918919,0.38434764363371704,768.0343750000001,652.6346153846155,128.4054054054054,0.5641025641025642,0.564102564102564,0.0,1.0,,,,,0.0,1.0,,,0.0,1.0,2,True,misshipping
msbd_2w,msbd_su,2,371444,Xiandangyingriyongpinyouxiangongsi TX 77085,371434,Xiandangyingriyongpinyouxiangongsi,"CA,NJ,TX",3,Wayfair,Jynn Jiang,TX,Houston,77085,5880 W Fuqua St #100,SUGAR LAND,TX,77489,39,3,8,0.20512820512820512,0,0.0,0,0.0,0,0.0,0,0.0,8,0.20512820512820512,0,0.0,,,0,0,,3,Metuchen (NJ) 8%; Industry (CA) 8%; Chino (CA) 5%,2,0.05128205128205128,36,8,8,29,0.7837837837837838,0.12868089410273337,858.6742857142858,760.028,370.0916666666667,0.9487179487179486,0.7179487179487178,0.875,0.625,,,,,,,,,0.875,0.625,8,True,misshipping
msbd_2w,msbd_su,2,294516,Eureka Ergonomic IL 60431,43482,Eureka Ergonomic,"CA,GA,IL,NJ,TX",5,APS,Fiona Jiang,IL,Joliet,60431,4050 Rock Creek Boulevard Joliet,SOUTH CHICAGO,IL,60446,39,3,1,0.02564102564102564,0,0.0,0,0.0,0,0.0,0,0.0,1,0.02564102564102564,0,0.0,,,0,0,,1,Richmond Hill Ncpc (GA) 3%,2,0.05128205128205128,36,3,3,34,0.918918918918919,0.6590038314176245,612.0999999999999,606.9416666666667,80.4138888888889,1.0,0.6666666666666669,1.0,1.0,,,,,,,,,1.0,1.0,1,True,misshipping
msbd_2w,msbd_su,2,493679,HANG ZHOU YU ZE XIN XI ZI XUN YOU XIAN CA 92335,80876,HANG ZHOU YU ZE XIN XI ZI XUN YOU XIAN GONG SI,"CA,GA,NC,NJ",4,APS AEOF,Fiona Jiang,CA,Fontana,92335,13230 San Bernardino Ave,WEST RIALTO,CA,92316,39,3,3,0.07692307692307693,0,0.0,0,0.0,0,0.0,0,0.0,3,0.07692307692307693,0,0.0,,,0,0,,1,South Atlanta Ncpc (GA) 8%,5,0.1282051282051282,33,3,3,31,0.9117647058823529,0.5525211412299609,1760.3451612903227,1660.9592592592592,195.36363636363637,0.8717948717948715,0.6410256410256409,1.0,0.0,,,,,,,,,1.0,0.0,3,True,misshipping
msbd_2w,msbd_su,2,513579,PINKTARO INC NJ 08831,70758,PINKTARO INC,"AL,CA,GA,NJ,PA,TN",6,APS Mattresses,Asia Supplier Service Desk,NJ,Monroe Township,08831,6 Fitzgerald Ave,PRINCETON,NJ,8810,39,3,1,0.02564102564102564,0,0.0,0,0.0,0,0.0,0,0.0,1,0.02564102564102564,0,0.0,,,0,0,,1,West Rialto (CA) 3%,9,0.23076923076923078,6,2,2,28,0.9333333333333333,-3.888909634055265,819.1933333333335,913.05,189.29999999999998,0.41025641025641013,0.6666666666666669,1.0,0.0,,,,,,,,,1.0,0.0,1,True,misshipping
msbd_2w,msbd_su,2,191934,KARLIE FAMILY WHOLESALE AT3 GA 30517,70737,KARLIE FAMILY WHOLESALE INC,"CA,GA,NJ,TX",4,Upholstery,Demi Wang,GA,Braselton,30517,1380 Jesse Cronic Road,BRASELTON,GA,30517,39,3,8,0.20512820512820512,0,0.0,1,0.02564102564102564,5,0.1282051282051282,0,0.0,2,0.05128205128205128,0,0.0,,,0,0,,1,Chino Hills Ncpc (CA) 5%,1,0.02564102564102564,38,10,11,27,0.7105263157894737,-0.7896924025742905,622.3228571428572,738.2187499999997,258.44999999999993,0.9487179487179487,0.7692307692307693,0.875,0.625,,,1.0,0.0,0.8,1.0,,,1.0,0.0,8,True,misshipping
msbd_2w,msbd_su,2,235133,YOLLEN IL 60609,61189,Yollen Home Products Inc,"IL,NC,NJ,TX",4,APS,Asia Supplier Service Desk,IL,CHICAGO,60609,1111 w 35th st,FORT MILL,SC,29708,39,3,29,0.7435897435897436,0,0.0,0,0.0,1,0.02564102564102564,0,0.0,28,0.717948717948718,0,0.0,,,0,0,,1,Secaucus (NJ) 72%,2,0.05128205128205128,34,34,34,3,0.08108108108108109,-0.20260423229761398,1463.1096774193545,1797.269696969697,700.8083333333335,0.9230769230769231,0.6666666666666665,0.9655172413793103,0.7241379310344827,,,,,0.0,0.0,,,1.0,0.7499999999999999,29,True,misshipping
msbd_2w,msbd_su,2,371238,Jiangxi Juyuecehong Technology NJ 08837 (2),354596,"Jiangxi Juyuecehong Technology Co., Ltd","CA,NJ",2,APS Upholstery,Asia Supplier Service Desk,NJ,EDISON,08837 ,401 mill road,WOODBRIDGE LOCAL,NJ,8832,39,3,1,0.02564102564102564,0,0.0,0,0.0,0,0.0,0,0.0,1,0.02564102564102564,0,0.0,,,0,0,,1,Santa Fe Springs (CA) 3%,1,0.02564102564102564,38,1,1,37,0.9736842105263158,-4.246105919003115,1141.836666666667,1204.383333333334,73.48947368421052,1.0,0.8974358974358972,1.0,0.0,,,,,,,,,1.0,0.0,1,True,misshipping
msbd_2w,msbd_su,2,365185,Central Power International Limited LLC CA 92410,348962,Central Power International Limited LLC,"CA,GA,IL,NJ,PA,TX",6,APS K&D,Hannah Guan,CA,San Bernardino,92410,7776 Tippecanoe Avenue,WEST RIALTO,CA,92316,39,3,32,0.8205128205128205,0,0.0,2,0.05128205128205128,2,0.05128205128205128,0,0.0,28,0.717948717948718,0,0.0,,,0,0,,2,Baytown (TX) 51%; South St. Louis (IL) 21%,1,0.02564102564102564,38,34,34,4,0.10526315789473684,-0.5246984757207249,1427.9410256410256,1221.8833333333334,1444.4,1.0,0.5897435897435898,1.0,0.6875000000000002,,,1.0,1.0,1.0,1.0,,,1.0,0.6428571428571429,32,True,misshipping
msbd_2w,msbd_su,2,479977,"Shenzhen Chitado Technology CO.,LTD CA 92335",302484,"Shenzhen Chitado Technology CO.,LTD","CA,GA,NJ,PA,TX",5,APS Outdoor,Moti Mao,CA,Fontana,92335,13230 San Bernardino Ave Ste. B,WEST RIALTO,CA,92316,39,3,7,0.1794871794871795,0,0.0,0,0.0,0,0.0,0,0.0,7,0.1794871794871795,0,0.0,,,0,0,,1,South Atlanta Ncpc (GA) 18%,0,0.0,39,8,8,31,0.7948717948717948,-2.0297099446334395,1049.0058823529414,1278.6176470588232,440.8205128205128,1.0,0.7948717948717948,1.0,0.4285714285714286,,,,,,,,,1.0,0.4285714285714286,7,True,misshipping
msbd_2w,msbd_su,2,472513,EVER UNITED INTERNATIONAL GROUP LIMITED NJ 08837,470956,EVER UNITED INTERNATIONAL GROUP LIMITED,"CA,NJ",2,Wayfair,Supplier Service Desk,NJ,Edison,08837,401 Mill Rd.,WOODBRIDGE LOCAL,NJ,8832,39,3,4,0.10256410256410256,0,0.0,0,0.0,0,0.0,0,0.0,4,0.10256410256410256,0,0.0,,,0,0,,1,Rialto (CA) 10%,0,0.0,39,9,9,30,0.7692307692307693,-1.1826966247173787,680.8096774193548,1011.1000000000001,629.0538461538463,1.0,0.6923076923076921,1.0,0.0,,,,,,,,,1.0,0.0,4,True,misshipping
msbd_2w,msbd_su,2,367817,KYT145A-NJ,308220,Dwelling Dots Ltd,"CA,GA,NJ,TX",4,APS Upholstery,Estrella Wang,NJ,Edison,08817,145 Talmadge Road,WOODBRIDGE LOCAL,NJ,8832,39,3,5,0.1282051282051282,0,0.0,3,0.07692307692307693,1,0.02564102564102564,0,0.0,1,0.02564102564102564,0,0.0,,,0,0,,1,South Rialto - Ncpc (CA) 3%,2,0.05128205128205128,37,15,8,29,0.7837837837837838,0.6738380608161961,405.07916666666665,227.1291666666667,292.072972972973,0.9487179487179488,0.717948717948718,1.0,0.6,,,1.0,1.0,1.0,0.0,,,1.0,0.0,5,True,misshipping
msbd_2w,msbd_su,2,282114,hui zhou shi si miao ke ji you xian gong si NJ 08036,281645,hui zhou shi si miao ke ji you xian gong si,"AL,CA,GA,IL,NJ,TX",6,Wayfair,Asia Supplier Service Desk,NJ,Hainesport,08036,"C/O 100 Lawrence Blvd, Hainesport, NJ",CAMDEN,NJ,8007,39,2,6,0.15384615384615385,0,0.0,0,0.0,2,0.05128205128205128,0,0.0,4,0.10256410256410256,0,0.0,,,0,0,,3,Houston (TX) 5%; Richmond Hill Ncpc (GA) 3%; Chicago (IL) 3%,2,0.05128205128205128,34,33,24,13,0.35135135135135137,-0.27386012127826076,335.0266666666667,1038.6833333333334,903.4324324324325,0.9487179487179487,0.5384615384615385,1.0,1.0,,,,,1.0,1.0,,,1.0,1.0,6,True,misshipping
msbd_2w,msbd_su,2,127104,OPTIONS TRADING LLC GA 30517,89747,OPTIONS TRADING LLC,"CA,GA,NJ,TX",4,APS,Asia Supplier Service Desk,GA,Braselton,30517,1380 Jesse Cronic Road,BRASELTON,GA,30517,38,3,2,0.05263157894736842,0,0.0,0,0.0,1,0.02631578947368421,0,0.0,1,0.02631578947368421,0,0.0,,,0,0,,1,East Brunswick (NJ) 3%,1,0.02631578947368421,37,7,3,34,0.918918918918919,-0.7281059656287996,729.0903225806451,706.1666666666665,107.8,1.0,0.7894736842105263,1.0,0.5,,,,,1.0,0.0,,,1.0,1.0,2,True,misshipping
msbd_2w,msbd_su,2,44489,E Home International Inc. GA 30046,34449,E Home International Inc.,"CA,GA",2,APS Youth,Lavinia Zhang,GA,Lawrenceville,30046,725 Old Norcross Rd,BRASELTON,GA,30517,38,3,23,0.6052631578947368,0,0.0,1,0.02631578947368421,1,0.02631578947368421,0,0.0,21,0.5526315789473685,0,0.0,,,0,0,,1,Chino (CA) 55%,0,0.0,31,31,31,7,0.18421052631578946,-1.829692552936398,647.3714285714286,1758.182857142857,1667.7394736842102,0.9736842105263157,0.15789473684210525,0.9565217391304347,0.08695652173913043,,,0.0,0.0,1.0,0.0,,,1.0,0.09523809523809525,23,True,misshipping
msbd_2w,msbd_su,2,413842,SHENZHEN WUXIAN FURNITURE CO LTD NJ 08067,367883,SHENZHEN WUXIAN FURNITURE CO LTD,"CA,NJ",2,APS Bedroom,Asia Supplier Service Desk,NJ,Pedricktown,08067,2 Gateway Blvd,CAMDEN,NJ,8007,38,3,1,0.02631578947368421,0,0.0,0,0.0,0,0.0,0,0.0,1,0.02631578947368421,0,0.0,,,0,0,,1,South Rialto - Ncpc (CA) 3%,2,0.05263157894736842,36,33,1,35,0.9722222222222222,-1.227836510447016,671.6387096774193,714.8172413793103,106.04999999999995,0.9736842105263157,0.6842105263157894,1.0,0.0,,,,,,,,,1.0,0.0,1,True,misshipping
msbd_2w,msbd_su,2,457045,Tianle International Group Limited NJ 08837,452360,Tianle International Group Limited,"CA,GA,NJ,TX",4,Casegoods,Evie Li,NJ,Edison,08837,401 Mill Rd,WOODBRIDGE LOCAL,NJ,8832,38,3,3,0.07894736842105263,0,0.0,0,0.0,0,0.0,0,0.0,3,0.07894736842105263,0,0.0,,,0,0,,2,Rialto (CA) 5%; Oceanside (CA) 3%,0,0.0,38,8,8,30,0.7894736842105263,0.06919114458580011,747.3161290322582,772.4678571428572,362.99714285714276,1.0,0.8421052631578946,1.0,0.3333333333333333,,,,,,,,,1.0,0.3333333333333333,3,True,misshipping
msbd_2w,msbd_su,2,53701,Hasegawa Ladders OR 97071,21749,"HasegawaUSA,Inc.","NY,OR",2,Storage & Org - Frequency,Supplier Service Desk,OR,Woodburn,97071,18995 Arbor Grove Road NE,SHERWOOD,OR,97140,38,2,5,0.13157894736842105,0,0.0,0,0.0,1,0.02631578947368421,0,0.0,4,0.10526315789473684,0,0.0,,,0,0,,1,Long Island (NY) 11%,0,0.0,7,7,7,31,0.8157894736842105,-0.19048865507508728,1467.1545454545453,1046.2347826086957,545.6315789473686,1.0,0.9736842105263156,1.0,0.8,,,,,1.0,1.0,,,1.0,0.75,5,True,misshipping
msbd_2w,msbd_su,2,451737,              WPNJ7,290842,Hui Zhou Shi Ting Man Shu Ma You Xian Gong Si,"CA,GA,IL,NJ,TX",5,APS Bedroom,Asia Supplier Service Desk,NJ,Bordentown,08505,3280 US Highway 206,ROBBINSVILLE,NJ,8691,38,3,20,0.5263157894736842,0,0.0,1,0.02631578947368421,2,0.05263157894736842,0,0.0,17,0.4473684210526316,0,0.0,,,0,0,,5,Richmond Hill Ncpc (GA) 16%; West Savannah  Ncpc (GA) 11%; Romeoville Rsf (IL) 8%; South Rialto - Ncpc (CA) 8%; South Chicago (IL) 3%,6,0.15789473684210525,30,28,24,8,0.25,0.4103594905070418,936.6909090909093,559.4269230769231,829.874193548387,0.7894736842105264,0.5,0.8499999999999999,0.6000000000000001,,,1.0,1.0,0.5,0.5,,,0.8823529411764705,0.5882352941176471,20,True,misshipping
msbd_2w,msbd_su,2,359168,U-SAV-2,221756,Ning Bo Hao Mi Xin Xi Ke Ji You Xian Gong Si,"CA,GA,NJ,TX",4,APS Home Improvement,Yinan Du,GA, Savannah,31407,150 Portside Ct,SAVANNAH LOCAL,GA,31408,38,3,2,0.05263157894736842,0,0.0,0,0.0,0,0.0,0,0.0,2,0.05263157894736842,0,0.0,,,0,0,,1,Robbinsville (NJ) 5%,2,0.05263157894736842,36,2,2,34,0.9444444444444444,-0.6707016098178371,856.2388888888888,825.04,59.127777777777766,0.7631578947368421,0.5263157894736842,0.5,0.5,,,,,,,,,0.5,0.5,2,True,misshipping
msbd_2w,msbd_su,2,375337,"ZHENGZHOU OUQUN TRADE CO.,LTD CA 92316",284759,"ZHENGZHOU OUQUN TRADE CO.,LTD","CA,GA,NJ,TX",4,APS Pet,Asia Supplier Service Desk,CA,Bloomington,92316,18550 Orange St,WEST RIALTO,CA,92316,38,3,5,0.13157894736842105,0,0.0,1,0.02631578947368421,0,0.0,0,0.0,4,0.10526315789473684,0,0.0,,,0,0,,1,Sugar Land (TX) 11%,1,0.02631578947368421,37,5,5,32,0.8648648648648649,0.2933942838950899,1412.6451612903224,1278.3900000000003,239.41891891891893,0.9736842105263158,0.631578947368421,1.0,0.8,,,1.0,1.0,,,,,1.0,0.75,5,True,misshipping
msbd_2w,msbd_su,2,451531,【GA3】,333356,Climb Away Inc,"CA,GA,NJ,TX",4,APS AEOF,,GA,Braselton,30517,370 Jesse Cronic Rd,BRASELTON,GA,30517,38,3,14,0.3684210526315789,0,0.0,0,0.0,0,0.0,0,0.0,14,0.3684210526315789,0,0.0,,,0,0,,5,East Brunswick (NJ) 13%; Rancho Cucamonga Ncpc (CA) 11%; South Rialto - Ncpc (CA) 8%; Robbinsville (NJ) 3%; South Houston (TX) 3%,3,0.07894736842105263,35,34,19,16,0.45714285714285713,-0.8905477733428923,578.9055555555555,930.5433333333334,816.9914285714285,0.9473684210526316,0.6315789473684211,1.0,0.5714285714285715,,,,,,,,,1.0,0.5714285714285715,14,True,misshipping
msbd_2w,msbd_su,2,313376,CAIDI INC TX 77493 ,72066,CAIDI INC,"CA,GA,NJ,SC,TX",5,APS,Nora Li,TX,Katy ,77493,28501 Hwy Blvd ,HOUSTON LOCAL,TX,77433,38,3,1,0.02631578947368421,0,0.0,0,0.0,0,0.0,0,0.0,1,0.02631578947368421,0,0.0,,,0,0,,1,West Savannah  Ncpc (GA) 3%,1,0.02631578947368421,36,1,12,25,0.6756756756756757,-1.4551382954800989,376.73548387096776,362.7848484848485,103.66944444444445,0.8947368421052632,0.8421052631578947,1.0,0.0,,,,,,,,,1.0,0.0,1,True,misshipping
msbd_2w,msbd_su,2,413528,DINGXIN INTELLIGENCE HOME (HK) LIMITED CA 92337,369961,DINGXIN INTELLIGENCE HOME (HK) LIMITED,"CA,GA,TX",3,APS Upholstery,Asia Supplier Service Desk,CA,Bloomington,92316,18550 Orange St,WEST RIALTO,CA,92316,38,3,2,0.05263157894736842,0,0.0,0,0.0,0,0.0,0,0.0,2,0.05263157894736842,0,0.0,,,0,0,,1,South Dallas Rsf (TX) 5%,0,0.0,38,2,2,36,0.9473684210526315,0.6419685378430662,1746.4625,1682.6863636363635,88.42894736842106,0.8947368421052629,0.631578947368421,1.0,1.0,,,,,,,,,1.0,1.0,2,True,misshipping
msbd_2w,msbd_su,2,368241,GETPRO E-COMMERCE INC. NJ 07305,65333,GETPRO E-COMMERCE INC.,"CA,NJ",2,APS Home Improvement,Asia Supplier Service Desk,NJ,Jersey City,07305,99 Caven Point Road,SECAUCUS,NJ,7307,38,3,1,0.02631578947368421,0,0.0,0,0.0,0,0.0,0,0.0,1,0.02631578947368421,0,0.0,,,0,0,,1,Industry (CA) 3%,7,0.18421052631578946,2,2,2,29,0.9354838709677419,-1.1959995530226843,862.1055555555556,980.5066666666667,177.8838709677419,0.6842105263157895,0.5263157894736842,0.0,0.0,,,,,,,,,0.0,0.0,1,True,misshipping
msbd_2w,msbd_su,2,368650,"Hangzhou Mucheng International Trade Co., Ltd CA 92337",132375,"Hangzhou Mucheng International Trade Co., Ltd","CA,GA,NJ,TX",4,APS Outdoor,Qiwen Fan,CA,Fontana,92337,10730 Production Avenue,WEST RIALTO,CA,92316,38,3,3,0.07894736842105263,0,0.0,0,0.0,0,0.0,0,0.0,3,0.07894736842105263,0,0.0,,,0,0,,2,Braselton (GA) 5%; South Houston (TX) 3%,1,0.02631578947368421,35,3,3,34,0.918918918918919,0.09070538531376876,948.7470588235293,840.1794117647057,165.53888888888892,1.0,0.8947368421052629,1.0,1.0,,,,,,,,,1.0,1.0,3,True,misshipping
msbd_2w,msbd_su,2,413819,"HANGZHOU QIANYU TECHNOLOGY CO., LTD. GA 30517",212531,"HANGZHOU QIANYU TECHNOLOGY CO., LTD.","CA,GA,IL,NJ,TX",5,APS Decor,Asia Supplier Service Desk,GA,Braselton,30517,1380 Jesse Cronic Road,BRASELTON,GA,30517,38,3,5,0.13157894736842105,0,0.0,1,0.02631578947368421,2,0.05263157894736842,0,0.0,2,0.05263157894736842,0,0.0,,,0,0,,2,Anaheim (CA) 3%; South Dallas Rsf (TX) 3%,3,0.07894736842105263,35,8,8,27,0.7714285714285715,-0.6267624446343898,643.8437500000001,692.8724137931035,231.12285714285713,0.5263157894736842,0.5789473684210525,0.8,0.6,,,1.0,1.0,1.0,0.5,,,0.5,0.5,5,True,misshipping
msbd_2w,msbd_su,2,516450,WP-CHI4,56511,"MEIYING HOUSEHOLD GROUP CO.,LIMITED","CA,GA,IL,NJ,TX",5,APS AEOF,Fiona Jiang,IL,Joliet,60431,4050 Rock Creek Boulevard,SOUTH CHICAGO,IL,60446,38,3,1,0.02631578947368421,0,0.0,0,0.0,0,0.0,0,0.0,1,0.02631578947368421,0,0.0,,,0,0,,1,Chino Hills Ncpc (CA) 3%,2,0.05263157894736842,36,2,2,34,0.9444444444444444,-0.10683669854764431,541.8030303030304,565.3032258064517,76.98055555555557,0.9473684210526316,0.7105263157894735,1.0,1.0,,,,,,,,,1.0,1.0,1,True,misshipping
msbd_2w,msbd_su,2,249248,Shenzhenshi Shushikongjian Jiaju NJ 08816 (2) ,63657,COMFY ZONE US LLC,"CA,GA,IL,NJ,TX",5,APS AEOF,Yolanda GUI,NJ,Burlington,08016,1950 River Road,ROBBINSVILLE,NJ,8691,38,3,4,0.10526315789473684,0,0.0,0,0.0,0,0.0,0,0.0,4,0.10526315789473684,0,0.0,,,0,0,,3,Chino (CA) 5%; Diamond Bar Rsf (CA) 3%; Richmond Hill Ncpc (GA) 3%,1,0.02631578947368421,28,28,4,33,0.8918918918918919,0.22781620010096026,884.0029411764706,707.5035714285714,260.3333333333334,0.9736842105263156,0.7105263157894735,1.0,0.5,,,,,,,,,1.0,0.5,4,True,misshipping
msbd_2w,msbd_su,2,359951,"Shenzhen Yeego Innovation Electronic Commerce CO., Limited CA 91708",150886,"Shenzhen Yeego Innovation Electronic Commerce CO., Limited","CA,GA,NJ,TX",4,APS Home Improvement,Tracy Rong,CA,Chino,91708,"6509 Kimball Avenue, Chino",CHINO LOCAL,CA,91710,38,2,4,0.10526315789473684,0,0.0,0,0.0,0,0.0,0,0.0,4,0.10526315789473684,0,0.0,,,0,0,,3,Metuchen (NJ) 5%; Linden (NJ) 3%; Richmond Hill Ncpc (GA) 3%,0,0.0,37,7,7,31,0.8157894736842105,0.6809115244994739,1420.1000000000001,1327.141176470588,520.3,1.0,0.6052631578947368,1.0,1.0,,,,,,,,,1.0,1.0,4,True,misshipping
msbd_2w,msbd_su,2,457637,shanghaiyiyurenkejiyouxiangongsi AL 31326,410452,shanghaiyiyurenkejiyouxiangongsi,"CA,GA,NJ",3,APS Home Improvement,Asia Supplier Service Desk,GA,Rincon,31326,2008 Trade Center Blvd suite 200,SAVANNAH LOCAL,GA,31408,38,3,5,0.13157894736842105,0,0.0,0,0.0,0,0.0,0,0.0,5,0.13157894736842105,0,0.0,,,0,0,,2,Chino (CA) 8%; Princeton (NJ) 5%,0,0.0,38,10,10,28,0.7368421052631579,-0.879020485608577,568.16,818.3472222222223,422.36842105263156,1.0,0.9473684210526316,1.0,1.0,,,,,,,,,1.0,1.0,5,True,misshipping
msbd_2w,msbd_su,2,328864,"US- JIANGSU BENMU INDUSTRY CO., LTD GA 31302",115537,"US- JIANGSU BENMU INDUSTRY CO., LTD","CA,GA",2,APS,Asia Supplier Service Desk,GA,Bloomingdale,31302,3001 Jimmy Deloach Parkway,SAVANNAH LOCAL,GA,31408,38,3,18,0.47368421052631576,0,0.0,0,0.0,2,0.05263157894736842,0,0.0,16,0.42105263157894735,0,0.0,,,0,0,,6,Arcadia (CA) 21%; Chino Hills Ncpc (CA) 11%; Chino (CA) 3%; Carson (CA) 3%; Rancho Cucamonga Ncpc (CA) 3%,3,0.07894736842105263,33,26,26,9,0.2571428571428571,-2.0813705199632486,624.715625,1738.396666666667,1701.0363636363638,0.7631578947368421,0.3157894736842105,0.8888888888888887,0.33333333333333337,,,,,0.5,1.0,,,0.9374999999999999,0.24999999999999994,18,True,misshipping
msbd_2w,msbd_su,2,511564,SHENZHEN AIBO OPTOELECTRONIC LTD NJ 08075,72103,SHENZHEN AIBO OPTOELECTRONIC LTD,"CA,NJ",2,APS Home Improvement,Xuling Zhang,NJ,Delran Township,08075,1818 underwood blvd,CAMDEN,NJ,8007,38,3,18,0.47368421052631576,0,0.0,0,0.0,0,0.0,0,0.0,18,0.47368421052631576,0,0.0,,,0,0,,1,Arcadia (CA) 47%,2,0.05263157894736842,31,31,31,5,0.1388888888888889,-1.446906073363524,736.467857142857,2247.0655172413794,2380.1257142857135,1.0,0.23684210526315794,1.0,0.2777777777777778,,,,,,,,,1.0,0.2777777777777778,18,True,misshipping
msbd_2w,msbd_su,2,318880,Yantai Aifengdianzishangwu Youxiangongsi IL 60538,226548,Hong Kong Kaituo Limited_1,"CA,GA,IL,NJ,TX,WA",6,APS K&D,Asia Supplier Service Desk,IL,Montgomery,60538,900 Knell Rd,SOUTH CHICAGO,IL,60446,38,2,1,0.02631578947368421,0,0.0,0,0.0,0,0.0,0,0.0,1,0.02631578947368421,0,0.0,,,0,0,,1,Chino (CA) 3%,0,0.0,31,9,1,37,0.9736842105263158,-2.4169921875,424.8763157894738,391.92307692307696,73.83421052631581,1.0,0.8684210526315789,1.0,0.0,,,,,,,,,1.0,0.0,1,True,misshipping
msbd_2w,msbd_su,2,293188,DFG HOU2 TX 77571,69201,Hermes and Fesius LLC,"CA,GA,NJ,PA,TX",5,APS Outdoor,Amber Xiang,TX,La Porte,77571,645 Independence Pkwy La Porte TX 77571,BAYTOWN,TX,77521,38,3,9,0.23684210526315788,0,0.0,0,0.0,2,0.05263157894736842,0,0.0,7,0.18421052631578946,0,0.0,,,0,0,,2,Richmond Hill Ncpc (GA) 13%; East Brunswick (NJ) 5%,0,0.0,18,9,9,29,0.7631578947368421,0.36277515402362814,779.7861111111112,696.5222222222222,308.054054054054,0.9736842105263157,0.7105263157894737,1.0,0.5555555555555556,,,,,1.0,0.0,,,1.0,0.7142857142857143,9,True,misshipping
msbd_2w,msbd_su,2,444034,Liangcang-CA-01,63465,"Ningbo Youyuan Import and Export Co., Ltd.","CA,GA,IL,NJ,NY,PA,TX",7,APS Home Improvement,Nicole Sun,CA,Eastvale,91752,12300 Riverside Drive,WEST RIALTO,CA,92316,37,2,2,0.05405405405405406,0,0.0,0,0.0,0,0.0,0,0.0,2,0.05405405405405406,0,0.0,,,0,0,,1,West Savannah  Ncpc (GA) 5%,1,0.02702702702702703,35,3,3,33,0.9166666666666666,-1.5262369153867357,1173.5058823529412,1334.1470588235293,226.53714285714284,0.9459459459459458,0.7027027027027026,1.0,0.0,,,,,,,,,1.0,0.0,2,True,misshipping
msbd_2w,msbd_su,2,497025,zhengzhoushijianxingwangluokejiyouxiangongsi CA 92880,324772,zhengzhoushijianxingwangluokejiyouxiangongsi,"CA,GA,NJ,PA",4,APS Bedroom,Lydia Liu,CA,Eastvale,92880,"14909 Summit Drive,DOCK #17-#18 dock",CHINO LOCAL,CA,91710,37,2,2,0.05405405405405406,0,0.0,0,0.0,0,0.0,0,0.0,2,0.05405405405405406,0,0.0,,,0,0,,1,Richmond Hill Ncpc (GA) 5%,2,0.05405405405405406,35,2,2,33,0.9428571428571428,1.0,1723.525,1573.121875,142.99142857142857,1.0,0.8378378378378379,1.0,1.0,,,,,,,,,1.0,1.0,2,True,misshipping
msbd_2w,msbd_su,2,285715,"xiyou Savannah,GA（GA4) 31405",64480,SHENZHEN SUFEILAN TRADING COMPANY,"CA,GA,NJ",3,APS,Carol Li,GA,Savannah,31405,101 Feldspar Drive,SAVANNAH LOCAL,GA,31408,37,3,1,0.02702702702702703,0,0.0,0,0.0,0,0.0,0,0.0,1,0.02702702702702703,0,0.0,,,0,0,,1,East Brunswick (NJ) 3%,10,0.2702702702702703,27,1,1,26,0.9629629629629629,0.1660475855837767,767.00625,669.1125000000001,46.55185185185184,0.6756756756756757,0.5135135135135136,1.0,1.0,,,,,,,,,1.0,1.0,1,True,misshipping
msbd_2w,msbd_su,2,369632,Brilliant International Trading Inc GA 31405,63938,Brilliant International Trading Inc,"CA,GA,NJ,TX",4,APS Bedroom,Asia Supplier Service Desk,GA,Savannah,31405,125 Feldspar Dr. Suite 300,SAVANNAH LOCAL,GA,31408,37,3,4,0.10810810810810811,0,0.0,0,0.0,1,0.02702702702702703,0,0.0,3,0.08108108108108109,0,0.0,,,0,0,,2,Rialto (CA) 5%; Robbinsville (NJ) 3%,1,0.02702702702702703,36,3,4,32,0.8888888888888888,-0.601891669016447,672.4875,666.0322580645161,176.01388888888889,0.9189189189189187,0.7837837837837839,0.75,0.75,,,,,1.0,1.0,,,0.6666666666666667,0.6666666666666666,4,True,misshipping
msbd_2w,msbd_su,2,349593,ningbo wanran international trading ltd NJ 07036,174853,ningbo wanran international trading ltd,"CA,DE,GA,IL,NJ,TX",6,APS Bedroom,Asia Supplier Service Desk,NJ,Linden,07036,700 Linden Logistics Wy,LINDEN,NJ,7036,37,3,4,0.10810810810810811,0,0.0,0,0.0,1,0.02702702702702703,0,0.0,3,0.08108108108108109,0,0.0,,,0,0,,3,West Savannah  Ncpc (GA) 3%; Anaheim (CA) 3%; Industry (CA) 3%,0,0.0,11,6,5,32,0.8648648648648649,-0.043685018152434085,907.1148148148147,940.7428571428572,277.4216216216215,0.9189189189189189,0.6756756756756755,0.5,0.25,,,,,0.0,1.0,,,0.6666666666666666,0.0,4,True,misshipping
msbd_2w,msbd_su,2,459745,BaZhuaYu-NJ-01,63465,"Ningbo Youyuan Import and Export Co., Ltd.","CA,GA,IL,NJ,NY,PA,TX",7,APS Home Improvement,Nicole Sun,NJ,Burlington Township,08016,2605 Rancocas Rd,ROBBINSVILLE,NJ,8691,37,3,1,0.02702702702702703,0,0.0,0,0.0,0,0.0,0,0.0,1,0.02702702702702703,0,0.0,,,0,0,,1,Sugar Land (TX) 3%,0,0.0,1,1,1,36,0.972972972972973,-0.9951507804212759,725.4294117647058,764.0588235294118,43.17297297297297,0.9729729729729728,0.9189189189189187,1.0,1.0,,,,,,,,,1.0,1.0,1,True,misshipping
msbd_2w,msbd_su,2,442665,Brilliance Ltd NJ 08505,205773,Brilliance Ltd,"CA,GA,NJ,TX",4,APS Home Improvement,Tracy Rong,NJ,Bordentown,08505,5206 US-130 N,ROBBINSVILLE,NJ,8691,37,3,6,0.16216216216216217,0,0.0,0,0.0,0,0.0,0,0.0,6,0.16216216216216217,0,0.0,,,0,0,,4,Houston (TX) 8%; Baytown (TX) 3%; Sugar Land (TX) 3%; Chino Hills Ncpc (CA) 3%,0,0.0,37,20,20,17,0.4594594594594595,-0.5659736083357627,561.3782608695651,1295.06,1117.8027777777775,1.0,0.5405405405405405,1.0,0.6666666666666667,,,,,,,,,1.0,0.6666666666666667,6,True,misshipping
msbd_2w,msbd_su,2,339952,         WPLA11,336659,"Shanghai Yudingchi Technology Co., LTD.","CA,NJ,PA,TX",4,Casegoods,Asia Supplier Service Desk,CA,San Bernardino,92410,7776 Tippecanoe Avenue,WEST RIALTO,CA,92316,37,3,3,0.08108108108108109,0,0.0,0,0.0,0,0.0,0,0.0,3,0.08108108108108109,0,0.0,,,0,0,,2,Lehigh Valley (PA) 5%; Robbinsville (NJ) 3%,1,0.02702702702702703,36,10,10,26,0.7222222222222222,-4.326920125869141,602.4764705882353,1285.7151515151513,688.4416666666666,1.0,0.6756756756756755,1.0,0.0,,,,,,,,,1.0,0.0,3,True,misshipping
msbd_2w,msbd_su,2,190982,Esbenshades Garden Center CO 81240,189369,Esbenshades Garden Center,"CA,CO,FL,IN,PA,TX",6,Decor,Trevor Cody,CO,Penrose,81240,13540 State Highway 115,PUEBLO,CO,81004,37,3,3,0.08108108108108109,0,0.0,0,0.0,1,0.02702702702702703,0,0.0,2,0.05405405405405406,0,0.0,,,0,0,,1,Fresno (CA) 5%,0,0.0,21,21,13,24,0.6486486486486487,-1.1497677046308379,1187.75,1425.2400000000002,612.7964285714286,1.0,0.4054054054054054,1.0,0.3333333333333333,,,,,1.0,1.0,,,1.0,0.0,3,True,misshipping
msbd_2w,msbd_su,2,440126,JTJ INTERNATIONAL INC. GA 31407,104462,JTJ INTERNATIONAL INC.,"CA,GA,NJ,PA,TX",5,APS AEOF,Asia Supplier Service Desk,GA,Savannah,31407,"150 Portside Ct, ",SAVANNAH LOCAL,GA,31408,37,3,1,0.02702702702702703,0,0.0,0,0.0,0,0.0,0,0.0,1,0.02702702702702703,0,0.0,,,0,0,,1,Chino Hills Ncpc (CA) 3%,2,0.05405405405405406,35,1,1,34,0.9714285714285714,0.7757384283636728,820.5366666666667,768.4999999999999,85.97999999999999,0.9729729729729729,0.7837837837837837,1.0,1.0,,,,,,,,,1.0,1.0,1,True,misshipping
msbd_2w,msbd_su,2,440542,Forest Home Inc NJ 08527,57714,Forest Home Inc,"CA,GA,NJ,NY,TX",5,APS Outdoor,Moti Mao,NJ,Jackson Township,08527,545 Monmouth Rd,ROBBINSVILLE,NJ,8691,37,3,7,0.1891891891891892,0,0.0,0,0.0,0,0.0,0,0.0,7,0.1891891891891892,0,0.0,,,0,0,,4,Braselton (GA) 8%; Industry (CA) 5%; Richmond Hill Ncpc (GA) 3%; Savannah (GA) 3%,2,0.05405405405405406,35,35,35,0,0.0,-0.5408710901559626,333.02307692307687,1198.995652173913,1521.9485714285718,0.7297297297297296,0.5675675675675675,0.5714285714285714,0.7142857142857143,,,,,,,,,0.5714285714285714,0.7142857142857143,7,True,misshipping
msbd_2w,msbd_su,2,212162,DJ-NJ4-08512,57457,"Lefun Trading co.,ltd.","CA,GA,NJ,NY,TX",5,APS Mattresses,Asia Supplier Service Desk,NJ,Cranbury,08512,311 Cranbury Half Acre Rd,PRINCETON,NJ,8810,37,3,1,0.02702702702702703,0,0.0,0,0.0,0,0.0,0,0.0,1,0.02702702702702703,0,0.0,,,0,0,,1,Carson (CA) 3%,0,0.0,37,20,5,32,0.8648648648648649,-1.3410372040586245,453.168,537.9583333333334,187.85135135135138,0.8648648648648647,0.6486486486486484,1.0,0.0,,,,,,,,,1.0,0.0,1,True,misshipping
msbd_2w,msbd_su,2,235815,Rayman Light Inc CAJW,64300,Rayman Light Inc,"CA,GA,NJ",3,APS Home Improvement,Asia Supplier Service Desk,CA,Fontana,92337,10905 Beech Avenue,WEST RIALTO,CA,92316,36,3,4,0.1111111111111111,0,0.0,0,0.0,0,0.0,0,0.0,4,0.1111111111111111,0,0.0,,,0,0,,1,Metuchen (NJ) 11%,3,0.08333333333333333,14,4,4,29,0.8787878787878788,-3.344540553054248,1599.7161290322583,1879.2,335.1030303030303,0.9722222222222221,0.5555555555555556,1.0,0.0,,,,,,,,,1.0,0.0,4,True,misshipping
msbd_2w,msbd_su,2,229182,Hebei Xiong an Aibike Technology Co Ltd NJ4,135780,Hebei Xiong an Aibike Technology Co Ltd,"CA,GA,NJ,TX",4,APS K&D,Carol Li,NJ,Cranbury,08512,311 Cranbury Half Acre Rd,PRINCETON,NJ,8810,36,3,9,0.25,0,0.0,0,0.0,1,0.027777777777777776,0,0.0,8,0.2222222222222222,0,0.0,,,0,0,,3,Chino Hills Ncpc (CA) 8%; South Rialto - Ncpc (CA) 8%; South Dallas Rsf (TX) 6%,2,0.05555555555555555,34,15,12,22,0.6470588235294118,-0.763364475291238,769.2272727272725,1110.7696969696967,740.8705882352942,0.9444444444444445,0.9166666666666664,1.0,0.8888888888888888,,,,,1.0,1.0,,,1.0,0.875,9,True,misshipping
msbd_2w,msbd_su,2,112690,Sign Leader Incorporation TX 75041,109826,Sign Leader Incorporation,"CA,PA,TX",3,APS Youth,Mariah Mao,TX,Garland,75041,11068 Walnut Hill Ln,MESQUITE,TX,75149,36,3,10,0.2777777777777778,0,0.0,0,0.0,0,0.0,0,0.0,10,0.2777777777777778,0,0.0,,,0,0,,2,Fairless Hills (PA) 25%; Diamond Bar Rsf (CA) 3%,1,0.027777777777777776,35,14,14,21,0.6,0.4469872791025975,667.4531250000001,473.083870967742,601.44,0.6388888888888888,0.6666666666666665,1.0,0.8,,,,,,,,,1.0,0.8,10,True,misshipping
msbd_2w,msbd_su,2,276885,Serta National WI 53546,924,Serta National,"MD,MI,NC,OK,TN,TX,UT,WA,WI",9,Mattress,Keegan Kerr,WI,Janesville,53546,200 Innovation Drive,MADISON,WI,53704,36,3,5,0.1388888888888889,0,0.0,0,0.0,0,0.0,0,0.0,5,0.1388888888888889,0,0.0,,,0,0,,3,North Houston (TX) 8%; Concord (NC) 3%; Tacoma (WA) 3%,5,0.1388888888888889,7,7,7,24,0.7741935483870968,0.2072471714456489,448.23999999999995,443.1038461538461,284.93333333333334,0.8333333333333334,0.5000000000000001,0.6,0.4,,,,,,,,,0.6,0.4,5,True,misshipping
msbd_2w,msbd_su,2,469410,     XY-CA,328725,"Henan Zhengming Electronic Commerce Co., Ltd.","CA,GA,NJ",3,APS K&D,Asia Supplier Service Desk,CA,Fontana,92335,13277 San Bernardino Ave,WEST RIALTO,CA,92316,36,3,4,0.1111111111111111,0,0.0,0,0.0,1,0.027777777777777776,0,0.0,3,0.08333333333333333,0,0.0,,,0,0,,2,West Savannah  Ncpc (GA) 6%; Savannah (GA) 3%,0,0.0,36,11,11,25,0.6944444444444444,0.03382142796800891,881.5733333333332,1144.1821428571427,753.55,0.8888888888888886,0.6666666666666664,0.5,0.75,,,,,0.0,0.0,,,0.6666666666666666,1.0,4,True,misshipping
msbd_2w,msbd_su,2,441534,Dwelling Dots Ltd GA 30517-2602,308220,Dwelling Dots Ltd,"CA,GA,NJ,TX",4,APS Upholstery,Estrella Wang,GA,Braselton,30517-2602,1380 Jesse Cronic Road,BRASELTON,GA,30517,36,3,2,0.05555555555555555,0,0.0,0,0.0,1,0.027777777777777776,0,0.0,1,0.027777777777777776,0,0.0,,,0,0,,1,Rancho Cucamonga Ncpc (CA) 3%,0,0.0,36,10,8,28,0.7777777777777778,-3.304058146577832,634.2259259259259,765.9384615384614,436.6694444444443,1.0,0.8055555555555557,1.0,0.5,,,,,1.0,1.0,,,1.0,0.0,2,True,misshipping
msbd_2w,msbd_su,2,355588,Lifestyle Furniture Inc IL 60644,53951,Lifestyle Furniture Inc,"CA,IL,MD,NJ,TX,WA",6,Upholstery,Oscar Li,IL,CHICAGO,60644,5418 W Roosevelt Road ,NILES,IL,60714,36,3,13,0.3611111111111111,0,0.0,0,0.0,0,0.0,0,0.0,13,0.3611111111111111,0,0.0,,,0,0,,2,Industry (CA) 33%; Princeton (NJ) 3%,3,0.08333333333333333,33,33,30,3,0.09090909090909091,-1.7108144171082467,494.0733333333333,1690.6000000000001,1750.1133333333335,0.8888888888888887,0.4999999999999999,0.923076923076923,0.6153846153846153,,,,,,,,,0.923076923076923,0.6153846153846153,13,True,misshipping
msbd_2w,msbd_su,2,332518,foshanshi fujiamao yiyouxiangongsi CA 92316,104006,foshanshi fujiamao yiyouxiangongsi,"CA,GA,NJ,PA,TX",5,APS,Asia Supplier Service Desk,CA,Bloomington,92316,1551 S Lilac Ave,WEST RIALTO,CA,92316,36,3,1,0.027777777777777776,0,0.0,0,0.0,0,0.0,0,0.0,1,0.027777777777777776,0,0.0,,,0,0,,1,South Atlanta Ncpc (GA) 3%,1,0.027777777777777776,17,1,1,34,0.9714285714285714,0.6691742920177944,1667.1499999999996,1645.5206896551722,62.277142857142856,0.6944444444444444,0.4722222222222222,0.0,0.0,,,,,,,,,0.0,0.0,1,True,misshipping
msbd_2w,msbd_su,2,360949,"Foshan Gaoyang Furniture Co., Ltd. NJ 08067",296442,"Foshan Gaoyang Furniture Co., Ltd.","CA,FL,NJ",3,APS AEOF,Asia Supplier Service Desk,NJ,Pedricktown ,08067,2 Gateway Blvd,CAMDEN,NJ,8007,36,2,7,0.19444444444444445,0,0.0,0,0.0,0,0.0,0,0.0,7,0.19444444444444445,0,0.0,,,0,0,,1,South Rialto - Ncpc (CA) 19%,1,0.027777777777777776,35,34,20,15,0.42857142857142855,-2.0493236793885035,568.6880000000001,1712.1391304347826,1549.1428571428573,1.0,0.4166666666666666,1.0,0.0,,,,,,,,,1.0,0.0,7,True,misshipping
msbd_2w,msbd_su,2,249574,Great Big Canvas_WPN GA 30046,49104,Sensaria_WPN,"CA,GA,TX",3,Decor,Supplier Service Desk,GA,Lawrenceville,30046,322 Industrial Drive,BRASELTON,GA,30517,36,3,16,0.4444444444444444,0,0.0,0,0.0,0,0.0,0,0.0,16,0.4444444444444444,0,0.0,,,0,0,,1,Arlington (TX) 44%,0,0.0,36,36,36,0,0.0,-0.8247032262210388,456.8444444444444,1067.14,855.9,0.9722222222222222,0.8888888888888887,0.9375,0.9375,,,,,,,,,0.9375,0.9375,16,True,misshipping
msbd_2w,msbd_su,2,460532,Sundale Outdoor GA 31408 ,36598,Sundale Outdoor,"CA,GA,NJ,PA,TX",5,APS AEOF,Asia Supplier Service Desk,GA,Savannah,31408 ,"8 Sonny Purdue Dr,Dock #20-30",SAVANNAH LOCAL,GA,31408,36,3,15,0.4166666666666667,0,0.0,1,0.027777777777777776,2,0.05555555555555555,0,0.0,12,0.3333333333333333,0,0.0,,,0,0,,7,Chino Hills Ncpc (CA) 8%; South Rialto - Ncpc (CA) 6%; Fairless Hills (PA) 6%; Rialto (CA) 6%; Princeton (NJ) 3%,1,0.027777777777777776,35,20,23,12,0.34285714285714286,-0.525251808636793,685.0696969696969,882.5033333333334,775.2714285714286,0.8888888888888887,0.7222222222222224,1.0,0.6666666666666666,,,1.0,1.0,1.0,1.0,,,1.0,0.5833333333333333,15,True,misshipping
msbd_2w,msbd_su,2,336805,TheRoostHomeProducts NC 28001,29526,The Roost Home Products,"NC,TN",2,Tabletop,Isabella Keel,NC,Albemarle,28001,1556 NC Hwy 24 27 Bypass West,CONCORD,NC,28027,35,3,5,0.14285714285714285,0,0.0,0,0.0,0,0.0,0,0.0,5,0.14285714285714285,0,0.0,,,0,0,,1,Clarksville (TN) 14%,0,0.0,8,8,8,27,0.7714285714285715,,1017.0066666666667,1049.5347826086959,107.54285714285713,0.4285714285714285,0.5142857142857142,0.8,0.8,,,,,,,,,0.8,0.8,5,True,misshipping
msbd_2w,msbd_su,2,318631,"Shenzhen Lingang Technology Co., LTD CA 92337",276625,"Shenzhen Lingang Technology Co., LTD","CA,FL,NJ,PA",4,APS Rugs,Rainbow Wu,CA,Fontana,92337,13611 Jurupa Ave ,WEST RIALTO,CA,92316,35,3,1,0.02857142857142857,0,0.0,0,0.0,0,0.0,0,0.0,1,0.02857142857142857,0,0.0,,,0,0,,1,Lehigh Valley (PA) 3%,3,0.08571428571428572,32,1,1,31,0.96875,,785.0741935483871,757.7785714285714,91.57499999999999,0.914285714285714,0.7999999999999999,1.0,0.0,,,,,,,,,1.0,0.0,1,True,misshipping
msbd_2w,msbd_su,2,354037,guang zhou lin he mu yu ke ji you xian gong si GA 31322,354020,guang zhou lin he mu yu ke ji you xian gong si,"CA,GA,NJ",3,Wayfair,Asia Supplier Service Desk,GA,Pooler,31322,301 Cypress Meadow Dr,SAVANNAH LOCAL,GA,31408,35,3,4,0.11428571428571428,0,0.0,0,0.0,0,0.0,0,0.0,4,0.11428571428571428,0,0.0,,,0,0,,2,Secaucus (NJ) 9%; Santa Fe Springs (CA) 3%,1,0.02857142857142857,34,11,11,23,0.6764705882352942,-0.7977267782277182,708.7624999999998,800.7960000000002,484.8647058823529,0.9714285714285713,0.8000000000000002,1.0,0.5,,,,,,,,,1.0,0.5,4,True,misshipping
msbd_2w,msbd_su,2,330464,Joywaa inc GA 31302,178315,Joywaa inc,"CA,FL,GA,NJ,NY,TX",6,Upholstery,Demi Wang,GA,Bloomingdale,31302,3001 Jimmy Deloach Parkway,SAVANNAH LOCAL,GA,31408,35,3,12,0.34285714285714286,0,0.0,0,0.0,0,0.0,0,0.0,12,0.34285714285714286,0,0.0,,,0,0,,4,Davenport (FL) 14%; Williamsburg Ncpc (FL) 14%; East Brunswick (NJ) 3%; Chino (CA) 3%,3,0.08571428571428572,32,13,13,19,0.59375,-0.9472423788710693,1093.7999999999997,1307.618181818182,211.68125,0.942857142857143,0.7714285714285715,1.0,0.6666666666666667,,,,,,,,,1.0,0.6666666666666667,12,True,misshipping
msbd_2w,msbd_su,2,310042,COLORLINK INC CA 90201,80076,COLORLINK INC,"CA,GA,NJ,TX",4,APS K&D,Evie Li,CA,Bell,90201,5553 Bandini Blvd,SANTA FE SPRINGS,CA,90670,35,3,5,0.14285714285714285,0,0.0,0,0.0,3,0.08571428571428572,0,0.0,2,0.05714285714285714,0,0.0,,,0,0,,1,West Savannah  Ncpc (GA) 6%,14,0.4,21,6,6,15,0.7142857142857143,-0.44220353749478836,1109.0454545454545,1087.0944444444444,738.6000000000001,0.3428571428571428,0.3428571428571429,0.6,0.6,,,,,0.3333333333333333,0.3333333333333333,,,1.0,1.0,5,True,misshipping
msbd_2w,msbd_su,2,431523,langfangyuemingqishangmaoyouxiangongsi CA 91730,240536,langfangyuemingqishangmaoyouxiangongsi,"CA,GA,NJ,TX",4,APS K&D,Eve Deng,CA,Rancho Cucamonga,91730,11599 Arrow Route,WEST RIALTO,CA,92316,35,2,5,0.14285714285714285,0,0.0,1,0.02857142857142857,2,0.05714285714285714,0,0.0,2,0.05714285714285714,0,0.0,,,0,0,,2,South Dallas Rsf (TX) 3%; East Brunswick (NJ) 3%,2,0.05714285714285714,33,10,10,23,0.696969696969697,0.12996626755147112,1214.0444444444447,1340.9785714285717,561.1999999999999,0.9714285714285713,0.8000000000000002,1.0,1.0,,,1.0,1.0,1.0,1.0,,,1.0,1.0,5,True,misshipping
msbd_2w,msbd_su,2,360629,Northobliq Digi Inc CA 92316,287325,Northobliq Digi Inc,"CA,GA,NJ,TX",4,Casegoods,Eve Deng,CA,"Bloomington,",92316,"18550 Orange St, Bloomington, CA 92316",WEST RIALTO,CA,92316,35,3,2,0.05714285714285714,0,0.0,0,0.0,1,0.02857142857142857,0,0.0,1,0.02857142857142857,0,0.0,,,0,0,,1,Princeton (NJ) 3%,0,0.0,33,2,2,33,0.9428571428571428,-0.29322936477748196,886.0515151515152,906.290909090909,165.45,1.0,0.942857142857143,1.0,1.0,,,,,1.0,1.0,,,1.0,1.0,2,True,misshipping
msbd_2w,msbd_su,2,463933,wu han liu xin dian zi shang wu you xian gong si GA 31322,329062,wu han liu xin dian zi shang wu you xian gong si,"CA,GA,IL,NJ,TX",5,APS Youth,Emily Liao,GA,Pooler,31322,5250 old Louisville road building 6,SAVANNAH LOCAL,GA,31408,35,3,1,0.02857142857142857,0,0.0,0,0.0,0,0.0,0,0.0,1,0.02857142857142857,0,0.0,,,0,0,,1,Linden (NJ) 3%,2,0.05714285714285714,33,1,1,32,0.9696969696969697,-0.1478322376633102,774.9583333333331,783.575,32.72727272727273,1.0,0.914285714285714,1.0,0.0,,,,,,,,,1.0,0.0,1,True,misshipping
msbd_2w,msbd_su,2,476041,XY-GA5 31407,295162,beijun(tianjin)kejifazhanyouxiangongsi,"CA,GA,NJ",3,APS Home Improvement,Asia Supplier Service Desk,GA,Port Wentworth,31407,302 International Trade Pkwy,SAVANNAH LOCAL,GA,31408,35,2,10,0.2857142857142857,0,0.0,0,0.0,1,0.02857142857142857,0,0.0,9,0.2571428571428571,0,0.0,,,0,0,,3,West Rialto (CA) 17%; South Rialto - Ncpc (CA) 6%; Oceanside (CA) 3%,2,0.05714285714285714,33,13,15,18,0.5454545454545454,-1.349148535746345,679.2800000000001,1285.2413793103449,962.769696969697,0.9714285714285713,0.6571428571428571,1.0,0.4,,,,,1.0,1.0,,,1.0,0.33333333333333337,10,True,misshipping
msbd_2w,msbd_su,2,204169,Wire King Hong Kong Limited CA 91710,60328,Wire King Hong Kong Limited,"CA,GA,NJ,PA,TX",5,APS,Jynn Jiang,CA,Chino,91710,CO 14310 Ramona Avenue,CHINO LOCAL,CA,91710,35,3,9,0.2571428571428571,0,0.0,0,0.0,0,0.0,0,0.0,9,0.2571428571428571,0,0.0,,,0,0,,4,East Brunswick (NJ) 9%; Lehigh Valley (PA) 6%; South Atlanta Ncpc (GA) 6%; Robbinsville (NJ) 6%,3,0.08571428571428572,32,14,14,18,0.5625,0.8201061792952931,1521.5814814814812,794.364,1158.5312500000002,0.8571428571428569,0.5428571428571429,0.8888888888888888,0.7777777777777778,,,,,,,,,0.8888888888888888,0.7777777777777778,9,True,misshipping
msbd_2w,msbd_su,2,430406,Hubei Wokaiduo Shangmao Youxian Gongsi NJ 07208,309337,Hubei Wokaiduo Shangmao Youxian Gongsi,"CA,NJ",2,APS AEOF,Asia Supplier Service Desk,NJ,Elizabeth,07208,865 Newark Ave （378）,LINDEN,NJ,7036,35,3,1,0.02857142857142857,0,0.0,0,0.0,0,0.0,0,0.0,1,0.02857142857142857,0,0.0,,,0,0,,1,Industry (CA) 3%,1,0.02857142857142857,3,2,2,32,0.9411764705882353,-0.9119907358669335,771.5833333333333,807.6791666666666,161.97352941176473,1.0,0.857142857142857,1.0,0.0,,,,,,,,,1.0,0.0,1,True,misshipping
msbd_2w,msbd_su,2,100147,NingBo KaiMeiChen DianZiShangWu You NJ 08820,83386,"Ningbo FanKai E-commerce Co., Ltd._1","CA,GA,IL,NJ,PA",5,APS Home Improvement,Nicole Sun,NJ,Edison,08820,10 Progress St,WOODBRIDGE LOCAL,NJ,8832,35,3,2,0.05714285714285714,0,0.0,0,0.0,0,0.0,0,0.0,2,0.05714285714285714,0,0.0,,,0,0,,2,South Atlanta Ncpc (GA) 3%; Rialto (CA) 3%,6,0.17142857142857143,29,5,5,24,0.8275862068965517,-0.484749460585733,681.3315789473686,872.6999999999999,412.08620689655186,1.0,0.6857142857142857,1.0,0.5,,,,,,,,,1.0,0.5,2,True,misshipping
msbd_2w,msbd_su,2,460574,YXSUN COMPANY LTD IL 60502,87823,YXSUN COMPANY LTD,"CA,GA,IL,NJ,TX",5,APS Decor,Lavinia Zhang,IL,Aurora,60502,C/O 4275 Ferry Rd,SOUTH CHICAGO,IL,60446,35,3,1,0.02857142857142857,0,0.0,0,0.0,0,0.0,0,0.0,1,0.02857142857142857,0,0.0,,,0,0,,1,East Brunswick (NJ) 3%,0,0.0,29,9,2,33,0.9428571428571428,,524.5312499999999,545.2458333333333,71.77575757575758,1.0,0.8,1.0,0.0,,,,,,,,,1.0,0.0,1,True,misshipping
msbd_2w,msbd_su,2,358342,HOTX,95177,"Shenyang Yefu Commercial and Trading Co.,Ltd","CA,GA,NJ,PA,TX",5,APS Outdoor,Asia Supplier Service Desk,TX,Katy,77494,28501 Hwy Blvd,HOUSTON LOCAL,TX,77433,35,3,6,0.17142857142857143,0,0.0,0,0.0,2,0.05714285714285714,0,0.0,4,0.11428571428571428,0,0.0,,,0,0,,3,Lehigh Valley (PA) 6%; Woodbridge (NJ) 3%; West Savannah  Ncpc (GA) 3%,2,0.05714285714285714,31,5,8,25,0.7575757575757576,-0.01282386007770156,926.4142857142857,907.4521739130436,259.17419354838705,1.0,0.7428571428571429,1.0,0.5,,,,,1.0,1.0,,,1.0,0.25,6,True,misshipping
msbd_2w,msbd_su,2,375276,Hong Kong Begonia Enterprise Company Limited NJ 08691,374755,Hong Kong Begonia Enterprise Company Limited,"CA,GA,NJ",3,Wayfair,Asia Supplier Service Desk,NJ,Robbinsville Twp,08691,16 Applegate Dr,ROBBINSVILLE,NJ,8691,35,3,1,0.02857142857142857,0,0.0,0,0.0,0,0.0,0,0.0,1,0.02857142857142857,0,0.0,,,0,0,,1,Richmond Hill Ncpc (GA) 3%,0,0.0,35,1,1,34,0.9714285714285714,-0.20758010223164194,837.6333333333333,854.6208333333333,49.79142857142857,0.9714285714285714,0.7142857142857141,0.0,0.0,,,,,,,,,0.0,0.0,1,True,misshipping
msbd_2w,msbd_su,2,433338,"Wenzhou Shengkai Sanitary Ware  Co., Ltd CA 92880",432654,"Wenzhou Shengkai Sanitary Ware  Co., Ltd","CA,NJ",2,Wayfair,Asia Supplier Service Desk,CA,Eastvale,92880,6221 Archibald Avenue,CHINO LOCAL,CA,91710,35,3,1,0.02857142857142857,0,0.0,0,0.0,0,0.0,0,0.0,1,0.02857142857142857,0,0.0,,,0,0,,1,Metuchen (NJ) 3%,3,0.08571428571428572,31,2,3,29,0.90625,0.5598946462037179,1451.810344827586,1464.7633333333338,154.0806451612904,0.2857142857142857,0.42857142857142855,1.0,1.0,,,,,,,,,1.0,1.0,1,True,misshipping
msbd_2w,msbd_su,2,320709,Esbenshades Garden Center TX 76133,189369,Esbenshades Garden Center,"CA,CO,FL,IN,PA,TX",6,Decor,Trevor Cody,TX,Fort Worth,76133,2951 Suffolk Dr Suite 640,QUAIL RUN,TX,76140,35,3,12,0.34285714285714286,0,0.0,0,0.0,0,0.0,0,0.0,12,0.34285714285714286,0,0.0,,,0,0,,5,Reading (PA) 11%; Fresno (CA) 11%; Harrisburg (PA) 6%; Pueblo (CO) 3%; Jacksonville (FL) 3%,0,0.0,34,30,30,5,0.14285714285714285,-0.571446502103596,467.02857142857135,974.7230769230769,1205.7911764705882,1.0,0.657142857142857,1.0,0.9166666666666666,,,,,,,,,1.0,0.9166666666666666,12,True,misshipping
msbd_2w,msbd_su,2,493465,Hompany Technologies Limited NJ 07036,184037,Hompany Technologies Limited,"CA,GA,IL,NJ",4,APS Bedroom,Asia Supplier Service Desk,NJ, Linden,07036,"Building E, 500 Linden Logistics Way",LINDEN,NJ,7036,35,3,2,0.05714285714285714,0,0.0,0,0.0,0,0.0,0,0.0,2,0.05714285714285714,0,0.0,,,0,0,,1,West Savannah  Ncpc (GA) 6%,2,0.05714285714285714,33,6,5,28,0.8484848484848485,0.26010804780437924,561.230769230769,640.7999999999998,306.60303030303027,1.0,0.8857142857142856,1.0,1.0,,,,,,,,,1.0,1.0,2,True,misshipping
msbd_2w,msbd_su,2,327410,"Ningbo Deli Import and Export Co., Ltd. NJ 07036 ",147783,"Ningbo Deli Import and Export Co., Ltd.","CA,GA,NJ",3,APS,Asia Supplier Service Desk,NJ,Linden,07036,600 linden logistics way,WOODBRIDGE LOCAL,NJ,8832,35,3,2,0.05714285714285714,0,0.0,0,0.0,0,0.0,0,0.0,2,0.05714285714285714,0,0.0,,,0,0,,2,South Rialto - Ncpc (CA) 3%; South Atlanta Ncpc (GA) 3%,1,0.02857142857142857,12,11,11,23,0.6764705882352942,-0.05870359659270161,556.9904761904761,660.02,390.03235294117644,0.9714285714285713,0.6,1.0,0.5,,,,,,,,,1.0,0.5,2,True,misshipping
msbd_2w,msbd_su,2,361921,   WPLA16,336659,"Shanghai Yudingchi Technology Co., LTD.","CA,NJ,PA,TX",4,APS AEOF,Asia Supplier Service Desk,CA,Rialto,92376,1979 Renaissance Pkwy ,WEST RIALTO,CA,92316,35,3,8,0.22857142857142856,0,0.0,0,0.0,2,0.05714285714285714,0,0.0,6,0.17142857142857143,0,0.0,,,0,0,,3,Lehigh Valley (PA) 9%; Fairless Hills (PA) 6%; East Brunswick (NJ) 3%,2,0.05714285714285714,32,21,21,12,0.36363636363636365,-3.035837786504155,690.6258064516127,2041.665384615385,1671.0181818181818,0.9714285714285713,0.4285714285714285,1.0,0.75,,,,,1.0,1.0,,,1.0,0.6666666666666666,8,True,misshipping
msbd_2w,msbd_su,2,293201,DFG DYT2 NJ 08554,69201,Hermes and Fesius LLC,"CA,GA,NJ,PA,TX",5,APS Outdoor,Amber Xiang,NJ,Florence,08554,839 Railroad Ave,ROBBINSVILLE,NJ,8691,35,3,6,0.17142857142857143,0,0.0,0,0.0,1,0.02857142857142857,0,0.0,5,0.14285714285714285,0,0.0,,,0,0,,1,Richmond Hill Ncpc (GA) 14%,1,0.02857142857142857,30,15,9,25,0.7352941176470589,0.2761687058931969,490.97999999999996,444.1090909090909,169.75882352941173,0.9428571428571427,0.6857142857142857,1.0,0.33333333333333337,,,,,1.0,1.0,,,1.0,0.2,6,True,misshipping
msbd_2w,msbd_su,2,276820,"nanjingshi zhuoyipi e-commerce co.,ltd AS RWTX",202150,"nanjingshi zhuoyipi e-commerce co.,ltd","CA,GA,IL,PA,TX",5,APS,Tracy Rong,TX,Houston ,77035,13393 S Main Street,SUGAR LAND,TX,77489,35,3,3,0.08571428571428572,0,0.0,0,0.0,0,0.0,0,0.0,3,0.08571428571428572,0,0.0,,,0,0,,2,Richmond Hill Ncpc (GA) 6%; Chicago (IL) 3%,1,0.02857142857142857,5,5,5,29,0.8529411764705882,-0.5650429312488143,785.0852941176472,895.4911764705881,164.45000000000007,0.7714285714285715,0.6571428571428571,1.0,0.6666666666666667,,,,,,,,,1.0,0.6666666666666667,3,True,misshipping
msbd_2w,msbd_su,2,337607,"Shenzhen Chitado Technology CO.,LTD GA 30168",302484,"Shenzhen Chitado Technology CO.,LTD","CA,GA,NJ,PA,TX",5,APS,Moti Mao,GA,Austell,30168,545 Lake Careco Road,AUSTELL,GA,30168,34,3,1,0.029411764705882353,0,0.0,0,0.0,0,0.0,0,0.0,1,0.029411764705882353,0,0.0,,,0,0,,1,Sugar Land (TX) 3%,0,0.0,34,4,4,30,0.8823529411764706,-0.3254174397031539,451.63846153846146,473.7115384615385,134.22058823529412,1.0,1.0,1.0,1.0,,,,,,,,,1.0,1.0,1,True,misshipping
msbd_2w,msbd_su,2,490497,guang zhou shang jia mao yi you xian gong si NJ 08016,309338,guang zhou shang jia mao yi you xian gong si,"CA,NJ",2,APS Home Improvement,Asia Supplier Service Desk,NJ,Burlington Township,08016,100 Crossings Dr,ROBBINSVILLE,NJ,8691,34,3,2,0.058823529411764705,0,0.0,0,0.0,0,0.0,0,0.0,2,0.058823529411764705,0,0.0,,,0,0,,2,Rialto (CA) 3%; West Rialto (CA) 3%,2,0.058823529411764705,12,3,2,30,0.9375,-1.4674883209081202,802.223076923077,904.0884615384615,178.34687499999998,0.8235294117647058,0.6176470588235294,1.0,0.5,,,,,,,,,1.0,0.5,2,True,misshipping
msbd_2w,msbd_su,2,281738,"KOZEN LEISURE PRODUCTS CO.,LT NJJW4 NJ 08859-1098",166668,COVERCO INDUSTRIAL CO. LIMITED,"CA,GA,NJ",3,APS,Danica Guo,NJ,PARLIN ,08859,99 CALLAHAN BLVD ,EAST BRUNSWICK,NJ,8816,34,3,1,0.029411764705882353,0,0.0,0,0.0,0,0.0,0,0.0,1,0.029411764705882353,0,0.0,,,0,0,,1,Norcross (GA) 3%,1,0.029411764705882353,3,3,3,30,0.9090909090909091,0.07711613050422088,511.1347826086956,571.0391304347827,82.26666666666667,0.9705882352941176,0.7058823529411764,0.0,0.0,,,,,,,,,0.0,0.0,1,True,misshipping
msbd_2w,msbd_su,2,413796,ShouGuangShiJinXiangYuanJiaJuGuFenYouXianGongSi_1 CA 92571,338336,ShouGuangShiJinXiangYuanJiaJuGuFenYouXianGongSi_1,"CA,GA,NJ",3,APS AEOF,Nora Li,CA,Perris,92571,728 W Rider St,RIALTO LOCAL,CA,92316,34,3,3,0.08823529411764706,0,0.0,0,0.0,2,0.058823529411764705,0,0.0,1,0.029411764705882353,0,0.0,,,0,0,,1,Richmond Hill Ncpc (GA) 3%,0,0.0,34,8,8,26,0.7647058823529411,-0.6501017484073899,641.3533333333334,962.5766666666667,437.73235294117654,1.0,0.7058823529411765,1.0,0.6666666666666666,,,,,1.0,0.5,,,1.0,1.0,3,True,misshipping
msbd_2w,msbd_su,2,41441,Tech Lighting IL,1805,Tech Lighting,"IL,SC",2,PG Home Improvement,Alex Vancura,IL,Skokie,60077,7400 Linder,NILES,IL,60714,34,3,1,0.029411764705882353,0,0.0,0,0.0,0,0.0,0,0.0,1,0.029411764705882353,0,0.0,,,0,0,,1,Spartanburg (SC) 3%,4,0.11764705882352941,1,1,1,29,0.9666666666666667,-0.165730890464933,1138.1000000000004,1210.604347826087,26.15714285714285,0.9705882352941175,0.8235294117647058,1.0,0.0,,,,,,,,,1.0,0.0,1,True,misshipping
msbd_2w,msbd_su,2,292719,Extromax Lea Inc NJ 08817 ,177829,Extromax Lea Inc,"CA,GA,NJ,PA,TX",5,APS,Frank Huang,NJ,Edison ,08817,300 Cedar Lane Suite B,WOODBRIDGE LOCAL,NJ,8832,34,2,4,0.11764705882352941,0,0.0,0,0.0,2,0.058823529411764705,0,0.0,2,0.058823529411764705,0,0.0,,,0,0,,1,Houston (TX) 6%,0,0.0,34,6,6,28,0.8235294117647058,0.2194264641406055,619.3772727272727,555.2090909090906,248.06764705882355,0.9705882352941175,0.9117647058823527,1.0,1.0,,,,,1.0,1.0,,,1.0,1.0,4,True,misshipping
msbd_2w,msbd_su,2,310287,"Ningbo Junda Import & Export Co., Ltd. CA 91762 ",156982,"Ningbo Junda Import & Export Co., Ltd.","CA,GA,NJ,TN,TX",5,APS,Frank Huang,CA,Ontario ,91762 ,4705 Walker Ave ,CHINO LOCAL,CA,91710,34,3,2,0.058823529411764705,0,0.0,0,0.0,1,0.029411764705882353,0,0.0,1,0.029411764705882353,0,0.0,,,0,0,,1,West Savannah  Ncpc (GA) 3%,1,0.029411764705882353,32,2,2,31,0.9393939393939394,0.8623355918692706,1551.5774193548389,1513.303333333333,152.4,1.0,0.5294117647058824,1.0,1.0,,,,,1.0,1.0,,,1.0,1.0,2,True,misshipping
msbd_2w,msbd_su,2,368252, MCGA1,285354,HONGKONG LANDER TECHNOLOGY LIMITED,"CA,GA,NJ,TX",4,APS AEOF,Asia Supplier Service Desk,GA,Pooler,31322,101 Clvde Alexander Way,WEST RIALTO,CA,92316,34,3,9,0.2647058823529412,0,0.0,2,0.058823529411764705,0,0.0,0,0.0,7,0.20588235294117646,0,0.0,,,0,0,,3,South Houston (TX) 9%; West Rialto (CA) 9%; Linden (NJ) 3%,0,0.0,32,26,24,10,0.29411764705882354,0.4039598466175591,655.1423076923078,602.0521739130434,790.2058823529411,1.0,0.823529411764706,1.0,0.5555555555555556,,,1.0,0.0,,,,,1.0,0.7142857142857143,9,True,misshipping
msbd_2w,msbd_su,2,433246,hui zhou shi si miao ke ji you xian gong si TX 77053,281645,hui zhou shi si miao ke ji you xian gong si,"AL,CA,GA,IL,NJ,TX",6,APS Bedroom,Asia Supplier Service Desk,TX,Houston,77053,C/O 15012 S Post Oak Road,SUGAR LAND,TX,77489,34,3,20,0.5882352941176471,0,0.0,0,0.0,2,0.058823529411764705,0,0.0,18,0.5294117647058824,0,0.0,,,0,0,,6,West Savannah  Ncpc (GA) 15%; South Rialto - Ncpc (CA) 12%; Chicago (IL) 9%; West Rialto (CA) 9%; Rialto (CA) 6%,2,0.058823529411764705,31,28,28,4,0.125,-0.267577200977083,671.340625,1080.5689655172416,1193.0548387096776,0.911764705882353,0.6470588235294118,0.8999999999999999,0.6,,,,,0.5,1.0,,,0.9444444444444444,0.5555555555555556,20,True,misshipping
msbd_2w,msbd_su,2,508508,"Ningbo Xiangni Technology Co., Ltd. NJ 08016",363210,"Ningbo Xiangni Technology Co., Ltd.","CA,GA,NJ",3,APS AEOF,Asia Supplier Service Desk,NJ,Burlington,08016,1900B River Rd,ROBBINSVILLE,NJ,8691,34,3,1,0.029411764705882353,0,0.0,0,0.0,0,0.0,0,0.0,1,0.029411764705882353,0,0.0,,,0,0,,1,West Savannah  Ncpc (GA) 3%,3,0.08823529411764706,29,29,1,30,0.967741935483871,-0.1956441942982994,667.4699999999999,556.9592592592593,44.01612903225807,0.8823529411764703,0.7941176470588234,1.0,0.0,,,,,,,,,1.0,0.0,1,True,misshipping
msbd_2w,msbd_su,2,473776,Dream home echnology co. LTD. KS 66030,62826,Dream home echnology co. LTD.,"CA,GA,IL,KS,NJ,PA,TX,WA",8,Upholstery,Demi Wang,KS,Edgerton,66030,30450 W 183rd Street,OLATHE,KS,66062,34,3,23,0.6764705882352942,0,0.0,0,0.0,0,0.0,0,0.0,23,0.6764705882352942,0,0.0,,,0,0,,5,Sugar Land (TX) 56%; Oceanside (CA) 3%; South Rialto - Ncpc (CA) 3%; Linden (NJ) 3%; Rialto (CA) 3%,1,0.029411764705882353,33,33,33,0,0.0,-0.5555372608859971,942.2965517241379,1396.5749999999998,825.6848484848484,1.0,0.7647058823529411,1.0,0.7391304347826086,,,,,,,,,1.0,0.7391304347826086,23,True,misshipping
msbd_2w,msbd_su,2,498771, XJ-GA,92496,Luxuria Furniture Inc,"CA,GA,NJ",3,APS Home Improvement,Emma Wang,GA,Suwanee,30024,398 Satellite BLVD NW,BRASELTON,GA,30517,34,3,1,0.029411764705882353,0,0.0,0,0.0,0,0.0,0,0.0,1,0.029411764705882353,0,0.0,,,0,0,,1,West Rialto (CA) 3%,3,0.08823529411764706,1,1,1,30,0.967741935483871,-4.0740882184456755,659.8535714285714,736.0535714285713,70.33870967741935,1.0,0.8529411764705881,1.0,0.0,,,,,,,,,1.0,0.0,1,True,misshipping
msbd_2w,msbd_su,2,360642,"ONEISALL, INC. CA 91761",333920,"ONEISALL, INC.","CA,GA,KY",3,APS Pet,Regan Zou,CA,Ontario,91761,5700 E Airport Drive Suite A,CHINO LOCAL,CA,91710,34,3,12,0.35294117647058826,0,0.0,0,0.0,0,0.0,0,0.0,12,0.35294117647058826,0,0.0,,,0,0,,1,Norcross (GA) 35%,1,0.029411764705882353,33,21,21,12,0.36363636363636365,-0.7955551347971076,721.7870967741936,1499.2166666666665,1378.4363636363635,1.0,0.6176470588235294,1.0,0.6666666666666666,,,,,,,,,1.0,0.6666666666666666,12,True,misshipping
msbd_2w,msbd_su,2,152058,Cozayh LLC GA 30168,57235,Cozayh LLC,"CA,GA,NJ",3,APS,Ricky Yu,GA,Austell,30168,CO 240 The Bluffs,AUSTELL,GA,30168,34,2,2,0.058823529411764705,0,0.0,0,0.0,0,0.0,0,0.0,2,0.058823529411764705,0,0.0,,,0,0,,1,Chino (CA) 6%,1,0.029411764705882353,32,4,4,29,0.8787878787878788,-2.365989660480793,576.2800000000001,857.1,299.51250000000005,1.0,0.7647058823529412,1.0,0.0,,,,,,,,,1.0,0.0,2,True,misshipping
msbd_2w,msbd_su,2,370465,YQN Warehouse-Northwest BCF,184037,Hompany Technologies Limited,"CA,GA,IL,NJ",4,Decor,Asia Supplier Service Desk,CA,FONTANA,92337,11281 CITRUS AVE,WEST RIALTO,CA,92316,34,3,1,0.029411764705882353,0,0.0,0,0.0,0,0.0,0,0.0,1,0.029411764705882353,0,0.0,,,0,0,,1,Woodbridge (NJ) 3%,1,0.029411764705882353,23,1,1,32,0.9696969696969697,-0.15203991781626067,837.8666666666666,867.8666666666667,90.11818181818182,0.9411764705882354,0.5882352941176472,1.0,1.0,,,,,,,,,1.0,1.0,1,True,misshipping
msbd_2w,msbd_su,2,332509,COMFY ZONE US LLC GA 31308,63657,COMFY ZONE US LLC,"CA,GA,IL,NJ,TX",5,APS AEOF,Yolanda GUI,GA,Ellabell,31308,1086 Oracal Parkway,SAVANNAH LOCAL,GA,31408,34,3,4,0.11764705882352941,0,0.0,2,0.058823529411764705,1,0.029411764705882353,0,0.0,1,0.029411764705882353,0,0.0,,,0,0,,1,East Brunswick (NJ) 3%,1,0.029411764705882353,33,9,8,25,0.7575757575757576,0.40358939733610993,400.83030303030307,369.4709677419355,144.5090909090909,0.6764705882352942,0.6764705882352943,0.25,0.75,,,0.0,1.0,0.0,1.0,,,1.0,0.0,4,True,misshipping
msbd_2w,msbd_su,2,445194,PA2.,443024,"Dongguan Yanmu Crafts Co., Ltd.","CA,GA,NJ,PA",4,Casegoods,Supplier Service Desk,PA,Nazareth,18064-9723,3363 Gun Club Rd,LEHIGH VALLEY LOCAL,PA,18067,34,3,2,0.058823529411764705,0,0.0,0,0.0,1,0.029411764705882353,0,0.0,1,0.029411764705882353,0,0.0,,,0,0,,1,Rancho Cucamonga Ncpc (CA) 3%,1,0.029411764705882353,33,8,6,27,0.8181818181818182,-0.5541097858257124,505.6208333333334,625.7999999999998,164.5666666666667,0.9117647058823527,0.7941176470588234,0.5,0.0,,,,,0.0,0.0,,,1.0,0.0,2,True,misshipping
msbd_2w,msbd_su,2,438419,RCK Inc DE  19711,156600,RCK Inc,"CA,DE",2,APS Decor,Asia Supplier Service Desk,DE,Newark,19711,304 S Chapel St #1,NEW CASTLE,DE,19720,34,3,9,0.2647058823529412,0,0.0,0,0.0,0,0.0,0,0.0,9,0.2647058823529412,0,0.0,,,0,0,,1,Chino (CA) 26%,3,0.08823529411764706,27,26,21,10,0.3225806451612903,-1.5606687450083192,737.242857142857,2093.3380952380953,1950.3428571428576,1.0,0.2647058823529411,1.0,0.0,,,,,,,,,1.0,0.0,9,True,misshipping
msbd_2w,msbd_su,2,399997, YQN-NJ 07064,236845,CYNTHERA LIGHTING INC,"CA,GA,NJ",3,APS Home Improvement,Asia Supplier Service Desk,NJ,Port Reading,07064,1001 W Middlesex Ave,SOUTH CARTERET,NJ,7008,34,3,1,0.029411764705882353,0,0.0,0,0.0,0,0.0,0,0.0,1,0.029411764705882353,0,0.0,,,0,0,,1,Oceanside (CA) 3%,0,0.0,33,3,2,32,0.9411764705882353,,553.15,619.0520000000001,180.34242424242427,0.9411764705882354,0.8529411764705882,1.0,0.0,,,,,,,,,1.0,0.0,1,True,misshipping
msbd_2w,msbd_su,2,470794,Wire King Hong Kong Limited GA 30354,60328,Wire King Hong Kong Limited,"CA,GA,NJ,PA,TX",5,APS Housewares & More,Jynn Jiang,GA,Atlanta,30354,3600 Southside Industrial Pkwy,SOUTH ATLANTA,GA,30294,34,3,17,0.5,0,0.0,0,0.0,0,0.0,0,0.0,17,0.5,0,0.0,,,0,0,,3,Lehigh Valley (PA) 41%; Sugar Land (TX) 6%; Rialto (CA) 3%,0,0.0,34,18,18,16,0.47058823529411764,-0.1227131562025865,816.8294117647058,871.8531250000001,470.13529411764705,0.9411764705882354,0.823529411764706,1.0,0.8235294117647057,,,,,,,,,1.0,0.8235294117647057,17,True,misshipping
msbd_2w,msbd_su,2,287782,Theodore Alexander NC 27370,15739,Theodore Alexander,"GA,NC",2,PG Casegoods,Susel Saldivar,NC,Trinity ,27370,3761 Old Glenola Rd,ELON,NC,27377,33,3,4,0.12121212121212122,0,0.0,0,0.0,0,0.0,0,0.0,4,0.12121212121212122,0,0.0,,,0,0,,1,Austell (GA) 12%,13,0.3939393939393939,5,5,5,15,0.75,-0.517819889898388,976.6560000000001,1016.7833333333333,93.60526315789473,0.484848484848485,0.39393939393939403,0.5,0.5,,,,,,,,,0.5,0.5,4,True,misshipping
msbd_2w,msbd_su,2,496002,Man Xin Liu (Hangzhou) Cross Border E-commerce LTD GA 31326,156906,Man Xin Liu (Hangzhou) Cross Border E-commerce LTD,"CA,GA,NJ,TX",4,APS Housewares & More,Asia Supplier Service Desk,GA,Rincon,31326,1200 General Way,SAVANNAH LOCAL,GA,31408,33,3,2,0.06060606060606061,0,0.0,0,0.0,0,0.0,0,0.0,2,0.06060606060606061,0,0.0,,,0,0,,1,Spring (TX) 6%,3,0.09090909090909091,30,6,6,24,0.8,-1.461852861035422,673.5079999999999,757.3136363636364,197.74666666666667,0.9696969696969696,0.818181818181818,1.0,1.0,,,,,,,,,1.0,1.0,2,True,misshipping
msbd_2w,msbd_su,2,355904,Sorfey Inc CA 92374,136871,Sorfey Inc,"CA,NY,PA",3,Storage & Org,Supplier Service Desk,CA,Redlands,92374,27040 San Bernardino Ave,WEST RIALTO,CA,92316,33,3,23,0.696969696969697,0,0.0,0,0.0,0,0.0,0,0.0,23,0.696969696969697,0,0.0,,,0,0,,1,Scranton (PA) 70%,1,0.030303030303030304,32,32,32,0,0.0,-2.7258112157629375,701.241935483871,2285.9785714285717,2653.7,0.7272727272727273,0.3030303030303031,0.6956521739130433,0.30434782608695665,,,,,,,,,0.6956521739130433,0.30434782608695665,23,True,misshipping
msbd_2w,msbd_su,2,285925,"Shenzhen Laiwo Trading Co., Ltd. NJ 08060 ",65593,"Shenzhen Laiwo Trading Co., Ltd.","CA,GA,IL,NJ,PA,TX,WA",7,APS,Stella Yin,NJ,Westampton,08060,35 E Park Dr,ROBBINSVILLE,NJ,8691,33,3,5,0.15151515151515152,0,0.0,3,0.09090909090909091,0,0.0,0,0.0,2,0.06060606060606061,0,0.0,,,0,0,,2,Richmond Hill Ncpc (GA) 3%; Chino Hills Ncpc (CA) 3%,1,0.030303030303030304,26,19,6,26,0.8125,0.23712392866388118,562.8666666666666,587.5096774193547,252.8031249999999,0.6969696969696971,0.7575757575757576,0.2,0.6,,,0.0,0.6666666666666666,,,,,0.5,0.5,5,True,misshipping
msbd_2w,msbd_su,2,442659,中山市拓荒牛照明科技有限公司 NJ 07064,369573,"Zhongshan Tuohuangniu Lighting Technology Co., Ltd.","CA,MD,NJ",3,APS Home Improvement,Asia Supplier Service Desk,NJ,New Jersey,07064,"1001 W Middlesex Ave，Port Reading，NJ,07064",SOUTH CARTERET,NJ,7008,33,3,3,0.09090909090909091,0,0.0,0,0.0,1,0.030303030303030304,0,0.0,2,0.06060606060606061,0,0.0,,,0,0,,2,South Rialto - Ncpc (CA) 3%; Chino (CA) 3%,0,0.0,33,3,3,30,0.9090909090909091,-1.8532159659889134,898.4450000000002,1032.08,202.93333333333337,0.9393939393939394,0.7575757575757578,1.0,0.0,,,,,1.0,0.0,,,1.0,0.0,3,True,misshipping
msbd_2w,msbd_su,2,472035,Uber Bazaar Inc TX 75041,269112,Uber Bazaar Inc,"AR,CA,CO,MD,MS,NC,NJ,NY,TX,VA",10,Lighting,Supplier Service Desk,TX,Garland,75041,2701 S Shiloh Road,MESQUITE,TX,75149,33,3,4,0.12121212121212122,0,0.0,0,0.0,0,0.0,0,0.0,4,0.12121212121212122,0,0.0,,,0,0,,2,Jackson (MS) 6%; Chino (CA) 6%,3,0.09090909090909091,30,30,30,0,0.0,0.01330376234374131,367.87187500000005,979.0888888888888,830.8233333333334,0.9090909090909088,0.5151515151515151,1.0,0.5,,,,,,,,,1.0,0.5,4,True,misshipping
msbd_2w,msbd_su,2,233148,"Xiamen Shengjiu Technology Co.,ltd CA 91789",233142,"Xiamen Shengjiu Technology Co.,ltd","CA,NJ",2,Wayfair,Asia Supplier Service Desk,CA, Fontana,92336,7351 McGuire Ave. Dock #21,WEST RIALTO,CA,92316,33,3,1,0.030303030303030304,0,0.0,0,0.0,0,0.0,0,0.0,1,0.030303030303030304,0,0.0,,,0,0,,1,Camden (NJ) 3%,5,0.15151515151515152,8,1,1,27,0.9642857142857143,,633.0225806451613,565.2576923076923,106.0148148148148,0.6666666666666669,0.5757575757575759,1.0,0.0,,,,,,,,,1.0,0.0,1,True,misshipping
msbd_2w,msbd_su,2,313425,SPRINGDIAL (HK) E-COMMERCE LIMITED TX 77053,68916,SPRINGDIAL (HK) E-COMMERCE LIMITED,"CA,FL,GA,MD,NJ,TX",6,APS,Sean Xu,TX,Houston ,77053,15012 S Post Oak Road,SUGAR LAND,TX,77489,33,3,2,0.06060606060606061,0,0.0,0,0.0,0,0.0,0,0.0,2,0.06060606060606061,0,0.0,,,0,0,,1,East Brunswick (NJ) 6%,0,0.0,2,2,2,31,0.9393939393939394,-0.11240914921569045,784.6758620689656,803.2709677419355,104.90322580645162,1.0,0.9090909090909091,1.0,0.5,,,,,,,,,1.0,0.5,2,True,misshipping
msbd_2w,msbd_su,2,344756,SWEET NIGHT TECHNOLOGY INC. TX 77521,93029,SWEET NIGHT TECHNOLOGY INC.,"CA,GA,IL,NJ,TX",5,APS Mattresses,Checky Yi,TX,Baytown,77521,1770 East Freeway Service Rd,BAYTOWN,TX,77521,33,3,4,0.12121212121212122,0,0.0,0,0.0,2,0.06060606060606061,0,0.0,2,0.06060606060606061,0,0.0,,,0,0,,2,Richmond Hill Ncpc (GA) 3%; Chino Hills Ncpc (CA) 3%,3,0.09090909090909091,22,6,6,24,0.8,-0.39597767939164086,573.93,614.4785714285714,245.80999999999997,1.0,0.696969696969697,1.0,0.25,,,,,1.0,0.5,,,1.0,0.0,4,True,misshipping
msbd_2w,msbd_su,2,473703,Quasi Grizz LLC CA 91762,445259,Quasi Grizz LLC,"CA,NJ",2,APS Outdoor,Supplier Service Desk,CA,Ontario,91762,2221 Remington Ave ,CHINO LOCAL,CA,91710,33,2,2,0.06060606060606061,0,0.0,0,0.0,0,0.0,0,0.0,2,0.06060606060606061,0,0.0,,,0,0,,1,East Brunswick (NJ) 6%,0,0.0,33,3,3,30,0.9090909090909091,-1.3438805634630733,1205.335714285714,1399.2107142857142,249.75757575757575,1.0,0.787878787878788,1.0,0.0,,,,,,,,,1.0,0.0,2,True,misshipping
msbd_2w,msbd_su,2,371134,LLYTech Inc. CA 93725,10909,LLYTech Inc.,"CA,GA,PA,TX",4,APS SEA,Hale Ooi,CA,Fresno ,93725,3443 E Central Ave,FRESNO,CA,93725,33,3,2,0.06060606060606061,0,0.0,0,0.0,0,0.0,0,0.0,2,0.06060606060606061,0,0.0,,,0,0,,1,Lehigh Valley (PA) 6%,1,0.030303030303030304,2,2,2,30,0.9375,0.09784643521602099,1200.2521739130434,1141.1521739130435,176.81249999999994,1.0,0.3939393939393939,1.0,0.5,,,,,,,,,1.0,0.5,2,True,misshipping
msbd_2w,msbd_su,2,474211,ARTICLE-ET TECHNOLOGY DEVELOPMENT INC GA 31407(2),202904,ARTICLE-ET TECHNOLOGY DEVELOPMENT INC,"CA,GA,NJ",3,APS AEOF,Asia Supplier Service Desk,GA,Port Wentworth,31407,302 International Trade Pkwy,SAVANNAH LOCAL,GA,31408,33,3,1,0.030303030303030304,0,0.0,0,0.0,0,0.0,0,0.0,1,0.030303030303030304,0,0.0,,,0,0,,1,East Brunswick (NJ) 3%,1,0.030303030303030304,30,2,2,30,0.9375,0.24572823433685922,730.2239999999999,774.0925925925927,126.04137931034482,0.5454545454545455,0.696969696969697,1.0,1.0,,,,,,,,,1.0,1.0,1,True,misshipping
msbd_2w,msbd_su,2,454386,Ober International Trade INC. AL 77507,245979,Ober International Trade INC.,"AL,CA,GA,NJ",4,Casegoods,Prisha Mark,AL,Houston,77099,9500 W Sam Houston Pkwy S,SUGAR LAND,TX,77489,33,3,4,0.12121212121212122,0,0.0,0,0.0,0,0.0,0,0.0,4,0.12121212121212122,0,0.0,,,0,0,,3,Robbinsville (NJ) 6%; Diamond Bar Rsf (CA) 3%; Richmond Hill Ncpc (GA) 3%,2,0.06060606060606061,7,4,4,27,0.8709677419354839,0.3605025148789315,815.1125000000001,732.8806451612902,188.9,1.0,0.7272727272727272,1.0,0.5,,,,,,,,,1.0,0.5,4,True,misshipping
msbd_2w,msbd_su,2,514453,"Zhongshan Qidian Lighting Co., Ltd. NJ 08691",249297,"Zhongshan Qidian Lighting Co., Ltd.","CA,GA,NJ",3,APS Home Improvement,Asia Supplier Service Desk,NJ,Robbinsville,08691,3 Montgomery Way,ROBBINSVILLE,NJ,8691,33,2,2,0.06060606060606061,0,0.0,0,0.0,0,0.0,0,0.0,2,0.06060606060606061,0,0.0,,,0,0,,1,Chino (CA) 6%,1,0.030303030303030304,6,2,2,30,0.9375,-0.22866643883881999,779.7458333333333,754.4615384615386,191.25517241379313,0.9696969696969696,0.7272727272727273,1.0,0.5,,,,,,,,,1.0,0.5,2,True,misshipping
msbd_2w,msbd_su,2,278601,ASCREATE INC. GA 30517,271202,ASCREATE INC.,"CA,GA,NJ,TX",4,Upholstery,Demi Wang,GA,Braselton,30517,1380 Jesse Cronic Rd,BRASELTON,GA,30517,33,3,8,0.24242424242424243,0,0.0,0,0.0,6,0.18181818181818182,0,0.0,2,0.06060606060606061,0,0.0,,,0,0,,2,Robbinsville (NJ) 3%; Chino Hills Ncpc (CA) 3%,0,0.0,31,11,10,23,0.696969696969697,-0.2509524274069549,561.9612903225808,618.0812500000001,298.41935483870975,1.0,0.8787878787878787,1.0,0.75,,,,,1.0,0.6666666666666667,,,1.0,1.0,8,True,misshipping
msbd_2w,msbd_su,2,237776,OEC Warehouse,77498,ZHUJISHIJIANSHISHIPINYOUXIANGONGSI,"CA,GA,NJ,PA",4,APS,Asia Supplier Service Desk,CA,Ontario,91761,1720 Monticello CtOntario,CHINO LOCAL,CA,91710,33,3,1,0.030303030303030304,0,0.0,0,0.0,0,0.0,0,0.0,1,0.030303030303030304,0,0.0,,,0,0,,1,Lehigh Valley (PA) 3%,4,0.12121212121212122,29,1,1,28,0.9655172413793104,0.04891707712030228,1473.9142857142856,1544.4791666666667,99.22068965517244,0.8484848484848483,0.6363636363636362,0.0,0.0,,,,,,,,,0.0,0.0,1,True,misshipping
msbd_2w,msbd_su,2,267627,NJ 08512,266905,Ningboaoxinjinchukouyouxiangongsi,"CA,GA,IL,NJ,SC",5,Wayfair,David Liu,NJ,Cherry Hill,08003,1515 Burnt Mill RD,CAMDEN,NJ,8007,33,3,1,0.030303030303030304,0,0.0,0,0.0,0,0.0,0,0.0,1,0.030303030303030304,0,0.0,,,0,0,,1,Rialto (CA) 3%,0,0.0,33,18,5,28,0.8484848484848485,-2.052988929889299,407.70000000000005,737.9749999999999,444.760606060606,0.8484848484848486,0.7575757575757576,1.0,0.0,,,,,,,,,1.0,0.0,1,True,misshipping
msbd_2w,msbd_su,2,363017,"Yiwu Zeyi E-commerce Co., Ltd TX 75050",348609,"Yiwu Zeyi E-commerce Co., Ltd","CA,FL,GA,NJ,NY,OH,TX",7,APS Home Improvement,Asia Supplier Service Desk,TX,Grand Prairie,75050,1113 West Oakdale Road,ARLINGTON,TX,76018,33,3,1,0.030303030303030304,0,0.0,0,0.0,0,0.0,0,0.0,1,0.030303030303030304,0,0.0,,,0,0,,1,Chino Hills Ncpc (CA) 3%,1,0.030303030303030304,32,2,2,30,0.9375,-1.526446574369897,613.3411764705883,768.6074074074074,110.3,1.0,0.909090909090909,1.0,0.0,,,,,,,,,1.0,0.0,1,True,misshipping
msbd_2w,msbd_su,2,400584,shenzhenshichenyangzhichuangkejiyouxiangongsi NJ 08810,299347,shenzhenshichenyangzhichuangkejiyouxiangongsi,"CA,GA,NJ,NY,TX",5,APS Upholstery,Asia Supplier Service Desk,NJ,Dayton,08810,1165 CRANBURY SOUTH RIVER RD,PRINCETON,NJ,8810,33,3,1,0.030303030303030304,0,0.0,0,0.0,0,0.0,0,0.0,1,0.030303030303030304,0,0.0,,,0,0,,1,South Atlanta Ncpc (GA) 3%,2,0.06060606060606061,31,10,1,30,0.967741935483871,0.06360114956891164,573.8708333333333,559.959090909091,54.717241379310344,0.9090909090909091,0.787878787878788,1.0,1.0,,,,,,,,,1.0,1.0,1,True,misshipping
msbd_2w,msbd_su,2,403789,ningboxuxindianzishangwuyouxiangongsi CA 91761,286148,ningboxuxindianzishangwuyouxiangongsi,"CA,GA,NJ,PA,TX",5,APS Outdoor,David Liu,CA,Ontario,91761,"5691 Philadelphia Street,Suite 125",WEST RIALTO,CA,92316,33,3,2,0.06060606060606061,0,0.0,0,0.0,1,0.030303030303030304,0,0.0,1,0.030303030303030304,0,0.0,,,0,0,,1,Richmond Hill Ncpc (GA) 3%,2,0.06060606060606061,30,3,3,28,0.9032258064516129,0.4454834979362554,762.9214285714286,683.1931034482759,259.49,1.0,0.9090909090909088,1.0,1.0,,,,,1.0,1.0,,,1.0,1.0,2,True,misshipping
msbd_2w,msbd_su,2,486220,Tianle International Group Limited NJ 07306,452360,Tianle International Group Limited,"CA,GA,NJ,TX",4,APS K&D,Evie Li,NJ,Jersey ,07306,301 Broadway,SECAUCUS,NJ,7307,32,3,1,0.03125,0,0.0,0,0.0,0,0.0,0,0.0,1,0.03125,0,0.0,,,0,0,,1,Sugar Land (TX) 3%,2,0.0625,26,17,17,13,0.43333333333333335,-0.6768231046931409,392.6428571428571,709.8499999999999,622.17,0.7812499999999999,0.5312500000000001,1.0,0.0,,,,,,,,,1.0,0.0,1,True,misshipping
msbd_2w,msbd_su,2,505175,"Shenzhen Chunxin E-Commerce Co., Ltd. TX 77489",267074,HOME HARMONY HK LIMITED,"CA,GA,NJ,TX",4,APS K&D,Hannah Guan,TX,missouri city,77489,"16148 Fondren Road,missouri city,TX,77489,US",SUGAR LAND,TX,77489,32,3,10,0.3125,0,0.0,2,0.0625,0,0.0,0,0.0,8,0.25,0,0.0,,,0,0,,3,Anaheim (CA) 16%; Chino Hills Ncpc (CA) 6%; Richmond Hill Ncpc (GA) 3%,2,0.0625,12,12,12,18,0.6,-0.4263753703707224,667.3937500000001,842.9035714285716,524.5766666666667,0.9062499999999998,0.59375,0.8999999999999999,0.2,,,1.0,1.0,,,,,0.875,0.0,10,True,misshipping
msbd_2w,msbd_su,2,474324,"Huizhou Better Furnishing  Co., Ltd. NJ 08505",360037,"Huizhou Better Furnishing  Co., Ltd.","CA,GA,NJ,TX",4,APS Upholstery,Asia Supplier Service Desk,NJ,Bordentown,08505,"3280 US Highway 206,Bordentown,NJ,08505",ROBBINSVILLE,NJ,8691,32,3,3,0.09375,0,0.0,2,0.0625,0,0.0,0,0.0,1,0.03125,0,0.0,,,0,0,,1,Richmond Hill Ncpc (GA) 3%,1,0.03125,30,26,6,25,0.8064516129032258,0.35455052878719984,550.8590909090908,541.2699999999999,140.31999999999996,1.0,0.78125,1.0,0.6666666666666666,,,1.0,0.5,,,,,1.0,1.0,3,True,misshipping
msbd_2w,msbd_su,2,337211,GIROMET CO GA 31308,291403,GIROMET CO,"CA,GA,NJ,SC,TX",5,Casegoods,Prisha Mark,GA,Ellabell,31308,550 West Port Blvd,SAVANNAH LOCAL,GA,31408,32,3,1,0.03125,0,0.0,0,0.0,0,0.0,0,0.0,1,0.03125,0,0.0,,,0,0,,1,Sugar Land (TX) 3%,1,0.03125,31,1,1,30,0.967741935483871,0.02140007254261884,502.62500000000006,494.76785714285717,41.65483870967742,0.8437499999999999,0.7812500000000001,1.0,1.0,,,,,,,,,1.0,1.0,1,True,misshipping
msbd_2w,msbd_su,2,372963,NingboshiSikaiwoJiajuyongpinyouxiangongsi NJ 08859-1098,296197,NingboshiSikaiwoJiajuyongpinyouxiangongsi,"CA,GA,NJ",3,APS AEOF,Asia Supplier Service Desk,NJ,PARLIN,08859-1098,99 CALLAHAN BLVD,EAST BRUNSWICK,NJ,8816,32,3,8,0.25,0,0.0,0,0.0,1,0.03125,0,0.0,7,0.21875,0,0.0,,,0,0,,1,Richmond Hill Ncpc (GA) 22%,5,0.15625,25,23,10,17,0.6296296296296297,0.420055535750416,562.2416666666668,532.9777777777778,495.2076923076923,0.6875000000000001,0.375,0.5,0.5,,,,,1.0,0.0,,,0.4285714285714286,0.5714285714285714,8,True,misshipping
msbd_2w,msbd_su,2,306504,BH RS Inc CA,59821,BH RS Inc,"CA,NJ",2,Hardware,Supplier Service Desk,CA,Compton,90222,430 E Carlin Ave,CARSON,CA,90746,32,3,9,0.28125,0,0.0,1,0.03125,0,0.0,0,0.0,8,0.25,0,0.0,,,0,0,,1,Camden (NJ) 25%,1,0.03125,22,22,22,9,0.2903225806451613,-0.050860773305069815,1106.7703703703703,1963.4275862068969,2055.5379310344824,0.9375,0.43749999999999994,0.8888888888888888,0.7777777777777778,,,0.0,0.0,,,,,1.0,0.875,9,True,misshipping
msbd_2w,msbd_su,2,509933,"Hangzhou Bestar Network Technology Co.,Ltd TX 77449",372038,"Hangzhou Bestar Network Technology Co.,Ltd","CA,GA,IL,NJ,TX",5,APS K&D,Asia Supplier Service Desk,TX,Katy,77449,2244 North Mason Road,BRASELTON,GA,30517,32,3,7,0.21875,0,0.0,1,0.03125,2,0.0625,0,0.0,4,0.125,0,0.0,,,0,0,,4,Romeoville Rsf (IL) 3%; South Atlanta Ncpc (GA) 3%; Princeton (NJ) 3%; Braselton (GA) 3%,1,0.03125,31,12,12,19,0.6129032258064516,-0.12444522263499011,657.6428571428571,789.2666666666669,376.19354838709666,0.8749999999999997,0.6562499999999999,0.7142857142857143,0.28571428571428575,,,1.0,1.0,0.0,0.0,,,1.0,0.25,7,True,misshipping
msbd_2w,msbd_su,2,329312,shen shen shi shi guang ji ke ji you xian gong si GA 30071,325863,shen shen shi shi guang ji ke ji you xian gong si,"CA,GA",2,APS,Asia Supplier Service Desk,GA,Norcross,30518,1901 peachtree industrial blvd. Suite 200 and 300,BRASELTON,GA,30517,32,3,2,0.0625,0,0.0,0,0.0,1,0.03125,0,0.0,1,0.03125,0,0.0,,,0,0,,1,Chino (CA) 3%,1,0.03125,4,4,4,27,0.8709677419354839,0.49236748651871715,985.6814814814815,968.8222222222223,236.79999999999998,0.9375,0.8125000000000001,1.0,1.0,,,,,1.0,1.0,,,1.0,1.0,2,True,misshipping
msbd_2w,msbd_su,2,66333,Keurig CA 92374(2) STOCKING,36432,Keurig,"CA,GA,NJ",3,Kitchen & Small Electrics,Claire Nissly,CA,Redlands,92374,26875 Pioneer Ave,WEST RIALTO,CA,92316,32,3,2,0.0625,0,0.0,0,0.0,0,0.0,0,0.0,2,0.0625,0,0.0,,,0,0,,1,Robbinsville (NJ) 6%,3,0.09375,6,4,4,25,0.8620689655172413,0.6365267807840971,1432.7666666666669,1373.18,400.15185185185186,0.59375,0.40625,0.5,0.5,,,,,,,,,0.5,0.5,2,True,misshipping
msbd_2w,msbd_su,2,446415,YM-NJ01,108752,Wu han san shu wu xi sheng wu ke ji you xian gong,"CA,NJ",2,APS Housewares & More,Asia Supplier Service Desk,NJ,SOMERSET,08873,425 ELIZABETH AVENUE,WOODBRIDGE LOCAL,NJ,8832,32,3,1,0.03125,0,0.0,0,0.0,0,0.0,0,0.0,1,0.03125,0,0.0,,,0,0,,1,Diamond Bar Rsf (CA) 3%,0,0.0,32,2,2,30,0.9375,-2.924766431732503,738.2222222222221,905.6296296296296,171.29374999999996,0.9375,0.78125,1.0,0.0,,,,,,,,,1.0,0.0,1,True,misshipping
msbd_2w,msbd_su,2,401154,DTI DIRECT MD 21224,109078,DTI DIRECT,"CA,MD",2,Recreation,XiLin Choi,MD,Baltimore,21224,501 N Kresson St,EAST BALTIMORE,MD,21219,32,3,1,0.03125,0,0.0,0,0.0,0,0.0,0,0.0,1,0.03125,0,0.0,,,0,0,,1,West Rialto (CA) 3%,10,0.3125,18,18,18,4,0.18181818181818182,-3.3548214285714284,324.41428571428577,2121.11875,2143.390909090909,0.5937499999999999,0.3125,1.0,1.0,,,,,,,,,1.0,1.0,1,True,misshipping
msbd_2w,msbd_su,2,497986,Shenzhenshiyaoqinmaoyiyouxiangongsi NJ 08512,367690,Shenzhenshiyaoqinmaoyiyouxiangongsi,"CA,NJ,TX",3,APS Mattresses,Blair-Yaqing Gong,NJ,Cranbury,08512,311 Cranbury Half Acre Rd,PRINCETON,NJ,8810,32,3,18,0.5625,0,0.0,0,0.0,0,0.0,0,0.0,18,0.5625,0,0.0,,,0,0,,1,Houston (TX) 56%,0,0.0,32,18,18,14,0.4375,-0.3925446988387198,600.8062500000001,697.2307692307692,919.0875000000002,1.0,1.0,1.0,1.0,,,,,,,,,1.0,1.0,18,True,misshipping
msbd_2w,msbd_su,2,496764,Shenzhen Like Keji Youxiangongsi GA 31405,62368,Shenzhen Like Keji Youxiangongsi,"CA,GA,NJ,PA,TX",5,APS Bedroom,Lydia Liu,GA,Savannah,31405,101 Feldspar Drive,SAVANNAH LOCAL,GA,31408,32,3,5,0.15625,0,0.0,0,0.0,0,0.0,0,0.0,5,0.15625,0,0.0,,,0,0,,4,Camden (NJ) 6%; Rancho Cucamonga Ncpc (CA) 3%; Robbinsville (NJ) 3%; Woodbridge (NJ) 3%,0,0.0,31,5,5,27,0.84375,-0.05404501041713053,754.2199999999998,774.5677419354839,188.13548387096776,0.8437500000000001,0.8437499999999998,1.0,0.8,,,,,,,,,1.0,0.8,5,True,misshipping
msbd_2w,msbd_su,2,302581,shen zhen shi mi ge zhi ke ji you xian gong si NJ 08036,302326,shen zhen shi mi ge zhi ke ji you xian gong si,"CA,NJ",2,Wayfair,Asia Supplier Service Desk,NJ,Hainesport,08036,CO 100 Lawrence Blvd,CAMDEN,NJ,8007,32,3,7,0.21875,0,0.0,1,0.03125,3,0.09375,0,0.0,3,0.09375,0,0.0,,,0,0,,3,Rialto (CA) 3%; South Rialto - Ncpc (CA) 3%; Rancho Cucamonga Ncpc (CA) 3%,0,0.0,24,20,12,20,0.625,-0.32242802921375674,642.0000000000001,883.0285714285715,726.003125,0.9687499999999999,0.6874999999999999,0.8571428571428572,0.4285714285714286,,,0.0,0.0,1.0,0.6666666666666666,,,1.0,0.33333333333333337,7,True,misshipping
msbd_2w,msbd_su,2,492821,Yantai Nanmudianzikeji Youxiangongsi CA  92374,217589,Yantai Nanmudianzikeji Youxiangongsi,"CA,GA,IL,NJ,TX,WA",6,APS Rugs,Rainbow Wu,CA,Redlands,92374,9375 Alabama Street,WEST RIALTO,CA,92316,32,2,1,0.03125,0,0.0,0,0.0,0,0.0,0,0.0,1,0.03125,0,0.0,,,0,0,,1,West Savannah  Ncpc (GA) 3%,1,0.03125,31,1,1,30,0.967741935483871,-5.278924182703454,1303.7687500000002,1369.2967741935483,82.22258064516129,1.0,0.84375,1.0,1.0,,,,,,,,,1.0,1.0,1,True,misshipping
msbd_2w,msbd_su,2,246527,Kaishine LLC CA 91752,245839,Kaishine LLC,"CA,GA,NJ,SC,TX",5,Outdoor Furniture,Kate Schryver,CA,CA,91752,"4225 Etiwanda Avenue, Suite 1",WEST RIALTO,CA,92316,32,2,3,0.09375,0,0.0,0,0.0,1,0.03125,0,0.0,2,0.0625,0,0.0,,,0,0,,1,Richmond Hill Ncpc (GA) 6%,1,0.03125,27,4,4,27,0.8709677419354839,-0.4012565369101925,1413.177272727273,1390.5285714285715,320.08709677419364,0.96875,0.8437499999999998,1.0,0.6666666666666666,,,,,1.0,0.0,,,1.0,1.0,3,True,misshipping
msbd_2w,msbd_su,2,356139,Yantai Aifengdianzishangwu Youxiangongsi TX 77571,226548,Hong Kong Kaituo Limited_1,"CA,GA,IL,NJ,TX,WA",6,APS K&D,Asia Supplier Service Desk,TX,La Porte,77571,645 Independence Pkwy ,BAYTOWN,TX,77521,32,3,1,0.03125,0,0.0,0,0.0,0,0.0,0,0.0,1,0.03125,0,0.0,,,0,0,,1,Rancho Cucamonga Ncpc (CA) 3%,6,0.1875,2,1,1,25,0.9615384615384616,-1.6047922988385477,709.82,729.3192307692308,60.96153846153846,0.875,0.59375,1.0,0.0,,,,,,,,,1.0,0.0,1,True,misshipping
msbd_2w,msbd_su,2,406902,    WEGA5,103176,shenzhen jiejiegao wangluokejiyouxiangongsi,"CA,GA,NJ",3,APS Upholstery,Asia Supplier Service Desk,GA,Port Wentworth,31407,302 International Trade Pkwy,SAVANNAH LOCAL,GA,31408,32,3,1,0.03125,0,0.0,0,0.0,0,0.0,0,0.0,1,0.03125,0,0.0,,,0,0,,1,East Brunswick (NJ) 3%,0,0.0,32,1,1,31,0.96875,-0.5793658396398121,815.9666666666667,828.5379310344829,41.834375,1.0,0.9062499999999998,1.0,1.0,,,,,,,,,1.0,1.0,1,True,misshipping
msbd_2w,msbd_su,2,405167,weifangshikunqidianzishangwuyouxiangongsi FL 32824,315987,weifangshikunqidianzishangwuyouxiangongsi,"AZ,CA,FL,GA,NJ,TX",6,APS AEOF,Nora Li,FL,Orlando,32824,"10963 Florida Crown Drive, Suite 100",SKY LAKE,FL,32809,32,2,15,0.46875,0,0.0,0,0.0,5,0.15625,0,0.0,10,0.3125,0,0.0,,,0,0,,1,North Houston (TX) 31%,7,0.21875,23,23,23,2,0.08,-0.45146720571902205,975.0444444444444,1279.5166666666667,890.7680000000001,0.3125,0.4375,0.5333333333333333,0.7999999999999999,,,,,0.0,1.0,,,0.8,0.7,15,True,misshipping
msbd_2w,msbd_su,2,349602,ningbosanheyongshengkejiyouxiangongsi NJ 07036,219040,ningbosanheyongshengkejiyouxiangongsi,"CA,GA,IL,NJ,TX",5,APS Home Improvement,Asia Supplier Service Desk,NJ,Linden,07036,700 Linden Logistics Wy,LINDEN,NJ,7036,32,3,6,0.1875,0,0.0,1,0.03125,0,0.0,0,0.0,5,0.15625,0,0.0,,,0,0,,3,West Savannah  Ncpc (GA) 6%; Industry (CA) 6%; Rancho Cucamonga Ncpc (CA) 3%,2,0.0625,14,8,8,22,0.7333333333333333,-0.21615503047645218,652.7260869565217,746.6739130434783,587.410344827586,0.9687499999999999,0.5625,1.0,0.33333333333333337,,,1.0,0.0,,,,,1.0,0.4,6,True,misshipping
msbd_2w,msbd_su,2,483888,Kensington Homeware US LLC TX 77033,406213,Kensington Homeware US LLC,"NJ,TX",2,Soft Home,Supplier Service Desk,TX,HOUSTON,77033,6015 MURPHY STREET,SOUTH HOUSTON,TX,77075,32,3,15,0.46875,0,0.0,0,0.0,0,0.0,0,0.0,15,0.46875,0,0.0,,,0,0,,1,Robbinsville (NJ) 47%,1,0.03125,25,25,25,6,0.1935483870967742,-0.11103873090719987,783.104347826087,1078.1839999999997,1275.241935483871,0.9375,0.7499999999999999,1.0,0.7333333333333333,,,,,,,,,1.0,0.7333333333333333,15,True,misshipping
msbd_2w,msbd_su,2,436722,Quanzhou Beilun Trade Company Limited NJ 08840,209121,Quanzhou Beilun Trade Company Limited,"CA,KY,MA,NJ",4,APS Other,Asia Supplier Service Desk,NJ,METUCHEN,08840,1 COAN PL,SOUTH CARTERET,NJ,7008,32,3,2,0.0625,0,0.0,0,0.0,1,0.03125,0,0.0,1,0.03125,0,0.0,,,0,0,,1,Chino (CA) 3%,0,0.0,2,2,2,30,0.9375,-0.5343516187081826,1203.6206896551726,1242.8034482758617,93.39375000000003,1.0,0.9687499999999999,1.0,0.5,,,,,1.0,1.0,,,1.0,0.0,2,True,misshipping
msbd_2w,msbd_su,2,402135,"YiQiyin (Hangzhou) Trading Co., Ltd CA 91789",402089,"YiQiyin (Hangzhou) Trading Co., Ltd","CA,GA,NJ,TX",4,Wayfair,Asia Supplier Service Desk,CA,city of industry,91789,108-118 brea canyon road,INDUSTRY,CA,91789,32,3,3,0.09375,0,0.0,1,0.03125,0,0.0,0,0.0,2,0.0625,0,0.0,,,0,0,,2,Savannah (GA) 3%; Richmond Hill Ncpc (GA) 3%,4,0.125,28,3,3,25,0.8928571428571429,0.8089572606247966,1364.1095238095238,985.7611111111112,280.08571428571423,0.59375,0.59375,0.0,1.0,,,0.0,1.0,,,,,0.0,1.0,3,True,misshipping
msbd_2w,msbd_su,2,349609,Luxurious Fusion Inc GA 31322 (2),281487,Luxurious Fusion Inc,"CA,DE,GA,IL,NJ,TX",6,Casegoods,Asia Supplier Service Desk,GA,Pooler,31322,CO 301 Cypress Mdw Dr 100,SAVANNAH LOCAL,GA,31408,32,3,7,0.21875,0,0.0,0,0.0,4,0.125,0,0.0,3,0.09375,0,0.0,,,0,0,,2,Linden (NJ) 6%; Industry (CA) 3%,0,0.0,32,10,10,22,0.6875,-0.5698293606448527,779.782142857143,727.316,253.58125,0.7499999999999999,0.6562500000000002,1.0,0.8571428571428572,,,,,1.0,1.0,,,1.0,0.6666666666666666,7,True,misshipping
msbd_2w,msbd_su,2,344282,The Home Biz LLC CA 92626 ,275756,The Home Biz LLC,"CA,GA,NJ,TX",4,Casegoods,Prisha Mark,CA,Costa Mesa,92626 ,1683 Sunflower Ave Ste B,ANAHEIM,CA,92801,32,3,1,0.03125,0,0.0,0,0.0,0,0.0,0,0.0,1,0.03125,0,0.0,,,0,0,,1,Sugar Land (TX) 3%,2,0.0625,1,1,1,29,0.9666666666666667,0.8590651558073654,505.55,470.15238095238095,51.08333333333334,0.9687499999999999,0.8437499999999999,0.0,1.0,,,,,,,,,0.0,1.0,1,True,misshipping
msbd_2w,msbd_su,2,317765,shenzhenshichenyangzhichuangkejiyou CA 91761,299347,shenzhenshichenyangzhichuangkejiyouxiangongsi,"CA,GA,NJ,NY,TX",5,APS Youth,Asia Supplier Service Desk,CA,Ontario,91761,3510 E Francis St.,CHINO LOCAL,CA,91710,32,3,1,0.03125,0,0.0,0,0.0,0,0.0,0,0.0,1,0.03125,0,0.0,,,0,0,,1,Norcross (GA) 3%,3,0.09375,29,1,1,28,0.9655172413793104,0.9826725810923205,1571.9777777777779,1516.8916666666664,91.67931034482758,0.9687499999999999,0.71875,1.0,1.0,,,,,,,,,1.0,1.0,1,True,misshipping
msbd_2w,msbd_su,2,370042,shenzhenshibeilailidianqiyouxiangongsi IL 60517,335200,shenzhenshibeilailidianqiyouxiangongsi,"CA,GA,IL,PA,TX",5,APS Home Improvement,Tracy Rong,IL,Woodridge,60517,2110 Wallace Way,MCCOOK,IL,60525,32,3,4,0.125,0,0.0,0,0.0,0,0.0,0,0.0,4,0.125,0,0.0,,,0,0,,3,Sugar Land (TX) 6%; Richmond Hill Ncpc (GA) 3%; Burbank (CA) 3%,1,0.03125,10,5,5,26,0.8387096774193549,0.6058377470275645,518.9428571428572,460.45000000000005,197.32666666666668,0.8749999999999999,0.6250000000000001,0.5,0.75,,,,,,,,,0.5,0.75,4,True,misshipping
msbd_2w,msbd_su,2,370433,Lifestyle Solutions PA 18091,326,Lifestyle Solutions,"CA,PA,SC",3,Upholstery,Paul Powers,PA,Windgap ,18091,433 E Moorestown Rd,LEHIGH VALLEY LOCAL,PA,18067,32,3,2,0.0625,0,0.0,0,0.0,0,0.0,0,0.0,2,0.0625,0,0.0,,,0,0,,1,Charleston (SC) 6%,0,0.0,30,2,2,30,0.9375,-0.3634625912715206,803.3681818181817,823.2434782608696,46.08387096774194,0.9375,0.5624999999999999,1.0,1.0,,,,,,,,,1.0,1.0,2,True,misshipping
msbd_2w,msbd_su,2,460871,"Tang Sheng (Shenzhen) International Trade Co., Ltd CA 92374",176369,"Tang Sheng (Shenzhen) International Trade Co., Ltd","CA,GA,NJ,PA,TX",5,APS Home Improvement,Janet Jiang,CA,Redlands,92374,9375 Alabama Street,WEST RIALTO,CA,92316,32,3,3,0.09375,0,0.0,1,0.03125,0,0.0,0,0.0,2,0.0625,0,0.0,,,0,0,,2,Camden (NJ) 3%; Woodbridge (NJ) 3%,4,0.125,28,4,4,24,0.8571428571428571,-1.355043971976071,1310.9695652173916,1450.740909090909,369.5678571428572,0.9375,0.75,1.0,0.33333333333333337,,,1.0,1.0,,,,,1.0,0.0,3,True,misshipping
msbd_2w,msbd_su,2,320428,Esbenshades Garden Center FL 32254,189369,Esbenshades Garden Center,"CA,CO,FL,IN,PA,TX",6,Decor,Trevor Cody,FL,Jacksonville,32254,5638 Commonwealth Ave,JACKSONVILLE,FL,32221,32,3,10,0.3125,0,0.0,0,0.0,0,0.0,0,0.0,10,0.3125,0,0.0,,,0,0,,3,Harrisburg (PA) 16%; Reading (PA) 13%; Pueblo (CO) 3%,0,0.0,28,28,28,4,0.125,-0.41119484444752835,515.315625,872.9272727272728,760.0500000000001,1.0,0.6562500000000002,1.0,0.7,,,,,,,,,1.0,0.7,10,True,misshipping
msbd_2w,msbd_su,2,466899,Cixi Dongyaodianzishangwuyouxiangongsi CA 91730,354915,Cixi Dongyaodianzishangwuyouxiangongsi,"CA,GA,NJ,PA,TX",5,APS AEOF,Asia Supplier Service Desk,CA,Cucamonga,91730,11177 White Birch Dr Rancho Cucamonga,WEST RIALTO,CA,92316,31,3,3,0.0967741935483871,0,0.0,0,0.0,0,0.0,0,0.0,3,0.0967741935483871,0,0.0,,,0,0,,1,South Atlanta Ncpc (GA) 10%,0,0.0,31,3,3,28,0.9032258064516129,0.6265840378436,1357.0615384615382,1153.8809523809525,223.77419354838707,1.0,0.774193548387097,1.0,1.0,,,,,,,,,1.0,1.0,3,True,misshipping
msbd_2w,msbd_su,2,463491,"Zhengsheng E-Commerce (Jiangxi) Co., Ltd CA 91748",450419,"Zhengsheng E-Commerce (Jiangxi) Co., Ltd","CA,FL,GA,IL,NC,NJ,OH,TX",8,APS Home Improvement,Asia Supplier Service Desk,CA,Industry,91748,18895 E. Arenth Ave,INDUSTRY,CA,91789,31,3,1,0.03225806451612903,0,0.0,0,0.0,0,0.0,0,0.0,1,0.03225806451612903,0,0.0,,,0,0,,1,South Atlanta Ncpc (GA) 3%,1,0.03225806451612903,27,1,2,28,0.9333333333333333,0.3160166825199386,935.6896551724138,913.1857142857143,106.07666666666667,0.8709677419354839,0.7741935483870969,1.0,1.0,,,,,,,,,1.0,1.0,1,True,misshipping
msbd_2w,msbd_su,2,351191,"Hangzhou Runxin E-commerce Co., Ltd NJ 08810",345861,"Hangzhou Runxin E-commerce Co., Ltd","CA,GA,NJ,TX",4,APS Upholstery,Asia Supplier Service Desk,NJ,Dayton,08810,1165 CRANBURY SOUTH RIVER RD,PRINCETON,NJ,8810,31,3,1,0.03225806451612903,0,0.0,0,0.0,0,0.0,0,0.0,1,0.03225806451612903,0,0.0,,,0,0,,1,Chino Hills Ncpc (CA) 3%,1,0.03225806451612903,29,9,2,28,0.9333333333333333,-1.0867357732176857,1210.6999999999998,1272.1285714285714,217.73571428571424,0.8709677419354838,0.8064516129032258,1.0,0.0,,,,,,,,,1.0,0.0,1,True,misshipping
msbd_2w,msbd_su,2,57453,Serta National UT 84101,924,Serta National,"MD,MI,NC,OK,TN,TX,UT,WA,WI",9,Mattress,Keegan Kerr,UT,Salt Lake City,84101,1620 Empire Rd ,SALT LAKE CITY LOCAL,UT,84054,31,3,11,0.3548387096774194,0,0.0,1,0.03225806451612903,0,0.0,0,0.0,10,0.3225806451612903,0,0.0,,,0,0,,2,Tacoma (WA) 19%; North Houston (TX) 13%,2,0.06451612903225806,28,24,24,5,0.1724137931034483,-0.6408774574131022,620.5583333333334,994.1750000000002,900.1464285714286,0.967741935483871,0.7741935483870968,1.0,0.8181818181818182,,,1.0,1.0,,,,,1.0,0.8,11,True,misshipping
msbd_2w,msbd_su,2,409445,"NINGBO YIWEI MUYINYONGPING Co., Ltd. TX 77099",280978,"NINGBO YIWEI MUYINYONGPING Co., Ltd.","CA,GA,NJ,TX",4,APS Home Improvement,Asia Supplier Service Desk,TX,Houston,77099,"9500 W Sam Houston Pkwy S, Houston, TX 77099",SUGAR LAND,TX,77489,31,3,8,0.25806451612903225,0,0.0,0,0.0,0,0.0,0,0.0,8,0.25806451612903225,0,0.0,,,0,0,,2,West Savannah  Ncpc (GA) 13%; Woodbridge (NJ) 13%,0,0.0,11,11,11,20,0.6451612903225806,-0.046679701056527995,1034.6862068965518,1063.5827586206897,478.66451612903234,0.9354838709677419,0.7741935483870968,0.75,0.5,,,,,,,,,0.75,0.5,8,True,misshipping
msbd_2w,msbd_su,2,490714,Prosper Trade Inc NJ 08857,298676,Prosper Trade Inc,"CA,CO,GA,NJ,TX",5,Wayfair Professional,Supplier Service Desk,NJ,Old Bridge,08857,600 Fairway Lane,EAST BRUNSWICK,NJ,8816,31,3,7,0.22580645161290322,0,0.0,2,0.06451612903225806,0,0.0,0,0.0,5,0.16129032258064516,0,0.0,,,0,0,,2,South Rialto - Ncpc (CA) 10%; South Atlanta Ncpc (GA) 6%,0,0.0,26,26,26,5,0.16129032258064516,-0.2270222519990811,388.6040000000001,976.1956521739129,1101.7774193548385,0.9354838709677419,0.5806451612903225,1.0,0.4285714285714286,,,1.0,1.0,,,,,1.0,0.2,7,True,misshipping
msbd_2w,msbd_su,2,494159,TOPTENG INTERNATIONAL TARDE INC IL 60608,91618,TOPTENG INTERNATIONAL TARDE INC,"CA,FL,IL,NJ,TX",5,APS Outdoor,Asia Supplier Service Desk,IL,Chicago,60608,2701 S Western Ave Unit A,CHICAGO LOOP,IL,60608,31,3,5,0.16129032258064516,0,0.0,0,0.0,0,0.0,0,0.0,5,0.16129032258064516,0,0.0,,,0,0,,2,Industry (CA) 13%; Jacksonville (FL) 3%,1,0.03225806451612903,29,8,8,22,0.7333333333333333,-1.1095743249051533,643.3705882352941,887.8379310344828,528.8827586206896,0.935483870967742,0.7096774193548387,0.8,0.6,,,,,,,,,0.8,0.6,5,True,misshipping
msbd_2w,msbd_su,2,302088,Yiwu Youxi Electronic Commerce GA 31326 ,98141,Yiwu Youxi Electronic Commerce Co. Ltd,"CA,GA,NJ,TX",4,APS Outdoor,Amber Xiang,GA,Rincon,31326,1001 Trade Center parkway,SAVANNAH LOCAL,GA,31408,31,3,6,0.1935483870967742,0,0.0,1,0.03225806451612903,1,0.03225806451612903,0,0.0,4,0.12903225806451613,0,0.0,,,0,0,,3,Metuchen (NJ) 6%; Baytown (TX) 3%; Robbinsville (NJ) 3%,3,0.0967741935483871,28,8,8,20,0.7142857142857143,0.023769448713887198,733.7217391304348,601.82,234.86428571428576,0.6129032258064517,0.6451612903225807,0.6666666666666667,0.8333333333333334,,,0.0,0.0,0.0,1.0,,,1.0,1.0,6,True,misshipping
msbd_2w,msbd_su,2,401274,Allied Plush lnc IN 46143,62525,Allied Plush lnc,"CA,GA,IN,NE,NJ,NV,PA,TX,WA",9,APS Home Improvement,Asia Supplier Service Desk,IN,Greenwood,46143,831 N Graham Rd,GREENWOOD LOCAL,IN,46143,31,3,5,0.16129032258064516,0,0.0,0,0.0,1,0.03225806451612903,0,0.0,4,0.12903225806451613,0,0.0,,,0,0,,4,Savannah (GA) 3%; Diamond Bar Rsf (CA) 3%; North Las Vegas Rsf (NV) 3%; Dallas (TX) 3%,5,0.16129032258064516,26,17,13,13,0.5,-0.9968453884251363,440.5000000000001,525.0571428571428,369.14615384615394,0.8709677419354837,0.7096774193548387,0.8,0.4,,,,,1.0,1.0,,,0.75,0.25,5,True,misshipping
msbd_2w,msbd_su,2,485365,"KUA BAO INTERNATIONAL TRADING CO.,LIMITED TX  77584",369002,"KUA BAO INTERNATIONAL TRADING CO.,LIMITED","CA,NJ,TX",3,APS Decor,Asia Supplier Service Desk,TX,Pearland,77584,3215 veterans Dr,SOUTH HOUSTON,TX,77075,31,3,1,0.03225806451612903,0,0.0,0,0.0,0,0.0,0,0.0,1,0.03225806451612903,0,0.0,,,0,0,,1,Chino (CA) 3%,3,0.0967741935483871,1,1,1,27,0.9642857142857143,-1.2368093578894972,677.1529411764706,735.6176470588236,54.29642857142858,1.0,0.7096774193548387,1.0,0.0,,,,,,,,,1.0,0.0,1,True,misshipping
msbd_2w,msbd_su,2,485015,"Shenzhen Yidesen Technology Co., Ltd. CA 92337(2)",375587,"Shenzhen Yidesen Technology Co., Ltd.","CA,NJ",2,APS AEOF,Asia Supplier Service Desk,CA,Fontana,92337,13083 Slover Ave,WEST RIALTO,CA,92316,31,3,4,0.12903225806451613,0,0.0,2,0.06451612903225806,0,0.0,0,0.0,2,0.06451612903225806,0,0.0,,,0,0,,2,Woodbridge (NJ) 3%; Camden (NJ) 3%,0,0.0,31,5,5,26,0.8387096774193549,0.7956621559057272,1873.8250000000003,1596.860714285714,432.4032258064516,1.0,0.8709677419354838,1.0,0.75,,,1.0,0.5,,,,,1.0,1.0,4,True,misshipping
msbd_2w,msbd_su,2,451410,"Shenzhen Zhichao Technology Co., Ltd. NJ 07008",432034,"Shenzhen Zhichao Technology Co., Ltd.","CA,NJ,TX",3,APS AEOF,Carl Li,NJ,Carteret,07008,1500 Blair Road,SOUTH CARTERET,NJ,7008,31,3,1,0.03225806451612903,0,0.0,0,0.0,0,0.0,0,0.0,1,0.03225806451612903,0,0.0,,,0,0,,1,South Houston (TX) 3%,1,0.03225806451612903,30,1,1,29,0.9666666666666667,0.897972007997715,1192.5249999999996,1153.1296296296293,61.95,0.8709677419354837,0.5806451612903225,1.0,0.0,,,,,,,,,1.0,0.0,1,True,misshipping
msbd_2w,msbd_su,2,438979,Healthcareco ltd NJ 08505(2),150801,Healthcareco ltd,"CA,GA,NJ,TX",4,APS Mattresses,Sylvia Ding,NJ,Bordentown,08505,2015 US 206,ROBBINSVILLE,NJ,8691,31,3,1,0.03225806451612903,0,0.0,0,0.0,0,0.0,0,0.0,1,0.03225806451612903,0,0.0,,,0,0,,1,West Rialto (CA) 3%,5,0.16129032258064516,8,6,1,25,0.9615384615384616,0.8530498118678588,776.2043478260871,642.0,110.30384615384615,0.6129032258064517,0.4193548387096773,0.0,0.0,,,,,,,,,0.0,0.0,1,True,misshipping
msbd_2w,msbd_su,2,498498,"Fujian DecoWin E-commerce Co., Ltd CA 91730",83121,"Fujian DecoWin E-commerce Co., Ltd","CA,GA,TX",3,APS Decor,Asia Supplier Service Desk,CA,Rancho Cucamonga,91730,8595 Milliken Ave unit B-101,WEST RIALTO,CA,92316,31,3,6,0.1935483870967742,0,0.0,0,0.0,2,0.06451612903225806,0,0.0,4,0.12903225806451613,0,0.0,,,0,0,,1,South Dallas Rsf (TX) 13%,3,0.0967741935483871,28,13,13,15,0.5357142857142857,-1.374334404664661,816.7,1205.675,952.6071428571431,0.7419354838709676,0.4516129032258065,0.8333333333333334,0.6666666666666666,,,,,0.5,0.0,,,1.0,1.0,6,True,misshipping
msbd_2w,msbd_su,2,282622,ZHEJIANG XINGHUA FURNITURE CO LTD CA4,202245,ZHEJIANG XINGHUA FURNITURE CO LTD,"CA,GA",2,APS,Ricky Yu,CA,Rancho Cucamonga,91730,11599 Arrow Route,WEST RIALTO,CA,92316,31,3,2,0.06451612903225806,0,0.0,0,0.0,1,0.03225806451612903,0,0.0,1,0.03225806451612903,0,0.0,,,0,0,,1,Richmond Hill Ncpc (GA) 3%,1,0.03225806451612903,30,3,3,27,0.9,-1.4522271621508267,1236.3958333333337,1425.6478260869565,248.9620689655172,0.967741935483871,0.7096774193548387,1.0,0.0,,,,,1.0,0.0,,,1.0,0.0,2,True,misshipping
msbd_2w,msbd_su,2,485144,LORYN LLC TX 75050,436750,LORYN LLC,"CA,NJ,PA,TX",4,APS Decor,Asia Supplier Service Desk,TX,Grand Prairie,75050,1113 West Oakdale Road,ARLINGTON,TX,76018,31,2,4,0.12903225806451613,0,0.0,0,0.0,0,0.0,0,0.0,4,0.12903225806451613,0,0.0,,,0,0,,2,Chino Hills Ncpc (CA) 10%; Chino (CA) 3%,1,0.03225806451612903,30,30,19,11,0.36666666666666664,-1.3189991659368925,494.64375,1581.953571428571,1392.0105263157893,0.967741935483871,0.35483870967741926,1.0,0.5,,,,,,,,,1.0,0.5,4,True,misshipping
msbd_2w,msbd_su,2,438186,LUMINOUS STREAM LLC NJ 08527,438182,LUMINOUS STREAM LLC,"CA,NJ",2,Wayfair,Supplier Service Desk,NJ,Jackson,08527,545 Monmouth Rd,ROBBINSVILLE,NJ,8691,31,3,3,0.0967741935483871,0,0.0,2,0.06451612903225806,0,0.0,0,0.0,1,0.03225806451612903,0,0.0,,,0,0,,1,South Rialto - Ncpc (CA) 3%,6,0.1935483870967742,15,9,9,16,0.64,0.12394762865509523,983.1562500000001,1127.5571428571432,979.7640000000001,0.5483870967741935,0.29032258064516137,1.0,0.3333333333333333,,,1.0,0.5,,,,,1.0,0.0,3,True,misshipping
msbd_2w,msbd_su,2,190686,Bueauty Box Inc NJ 08505,97973,Bueauty Box Inc,"CA,NJ",2,APS Youth,Asia Supplier Service Desk,NJ,Bordentown,08505,CO 1175 Florence Columbus Road,ROBBINSVILLE,NJ,8691,31,3,2,0.06451612903225806,0,0.0,0,0.0,0,0.0,0,0.0,2,0.06451612903225806,0,0.0,,,0,0,,1,South Rialto - Ncpc (CA) 6%,3,0.0967741935483871,25,2,2,26,0.9285714285714286,-1.7780222853726597,722.7320000000001,853.6652173913043,217.70000000000002,0.7419354838709677,0.7096774193548385,0.5,0.0,,,,,,,,,0.5,0.0,2,True,misshipping
msbd_2w,msbd_su,2,232904,Jetly Prey Outdoor Inc NJ3,205980,Jetly Prey Outdoor Inc,"CA,FL,GA,NJ,OH,TX",6,Upholstery,Zichu Wang,NJ,Dayton,08810,1165 CRANBURY SOUTH RIVER RD,PRINCETON,NJ,8810,31,3,1,0.03225806451612903,0,0.0,0,0.0,0,0.0,0,0.0,1,0.03225806451612903,0,0.0,,,0,0,,1,Rancho Cucamonga Ncpc (CA) 3%,3,0.0967741935483871,28,5,2,26,0.9285714285714286,,519.2058823529412,555.9933333333333,146.2321428571429,0.3548387096774194,0.6451612903225805,1.0,0.0,,,,,,,,,1.0,0.0,1,True,misshipping
msbd_2w,msbd_su,2,364980,良仓-NJ-06,363958,"Shenzhen Yuanshen Import & Export Co., Ltd.","CA,GA,IL,NJ,PA,TX",6,Wayfair,Asia Supplier Service Desk,NJ,Burlington,08016,1950 River Road,ROBBINSVILLE,NJ,8691,31,3,2,0.06451612903225806,0,0.0,1,0.03225806451612903,0,0.0,0,0.0,1,0.03225806451612903,0,0.0,,,0,0,,1,Fairless Hills (PA) 3%,0,0.0,18,18,2,29,0.9354838709677419,0.7555882517291921,875.7086956521739,592.2,183.69999999999993,1.0,0.8064516129032258,1.0,0.5,,,1.0,0.0,,,,,1.0,1.0,2,True,misshipping
msbd_2w,msbd_su,2,448283, YQN-BCF-CA,236845,CYNTHERA LIGHTING INC,"CA,GA,NJ",3,APS Home Improvement,Asia Supplier Service Desk,CA,FONTANA,92337,11281 CITRUS AVE,WEST RIALTO,CA,92316,31,3,2,0.06451612903225806,0,0.0,0,0.0,1,0.03225806451612903,0,0.0,1,0.03225806451612903,0,0.0,,,0,0,,1,Braselton (GA) 3%,1,0.03225806451612903,20,3,3,27,0.9,-1.689374378649397,1333.9319999999998,1332.1384615384618,240.33793103448272,0.9354838709677419,0.7096774193548387,0.5,0.5,,,,,1.0,1.0,,,0.0,0.0,2,True,misshipping
msbd_2w,msbd_su,2,445460,U-NJ-2,221756,Ning Bo Hao Mi Xin Xi Ke Ji You Xian Gong Si,"CA,GA,NJ,TX",4,APS Home Improvement,Yinan Du,NJ,Bordentown,08505,5206 US 130 N,HAGERSTOWN,MD,21740,31,3,1,0.03225806451612903,0,0.0,0,0.0,0,0.0,0,0.0,1,0.03225806451612903,0,0.0,,,0,0,,1,Chino (CA) 3%,1,0.03225806451612903,30,1,1,29,0.9666666666666667,-1.407416472891935,724.9624999999999,783.3541666666666,119.33333333333336,1.0,0.8709677419354839,1.0,0.0,,,,,,,,,1.0,0.0,1,True,misshipping
msbd_2w,msbd_su,2,448765,Hu Nan Sui Huo Dian Zi Shang Wu You Xian Ze Ren Gong Si CA 92337,405132,Hu Nan Sui Huo Dian Zi Shang Wu You Xian Ze Ren Gong Si,"CA,NJ",2,APS Youth,Emily Liao,CA,Fontana,92337,13052 Jurupa Ave,WEST RIALTO,CA,92316,31,3,4,0.12903225806451613,0,0.0,0,0.0,1,0.03225806451612903,0,0.0,3,0.0967741935483871,0,0.0,,,0,0,,2,Woodbridge (NJ) 6%; Robbinsville (NJ) 3%,1,0.03225806451612903,13,4,4,26,0.8666666666666667,0.04503157293577667,1076.816666666667,1066.6620689655172,372.66333333333336,0.9677419354838709,0.8387096774193549,0.75,0.75,,,,,0.0,0.0,,,1.0,1.0,4,True,misshipping
msbd_2w,msbd_su,2,149570,AQUA GALLERY CA 91761,85716,AQUA GALLERY,"CA,NJ,UT",3,APS Spa,Riley Jiang,CA,Ontario,91761,2090 s Etiwanda Ave,CHINO LOCAL,CA,91710,31,2,4,0.12903225806451613,0,0.0,0,0.0,0,0.0,0,0.0,4,0.12903225806451613,0,0.0,,,0,0,,1,Provo (UT) 13%,1,0.03225806451612903,30,10,10,20,0.6666666666666666,-0.698550097381519,1130.7074074074071,1445.9299999999996,211.43,0.9677419354838709,0.8064516129032259,1.0,1.0,,,,,,,,,1.0,1.0,4,True,misshipping
msbd_2w,msbd_su,2,434538,"Hong Kong Baihui International Trade Co., Limited CA 91752",432848,"Hong Kong Baihui International Trade Co., Limited","CA,NJ",2,APS Soft Home,lance Zhou,CA,Eastvale,91752,4560 Hamner Ave Dock #403 ,WEST RIALTO,CA,92316,31,3,6,0.1935483870967742,0,0.0,0,0.0,0,0.0,0,0.0,6,0.1935483870967742,0,0.0,,,0,0,,1,Camden (NJ) 19%,4,0.12903225806451613,27,9,9,18,0.6666666666666666,0.7383576033152341,1302.3916666666664,783.7521739130435,912.8888888888889,0.6129032258064515,0.5483870967741935,0.8333333333333334,0.6666666666666667,,,,,,,,,0.8333333333333334,0.6666666666666667,6,True,misshipping
msbd_2w,msbd_su,2,499031,Hermes and Fesius LLC NJ 08067,69201,Hermes and Fesius LLC,"CA,GA,NJ,PA,TX",5,APS Outdoor,Amber Xiang,NJ,Pedricktown,08067,2 Gateway Blvd,CAMDEN,NJ,8007,31,3,1,0.03225806451612903,0,0.0,0,0.0,0,0.0,0,0.0,1,0.03225806451612903,0,0.0,,,0,0,,1,Richmond Hill Ncpc (GA) 3%,0,0.0,31,9,2,29,0.9354838709677419,-0.31613756613756605,566.2850000000001,684.3565217391302,100.93333333333337,1.0,0.8064516129032259,1.0,0.0,,,,,,,,,1.0,0.0,1,True,misshipping
msbd_2w,msbd_su,2,366412,iNestopia Limited NJ 08810,337242,iNestopia Limited,"CA,GA,NJ,TX",4,APS K&D,Asia Supplier Service Desk,NJ,Dayton,08810,1165 cranbury south river road,PRINCETON,NJ,8810,31,3,1,0.03225806451612903,0,0.0,0,0.0,0,0.0,0,0.0,1,0.03225806451612903,0,0.0,,,0,0,,1,Rancho Cucamonga Ncpc (CA) 3%,2,0.06451612903225806,29,27,26,3,0.10344827586206896,-2.915535714285714,159.865,1775.9055555555556,1686.893103448276,0.967741935483871,0.32258064516129026,1.0,0.0,,,,,,,,,1.0,0.0,1,True,misshipping
msbd_2w,msbd_su,2,203410,Wincous NV 89115,18328,Wincous,"FL,NJ,NV",3,Wayfair Professional,Supplier Service Desk,NV,Las Vegas,89115,3777 Marion Drive,NORTH LAS VEGAS RSF,NV,89115,31,3,6,0.1935483870967742,0,0.0,0,0.0,0,0.0,0,0.0,6,0.1935483870967742,0,0.0,,,0,0,,2,Moonachie (NJ) 16%; Miami (FL) 3%,0,0.0,7,7,7,24,0.7741935483870968,0.504431564122414,942.0758620689655,706.7333333333331,566.6193548387097,1.0,0.8064516129032256,1.0,0.5,,,,,,,,,1.0,0.5,6,True,misshipping
msbd_2w,msbd_su,2,250496,"Ningbo Jimarkde Trading Co., Ltd. GA 30122",89483,"Ningbo Jimarkde Trading Co., Ltd.","CA,GA,NJ",3,APS,Moti Mao,GA,Garden City,31408,(Dock20-30)8 Sonny Perdue Drive,SAVANNAH LOCAL,GA,31408,31,3,6,0.1935483870967742,0,0.0,0,0.0,5,0.16129032258064516,0,0.0,1,0.03225806451612903,0,0.0,,,0,0,,1,East Brunswick (NJ) 3%,0,0.0,31,10,10,21,0.6774193548387096,-1.0733889236638465,504.5633333333334,699.9222222222222,313.67419354838705,1.0,0.7096774193548385,1.0,0.6666666666666666,,,,,1.0,0.8,,,1.0,0.0,6,True,misshipping
msbd_2w,msbd_su,2,281323,weifangaiyanshangmaoyouxiangongsi NJ 07094,212536,weifangaiyanshangmaoyouxiangongsi,"CA,NJ",2,APS Outdoor,Moti Mao,NJ,Secaucus ,07094,35 Henry St,SECAUCUS,NJ,7307,31,3,8,0.25806451612903225,0,0.0,0,0.0,0,0.0,0,0.0,8,0.25806451612903225,0,0.0,,,0,0,,1,Santa Fe Springs (CA) 26%,0,0.0,18,18,18,13,0.41935483870967744,-2.1185833299688674,664.2388888888889,1837.2649999999999,1609.0258064516127,1.0,0.5161290322580645,1.0,0.375,,,,,,,,,1.0,0.375,8,True,misshipping
msbd_2w,msbd_su,2,454222,"Ningbo Youhua Information Technology Co., Ltd. GA 31322",323954,"Ningbo Youhua Information Technology Co., Ltd.","CA,GA",2,APS Outdoor,Asia Supplier Service Desk,GA,Pooler,31322,301 CYPRESS MEADOW DR,SAVANNAH LOCAL,GA,31408,31,2,2,0.06451612903225806,0,0.0,0,0.0,1,0.03225806451612903,0,0.0,1,0.03225806451612903,0,0.0,,,0,0,,1,West Rialto (CA) 3%,3,0.0967741935483871,28,2,2,26,0.9285714285714286,-0.6374310073427782,882.0807692307694,782.1666666666667,106.56785714285716,0.9032258064516128,0.8387096774193548,1.0,1.0,,,,,1.0,1.0,,,1.0,1.0,2,True,misshipping
msbd_2w,msbd_su,2,364990,谷仓-USSAV-2,363958,"Shenzhen Yuanshen Import & Export Co., Ltd.","CA,GA,IL,NJ,PA,TX",6,Wayfair,Asia Supplier Service Desk,GA,Rincon,31326,"C/O 1004 Gateway Parkway, Suite 100",SAVANNAH LOCAL,GA,31408,31,3,3,0.0967741935483871,0,0.0,2,0.06451612903225806,0,0.0,0,0.0,1,0.03225806451612903,0,0.0,,,0,0,,1,Metuchen (NJ) 3%,1,0.03225806451612903,30,4,4,26,0.8666666666666667,0.6531050208829571,598.8766666666666,548.4034482758622,63.27000000000002,1.0,0.838709677419355,1.0,1.0,,,1.0,1.0,,,,,1.0,1.0,3,True,misshipping
msbd_2w,msbd_su,2,357437,Banyan Imports NJ 08691,50250,Banyan Imports,"CA,GA,IL,NJ,TX",5,APS Home Improvement,Emma Wang,NJ,Hamilton,08691,652 US 130 highway,ROBBINSVILLE,NJ,8691,30,3,2,0.06666666666666667,0,0.0,0,0.0,0,0.0,0,0.0,2,0.06666666666666667,0,0.0,,,0,0,,2,Houston (TX) 3%; Chino (CA) 3%,1,0.03333333333333333,8,2,2,27,0.9310344827586207,-0.835888534277112,830.9879999999999,855.5319999999999,160.43571428571428,0.7000000000000001,0.5666666666666667,1.0,0.5,,,,,,,,,1.0,0.5,2,True,misshipping
msbd_2w,msbd_su,2,406629,Negotium Est Bombus Inc NJ 07064,76813,Negotium Est Bombus Inc,"CA,NJ",2,APS Housewares & More,Asia Supplier Service Desk,NJ,Port Reading,07064,1001 W Middlesex Ave,SOUTH CARTERET,NJ,7008,30,3,18,0.6,0,0.0,0,0.0,0,0.0,0,0.0,18,0.6,0,0.0,,,0,0,,2,Arcadia (CA) 57%; Rialto (CA) 3%,0,0.0,30,27,27,3,0.1,-1.5337535416686492,785.0239999999999,2088.445833333333,2482.5933333333323,1.0,0.23333333333333334,1.0,0.3333333333333334,,,,,,,,,1.0,0.3333333333333334,18,True,misshipping
msbd_2w,msbd_su,2,477106,E By Design LLC CA 92154,15231,E By Design LLC,"CA,NC",2,Soft Home,Supplier Service Desk,CA,San Diego,92154,2660 Sarnen St ,OTAY MESA,CA,92154,30,3,16,0.5333333333333333,0,0.0,0,0.0,2,0.06666666666666667,0,0.0,14,0.4666666666666667,0,0.0,,,0,0,,2,Lincolnton (NC) 33%; Fletcher (NC) 13%,0,0.0,30,30,30,0,0.0,-1.649841855561413,572.5296296296297,2124.2000000000003,2369.373333333333,0.8666666666666666,0.5,1.0,0.5625,,,,,1.0,0.0,,,1.0,0.6428571428571428,16,True,misshipping
msbd_2w,msbd_su,2,320979,"Zhejiang Kangqian Industrial & Trading Co., Ltd. GA 30519(1)",320777,"Zhejiang Kangqian Industrial & Trading Co., Ltd.","CA,GA,IL,NJ,TX",5,APS,Asia Supplier Service Desk,GA,Buford,30519,4651 Distribution Parkway,BRASELTON,GA,30517,30,3,1,0.03333333333333333,0,0.0,0,0.0,0,0.0,0,0.0,1,0.03333333333333333,0,0.0,,,0,0,,1,Linden (NJ) 3%,0,0.0,9,5,5,25,0.8333333333333334,-0.09417507088253226,555.7038461538463,569.0884615384615,145.02333333333334,1.0,0.9333333333333332,1.0,1.0,,,,,,,,,1.0,1.0,1,True,misshipping
msbd_2w,msbd_su,2,88285,Mondawe CA-2090ETI-91761-88285,59167,Mondawe,"CA,NJ,TX",3,APS Home Improvement,Asia Supplier Service Desk,CA,Ontario,91761,2090 s Etiwanda Ave,CHINO LOCAL,CA,91710,30,3,2,0.06666666666666667,0,0.0,0,0.0,1,0.03333333333333333,0,0.0,1,0.03333333333333333,0,0.0,,,0,0,,1,Woodbridge (NJ) 3%,1,0.03333333333333333,28,2,2,27,0.9310344827586207,-2.5003226434361783,1714.45,1798.7608695652173,183.0724137931034,0.8333333333333333,0.6333333333333335,0.0,0.5,,,,,0.0,0.0,,,0.0,1.0,2,True,misshipping
msbd_2w,msbd_su,2,511249,M-NJ-6,474785,XHOOME TECHNOLOGY LIMITED,"CA,GA,NJ,SC,TX",5,APS K&D,Ricky Yu,NJ,Monroe,08831,117 Interstate Blvd,PRINCETON,NJ,8810,30,3,8,0.26666666666666666,0,0.0,0,0.0,1,0.03333333333333333,0,0.0,7,0.23333333333333334,0,0.0,,,0,0,,3,Richmond Hill Ncpc (GA) 13%; Chino Hills Ncpc (CA) 7%; West Savannah  Ncpc (GA) 3%,0,0.0,22,16,8,22,0.7333333333333333,0.5892487288585417,661.0479999999999,386.7166666666667,361.5466666666667,0.9333333333333332,0.8666666666666665,1.0,1.0,,,,,1.0,1.0,,,1.0,1.0,8,True,misshipping
msbd_2w,msbd_su,2,405160,众汇-美东,358232,"Shenzhen Shengyuan Furniture Co., Ltd","CA,NJ",2,APS K&D,Asia Supplier Service Desk,NJ,Mount Laurel,08054,107 Gaither Dr,CAMDEN,NJ,8007,30,3,1,0.03333333333333333,0,0.0,0,0.0,0,0.0,0,0.0,1,0.03333333333333333,0,0.0,,,0,0,,1,South Rialto - Ncpc (CA) 3%,2,0.06666666666666667,19,2,2,26,0.9285714285714286,-1.456324248777079,735.4407407407408,913.1999999999999,243.7,1.0,0.5000000000000002,1.0,1.0,,,,,,,,,1.0,1.0,1,True,misshipping
msbd_2w,msbd_su,2,514127,美东南萨凡纳发现GA006,443697,Anjiboxuanjiajuyouxiangongsi,"CA,GA,NJ,TX",4,APS AEOF,Supplier Service Desk,GA,Rincon,31326,"1200 Generalwy,Rincon,Georgia 31326",SAVANNAH LOCAL,GA,31408,30,3,2,0.06666666666666667,0,0.0,0,0.0,0,0.0,0,0.0,2,0.06666666666666667,0,0.0,,,0,0,,1,Spring (TX) 7%,1,0.03333333333333333,29,2,2,27,0.9310344827586207,,699.0518518518518,673.4083333333333,79.2206896551724,1.0,0.8666666666666666,1.0,1.0,,,,,,,,,1.0,1.0,2,True,misshipping
msbd_2w,msbd_su,2,86896,DJ-B2726-CA2-91789,57457,"Lefun Trading co.,ltd.","CA,GA,NJ,NY,TX",5,APS Mattresses,Asia Supplier Service Desk,CA,Walnut,91789,"20002,Business Pkwy",INDUSTRY,CA,91789,30,3,4,0.13333333333333333,0,0.0,0,0.0,1,0.03333333333333333,0,0.0,3,0.1,0,0.0,,,0,0,,2,Maspeth (NY) 7%; South Dallas Rsf (TX) 3%,3,0.1,27,4,4,23,0.8518518518518519,-0.4196994853048505,1545.9499999999994,1475.7142857142856,378.0074074074074,0.9333333333333333,0.4333333333333334,0.75,0.25,,,,,0.0,0.0,,,1.0,0.33333333333333337,4,True,misshipping
msbd_2w,msbd_su,2,202110,Yiwu Youxi Electronic Commerce Co. Ltd NJ 08016,98141,Yiwu Youxi Electronic Commerce Co. Ltd,"CA,GA,NJ,TX",4,APS Outdoor,Amber Xiang,NJ,Burlington,08016,1950 River Road,ROBBINSVILLE,NJ,8691,30,3,2,0.06666666666666667,0,0.0,0,0.0,0,0.0,0,0.0,2,0.06666666666666667,0,0.0,,,0,0,,2,Sugar Land (TX) 3%; South Atlanta Ncpc (GA) 3%,0,0.0,23,19,2,28,0.9333333333333333,0.5511995330580716,564.9130434782609,467.9285714285714,95.38,0.8999999999999999,0.6999999999999998,0.5,0.5,,,,,,,,,0.5,0.5,2,True,misshipping
msbd_2w,msbd_su,2,466453,"Hangzhou Shaozhe Technology Co., Ltd. NJ 08837",227295,"Hangzhou Shaozhe Technology Co., Ltd.","CA,GA,NJ,TX",4,APS K&D,Carol Li,NJ,Edison,08837,355 Clearview Rd,WOODBRIDGE LOCAL,NJ,8832,30,3,1,0.03333333333333333,0,0.0,0,0.0,0,0.0,0,0.0,1,0.03333333333333333,0,0.0,,,0,0,,1,Rialto (CA) 3%,3,0.1,27,1,1,26,0.9629629629629629,-0.5558048699409955,479.99999999999994,496.32727272727266,103.38888888888891,0.8666666666666667,0.6666666666666667,1.0,0.0,,,,,,,,,1.0,0.0,1,True,misshipping
msbd_2w,msbd_su,2,316549,kaylastudio Inc NJ 08817,254953,kaylastudio Inc,"CA,GA,NJ",3,APS Home Improvement,Hernando Xia,NJ,Edison ,08817,70 carter drive ,WOODBRIDGE LOCAL,NJ,8832,30,3,1,0.03333333333333333,0,0.0,0,0.0,0,0.0,0,0.0,1,0.03333333333333333,0,0.0,,,0,0,,1,West Rialto (CA) 3%,1,0.03333333333333333,29,2,2,27,0.9310344827586207,-4.052227342549924,708.5476190476192,807.4000000000001,145.6206896551724,0.7333333333333333,0.7,0.0,0.0,,,,,,,,,0.0,0.0,1,True,misshipping
msbd_2w,msbd_su,2,457806,SPACEWALKER TECHNOLOGY USA INC_1 CA 92336,456766,SPACEWALKER TECHNOLOGY USA INC_1,"CA,GA,NJ",3,Wayfair,Erica Zhou,CA,california,92336,C/O 14779 Bar Harbor Rd Fontana,WEST RIALTO,CA,92316,30,3,4,0.13333333333333333,0,0.0,0,0.0,0,0.0,0,0.0,4,0.13333333333333333,0,0.0,,,0,0,,1,West Savannah  Ncpc (GA) 13%,1,0.03333333333333333,29,5,5,24,0.8275862068965517,-1.2906259350013154,1364.5500000000002,1438.1192307692306,408.844827586207,0.8999999999999998,0.5333333333333334,1.0,0.75,,,,,,,,,1.0,0.75,4,True,misshipping
msbd_2w,msbd_su,2,11151,M S International GA 30336,10633,MSI,"CA,GA,NJ,TX,VA",5,Flooring,Maddie Norris,GA,Atlanta,30336,5015 Bakers Ferry Rd,AUSTELL,GA,30168,30,3,3,0.1,0,0.0,1,0.03333333333333333,0,0.0,0,0.0,2,0.06666666666666667,0,0.0,,,0,0,,1,Anaheim (CA) 7%,3,0.1,3,3,3,24,0.8888888888888888,-0.6039597672244188,716.6076923076924,793.1037037037037,205.516,0.8,0.5333333333333333,0.3333333333333333,0.3333333333333333,,,1.0,1.0,,,,,0.0,0.0,3,True,misshipping
msbd_2w,msbd_su,2,253166,EF GA,64250,Nouhaus,"CA,GA,IL,NJ,TX",5,APS AEOF,Yolanda GUI,GA,East Point,30349,4131 Southmeadow Pkwy W,AUSTELL,GA,30168,30,2,2,0.06666666666666667,0,0.0,0,0.0,0,0.0,0,0.0,2,0.06666666666666667,0,0.0,,,0,0,,2,Sugar Land (TX) 3%; Oceanside (CA) 3%,1,0.03333333333333333,29,2,2,27,0.9310344827586207,-1.4955215870701422,557.4357142857144,645.0178571428572,137.4758620689655,1.0,0.8333333333333334,1.0,0.0,,,,,,,,,1.0,0.0,2,True,misshipping
msbd_2w,msbd_su,2,459442,Conveex Clothing Inc NJ 08817,447174,Conveex Clothing Inc,"CA,GA,NJ,PA",4,Storage & Org,Supplier Service Desk,NJ,Edison,08817,"Blue Station Inc - ED, 195 Carter Dr",WOODBRIDGE LOCAL,NJ,8832,30,2,1,0.03333333333333333,0,0.0,0,0.0,0,0.0,0,0.0,1,0.03333333333333333,0,0.0,,,0,0,,1,Arcadia (CA) 3%,2,0.06666666666666667,28,2,1,27,0.9642857142857143,0.8889593273497713,352.2681818181818,163.14000000000001,109.47857142857141,0.8333333333333335,0.6666666666666667,1.0,1.0,,,,,,,,,1.0,1.0,1,True,misshipping
msbd_2w,msbd_su,2,445742,Quasi Grizz LLC NJ 08505,445259,Quasi Grizz LLC,"CA,NJ",2,Wayfair,Supplier Service Desk,NJ,Bordentown,08505,C/O 1175 Florence Columbus Road UNITB,ROBBINSVILLE,NJ,8691,30,2,3,0.1,0,0.0,0,0.0,0,0.0,0,0.0,3,0.1,0,0.0,,,0,0,,1,Chino (CA) 10%,1,0.03333333333333333,28,8,8,21,0.7241379310344828,-1.1139111599114209,976.042857142857,1241.3,548.4551724137931,1.0,0.6666666666666665,1.0,0.33333333333333337,,,,,,,,,1.0,0.33333333333333337,3,True,misshipping
msbd_2w,msbd_su,2,361143,DongGuanShiYiXuanJiaJuYongPinYouXianGongSi NJ 08648,360294,DongGuanShiYiXuanJiaJuYongPinYouXianGongSi,"CA,GA,NJ",3,Wayfair,Asia Supplier Service Desk,NJ,Lawrence Township,08648,6 PRINCESS RD UNIT   4  LAWRENCE TOWNSHI,ROBBINSVILLE,NJ,8691,30,3,4,0.13333333333333333,0,0.0,0,0.0,0,0.0,0,0.0,4,0.13333333333333333,0,0.0,,,0,0,,2,Chino Hills Ncpc (CA) 10%; Atlanta (GA) 3%,1,0.03333333333333333,28,28,28,1,0.034482758620689655,-2.3595172076184827,291.25,1735.2066666666667,1915.4357142857145,0.9666666666666666,0.4666666666666667,1.0,0.25,,,,,,,,,1.0,0.25,4,True,misshipping
msbd_2w,msbd_su,2,310782,Lolliprops Inc. FL 33773,6880,Lolliprops Inc.,"FL,NJ",2,Decor,Alex Sarkisian,FL,Largo,33773,8632 115th Ave N,ST. PETERSBURG,FL,33716,30,3,3,0.1,0,0.0,0,0.0,0,0.0,0,0.0,3,0.1,0,0.0,,,0,0,,1,Robbinsville (NJ) 10%,2,0.06666666666666667,4,4,4,24,0.8571428571428571,0.10615750198886503,1413.54,1257.2857142857142,162.07407407407408,0.9666666666666666,0.8999999999999998,1.0,0.6666666666666667,,,,,,,,,1.0,0.6666666666666667,3,True,misshipping
msbd_2w,msbd_su,2,434150,"WELLRISING TRADING CO., LIMITED NJ 08016",434090,"WELLRISING TRADING CO., LIMITED","CA,GA,NJ,TX",4,Wayfair,Asia Supplier Service Desk,NJ,Burlington,08016,1950 River Road,ROBBINSVILLE,NJ,8691,30,3,7,0.23333333333333334,0,0.0,0,0.0,1,0.03333333333333333,0,0.0,6,0.2,0,0.0,,,0,0,,2,Richmond Hill Ncpc (GA) 17%; West Savannah  Ncpc (GA) 3%,0,0.0,25,25,8,22,0.7333333333333333,0.30619216095789575,736.0863636363637,568.9190476190475,224.55999999999992,1.0,0.9,1.0,0.8571428571428572,,,,,1.0,0.0,,,1.0,1.0,7,True,misshipping
msbd_2w,msbd_su,2,442390,LORYN LLC NJ 08086,436750,LORYN LLC,"CA,NJ,PA,TX",4,APS Decor,Asia Supplier Service Desk,NJ,Thorofare,08086,"301 Grove Rd, Suites#200,West Deptford",CAMDEN,NJ,8007,30,3,20,0.6666666666666666,0,0.0,0,0.0,0,0.0,0,0.0,20,0.6666666666666666,0,0.0,,,0,0,,2,Chino Hills Ncpc (CA) 33%; Rancho Cucamonga Ncpc (CA) 33%,0,0.0,26,25,25,5,0.16666666666666666,-2.1409694208610164,697.4178571428571,2276.0357142857147,2322.5931034482755,1.0,0.3333333333333334,1.0,0.3,,,,,,,,,1.0,0.3,20,True,misshipping
msbd_2w,msbd_su,2,195337,Joywaa inc CA 91761,178315,Joywaa inc,"CA,FL,GA,NJ,NY,TX",6,Upholstery,Demi Wang,CA,ONTARIO,91761,1516 S Bon View Ave,CHINO LOCAL,CA,91710,30,3,1,0.03333333333333333,0,0.0,0,0.0,0,0.0,0,0.0,1,0.03333333333333333,0,0.0,,,0,0,,1,Ocala (FL) 3%,1,0.03333333333333333,29,1,1,28,0.9655172413793104,0.11947904869762167,923.6285714285715,940.1037037037036,17.475862068965515,0.9333333333333333,0.7000000000000001,0.0,0.0,,,,,,,,,0.0,0.0,1,True,misshipping
msbd_2w,msbd_su,2,372651,Gongxi-CA-92879,363188,"Dongguan Gongxi Trading Co., Ltd","CA,NJ",2,APS Housewares & More,Asia Supplier Service Desk,CA,Corona,92879,2571 Sampson Ave,WEST RIALTO,CA,92316,30,3,1,0.03333333333333333,0,0.0,0,0.0,0,0.0,0,0.0,1,0.03333333333333333,0,0.0,,,0,0,,1,Metuchen (NJ) 3%,4,0.13333333333333333,26,1,1,25,0.9615384615384616,0.986221400340839,1131.9107142857142,1075.565217391304,125.39230769230763,0.9666666666666666,0.7666666666666665,1.0,1.0,,,,,,,,,1.0,1.0,1,True,misshipping
msbd_2w,msbd_su,2,199952,Alipu Inc TX 77060,50463,Alipu Inc,"CA,GA,NJ,PA,TX",5,APS Outdoor,Amber Xiang,TX,Houston,77041,12655 West Road,NORTH HOUSTON,TX,77041,30,3,2,0.06666666666666667,0,0.0,1,0.03333333333333333,0,0.0,0,0.0,1,0.03333333333333333,0,0.0,,,0,0,,1,Diamond Bar Rsf (CA) 3%,1,0.03333333333333333,23,2,2,27,0.9310344827586207,-0.09946517582132763,875.823076923077,890.709090909091,95.56206896551723,0.8999999999999998,0.5333333333333333,0.5,0.5,,,1.0,1.0,,,,,0.0,0.0,2,True,misshipping
msbd_2w,msbd_su,2,460584,Chengdushi Fengteng Technology Co Ltd TX 77067,97940,Chengdushi Fengteng Technology Co Ltd,"CA,GA,IL,NJ,TX",5,APS Home Improvement,Asia Supplier Service Desk,TX,Houston,77067,11142 Beltline Road,SPRING,TX,77388,30,3,3,0.1,0,0.0,0,0.0,0,0.0,0,0.0,3,0.1,0,0.0,,,0,0,,1,West Savannah  Ncpc (GA) 10%,0,0.0,6,6,6,24,0.8,0.3262863853014163,613.8117647058823,551.7894736842105,240.46333333333334,1.0,0.5666666666666668,1.0,0.6666666666666667,,,,,,,,,1.0,0.6666666666666667,3,True,misshipping
msbd_2w,msbd_su,2,267898,USCA,97933,HangZhou ChuangZhiShengWuJin YouXianGongSi,"CA,NJ,TX",3,APS,Asia Supplier Service Desk,CA,City of Industry,91748,18457 Railroad St,INDUSTRY,CA,91789,30,3,3,0.1,0,0.0,0,0.0,0,0.0,0,0.0,3,0.1,0,0.0,,,0,0,,1,Linden (NJ) 10%,0,0.0,30,11,11,19,0.6333333333333333,-1.7187512277960002,723.004,1325.9958333333334,1022.3699999999997,0.9333333333333332,0.5333333333333333,0.6666666666666667,0.33333333333333337,,,,,,,,,0.6666666666666667,0.33333333333333337,3,True,misshipping
msbd_2w,msbd_su,2,511320,Nanjing zhihuo wangluokejiyouxiangongsi GA 31326,353757,Nanjing zhihuo wangluokejiyouxiangongsi,"CA,GA,NJ,TX",4,APS Housewares & More,Asia Supplier Service Desk,GA,Rincon,31326,1100 Logistics Parkway,SAVANNAH LOCAL,GA,31408,30,3,7,0.23333333333333334,0,0.0,0,0.0,3,0.1,0,0.0,4,0.13333333333333333,0,0.0,,,0,0,,2,Rialto (CA) 10%; Houston (TX) 3%,0,0.0,30,24,24,6,0.2,-0.4194333092423134,602.1892857142857,933.6083333333333,791.7066666666667,0.9666666666666666,0.7999999999999998,1.0,0.8571428571428572,,,,,1.0,1.0,,,1.0,0.75,7,True,misshipping
msbd_2w,msbd_su,2,363914,Climb Away Inc NJ 07008,333356,Climb Away Inc,"CA,GA,NJ,TX",4,APS AEOF,,NJ,Carteret,07008,1500 Blair Road,SOUTH CARTERET,NJ,7008,29,3,3,0.10344827586206896,0,0.0,0,0.0,0,0.0,0,0.0,3,0.10344827586206896,0,0.0,,,0,0,,2,Rialto (CA) 7%; Rancho Cucamonga Ncpc (CA) 3%,0,0.0,29,8,8,21,0.7241379310344828,-1.019108592239697,641.1700000000001,1209.28,767.5068965517241,0.9655172413793104,0.7241379310344828,1.0,0.6666666666666666,,,,,,,,,1.0,0.6666666666666666,3,True,misshipping
msbd_2w,msbd_su,2,370224,BESTGO SUPPLY CHAIN INC NJ 07305,96665,BESTGO SUPPLY CHAIN INC,"CA,NJ",2,APS Home Improvement,Asia Supplier Service Desk,NJ,Jersey City,07305,99 Caven Point Road,SECAUCUS,NJ,7307,29,3,1,0.034482758620689655,0,0.0,0,0.0,0,0.0,0,0.0,1,0.034482758620689655,0,0.0,,,0,0,,1,Industry (CA) 3%,0,0.0,4,4,4,25,0.8620689655172413,0.5815667237104042,662.6333333333332,821.0857142857143,380.30344827586197,0.9655172413793104,0.8620689655172413,1.0,1.0,,,,,,,,,1.0,1.0,1,True,misshipping
msbd_2w,msbd_su,2,363883,Prosper Trade Inc NJ 07008,298676,Prosper Trade Inc,"CA,CO,GA,NJ,TX",5,Wayfair Professional,Supplier Service Desk,NJ,carteret,07008,1500 Blair Road,SOUTH CARTERET,NJ,7008,29,2,3,0.10344827586206896,0,0.0,0,0.0,0,0.0,0,0.0,3,0.10344827586206896,0,0.0,,,0,0,,2,South Rialto - Ncpc (CA) 7%; Rancho Cucamonga Ncpc (CA) 3%,0,0.0,29,9,9,20,0.6896551724137931,-1.6150105992003276,534.7809523809524,957.0090909090909,662.8413793103448,0.9310344827586207,0.5862068965517242,1.0,0.0,,,,,,,,,1.0,0.0,3,True,misshipping
msbd_2w,msbd_su,2,462513,Emerald City Brand Boosters LLC_1 TX 77489,414998,Emerald City Brand Boosters LLC_1,"CA,GA,NJ,PA,TX",5,APS Pet,Blair-Yaqing Gong,TX,Missoiri City,77489,611 S. Cravens Road suite 100,SUGAR LAND,TX,77489,29,3,4,0.13793103448275862,0,0.0,0,0.0,1,0.034482758620689655,0,0.0,3,0.10344827586206896,0,0.0,,,0,0,,1,Chino (CA) 10%,1,0.034482758620689655,5,5,5,23,0.8214285714285714,-0.7771965160622574,938.1333333333334,1135.2392857142856,286.44444444444457,0.9655172413793103,0.6551724137931034,0.75,0.5,,,,,1.0,1.0,,,0.6666666666666666,0.33333333333333337,4,True,misshipping
msbd_2w,msbd_su,2,438207,"Ningbo Yuxun E-commerce Co., Ltd. GA 30517",400043,"Ningbo Yuxun E-commerce Co., Ltd.","CA,GA,NJ",3,APS AEOF,Ivy Mao,GA,Braselton,30517,900 HIGHWAY 124 SUITE 200,BRASELTON,GA,30517,29,2,5,0.1724137931034483,0,0.0,0,0.0,4,0.13793103448275862,0,0.0,1,0.034482758620689655,0,0.0,,,0,0,,1,Rialto (CA) 3%,0,0.0,29,5,7,22,0.7586206896551724,-0.5895549823885448,558.0296296296298,605.7037037037038,192.5827586206897,0.8620689655172414,0.8275862068965518,0.6,0.4,,,,,0.5,0.5,,,1.0,0.0,5,True,misshipping
msbd_2w,msbd_su,2,367194,STIRPO LTD NJ 08554,293949,STIRPO LTD,"CA,CO,NJ",3,Casegoods,Zichu Wang,NJ,Florence,08554,839 Railroad Ave,CHICAGO,IL,60638,29,3,3,0.10344827586206896,0,0.0,2,0.06896551724137931,0,0.0,0,0.0,1,0.034482758620689655,0,0.0,,,0,0,,1,Arcadia (CA) 3%,11,0.3793103448275862,9,6,4,14,0.7777777777777778,0.873454374060482,1001.2333333333333,1015.9833333333331,248.58823529411765,0.6206896551724138,0.5517241379310345,1.0,1.0,,,1.0,1.0,,,,,1.0,1.0,3,True,misshipping
msbd_2w,msbd_su,2,73949,Gold Wing Trading Inc CA 91761,58520,Cheerwing Trading Limited,"CA,GA,TX",3,APS K&D,Asia Supplier Service Desk,CA,Ontario,91761,5140 E Santa Ana St,CHINO LOCAL,CA,91710,29,3,2,0.06896551724137931,0,0.0,0,0.0,0,0.0,0,0.0,2,0.06896551724137931,0,0.0,,,0,0,,1,South Dallas Rsf (TX) 7%,2,0.06896551724137931,27,3,3,24,0.8888888888888888,-0.22992925386881047,1582.6666666666665,1567.2181818181816,194.62307692307692,0.6896551724137933,0.4137931034482759,0.0,0.5,,,,,,,,,0.0,0.5,2,True,misshipping
msbd_2w,msbd_su,2,406977,YOUKE Furniture Home LLC. NJ 08505,56818,YOUKE Furniture Home LLC.,"CA,GA,NJ,PA",4,APS Home Improvement,Danica Guo,NJ,Bordentown ,08505,3280 US Highway206,ROBBINSVILLE,NJ,8691,29,3,8,0.27586206896551724,0,0.0,2,0.06896551724137931,0,0.0,0,0.0,6,0.20689655172413793,0,0.0,,,0,0,,1,King Of Prussia (PA) 21%,0,0.0,29,15,8,21,0.7241379310344828,0.6639416539890783,1265.111111111111,782.64,764.0965517241381,1.0,1.0,1.0,1.0,,,1.0,1.0,,,,,1.0,1.0,8,True,misshipping
msbd_2w,msbd_su,2,354780,"Jiangxi Juyuecehong Technology Co., Ltd CA 90040",354596,"Jiangxi Juyuecehong Technology Co., Ltd","CA,NJ",2,Wayfair,Asia Supplier Service Desk,CA,Commerce,90040,6015 Randolph St,SANTA FE SPRINGS,CA,90670,29,3,2,0.06896551724137931,0,0.0,0,0.0,0,0.0,0,0.0,2,0.06896551724137931,0,0.0,,,0,0,,1,Woodbridge (NJ) 7%,1,0.034482758620689655,3,3,3,25,0.8928571428571429,-0.9181778837370664,1030.1928571428573,1033.6962962962964,295.69285714285724,0.9655172413793103,0.7586206896551726,0.5,0.5,,,,,,,,,0.5,0.5,2,True,misshipping
msbd_2w,msbd_su,2,492104, M-SAV-2,474785,XHOOME TECHNOLOGY LIMITED,"CA,GA,NJ,SC,TX",5,APS K&D,Ricky Yu,GA,Rincon,31326,2008 Trade Center Blvd,SAVANNAH LOCAL,GA,31408,29,3,1,0.034482758620689655,0,0.0,0,0.0,0,0.0,0,0.0,1,0.034482758620689655,0,0.0,,,0,0,,1,East Brunswick (NJ) 3%,1,0.034482758620689655,26,4,4,24,0.8571428571428571,0.019559352517985587,644.2681818181818,637.6454545454546,92.19230769230774,1.0,0.7241379310344829,1.0,0.0,,,,,,,,,1.0,0.0,1,True,misshipping
msbd_2w,msbd_su,2,460590,Chengdushi Fengteng Technology Co Ltd IL 60502,97940,Chengdushi Fengteng Technology Co Ltd,"CA,GA,IL,NJ,TX",5,APS Home Improvement,Asia Supplier Service Desk,IL,Aurora,60502,CO 4275 Ferry Rd,SOUTH CHICAGO,IL,60446,29,3,1,0.034482758620689655,0,0.0,0,0.0,0,0.0,0,0.0,1,0.034482758620689655,0,0.0,,,0,0,,1,West Savannah  Ncpc (GA) 3%,0,0.0,28,6,1,28,0.9655172413793104,0.7459295721317684,454.4666666666667,434.2047619047618,50.941379310344836,1.0,0.7241379310344829,1.0,1.0,,,,,,,,,1.0,1.0,1,True,misshipping
msbd_2w,msbd_su,2,368254, KYT145A,285354,HONGKONG LANDER TECHNOLOGY LIMITED,"CA,GA,NJ,TX",4,APS AEOF,Asia Supplier Service Desk,NJ,Edison,08817,145 Talmadge Road,WOODBRIDGE LOCAL,NJ,8832,29,3,7,0.2413793103448276,0,0.0,2,0.06896551724137931,0,0.0,0,0.0,5,0.1724137931034483,0,0.0,,,0,0,,3,South Houston (TX) 10%; Rancho Cucamonga Ncpc (CA) 3%; South Atlanta Ncpc (GA) 3%,0,0.0,29,18,9,20,0.6896551724137931,0.42984695778827825,746.678947368421,563.8352941176471,453.15517241379314,0.9655172413793103,0.6896551724137931,1.0,0.8571428571428572,,,1.0,1.0,,,,,1.0,0.8,7,True,misshipping
msbd_2w,msbd_su,2,303535,GC-SAV-3,236634,"Shenzhen Na Mo Mei Fashion Design Co., LTD","CA,GA,NJ,TX",4,APS,Asia Supplier Service Desk,GA,Rincon,31326,1100 Heritage Way,SAVANNAH LOCAL,GA,31408,29,3,6,0.20689655172413793,0,0.0,0,0.0,4,0.13793103448275862,0,0.0,2,0.06896551724137931,0,0.0,,,0,0,,1,Camden (NJ) 7%,1,0.034482758620689655,27,9,9,19,0.6785714285714286,-0.2310343287256675,676.8391304347824,669.6857142857144,136.85185185185182,0.8275862068965516,0.724137931034483,0.33333333333333337,0.8333333333333334,,,,,0.25,0.75,,,0.5,1.0,6,True,misshipping
msbd_2w,msbd_su,2,340398,Golden Just Co. NJ 08817,67410,Golden Just Co.,"CA,NJ",2,APS,Asia Supplier Service Desk,NJ, Edision,08817, 36 Saw Mill Pond Rd,WOODBRIDGE LOCAL,NJ,8832,29,3,1,0.034482758620689655,0,0.0,0,0.0,0,0.0,0,0.0,1,0.034482758620689655,0,0.0,,,0,0,,1,Chino Hills Ncpc (CA) 3%,0,0.0,29,1,1,28,0.9655172413793104,-2.9450063211125164,943.3363636363634,1028.0454545454543,94.41034482758621,1.0,0.7931034482758621,1.0,0.0,,,,,,,,,1.0,0.0,1,True,misshipping
msbd_2w,msbd_su,2,268259,RACKEM UP SPORTS LLC GA 31405,243506,RACKEM UP SPORTS LLC,"CA,GA,NJ,SC,TX",5,Recreation,Kiirstin Rautiola,GA,Savannah,31405,125 Feldspar Dr,SAVANNAH LOCAL,GA,31408,29,3,3,0.10344827586206896,0,0.0,0,0.0,2,0.06896551724137931,0,0.0,1,0.034482758620689655,0,0.0,,,0,0,,1,Spring (TX) 3%,1,0.034482758620689655,27,3,3,25,0.8928571428571429,-0.3507601038190583,755.9200000000001,685.6208333333333,75.80740740740738,0.9655172413793104,0.7241379310344828,1.0,0.6666666666666666,,,,,1.0,1.0,,,1.0,0.0,3,True,misshipping
msbd_2w,msbd_su,2,349601,ningbosanheyongshengkejiyouxiangongsi CA 91789(2),219040,ningbosanheyongshengkejiyouxiangongsi,"CA,GA,IL,NJ,TX",5,APS Home Improvement,Asia Supplier Service Desk,CA,City of Industry,91789,CO 131 Marcellin Dr,INDUSTRY,CA,91789,29,3,9,0.3103448275862069,0,0.0,0,0.0,3,0.10344827586206896,0,0.0,6,0.20689655172413793,0,0.0,,,0,0,,2,West Savannah  Ncpc (GA) 14%; Richmond Hill Ncpc (GA) 7%,2,0.06896551724137931,16,10,10,17,0.6296296296296297,0.6115499283895568,1310.0217391304348,850.15,975.7079999999999,0.8275862068965517,0.6551724137931036,0.6666666666666666,0.7777777777777778,,,,,0.33333333333333337,1.0,,,0.8333333333333334,0.6666666666666666,9,True,misshipping
msbd_2w,msbd_su,2,450724,LA-21[洛杉矶21号仓],308237,chongqinghongliyangmaoyiyouxiangongsi,"CA,GA,IL,NJ,TX",5,APS K&D,Asia Supplier Service Desk,CA,Fontana,92335,C/O 8375 Sultana Ave,WEST RIALTO,CA,92316,29,2,13,0.4482758620689655,0,0.0,0,0.0,1,0.034482758620689655,0,0.0,12,0.41379310344827586,0,0.0,,,0,0,,2,Romeoville Rsf (IL) 24%; Houston (TX) 17%,0,0.0,24,13,13,16,0.5517241379310345,0.7315332913537915,1408.0074074074078,665.280769230769,815.7241379310344,1.0,0.8620689655172413,1.0,0.923076923076923,,,,,1.0,0.0,,,1.0,1.0,13,True,misshipping
msbd_2w,msbd_su,2,308669,GIFYET LTD GA 30168,271122,GIFYET LTD,"CA,GA,NJ",3,APS AEOF,Asia Supplier Service Desk,GA,Austell,30168,7915 White Road Building 100,AUSTELL,GA,30168,29,3,7,0.2413793103448276,0,0.0,0,0.0,0,0.0,0,0.0,7,0.2413793103448276,0,0.0,,,0,0,,3,East Brunswick (NJ) 14%; South Rialto - Ncpc (CA) 7%; Rancho Cucamonga Ncpc (CA) 3%,4,0.13793103448275862,7,7,7,18,0.72,0.7836847253476746,742.9724137931034,421.19599999999997,392.08,0.8620689655172413,0.7931034482758621,0.8571428571428572,1.0,,,,,,,,,0.8571428571428572,1.0,7,True,misshipping
msbd_2w,msbd_su,2,495892,wuhanminganxinnuodianzishangwuyouxiangongsi CA 91761,273186,wuhanminganxinnuodianzishangwuyouxiangongsi,"CA,IL,KS,NJ,NY",5,APS Decor,Asia Supplier Service Desk,CA,Ontario,91761,1500 s Hellman Ave,CHINO LOCAL,CA,91710,29,2,3,0.10344827586206896,0,0.0,0,0.0,0,0.0,0,0.0,3,0.10344827586206896,0,0.0,,,0,0,,3,Woodbridge (NJ) 3%; Secaucus (NJ) 3%; South Chicago (IL) 3%,1,0.034482758620689655,28,8,8,20,0.7142857142857143,-0.7372754957917839,534.7730769230768,950.8541666666666,765.9071428571428,0.9310344827586206,0.6896551724137931,0.6666666666666666,0.0,,,,,,,,,0.6666666666666666,0.0,3,True,misshipping
msbd_2w,msbd_su,2,465419,        WPLA4-WPLA17,457493,"HONG KONG YAN XU IMPORT AND EXPORT TRADING CO., LIMITED","CA,PA",2,APS K&D,Hannah Guan,CA,Fontana,92337,13083 Slover Ave,WEST RIALTO,CA,92316,29,3,1,0.034482758620689655,0,0.0,0,0.0,0,0.0,0,0.0,1,0.034482758620689655,0,0.0,,,0,0,,1,Lehigh Valley (PA) 3%,0,0.0,18,1,1,28,0.9655172413793104,-1.3386477462437394,1639.6347826086956,1707.7291666666665,107.16071428571429,0.9655172413793103,0.689655172413793,0.0,0.0,,,,,,,,,0.0,0.0,1,True,misshipping
msbd_2w,msbd_su,2,227221,WuYouDa-GA03,63465,"Ningbo Youyuan Import and Export Co., Ltd.","CA,GA,IL,NJ,NY,PA,TX",7,APS Home Improvement,Nicole Sun,GA,Atlanta,30336,2075 maple ave,HOUSTON LOCAL,TX,77433,29,3,8,0.27586206896551724,0,0.0,0,0.0,1,0.034482758620689655,0,0.0,7,0.2413793103448276,0,0.0,,,0,0,,3,Sugar Land (TX) 14%; Robbinsville (NJ) 7%; Chino Hills Ncpc (CA) 3%,5,0.1724137931034483,24,17,13,11,0.4583333333333333,-0.6749630538664932,577.6206896551723,787.3374999999999,486.6000000000001,0.8620689655172413,0.6206896551724137,1.0,0.375,,,,,1.0,0.0,,,1.0,0.4285714285714286,8,True,misshipping
msbd_2w,msbd_su,2,466880,QuanzhouShiLinshengJinchukouMaoyiYouxianGongsi‌ GA 30519,408590,QuanzhouShiLinshengJinchukouMaoyiYouxianGongsi‌,"CA,GA,NJ,TX",4,APS Upholstery,Asia Supplier Service Desk,GA,Buford,30519,"4497 Friendship Road,Bldg.100",BRASELTON,GA,30517,29,3,1,0.034482758620689655,0,0.0,0,0.0,0,0.0,0,0.0,1,0.034482758620689655,0,0.0,,,0,0,,1,Carson (CA) 3%,0,0.0,23,5,1,28,0.9655172413793104,0.2725555030703827,902.488888888889,837.3416666666667,123.8034482758621,1.0,0.9655172413793103,1.0,1.0,,,,,,,,,1.0,1.0,1,True,misshipping
msbd_2w,msbd_su,2,413767,    WPGA5-WPGA7,272054,Sophisticated Sips Inc,"CA,GA,PA",3,APS AEOF,Carl Li,GA,Port Wentworth,31407,"302 International Trade Pkwy, suite 200",SAVANNAH LOCAL,GA,31408,29,3,1,0.034482758620689655,0,0.0,0,0.0,0,0.0,0,0.0,1,0.034482758620689655,0,0.0,,,0,0,,1,West Rialto (CA) 3%,1,0.034482758620689655,28,1,1,27,0.9642857142857143,-2.359321620302587,939.6958333333334,1045.6681818181817,102.55357142857142,0.9655172413793103,0.7241379310344827,0.0,0.0,,,,,,,,,0.0,0.0,1,True,misshipping
msbd_2w,msbd_su,2,242286,Caprilla LLC NJ 07047,72376,Caprilla LLC,"CA,NJ",2,APS,Asia Supplier Service Desk,NJ,North Bergen,07047,1101 Tonnelle Ave,SECAUCUS,NJ,7307,29,3,2,0.06896551724137931,0,0.0,0,0.0,0,0.0,0,0.0,2,0.06896551724137931,0,0.0,,,0,0,,1,Hayward (CA) 7%,2,0.06896551724137931,2,2,2,25,0.9259259259259259,-0.2707571065282468,1550.2263157894738,1445.7722222222221,215.4518518518519,0.8965517241379308,0.7586206896551724,0.5,0.5,,,,,,,,,0.5,0.5,2,True,misshipping
msbd_2w,msbd_su,2,346523,shenzhenshibeilailidianqiyouxiangongsi PA 18466 ,335200,shenzhenshibeilailidianqiyouxiangongsi,"CA,GA,IL,PA,TX",5,APS,Tracy Rong,PA,Tobyhanna,18466,1901 Corporate Center Drive ,SCRANTON,PA,18640,29,3,2,0.06896551724137931,0,0.0,0,0.0,0,0.0,0,0.0,2,0.06896551724137931,0,0.0,,,0,0,,1,Richmond Hill Ncpc (GA) 7%,1,0.034482758620689655,7,6,3,25,0.8928571428571429,-0.31028919390204673,486.0285714285714,500.1812499999999,136.16666666666669,0.8965517241379307,0.7241379310344829,0.0,0.5,,,,,,,,,0.0,0.5,2,True,misshipping
msbd_2w,msbd_su,2,244651,langfangyuemingqishangmaoyouxiangongsi CA 91789,240536,langfangyuemingqishangmaoyouxiangongsi,"CA,GA,NJ,TX",4,Wayfair,Eve Deng,CA,Fontana,92337,13521 Santa Ana Ave,WEST RIALTO,CA,92316,29,3,8,0.27586206896551724,0,0.0,0,0.0,4,0.13793103448275862,0,0.0,4,0.13793103448275862,0,0.0,,,0,0,,2,South Dallas Rsf (TX) 10%; South Atlanta Ncpc (GA) 3%,1,0.034482758620689655,28,9,9,19,0.6785714285714286,-0.9197122852763799,1568.2538461538463,1680.888,540.5178571428571,0.9310344827586206,0.7241379310344827,1.0,0.75,,,,,1.0,0.5,,,1.0,1.0,8,True,misshipping
msbd_2w,msbd_su,2,324184,"LAMPLUX CO., LTD CA 92337",319357,"LAMPLUX CO., LTD","CA,NJ",2,Wayfair,Hernando Xia,CA,Fontana,92337,"16171 Slover Avenue,",WEST RIALTO,CA,92316,29,3,1,0.034482758620689655,0,0.0,0,0.0,0,0.0,0,0.0,1,0.034482758620689655,0,0.0,,,0,0,,1,Robbinsville (NJ) 3%,6,0.20689655172413793,22,1,1,22,0.9565217391304348,-1.8607283464566928,1220.2041666666667,1350.686363636364,122.95909090909092,0.8620689655172413,0.5172413793103449,1.0,1.0,,,,,,,,,1.0,1.0,1,True,misshipping
msbd_2w,msbd_su,2,348861,青吉(香港)有限公司 NJ 07036,343264,QINGJI (HONG KONG) LIMITED,"CA,NJ",2,Wayfair,Asia Supplier Service Desk,NJ,LINDEN,07036,"1301 W ELIZABETH AVE,UNIT A",LINDEN,NJ,7036,28,3,1,0.03571428571428571,0,0.0,0,0.0,0,0.0,0,0.0,1,0.03571428571428571,0,0.0,,,0,0,,1,Arcadia (CA) 4%,2,0.07142857142857142,4,1,1,25,0.9615384615384616,-1.509533366783743,513.7400000000001,573.91,107.08846153846154,1.0,0.6785714285714285,1.0,0.0,,,,,,,,,1.0,0.0,1,True,misshipping
msbd_2w,msbd_su,2,305130,JZ Home Decor LLC CA 91761,46785,JZ Home Decor LLC,"CA,FL,GA,IL,NJ,NY,OH,TX",8,APS Bedroom,Asia Supplier Service Desk,CA,ONTARIO,91761,1261 E Airport Dr,CHINO LOCAL,CA,91710,28,2,1,0.03571428571428571,0,0.0,0,0.0,0,0.0,0,0.0,1,0.03571428571428571,0,0.0,,,0,0,,1,South Atlanta Ncpc (GA) 4%,1,0.03571428571428571,27,1,1,26,0.9629629629629629,0.5244503664223851,1470.0,1364.3565217391306,90.79629629629628,0.9642857142857143,0.7857142857142857,1.0,1.0,,,,,,,,,1.0,1.0,1,True,misshipping
msbd_2w,msbd_su,2,374826,"Ningbo Jimarkde Trading Co., Ltd. NJ 08067",89483,"Ningbo Jimarkde Trading Co., Ltd.","CA,GA,NJ",3,APS Outdoor,Moti Mao,NJ,Pedricktown,08067,2 Gateway Blvd,CAMDEN,NJ,8007,28,3,6,0.21428571428571427,0,0.0,0,0.0,0,0.0,0,0.0,6,0.21428571428571427,0,0.0,,,0,0,,1,Richmond Hill Ncpc (GA) 21%,0,0.0,28,12,8,20,0.7142857142857143,0.26124670969776764,577.02,646.8791666666667,319.26428571428573,0.7500000000000001,0.5714285714285714,0.5,0.6666666666666667,,,,,,,,,0.5,0.6666666666666667,6,True,misshipping
msbd_2w,msbd_su,2,233361,"nanjingshi zhuoyipi e-commerce co.,ltd CA 92408",202150,"nanjingshi zhuoyipi e-commerce co.,ltd","CA,GA,IL,PA,TX",5,APS,Tracy Rong,CA,San Bernardino,92408,750S Valley View Avenue,WEST RIALTO,CA,92316,28,3,3,0.10714285714285714,0,0.0,0,0.0,0,0.0,0,0.0,3,0.10714285714285714,0,0.0,,,0,0,,1,Sugar Land (TX) 11%,4,0.14285714285714285,12,5,5,19,0.7916666666666666,-1.720183668489315,476.6839999999999,800.4714285714285,360.8636363636365,0.5714285714285714,0.5357142857142857,0.33333333333333337,0.33333333333333337,,,,,,,,,0.33333333333333337,0.33333333333333337,3,True,misshipping
msbd_2w,msbd_su,2,332775,"Guangzhou Zhengsheng Electric Co., Ltd. CA 91761",329993,"WEIHENG INTERNATIONAL TRADING CO., LIMITED","CA,GA,NJ,PA,TX",5,Outdoor Furniture,Asia Supplier Service Desk,CA,Ontario,91761,5140 E Santa Ana St,CHINO LOCAL,CA,91710,28,3,2,0.07142857142857142,0,0.0,1,0.03571428571428571,0,0.0,0,0.0,1,0.03571428571428571,0,0.0,,,0,0,,1,South Dallas Rsf (TX) 4%,1,0.03571428571428571,27,2,2,25,0.9259259259259259,0.8869813241341348,1166.036,1030.7043478260869,168.14074074074074,0.9642857142857142,0.8571428571428572,1.0,1.0,,,1.0,1.0,,,,,1.0,1.0,2,True,misshipping
msbd_2w,msbd_su,2,212961,Outopee Inc TX 77571,53397,Outopee Inc,"CA,GA,IL,NJ,TX",5,Casegoods,Prisha Mark,TX,La Porte,77571,CO 645 Independence Pkwy E Remington Ave,BAYTOWN,TX,77521,28,3,2,0.07142857142857142,0,0.0,0,0.0,1,0.03571428571428571,0,0.0,1,0.03571428571428571,0,0.0,,,0,0,,1,East Brunswick (NJ) 4%,2,0.07142857142857142,5,5,5,21,0.8076923076923077,-0.37779690963888024,979.3214285714287,1102.8071428571427,330.3454545454545,0.8571428571428571,0.5714285714285714,1.0,1.0,,,,,1.0,1.0,,,1.0,1.0,2,True,misshipping
msbd_2w,msbd_su,2,518792,Shenzhenkaibaishikejiyouxiangongsi NJ 08822,413446,Shenzhenkaibaishikejiyouxiangongsi,"CA,GA,NJ",3,APS Outdoor,Asia Supplier Service Desk,NJ,Flemington,08822,"1200 county road 523, unit 6 dock 30",WOODBRIDGE LOCAL,NJ,8832,28,3,2,0.07142857142857142,0,0.0,0,0.0,1,0.03571428571428571,0,0.0,1,0.03571428571428571,0,0.0,,,0,0,,1,Richmond Hill Ncpc (GA) 4%,2,0.07142857142857142,25,2,2,24,0.9230769230769231,0.4590704434239483,844.7368421052631,795.9157894736842,76.588,1.0,0.857142857142857,1.0,1.0,,,,,1.0,1.0,,,1.0,1.0,2,True,misshipping
msbd_2w,msbd_su,2,100050,MERRYSHOW INC NC 28023(2),79768,MERRYSHOW INC,"CA,GA,NC",3,Storage & Org - Frequency,Claire Przybocki,NC,CHINA GROVE,28023,308 E THOM ST,CONCORD,NC,28027,28,3,9,0.32142857142857145,0,0.0,0,0.0,0,0.0,0,0.0,9,0.32142857142857145,0,0.0,,,0,0,,3,West Savannah  Ncpc (GA) 14%; Rancho Cucamonga Ncpc (CA) 14%; West Rialto (CA) 4%,4,0.14285714285714285,15,15,15,9,0.375,-1.2633322304248047,572.4055555555557,971.135294117647,874.1416666666668,0.6071428571428572,0.17857142857142855,0.6666666666666666,0.0,,,,,,,,,0.6666666666666666,0.0,9,True,misshipping
msbd_2w,msbd_su,2,511318,Nanjing zhihuo wangluokejiyouxiangongsi NJ 08016,353757,Nanjing zhihuo wangluokejiyouxiangongsi,"CA,GA,NJ,TX",4,APS Housewares & More,Asia Supplier Service Desk,NJ,Burlington,08016,1900B River Rd,ROBBINSVILLE,NJ,8691,28,3,2,0.07142857142857142,0,0.0,0,0.0,0,0.0,0,0.0,2,0.07142857142857142,0,0.0,,,0,0,,1,Houston (TX) 7%,0,0.0,27,23,6,22,0.7857142857142857,0.02718360071301258,494.9076923076922,610.5545454545456,360.31071428571437,0.9285714285714285,0.8928571428571428,1.0,1.0,,,,,,,,,1.0,1.0,2,True,misshipping
msbd_2w,msbd_su,2,279176,"Shenzhen Huli Network Technology Co., L CA7 92337",132263,"Shenzhen Huli Network Technology Co., Ltd.","CA,GA,IL,NJ,TX",5,APS,Frank Huang,CA,Fontana,92337,13521 Santa Ana Ave,WEST RIALTO,CA,92316,28,3,3,0.10714285714285714,0,0.0,0,0.0,2,0.07142857142857142,0,0.0,1,0.03571428571428571,0,0.0,,,0,0,,1,South Dallas Rsf (TX) 4%,0,0.0,28,3,3,25,0.8928571428571429,-3.0883146579668668,1446.828,1575.8600000000001,228.82142857142858,1.0,0.7142857142857144,1.0,0.33333333333333337,,,,,1.0,0.0,,,1.0,1.0,3,True,misshipping
msbd_2w,msbd_su,2,435387,Eureka Ergonomic TX 77489,43482,Eureka Ergonomic,"CA,GA,IL,NJ,TX",5,APS AEOF,Fiona Jiang,TX,Missouri City,77489,"16148 Fondren Road, Missouri City,TX 77489",SUGAR LAND,TX,77489,28,3,2,0.07142857142857142,0,0.0,0,0.0,1,0.03571428571428571,0,0.0,1,0.03571428571428571,0,0.0,,,0,0,,1,Romeoville Rsf (IL) 4%,1,0.03571428571428571,8,5,5,22,0.8148148148148148,-0.29132138498104965,918.3222222222224,1013.4760000000002,244.56666666666666,0.9285714285714285,0.8214285714285713,0.5,0.5,,,,,0.0,1.0,,,1.0,0.0,2,True,misshipping
msbd_2w,msbd_su,2,375352,Deepcooling LLC GA 31326,238435,Deepcooling LLC,"CA,FL,GA,NJ,TX",5,Casegoods,Asia Supplier Service Desk,GA,Rincon,31326,1200 General Way,SAVANNAH LOCAL,GA,31408,28,3,1,0.03571428571428571,0,0.0,0,0.0,0,0.0,0,0.0,1,0.03571428571428571,0,0.0,,,0,0,,1,Chino Hills Ncpc (CA) 4%,1,0.03571428571428571,27,1,1,26,0.9629629629629629,-0.48335436280694943,580.1590909090908,614.5952380952382,97.20370370370372,1.0,0.8214285714285714,1.0,0.0,,,,,,,,,1.0,0.0,1,True,misshipping
msbd_2w,msbd_su,2,268894,langfangyuemingqishangmaoyouxiangongsi TX 75050,240536,langfangyuemingqishangmaoyouxiangongsi,"CA,GA,NJ,TX",4,APS,Eve Deng,TX,Grand Prairie,75050,1113 West Oakdale Rd,ARLINGTON,TX,76018,28,3,5,0.17857142857142858,0,0.0,2,0.07142857142857142,1,0.03571428571428571,0,0.0,2,0.07142857142857142,0,0.0,,,0,0,,2,Chino Hills Ncpc (CA) 4%; South Rialto - Ncpc (CA) 4%,0,0.0,28,11,11,17,0.6071428571428571,-0.07533960030892789,756.725,1014.751851851852,529.9107142857144,0.9642857142857143,0.7499999999999999,0.8,0.4,,,1.0,1.0,1.0,0.0,,,0.5,0.0,5,True,misshipping
msbd_2w,msbd_su,2,245759,Abay Tech LLC CA 91761,245661,Abay Tech LLC,"CA,FL,NJ",3,APS,Yu Xie,CA,ONTARIO,91761,1670 ETIWANDA AVE A,CHINO LOCAL,CA,91710,28,3,1,0.03571428571428571,0,0.0,0,0.0,0,0.0,0,0.0,1,0.03571428571428571,0,0.0,,,0,0,,1,East Brunswick (NJ) 4%,0,0.0,26,1,1,27,0.9642857142857143,0.9761708531909556,995.225,937.3159999999999,106.76153846153846,0.9642857142857142,0.7499999999999999,1.0,1.0,,,,,,,,,1.0,1.0,1,True,misshipping
msbd_2w,msbd_su,2,509864,Nest Node Inc GA 30519,334826,Nest Node Inc,"CA,GA,IL,NJ,TX",5,Hardware,Supplier Service Desk,GA,Buford,30519,"4497 Friendship Road, Bldg. 100",BRASELTON,GA,30517,28,3,6,0.21428571428571427,0,0.0,0,0.0,0,0.0,0,0.0,6,0.21428571428571427,0,0.0,,,0,0,,4,Houston (TX) 7%; Romeoville Rsf (IL) 7%; Princeton (NJ) 4%; South Rialto - Ncpc (CA) 4%,3,0.10714285714285714,22,15,10,15,0.6,-0.7252235936779705,496.67407407407404,683.1250000000001,462.34799999999996,0.6785714285714284,0.5714285714285716,1.0,0.8333333333333334,,,,,,,,,1.0,0.8333333333333334,6,True,misshipping
msbd_2w,msbd_su,2,280247,Shenzhen Yousi Internet Digital Marketing TX 75050,255424,"Shenzhen Yousi Internet Digital Marketing C o., Ltd.","CA,GA,NJ,NY,TX",5,APS,Sean Danyun SHEN,TX,Grand Prairie,75050,TX1: 1113 West Oakdale Road,ARLINGTON,TX,76018,28,2,3,0.10714285714285714,0,0.0,0,0.0,2,0.07142857142857142,0,0.0,1,0.03571428571428571,0,0.0,,,0,0,,1,South Atlanta Ncpc (GA) 4%,0,0.0,27,7,7,21,0.75,-0.5232571614686936,724.0357142857142,958.942857142857,358.1555555555556,1.0,0.8928571428571426,1.0,1.0,,,,,1.0,1.0,,,1.0,1.0,3,True,misshipping
msbd_2w,msbd_su,2,203408,Wincous FL 33178,18328,Wincous,"FL,NJ,NV",3,Wayfair Professional,Supplier Service Desk,FL,Miami,33178,10800 Northwest 103rd Street,MIAMI,FL,33178,28,3,11,0.39285714285714285,0,0.0,0,0.0,0,0.0,0,0.0,11,0.39285714285714285,0,0.0,,,0,0,,2,Moonachie (NJ) 21%; North Las Vegas Rsf (NV) 18%,1,0.03571428571428571,11,11,11,16,0.5925925925925926,0.06085865015575371,707.637037037037,633.7653846153847,754.9703703703705,0.9642857142857142,0.8571428571428571,0.9090909090909091,0.8181818181818182,,,,,,,,,0.9090909090909091,0.8181818181818182,11,True,misshipping
msbd_2w,msbd_su,2,503853,HuiAnXian XiMao DianZiShangWu YouXianGongSi NJ 07208,365391,QUANZHOU FENGZE OUYUANTONG MAOYI YOUXIAN GONGSI,"CA,GA,NJ",3,APS Decor,Asia Supplier Service Desk,NJ,Elizabeth,07208,865 Newark Ave,LINDEN,NJ,7036,28,3,13,0.4642857142857143,0,0.0,1,0.03571428571428571,1,0.03571428571428571,0,0.0,11,0.39285714285714285,0,0.0,,,0,0,,2,Anaheim (CA) 32%; West Savannah  Ncpc (GA) 7%,2,0.07142857142857142,15,15,15,11,0.4230769230769231,-1.253654269776769,807.7750000000001,1404.3045454545456,1318.2153846153847,0.9642857142857142,0.4285714285714285,0.923076923076923,0.3076923076923077,,,1.0,1.0,1.0,1.0,,,0.9090909090909091,0.18181818181818182,13,True,misshipping
msbd_2w,msbd_su,2,236613,XCO-TX,94983,PARKERWELL INC,"CA,GA,NJ,TX",4,APS Outdoor,Amber Xiang,TX,Katy,77493,28501 Hwy Blvd,HOUSTON LOCAL,TX,77433,28,3,5,0.17857142857142858,0,0.0,0,0.0,0,0.0,0,0.0,5,0.17857142857142858,0,0.0,,,0,0,,4,Rialto (CA) 7%; Braselton (GA) 4%; Chino Hills Ncpc (CA) 4%; Oceanside (CA) 4%,0,0.0,28,13,15,13,0.4642857142857143,-0.6899712658244285,621.4318181818184,927.5190476190475,585.5142857142857,0.9642857142857143,0.8214285714285714,1.0,0.8,,,,,,,,,1.0,0.8,5,True,misshipping
msbd_2w,msbd_su,2,113813,ANMYTEK INC NY 11725,61321,ANMYTEK INC,"CA,NY",2,APS Bedroom,Asia Supplier Service Desk,NY,Commack,11725,75 Modular Avenue,NORTH BETHPAGE,NY,11714,28,3,1,0.03571428571428571,0,0.0,0,0.0,0,0.0,0,0.0,1,0.03571428571428571,0,0.0,,,0,0,,1,South Rialto - Ncpc (CA) 4%,0,0.0,26,26,2,26,0.9285714285714286,-4.340500997561516,856.3833333333333,987.795238095238,258.25,1.0,0.28571428571428575,1.0,0.0,,,,,,,,,1.0,0.0,1,True,misshipping
msbd_2w,msbd_su,2,514138,"Shenzhen Baicui Technology Co., Ltd. IL 60446",223536,"Shenzhen Baicui Technology Co., Ltd.","CA,GA,IL,NJ,TX",5,APS Decor,Lavinia Zhang,IL,Romeoville,60446,C/O 214 S Pinnacle Dr,SOUTH CHICAGO,IL,60446,28,3,3,0.10714285714285714,0,0.0,0,0.0,0,0.0,0,0.0,3,0.10714285714285714,0,0.0,,,0,0,,2,West Savannah  Ncpc (GA) 7%; Rialto (CA) 4%,0,0.0,24,14,4,24,0.8571428571428571,-0.6861306352385359,528.2916666666667,683.2714285714286,192.47857142857143,1.0,0.9285714285714284,1.0,1.0,,,,,,,,,1.0,1.0,3,True,misshipping
msbd_2w,msbd_su,2,509943,MAKE MNY LLC NJ 07728,314563,MAKE MNY LLC,"CA,GA,IL,NJ,TX",5,APS Home Improvement,Asia Supplier Service Desk,NJ,Freehold,07728,400 Fairfield Road,PRINCETON,NJ,8810,28,3,6,0.21428571428571427,0,0.0,0,0.0,1,0.03571428571428571,0,0.0,5,0.17857142857142858,0,0.0,,,0,0,,2,South Rialto - Ncpc (CA) 14%; Houston (TX) 4%,2,0.07142857142857142,22,22,12,14,0.5384615384615384,-1.0379914329038626,493.81875,916.3230769230771,942.8538461538462,0.8928571428571427,0.5357142857142857,0.8333333333333334,0.0,,,,,0.0,0.0,,,1.0,0.0,6,True,misshipping
msbd_2w,msbd_su,2,509877,weikan(wuxi)wangluokejiyouxiangongsi IL 60446,431719,weikan(wuxi)wangluokejiyouxiangongsi,"CA,GA,IL,NJ,TX",5,APS Home Improvement,Asia Supplier Service Desk,IL,Romeoville,60446,179 Southcreek Pkwy,BRASELTON,GA,30517,28,3,5,0.17857142857142858,0,0.0,1,0.03571428571428571,2,0.07142857142857142,0,0.0,2,0.07142857142857142,0,0.0,,,0,0,,2,Houston (TX) 4%; South Rialto - Ncpc (CA) 4%,0,0.0,27,9,9,19,0.6785714285714286,0.3175106327598447,475.48,454.04800000000006,309.51851851851853,0.9642857142857143,0.8928571428571428,1.0,1.0,,,1.0,1.0,1.0,1.0,,,1.0,1.0,5,True,misshipping
msbd_2w,msbd_su,2,317641,YOUDENOVA HOME INC GA 31326,80562,YOUDENOVA HOME INC,"CA,GA,NJ,PA,TX",5,APS Outdoor,Amber Xiang,GA,Rincon,31326,1001 Trade Center parkway,SAVANNAH LOCAL,GA,31408,28,2,1,0.03571428571428571,0,0.0,0,0.0,0,0.0,0,0.0,1,0.03571428571428571,0,0.0,,,0,0,,1,Chino Hills Ncpc (CA) 4%,0,0.0,28,1,5,23,0.8214285714285714,-2.3926470588235293,337.61250000000007,430.9833333333334,137.68214285714285,1.0,0.8928571428571426,1.0,0.0,,,,,,,,,1.0,0.0,1,True,misshipping
msbd_2w,msbd_su,2,507584,"Dezhou Haolong Wood Industry Co., Ltd. NJ 08527",295682,"Dezhou Haolong Wood Industry Co., Ltd.","CA,GA,NJ",3,APS Youth,Asia Supplier Service Desk,NJ,Jackson ,08527,543 Monmouth Rd. ,ROBBINSVILLE,NJ,8691,28,3,2,0.07142857142857142,0,0.0,0,0.0,0,0.0,0,0.0,2,0.07142857142857142,0,0.0,,,0,0,,1,South Rialto - Ncpc (CA) 7%,1,0.03571428571428571,19,19,2,25,0.9259259259259259,-0.8602446589458328,619.2611111111112,647.6133333333335,226.68148148148157,0.8214285714285712,0.6428571428571429,1.0,0.5,,,,,,,,,1.0,0.5,2,True,misshipping
msbd_2w,msbd_su,2,470786,"Changzhou Yanjian Electronic Commerce Co., Ltd. TX 77034",469243,"Changzhou Yanjian Electronic Commerce Co., Ltd.","CA,NJ,TX",3,Wayfair,Supplier Service Desk,TX, HOUSTON,77034,5115 SOUTH SHAVER ST,SOUTH HOUSTON,TX,77075,27,3,4,0.14814814814814814,0,0.0,0,0.0,0,0.0,0,0.0,4,0.14814814814814814,0,0.0,,,0,0,,1,East Brunswick (NJ) 15%,0,0.0,6,6,6,21,0.7777777777777778,-0.28355184452089033,1035.7125,1096.85,358.57777777777784,0.8148148148148149,0.7407407407407406,0.0,0.25,,,,,,,,,0.0,0.25,4,True,misshipping
msbd_2w,msbd_su,2,414208,SLM Warehousing CA3 (Ontario),288386,"Hainan Chuangshiji Technology Co., Ltd","CA,GA,NJ,TX",4,APS Bedroom,Iris Sang,CA,Ontario,91761,5691 Philadelphia St,CHINO LOCAL,CA,91710,27,3,2,0.07407407407407407,0,0.0,1,0.037037037037037035,0,0.0,0,0.0,1,0.037037037037037035,0,0.0,,,0,0,,1,Sugar Land (TX) 4%,3,0.1111111111111111,24,4,4,20,0.8333333333333334,-0.45621730611886024,1193.9333333333332,1181.9099999999999,257.375,0.9259259259259258,0.5925925925925926,1.0,0.5,,,1.0,1.0,,,,,1.0,0.0,2,True,misshipping
msbd_2w,msbd_su,2,190980,Esbenshades Garden Center PA 17543 (1),189369,Esbenshades Garden Center,"CA,CO,FL,IN,PA,TX",6,Decor,Trevor Cody,PA,Lititz,17543,546a E 28th Division Hwy,READING,PA,19605,27,3,1,0.037037037037037035,0,0.0,0,0.0,0,0.0,0,0.0,1,0.037037037037037035,0,0.0,,,0,0,,1,Fresno (CA) 4%,0,0.0,11,1,1,26,0.9629629629629629,0.7530756326017055,1002.8076923076922,825.068181818182,129.15185185185183,1.0,0.7777777777777777,1.0,0.0,,,,,,,,,1.0,0.0,1,True,misshipping
msbd_2w,msbd_su,2,446049,luoyangguangzhixinxikejiyouxiangongsi NJ 08873 ,374898,luoyangguangzhixinxikejiyouxiangongsi,"CA,GA,NJ,TX",4,APS K&D,Asia Supplier Service Desk,NJ,Somerset,08873 ,50 Jiffy Rd， Somerset， New Jersey 08873 ,WOODBRIDGE LOCAL,NJ,8832,27,3,1,0.037037037037037035,0,0.0,0,0.0,0,0.0,0,0.0,1,0.037037037037037035,0,0.0,,,0,0,,1,Spring (TX) 4%,1,0.037037037037037035,24,1,1,25,0.9615384615384616,,519.7176470588234,516.1999999999999,80.74583333333335,1.0,0.8888888888888887,1.0,1.0,,,,,,,,,1.0,1.0,1,True,misshipping
msbd_2w,msbd_su,2,369965,"FUZHOU HOMEBROAD ARTS & CRAFTS CO., LTD. NY 11716",163523,"FUZHOU HOMEBROAD ARTS & CRAFTS CO., LTD.","CA,NY",2,APS AEOF,Asia Supplier Service Desk,NY,Bohemia,11716,585 Johnson Ave Suite 1,LONG ISLAND,NY,11741,27,3,3,0.1111111111111111,0,0.0,0,0.0,0,0.0,0,0.0,3,0.1111111111111111,0,0.0,,,0,0,,2,South Rialto - Ncpc (CA) 7%; Rialto (CA) 4%,1,0.037037037037037035,26,26,3,23,0.8846153846153846,-1.558716790427747,619.4000000000002,863.6391304347827,407.6076923076924,1.0,0.9259259259259257,1.0,0.6666666666666666,,,,,,,,,1.0,0.6666666666666666,3,True,misshipping
msbd_2w,msbd_su,2,482416,"Foshan Xiaoman Technology Co., Ltd. TX 75050",363139,"Foshan Xiaoman Technology Co., Ltd.","CA,GA,NJ,TX",4,APS Youth,Emily Liao,TX,Grand Prairie,75050,1113 West Oakdale Road,ARLINGTON,TX,76018,27,3,4,0.14814814814814814,0,0.0,0,0.0,0,0.0,0,0.0,4,0.14814814814814814,0,0.0,,,0,0,,3,East Brunswick (NJ) 7%; West Savannah  Ncpc (GA) 4%; Rialto (CA) 4%,1,0.037037037037037035,26,25,21,5,0.19230769230769232,-0.09143460332509296,474.91875,1308.359090909091,1324.3409090909092,0.8888888888888887,0.5185185185185185,1.0,0.5,,,,,,,,,1.0,0.5,4,True,misshipping
msbd_2w,msbd_su,2,453803,"Hong Kong Qing Ting Industrial Co., Limited  NY 12085",452290,"Hong Kong Qing Ting Industrial Co., Limited ","CA,NY",2,Wayfair,Supplier Service Desk,NY,Guilderland Center ,12085,"2 Van Buren Blvd, Building 21 Ste B",SCHENECTADY,NY,12306,27,1,6,0.2222222222222222,0,0.0,0,0.0,0,0.0,0,0.0,6,0.2222222222222222,0,0.0,,,0,0,,2,Chino Hills Ncpc (CA) 15%; South Rialto - Ncpc (CA) 7%,0,0.0,15,15,15,12,0.4444444444444444,-1.3409131604807065,997.4444444444445,1912.93125,1549.388888888889,1.0,0.5555555555555555,1.0,0.5,,,,,,,,,1.0,0.5,6,True,misshipping
msbd_2w,msbd_su,2,467082,Qiaya TX 02,83026,"MLILYUSA, INC.","AZ,CA,GA,IL,KS,NC,NJ,SC,TN,TX",10,APS Mattresses,Checky Yi,TX,Missouri City,77489,16156 Fondren Road,SUGAR LAND,TX,77489,27,3,4,0.14814814814814814,0,0.0,3,0.1111111111111111,0,0.0,0,0.0,1,0.037037037037037035,0,0.0,,,0,0,,1,Greensboro (NC) 4%,0,0.0,5,5,5,22,0.8148148148148148,0.7708357649037918,913.092,761.8,177.12962962962968,1.0,0.8518518518518519,1.0,1.0,,,1.0,1.0,,,,,1.0,1.0,4,True,misshipping
msbd_2w,msbd_su,2,340923,"Xihe (Beijing) Biotechnology Co., Ltd. CA 91789",323520,"Xihe (Beijing) Biotechnology Co., Ltd.","CA,GA,NJ,TX",4,APS,Asia Supplier Service Desk,CA,city of industry,91789,108 to 118 BREA CANYON RD,INDUSTRY,CA,91789,27,3,2,0.07407407407407407,0,0.0,0,0.0,0,0.0,0,0.0,2,0.07407407407407407,0,0.0,,,0,0,,2,South Atlanta Ncpc (GA) 4%; Richmond Hill Ncpc (GA) 4%,5,0.18518518518518517,21,2,2,20,0.9090909090909091,-2.331078280020667,1223.9399999999998,1294.1999999999998,228.0318181818182,0.9629629629629629,0.7407407407407409,1.0,0.5,,,,,,,,,1.0,0.5,2,True,misshipping
msbd_2w,msbd_su,2,439577,"ANJI MUFAN FURNITURE CO.,LTD GA 30517",307373,"ANJI MUFAN FURNITURE CO.,LTD","CA,GA,NJ,TX",4,APS K&D,Asia Supplier Service Desk,GA,Braselton,30517,1380 Jesse Cronic Road,BRASELTON,GA,30517,27,3,2,0.07407407407407407,0,0.0,0,0.0,0,0.0,0,0.0,2,0.07407407407407407,0,0.0,,,0,0,,1,South Rialto - Ncpc (CA) 7%,2,0.07407407407407407,25,4,2,23,0.92,-2.2823249047848346,749.5708333333334,947.3391304347826,235.90400000000005,0.8518518518518517,0.5925925925925927,1.0,0.0,,,,,,,,,1.0,0.0,2,True,misshipping
msbd_2w,msbd_su,2,512639,pingtanzongheshiyanquguyuguyumaoyiyouxiangongsi GA 30542,470261,pingtanzongheshiyanquguyuguyumaoyiyouxiangongsi,"CA,GA,TX",3,APS AEOF,Supplier Service Desk,GA,Flowery Branch,30542,5761 McEver Rd,BRASELTON,GA,30517,27,3,1,0.037037037037037035,0,0.0,0,0.0,0,0.0,0,0.0,1,0.037037037037037035,0,0.0,,,0,0,,1,South Houston (TX) 4%,0,0.0,18,9,1,26,0.9629629629629629,,609.8652173913044,595.759090909091,91.85000000000001,1.0,0.8148148148148147,1.0,1.0,,,,,,,,,1.0,1.0,1,True,misshipping
msbd_2w,msbd_su,2,433295,hui zhou shi si miao ke ji you xian gong si NJ 08075,281645,hui zhou shi si miao ke ji you xian gong si,"AL,CA,GA,IL,NJ,TX",6,APS Bedroom,Asia Supplier Service Desk,NJ,Delanco,08075,951 Coopertown Rd,CAMDEN,NJ,8007,27,3,2,0.07407407407407407,0,0.0,0,0.0,0,0.0,0,0.0,2,0.07407407407407407,0,0.0,,,0,0,,2,South Rialto - Ncpc (CA) 4%; West Rialto (CA) 4%,1,0.037037037037037035,21,21,11,15,0.5769230769230769,-0.9667473967220405,370.96842105263164,978.5050000000002,1115.924,0.8888888888888887,0.4814814814814817,1.0,0.5,,,,,,,,,1.0,0.5,2,True,misshipping
msbd_2w,msbd_su,2,313548,Shenzhen Yusheng Network Technology Co TX 77085 ,56290,SUSU INTERNALTIONAL LIMITED,"CA,GA,NJ,TX",4,APS,Lily Liu,TX,HOUSTON ,77085 ,5880 west Fuqua Street,SUGAR LAND,TX,77489,27,3,3,0.1111111111111111,0,0.0,0,0.0,0,0.0,0,0.0,3,0.1111111111111111,0,0.0,,,0,0,,1,Savannah (GA) 11%,4,0.14814814814814814,3,3,3,20,0.8695652173913043,0.12246293161650845,757.3458333333333,754.5772727272728,138.6,0.9259259259259257,0.7407407407407408,1.0,1.0,,,,,,,,,1.0,1.0,3,True,misshipping
msbd_2w,msbd_su,2,368176,"Xiamen Xingluyu Trading Co., Ltd. TX 75074",358901,HONG KONG ZHENHENG HOME FURNISHINGS LIMITED,"CA,NJ,NY,TX",4,APS Rugs,Cecilia Jia,TX,Plano,75074,910 10th St Unit F01,MESQUITE,TX,75149,27,3,1,0.037037037037037035,0,0.0,0,0.0,0,0.0,0,0.0,1,0.037037037037037035,0,0.0,,,0,0,,1,Linden (NJ) 4%,1,0.037037037037037035,2,2,2,24,0.9230769230769231,-0.6632915218376906,968.88,986.4360000000001,117.7846153846154,0.9259259259259258,0.7407407407407407,1.0,0.0,,,,,,,,,1.0,0.0,1,True,misshipping
msbd_2w,msbd_su,2,285340,DW-NJ,276264,HANG ZHOU SHENG KE YUAN QU GUAN LI YOU XIAN GO,"CA,GA,NJ",3,Casegoods,Asia Supplier Service Desk,NJ,Somerset,08873,244 Belmont Dr,WOODBRIDGE LOCAL,NJ,8832,27,3,1,0.037037037037037035,0,0.0,0,0.0,0,0.0,0,0.0,1,0.037037037037037035,0,0.0,,,0,0,,1,West Savannah  Ncpc (GA) 4%,7,0.25925925925925924,20,2,2,18,0.9,-0.22203013089651777,561.221052631579,628.4083333333333,78.24000000000002,0.7037037037037037,0.5185185185185185,1.0,1.0,,,,,,,,,1.0,1.0,1,True,misshipping
msbd_2w,msbd_su,2,470791,Wire King Hong Kong Limited CA 92316,60328,Wire King Hong Kong Limited,"CA,GA,NJ,PA,TX",5,APS Housewares & More,Jynn Jiang,CA,Bloomington,92316,1551 S Lilac Ave,WEST RIALTO,CA,92316,27,3,9,0.3333333333333333,0,0.0,0,0.0,0,0.0,0,0.0,9,0.3333333333333333,0,0.0,,,0,0,,3,Lehigh Valley (PA) 15%; Sugar Land (TX) 15%; South Atlanta Ncpc (GA) 4%,0,0.0,22,10,10,17,0.6296296296296297,0.13869354749764168,1288.1692307692304,910.2839999999999,753.3222222222222,1.0,0.9629629629629629,1.0,0.8888888888888888,,,,,,,,,1.0,0.8888888888888888,9,True,misshipping
msbd_2w,msbd_su,2,400577,   KSNJ,79918,SEANNAL INC,"CA,GA,NJ",3,Upholstery,Demi Wang,NJ,East Brunswick,08816,5 Cotters Ln,EAST BRUNSWICK,NJ,8816,27,3,4,0.14814814814814814,0,0.0,0,0.0,0,0.0,0,0.0,4,0.14814814814814814,0,0.0,,,0,0,,1,Rancho Cucamonga Ncpc (CA) 15%,0,0.0,5,4,4,23,0.8518518518518519,-1.1640664097673916,926.0,964.4833333333333,404.4259259259259,1.0,0.9259259259259257,1.0,0.75,,,,,,,,,1.0,0.75,4,True,misshipping
msbd_2w,msbd_su,2,502422,"Hangzhou Aohai Technology Co., Ltd NJ 08638",432953,"Hangzhou Aohai Technology Co., Ltd","AL,CA,GA,NJ,TX",5,APS Upholstery,Asia Supplier Service Desk,NJ, Ewing,08638,200 Kelsey Ave ,ROBBINSVILLE,NJ,8691,27,3,4,0.14814814814814814,0,0.0,0,0.0,0,0.0,0,0.0,4,0.14814814814814814,0,0.0,,,0,0,,3,Braselton (GA) 7%; Spring (TX) 4%; Chino Hills Ncpc (CA) 4%,1,0.037037037037037035,5,5,5,21,0.8076923076923077,0.5299324969004193,837.8260869565217,603.6095238095237,286.8538461538461,0.8888888888888886,0.7037037037037038,0.5,1.0,,,,,,,,,0.5,1.0,4,True,misshipping
msbd_2w,msbd_su,2,412312,shenzhenshiyishuodianzishangwuyouxiangongsi GA 31322,301402,shenzhenshiyishuodianzishangwuyouxiangongsi,"CA,GA,NC,NJ",4,APS Decor,,GA,Pooler,31322,320 MorganLakes Industrial Blvd,SAVANNAH LOCAL,GA,31408,27,2,10,0.37037037037037035,0,0.0,1,0.037037037037037035,1,0.037037037037037035,0,0.0,8,0.2962962962962963,0,0.0,,,0,0,,5,Rancho Cucamonga Ncpc (CA) 15%; West Rialto (CA) 4%; South Rialto - Ncpc (CA) 4%; Concord (NC) 4%; Chino Hills Ncpc (CA) 4%,0,0.0,25,14,14,13,0.48148148148148145,-0.18286147802003067,713.3434782608696,851.4666666666668,757.128,0.5925925925925927,0.7407407407407409,0.5,0.7,,,0.0,1.0,0.0,1.0,,,0.625,0.625,10,True,misshipping
msbd_2w,msbd_su,2,154783,Hangzhou Violet Home Co. GA 30518,154580,Hangzhou Violet Home Co.,"CA,GA,NJ,TX",4,APS,Naomi JI,GA,Buford,30518,2105 Buford Highway,BRASELTON,GA,30517,27,2,2,0.07407407407407407,0,0.0,1,0.037037037037037035,0,0.0,0,0.0,1,0.037037037037037035,0,0.0,,,0,0,,1,Woodbridge (NJ) 4%,1,0.037037037037037035,15,15,3,23,0.8846153846153846,-0.12467403431400914,674.3739130434783,623.3090909090911,149.34615384615384,1.0,0.7777777777777777,1.0,1.0,,,1.0,1.0,,,,,1.0,1.0,2,True,misshipping
msbd_2w,msbd_su,2,460573,Sundale Outdoor NJ 08831,36598,Sundale Outdoor,"CA,GA,NJ,PA,TX",5,APS AEOF,Asia Supplier Service Desk,NJ,Monroe,08831,117 Interstate Blvd  NJ 08816,PRINCETON,NJ,8810,27,3,2,0.07407407407407407,0,0.0,0,0.0,0,0.0,0,0.0,2,0.07407407407407407,0,0.0,,,0,0,,1,West Savannah  Ncpc (GA) 7%,0,0.0,22,21,10,17,0.6296296296296297,-0.377303135128321,295.1380952380953,486.82,384.73333333333346,0.9629629629629629,0.6296296296296298,1.0,0.0,,,,,,,,,1.0,0.0,2,True,misshipping
msbd_2w,msbd_su,2,254657,WINADO INC IL 60007,58611,WINADO INC,"CA,GA,IL,NJ,TX",5,APS Outdoor,Melody Lu,IL,Elk Grove Village,60007,901 Chase Ave ,NILES,IL,60714,27,3,4,0.14814814814814814,0,0.0,0,0.0,1,0.037037037037037035,0,0.0,3,0.1111111111111111,0,0.0,,,0,0,,1,Austell (GA) 11%,1,0.037037037037037035,26,8,11,15,0.5769230769230769,-0.5722115720787423,392.99411764705883,493.4714285714286,215.12608695652176,1.0,0.8148148148148149,1.0,0.5,,,,,1.0,1.0,,,1.0,0.3333333333333333,4,True,misshipping
msbd_2w,msbd_su,2,481740,Tianle International Group Limited NJ 08016,452360,Tianle International Group Limited,"CA,GA,NJ,TX",4,APS K&D,Evie Li,NJ,Burlington,08016,280 Daniels Way,ROBBINSVILLE,NJ,8691,27,3,2,0.07407407407407407,0,0.0,0,0.0,0,0.0,0,0.0,2,0.07407407407407407,0,0.0,,,0,0,,2,Sugar Land (TX) 4%; South Atlanta Ncpc (GA) 4%,0,0.0,16,5,5,22,0.8148148148148148,0.23688074417600738,925.6826086956521,983.9521739130435,211.8666666666667,0.8888888888888887,0.5185185185185186,0.5,0.5,,,,,,,,,0.5,0.5,2,True,misshipping
msbd_2w,msbd_su,2,293218,ningboxuxindianzishangwuyouxiangongsi NJ 08003,286148,ningboxuxindianzishangwuyouxiangongsi,"CA,GA,NJ,PA,TX",5,APS Outdoor,David Liu,PA,Philadelphia,19137,"5000 Richmond Street, Building B",PHILADELPHIA,PA,19154,27,2,6,0.2222222222222222,0,0.0,0,0.0,0,0.0,0,0.0,6,0.2222222222222222,0,0.0,,,0,0,,3,Chino (CA) 11%; Chino Hills Ncpc (CA) 7%; Metuchen (NJ) 4%,0,0.0,27,27,7,20,0.7407407407407407,-1.499618152837475,621.5,995.2260869565218,645.4259259259259,1.0,0.9259259259259257,1.0,0.6666666666666666,,,,,,,,,1.0,0.6666666666666666,6,True,misshipping
msbd_2w,msbd_su,2,288172,ningboxuxindianzishangwuyouxiangongsi CA 91702,286148,ningboxuxindianzishangwuyouxiangongsi,"CA,GA,NJ,PA,TX",5,APS Outdoor,David Liu,CA,Anaheim,92806,1204 N Miller St. Unit A,ANAHEIM,CA,92801,27,3,1,0.037037037037037035,0,0.0,0,0.0,0,0.0,0,0.0,1,0.037037037037037035,0,0.0,,,0,0,,1,East Brunswick (NJ) 4%,0,0.0,27,3,3,24,0.8888888888888888,0.9746519990031686,1180.5086956521739,1043.223076923077,333.78148148148153,0.9629629629629629,0.4814814814814815,1.0,1.0,,,,,,,,,1.0,1.0,1,True,misshipping
msbd_2w,msbd_su,2,441532,Dwelling Dots Ltd TX 75050-7307,308220,Dwelling Dots Ltd,"CA,GA,NJ,TX",4,APS Upholstery,Estrella Wang,TX,Grand Prairie,75050-7307,1113 West Oakdale Road,ARLINGTON,TX,76018,27,3,1,0.037037037037037035,0,0.0,0,0.0,0,0.0,0,0.0,1,0.037037037037037035,0,0.0,,,0,0,,1,Rialto (CA) 4%,1,0.037037037037037035,26,1,1,25,0.9615384615384616,-1.208344549125168,576.5285714285715,913.1066666666666,76.86538461538461,1.0,0.7037037037037036,1.0,0.0,,,,,,,,,1.0,0.0,1,True,misshipping
msbd_2w,msbd_su,2,512873,Oneinmil Inc_1 NJ 08810,62219,Oneinmil Inc_1,"CA,GA,NJ,PA",4,APS AEOF,Asia Supplier Service Desk,NJ,Dayton,08810,"321 Herrod Blvd, Suite 321A, Dayton, NJ 08810",PRINCETON,NJ,8810,27,3,4,0.14814814814814814,0,0.0,0,0.0,0,0.0,0,0.0,4,0.14814814814814814,0,0.0,,,0,0,,2,South Rialto - Ncpc (CA) 11%; Rialto (CA) 4%,1,0.037037037037037035,16,15,11,15,0.5769230769230769,-1.590329433322275,890.6058823529412,1227.86,1082.4807692307688,0.9259259259259257,0.4444444444444445,1.0,0.25,,,,,,,,,1.0,0.25,4,True,misshipping
msbd_2w,msbd_su,2,285431,Huizhou Zhelin Furniture Co Ltd GA 30046 ,116865,Huizhou Zhelin Furniture Co Ltd,"CA,GA,NJ",3,APS K&D,Evie Li,GA,Lawrenceville ,30046,975 Old Norcross Rd,PRINCETON,NJ,8810,27,3,9,0.3333333333333333,0,0.0,3,0.1111111111111111,2,0.07407407407407407,0,0.0,4,0.14814814814814814,0,0.0,,,0,0,,2,Chino Hills Ncpc (CA) 11%; East Brunswick (NJ) 4%,1,0.037037037037037035,17,8,10,16,0.6153846153846154,0.38841685734100684,869.3291666666665,618.5799999999999,586.456,1.0,0.7407407407407405,1.0,0.8888888888888888,,,1.0,0.6666666666666666,1.0,1.0,,,1.0,1.0,9,True,misshipping
msbd_2w,msbd_su,2,465358,"Hangzhou Obay Home Decor Co., Ltd. TX 75050",81356,"Hangzhou Obay Home Decor Co., Ltd.","CA,GA,NJ,TX",4,APS Upholstery,Asia Supplier Service Desk,TX,Grand Prairie,75050,1113 West Oakdale Road,ARLINGTON,TX,76018,27,3,3,0.1111111111111111,0,0.0,0,0.0,0,0.0,0,0.0,3,0.1111111111111111,0,0.0,,,0,0,,1,Chino Hills Ncpc (CA) 11%,2,0.07407407407407407,25,25,25,0,0.0,-1.9584351508476727,271.71428571428567,1604.188,1399.9440000000002,0.8888888888888887,0.4814814814814815,1.0,1.0,,,,,,,,,1.0,1.0,3,True,misshipping
msbd_2w,msbd_su,2,493379,zheng ding xian wang sen shang mao you xian gong si CA 92337,431812,zheng ding xian wang sen shang mao you xian gong si,"CA,NJ",2,APS Bedroom,Asia Supplier Service Desk,CA,Fontana,92337,11010 Juniper Ave,WEST RIALTO,CA,92316,26,3,14,0.5384615384615384,0,0.0,0,0.0,0,0.0,0,0.0,14,0.5384615384615384,0,0.0,,,0,0,,1,Robbinsville (NJ) 54%,6,0.23076923076923078,20,16,16,4,0.2,0.16317523450698854,1434.331818181818,914.9611111111113,2169.0799999999995,0.7307692307692308,0.6923076923076924,0.9285714285714285,0.9285714285714285,,,,,,,,,0.9285714285714285,0.9285714285714285,14,True,misshipping
msbd_2w,msbd_su,2,357430,Jmarcus SC 29620-5509,21762,Jmarcus,"PA,SC",2,Decor,Trevor Cody,SC,Abbeville,29620 5509,234 Industrial Park Rd,ANDERSON,SC,29621,26,3,1,0.038461538461538464,0,0.0,0,0.0,0,0.0,0,0.0,1,0.038461538461538464,0,0.0,,,0,0,,1,North Pittsburgh (PA) 4%,1,0.038461538461538464,24,4,2,23,0.92,,712.1142857142856,942.8,83.436,0.8846153846153846,0.576923076923077,1.0,1.0,,,,,,,,,1.0,1.0,1,True,misshipping
msbd_2w,msbd_su,2,413417,"Bsstechs Technology(NanJing) Co., Ltd CA 92376",297727,"Bsstechs Technology(NanJing) Co., Ltd","CA,GA,NJ,TX",4,APS Decor,Asia Supplier Service Desk,CA,Rialto,92376,"1979 Renaissance Pkwy, Rialto, CA 92376",WEST RIALTO,CA,92316,26,3,1,0.038461538461538464,0,0.0,0,0.0,0,0.0,0,0.0,1,0.038461538461538464,0,0.0,,,0,0,,1,South Atlanta Ncpc (GA) 4%,0,0.0,26,1,1,25,0.9615384615384616,0.6619338867045289,1655.5333333333335,1558.9833333333333,99.04230769230769,1.0,0.6923076923076923,1.0,0.0,,,,,,,,,1.0,0.0,1,True,misshipping
msbd_2w,msbd_su,2,195344,Joywaa inc GA 30517,178315,Joywaa inc,"CA,FL,GA,NJ,NY,TX",6,Upholstery,Demi Wang,GA,Braselton,30517,1380 Jesse Cronic Road,BRASELTON,GA,30517,26,3,2,0.07692307692307693,0,0.0,0,0.0,1,0.038461538461538464,0,0.0,1,0.038461538461538464,0,0.0,,,0,0,,1,Ocala (FL) 4%,1,0.038461538461538464,25,9,3,22,0.88,0.2245423540057076,723.5181818181818,757.065,138.32399999999998,0.9615384615384615,0.8846153846153845,1.0,0.5,,,,,1.0,1.0,,,1.0,0.0,2,True,misshipping
msbd_2w,msbd_su,2,474303,[WPGA7],411034,fushangbao(guangdong)jiajukejiyouxiangongsi,"CA,GA,NJ,TX",4,APS Bedroom,Noemi Tang,GA,Savannah,31407,150 Portside Ct,SAVANNAH LOCAL,GA,31408,26,3,5,0.19230769230769232,0,0.0,0,0.0,0,0.0,0,0.0,5,0.19230769230769232,0,0.0,,,0,0,,4,Camden (NJ) 8%; Houston (TX) 4%; Robbinsville (NJ) 4%; Woodbridge (NJ) 4%,1,0.038461538461538464,25,8,8,17,0.68,0.3083864803888225,473.65599999999995,402.552,209.68799999999996,0.9615384615384615,0.6923076923076923,1.0,0.6,,,,,,,,,1.0,0.6,5,True,misshipping
msbd_2w,msbd_su,2,301614,shenzhenshiweijingchengdianzishangwuyou GA 31405,296564,shenzhenshiweijingchengdianzishangwuyouxiangongsi,"CA,GA,IL,NJ,TX",5,Casegoods,Kebing Wang,GA,Savannah ,31405,101 Feldspar Dr,SAVANNAH LOCAL,GA,31408,26,3,1,0.038461538461538464,0,0.0,0,0.0,0,0.0,0,0.0,1,0.038461538461538464,0,0.0,,,0,0,,1,Rancho Cucamonga Ncpc (CA) 4%,0,0.0,26,2,2,24,0.9230769230769231,-1.7223933128024638,507.96000000000004,559.3480000000001,136.03076923076927,0.923076923076923,0.6153846153846154,1.0,1.0,,,,,,,,,1.0,1.0,1,True,misshipping
msbd_2w,msbd_su,2,350768,Espiron Optimum Inc NJ 08022,296653,Espiron Optimum Inc,"CA,GA,IL,NJ,TX",5,Casegoods,Supplier Service Desk,NJ,Mansfield,08022,1183 Florence Columbus Rd,ROBBINSVILLE,NJ,8691,26,3,2,0.07692307692307693,0,0.0,0,0.0,0,0.0,0,0.0,2,0.07692307692307693,0,0.0,,,0,0,,2,Chino (CA) 4%; Richmond Hill Ncpc (GA) 4%,1,0.038461538461538464,19,3,3,22,0.88,-2.0553840631346145,368.3894736842105,481.1315789473684,189.05599999999998,1.0,0.8076923076923076,1.0,0.0,,,,,,,,,1.0,0.0,2,True,misshipping
msbd_2w,msbd_su,2,163119,ProMounts CA,10584,ProMounts,"AR,CA,FL",3,Wayfair Professional,Supplier Service Desk,CA,Torrance,90502,20218 Hamilton Ave,CARSON,CA,90746,26,3,5,0.19230769230769232,0,0.0,0,0.0,0,0.0,0,0.0,5,0.19230769230769232,0,0.0,,,0,0,,1,Fort Lauderdale (FL) 19%,1,0.038461538461538464,10,9,9,16,0.64,-0.6504177903736128,1844.6894736842107,1780.964705882353,947.6500000000001,0.6538461538461537,0.5,1.0,0.8,,,,,,,,,1.0,0.8,5,True,misshipping
msbd_2w,msbd_su,2,459050,   NJ006,320790,hang zhou gong lian jin chu kou you xian gong si,"CA,GA,NJ,TX",4,APS Outdoor,Amber Xiang,NJ,Old Bridge,08857,600 Fairway Lane ,EAST BRUNSWICK,NJ,8816,26,3,1,0.038461538461538464,0,0.0,0,0.0,0,0.0,0,0.0,1,0.038461538461538464,0,0.0,,,0,0,,1,Spring (TX) 4%,0,0.0,7,4,4,22,0.8461538461538461,,448.0947368421053,517.7444444444444,250.7538461538461,1.0,0.8846153846153845,1.0,1.0,,,,,,,,,1.0,1.0,1,True,misshipping
msbd_2w,msbd_su,2,457630,shanghaiyiyurenkejiyouxiangongsi CA 91761,410452,shanghaiyiyurenkejiyouxiangongsi,"CA,GA,NJ",3,APS Home Improvement,Asia Supplier Service Desk,CA,Ontario,91761,1651 S Archibald Ave,CHINO LOCAL,CA,91710,26,3,1,0.038461538461538464,0,0.0,0,0.0,0,0.0,0,0.0,1,0.038461538461538464,0,0.0,,,0,0,,1,West Savannah  Ncpc (GA) 4%,0,0.0,26,1,1,25,0.9615384615384616,-0.2655643820432293,472.4884615384616,483.5461538461539,91.64615384615387,0.9615384615384615,0.9615384615384615,1.0,1.0,,,,,,,,,1.0,1.0,1,True,misshipping
msbd_2w,msbd_su,2,272545,Lawrenceville Inc CA 91768,242576,Lawrenceville Inc,"CA,NJ",2,APS Other,Asia Supplier Service Desk,CA,Pomona,91768,162 Atlantic St,INDUSTRY,CA,91789,26,3,1,0.038461538461538464,0,0.0,0,0.0,0,0.0,0,0.0,1,0.038461538461538464,0,0.0,,,0,0,,1,Secaucus (NJ) 4%,2,0.07692307692307693,1,1,1,23,0.9583333333333334,-0.09036399548532742,1415.2571428571428,1421.357142857143,114.88333333333337,0.923076923076923,0.6538461538461539,1.0,1.0,,,,,,,,,1.0,1.0,1,True,misshipping
msbd_2w,msbd_su,2,275078,Olivers Labels Miami FL 33162,22563,PicturePerfect_US,"FL,NY,ON",3,Decor,Kate Poletynski,FL,North Miami Beach,33162,1554 NE 165th St,HIALEAH GARDENS,FL,33178,26,3,13,0.5,0,0.0,0,0.0,0,0.0,0,0.0,13,0.5,0,0.0,,,0,0,,1,Buffalo (NY) 50%,3,0.11538461538461539,23,23,23,0,0.0,-0.3189894647942284,753.1954545454546,1278.1384615384616,1420.5,0.8846153846153845,0.15384615384615385,1.0,0.23076923076923075,,,,,,,,,1.0,0.23076923076923075,13,True,misshipping
msbd_2w,msbd_su,2,334570,KYT25,225765,KRCMORE INC,"CA,NJ,TX",3,APS Home Improvement,Cheryl Zhang,CA,Redlands,92374,9425 Nevada Street,WEST RIALTO,CA,92316,26,3,1,0.038461538461538464,0,0.0,0,0.0,0,0.0,0,0.0,1,0.038461538461538464,0,0.0,,,0,0,,1,Metuchen (NJ) 4%,1,0.038461538461538464,25,1,1,24,0.96,0.581053626269785,1966.875,1861.9374999999998,125.72,1.0,0.7692307692307694,1.0,1.0,,,,,,,,,1.0,1.0,1,True,misshipping
msbd_2w,msbd_su,2,439504,Yiwu Youxi Electronic Commerce Co. Ltd GA 31405,98141,Yiwu Youxi Electronic Commerce Co. Ltd,"CA,GA,NJ,TX",4,APS Outdoor,Amber Xiang,GA,Savannah,31405,125 Feldspar Dr. Suite 300,SAVANNAH LOCAL,GA,31408,26,2,6,0.23076923076923078,0,0.0,0,0.0,1,0.038461538461538464,0,0.0,5,0.19230769230769232,0,0.0,,,0,0,,5,South Rialto - Ncpc (CA) 4%; Princeton (NJ) 4%; Rancho Cucamonga Ncpc (CA) 4%; Metuchen (NJ) 4%; Sugar Land (TX) 4%,1,0.038461538461538464,25,9,9,16,0.64,-0.14483438826751438,595.5043478260869,615.35,408.86400000000003,1.0,0.9615384615384615,1.0,1.0,,,,,1.0,1.0,,,1.0,1.0,6,True,misshipping
msbd_2w,msbd_su,2,268697,Shenzhenshi Shushikongjian Jiaju Youx NJ 08817(2),63657,COMFY ZONE US LLC,"CA,GA,IL,NJ,TX",5,APS AEOF,Yolanda GUI,NJ,Edison,08817,300 Cedar Lane,WOODBRIDGE LOCAL,NJ,8832,26,3,2,0.07692307692307693,0,0.0,0,0.0,0,0.0,0,0.0,2,0.07692307692307693,0,0.0,,,0,0,,1,Niles (IL) 8%,1,0.038461538461538464,25,9,4,21,0.84,-0.2694904598872828,412.62,484.5368421052632,145.916,0.8076923076923077,0.5769230769230769,0.0,0.0,,,,,,,,,0.0,0.0,2,True,misshipping
msbd_2w,msbd_su,2,471902,FS-LA15,471171,"Foshan Fengsheng Crafts Co., Ltd.","CA,GA,NJ,PA",4,Wayfair,Supplier Service Desk,CA,Fontana,92335-5235,13277 San Bernardino Ave,WEST RIALTO,CA,92316,26,2,1,0.038461538461538464,0,0.0,0,0.0,0,0.0,0,0.0,1,0.038461538461538464,0,0.0,,,0,0,,1,Richmond Hill Ncpc (GA) 4%,0,0.0,26,2,2,24,0.9230769230769231,-2.291569992266048,1091.4076923076923,1152.1346153846152,209.40000000000003,1.0,0.8846153846153845,1.0,0.0,,,,,,,,,1.0,0.0,1,True,misshipping
msbd_2w,msbd_su,2,265766,hui zhou shi wang ji ke ji you xian gong si CA 92336,265642,hui zhou shi wang ji ke ji you xian gong si,"CA,NJ",2,Wayfair,Asia Supplier Service Desk,CA,FontanaCa,92336,C/O 14779 Bar Harbor Rd,WEST RIALTO,CA,92316,26,2,5,0.19230769230769232,0,0.0,2,0.07692307692307693,1,0.038461538461538464,0,0.0,2,0.07692307692307693,0,0.0,,,0,0,,1,Robbinsville (NJ) 8%,0,0.0,26,5,5,21,0.8076923076923077,0.8059267185429576,882.0120000000001,560.8639999999999,405.6423076923078,1.0,0.9230769230769229,1.0,1.0,,,1.0,1.0,1.0,1.0,,,1.0,1.0,5,True,misshipping
msbd_2w,msbd_su,2,432974,"Hangzhou Aohai Technology Co., Ltd NJ 07036",432953,"Hangzhou Aohai Technology Co., Ltd","AL,CA,GA,NJ,TX",5,Wayfair,Asia Supplier Service Desk,TX,	Houston,77066,"11833 Cutten Road, Houston, Suite300",SPRING,TX,77388,26,3,1,0.038461538461538464,0,0.0,0,0.0,0,0.0,0,0.0,1,0.038461538461538464,0,0.0,,,0,0,,1,West Savannah  Ncpc (GA) 4%,2,0.07692307692307693,4,3,3,21,0.875,0.48315248429468877,857.0181818181818,780.1090909090909,152.53333333333336,1.0,0.9230769230769228,1.0,1.0,,,,,,,,,1.0,1.0,1,True,misshipping
msbd_2w,msbd_su,2,51639,The Home Beyond NY 12204,50717,The Home Beyond,"CA,NY,TX",3,APS,Asia Supplier Service Desk,NY,Menands,12204,21 Simmons Lane,MENANDS GFLA,NY,12204,26,3,2,0.07692307692307693,0,0.0,0,0.0,1,0.038461538461538464,0,0.0,1,0.038461538461538464,0,0.0,,,0,0,,1,Roseville (CA) 4%,4,0.15384615384615385,3,2,2,20,0.9090909090909091,-0.4309698594280741,924.3714285714286,1066.8647058823528,146.4,0.6923076923076923,0.576923076923077,0.5,0.0,,,,,0.0,0.0,,,1.0,0.0,2,True,misshipping
msbd_2w,msbd_su,2,372254,KYT TECHNOLOGY INC. NJ 08817,320631,KYT TECHNOLOGY INC.,"CA,NJ",2,APS Upholstery,Asia Supplier Service Desk,NJ,Edison,08817,145a Talmadge Road,WOODBRIDGE LOCAL,NJ,8832,26,3,8,0.3076923076923077,0,0.0,1,0.038461538461538464,1,0.038461538461538464,0,0.0,6,0.23076923076923078,0,0.0,,,0,0,,1,Rancho Cucamonga Ncpc (CA) 23%,0,0.0,25,18,9,17,0.6538461538461539,-0.9756561840181106,1004.6347826086957,1262.6,970.7153846153847,1.0,0.6923076923076925,1.0,0.25000000000000006,,,1.0,1.0,1.0,1.0,,,1.0,0.0,8,True,misshipping
msbd_2w,msbd_su,2,510614,"Dmanzg Co., Limited CA 92509",482526,"Dmanzg Co., Limited","CA,NY",2,APS Soft Home,Asia Supplier Service Desk,CA,Jurupa Valley,92509,4720 Felspar St,RIALTO LOCAL,CA,92316,26,3,17,0.6538461538461539,0,0.0,0,0.0,0,0.0,0,0.0,17,0.6538461538461539,0,0.0,,,0,0,,1,Long Island (NY) 65%,0,0.0,26,22,22,4,0.15384615384615385,-1.151145479457564,863.0708333333331,1585.3894736842105,2372.1923076923076,0.9615384615384615,0.3846153846153846,1.0,0.29411764705882354,,,,,,,,,1.0,0.29411764705882354,17,True,misshipping
msbd_2w,msbd_su,2,70329,"Zephyr Ventilation, LLC PA 19154",65676,"Zephyr Ventilation, LLC","CA,GA,KY,OH,PA,TX",6,Appliances,Adam Quarterman,PA,Philadelphia,19154,2709 Commerce Way,PHILADELPHIA,PA,19154,26,3,1,0.038461538461538464,0,0.0,0,0.0,0,0.0,0,0.0,1,0.038461538461538464,0,0.0,,,0,0,,1,Atlanta (GA) 4%,2,0.07692307692307693,2,1,1,23,0.9583333333333334,0.5923303834808259,196.7727272727273,142.00909090909093,36.77272727272727,1.0,0.8076923076923076,1.0,1.0,,,,,,,,,1.0,1.0,1,True,misshipping
msbd_2w,msbd_su,2,503749,HALOPU LTD NJ 08057,271608,HALOPU LTD,"CA,NJ",2,APS Home Improvement,Aria Yao,NJ,moorestown,08057,1265 glen avenue,CAMDEN,NJ,8007,26,3,16,0.6153846153846154,0,0.0,0,0.0,0,0.0,0,0.0,16,0.6153846153846154,0,0.0,,,0,0,,1,Chino Hills Ncpc (CA) 62%,2,0.07692307692307693,24,20,20,4,0.16666666666666666,-0.7837399044514207,1505.6,1599.284210526316,2257.425,0.9230769230769229,0.5384615384615385,1.0,0.5625000000000001,,,,,,,,,1.0,0.5625000000000001,16,True,misshipping
msbd_2w,msbd_su,2,190674,Phoebecat Inc NJ 08512 (2),54500,Phoebecat Inc,"CA,GA,NJ",3,APS,Asia Supplier Service Desk,NJ,Cranbury,08512,311 Half Acre Rd,PRINCETON,NJ,8810,26,3,1,0.038461538461538464,0,0.0,0,0.0,0,0.0,0,0.0,1,0.038461538461538464,0,0.0,,,0,0,,1,West Rialto (CA) 4%,5,0.19230769230769232,21,18,15,6,0.2857142857142857,-1.930517711171662,191.12499999999994,1238.3999999999999,1340.5380952380954,0.730769230769231,0.38461538461538464,1.0,1.0,,,,,,,,,1.0,1.0,1,True,misshipping
msbd_2w,msbd_su,2,103459,Mopio Inc. NJ 08817,63903,Mopio Inc.,"CA,FL,GA,NJ",4,Casegoods,Jaden Pickett,NJ,Edison,08817,300 Cedar Lane Suite B,WOODBRIDGE LOCAL,NJ,8832,26,3,1,0.038461538461538464,0,0.0,0,0.0,0,0.0,0,0.0,1,0.038461538461538464,0,0.0,,,0,0,,1,Chino Hills Ncpc (CA) 4%,3,0.11538461538461539,23,1,1,22,0.9565217391304348,-2.3043228493465464,1212.6649999999997,1376.3777777777777,125.92608695652176,0.8076923076923076,0.6153846153846154,1.0,0.0,,,,,,,,,1.0,0.0,1,True,misshipping
msbd_2w,msbd_su,2,313010,TITAN GLOBE LLC VA 22406 ,93219,TITAN GLOBE LLC,"CA,VA",2,APS,Asia Supplier Service Desk,VA,Fredericksburg ,22406,1190 International Parkway ,STAFFORD,VA,22406,26,3,1,0.038461538461538464,0,0.0,0,0.0,0,0.0,0,0.0,1,0.038461538461538464,0,0.0,,,0,0,,1,South Rialto - Ncpc (CA) 4%,1,0.038461538461538464,1,1,1,24,0.96,-0.10735259572468886,606.464705882353,614.5294117647061,103.26000000000002,1.0,0.7307692307692306,1.0,1.0,,,,,,,,,1.0,1.0,1,True,misshipping
msbd_2w,msbd_su,2,53304,LivEditor Lighting Co. Ltd. GA 30122,37764,LivEditor Lighting Co. Ltd.,"CA,GA,NJ",3,APS,Asia Supplier Service Desk,GA,Lithia Springs,30122,850 Douglas Hills Rd,AUSTELL,GA,30168,26,3,19,0.7307692307692307,0,0.0,0,0.0,2,0.07692307692307693,0,0.0,17,0.6538461538461539,0,0.0,,,0,0,,8,Rancho Cucamonga Ncpc (CA) 19%; West Rialto (CA) 15%; East Brunswick (NJ) 8%; Woodbridge (NJ) 8%; South Rialto - Ncpc (CA) 4%,0,0.0,26,25,25,1,0.038461538461538464,-1.0511239017889245,631.2346153846153,1486.6560000000002,1607.7846153846153,0.9230769230769228,0.6923076923076924,0.894736842105263,0.7894736842105262,,,,,1.0,1.0,,,0.8823529411764705,0.7647058823529411,19,True,misshipping
msbd_2w,msbd_su,2,75024,Farm On Table Inc NJ 08512,74031,Farm On Table Inc,"CA,GA,NJ,OH,PA,TX",6,APS,Naomi JI,NJ,Cranbury,08512,311 Cranbury Half Acre Rd,PRINCETON,NJ,8810,26,3,1,0.038461538461538464,0,0.0,0,0.0,0,0.0,0,0.0,1,0.038461538461538464,0,0.0,,,0,0,,1,Chino Hills Ncpc (CA) 4%,0,0.0,26,4,1,25,0.9615384615384616,-2.385520733543178,629.1882352941176,737.0176470588235,125.9307692307692,0.9615384615384615,0.9615384615384615,1.0,0.0,,,,,,,,,1.0,0.0,1,True,misshipping
msbd_2w,msbd_su,2,450747,HOU-2[休斯顿2号仓],308237,chongqinghongliyangmaoyiyouxiangongsi,"CA,GA,IL,NJ,TX",5,APS K&D,Asia Supplier Service Desk,TX,Brookshire,77423,C/O 30815 Kingsland Boulevard,HOUSTON LOCAL,TX,77433,25,3,8,0.32,0,0.0,0,0.0,3,0.12,0,0.0,5,0.2,0,0.0,,,0,0,,3,West Savannah  Ncpc (GA) 12%; Rialto (CA) 4%; Richmond Hill Ncpc (GA) 4%,0,0.0,24,17,17,8,0.32,0.22330955594786253,483.07916666666665,705.4239999999999,799.9291666666667,1.0,0.7200000000000001,1.0,1.0,,,,,1.0,1.0,,,1.0,1.0,8,True,misshipping
msbd_2w,msbd_su,2,322894,Hermes and Fesius LLC GA 31326 (2),69201,Hermes and Fesius LLC,"CA,GA,NJ,PA,TX",5,APS Outdoor,Amber Xiang,GA,Rincon,31326 ,1001 Trade Center parkway ,SAVANNAH LOCAL,GA,31408,25,3,3,0.12,0,0.0,0,0.0,1,0.04,0,0.0,2,0.08,0,0.0,,,0,0,,1,Houston (TX) 8%,0,0.0,25,2,3,22,0.88,-0.33217835266215134,599.8217391304346,603.313043478261,102.98400000000002,0.8,0.6799999999999999,1.0,1.0,,,,,1.0,1.0,,,1.0,1.0,3,True,misshipping
msbd_2w,msbd_su,2,452437,"Ningxia Xingchenxin Trading Co., Ltd._1 CA 92337",364966,"Ningxia Xingchenxin Trading Co., Ltd._1","CA,GA,NJ,TX",4,APS Upholstery,Estrella Wang,CA,Fontana,92337,12005 Cabernet Dr,WEST RIALTO,CA,92316,25,3,1,0.04,0,0.0,0,0.0,0,0.0,0,0.0,1,0.04,0,0.0,,,0,0,,1,East Brunswick (NJ) 4%,1,0.04,24,2,2,22,0.9166666666666666,0.7194942138420982,2093.3708333333334,2178.5,247.76249999999996,1.0,0.48000000000000004,1.0,1.0,,,,,,,,,1.0,1.0,1,True,misshipping
msbd_2w,msbd_su,2,333500,wuhanminganxinnuodianzishangwuyou MO 64064,273186,wuhanminganxinnuodianzishangwuyouxiangongsi,"CA,IL,KS,NJ,NY",5,APS Youth,Asia Supplier Service Desk,KS,LENEXA,66215,14801 W 101ST TER,OLATHE,KS,66062,25,2,15,0.6,0,0.0,0,0.0,0,0.0,0,0.0,15,0.6,0,0.0,,,0,0,,6,Los Angeles (CA) 32%; Chino (CA) 8%; Secaucus (NJ) 8%; Lawrence (NY) 4%; Princeton (NJ) 4%,0,0.0,25,25,25,0,0.0,-1.2521901090427008,539.7375,1396.3545454545454,1464.592,0.96,0.43999999999999995,0.9333333333333333,0.6,,,,,,,,,0.9333333333333333,0.6,15,True,misshipping
msbd_2w,msbd_su,2,482575,"Dmanzg Co., Limited CA 91733",482526,"Dmanzg Co., Limited","CA,NY",2,Wayfair,Asia Supplier Service Desk,CA,S El Monte,91733,10746 Rush St,ARCADIA,CA,91006,25,3,11,0.44,0,0.0,0,0.0,0,0.0,0,0.0,11,0.44,0,0.0,,,0,0,,1,Long Island (NY) 44%,1,0.04,24,24,24,0,0.0,-2.695206921252015,489.94399999999996,2916.45,2822.7,0.96,0.039999999999999994,0.9090909090909091,0.0909090909090909,,,,,,,,,0.9090909090909091,0.0909090909090909,11,True,misshipping
msbd_2w,msbd_su,2,486761,Dongguan Xiangjia Furnishing Co Ltd NJ 08512,361865,Dongguan Xiangjia Furnishing Co Ltd,"CA,NJ",2,APS Decor,Asia Supplier Service Desk,NJ,Cranbury,08512,26 Hightstown-Cranbury Station Rd,PRINCETON,NJ,8810,25,3,1,0.04,0,0.0,0,0.0,0,0.0,0,0.0,1,0.04,0,0.0,,,0,0,,1,South Rialto - Ncpc (CA) 4%,2,0.08,4,4,4,19,0.8260869565217391,-0.9143498716852009,558.9055555555556,1056.1722222222222,475.2304347826088,0.8799999999999999,0.6000000000000001,1.0,0.0,,,,,,,,,1.0,0.0,1,True,misshipping
msbd_2w,msbd_su,2,334827,Nest Node Inc NJ 08810,334826,Nest Node Inc,"CA,GA,IL,NJ,TX",5,Wayfair,Supplier Service Desk,NJ,Freehold,07728,400 Fairfield Road,PRINCETON,NJ,8810,25,3,5,0.2,0,0.0,0,0.0,0,0.0,0,0.0,5,0.2,0,0.0,,,0,0,,4,South Rialto - Ncpc (CA) 8%; Norcross (GA) 4%; Romeoville Rsf (IL) 4%; Houston (TX) 4%,5,0.2,12,12,11,9,0.45,-0.445983696207508,464.96,864.0882352941176,913.6800000000001,0.7999999999999998,0.52,1.0,0.6,,,,,,,,,1.0,0.6,5,True,misshipping
msbd_2w,msbd_su,2,412308,"Yiwu Zeyi E-commerce Co., Ltd GA 31408",348609,"Yiwu Zeyi E-commerce Co., Ltd","CA,FL,GA,NJ,NY,OH,TX",7,APS Housewares & More,Asia Supplier Service Desk,GA,Savannah,31408,133 Coleman Blvd,SAVANNAH LOCAL,GA,31408,25,3,3,0.12,0,0.0,0,0.0,2,0.08,0,0.0,1,0.04,0,0.0,,,0,0,,1,Williamsburg Ncpc (FL) 4%,1,0.04,24,2,4,20,0.8333333333333334,-0.1312037900552524,604.0947368421051,626.5333333333334,77.10416666666666,1.0,0.76,1.0,1.0,,,,,1.0,1.0,,,1.0,1.0,3,True,misshipping
msbd_2w,msbd_su,2,317794,Triangle Home Fashions CA 91752,9331,Triangle Home Fashions,"CA,NJ",2,Soft Home,Jaiden Lawlor,CA,Mira Loma,91752,11850 Riverside Dr,WEST RIALTO,CA,92316,25,3,2,0.08,0,0.0,0,0.0,1,0.04,0,0.0,1,0.04,0,0.0,,,0,0,,1,East Brunswick (NJ) 4%,1,0.04,24,2,2,22,0.9166666666666666,-0.2823232012604052,1258.9375,1279.5434782608695,212.44166666666672,0.9199999999999998,0.64,0.5,0.5,,,,,1.0,0.0,,,0.0,1.0,2,True,misshipping
msbd_2w,msbd_su,2,406282,Shenzhen Scendor Trading Co. LTD NJ 08518,107004,Shenzhen Scendor Trading Co. LTD,"CA,NJ,TX",3,APS Home Improvement,Asia Supplier Service Desk,NJ,Florence,08518,1401 w front st,ROBBINSVILLE,NJ,8691,25,3,6,0.24,0,0.0,0,0.0,0,0.0,0,0.0,6,0.24,0,0.0,,,0,0,,2,Sugar Land (TX) 20%; Chino Hills Ncpc (CA) 4%,1,0.04,23,7,7,17,0.7083333333333334,-1.0069714850144946,548.7695652173912,736.6250000000001,531.6666666666666,1.0,0.5599999999999999,1.0,0.6666666666666666,,,,,,,,,1.0,0.6666666666666666,6,True,misshipping
msbd_2w,msbd_su,2,353684,QUANZHOURUNYONGMAOYIYOUXIANGONGSI CA 91761,350699,QUANZHOURUNYONGMAOYIYOUXIANGONGSI,"CA,GA,IL,NJ,NY,OH,SC,TX",8,Casegoods,Asia Supplier Service Desk,CA,Ontario,91761,1261 E Airport Dr,CHINO LOCAL,CA,91710,25,2,1,0.04,0,0.0,0,0.0,0,0.0,0,0.0,1,0.04,0,0.0,,,0,0,,1,South Atlanta Ncpc (GA) 4%,1,0.04,23,1,1,23,0.9583333333333334,0.7394732812739244,978.9523809523808,858.36,105.80000000000001,1.0,0.8399999999999999,1.0,1.0,,,,,,,,,1.0,1.0,1,True,misshipping
msbd_2w,msbd_su,2,238354,Brilliance Ltd CA 91761,205773,Brilliance Ltd,"CA,GA,NJ,TX",4,APS,Tracy Rong,CA,Ontario,91761,"5691 E Philadelphia St, STE 125",CHINO LOCAL,CA,91710,25,2,5,0.2,0,0.0,0,0.0,0,0.0,0,0.0,5,0.2,0,0.0,,,0,0,,3,Houston (TX) 8%; East Brunswick (NJ) 8%; Sugar Land (TX) 4%,1,0.04,24,7,7,17,0.7083333333333334,0.743329256595036,1168.2428571428572,891.915,646.5541666666666,1.0,0.8799999999999999,1.0,1.0,,,,,,,,,1.0,1.0,5,True,misshipping
msbd_2w,msbd_su,2,363992,Foshan Huixin Technology Co Ltd NY 11725,238636,Foshan Huixin Technology Co Ltd,"CA,NY",2,APS Home Improvement,Asia Supplier Service Desk,NY,Commack,11725,75 Modular Ave,NORTH BETHPAGE,NY,11714,25,3,2,0.08,0,0.0,0,0.0,0,0.0,0,0.0,2,0.08,0,0.0,,,0,0,,1,Arcadia (CA) 8%,1,0.04,21,21,2,22,0.9166666666666666,-1.1701502230998728,822.8,947.988888888889,288.3375,0.7600000000000001,0.76,0.5,0.0,,,,,,,,,0.5,0.0,2,True,misshipping
msbd_2w,msbd_su,2,466079,"Jilin Jiuyi Trading Co., Ltd PA 18064",313312,"Jilin Jiuyi Trading Co., Ltd","AL,CA,PA",3,APS Home Improvement,Asia Supplier Service Desk,PA,Nazareth,18064,3363 Gun Club Rd,LEHIGH VALLEY LOCAL,PA,18067,25,3,4,0.16,0,0.0,1,0.04,2,0.08,0,0.0,1,0.04,0,0.0,,,0,0,,1,Rialto (CA) 4%,2,0.08,23,6,6,17,0.7391304347826086,-0.034656067389939815,818.9062499999998,855.9266666666668,220.4217391304348,0.6799999999999999,0.36,1.0,0.0,,,1.0,0.0,1.0,0.0,,,1.0,0.0,4,True,misshipping
msbd_2w,msbd_su,2,53408,Southern Sky Home NC 27292,33301,Southern Sky Home,"AL,NC",2,Casegoods,Libby Mahonski,NC,Lexington,27292,150 LFI Complex Lane,ELON,NC,27377,25,3,2,0.08,0,0.0,0,0.0,0,0.0,0,0.0,2,0.08,0,0.0,,,0,0,,1,Montgomery (AL) 8%,4,0.16,4,3,3,18,0.8571428571428571,,892.4952380952379,872.0866666666666,73.8952380952381,0.08,0.52,0.5,1.0,,,,,,,,,0.5,1.0,2,True,misshipping
msbd_2w,msbd_su,2,457066, TOP-NJ,452361,WINMATCH GLOBAL (HK) TRADING LIMITED,"CA,GA,NJ",3,APS AEOF,Nora Li,NJ,Linden,07036,1301 W Elizabeth Ave a,WOODBRIDGE LOCAL,NJ,8832,25,3,1,0.04,0,0.0,0,0.0,0,0.0,0,0.0,1,0.04,0,0.0,,,0,0,,1,Rancho Cucamonga Ncpc (CA) 4%,1,0.04,5,1,1,23,0.9583333333333334,,881.4315789473685,904.7777777777777,119.99999999999993,0.9199999999999998,0.7599999999999999,1.0,0.0,,,,,,,,,1.0,0.0,1,True,misshipping
msbd_2w,msbd_su,2,459444,Conveex Clothing Inc GA 30260,447174,Conveex Clothing Inc,"CA,GA,NJ,PA",4,Storage & Org,Supplier Service Desk,GA,Morrow,30260,7137 Southlake Pkwy Suite A,SOUTH ATLANTA,GA,30294,25,3,1,0.04,0,0.0,0,0.0,0,0.0,0,0.0,1,0.04,0,0.0,,,0,0,,1,Chino (CA) 4%,1,0.04,24,1,1,23,0.9583333333333334,0.4415268508700805,595.128,580.5125,90.02499999999999,1.0,0.84,1.0,1.0,,,,,,,,,1.0,1.0,1,True,misshipping
msbd_2w,msbd_su,2,153480,YOILLE NC 28273,61189,Yollen Home Products Inc,"IL,NC,NJ,TX",4,APS,Asia Supplier Service Desk,NC,Charlotte,28273,5032 Sirona Drive,FORT MILL,SC,29708,25,2,14,0.56,0,0.0,0,0.0,0,0.0,0,0.0,14,0.56,0,0.0,,,0,0,,1,Secaucus (NJ) 56%,0,0.0,25,25,25,0,0.0,-0.27084966627904083,880.8526315789475,1220.8947368421054,657.7,1.0,0.76,1.0,0.6428571428571428,,,,,,,,,1.0,0.6428571428571428,14,True,misshipping
msbd_2w,msbd_su,2,241006,taiyuan bidengguai dianzishangwu youxiang NJ 08810,238168,taiyuan bidengguai dianzishangwu youxiangongsi,"CA,FL,GA,NC,NJ,TX",6,APS Bedroom,Asia Supplier Service Desk,NJ,Dayton,08810,121 Herrod Blvd,PRINCETON,NJ,8810,25,2,2,0.08,0,0.0,0,0.0,0,0.0,0,0.0,2,0.08,0,0.0,,,0,0,,2,Oceanside (CA) 4%; Chino Hills Ncpc (CA) 4%,2,0.08,22,5,2,21,0.9130434782608695,-1.7333380851097933,979.738888888889,1176.370588235294,257.8869565217391,0.8799999999999999,0.7200000000000001,0.5,0.0,,,,,,,,,0.5,0.0,2,True,misshipping
msbd_2w,msbd_su,2,291378,YQN_CMP GA,244072,Terra Feed Me Inc,"CA,GA,TX",3,APS,Asia Supplier Service Desk,GA,Pooler,31322,301 CYPRESS MEADOW DR,SAVANNAH LOCAL,GA,31408,25,3,4,0.16,0,0.0,0,0.0,0,0.0,0,0.0,4,0.16,0,0.0,,,0,0,,4,Los Angeles (CA) 4%; South Rialto - Ncpc (CA) 4%; Chino Hills Ncpc (CA) 4%; Chino (CA) 4%,2,0.08,23,8,8,15,0.6521739130434783,-2.4829613704871973,625.5684210526317,1134.1368421052632,784.2913043478263,0.96,0.64,1.0,0.25,,,,,,,,,1.0,0.25,4,True,misshipping
msbd_2w,msbd_su,2,300283,SHANGHAI SUNSHINE DEVELOPMENT CO NJ 08554,267791,"SHANGHAI SUNSHINE DEVELOPMENT CO.,LTD.","CA,NJ,TX",3,APS,Riley Jiang,NJ,Florence,08554,839 Railroad Ave,ROBBINSVILLE,NJ,8691,24,3,2,0.08333333333333333,0,0.0,0,0.0,0,0.0,0,0.0,2,0.08333333333333333,0,0.0,,,0,0,,1,Houston (TX) 8%,4,0.16666666666666666,12,8,6,14,0.7,-0.32986472424557756,339.07500000000005,339.9272727272727,445.978947368421,1.0,0.8333333333333333,1.0,1.0,,,,,,,,,1.0,1.0,2,True,misshipping
msbd_2w,msbd_su,2,489395, H-NJ-1,474785,XHOOME TECHNOLOGY LIMITED,"CA,GA,NJ,SC,TX",5,APS K&D,Ricky Yu,NJ,Somerset,08873,244 Belmont Dr,WOODBRIDGE LOCAL,NJ,8832,24,3,2,0.08333333333333333,0,0.0,0,0.0,0,0.0,0,0.0,2,0.08333333333333333,0,0.0,,,0,0,,2,West Savannah  Ncpc (GA) 4%; Richmond Hill Ncpc (GA) 4%,1,0.041666666666666664,23,2,2,21,0.9130434782608695,0.5376413428605038,700.9000000000001,632.8388888888888,68.78260869565217,1.0,0.9583333333333331,1.0,1.0,,,,,,,,,1.0,1.0,2,True,misshipping
msbd_2w,msbd_su,2,473778,Moonlight INC. KS 66030,63567,Moonlight INC.,"CA,GA,IL,KS,NJ,TX,WA",7,Casegoods,Zichu Wang,KS,Edgerton,66030,30450 W 183rd Street,OLATHE,KS,66062,24,3,13,0.5416666666666666,0,0.0,0,0.0,0,0.0,0,0.0,13,0.5416666666666666,0,0.0,,,0,0,,5,Sugar Land (TX) 29%; Rialto (CA) 8%; South Atlanta Ncpc (GA) 8%; Baytown (TX) 4%; Chicago (IL) 4%,0,0.0,23,23,23,1,0.041666666666666664,-0.7336451439743344,811.6166666666667,1235.7666666666662,748.6249999999998,1.0,0.5833333333333334,1.0,0.4615384615384615,,,,,,,,,1.0,0.4615384615384615,13,True,misshipping
msbd_2w,msbd_su,2,447874,FENFIR INC NJ 08810,404922,FENFIR INC,"CA,GA,NJ",3,Upholstery,Supplier Service Desk,NJ,Dayton,08810,2A corn road,PRINCETON,NJ,8810,24,3,2,0.08333333333333333,0,0.0,0,0.0,0,0.0,0,0.0,2,0.08333333333333333,0,0.0,,,0,0,,2,Chino (CA) 4%; Chino Hills Ncpc (CA) 4%,2,0.08333333333333333,6,6,3,19,0.8636363636363636,0.7313733114162588,1107.3608695652174,959.1142857142856,380.2272727272727,0.8749999999999999,0.7916666666666667,1.0,1.0,,,,,,,,,1.0,1.0,2,True,misshipping
msbd_2w,msbd_su,2,469474,URBAN33 TX 77084,49812,URBAN33,"AZ,CA,TX",3,Lighting,Supplier Service Desk,TX,Houston,77084,16802 Barker Springs Road Suite 400,HOUSTON LOCAL,TX,77433,24,3,9,0.375,0,0.0,0,0.0,0,0.0,0,0.0,9,0.375,0,0.0,,,0,0,,2,North Phoenix (AZ) 33%; Carson (CA) 4%,0,0.0,24,23,23,1,0.041666666666666664,-0.7245447265956682,894.1769230769231,1792.7285714285713,1212.5625,1.0,0.41666666666666663,1.0,0.3333333333333333,,,,,,,,,1.0,0.3333333333333333,9,True,misshipping
msbd_2w,msbd_su,2,485009,HARVEST GRANDE INTL LLC DBA ARC IMPORT CORP TX 77503,67487,HARVEST GRANDE INTL LLC DBA ARC IMPORT CORP,"CA,TX",2,APS Housewares & More,Asia Supplier Service Desk,TX,PASADENA,77503,4116 PASADENA BLVD PASADENA TX 77503,BAYTOWN,TX,77521,24,3,2,0.08333333333333333,0,0.0,0,0.0,0,0.0,0,0.0,2,0.08333333333333333,0,0.0,,,0,0,,1,Arcadia (CA) 8%,9,0.375,3,3,3,12,0.8,-0.9556664156626503,1062.1315789473683,1259.525,312.34,0.4583333333333333,0.4583333333333333,1.0,0.0,,,,,,,,,1.0,0.0,2,True,misshipping
msbd_2w,msbd_su,2,508821, CM-SAV-GA02,236634,"Shenzhen Na Mo Mei Fashion Design Co., LTD","CA,GA,NJ,TX",4,APS Bedroom,Asia Supplier Service Desk,GA,Ellabel ,31308,110 Commerce PKWY,SAVANNAH LOCAL,GA,31408,24,3,2,0.08333333333333333,0,0.0,0,0.0,0,0.0,0,0.0,2,0.08333333333333333,0,0.0,,,0,0,,2,Houston (TX) 4%; Robbinsville (NJ) 4%,0,0.0,24,2,2,22,0.9166666666666666,-0.26986533487915826,634.6391304347826,619.3380952380951,89.98750000000001,0.625,0.6666666666666665,1.0,0.5,,,,,,,,,1.0,0.5,2,True,misshipping
msbd_2w,msbd_su,2,220719,BEINGNEXT INC CA4 91730,133238,BEINGNEXT INC,"CA,GA,NJ,TX",4,Soft Home,Sean Danyun SHEN,CA,Rancho Cucamonga,91730,11599 Arrow Route,WEST RIALTO,CA,92316,24,3,2,0.08333333333333333,0,0.0,0,0.0,1,0.041666666666666664,0,0.0,1,0.041666666666666664,0,0.0,,,0,0,,1,Marietta (GA) 4%,1,0.041666666666666664,23,2,2,21,0.9130434782608695,-1.2330508940912188,1059.5590909090909,1054.672727272727,191.01739130434788,1.0,0.6250000000000001,1.0,1.0,,,,,1.0,1.0,,,1.0,1.0,2,True,misshipping
msbd_2w,msbd_su,2,522613,"Shenzhen Jiayuan Decoration Materials Co., Ltd. GA 31308",86802,"Shenzhen Jiayuan Decoration Materials Co., Ltd.","CA,GA,NJ",3,Upholstery,Supplier Service Desk,GA,Ellabell,31308,1086 Oracal Parkway,SAVANNAH LOCAL,GA,31408,24,2,3,0.125,0,0.0,0,0.0,0,0.0,0,0.0,3,0.125,0,0.0,,,0,0,,1,Rialto (CA) 13%,2,0.08333333333333333,22,3,3,19,0.8636363636363636,-0.3216586080284646,720.9947368421055,777.9,340.2772727272729,1.0,0.8333333333333333,1.0,1.0,,,,,,,,,1.0,1.0,3,True,misshipping
msbd_2w,msbd_su,2,354246,JZ Home Decor LLC GA 31302,46785,JZ Home Decor LLC,"CA,FL,GA,IL,NJ,NY,OH,TX",8,APS Home Improvement,Asia Supplier Service Desk,GA,Bloomingdale,31302,3001 Jimmy Deloach Parkway,SAVANNAH LOCAL,GA,31408,24,3,4,0.16666666666666666,0,0.0,0,0.0,0,0.0,0,0.0,4,0.16666666666666666,0,0.0,,,0,0,,1,Davenport (FL) 17%,1,0.041666666666666664,23,6,6,17,0.7391304347826086,0.028112265688671572,1113.4125000000001,1251.2571428571428,87.97391304347828,0.9166666666666666,0.7500000000000001,1.0,0.5,,,,,,,,,1.0,0.5,4,True,misshipping
msbd_2w,msbd_su,2,407447,Kensington Homeware US LLC NJ 08534,406213,Kensington Homeware US LLC,"NJ,TX",2,Wayfair,Supplier Service Desk,NJ,Pennington,08534,"55 Route 31 S, BLDG B",ROBBINSVILLE,NJ,8691,24,3,4,0.16666666666666666,0,0.0,0,0.0,0,0.0,0,0.0,4,0.16666666666666666,0,0.0,,,0,0,,1,South Houston (TX) 17%,0,0.0,8,8,8,16,0.6666666666666666,0.42415958025375455,1079.3714285714284,922.6437499999998,575.0181818181818,0.8749999999999999,0.41666666666666663,1.0,0.0,,,,,,,,,1.0,0.0,4,True,misshipping
msbd_2w,msbd_su,2,370315,"Guangzhou Fuqiao Technology Co., Ltd CA 92337",218303,"Guangzhou Fuqiao Technology Co., Ltd","CA,GA,NJ",3,APS Decor,Asia Supplier Service Desk,CA,Fontana,92337,11010 Juniper Ave,WEST RIALTO,CA,92316,24,3,1,0.041666666666666664,0,0.0,0,0.0,0,0.0,0,0.0,1,0.041666666666666664,0,0.0,,,0,0,,1,Secaucus (NJ) 4%,1,0.041666666666666664,23,1,1,22,0.9565217391304348,0.31412639405204457,825.2454545454545,796.1863636363637,127.78695652173911,0.9166666666666665,0.8749999999999999,1.0,1.0,,,,,,,,,1.0,1.0,1,True,misshipping
msbd_2w,msbd_su,2,515167,"Shenzhen Chengyi E-commerce Co., Ltd. GA 30519",489109,"Shenzhen Chengyi E-commerce Co., Ltd.","CA,GA",2,APS Outdoor,Asia Supplier Service Desk,GA,Buford,30519,2961 Gravel Springs Road,BRASELTON,GA,30517,24,2,11,0.4583333333333333,0,0.0,0,0.0,2,0.08333333333333333,0,0.0,9,0.375,0,0.0,,,0,0,,1,Chino Hills Ncpc (CA) 38%,0,0.0,24,21,21,3,0.125,-1.5342723876556972,588.1650000000001,1750.6750000000002,1777.4541666666667,0.25000000000000006,0.20833333333333337,0.27272727272727276,0.09090909090909093,,,,,0.0,0.0,,,0.3333333333333333,0.11111111111111113,11,True,misshipping
msbd_2w,msbd_su,2,369288,US AUTOFLY KAOLA LLC NJ 07008,78357,US AUTOFLY KAOLA LLC,"CA,NJ",2,APS Home Improvement,Aria LI,NJ,Carteret,07008,120 Raskulinecz Road,SOUTH CARTERET,NJ,7008,24,3,2,0.08333333333333333,0,0.0,0,0.0,0,0.0,0,0.0,2,0.08333333333333333,0,0.0,,,0,0,,1,Arcadia (CA) 8%,0,0.0,22,3,3,21,0.875,0.21024056066339164,1205.0550000000003,1137.4444444444443,354.5166666666666,1.0,0.7083333333333335,1.0,0.5,,,,,,,,,1.0,0.5,2,True,misshipping
msbd_2w,msbd_su,2,276983,USHOU04,237430,YCCUZA,"CA,NJ,TX",3,APS,Asia Supplier Service Desk,TX,Houston,77087,2425 Broad St,SOUTH HOUSTON,TX,77075,24,3,2,0.08333333333333333,0,0.0,0,0.0,0,0.0,0,0.0,2,0.08333333333333333,0,0.0,,,0,0,,1,West Rialto (CA) 8%,12,0.5,4,4,4,8,0.6666666666666666,-0.8342372214461669,1037.0461538461539,1744.957142857143,500.6,0.5,0.45833333333333337,1.0,0.0,,,,,,,,,1.0,0.0,2,True,misshipping
msbd_2w,msbd_su,2,80149,SHENZHEN TIANSHUXING TECHNOLOGY NJ3-08810(2),79674,SHENZHEN TIANSHUXING TECHNOLOGY CO LTD,"CA,GA,NJ,TX",4,APS Bedroom,Asia Supplier Service Desk,NJ,Dayton,08810,1165 CRANBURY SOUTH RIVER RD,PRINCETON,NJ,8810,24,3,3,0.125,0,0.0,0,0.0,0,0.0,0,0.0,3,0.125,0,0.0,,,0,0,,2,Chino Hills Ncpc (CA) 8%; Carson (CA) 4%,0,0.0,23,5,5,19,0.7916666666666666,-1.9617150542866197,864.7941176470588,1152.1999999999998,607.6391304347827,0.9583333333333334,0.7083333333333333,1.0,0.0,,,,,,,,,1.0,0.0,3,True,misshipping
msbd_2w,msbd_su,2,495051,Fuzhou Xingqixing Home Decoration Co NJ 08901,288166,Fuzhou Xingqixing Home Decoration Co,"CA,NJ",2,APS Decor,Asia Supplier Service Desk,NJ,New Brunswick,08901,780 Jersey Ave,EAST BRUNSWICK,NJ,8816,24,3,1,0.041666666666666664,0,0.0,0,0.0,0,0.0,0,0.0,1,0.041666666666666664,0,0.0,,,0,0,,1,South Rialto - Ncpc (CA) 4%,1,0.041666666666666664,1,1,1,22,0.9565217391304348,-1.1596289752650175,779.6450000000002,837.2684210526317,118.57826086956521,0.5833333333333336,0.5000000000000002,1.0,0.0,,,,,,,,,1.0,0.0,1,True,misshipping
msbd_2w,msbd_su,2,357356,Calorful International LLC GA 31322,88779,Calorful International LLC,"CA,GA,IL,NJ,TX,WA",6,APS Outdoor,Asia Supplier Service Desk,GA,Bloomingdale,31322,200 S. H. Morgan Parkway,SAVANNAH LOCAL,GA,31408,24,3,8,0.3333333333333333,0,0.0,0,0.0,0,0.0,0,0.0,8,0.3333333333333333,0,0.0,,,0,0,,5,West Rialto (CA) 13%; Baytown (TX) 8%; South Rialto - Ncpc (CA) 4%; Tacoma (WA) 4%; Romeoville Rsf (IL) 4%,1,0.041666666666666664,23,22,22,1,0.043478260869565216,-0.5210675200602501,707.0619047619048,909.042105263158,1322.4739130434782,1.0,0.7500000000000001,1.0,0.75,,,,,,,,,1.0,0.75,8,True,misshipping
msbd_2w,msbd_su,2,450380,【GA3】中景美东南GA3仓,310573,Ningbo Aladingpinpaiguanli Company Limited,"CA,GA",2,APS Housewares & More,Asia Supplier Service Desk,GA,Braselton,30517,370 Jesse Cronic Rd,BRASELTON,GA,30517,24,2,2,0.08333333333333333,0,0.0,0,0.0,0,0.0,0,0.0,2,0.08333333333333333,0,0.0,,,0,0,,1,South Rialto - Ncpc (CA) 8%,0,0.0,24,22,2,22,0.9166666666666666,-2.3978912943505977,837.5149999999999,991.4866666666668,312.3583333333333,1.0,0.8333333333333333,1.0,0.5,,,,,,,,,1.0,0.5,2,True,misshipping
msbd_2w,msbd_su,2,270247,Ben Jonah NJ 07470,26966,Ben Jonah,"FL,NJ,NY,TX",4,Flooring,Supplier Service Desk,NJ,Wayne,07470,130 Ryerson Ave,WAYNE,NJ,7470,24,3,2,0.08333333333333333,0,0.0,0,0.0,0,0.0,0,0.0,2,0.08333333333333333,0,0.0,,,0,0,,1,Fort Lauderdale (FL) 8%,2,0.08333333333333333,6,2,2,20,0.9090909090909091,0.06835245785522029,1228.4045454545455,1198.2947368421055,122.62727272727273,0.4583333333333333,0.4583333333333333,1.0,1.0,,,,,,,,,1.0,1.0,2,True,misshipping
msbd_2w,msbd_su,2,495878,xian you xian tan sheng jia ju you xian gong si CA 91762,495164,xian you xian tan sheng jia ju you xian gong si,"CA,GA,NJ,TX",4,Wayfair,Supplier Service Desk,CA,Ontario,91762,5150 S Archibald,CHINO LOCAL,CA,91710,24,3,3,0.125,0,0.0,0,0.0,1,0.041666666666666664,0,0.0,2,0.08333333333333333,0,0.0,,,0,0,,2,Richmond Hill Ncpc (GA) 4%; Woodbridge (NJ) 4%,0,0.0,24,3,3,21,0.875,0.1654720682081242,1672.790476190476,1591.0714285714284,331.3291666666667,1.0,0.8749999999999999,1.0,0.6666666666666667,,,,,1.0,0.0,,,1.0,1.0,3,True,misshipping
msbd_2w,msbd_su,2,266156,Pengchao GA 30046,265639,"Zhongshan Pengchao Lighting Technology Co., Ltd","CA,GA,IL,NJ,TX",5,Lighting,Asia Supplier Service Desk,GA,Lawrenceville,30046,975 Old Norcross Rd,BRASELTON,GA,30517,24,3,11,0.4583333333333333,0,0.0,0,0.0,2,0.08333333333333333,0,0.0,9,0.375,0,0.0,,,0,0,,5,Camden (NJ) 13%; Secaucus (NJ) 8%; Woodbridge (NJ) 8%; South Rialto - Ncpc (CA) 4%; Robbinsville (NJ) 4%,8,0.3333333333333333,15,15,15,1,0.0625,-1.1578557702909562,420.4,1100.7812500000002,905.3933333333332,0.7500000000000001,0.4583333333333333,0.9090909090909091,0.6363636363636364,,,,,1.0,0.5,,,0.8888888888888888,0.6666666666666666,11,True,misshipping
msbd_2w,msbd_su,2,108991,Ningbo NSC FOREIGN TRADE & SERVICE CO CA 91730,99467,"Ningbo NSC FOREIGN TRADE & SERVICE CO., LTD.","CA,GA,NJ,NY",4,APS,Asia Supplier Service Desk,CA,Rancho Cucamonga,91730,8535 A Oakwood pl,WEST RIALTO,CA,92316,24,3,2,0.08333333333333333,0,0.0,0,0.0,0,0.0,0,0.0,2,0.08333333333333333,0,0.0,,,0,0,,2,Secaucus (NJ) 4%; Richmond Hill Ncpc (GA) 4%,1,0.041666666666666664,22,2,2,21,0.9130434782608695,-5.434150988330554,1122.4105263157896,1223.3999999999999,233.89130434782615,0.9583333333333331,0.7083333333333334,1.0,0.0,,,,,,,,,1.0,0.0,2,True,misshipping
msbd_2w,msbd_su,2,307257,Fuzhou Yongqing E-BusinessNJ 07008,78723,"Fuzhou Yongqing E-Business Co., Ltd.","CA,NJ",2,APS Youth,Asia Supplier Service Desk,NJ,Secaucus,07094,77 Metro Wy,SECAUCUS,NJ,7307,24,3,1,0.041666666666666664,0,0.0,0,0.0,0,0.0,0,0.0,1,0.041666666666666664,0,0.0,,,0,0,,1,Industry (CA) 4%,1,0.041666666666666664,3,1,1,22,0.9565217391304348,0.8125522662652618,905.5833333333334,796.3888888888889,122.03478260869566,1.0,0.9166666666666666,1.0,1.0,,,,,,,,,1.0,1.0,1,True,misshipping
msbd_2w,msbd_su,2,353649,"Hangzhou Guangjian Sports Development Co., Ltd NJ 08505",353513,"Hangzhou Guangjian Sports Development Co., Ltd","CA,GA,NJ",3,Wayfair,Asia Supplier Service Desk,NJ,Bordentown,08505,1170 Florence Columbus Rd Gate( 102-125),ROBBINSVILLE,NJ,8691,24,3,3,0.125,0,0.0,0,0.0,0,0.0,0,0.0,3,0.125,0,0.0,,,0,0,,1,South Rialto - Ncpc (CA) 13%,3,0.125,20,8,8,13,0.6190476190476191,-2.8391241971844625,403.81875,979.5,795.7666666666665,0.8749999999999998,0.45833333333333337,1.0,0.0,,,,,,,,,1.0,0.0,3,True,misshipping
msbd_2w,msbd_su,2,225365,Shenzhenshihongweimaoyiyouxiangongsi CA 91730(2),154131,shenzhenshihongweimaoyiyouxiangongsi,"CA,NJ",2,APS Home Improvement,Asia Supplier Service Desk,CA,Rancho Cucamonga,91730,9208 Charles Smith Ave,WEST RIALTO,CA,92316,24,3,1,0.041666666666666664,0,0.0,0,0.0,0,0.0,0,0.0,1,0.041666666666666664,0,0.0,,,0,0,,1,Robbinsville (NJ) 4%,1,0.041666666666666664,1,1,1,22,0.9565217391304348,-0.07681273757441019,963.0600000000002,968.4150000000001,117.61304347826088,0.9166666666666664,0.7500000000000001,1.0,1.0,,,,,,,,,1.0,1.0,1,True,misshipping
msbd_2w,msbd_su,2,509842,Prime Warehouse,59821,BH RS Inc,"CA,NJ",2,Hardware,Supplier Service Desk,NJ,Pennsauken Township,08110,7950B National Highway,CAMDEN,NJ,8007,24,2,6,0.25,0,0.0,0,0.0,0,0.0,0,0.0,6,0.25,0,0.0,,,0,0,,1,Carson (CA) 25%,1,0.041666666666666664,8,8,8,15,0.6521739130434783,-2.4737005175738305,651.6105263157895,1320.5666666666666,953.0086956521739,1.0,0.5833333333333335,1.0,0.16666666666666669,,,,,,,,,1.0,0.16666666666666669,6,True,misshipping
msbd_2w,msbd_su,2,274941,"Guangzhou Tuosen Import and Export Co., Ltd. CA 91730",274887,"Guangzhou Tuosen Import and Export Co., Ltd.","CA,GA,NJ,TX",4,Wayfair,Cheryl Zhang,CA,Rancho Cucamonga,91730,A03 9189 Utica Ave,WEST RIALTO,CA,92316,24,3,2,0.08333333333333333,0,0.0,0,0.0,0,0.0,0,0.0,2,0.08333333333333333,0,0.0,,,0,0,,1,Savannah Local (GA) 8%,1,0.041666666666666664,22,2,2,21,0.9130434782608695,0.8640346910858152,932.1608695652172,757.2347826086956,233.66086956521738,0.7916666666666667,0.6666666666666666,1.0,1.0,,,,,,,,,1.0,1.0,2,True,misshipping
msbd_2w,msbd_su,2,365659,zhongjing NJ3,285354,HONGKONG LANDER TECHNOLOGY LIMITED,"CA,GA,NJ,TX",4,APS AEOF,Asia Supplier Service Desk,NJ,Carteret,07008,1500 Blair Road,SOUTH CARTERET,NJ,7008,24,3,4,0.16666666666666666,0,0.0,0,0.0,0,0.0,0,0.0,4,0.16666666666666666,0,0.0,,,0,0,,2,South Rialto - Ncpc (CA) 13%; Burbank (CA) 4%,2,0.08333333333333333,22,12,5,17,0.7727272727272727,0.45623341076477475,1042.3473684210528,638.20625,652.4500000000002,0.9583333333333331,0.75,1.0,0.75,,,,,,,,,1.0,0.75,4,True,misshipping
msbd_2w,msbd_su,2,290796,Hangzhou Mucheng International Trade NJ 07008,132375,"Hangzhou Mucheng International Trade Co., Ltd","CA,GA,NJ,TX",4,APS Other,Qiwen Fan,NJ,Carteret,07008,1500 Blair Road,SOUTH CARTERET,NJ,7008,24,3,1,0.041666666666666664,0,0.0,0,0.0,0,0.0,0,0.0,1,0.041666666666666664,0,0.0,,,0,0,,1,Braselton (GA) 4%,0,0.0,24,1,1,23,0.9583333333333334,0.5845288649144955,843.5533333333333,806.9866666666667,43.00416666666666,0.9583333333333331,0.8333333333333331,0.0,1.0,,,,,,,,,0.0,1.0,1,True,misshipping
msbd_2w,msbd_su,2,399657,YUNFANG INTERNATIONAL TRADING LIMITED NJ 08817,358917,YUNFANG INTERNATIONAL TRADING LIMITED,"CA,NJ",2,APS Rugs,Asia Supplier Service Desk,NJ,Edison,08817,75 Carter Dr,WOODBRIDGE LOCAL,NJ,8832,24,3,4,0.16666666666666666,0,0.0,0,0.0,0,0.0,0,0.0,4,0.16666666666666666,0,0.0,,,0,0,,1,Chino (CA) 17%,0,0.0,24,10,10,14,0.5833333333333334,-1.2226337032989851,695.38125,1343.942857142857,1245.0454545454543,0.9583333333333331,0.41666666666666663,0.75,0.25,,,,,,,,,0.75,0.25,4,True,misshipping
msbd_2w,msbd_su,2,26129,Mohawk Industries GA 30701,2653,Mohawk Industries,"GA,NC,VA",3,Flooring,William Rappole,GA,Calhoun,30701,400 Clarence King Pkwy,EAST CHATTANOOGA,TN,37363,24,3,1,0.041666666666666664,0,0.0,0,0.0,0,0.0,0,0.0,1,0.041666666666666664,0,0.0,,,0,0,,1,Roanoke (VA) 4%,2,0.08333333333333333,1,1,1,21,0.9545454545454546,,1475.6000000000001,1380.2894736842104,16.027272727272727,0.41666666666666663,0.7916666666666667,1.0,1.0,,,,,,,,,1.0,1.0,1,True,misshipping
msbd_2w,msbd_su,2,484934,Hangzhouxiangjukejiyouxiangongsi TX 77429,266444,Hangzhouxiangjukejiyouxiangongsi,"CA,GA,TX",3,APS AEOF,Asia Supplier Service Desk,TX,Cypress,77429,"14402 Fallbrook Drive, Unit 200, Cypress, TX 77429",HOUSTON LOCAL,TX,77433,24,3,2,0.08333333333333333,0,0.0,0,0.0,0,0.0,0,0.0,2,0.08333333333333333,0,0.0,,,0,0,,1,West Savannah  Ncpc (GA) 8%,0,0.0,24,2,2,22,0.9166666666666666,0.4887968524562325,706.085,644.8199999999999,85.32500000000002,1.0,0.9583333333333334,1.0,1.0,,,,,,,,,1.0,1.0,2,True,misshipping
msbd_2w,msbd_su,2,370625,shenzhenshimaifengyunjikuajingdianshangyouxiangongsi NJ 07728,238530,shenzhenshimaifengyunjikuajingdianshangyouxiangongsi,"CA,NJ,NY",3,APS Home Improvement,Asia Supplier Service Desk,NJ,Freehold,07728,390 Fairfield Rd Freehold NJ -07728 ,PRINCETON,NJ,8810,24,3,5,0.20833333333333334,0,0.0,1,0.041666666666666664,0,0.0,0,0.0,4,0.16666666666666666,0,0.0,,,0,0,,1,Arcadia (CA) 17%,3,0.125,9,9,6,15,0.7142857142857143,-1.3051643202833683,915.7000000000002,1227.5294117647059,792.447619047619,0.9166666666666665,0.625,0.8,0.0,,,0.0,0.0,,,,,1.0,0.0,5,True,misshipping
msbd_2w,msbd_su,2,467148,TELICITY INC GA 30297,82237,TELICITY INC,"CA,GA,NJ,PA",4,APS Bedroom,Asia Supplier Service Desk,GA, Lithia Springs,30122,767 Douglas hill road,AUSTELL,GA,30168,24,3,9,0.375,0,0.0,0,0.0,4,0.16666666666666666,0,0.0,5,0.20833333333333334,0,0.0,,,0,0,,4,South Rialto - Ncpc (CA) 8%; Oceanside (CA) 4%; King Of Prussia (PA) 4%; Robbinsville (NJ) 4%,0,0.0,24,11,11,13,0.5416666666666666,-0.32777442968245285,612.3791666666668,684.2217391304348,442.81666666666666,1.0,0.8749999999999999,1.0,0.7777777777777778,,,,,1.0,1.0,,,1.0,0.6,9,True,misshipping
msbd_2w,msbd_su,2,443006,LN-JISHIOMS-GA,303837,nanjingwuhaizhinengjiajuyouxiangongsi,"CA,GA,NJ,NY,TX",5,APS Wayfair Professional,Cassie Zhang,GA,Atlanta,30349,"4300 Hunter Rd Atlanta, GA, 30349",AUSTELL,GA,30168,24,2,3,0.125,0,0.0,0,0.0,0,0.0,0,0.0,3,0.125,0,0.0,,,0,0,,1,Metuchen (NJ) 13%,5,0.20833333333333334,3,3,3,16,0.8421052631578947,-0.1322069815175677,634.9666666666666,625.8333333333334,135.42631578947368,0.7083333333333333,0.7083333333333334,0.6666666666666667,0.6666666666666666,,,,,,,,,0.6666666666666667,0.6666666666666666,3,True,misshipping
msbd_2w,msbd_su,2,497013,"Hangzhou Yuqiang Xiaozi Trading Co., Ltd NJ 08016",359109,"Hangzhou Yuqiang Xiaozi Trading Co., Ltd","CA,GA,NJ,TX",4,APS Home Improvement,Asia Supplier Service Desk,NJ,Burlington,08016,1900A River Rd,ROBBINSVILLE,NJ,8691,23,3,1,0.043478260869565216,0,0.0,0,0.0,0,0.0,0,0.0,1,0.043478260869565216,0,0.0,,,0,0,,1,Houston (TX) 4%,1,0.043478260869565216,22,21,2,20,0.9090909090909091,-0.34576229608732995,550.588888888889,571.1500000000001,214.65454545454546,0.9130434782608695,0.8260869565217391,1.0,1.0,,,,,,,,,1.0,1.0,1,True,misshipping
msbd_2w,msbd_su,2,462485,易达云美南亚1仓 462485 30519,141533,TIMBERLINE OUTDOOR FURNITURE INC,"CA,GA,NJ",3,APS Outdoor,Asia Supplier Service Desk,GA,SAVANNAH,30519,"4497 Friendship Road, Bldg. 100, Buford",BRASELTON,GA,30517,23,2,8,0.34782608695652173,0,0.0,0,0.0,0,0.0,0,0.0,8,0.34782608695652173,0,0.0,,,0,0,,3,South Rialto - Ncpc (CA) 17%; Chino Hills Ncpc (CA) 13%; Princeton (NJ) 4%,0,0.0,22,15,10,13,0.5652173913043478,-0.5528539789041108,825.975,888.1944444444445,933.0652173913044,0.9130434782608693,0.5652173913043479,1.0,0.375,,,,,,,,,1.0,0.375,8,True,misshipping
msbd_2w,msbd_su,2,332699,JZ Home Decor LLC CA 92337 (2),46785,JZ Home Decor LLC,"CA,FL,GA,IL,NJ,NY,OH,TX",8,APS Bedroom,Asia Supplier Service Desk,CA,Fontana,92337,10721 Jasmine Street,WEST RIALTO,CA,92316,23,3,2,0.08695652173913043,0,0.0,0,0.0,0,0.0,0,0.0,2,0.08695652173913043,0,0.0,,,0,0,,1,East Brunswick (NJ) 9%,0,0.0,22,4,4,19,0.8260869565217391,0.966259274845138,1177.9875000000002,856.075,458.3739130434783,0.7391304347826088,0.782608695652174,0.0,1.0,,,,,,,,,0.0,1.0,2,True,misshipping
msbd_2w,msbd_su,2,332404,COMFY ZONE US LLC 91752 ,63657,COMFY ZONE US LLC,"CA,GA,IL,NJ,TX",5,APS AEOF,Yolanda GUI,CA,Eastvale,91752,12300 Riverside Drive,WEST RIALTO,CA,92316,23,2,3,0.13043478260869565,0,0.0,0,0.0,1,0.043478260869565216,0,0.0,2,0.08695652173913043,0,0.0,,,0,0,,2,Houston (TX) 4%; East Brunswick (NJ) 4%,0,0.0,23,5,5,18,0.782608695652174,0.4960307827899051,1469.4052631578948,1525.8578947368421,511.4565217391305,0.9565217391304348,0.26086956521739135,1.0,0.6666666666666666,,,,,1.0,0.0,,,1.0,1.0,3,True,misshipping
msbd_2w,msbd_su,2,251278,lege-PA,69835,"Ningbo Dong Long Leisure Products Co.,Ltd","CA,GA,PA,TX",4,APS,Asia Supplier Service Desk,PA,Ontario,18052,3585 S Church St,LEHIGH VALLEY LOCAL,PA,18067,23,3,1,0.043478260869565216,0,0.0,0,0.0,0,0.0,0,0.0,1,0.043478260869565216,0,0.0,,,0,0,,1,Austell (GA) 4%,6,0.2608695652173913,17,11,7,10,0.5882352941176471,-0.3018833424757726,277.34615384615387,841.6200000000001,926.1411764705883,0.5652173913043478,0.3478260869565218,1.0,1.0,,,,,,,,,1.0,1.0,1,True,misshipping
msbd_2w,msbd_su,2,414040,US FAST LLC CA 92374,77540,US FAST LLC,"CA,NJ",2,APS Home Improvement,Aria LI,CA,Redlands,92374,9425 Nevada St,WEST RIALTO,CA,92316,23,2,1,0.043478260869565216,0,0.0,0,0.0,0,0.0,0,0.0,1,0.043478260869565216,0,0.0,,,0,0,,1,Linden (NJ) 4%,1,0.043478260869565216,1,1,1,21,0.9545454545454546,-0.30397917441428046,2041.5428571428572,2061.442857142857,130.0714285714286,0.9565217391304346,0.6521739130434783,1.0,1.0,,,,,,,,,1.0,1.0,1,True,misshipping
msbd_2w,msbd_su,2,411236,"Shenzhen Yidesen Technology Co., Ltd. NJ 07728",375587,"Shenzhen Yidesen Technology Co., Ltd.","CA,NJ",2,APS AEOF,Asia Supplier Service Desk,NJ,Howell,07728,400 Fairfield Road,PRINCETON,NJ,8810,23,3,7,0.30434782608695654,0,0.0,0,0.0,0,0.0,0,0.0,7,0.30434782608695654,0,0.0,,,0,0,,1,Rancho Cucamonga Ncpc (CA) 30%,1,0.043478260869565216,18,15,7,15,0.6818181818181818,0.8437206761507938,1629.0999999999997,840.4166666666669,882.1727272727271,0.7826086956521738,0.47826086956521735,1.0,0.4285714285714286,,,,,,,,,1.0,0.4285714285714286,7,True,misshipping
msbd_2w,msbd_su,2,472681,Andeworld NJ 08110,39328,Andeworld,"CA,GA,NJ",3,APS K&D,Evie Li,NJ,Pennsauken,08110,500 Griffith Morgan Lane,CAMDEN,NJ,8007,23,3,2,0.08695652173913043,0,0.0,0,0.0,0,0.0,0,0.0,2,0.08695652173913043,0,0.0,,,0,0,,1,West Savannah  Ncpc (GA) 9%,1,0.043478260869565216,22,7,4,18,0.8181818181818182,0.01721341733744238,1210.4352941176471,1242.8062499999999,248.86818181818182,0.9130434782608694,0.6521739130434784,1.0,0.5,,,,,,,,,1.0,0.5,2,True,misshipping
msbd_2w,msbd_su,2,335206,shenzhenshibeilailidianqiyouxiangongsi CA 92408,335200,shenzhenshibeilailidianqiyouxiangongsi,"CA,GA,IL,PA,TX",5,Wayfair,Tracy Rong,CA,San Bernardino,92408,750S. Valley View Avenue,WEST RIALTO,CA,92316,23,3,2,0.08695652173913043,0,0.0,0,0.0,0,0.0,0,0.0,2,0.08695652173913043,0,0.0,,,0,0,,1,Sugar Land (TX) 9%,8,0.34782608695652173,6,2,2,13,0.8666666666666667,0.34126057828211825,922.4799999999999,784.4214285714287,228.21428571428572,0.4347826086956522,0.4782608695652175,0.5,0.5,,,,,,,,,0.5,0.5,2,True,misshipping
msbd_2w,msbd_su,2,195339,Joywaa inc GA 30122,178315,Joywaa inc,"CA,FL,GA,NJ,NY,TX",6,Upholstery,Demi Wang,GA,Lithia Springs,30122,850 Douglas Hills Rd,AUSTELL,GA,30168,23,3,12,0.5217391304347826,0,0.0,0,0.0,3,0.13043478260869565,0,0.0,9,0.391304347826087,0,0.0,,,0,0,,1,Williamsburg Ncpc (FL) 39%,1,0.043478260869565216,22,12,16,6,0.2727272727272727,-0.2693311088981257,969.8684210526317,1221.3749999999998,301.00909090909096,0.9565217391304348,0.9565217391304347,0.9166666666666666,1.0,,,,,0.6666666666666667,1.0,,,1.0,1.0,12,True,misshipping
msbd_2w,msbd_su,2,337652,EDA-MD7,65377,"Shenzhen Chuangjicheng Network Technology Co., Ltd","CA,GA,NJ,TX",4,APS,Asia Supplier Service Desk,NJ,Edison,08817,30 Executive Avenue,WOODBRIDGE LOCAL,NJ,8832,23,2,2,0.08695652173913043,0,0.0,0,0.0,0,0.0,0,0.0,2,0.08695652173913043,0,0.0,,,0,0,,2,Industry (CA) 4%; Los Angeles (CA) 4%,1,0.043478260869565216,22,4,4,18,0.8181818181818182,-0.7321691815267448,817.2933333333333,1102.6647058823528,515.1409090909091,1.0,0.7826086956521738,1.0,0.0,,,,,,,,,1.0,0.0,2,True,misshipping
msbd_2w,msbd_su,2,507530,"Hangzhou Ruiwei Intelligent Home Technology Co., Ltd. NJ 08016",337122,"Hangzhou Ruiwei Intelligent Home Technology Co., Ltd.","CA,GA,NJ,PA,TX",5,APS Upholstery,Blair-Yaqing Gong,NJ,Burlington,08016,1900A River Rd,ROBBINSVILLE,NJ,8691,23,2,3,0.13043478260869565,0,0.0,0,0.0,0,0.0,0,0.0,3,0.13043478260869565,0,0.0,,,0,0,,1,Lehigh Valley (PA) 13%,0,0.0,23,23,3,20,0.8695652173913043,,797.3857142857142,758.9470588235293,125.3913043478261,1.0,1.0,1.0,1.0,,,,,,,,,1.0,1.0,3,True,misshipping
msbd_2w,msbd_su,2,105112,"Fujian DecoWin E-commerce Co., Ltd GA 30122 (2)",83121,"Fujian DecoWin E-commerce Co., Ltd","CA,GA,TX",3,APS Youth,Asia Supplier Service Desk,TX,Grand Prairie,75050,1113 West Oakdale Road,ARLINGTON,TX,76018,23,3,2,0.08695652173913043,0,0.0,0,0.0,0,0.0,0,0.0,2,0.08695652173913043,0,0.0,,,0,0,,2,South Rialto - Ncpc (CA) 4%; Rialto (CA) 4%,1,0.043478260869565216,22,15,15,7,0.3181818181818182,-0.24974784502636485,394.4461538461539,1066.7181818181818,899.7545454545455,0.9130434782608695,0.6956521739130436,0.5,0.5,,,,,,,,,0.5,0.5,2,True,misshipping
msbd_2w,msbd_su,2,430333,"Fuzhou Deyuntong Trading  Co.,Ltd MD 21921(2)",177227,"Fuzhou Deyuntong Trading  Co.,Ltd","CA,GA,MD,NJ,TX",5,APS AEOF,Asia Supplier Service Desk,MD,Elkton,21921,1003 Konica Drive,NEW CASTLE,DE,19720,23,3,5,0.21739130434782608,0,0.0,0,0.0,0,0.0,0,0.0,5,0.21739130434782608,0,0.0,,,0,0,,4,Spring (TX) 9%; Rancho Cucamonga Ncpc (CA) 4%; South Rialto - Ncpc (CA) 4%; Houston (TX) 4%,1,0.043478260869565216,22,22,5,17,0.7727272727272727,0.8507760293166631,1039.3333333333335,676.8111111111111,487.0772727272727,0.9565217391304347,0.5652173913043479,0.8,0.4,,,,,,,,,0.8,0.4,5,True,misshipping
msbd_2w,msbd_su,2,369478,Hompany Technologies Limited GA 31322,184037,Hompany Technologies Limited,"CA,GA,IL,NJ",4,Decor,Asia Supplier Service Desk,GA,Pooler,31322,301 CYPRESS MEADOW DR，Suite 200,SAVANNAH LOCAL,GA,31408,23,3,4,0.17391304347826086,0,0.0,0,0.0,2,0.08695652173913043,0,0.0,2,0.08695652173913043,0,0.0,,,0,0,,1,Woodbridge (NJ) 9%,2,0.08695652173913043,20,7,7,14,0.6666666666666666,0.3597682506329787,735.9333333333334,522.2647058823529,316.23999999999995,0.8260869565217389,0.7391304347826085,0.75,0.75,,,,,0.5,0.5,,,1.0,1.0,4,True,misshipping
msbd_2w,msbd_su,2,342835,"Dongguan Zhengqiang Furniture Ltd, Co. NJ 08512",342726,"Dongguan Zhengqiang Furniture Ltd, Co.","CA,GA,IL,NJ,TX",5,Wayfair,Asia Supplier Service Desk,NJ,Cranbury,08512,311 Cranbury Half Acre Rd,PRINCETON,NJ,8810,23,2,4,0.17391304347826086,0,0.0,0,0.0,0,0.0,0,0.0,4,0.17391304347826086,0,0.0,,,0,0,,3,Richmond Hill Ncpc (GA) 9%; Sugar Land (TX) 4%; South Dallas Rsf (TX) 4%,1,0.043478260869565216,22,8,8,14,0.6363636363636364,-0.4757551588012391,469.71875000000006,688.3500000000001,457.61428571428576,1.0,0.7826086956521737,1.0,0.75,,,,,,,,,1.0,0.75,4,True,misshipping
msbd_2w,msbd_su,2,477513,yichangmeidong(doba),462858,changshashihongwangluokejiyouxiangongsi,"CA,GA,NJ,TX",4,APS Bedroom,Supplier Service Desk,NJ,Piscataway,08854,120 Circle Drive North,WOODBRIDGE LOCAL,NJ,8832,23,3,5,0.21739130434782608,0,0.0,0,0.0,0,0.0,0,0.0,5,0.21739130434782608,0,0.0,,,0,0,,2,Diamond Bar Rsf (CA) 17%; Chino (CA) 4%,2,0.08695652173913043,21,11,11,10,0.47619047619047616,-0.5960518774479228,1147.0562499999999,1586.5631578947373,1436.6523809523806,0.9565217391304347,0.6956521739130437,1.0,0.8,,,,,,,,,1.0,0.8,5,True,misshipping
msbd_2w,msbd_su,2,401990,"Zhuhai Guanshan Trading Co., Ltd NJ 07064",230113,ZWD-DIRECT INC,"CA,GA,NJ",3,APS Home Improvement,Asia Supplier Service Desk,NJ,Port Reading,07064,1001 W Middlesex Ave,SOUTH CARTERET,NJ,7008,23,3,1,0.043478260869565216,0,0.0,0,0.0,0,0.0,0,0.0,1,0.043478260869565216,0,0.0,,,0,0,,1,Braselton (GA) 4%,2,0.08695652173913043,21,2,1,20,0.9523809523809523,0.9036604536267685,782.6444444444444,751.0312500000001,51.78571428571428,0.7826086956521738,0.7826086956521738,0.0,0.0,,,,,,,,,0.0,0.0,1,True,misshipping
msbd_2w,msbd_su,2,307841,易达云美东1仓 307841 07728,141533,TIMBERLINE OUTDOOR FURNITURE INC,"CA,GA,NJ",3,APS Outdoor,Asia Supplier Service Desk,NJ,Howell ,07728,400 Fairfield Road ,PRINCETON,NJ,8810,23,3,10,0.43478260869565216,0,0.0,2,0.08695652173913043,0,0.0,0,0.0,8,0.34782608695652173,0,0.0,,,0,0,,3,Norcross (GA) 22%; South Rialto - Ncpc (CA) 9%; Braselton (GA) 4%,1,0.043478260869565216,15,15,10,12,0.5454545454545454,0.08656644609645844,811.2058823529412,643.1812499999999,553.6181818181818,0.8695652173913042,0.7391304347826085,0.8,0.5,,,0.0,0.0,,,,,1.0,0.625,10,True,misshipping
msbd_2w,msbd_su,2,402390,foshanshi zuonenghengda maoyiyouxiangongsi TX 77429,325893,foshanshizuonenghengdamaoyiyouxiangongsi,"CA,GA,IL,NJ,TX",5,APS Mattresses,Checky Yi,TX,Cypress,77429,14415 Fallbrook Dr Suite 100,HOUSTON LOCAL,TX,77433,23,2,1,0.043478260869565216,0,0.0,0,0.0,0,0.0,0,0.0,1,0.043478260869565216,0,0.0,,,0,0,,1,Marietta (GA) 4%,2,0.08695652173913043,21,1,1,20,0.9523809523809523,0.7132490929563368,763.5125,722.8000000000001,39.900000000000006,1.0,0.7391304347826085,1.0,0.0,,,,,,,,,1.0,0.0,1,True,misshipping
msbd_2w,msbd_su,2,401647,DongGuanShiYiXuanJiaJuYongPinYouXianGong GA 30122,360294,DongGuanShiYiXuanJiaJuYongPinYouXianGongSi,"CA,GA,NJ",3,APS Outdoor,Asia Supplier Service Desk,GA,Lithia Springs,30122,850 Douglas Hills Rd,AUSTELL,GA,30168,23,3,10,0.43478260869565216,0,0.0,0,0.0,1,0.043478260869565216,0,0.0,9,0.391304347826087,0,0.0,,,0,0,,2,Chino Hills Ncpc (CA) 35%; South Rialto - Ncpc (CA) 4%,3,0.13043478260869565,20,13,13,7,0.35,-1.4151389587445473,635.7608695652175,1499.7052631578945,1309.0650000000003,0.6956521739130436,0.3913043478260869,0.8999999999999999,0.19999999999999998,,,,,0.0,0.0,,,1.0,0.2222222222222222,10,True,misshipping
msbd_2w,msbd_su,2,435374,shenzhen weimoli dianzishangwuyouxiangongsi GA 31407,104065,shenzhen weimoli dianzishangwuyouxiangongsi,"CA,GA,IL,NJ,PA,TX",6,APS Home Improvement,Asia Supplier Service Desk,GA,Port Wentworth,31407,302 International Trade Pkwy,SAVANNAH LOCAL,GA,31408,23,3,4,0.17391304347826086,0,0.0,2,0.08695652173913043,0,0.0,0,0.0,2,0.08695652173913043,0,0.0,,,0,0,,2,Houston (TX) 4%; Chicago (IL) 4%,2,0.08695652173913043,21,4,4,17,0.8095238095238095,0.48495993460352266,528.325,481.32631578947365,136.01428571428573,0.8260869565217389,0.7391304347826088,1.0,1.0,,,1.0,1.0,,,,,1.0,1.0,4,True,misshipping
msbd_2w,msbd_su,2,459440,Conveex Clothing Inc CA 91764,447174,Conveex Clothing Inc,"CA,GA,NJ,PA",4,Storage & Org,Supplier Service Desk,CA,ontario,91764,5007 Ontario Mills Pkwy,CHINO LOCAL,CA,91710,23,2,4,0.17391304347826086,0,0.0,0,0.0,0,0.0,0,0.0,4,0.17391304347826086,0,0.0,,,0,0,,1,Metuchen (NJ) 17%,5,0.21739130434782608,18,6,6,12,0.6666666666666666,0.9372579253603854,1208.80625,330.9357142857142,911.6000000000001,0.782608695652174,0.7391304347826088,1.0,1.0,,,,,,,,,1.0,1.0,4,True,misshipping
msbd_2w,msbd_su,2,304397,FL HOUSEWARE LTD NJ 08873,200094,FL HOUSEWARE LTD,"CA,NJ",2,Casegoods,Zichu Wang,NJ,SOMERSET ,08873 ,480 ELIZABETH AVE ,WOODBRIDGE LOCAL,NJ,8832,23,2,2,0.08695652173913043,0,0.0,0,0.0,0,0.0,0,0.0,2,0.08695652173913043,0,0.0,,,0,0,,1,South Rialto - Ncpc (CA) 9%,0,0.0,23,4,4,19,0.8260869565217391,-2.450884405045018,493.615,795.0857142857144,480.995652173913,1.0,0.8260869565217391,1.0,0.0,,,,,,,,,1.0,0.0,2,True,misshipping
msbd_2w,msbd_su,2,486552,MGC-CA09-US,121567,Hong Kong Sumor Trading Company Limited,"CA,GA,IL,NJ,TX",5,APS Home Improvement,Evelyn Chen,CA,Rancho Cucamonga,91730,8599 Rochester Ave,WEST RIALTO,CA,92316,23,3,1,0.043478260869565216,0,0.0,0,0.0,0,0.0,0,0.0,1,0.043478260869565216,0,0.0,,,0,0,,1,Houston (TX) 4%,5,0.21739130434782608,18,1,1,17,0.9444444444444444,-3.59437848315968,950.3799999999999,1112.9882352941179,87.45555555555555,0.9565217391304346,0.7391304347826089,1.0,1.0,,,,,,,,,1.0,1.0,1,True,misshipping
msbd_2w,msbd_su,2,338945,Nanping Jianyang District Shanye Laity Tea Co. LTD GA 31322,207644,Nanping Jianyang District Shanye Laity Tea Co. LTD,"CA,GA,NJ",3,APS Home Improvement,Aria Yao,GA,Pooler,31322,335 Morgan Lakes Industrial Blvd,ROBBINSVILLE,NJ,8691,23,3,2,0.08695652173913043,0,0.0,0,0.0,1,0.043478260869565216,0,0.0,1,0.043478260869565216,0,0.0,,,0,0,,1,Metuchen (NJ) 4%,1,0.043478260869565216,21,2,2,20,0.9090909090909091,-0.38689210156015963,684.7,779.3944444444443,158.23809523809524,0.8695652173913042,0.5652173913043479,1.0,0.5,,,,,1.0,1.0,,,1.0,0.0,2,True,misshipping
msbd_2w,msbd_su,2,214067, FAXIAN NJ006,214059,"Zhejiang Jiansheng Leisure Products Co., Ltd","CA,GA,NJ",3,Outdoor Structures,Asia Supplier Service Desk,NJ,Old Bridge,08857,600 Fairway Lane,EAST BRUNSWICK,NJ,8816,23,3,1,0.043478260869565216,0,0.0,0,0.0,0,0.0,0,0.0,1,0.043478260869565216,0,0.0,,,0,0,,1,Rancho Cucamonga Ncpc (CA) 4%,0,0.0,11,6,1,22,0.9565217391304348,,583.7409090909091,566.2000000000002,132.38695652173917,0.6086956521739132,0.5217391304347826,0.0,0.0,,,,,,,,,0.0,0.0,1,True,misshipping
msbd_2w,msbd_su,2,360640,"ONEISALL, INC. CA 91710",333920,"ONEISALL, INC.","CA,GA,KY",3,APS Pet,Regan Zou,CA,Chino,91710,13971 Norton Ave,CHINO LOCAL,CA,91710,23,2,4,0.17391304347826086,0,0.0,0,0.0,0,0.0,0,0.0,4,0.17391304347826086,0,0.0,,,0,0,,1,Norcross (GA) 17%,0,0.0,23,10,10,13,0.5652173913043478,-4.016573721331497,281.80434782608694,1178.995652173913,944.0695652173913,1.0,0.5217391304347826,1.0,0.0,,,,,,,,,1.0,0.0,4,True,misshipping
msbd_2w,msbd_su,2,407678,"Foshan Gaoyang Furniture Co., Ltd. CA 92324",296442,"Foshan Gaoyang Furniture Co., Ltd.","CA,FL,NJ",3,APS AEOF,Asia Supplier Service Desk,CA,Colton,92324,2163 Riverside Ave,CAMDEN,NJ,8007,23,3,6,0.2608695652173913,0,0.0,0,0.0,1,0.043478260869565216,0,0.0,5,0.21739130434782608,0,0.0,,,0,0,,2,East Brunswick (NJ) 17%; Woodbridge (NJ) 4%,1,0.043478260869565216,22,7,7,15,0.6818181818181818,0.13576812462462662,1272.5809523809523,1172.1095238095238,864.0863636363637,0.9565217391304347,0.7391304347826085,1.0,0.6666666666666667,,,,,1.0,0.0,,,1.0,0.8,6,True,misshipping
msbd_2w,msbd_su,2,450765,GA1[美南1400仓],308237,chongqinghongliyangmaoyiyouxiangongsi,"CA,GA,IL,NJ,TX",5,APS K&D,Asia Supplier Service Desk,GA,Rincon,31326,1400 General Way,SAVANNAH LOCAL,GA,31408,23,3,9,0.391304347826087,0,0.0,0,0.0,2,0.08695652173913043,0,0.0,7,0.30434782608695654,0,0.0,,,0,0,,5,Camden (NJ) 9%; Robbinsville (NJ) 9%; West Rialto (CA) 4%; Rialto (CA) 4%; Romeoville Rsf (IL) 4%,0,0.0,23,16,16,7,0.30434782608695654,-0.5410880803289554,622.2652173913044,859.4545454545455,671.5826086956523,1.0,0.782608695652174,1.0,0.7777777777777778,,,,,1.0,0.0,,,1.0,1.0,9,True,misshipping
msbd_2w,msbd_su,2,248462, DYT2,47595,MANJUSRI LLC,"CA,GA,IL,NJ,TX",5,Casegoods,Zichu Wang,NJ,Florence,08554,839 Railroad Ave,ROBBINSVILLE,NJ,8691,23,3,1,0.043478260869565216,0,0.0,0,0.0,0,0.0,0,0.0,1,0.043478260869565216,0,0.0,,,0,0,,1,South Rialto - Ncpc (CA) 4%,0,0.0,13,11,10,13,0.5652173913043478,-1.1414302412070978,406.97647058823526,855.7352941176471,745.8869565217391,1.0,0.6521739130434784,1.0,0.0,,,,,,,,,1.0,0.0,1,True,misshipping
msbd_2w,msbd_su,2,470997,Global Pronex PA 19137,59787,Global Pronex,"CA,GA,NJ,PA",4,APS Home Improvement,Asia Supplier Service Desk,PA,Philadelphia,19137,5000 Richmond Street Building 2C,PHILADELPHIA,PA,19154,23,3,1,0.043478260869565216,0,0.0,0,0.0,0,0.0,0,0.0,1,0.043478260869565216,0,0.0,,,0,0,,1,South Atlanta Ncpc (GA) 4%,2,0.08695652173913043,6,2,1,20,0.9523809523809523,0.5187324781242035,354.78181818181815,298.5454545454545,45.57142857142857,1.0,0.8260869565217389,1.0,1.0,,,,,,,,,1.0,1.0,1,True,misshipping
msbd_2w,msbd_su,2,361851,"Huizhou Better Furnishing Co., Ltd. GA 31407",360037,"Huizhou Better Furnishing  Co., Ltd.","CA,GA,NJ,TX",4,Wayfair,Asia Supplier Service Desk,GA,Savannah,31407,150 Portside Ct,SAVANNAH LOCAL,GA,31408,23,3,4,0.17391304347826086,0,0.0,2,0.08695652173913043,0,0.0,0,0.0,2,0.08695652173913043,0,0.0,,,0,0,,2,Robbinsville (NJ) 4%; Princeton (NJ) 4%,0,0.0,23,6,6,17,0.7391304347826086,0.3798880646584335,840.0277777777777,776.5117647058823,210.9478260869565,1.0,0.8695652173913042,1.0,1.0,,,1.0,1.0,,,,,1.0,1.0,4,True,misshipping
msbd_2w,msbd_su,2,362956,Magics Innovate LLC GA 31405,280323,Magics Innovate LLC,"CA,GA,NJ",3,Rugs,Supplier Service Desk,GA,Savannah,31405,125 Feldspar Dr Suite 100,SAVANNAH LOCAL,GA,31408,23,3,1,0.043478260869565216,0,0.0,0,0.0,0,0.0,0,0.0,1,0.043478260869565216,0,0.0,,,0,0,,1,Burbank (CA) 4%,4,0.17391304347826086,19,1,1,18,0.9473684210526315,-1.5951166180758019,903.3117647058824,930.6923076923077,145.40000000000003,0.9130434782608694,0.6956521739130436,1.0,0.0,,,,,,,,,1.0,0.0,1,True,misshipping
msbd_2w,msbd_su,2,503250,"Shenzhen Weiyue Technology Co., Ltd GA 31322",349635,"Shenzhen Weiyue Technology Co., Ltd","CA,GA,NJ,TX",4,APS Bedroom,Asia Supplier Service Desk,GA,Pooler,31322,301 CYPRESS MEADOW DR，Suite 200,SAVANNAH LOCAL,GA,31408,23,3,3,0.13043478260869565,0,0.0,0,0.0,1,0.043478260869565216,0,0.0,2,0.08695652173913043,0,0.0,,,0,0,,1,South Houston (TX) 9%,0,0.0,23,3,3,20,0.8695652173913043,,703.1363636363636,679.4947368421053,109.68695652173913,0.9565217391304347,0.7826086956521738,1.0,0.6666666666666666,,,,,1.0,1.0,,,1.0,0.5,3,True,misshipping
msbd_2w,msbd_su,2,352282,Nest Node Inc CA 91761,334826,Nest Node Inc,"CA,GA,IL,NJ,TX",5,Soft Home,Supplier Service Desk,CA,Fontana,92337,13611 Jurupa Ave,WEST RIALTO,CA,92316,23,2,3,0.13043478260869565,0,0.0,0,0.0,1,0.043478260869565216,0,0.0,2,0.08695652173913043,0,0.0,,,0,0,,1,Romeoville Rsf (IL) 9%,1,0.043478260869565216,21,5,5,17,0.7727272727272727,-2.1764479373396473,587.2250000000001,967.5949999999999,450.92380952380955,0.8695652173913042,0.6086956521739132,0.6666666666666666,0.0,,,,,1.0,0.0,,,0.5,0.0,3,True,misshipping
msbd_2w,msbd_su,2,215206,DYT2,130588,Pundarika LLC,"CA,GA,IL,NJ,TX",5,APS Housewares & More,Limi Chen,NJ,Florence,08554,839 Railroad Ave,ROBBINSVILLE,NJ,8691,23,3,1,0.043478260869565216,0,0.0,0,0.0,0,0.0,0,0.0,1,0.043478260869565216,0,0.0,,,0,0,,1,South Rialto - Ncpc (CA) 4%,0,0.0,7,5,2,21,0.9130434782608695,-0.8996897621509824,527.5476190476192,557.9904761904763,133.46521739130438,1.0,1.0,1.0,1.0,,,,,,,,,1.0,1.0,1,True,misshipping
msbd_2w,msbd_su,2,354407,YQC-TX03-US,121567,Hong Kong Sumor Trading Company Limited,"CA,GA,IL,NJ,TX",5,APS Home Improvement,Evelyn Chen,TX,Katy,77493 ,28501 Hwy Blvd,HOUSTON LOCAL,TX,77433,23,3,5,0.21739130434782608,0,0.0,0,0.0,1,0.043478260869565216,0,0.0,4,0.17391304347826086,0,0.0,,,0,0,,3,West Savannah  Ncpc (GA) 9%; South Rialto - Ncpc (CA) 4%; Chicago (IL) 4%,3,0.13043478260869565,20,6,8,12,0.6,0.22669464647199672,469.57000000000005,483.58421052631587,400.21500000000003,0.6521739130434784,0.6956521739130436,0.8,0.8,,,,,0.0,1.0,,,1.0,0.75,5,True,misshipping
msbd_2w,msbd_su,2,509934,"Hangzhou Bestar Network Technology Co.,Ltd IL 60446",372038,"Hangzhou Bestar Network Technology Co.,Ltd","CA,GA,IL,NJ,TX",5,APS K&D,Asia Supplier Service Desk,IL,Romeoville,60446, 179 Southcreek Pkwy,SOUTH CHICAGO,IL,60446,23,3,2,0.08695652173913043,0,0.0,0,0.0,0,0.0,0,0.0,2,0.08695652173913043,0,0.0,,,0,0,,2,Houston (TX) 4%; Princeton (NJ) 4%,1,0.043478260869565216,21,8,7,15,0.6818181818181818,-0.31947411618380045,222.72727272727275,320.475,267.78571428571433,0.9565217391304346,0.8260869565217389,1.0,1.0,,,,,,,,,1.0,1.0,2,True,misshipping
msbd_2w,msbd_su,2,287364,GCSC-1,286922,Ning bo chu sheng dian zi shang wu you xian gong si,"CA,GA,NJ,PA",4,Wayfair,Asia Supplier Service Desk,GA,Austell,30168,C/O 240 The Bluffs Austell GA 30168,AUSTELL,GA,30168,22,3,1,0.045454545454545456,0,0.0,0,0.0,0,0.0,0,0.0,1,0.045454545454545456,0,0.0,,,0,0,,1,Robbinsville (NJ) 5%,1,0.045454545454545456,20,1,1,20,0.9523809523809523,-0.9215711526078556,598.80625,649.829411764706,77.00999999999999,1.0,0.909090909090909,1.0,1.0,,,,,,,,,1.0,1.0,1,True,misshipping
msbd_2w,msbd_su,2,502182,"Hangzhou Obay Home Decor Co., Ltd. NJ 08810",81356,"Hangzhou Obay Home Decor Co., Ltd.","CA,GA,NJ,TX",4,APS Upholstery,Asia Supplier Service Desk,NJ,Dayton,08810,121 Herrod Blvd. Suite 1,PRINCETON,NJ,8810,22,3,3,0.13636363636363635,0,0.0,0,0.0,0,0.0,0,0.0,3,0.13636363636363635,0,0.0,,,0,0,,2,Chino Hills Ncpc (CA) 9%; Arcadia (CA) 5%,0,0.0,22,22,22,0,0.0,-2.8996357880169925,225.175,2615.263636363636,2729.5727272727268,1.0,0.09090909090909093,1.0,0.6666666666666667,,,,,,,,,1.0,0.6666666666666667,3,True,misshipping
msbd_2w,msbd_su,2,474225,"Guangxi Mengdidi Network Technology Co., Ltd. PA 19120",469454,"Guangxi Mengdidi Network Technology Co., Ltd.","CA,PA",2,APS Decor,Asia Supplier Service Desk,PA,Philadelphia,19120,300 East Godfrey Avenue,PHILADELPHIA,PA,19154,22,3,6,0.2727272727272727,0,0.0,0,0.0,0,0.0,0,0.0,6,0.2727272727272727,0,0.0,,,0,0,,3,Industry (CA) 14%; West Rialto (CA) 9%; Rialto (CA) 5%,6,0.2727272727272727,14,13,13,3,0.1875,-1.33188816268328,937.9533333333334,2205.525,2336.9199999999996,0.409090909090909,0.09090909090909093,0.5,0.16666666666666669,,,,,,,,,0.5,0.16666666666666669,6,True,misshipping
msbd_2w,msbd_su,2,498504,"CUBESPACE CO., LTD. NJ 07036",88115,"CUBESPACE CO., LTD.","CA,NJ,TX",3,APS Wayfair Professional,Yolanda GUI,NJ,Linden,07036,"Building E, 500 Linden Logistics Way",LINDEN,NJ,7036,22,3,2,0.09090909090909091,0,0.0,0,0.0,1,0.045454545454545456,0,0.0,1,0.045454545454545456,0,0.0,,,0,0,,1,West Rialto (CA) 5%,1,0.045454545454545456,20,2,2,19,0.9047619047619048,-0.6586118438083378,662.7619047619048,710.3523809523809,156.4,1.0,0.8636363636363635,1.0,0.0,,,,,1.0,0.0,,,1.0,0.0,2,True,misshipping
msbd_2w,msbd_su,2,468807,shen zhen shi xin hui ke ji you xian gong si CA 92346,364357,shen zhen shi xin hui ke ji you xian gong si,"CA,GA,NJ",3,APS Outdoor,,CA,Highland,92346,7820 Victoria Avenue,WEST RIALTO,CA,92316,22,3,1,0.045454545454545456,0,0.0,0,0.0,0,0.0,0,0.0,1,0.045454545454545456,0,0.0,,,0,0,,1,Robbinsville (NJ) 5%,3,0.13636363636363635,19,1,1,18,0.9473684210526315,0.5865790947507764,1117.05,946.09375,142.3736842105263,0.6363636363636365,0.681818181818182,0.0,0.0,,,,,,,,,0.0,0.0,1,True,misshipping
msbd_2w,msbd_su,2,514440,NingBoYuchenDianZiShangWuYouxiangongsi CA 92571,483636,NingBoYuchenDianZiShangWuYouxiangongsi,"CA,GA,NJ",3,APS Home Improvement,Asia Supplier Service Desk,CA,Perris,92571,"728 W Rider St Perris, CA 92571,United States",RIALTO LOCAL,CA,92316,22,2,6,0.2727272727272727,0,0.0,0,0.0,0,0.0,0,0.0,6,0.2727272727272727,0,0.0,,,0,0,,3,Princeton (NJ) 14%; South Atlanta Ncpc (GA) 9%; East Brunswick (NJ) 5%,0,0.0,22,8,8,14,0.6363636363636364,0.6912351583050498,2105.26,1648.09,893.7318181818181,0.8636363636363635,0.8636363636363635,1.0,1.0,,,,,,,,,1.0,1.0,6,True,misshipping
msbd_2w,msbd_su,2,319631,Mystic-Mantle Ltd LLC GA 31302 ,283279,"Foshan Ailianwei furniture Co., LTD","CA,GA,NJ,TX",4,Soft Home,Asia Supplier Service Desk,GA,Bloomingdale ,31302, 3001 Jimmy Deloach Parkway ,SAVANNAH LOCAL,GA,31408,22,3,17,0.7727272727272727,0,0.0,0,0.0,0,0.0,0,0.0,17,0.7727272727272727,0,0.0,,,0,0,,4,Secaucus (NJ) 64%; Rancho Cucamonga Ncpc (CA) 5%; Sugar Land (TX) 5%; Rialto (CA) 5%,0,0.0,21,21,21,1,0.045454545454545456,-0.43911382467708854,1145.0444444444445,1405.561111111111,964.1714285714286,1.0,0.7727272727272727,1.0,0.8235294117647057,,,,,,,,,1.0,0.8235294117647057,17,True,misshipping
msbd_2w,msbd_su,2,360527,Nanjing zhihuo wangluokejiyouxiangongsi NJ 08854-2,353757,Nanjing zhihuo wangluokejiyouxiangongsi,"CA,GA,NJ,TX",4,Grills,Asia Supplier Service Desk,NJ,Edison,08817,300 Cedar Lane Suite B,WOODBRIDGE LOCAL,NJ,8832,22,3,2,0.09090909090909091,0,0.0,0,0.0,0,0.0,0,0.0,2,0.09090909090909091,0,0.0,,,0,0,,2,Houston (TX) 5%; Rialto (CA) 5%,0,0.0,22,7,6,16,0.7272727272727273,-1.095778589753557,524.9,1043.070588235294,603.4045454545453,0.9545454545454546,0.6818181818181819,0.5,0.0,,,,,,,,,0.5,0.0,2,True,misshipping
msbd_2w,msbd_su,2,295034,Chivari LLC IL 60510,276886,Chivari LLC,"FL,IL,NV",3,Casegoods,Prisha Mark,IL,Batavia,60510,1200 Douglas Rd,CAROL STREAM,IL,60188,22,3,3,0.13636363636363635,0,0.0,0,0.0,0,0.0,0,0.0,3,0.13636363636363635,0,0.0,,,0,0,,1,Miami (FL) 14%,3,0.13636363636363635,5,5,5,14,0.7368421052631579,0.08230691356632115,583.6294117647059,595.8307692307692,384.73157894736846,0.9545454545454545,0.5454545454545454,1.0,1.0,,,,,,,,,1.0,1.0,3,True,misshipping
msbd_2w,msbd_su,2,511763,   GA006,305242,SANNWSG INC,"CA,GA,NJ,NY,TX",5,APS Home Improvement,Asia Supplier Service Desk,GA,Rincon,31326,1200 General Way,SAVANNAH LOCAL,GA,31408,22,3,3,0.13636363636363635,0,0.0,0,0.0,0,0.0,0,0.0,3,0.13636363636363635,0,0.0,,,0,0,,2,East Brunswick (NJ) 9%; Rancho Cucamonga Ncpc (CA) 5%,1,0.045454545454545456,21,3,3,18,0.8571428571428571,-0.16652759561006314,931.7937499999999,836.2733333333332,195.5809523809524,1.0,0.7727272727272725,1.0,1.0,,,,,,,,,1.0,1.0,3,True,misshipping
msbd_2w,msbd_su,2,413133,       WPNJ7,336659,"Shanghai Yudingchi Technology Co., LTD.","CA,NJ,PA,TX",4,APS AEOF,Asia Supplier Service Desk,NJ,Bordentown,08505,3280 US Highway 206,ROBBINSVILLE,NJ,8691,22,3,5,0.22727272727272727,0,0.0,0,0.0,0,0.0,0,0.0,5,0.22727272727272727,0,0.0,,,0,0,,4,Rancho Cucamonga Ncpc (CA) 9%; South Rialto - Ncpc (CA) 5%; West Rialto (CA) 5%; Rialto (CA) 5%,0,0.0,21,20,8,14,0.6363636363636364,-1.2465856556791435,723.93125,1302.9399999999998,1008.8045454545455,1.0,0.6818181818181819,1.0,0.0,,,,,,,,,1.0,0.0,5,True,misshipping
msbd_2w,msbd_su,2,247204,"Sleemon-Xilinmen Furniture co.,Ltd TX 77064",88620,"Sleemon-Xilinmen Furniture co.,Ltd","CA,GA,IL,NJ,TX",5,APS,Naomi JI,TX,Houston,77064,"9707 Fairbanks N Houston Rd, Suite-100,TX 77064",NORTH HOUSTON,TX,77041,22,2,4,0.18181818181818182,0,0.0,0,0.0,2,0.09090909090909091,0,0.0,2,0.09090909090909091,0,0.0,,,0,0,,1,South Rialto - Ncpc (CA) 9%,3,0.13636363636363635,4,4,4,15,0.7894736842105263,-0.0588455255387883,979.6789473684211,910.2277777777778,342.17777777777775,0.8181818181818181,0.5454545454545455,1.0,0.5,,,,,1.0,0.0,,,1.0,1.0,4,True,misshipping
msbd_2w,msbd_su,2,478685,"Fuzhou Aituopu E-commerce CO.,LTD NJ 08075",342899,"Fuzhou Aituopu E-commerce CO.,LTD","CA,NJ",2,APS Home Improvement,Asia Supplier Service Desk,NJ,Delanco,08075,780 Coopertown Road,CAMDEN,NJ,8007,22,3,5,0.22727272727272727,0,0.0,0,0.0,0,0.0,0,0.0,5,0.22727272727272727,0,0.0,,,0,0,,2,Industry (CA) 18%; Arcadia (CA) 5%,3,0.13636363636363635,12,12,12,7,0.3684210526315789,-1.1562503205235994,599.1058823529412,1830.88,1709.4315789473683,0.818181818181818,0.45454545454545464,1.0,0.6,,,,,,,,,1.0,0.6,5,True,misshipping
msbd_2w,msbd_su,2,359508,"Foshan Zhongding Technology Co., Ltd. NJ 07064",356559,"Foshan Zhongding Technology Co., Ltd.","CA,GA,NJ,TX",4,Upholstery,Asia Supplier Service Desk,NJ,Port Reading,07064,1001 W Middlesex Ave,WOODBRIDGE LOCAL,NJ,8832,22,3,4,0.18181818181818182,0,0.0,0,0.0,1,0.045454545454545456,0,0.0,3,0.13636363636363635,0,0.0,,,0,0,,2,South Rialto - Ncpc (CA) 9%; Burbank (CA) 5%,0,0.0,22,7,7,15,0.6818181818181818,-2.862210512147997,802.7470588235295,1611.3374999999999,770.159090909091,1.0,0.6363636363636365,1.0,0.0,,,,,1.0,0.0,,,1.0,0.0,4,True,misshipping
msbd_2w,msbd_su,2,402364,GXFCBoutique LLC CA 92571,255183,GXFCBoutique LLC,"CA,GA,IL,NJ,TX",5,Casegoods,Prisha Mark,CA,Perris,92571,728 W Rider St ,RIALTO LOCAL,CA,92316,22,3,2,0.09090909090909091,0,0.0,0,0.0,0,0.0,0,0.0,2,0.09090909090909091,0,0.0,,,0,0,,1,East Brunswick (NJ) 9%,2,0.09090909090909091,20,2,2,18,0.9,0.9432386507294748,1402.7,1025.858823529412,272.72999999999996,0.8636363636363635,0.6818181818181819,0.5,1.0,,,,,,,,,0.5,1.0,2,True,misshipping
msbd_2w,msbd_su,2,465336,"Sleemon-Xilinmen Furniture co.,Ltd IL 60538",88620,"Sleemon-Xilinmen Furniture co.,Ltd","CA,GA,IL,NJ,TX",5,APS Upholstery,Naomi JI,IL,Montgomery,60538,"900 Knell Rd, unit C,Montgomery, IL 60538",SOUTH RIALTO - NCPC,CA,92316,22,2,5,0.22727272727272727,0,0.0,0,0.0,4,0.18181818181818182,0,0.0,1,0.045454545454545456,0,0.0,,,0,0,,1,Oceanside (CA) 5%,2,0.09090909090909091,20,6,6,14,0.7,-0.2168808518943511,709.2235294117647,827.5799999999998,468.97999999999996,1.0,0.8181818181818181,1.0,0.8,,,,,1.0,1.0,,,1.0,0.0,5,True,misshipping
msbd_2w,msbd_su,2,457041,Tianle International Group Limited CA 91730,452360,Tianle International Group Limited,"CA,GA,NJ,TX",4,Casegoods,Evie Li,CA,Cucamonga,91730,9099 E 8th St Rancho,WEST RIALTO,CA,92316,22,3,2,0.09090909090909091,0,0.0,0,0.0,0,0.0,0,0.0,2,0.09090909090909091,0,0.0,,,0,0,,2,Secaucus (NJ) 5%; Sugar Land (TX) 5%,0,0.0,22,2,2,20,0.9090909090909091,0.39493949394939487,987.9850000000001,884.0578947368421,192.3409090909091,1.0,0.818181818181818,1.0,0.5,,,,,,,,,1.0,0.5,2,True,misshipping
msbd_2w,msbd_su,2,414585,shenzhenshijinmanningkejiyouxiangongsi CA 91761,315215,shenzhenshijinmanningkejiyouxiangongsi,"CA,GA,NJ,TX",4,APS AEOF,Asia Supplier Service Desk,CA,ONTARIO,91761,1670 ETIWANDA AVE.# A ,CHINO LOCAL,CA,91710,22,2,2,0.09090909090909091,0,0.0,0,0.0,1,0.045454545454545456,0,0.0,1,0.045454545454545456,0,0.0,,,0,0,,1,Richmond Hill Ncpc (GA) 5%,1,0.045454545454545456,20,1,2,19,0.9047619047619048,0.8655581947743468,1618.0250000000003,1557.7,161.3473684210527,0.9545454545454545,0.9545454545454545,1.0,1.0,,,,,1.0,1.0,,,1.0,1.0,2,True,misshipping
msbd_2w,msbd_su,2,365218,Buriza Can Inc CA 91761 (2),297292,Buriza Can Inc,"CA,GA,NJ,TX",4,Upholstery,Kosi Obi,CA,Ontario,91761,5440 E Francis street ,CHINO LOCAL,CA,91710,22,3,2,0.09090909090909091,0,0.0,1,0.045454545454545456,0,0.0,0,0.0,1,0.045454545454545456,0,0.0,,,0,0,,1,Woodbridge (NJ) 5%,1,0.045454545454545456,21,3,3,18,0.8571428571428571,-0.11111809711186094,1070.7055555555557,1092.088235294118,330.7238095238095,0.7727272727272727,0.6363636363636365,0.5,0.0,,,0.0,0.0,,,,,1.0,0.0,2,True,misshipping
msbd_2w,msbd_su,2,468580,BATH TOP LIMITED NJ 08016,468542,BATH TOP LIMITED,"CA,NJ",2,APS Home Improvement,Supplier Service Desk,NJ,Burlington,08016,1900A River Rd,ROBBINSVILLE,NJ,8691,22,3,1,0.045454545454545456,0,0.0,0,0.0,0,0.0,0,0.0,1,0.045454545454545456,0,0.0,,,0,0,,1,Chino (CA) 5%,2,0.09090909090909091,20,20,1,19,0.95,-1.3033749422098935,848.4937499999999,761.3692307692309,156.44000000000008,0.6363636363636365,0.7727272727272726,1.0,1.0,,,,,,,,,1.0,1.0,1,True,misshipping
msbd_2w,msbd_su,2,290819,Sign Leader Incorporation CA 91766(2),109826,Sign Leader Incorporation,"CA,PA,TX",3,APS Youth,Mariah Mao,CA,Pomona,91766,1260 E Grand Ave ,INDUSTRY,CA,91789,22,3,5,0.22727272727272727,0,0.0,0,0.0,0,0.0,0,0.0,5,0.22727272727272727,0,0.0,,,0,0,,2,Fairless Hills (PA) 18%; South Dallas Rsf (TX) 5%,3,0.13636363636363635,12,5,5,14,0.7368421052631579,0.5337268176309484,1370.5947368421052,1007.0,643.9842105263157,0.8636363636363635,0.8636363636363635,0.6,1.0,,,,,,,,,0.6,1.0,5,True,misshipping
msbd_2w,msbd_su,2,313367,OGINOL CO NJ 07094,269985,OGINOL CO,"CA,GA,NJ,TX",4,Decor,Prisha Mark,NJ,Secaucus ,07094,915 Secaucus Rd,SECAUCUS,NJ,7307,22,3,1,0.045454545454545456,0,0.0,0,0.0,0,0.0,0,0.0,1,0.045454545454545456,0,0.0,,,0,0,,1,Norcross (GA) 5%,3,0.13636363636363635,3,3,3,16,0.8421052631578947,0.5961111932574301,467.2875,533.5571428571428,334.7105263157894,0.8181818181818182,0.7272727272727273,1.0,1.0,,,,,,,,,1.0,1.0,1,True,misshipping
msbd_2w,msbd_su,2,514139,"Shenzhen Baicui Technology Co., Ltd. GA 31326",223536,"Shenzhen Baicui Technology Co., Ltd.","CA,GA,IL,NJ,TX",5,APS Decor,Lavinia Zhang,GA,Rincon,31326,3300 Coastal Trade Center Parkway(Building 4) ,SAVANNAH LOCAL,GA,31408,22,3,4,0.18181818181818182,0,0.0,0,0.0,1,0.045454545454545456,0,0.0,3,0.13636363636363635,0,0.0,,,0,0,,2,South Chicago (IL) 9%; Chino (CA) 5%,0,0.0,21,4,4,18,0.8181818181818182,-0.17739935883531743,658.1684210526315,700.542105263158,257.9,1.0,0.8181818181818181,1.0,1.0,,,,,1.0,1.0,,,1.0,1.0,4,True,misshipping
msbd_2w,msbd_su,2,71915,Yiwu Youlian E-Commerce Co CA 91710,66015,"Yiwu Youlian E-Commerce Co., Ltd.","CA,GA,NJ,PA",4,APS Outdoor,Asia Supplier Service Desk,CA,Rancho Cucamonga,91730,9678 Utica Ave,WEST RIALTO,CA,92316,22,3,5,0.22727272727272727,0,0.0,0,0.0,0,0.0,0,0.0,5,0.22727272727272727,0,0.0,,,0,0,,2,Richmond Hill Ncpc (GA) 14%; Lehigh Valley (PA) 9%,0,0.0,22,5,5,17,0.7727272727272727,0.6431048072194144,1028.9857142857143,661.8761904761906,570.5363636363635,0.909090909090909,0.8181818181818181,0.8,0.6,,,,,,,,,0.8,0.6,5,True,misshipping
msbd_2w,msbd_su,2,72985,YC-CA3,65377,"Shenzhen Chuangjicheng Network Technology Co., Ltd","CA,GA,NJ,TX",4,APS,Asia Supplier Service Desk,CA,Fontana,92337,10850 Business Dr,WEST RIALTO,CA,92316,22,3,1,0.045454545454545456,0,0.0,0,0.0,0,0.0,0,0.0,1,0.045454545454545456,0,0.0,,,0,0,,1,Princeton (NJ) 5%,4,0.18181818181818182,18,1,1,17,0.9444444444444444,-1.0463422991262634,1584.1350000000002,1665.45,171.54444444444442,0.6818181818181819,0.5000000000000001,1.0,0.0,,,,,,,,,1.0,0.0,1,True,misshipping
msbd_2w,msbd_su,2,408855,KINGZEAL INC IL 60517,55875,KINGZEAL INC,"CA,GA,IL,NJ,PA,TX",6,APS AEOF,Asia Supplier Service Desk,IL,Woodridge,60517,2110 Wallace Way,MCCOOK,IL,60525,22,2,1,0.045454545454545456,0,0.0,0,0.0,0,0.0,0,0.0,1,0.045454545454545456,0,0.0,,,0,0,,1,Rialto (CA) 5%,1,0.045454545454545456,21,3,3,18,0.8571428571428571,-2.4621750937540416,598.155,774.6941176470586,179.55238095238096,1.0,0.8636363636363635,1.0,0.0,,,,,,,,,1.0,0.0,1,True,misshipping
msbd_2w,msbd_su,2,351195,MCCA2,225765,KRCMORE INC,"CA,NJ,TX",3,APS Home Improvement,Cheryl Zhang,CA,Redlands,92374,9425 Nevada St,WEST RIALTO,CA,92316,22,2,1,0.045454545454545456,0,0.0,0,0.0,0,0.0,0,0.0,1,0.045454545454545456,0,0.0,,,0,0,,1,Metuchen (NJ) 5%,3,0.13636363636363635,2,2,2,17,0.8947368421052632,0.7452821629468336,1365.76,1342.564285714286,283.5052631578947,0.909090909090909,0.7727272727272728,1.0,1.0,,,,,,,,,1.0,1.0,1,True,misshipping
msbd_2w,msbd_su,2,360207,"Sunrinx (Xiamen) Sanitary Co., Ltd NJ 08512",143311,"Sunrinx (Xiamen) Sanitary Co., Ltd","CA,GA,IL,NJ,OR,TX",6,APS Home Improvement,Janet Jiang,NJ,Cranbury,08512,311 Cranbury Half Acre Rd,PRINCETON,NJ,8810,22,2,1,0.045454545454545456,0,0.0,0,0.0,0,0.0,0,0.0,1,0.045454545454545456,0,0.0,,,0,0,,1,Industry (CA) 5%,2,0.09090909090909091,20,1,1,19,0.95,0.9689695759175375,842.1214285714285,614.6846153846154,159.11,1.0,0.8181818181818181,1.0,1.0,,,,,,,,,1.0,1.0,1,True,misshipping
msbd_2w,msbd_su,2,485174,Shenzhen Jiashan Trading Co Ltd CA 92410,107036,Shenzhen Jiashan Trading Co Ltd,"CA,PA",2,APS AEOF,Asia Supplier Service Desk,CA,San Bernardino,92410,7776 Tippecanoe Avenue,WEST RIALTO,CA,92316,22,3,7,0.3181818181818182,0,0.0,0,0.0,2,0.09090909090909091,0,0.0,5,0.22727272727272727,0,0.0,,,0,0,,1,Lehigh Valley (PA) 23%,2,0.09090909090909091,18,9,9,11,0.55,-0.6316437206954466,998.2666666666667,1501.4875000000002,1175.3400000000001,0.9545454545454544,0.5909090909090909,0.8571428571428572,0.4285714285714286,,,,,0.5,0.5,,,1.0,0.4,7,True,misshipping
msbd_2w,msbd_su,2,406839,TELICITY INC NJ 08817,82237,TELICITY INC,"CA,GA,NJ,PA",4,APS Bedroom,Asia Supplier Service Desk,PA,Bethleham,18015,2020 Feather Way,LEHIGH VALLEY LOCAL,PA,18067,22,3,1,0.045454545454545456,0,0.0,0,0.0,0,0.0,0,0.0,1,0.045454545454545456,0,0.0,,,0,0,,1,South Atlanta Ncpc (GA) 5%,0,0.0,22,3,1,21,0.9545454545454546,-0.203523793841594,495.14444444444445,517.3777777777779,53.81818181818183,1.0,0.9545454545454545,1.0,1.0,,,,,,,,,1.0,1.0,1,True,misshipping
msbd_2w,msbd_su,2,275483,WPLA3-CA-91761,245288,beijingchuangheliandongkejiyouxiangongsi,"CA,GA,NJ,TX",4,Casegoods,Asia Supplier Service Desk,CA,Ontario,91761,4600 E Wall St,CHINO LOCAL,CA,91710,22,2,1,0.045454545454545456,0,0.0,0,0.0,0,0.0,0,0.0,1,0.045454545454545456,0,0.0,,,0,0,,1,Woodbridge (NJ) 5%,2,0.09090909090909091,19,2,2,18,0.9,0.7470777996564582,1143.3625,1138.9071428571428,303.02631578947364,1.0,0.8181818181818181,1.0,1.0,,,,,,,,,1.0,1.0,1,True,misshipping
msbd_2w,msbd_su,2,404957,PURE ERA INC NJ 07036,95496,PURE ERA INC,"CA,MA,NJ",3,APS Rugs,Cecilia Jia,NJ,LINDEN,07036,"1301 W ELIZABETH AVE,",LINDEN,NJ,7036,22,3,1,0.045454545454545456,0,0.0,0,0.0,0,0.0,0,0.0,1,0.045454545454545456,0,0.0,,,0,0,,1,Industry (CA) 5%,1,0.045454545454545456,3,2,2,19,0.9047619047619048,-1.426361386138614,442.78124999999994,591.1294117647059,261.4095238095238,0.9545454545454545,0.6363636363636364,1.0,0.0,,,,,,,,,1.0,0.0,1,True,misshipping
msbd_2w,msbd_su,2,434347,RED GINGER 88 INC NJ 08810,434320,RED GINGER 88 INC,"CA,GA,NC,NJ,TX",5,Wayfair,Asia Supplier Service Desk,NJ,08810,08810,121 Herrod Blvd. Suite 1,PRINCETON,NJ,8810,21,2,1,0.047619047619047616,0,0.0,0,0.0,0,0.0,0,0.0,1,0.047619047619047616,0,0.0,,,0,0,,1,South Atlanta Ncpc (GA) 5%,2,0.09523809523809523,18,7,1,18,0.9473684210526315,0.06093415586050608,616.5666666666666,575.675,70.39999999999999,0.761904761904762,0.5714285714285714,1.0,1.0,,,,,,,,,1.0,1.0,1,True,misshipping
msbd_2w,msbd_su,2,406987,guangdonghuanqiulihuakejijituanyouxiangongsi CA 92509,247153,guangdonghuanqiulihuakejijituanyouxiangongsi,"CA,NJ",2,APS Home Improvement,Asia Supplier Service Desk,CA,Riverside,92509,12249 Holly Stree,RIALTO LOCAL,CA,92316,21,3,10,0.47619047619047616,0,0.0,0,0.0,0,0.0,0,0.0,10,0.47619047619047616,0,0.0,,,0,0,,1,East Brunswick (NJ) 48%,2,0.09523809523809523,18,11,11,8,0.42105263157894735,0.6786708356978522,1850.9125000000001,842.5944444444443,1673.4888888888895,0.9047619047619047,0.6666666666666669,0.8999999999999999,0.8999999999999999,,,,,,,,,0.8999999999999999,0.8999999999999999,10,True,misshipping
msbd_2w,msbd_su,2,204170,Wire King Hong Kong Limited NJ 08831,60328,Wire King Hong Kong Limited,"CA,GA,NJ,PA,TX",5,APS,Jynn Jiang,NJ,Fieldsboro,08505,C/O 1170 Florence,ROBBINSVILLE,NJ,8691,21,3,12,0.5714285714285714,0,0.0,0,0.0,0,0.0,0,0.0,12,0.5714285714285714,0,0.0,,,0,0,,4,Sugar Land (TX) 29%; South Atlanta Ncpc (GA) 14%; West Rialto (CA) 10%; Rialto (CA) 5%,0,0.0,20,17,13,8,0.38095238095238093,0.45973528888796467,1386.36875,778.5647058823529,1111.265,0.8571428571428571,0.8095238095238093,0.9166666666666666,0.9166666666666666,,,,,,,,,0.9166666666666666,0.9166666666666666,12,True,misshipping
msbd_2w,msbd_su,2,494185,taizhoushixinggaodianzishangwumaoyiyouxiangongsi NJ 07305,131808,taizhoushixinggaodianzishangwumaoyiyouxiangongsi,"CA,NJ",2,APS Upholstery,Asia Supplier Service Desk,NJ,Jersey,07305,79 Thomas Mcgovern Drive,SECAUCUS,NJ,7307,21,3,8,0.38095238095238093,0,0.0,0,0.0,0,0.0,0,0.0,8,0.38095238095238093,0,0.0,,,0,0,,2,South Rialto - Ncpc (CA) 33%; Santa Fe Springs (CA) 5%,2,0.09523809523809523,10,10,10,9,0.47368421052631576,-0.06536261491515954,1359.815789473684,1237.338888888889,1443.0473684210526,0.9047619047619047,0.5238095238095238,0.75,0.5,,,,,,,,,0.75,0.5,8,True,misshipping
msbd_2w,msbd_su,2,334140,"Foshan MiaoSu Building Materials CO., LTD GA 31322",321745,"Foshan MiaoSu Building Materials CO., LTD","CA,GA",2,APS,Asia Supplier Service Desk,GA,Pooler,31322,301 Cypress Mdw Dr 100,SAVANNAH LOCAL,GA,31408,21,3,12,0.5714285714285714,0,0.0,0,0.0,1,0.047619047619047616,0,0.0,11,0.5238095238095238,0,0.0,,,0,0,,6,West Rialto (CA) 29%; Diamond Bar Rsf (CA) 5%; Rancho Cucamonga Ncpc (CA) 5%; South Rialto - Ncpc (CA) 5%; Chino (CA) 5%,0,0.0,21,16,16,5,0.23809523809523808,-1.8977839326190917,783.175,1881.8466666666666,1639.995238095238,0.6666666666666667,0.33333333333333337,0.6666666666666666,0.16666666666666666,,,,,0.0,0.0,,,0.7272727272727273,0.1818181818181818,12,True,misshipping
msbd_2w,msbd_su,2,466738,ShenZhenShiMeiYiShaMaoYiYouXianGongSi CA 91748,447958,ShenZhenShiMeiYiShaMaoYiYouXianGongSi,"CA,GA,NJ,PA,TX",5,APS K&D,Hannah Guan,CA,City of Industry,91748,18450 East Gale Avenue,INDUSTRY,CA,91789,21,2,2,0.09523809523809523,0,0.0,0,0.0,0,0.0,0,0.0,2,0.09523809523809523,0,0.0,,,0,0,,2,Houston (TX) 5%; Richmond Hill Ncpc (GA) 5%,0,0.0,20,2,2,19,0.9047619047619048,-0.18565359231983236,710.6117647058825,618.311111111111,217.39,0.9523809523809523,0.8095238095238094,0.5,0.5,,,,,,,,,0.5,0.5,2,True,misshipping
msbd_2w,msbd_su,2,330316,huizhoushidenghuolanshanjiajukejiyouxian GA 30349,326359,huizhoushidenghuolanshanjiajukejiyouxiangongsi,"CA,GA,NJ",3,Casegoods,Asia Supplier Service Desk,GA,Atlanta,30349,6055 S Fulton Pkwy,AUSTELL,GA,30168,21,3,11,0.5238095238095238,0,0.0,0,0.0,0,0.0,0,0.0,11,0.5238095238095238,0,0.0,,,0,0,,1,Arcadia (CA) 52%,3,0.14285714285714285,18,18,18,0,0.0,-1.7851079629305184,554.7555555555555,1998.6999999999996,2143.1,1.0,0.3333333333333334,1.0,0.45454545454545453,,,,,,,,,1.0,0.45454545454545453,11,True,misshipping
msbd_2w,msbd_su,2,473132,Consdan Home Inc. CA 91761,107568,Consdan Home Inc.,"CA,VA",2,Storage & Org,Supplier Service Desk,CA,Ontario,91761,1999 South Campus Ave.,CHINO LOCAL,CA,91710,21,3,2,0.09523809523809523,0,0.0,0,0.0,0,0.0,0,0.0,2,0.09523809523809523,0,0.0,,,0,0,,1,South Chesterfield (VA) 10%,12,0.5714285714285714,9,2,2,7,0.7777777777777778,,1261.6263157894737,568.6857142857143,571.5777777777778,0.4761904761904761,0.4285714285714285,1.0,1.0,,,,,,,,,1.0,1.0,2,True,misshipping
msbd_2w,msbd_su,2,407454,Moonlight Bedding US LLC NJ 08534,406215,Moonlight Bedding US LLC,"NJ,TX",2,Wayfair,Supplier Service Desk,NJ,Pennington,08534,"55 Route 31 S, BLDG B",ROBBINSVILLE,NJ,8691,21,3,4,0.19047619047619047,0,0.0,0,0.0,0,0.0,0,0.0,4,0.19047619047619047,0,0.0,,,0,0,,1,South Houston (TX) 19%,0,0.0,11,11,11,10,0.47619047619047616,-0.9063112840435625,546.0466666666666,918.6333333333333,828.3,0.7619047619047619,0.6190476190476192,0.75,0.75,,,,,,,,,0.75,0.75,4,True,misshipping
msbd_2w,msbd_su,2,450333,"WenZhou Limu Furniture Co,.ltd CA 91710",361185,"WenZhou Limu Furniture Co,.ltd","CA,GA,NJ",3,APS AEOF,Carl Li,CA,Chino,91710,"5125 Schaefer Ave Suite 104.,dock # 30 to 33",CHINO LOCAL,CA,91710,21,3,2,0.09523809523809523,0,0.0,0,0.0,0,0.0,0,0.0,2,0.09523809523809523,0,0.0,,,0,0,,1,Linden (NJ) 10%,2,0.09523809523809523,19,2,2,17,0.8947368421052632,-0.7675618682467759,746.4526315789473,861.2166666666667,295.1684210526316,0.857142857142857,0.761904761904762,0.5,0.0,,,,,,,,,0.5,0.0,2,True,misshipping
msbd_2w,msbd_su,2,482415,"Foshan Xiaoman Technology Co., Ltd. GA 30517",363139,"Foshan Xiaoman Technology Co., Ltd.","CA,GA,NJ,TX",4,APS Youth,Emily Liao,GA,Braselton,30517,1380 Jesse Cronic Road,BRASELTON,GA,30517,21,3,7,0.3333333333333333,0,0.0,0,0.0,1,0.047619047619047616,0,0.0,6,0.2857142857142857,0,0.0,,,0,0,,4,South Dallas Rsf (TX) 10%; Chino Hills Ncpc (CA) 10%; Arcadia (CA) 5%; East Brunswick (NJ) 5%,0,0.0,21,16,20,1,0.047619047619047616,-2.2759257374413764,310.4619047619048,1077.5900000000001,990.2095238095238,0.7619047619047619,0.47619047619047616,0.8571428571428572,0.4285714285714286,,,,,1.0,1.0,,,0.8333333333333334,0.33333333333333337,7,True,misshipping
msbd_2w,msbd_su,2,328487,Sarlai Home Inc GA 31326,65706,Sarlai Home Inc,"CA,GA,NJ,PA,TX",5,APS,Evelyn Chen,GA,Rincon,31326,1100 Logistics Pkwy,SAVANNAH LOCAL,GA,31408,21,3,2,0.09523809523809523,0,0.0,0,0.0,0,0.0,0,0.0,2,0.09523809523809523,0,0.0,,,0,0,,1,Fairless Hills (PA) 10%,1,0.047619047619047616,20,6,5,15,0.75,-0.2582222550597167,720.5631578947368,809.1421052631578,172.415,0.5714285714285716,0.4761904761904762,1.0,1.0,,,,,,,,,1.0,1.0,2,True,misshipping
msbd_2w,msbd_su,2,233348,Mae west warehouse,227511,shen zhen shi jin cheng fu shi you xian gong si,"CA,NJ",2,APS,Asia Supplier Service Desk,CA,Fontana,92336,CO 14779 Bar Harbor Rd,WEST RIALTO,CA,92316,21,2,3,0.14285714285714285,0,0.0,0,0.0,2,0.09523809523809523,0,0.0,1,0.047619047619047616,0,0.0,,,0,0,,1,Camden (NJ) 5%,0,0.0,19,4,4,17,0.8095238095238095,-2.440005632281339,885.3333333333333,1019.9882352941178,505.5238095238097,1.0,0.7142857142857142,1.0,0.33333333333333337,,,,,1.0,0.5,,,1.0,0.0,3,True,misshipping
msbd_2w,msbd_su,2,168529,Ningbo Haishu Yike Electronics Company CA 91730,163225,Ningbo Haishu Yike Electronics Company,"CA,FL",2,APS,Asia Supplier Service Desk,CA,Rancho Cucamonga,91730,9189 Utica Ave,WEST RIALTO,CA,92316,21,3,14,0.6666666666666666,0,0.0,0,0.0,0,0.0,0,0.0,14,0.6666666666666666,0,0.0,,,0,0,,1,Citrus Park (FL) 67%,1,0.047619047619047616,20,20,20,0,0.0,-0.5704731249518764,1401.588888888889,1358.3333333333335,2437.8,1.0,0.42857142857142855,1.0,0.5,,,,,,,,,1.0,0.5,14,True,misshipping
msbd_2w,msbd_su,2,491169,shenzhenshihongjingkejiyouxiangongsi NJ 08527,370815,shenzhenshihongjingkejiyouxiangongsi,"CA,NJ",2,APS Home Improvement,Asia Supplier Service Desk,NJ,Jackson Township,08527,545 Monmouth Road,ROBBINSVILLE,NJ,8691,21,3,4,0.19047619047619047,0,0.0,0,0.0,0,0.0,0,0.0,4,0.19047619047619047,0,0.0,,,0,0,,1,West Rialto (CA) 19%,0,0.0,7,7,7,14,0.6666666666666666,-0.6697375553968091,1134.5833333333333,1251.877777777778,901.7,1.0,0.7619047619047619,1.0,0.5,,,,,,,,,1.0,0.5,4,True,misshipping
msbd_2w,msbd_su,2,374510,     WPHOU4,336659,"Shanghai Yudingchi Technology Co., LTD.","CA,NJ,PA,TX",4,APS AEOF,Asia Supplier Service Desk,TX,Houston,77429,14402 Fallbrook Drive,HOUSTON LOCAL,TX,77433,21,3,6,0.2857142857142857,0,0.0,1,0.047619047619047616,0,0.0,0,0.0,5,0.23809523809523808,0,0.0,,,0,0,,2,Lehigh Valley (PA) 14%; South Rialto - Ncpc (CA) 10%,2,0.09523809523809523,19,9,9,10,0.5263157894736842,-0.42802473001188085,715.6611111111112,1073.2411764705882,673.9315789473684,0.7619047619047619,0.7142857142857142,0.6666666666666666,0.6666666666666667,,,0.0,1.0,,,,,0.8,0.6,6,True,misshipping
msbd_2w,msbd_su,2,489413,"Shenzhen Jiayuan Decoration Materials Co., Ltd. NJ 08822",86802,"Shenzhen Jiayuan Decoration Materials Co., Ltd.","CA,GA,NJ",3,Upholstery,Supplier Service Desk,NJ,Flemington,08822,1200 county road 523 unit 6,WOODBRIDGE LOCAL,NJ,8832,21,2,3,0.14285714285714285,0,0.0,0,0.0,0,0.0,0,0.0,3,0.14285714285714285,0,0.0,,,0,0,,3,Rialto (CA) 5%; Oceanside (CA) 5%; South Rialto - Ncpc (CA) 5%,5,0.23809523809523808,16,6,6,10,0.625,-0.9491138002922667,874.5764705882355,1135.5785714285716,917.425,0.761904761904762,0.42857142857142855,1.0,0.33333333333333337,,,,,,,,,1.0,0.33333333333333337,3,True,misshipping
msbd_2w,msbd_su,2,496287,Healthcareco ltd GA 30134,150801,Healthcareco ltd,"CA,GA,NJ,TX",4,APS Mattresses,Sylvia Ding,GA,Douglasville,30134,7550 Wood Rd suit 150,AUSTELL,GA,30168,21,2,2,0.09523809523809523,0,0.0,0,0.0,0,0.0,0,0.0,2,0.09523809523809523,0,0.0,,,0,0,,1,West Rialto (CA) 10%,1,0.047619047619047616,3,2,2,18,0.9,-3.028097650852142,566.0357142857142,859.2846153846154,213.82499999999996,0.42857142857142855,0.3333333333333333,1.0,0.0,,,,,,,,,1.0,0.0,2,True,misshipping
msbd_2w,msbd_su,2,349598,anhuiyoushuteshangmaoyouxiangongsi CA 91761,329030,anhuiyoushuteshangmaoyouxiangongsi,"CA,NJ,SC,TX",4,APS Mattresses,Asia Supplier Service Desk,CA,Ontario,91761,2281 S Haven Ave,CHINO LOCAL,CA,91710,21,3,3,0.14285714285714285,0,0.0,1,0.047619047619047616,0,0.0,0,0.0,2,0.09523809523809523,0,0.0,,,0,0,,2,South Dallas Rsf (TX) 5%; Woodbridge (NJ) 5%,0,0.0,21,3,3,18,0.8571428571428571,0.7386427887265433,1660.6399999999999,1382.9099999999999,311.85238095238094,1.0,0.7142857142857143,1.0,1.0,,,1.0,1.0,,,,,1.0,1.0,3,True,misshipping
msbd_2w,msbd_su,2,408777,Dongguanshipanhuakejiyouxiangongsi CA 92337,408410,Dongguanshipanhuakejiyouxiangongsi,"CA,GA,NJ",3,Wayfair,Asia Supplier Service Desk,CA,FONTANA,92337,11281 CITRUS AVE,WEST RIALTO,CA,92316,21,3,1,0.047619047619047616,0,0.0,0,0.0,0,0.0,0,0.0,1,0.047619047619047616,0,0.0,,,0,0,,1,Woodbridge (NJ) 5%,4,0.19047619047619047,16,3,3,14,0.8235294117647058,-0.08631759166785562,1140.7777777777778,1245.623076923077,493.635294117647,0.8095238095238093,0.38095238095238093,1.0,1.0,,,,,,,,,1.0,1.0,1,True,misshipping
msbd_2w,msbd_su,2,432302,Living Source International GA 30517,35652,Living Source International,"CA,FL,GA,IL,NJ,NY,PA,TX",8,Outdoor Furniture,Isha Singh,GA,Braselton,30517,1380 Jesse Cronic Rd,BRASELTON,GA,30517,21,3,11,0.5238095238095238,0,0.0,0,0.0,0,0.0,0,0.0,11,0.5238095238095238,0,0.0,,,0,0,,4,South Rialto - Ncpc (CA) 33%; Rialto (CA) 10%; Chino Hills Ncpc (CA) 5%; Chino (CA) 5%,0,0.0,21,15,14,7,0.3333333333333333,-2.0680428390269165,714.5266666666666,1822.273333333333,1414.7,1.0,0.7142857142857144,1.0,0.7272727272727272,,,,,,,,,1.0,0.7272727272727272,11,True,misshipping
msbd_2w,msbd_su,2,338028,"Chenggu Hengxin Trading Co., Ltd. GA 31408",326423,"Chenggu Hengxin Trading Co., Ltd.","CA,FL,GA,MD,NC,NJ,NY,OH,TX,WA",10,APS Bedroom,Asia Supplier Service Desk,GA,Savannah,31408,133 Coleman Blvd,SAVANNAH LOCAL,GA,31408,21,2,4,0.19047619047619047,0,0.0,0,0.0,1,0.047619047619047616,0,0.0,3,0.14285714285714285,0,0.0,,,0,0,,1,Ocala (FL) 14%,2,0.09523809523809523,19,4,4,15,0.7894736842105263,-0.45752398783056386,616.0666666666668,527.2,70.88947368421053,0.9523809523809523,0.857142857142857,1.0,0.75,,,,,1.0,0.0,,,1.0,1.0,4,True,misshipping
msbd_2w,msbd_su,2,493232,HUANZHIMEI-East,324777,Decora USA Inc,"CA,NJ",2,Mattress,Supplier Service Desk,NJ,Robbinsville,08691,16 Applegate Dr Robbinsville,ROBBINSVILLE,NJ,8691,21,3,1,0.047619047619047616,0,0.0,0,0.0,0,0.0,0,0.0,1,0.047619047619047616,0,0.0,,,0,0,,1,Industry (CA) 5%,2,0.09523809523809523,3,1,1,18,0.9473684210526315,-1.3962816157040394,727.0666666666666,825.0571428571429,146.3,0.9047619047619048,0.8095238095238095,1.0,1.0,,,,,,,,,1.0,1.0,1,True,misshipping
msbd_2w,msbd_su,2,137593,DaFangGuang-TX,63465,"Ningbo Youyuan Import and Export Co., Ltd.","CA,GA,IL,NJ,NY,PA,TX",7,APS Home Improvement,Nicole Sun,TX,La Porte,77571,645 Independence Pkwy,BAYTOWN,TX,77521,21,3,2,0.09523809523809523,0,0.0,0,0.0,0,0.0,0,0.0,2,0.09523809523809523,0,0.0,,,0,0,,1,Chino Hills Ncpc (CA) 10%,0,0.0,2,2,2,19,0.9047619047619048,-1.6150521095528072,863.3476190476191,981.3380952380953,146.74285714285713,1.0,0.8095238095238094,1.0,0.0,,,,,,,,,1.0,0.0,2,True,misshipping
msbd_2w,msbd_su,2,401747,ningboyibaiyuanjinchukouyouxiangongsi NJ 08505,375242,ningboyibaiyuanjinchukouyouxiangongsi,"CA,NJ",2,APS Upholstery,Asia Supplier Service Desk,NJ,Bordentown,08505,C/O 1175 Florence Columbus Road UNITB,ROBBINSVILLE,NJ,8691,21,3,5,0.23809523809523808,0,0.0,0,0.0,1,0.047619047619047616,0,0.0,4,0.19047619047619047,0,0.0,,,0,0,,4,South Rialto - Ncpc (CA) 5%; Chino (CA) 5%; Chino Hills Ncpc (CA) 5%; Rialto (CA) 5%,1,0.047619047619047616,18,6,6,14,0.7,-0.5284494643430906,1051.7111111111114,1101.5647058823529,737.2700000000001,0.9523809523809522,0.7619047619047619,1.0,0.4,,,,,1.0,1.0,,,1.0,0.25,5,True,misshipping
msbd_2w,msbd_su,2,440070,YKD-IL02-US,121567,Hong Kong Sumor Trading Company Limited,"CA,GA,IL,NJ,TX",5,APS Home Improvement,Evelyn Chen,IL,Aurora,60502, 4275 Ferry Rd,SOUTH CHICAGO,IL,60446,21,3,1,0.047619047619047616,0,0.0,0,0.0,0,0.0,0,0.0,1,0.047619047619047616,0,0.0,,,0,0,,1,Woodbridge (NJ) 5%,0,0.0,21,4,3,18,0.8571428571428571,0.03216374269005846,215.05789473684212,209.21764705882356,128.72380952380954,1.0,0.9523809523809522,1.0,1.0,,,,,,,,,1.0,1.0,1,True,misshipping
msbd_2w,msbd_su,2,504681,UK HONBAY LIMITED NJ 08527,409190,UK HONBAY LIMITED,"CA,GA,NJ,TX",4,APS Upholstery,Asia Supplier Service Desk,NJ,Jackson Township,08527,NJ5-543 Monmouth Rd,ROBBINSVILLE,NJ,8691,21,3,6,0.2857142857142857,0,0.0,0,0.0,0,0.0,0,0.0,6,0.2857142857142857,0,0.0,,,0,0,,2,South Atlanta Ncpc (GA) 24%; Burbank (CA) 5%,0,0.0,20,19,7,14,0.6666666666666666,-0.08735566272951162,772.7421052631579,715.01,412.10499999999996,0.761904761904762,0.7142857142857144,0.8333333333333334,0.6666666666666666,,,,,,,,,0.8333333333333334,0.6666666666666666,6,True,misshipping
msbd_2w,msbd_su,2,487490,Shanghaiyiweierkejiyouxiangongsi NJ 07094 ,306974,Shanghaiyiweierkejiyouxiangongsi,"CA,NJ",2,APS Home Improvement,Asia Supplier Service Desk,NJ,Secaucus,07094,35 Henry St,SECAUCUS,NJ,7307,21,2,1,0.047619047619047616,0,0.0,0,0.0,0,0.0,0,0.0,1,0.047619047619047616,0,0.0,,,0,0,,1,Industry (CA) 5%,0,0.0,7,1,1,20,0.9523809523809523,-0.3174511103745444,574.9000000000001,588.10625,151.08571428571426,1.0,0.8095238095238094,1.0,0.0,,,,,,,,,1.0,0.0,1,True,misshipping
msbd_2w,msbd_su,2,299868,SAV warehouse,271325,"FUJIAN ZHANGPING D-ROAD FORESTRY CO.,LTD.","CA,GA,NJ,TX",4,APS Youth,Asia Supplier Service Desk,GA,Rincon,31326,1100 Logistics Parkway Building 1,SAVANNAH LOCAL,GA,31408,21,3,3,0.14285714285714285,0,0.0,1,0.047619047619047616,1,0.047619047619047616,0,0.0,1,0.047619047619047616,0,0.0,,,0,0,,1,Houston (TX) 5%,4,0.19047619047619047,17,3,3,14,0.8235294117647058,-0.4003721973948593,914.105,842.3625,102.39999999999999,0.4761904761904763,0.47619047619047616,0.33333333333333337,1.0,,,0.0,1.0,0.0,1.0,,,1.0,1.0,3,True,misshipping
msbd_2w,msbd_su,2,271617,WPLA11-92410,270514,foshanshikesilewujinzhipinyouxiangongsi,"CA,GA,PA",3,Wayfair,Asia Supplier Service Desk,CA,San Bernardino,92410,7776 Tippecanoe Avenue,WEST RIALTO,CA,92316,20,3,1,0.05,0,0.0,0,0.0,0,0.0,0,0.0,1,0.05,0,0.0,,,0,0,,1,Richmond Hill Ncpc (GA) 5%,3,0.15,16,1,1,16,0.9411764705882353,0.5474759264662971,1742.746153846154,1931.5636363636363,152.31176470588233,0.8499999999999999,0.55,1.0,1.0,,,,,,,,,1.0,1.0,1,True,misshipping
msbd_2w,msbd_su,2,478796,Georg Jensen IN 47130,42531,Georg Jensen,"IN,NJ",2,PG Housewares,Ellie Fader,IN,Jeffersonville ,47130,201 River Ridge Parkway,LOUISVILLE,IN,47130,20,3,16,0.8,0,0.0,0,0.0,0,0.0,0,0.0,16,0.8,0,0.0,,,0,0,,1,Princeton (NJ) 80%,1,0.05,19,19,19,0,0.0,-0.34644520956408553,1597.8749999999998,1898.584210526316,712.9,0.9499999999999998,0.6,1.0,0.5625,,,,,,,,,1.0,0.5625,16,True,misshipping
msbd_2w,msbd_su,2,13804,Skywalker Trampolines UT 84302,1411,Skywalker Trampolines,"CA,IN,UT",3,Recreation,XiLin Choi,UT,Brigham City,84302,1095 North 1000 West,LOGAN,UT,84321,20,3,1,0.05,0,0.0,0,0.0,0,0.0,0,0.0,1,0.05,0,0.0,,,0,0,,1,West Rialto (CA) 5%,2,0.1,1,1,1,17,0.9444444444444444,0.47723627390499695,1016.3066666666665,1033.0142857142857,40.30555555555556,0.9,0.6500000000000001,0.0,0.0,,,,,,,,,0.0,0.0,1,True,misshipping
msbd_2w,msbd_su,2,515299,SalonDepot Inc NJ 08817,266278,SalonDepot Inc,"CA,NJ",2,APS Home Improvement,Asia Supplier Service Desk,NJ,Edison,08817,55 Talmadge Rd Door 19-20,WOODBRIDGE LOCAL,NJ,8832,20,3,6,0.3,0,0.0,0,0.0,0,0.0,0,0.0,6,0.3,0,0.0,,,0,0,,1,Chino (CA) 30%,0,0.0,20,9,9,11,0.55,-1.419003103424721,725.8625,1302.7222222222222,1235.835,1.0,0.6,1.0,0.16666666666666669,,,,,,,,,1.0,0.16666666666666669,6,True,misshipping
msbd_2w,msbd_su,2,439148,"Hangzhou Obay Home Decor Co., Ltd. GA 31407",81356,"Hangzhou Obay Home Decor Co., Ltd.","CA,GA,NJ,TX",4,APS Upholstery,Asia Supplier Service Desk,GA,Savannah,31407,425 Jimmy Deloach Parkway,SAVANNAH LOCAL,GA,31408,20,3,7,0.35,0,0.0,0,0.0,0,0.0,0,0.0,7,0.35,0,0.0,,,0,0,,3,Chino Hills Ncpc (CA) 20%; Chino (CA) 10%; Arcadia (CA) 5%,0,0.0,19,19,19,1,0.05,-3.2047380185944294,391.8684210526316,2281.4649999999997,2391.0578947368426,1.0,0.05000000000000001,1.0,0.14285714285714285,,,,,,,,,1.0,0.14285714285714285,7,True,misshipping
msbd_2w,msbd_su,2,462579,"Chengdu Genting Smart Manufacture Tech Co., Ltd. GA 31407",459496,"Chengdu Genting Smart Manufacture Tech Co., Ltd.","CA,GA,NJ,PA",4,Wayfair,Supplier Service Desk,GA,Port Wentworth,31407,"302 International Trade Pkwy, suite 200",SAVANNAH LOCAL,GA,31408,20,3,2,0.1,0,0.0,1,0.05,0,0.0,0,0.0,1,0.05,0,0.0,,,0,0,,1,Rialto (CA) 5%,1,0.05,19,2,2,17,0.8947368421052632,0.14891347222451357,689.95625,693.88125,154.95263157894738,1.0,0.8999999999999999,1.0,1.0,,,1.0,1.0,,,,,1.0,1.0,2,True,misshipping
msbd_2w,msbd_su,2,499360,Deftfulfillment LA LLC,57284,Sapience Home Decor,"CA,TX",2,APS Decor,Asia Supplier Service Desk,CA,Rancho Cucamonga,91730,8950 Toronto Ave,WEST RIALTO,CA,92316,20,3,1,0.05,0,0.0,0,0.0,0,0.0,0,0.0,1,0.05,0,0.0,,,0,0,,1,Spring (TX) 5%,0,0.0,19,1,1,19,0.95,,1524.7500000000002,1504.411111111111,85.85789473684213,1.0,0.8999999999999999,1.0,1.0,,,,,,,,,1.0,1.0,1,True,misshipping
msbd_2w,msbd_su,2,242785,shen zhen shi she man qu ban shu zi ke ji you xian gong si NJ 08505,242183,shen zhen shi she man qu ban shu zi ke ji you xian gong si,"CA,NJ",2,Wayfair,Asia Supplier Service Desk,NJ,Bordentown,08505,3280 US Highway 206,ROBBINSVILLE,NJ,8691,20,3,2,0.1,0,0.0,0,0.0,0,0.0,0,0.0,2,0.1,0,0.0,,,0,0,,1,Rancho Cucamonga Ncpc (CA) 10%,0,0.0,20,9,9,11,0.55,-0.6755374451976451,733.4749999999999,1280.5999999999997,1235.0249999999999,1.0,0.55,1.0,0.0,,,,,,,,,1.0,0.0,2,True,misshipping
msbd_2w,msbd_su,2,410748,Hangzhou Moxin Technologies Co Ltd. CA 91761,410736,HONG KONG MAN KA GOU TECHNOLOGY LIMITED,"CA,GA,NJ,TX",4,APS Bedroom,Asia Supplier Service Desk,CA,Ontario ,91761,5691 Philadelphia St,CHINO LOCAL,CA,91710,20,3,1,0.05,0,0.0,0,0.0,0,0.0,0,0.0,1,0.05,0,0.0,,,0,0,,1,West Savannah  Ncpc (GA) 5%,2,0.1,18,1,1,17,0.9444444444444444,0.32859504132231404,596.9052631578946,493.24999999999994,136.3444444444445,0.9,0.9,1.0,1.0,,,,,,,,,1.0,1.0,1,True,misshipping
msbd_2w,msbd_su,2,269113,Uber Bazaar Inc MD 20876,269112,Uber Bazaar Inc,"AR,CA,CO,MD,MS,NC,NJ,NY,TX,VA",10,Lighting,Supplier Service Desk,MD,Germantown,20876,12410 Milestone Center Drive,GAITHERSBURG,MD,20879,20,3,1,0.05,0,0.0,0,0.0,0,0.0,0,0.0,1,0.05,0,0.0,,,0,0,,1,White Plains (NY) 5%,0,0.0,20,20,20,0,0.0,-0.12728503723764387,210.62307692307692,2424.1124999999997,2278.2350000000006,0.8999999999999998,0.05,0.0,1.0,,,,,,,,,0.0,1.0,1,True,misshipping
msbd_2w,msbd_su,2,299170,"Shanghai Shenwei Plastic Product Co.,Ltd GA 31326",298687,"Shanghai Shenwei Plastic Product Co.,Ltd","CA,GA",2,Wayfair,Asia Supplier Service Desk,GA,Rincon,31326,"1100 Logistics Parkway, Building 1",SAVANNAH LOCAL,GA,31408,20,3,5,0.25,0,0.0,0,0.0,0,0.0,0,0.0,5,0.25,0,0.0,,,0,0,,2,Tracy (CA) 15%; Rialto (CA) 10%,0,0.0,20,11,11,9,0.45,-1.5989593730324196,623.0058823529412,919.3705882352941,833.0699999999999,1.0,0.7999999999999999,1.0,0.4,,,,,,,,,1.0,0.4,5,True,misshipping
msbd_2w,msbd_su,2,402365,GXFCBoutique LLC NJ 08016,255183,GXFCBoutique LLC,"CA,GA,IL,NJ,TX",5,Casegoods,Prisha Mark,NJ,Burlington,08016,1900A River Rd,ROBBINSVILLE,NJ,8691,20,3,2,0.1,0,0.0,0,0.0,0,0.0,0,0.0,2,0.1,0,0.0,,,0,0,,1,Tracy (CA) 10%,1,0.05,18,18,2,17,0.8947368421052632,-0.058039079562566404,763.2944444444444,774.2117647058823,323.34736842105264,0.8999999999999999,0.6500000000000001,1.0,1.0,,,,,,,,,1.0,1.0,2,True,misshipping
msbd_2w,msbd_su,2,471407,XHHHOU1A,273078,"Yiwu Binsai Import and Export Co., Ltd.","CA,GA,NJ,TX",4,APS Outdoor,Amber Xiang,TX,Missouri City,77489,611 S Cravens Rd,SUGAR LAND,TX,77489,20,2,3,0.15,0,0.0,1,0.05,0,0.0,0,0.0,2,0.1,0,0.0,,,0,0,,1,Robbinsville (NJ) 10%,0,0.0,3,3,3,17,0.85,0.13480600183669852,1016.2599999999999,980.4599999999999,241.03999999999996,1.0,0.7999999999999999,1.0,1.0,,,1.0,1.0,,,,,1.0,1.0,3,True,misshipping
msbd_2w,msbd_su,2,201393,Blue Nile Mills CA 91355,116128,Blue Nile Mills,"CA,NJ,TX",3,Rugs,Supplier Service Desk,CA,Valencia,91355,28709 Industry Drive,BURBANK,CA,91331,20,3,10,0.5,0,0.0,0,0.0,0,0.0,0,0.0,10,0.5,0,0.0,,,0,0,,1,Woodbridge (NJ) 50%,3,0.15,17,17,17,0,0.0,-2.6772775098517965,526.7333333333333,2603.5941176470587,2780.8,0.7499999999999999,0.55,0.8,0.6,,,,,,,,,0.8,0.6,10,True,misshipping
msbd_2w,msbd_su,2,286490,Mountainside Products AZ LLC GA 30107,284761,Mountainside Products AZ LLC,"CA,GA",2,Casegoods,Karolina Coulter,GA,Ball Ground,30107,125 Wes Walker Memorial Drive,MARIETTA LOCAL,GA,30144,20,3,7,0.35,0,0.0,0,0.0,0,0.0,0,0.0,7,0.35,0,0.0,,,0,0,,1,Chino (CA) 35%,1,0.05,19,12,12,7,0.3684210526315789,-1.627625004495439,766.15,1868.7428571428572,1358.6526315789474,0.95,0.4,0.8571428571428572,0.0,,,,,,,,,0.8571428571428572,0.0,7,True,misshipping
msbd_2w,msbd_su,2,480169,GUANGZHOUQINGYANGQIMOYOUXIANGONGSI CA 91746,402001,GUANGZHOUQINGYANGQIMOYOUXIANGONGSI,"CA,GA,NJ,PA",4,APS Home Improvement,Icey Wang,CA,City Of Industry,91746,505 South 7th Ave,ARCADIA,CA,91006,20,3,1,0.05,0,0.0,0,0.0,0,0.0,0,0.0,1,0.05,0,0.0,,,0,0,,1,Philadelphia (PA) 5%,5,0.25,5,2,2,13,0.8666666666666667,0.2798325627889541,1025.8153846153848,1085.3200000000002,366.01333333333343,0.8999999999999999,0.4499999999999999,1.0,0.0,,,,,,,,,1.0,0.0,1,True,misshipping
msbd_2w,msbd_su,2,486663,"TAISHAN KINGMAN LIGHTING CO.,LTD TX 77099",350434,"TAISHAN KINGMAN LIGHTING CO.,LTD","CA,NJ,TX",3,APS Home Improvement,Asia Supplier Service Desk,TX,Houston,77099,9500 W Sam Houston Pkwy S Dock11,SUGAR LAND,TX,77489,20,2,1,0.05,0,0.0,0,0.0,0,0.0,0,0.0,1,0.05,0,0.0,,,0,0,,1,Anaheim (CA) 5%,2,0.1,1,1,1,17,0.9444444444444444,-0.6762936938009886,1146.8466666666668,1295.533333333333,90.1470588235294,0.9499999999999998,0.7999999999999999,0.0,0.0,,,,,,,,,0.0,0.0,1,True,misshipping
msbd_2w,msbd_su,2,354401,"Xuzhou Abosi Network Technology Co., Ltd CA 91761",354350,"Xuzhou Abosi Network Technology Co., Ltd","AZ,CA,FL,GA,IL,MD,NJ,NY,OR,PA,SC,TX",12,APS Decor,Asia Supplier Service Desk,CA,ontario,91761,1670 ETIWANDA AVE.# A ,CHINO LOCAL,CA,91710,20,3,1,0.05,0,0.0,0,0.0,0,0.0,0,0.0,1,0.05,0,0.0,,,0,0,,1,Mccook (IL) 5%,3,0.15,17,1,1,16,0.9411764705882353,0.7150453172205438,1660.4999999999998,1462.9812499999998,125.75882352941177,0.7999999999999999,0.6500000000000001,1.0,1.0,,,,,,,,,1.0,1.0,1,True,misshipping
msbd_2w,msbd_su,2,313373,OGINOL CO CA 91761(4),269985,OGINOL CO,"CA,GA,NJ,TX",4,Decor,Prisha Mark,CA,Ontario,91761,1751 South Pointe Ave,CHINO LOCAL,CA,91710,20,3,3,0.15,0,0.0,0,0.0,0,0.0,0,0.0,3,0.15,0,0.0,,,0,0,,2,Sugar Land (TX) 10%; Secaucus (NJ) 5%,2,0.1,18,4,4,14,0.7777777777777778,0.08086483205471395,1051.5588235294115,904.9,405.8888888888889,0.9499999999999998,0.9,0.6666666666666666,1.0,,,,,,,,,0.6666666666666666,1.0,3,True,misshipping
msbd_2w,msbd_su,2,415566,shenzhenheimaokejiyouxiangongsi GA 31408,321015,shenzhenheimaokejiyouxiangongsi,"CA,FL,GA,NJ,NY,TX",6,APS Upholstery,Frank Huang,GA,Savannah,31408,133 Coleman Blvd Suite 200,SAVANNAH LOCAL,GA,31408,20,3,1,0.05,0,0.0,0,0.0,0,0.0,0,0.0,1,0.05,0,0.0,,,0,0,,1,South Dallas Rsf (TX) 5%,2,0.1,18,1,1,17,0.9444444444444444,-0.3531640773020082,793.4764705882352,821.6733333333333,74.67222222222222,0.95,0.85,1.0,0.0,,,,,,,,,1.0,0.0,1,True,misshipping
msbd_2w,msbd_su,2,92401,"YIWU WENTOU IMPORTEXPORT CO.,LTD CA-LC08 91761",91104,"YIWU WENTOU IMPORT&EXPORT CO.,LTD","CA,GA",2,APS Outdoor,Qiwen Fan,CA,Eastvale,91752,12300 Riverside Drive,WEST RIALTO,CA,92316,20,2,4,0.2,0,0.0,2,0.1,0,0.0,0,0.0,2,0.1,0,0.0,,,0,0,,2,South Atlanta Ncpc (GA) 5%; Atlanta (GA) 5%,0,0.0,19,4,4,16,0.8,0.8486755728299633,1962.45,1368.2133333333334,433.9684210526315,1.0,0.7999999999999998,1.0,1.0,,,1.0,1.0,,,,,1.0,1.0,4,True,misshipping
msbd_2w,msbd_su,2,509028,WEIMEILI TECHNOLOGY LIMITED NJ 08068,445271,WEIMEILI TECHNOLOGY LIMITED,"CA,NJ",2,APS AEOF,Supplier Service Desk,NJ,Pemberton,08068,200 S Pemberton Rd,CAMDEN,NJ,8007,20,3,3,0.15,0,0.0,0,0.0,0,0.0,0,0.0,3,0.15,0,0.0,,,0,0,,2,Chino (CA) 10%; Industry (CA) 5%,0,0.0,19,3,3,17,0.85,0.20613865422383912,748.375,608.6071428571429,462.38500000000005,0.9499999999999998,0.9499999999999998,0.6666666666666667,0.6666666666666666,,,,,,,,,0.6666666666666667,0.6666666666666666,3,True,misshipping
msbd_2w,msbd_su,2,494584,Dream home echnology co. LTD. CA 92335,62826,Dream home echnology co. LTD.,"CA,GA,IL,KS,NJ,PA,TX,WA",8,Upholstery,Demi Wang,CA,Fontana,92335,"13230 San Bernardino Ave Ste. B, ",WEST RIALTO,CA,92316,20,3,6,0.3,0,0.0,0,0.0,0,0.0,0,0.0,6,0.3,0,0.0,,,0,0,,4,Linden (NJ) 10%; South Atlanta Ncpc (GA) 10%; Sugar Land (TX) 5%; Austell (GA) 5%,1,0.05,19,16,16,3,0.15789473684210525,-1.73809824742058,597.12,1428.992857142857,1455.1842105263158,1.0,0.7000000000000001,1.0,0.6666666666666666,,,,,,,,,1.0,0.6666666666666666,6,True,misshipping
msbd_2w,msbd_su,2,290449,Yantaishi Xingyudianzishangwu Youxiangong TX 77489,238729,Yantaishi Xingyudianzishangwu Youxiangongsi,"CA,GA,IL,NJ,RI,TX",6,APS Mattresses,Asia Supplier Service Desk,TX,Missouri City,77489,611 S Cravens Rd,SUGAR LAND,TX,77489,20,3,1,0.05,0,0.0,0,0.0,0,0.0,0,0.0,1,0.05,0,0.0,,,0,0,,1,West Savannah  Ncpc (GA) 5%,1,0.05,19,1,1,18,0.9473684210526315,0.7375743927939521,676.2944444444445,642.9882352941177,83.24210526315787,1.0,0.75,1.0,1.0,,,,,,,,,1.0,1.0,1,True,misshipping
msbd_2w,msbd_su,2,194013,Real Relax Massage NJ Warehouse,44579,Real Relax Massage,"CA,GA,NJ",3,APS,Lacey Yan,NJ,South River,08882,1 Brick plant Rd,EAST BRUNSWICK,NJ,8816,20,3,10,0.5,0,0.0,0,0.0,0,0.0,0,0.0,10,0.5,0,0.0,,,0,0,,2,West Savannah  Ncpc (GA) 45%; Savannah (GA) 5%,0,0.0,20,10,10,10,0.5,0.47971022843011163,920.6777777777778,633.6555555555556,441.4222222222223,1.0,0.8999999999999999,1.0,1.0,,,,,,,,,1.0,1.0,10,True,misshipping
msbd_2w,msbd_su,2,433594,"Ningbo Zhuofan Technology Development Co., Ltd GA 30517",431400,"Ningbo Zhuofan Technology Development Co., Ltd","CA,GA,NJ,TX",4,Wayfair,Asia Supplier Service Desk,GA,Braselton,30517,1380 Jesse Cronic Road,BRASELTON,GA,30517,20,3,1,0.05,0,0.0,0,0.0,0,0.0,0,0.0,1,0.05,0,0.0,,,0,0,,1,South Dallas Rsf (TX) 5%,1,0.05,19,6,3,16,0.8421052631578947,-1.1218920557913885,717.6133333333333,889.2866666666665,337.2315789473684,1.0,0.7499999999999999,1.0,0.0,,,,,,,,,1.0,0.0,1,True,misshipping
msbd_2w,msbd_su,2,22867,Skywalker Trampolines CA 91730,1411,Skywalker Trampolines,"CA,IN,UT",3,Recreation,XiLin Choi,CA,Rancho Cucamonga,91730,8369 Miliken Avenue,WEST RIALTO,CA,92316,20,3,3,0.15,0,0.0,0,0.0,0,0.0,0,0.0,3,0.15,0,0.0,,,0,0,,1,Kokomo (IN) 15%,1,0.05,4,3,3,16,0.8421052631578947,,833.4666666666667,549.3133333333334,328.6736842105263,0.5000000000000001,0.65,0.33333333333333337,1.0,,,,,,,,,0.33333333333333337,1.0,3,True,misshipping
msbd_2w,msbd_su,2,369839,"XUZHOU ANMAOLIAN TRADING CO., LTD. NJ 08857",369609,"XUZHOU ANMAOLIAN TRADING CO., LTD.","CA,NJ",2,Wayfair,Asia Supplier Service Desk,NJ,Newark,08857,600 Fairway Lane Old Bridge,EAST BRUNSWICK,NJ,8816,20,2,3,0.15,0,0.0,0,0.0,0,0.0,0,0.0,3,0.15,0,0.0,,,0,0,,2,Rialto (CA) 10%; Rancho Cucamonga Ncpc (CA) 5%,1,0.05,3,3,3,16,0.8421052631578947,-0.3089481099700229,813.375,882.3437500000001,430.5157894736842,1.0,0.8999999999999999,1.0,1.0,,,,,,,,,1.0,1.0,3,True,misshipping
msbd_2w,msbd_su,2,468440,Extromax Lea Inc TX 77423,177829,Extromax Lea Inc,"CA,GA,NJ,PA,TX",5,APS Upholstery,Frank Huang,TX,Brookshire,77423,"2062 Woods Road, Suite 100",HOUSTON LOCAL,TX,77433,20,3,2,0.1,0,0.0,0,0.0,1,0.05,0,0.0,1,0.05,0,0.0,,,0,0,,1,Richmond Hill Ncpc (GA) 5%,0,0.0,20,4,4,16,0.8,-0.4346258578881792,733.7800000000001,765.5352941176471,204.52500000000003,0.8999999999999999,0.6,1.0,0.5,,,,,1.0,1.0,,,1.0,0.0,2,True,misshipping
msbd_2w,msbd_su,2,341964,anhuiyoushuteshangmaoyouxiangongsi NJ 08807,329030,anhuiyoushuteshangmaoyouxiangongsi,"CA,NJ,SC,TX",4,APS Mattresses,Asia Supplier Service Desk,NJ,Bridgewater,08807,1120 US 22 Building 2,WOODBRIDGE LOCAL,NJ,8832,20,3,3,0.15,0,0.0,0,0.0,0,0.0,0,0.0,3,0.15,0,0.0,,,0,0,,1,Chino (CA) 15%,2,0.1,18,4,4,14,0.7777777777777778,-1.7425366039245311,878.2733333333333,1178.6866666666667,608.688888888889,0.7000000000000001,0.4,0.3333333333333333,0.0,,,,,,,,,0.3333333333333333,0.0,3,True,misshipping
msbd_2w,msbd_su,2,61176,LivEditor Lighting Co. Ltd. CA92337,37764,LivEditor Lighting Co. Ltd.,"CA,GA,NJ",3,APS,Asia Supplier Service Desk,CA,FONTANA,92337,11281 CITRUS AVE,WEST RIALTO,CA,92316,20,3,2,0.1,0,0.0,0,0.0,1,0.05,0,0.0,1,0.05,0,0.0,,,0,0,,1,South Atlanta Ncpc (GA) 5%,0,0.0,16,7,7,13,0.65,-0.9990735183199714,336.1,1109.823076923077,826.905,0.9500000000000001,0.55,1.0,0.0,,,,,1.0,0.0,,,1.0,0.0,2,True,misshipping
msbd_2w,msbd_su,2,329424,"Hangzhou Mucheng International Trade Co.,TX 77075",132375,"Hangzhou Mucheng International Trade Co., Ltd","CA,GA,NJ,TX",4,APS,Qiwen Fan,TX,Houston,77075,7916 Hall Rd,SOUTH HOUSTON,TX,77075,20,3,6,0.3,0,0.0,0,0.0,0,0.0,0,0.0,6,0.3,0,0.0,,,0,0,,3,Braselton (GA) 10%; South Atlanta Ncpc (GA) 10%; South Rialto - Ncpc (CA) 10%,0,0.0,7,7,7,13,0.65,0.5404301159231385,831.6642857142859,561.7785714285717,395.55,1.0,0.7999999999999999,1.0,1.0,,,,,,,,,1.0,1.0,6,True,misshipping
msbd_2w,msbd_su,2,339946,"Simleware,inc PA 18064",80410,"Simleware,inc","CA,IL,PA,TX",4,APS Mattresses,Checky Yi,PA,Nazareth ,18064,3363 Gun Club Rd,LEHIGH VALLEY LOCAL,PA,18067,20,2,4,0.2,0,0.0,1,0.05,0,0.0,0,0.0,3,0.15,0,0.0,,,0,0,,3,Rialto (CA) 5%; West Rialto (CA) 5%; South Rialto - Ncpc (CA) 5%,0,0.0,20,14,14,6,0.3,-1.3131925122778674,439.4428571428572,1454.1499999999996,1179.3449999999998,1.0,0.6000000000000001,1.0,0.25,,,1.0,0.0,,,,,1.0,0.33333333333333337,4,True,misshipping
msbd_2w,msbd_su,2,462993,"Zhongshan Qidian Lighting Co., Ltd. CA 91761-2905",249297,"Zhongshan Qidian Lighting Co., Ltd.","CA,GA,NJ",3,APS Home Improvement,Asia Supplier Service Desk,CA,Ontario,91761-2905,3625 E Jurupa St,CHINO LOCAL,CA,91710,20,3,2,0.1,0,0.0,0,0.0,0,0.0,0,0.0,2,0.1,0,0.0,,,0,0,,1,Robbinsville (NJ) 10%,0,0.0,20,2,2,18,0.9,0.8404368414437842,1480.1764705882354,1230.5117647058821,272.81500000000005,0.8999999999999998,0.7000000000000002,1.0,1.0,,,,,,,,,1.0,1.0,2,True,misshipping
msbd_2w,msbd_su,2,348232,运去哪儿 - CA美西仓,266821,"Hangzhou Yisibai Supply Chain Management Co.,Ltd.","CA,GA,NJ",3,APS Decor,Asia Supplier Service Desk,CA,Eastvale,92880,14909 Summit Dr,CHINO LOCAL,CA,91710,20,3,1,0.05,0,0.0,0,0.0,0,0.0,0,0.0,1,0.05,0,0.0,,,0,0,,1,West Savannah  Ncpc (GA) 5%,0,0.0,20,1,1,19,0.95,-5.469885277246654,678.2750000000002,825.7499999999999,123.29,0.95,0.7999999999999998,0.0,0.0,,,,,,,,,0.0,0.0,1,True,misshipping
msbd_2w,msbd_su,2,503486,PROSPEROUS SUNLIGHT GROUP LIMITED CA 91768 _WFDNU503486,347732,PROSPEROUS SUNLIGHT GROUP LIMITED _WFDNU347732,"CA,NJ",2,Wayfair,Supplier Service Desk,CA,Pomona,91768,163 University Parkway,WOODBRIDGE LOCAL,NJ,8832,20,2,3,0.15,0,0.0,0,0.0,0,0.0,0,0.0,3,0.15,0,0.0,,,0,0,,1,Woodbridge (NJ) 15%,2,0.1,3,3,3,15,0.8333333333333334,0.15393772591403226,1470.3777777777777,1476.358823529412,457.2499999999999,0.45000000000000007,0.55,0.6666666666666667,0.6666666666666667,,,,,,,,,0.6666666666666667,0.6666666666666667,3,True,misshipping
msbd_2w,msbd_su,2,335208,shenzhenshibeilailidianqiyouxiangongsi TX 77035,335200,shenzhenshibeilailidianqiyouxiangongsi,"CA,GA,IL,PA,TX",5,Wayfair,Tracy Rong,TX,Houston,77035,13393 S Main St. Suite 200,SUGAR LAND,TX,77489,20,3,2,0.1,0,0.0,0,0.0,0,0.0,0,0.0,2,0.1,0,0.0,,,0,0,,2,Atlanta (GA) 5%; Richmond Hill Ncpc (GA) 5%,2,0.1,4,4,4,14,0.7777777777777778,0.05686438327001331,697.3294117647058,715.8937499999998,224.6705882352941,0.35000000000000003,0.44999999999999996,0.5,0.0,,,,,,,,,0.5,0.0,2,True,misshipping
msbd_2w,msbd_su,2,509876,weikan(wuxi)wangluokejiyouxiangongsi TX 77449,431719,weikan(wuxi)wangluokejiyouxiangongsi,"CA,GA,IL,NJ,TX",5,APS Home Improvement,Asia Supplier Service Desk,TX,Katy,77449,2244 North Mason Road,HOUSTON LOCAL,TX,77433,20,3,7,0.35,0,0.0,0,0.0,0,0.0,0,0.0,7,0.35,0,0.0,,,0,0,,5,South Rialto - Ncpc (CA) 15%; Norcross (GA) 5%; Princeton (NJ) 5%; Romeoville Rsf (IL) 5%; Carson (CA) 5%,0,0.0,20,16,15,5,0.25,-0.6917579524521519,637.4687500000001,1169.0666666666666,976.7699999999999,1.0,0.7000000000000002,1.0,0.5714285714285714,,,,,,,,,1.0,0.5714285714285714,7,True,misshipping
msbd_2w,msbd_su,2,325427,ACT PACKAGING INC NJ 08611,73589,ACT PACKAGING INC,"CA,NJ",2,APS,Nora Yu,NJ,Hamilton,08611,1369 Lamberton Road,ROBBINSVILLE,NJ,8691,20,3,1,0.05,0,0.0,0,0.0,0,0.0,0,0.0,1,0.05,0,0.0,,,0,0,,1,West Rialto (CA) 5%,19,0.95,1,1,1,0,0.0,-1.1429949360983844,931.48125,2666.1,2705.1,0.7499999999999999,0.6500000000000001,1.0,1.0,,,,,,,,,1.0,1.0,1,True,misshipping
msbd_2w,msbd_su,2,507478,Man Xin Liu (Hangzhou) Cross Border E-commerce LTD NJ 08857,156906,Man Xin Liu (Hangzhou) Cross Border E-commerce LTD,"CA,GA,NJ,TX",4,APS Housewares & More,Asia Supplier Service Desk,NJ,Old Bridge,08857,600 Fairway Lane,EAST BRUNSWICK,NJ,8816,20,3,1,0.05,0,0.0,0,0.0,0,0.0,0,0.0,1,0.05,0,0.0,,,0,0,,1,West Savannah  Ncpc (GA) 5%,1,0.05,5,1,1,18,0.9473684210526315,-0.2970149253731344,463.2571428571429,475.3714285714285,48.357894736842105,1.0,0.9499999999999998,1.0,1.0,,,,,,,,,1.0,1.0,1,True,misshipping
msbd_2w,msbd_su,2,332688,KANAS LLC NJ 08831,70240,KANAS LLC,"CA,DE,NJ",3,Casegoods,Zichu Wang,NJ,Monroe,08831,117 Interstate Blvd,PRINCETON,NJ,8810,20,3,1,0.05,0,0.0,0,0.0,0,0.0,0,0.0,1,0.05,0,0.0,,,0,0,,1,Rancho Cucamonga Ncpc (CA) 5%,0,0.0,8,8,1,19,0.95,-1.0672358591248665,714.69375,757.9466666666667,147.52500000000003,1.0,0.9499999999999998,1.0,0.0,,,,,,,,,1.0,0.0,1,True,misshipping
msbd_2w,msbd_su,2,454396,Shenzhenkaibaishikejiyouxiangongsi GA 31322,413446,Shenzhenkaibaishikejiyouxiangongsi,"CA,GA,NJ",3,APS Outdoor,Asia Supplier Service Desk,GA,Pooler,31322,301 CYPRESS MEADOW DR,SAVANNAH LOCAL,GA,31408,20,3,3,0.15,0,0.0,0,0.0,2,0.1,0,0.0,1,0.05,0,0.0,,,0,0,,1,Diamond Bar Rsf (CA) 5%,1,0.05,19,3,3,16,0.8421052631578947,0.21181016941492295,1133.9,1031.64375,166.2157894736842,0.7000000000000001,0.5499999999999999,0.6666666666666667,0.33333333333333337,,,,,0.5,0.0,,,1.0,1.0,3,True,misshipping
msbd_2w,msbd_su,2,79105,Zoxou Inc. TN 38115,30987,FlexiSpot Inc,"CA,GA,IL,NJ,PA,SC,TN,TX",8,APS,Fiona Jiang,TN,Memphis,38115,5625 Challenge Dr,OLIVE BRANCH LOCAL,MS,38654,20,3,1,0.05,0,0.0,0,0.0,0,0.0,0,0.0,1,0.05,0,0.0,,,0,0,,1,Houston (TX) 5%,1,0.05,18,3,3,16,0.8421052631578947,-0.008947174898884752,626.5,653.4176470588236,180.28333333333336,0.9499999999999998,0.8499999999999999,1.0,1.0,,,,,,,,,1.0,1.0,1,True,misshipping
