lookback_window,timebase,lookback_weeks,supplier_id,su_name,parent_suid,parent_su_name,parent_warehouse_states,n_parent_warehouse_states,sto,srm_contact,own_state,city_name,postal_code,address_1,assigned_induction_hub_name,assigned_station_state,assigned_station_zip,total_vol,weeks_with_vol,candidate_vol,candidate_share,direct_vol,direct_share,sparse_far_vol,sparse_far_share,jumbo_vol,jumbo_share,ghost_vol,ghost_share,misshipping_vol,misshipping_share,weeks_with_direct,pct_weeks_with_direct,direct_by_week,top_direct_hubs,n_ghost_hubs,ghost_hub_vol,ghost_hubs,n_misshipping_hubs,misshipping_hubs,missing_actual_hub_vol,missing_actual_hub_share,hub_mismatch_vol,state_mismatch_vol,far_hub_vol,within_200_vol,pct_within_200_of_assigned,avg_gain_on_candidate,avg_dist_assignedhub_customer,avg_dist_actualhub_customer,avg_dist_assignedhub_actualhub,ifr,delivery_rel,ifr_candidate,delivery_rel_candidate,ifr_direct,delivery_rel_direct,ifr_sparse_far,delivery_rel_sparse_far,ifr_jumbo,delivery_rel_jumbo,ifr_ghost,delivery_rel_ghost,ifr_misshipping,delivery_rel_misshipping,candidate_bucket_sum,candidate_partition_ok,direct_cohort
pdd_10w,promised_delivery_end_range_date_at_order,10,34657,Unique Loom SC29707,20901,Unique Loom,"CA,SC",2,Rugs,Alex Resnick,SC,Fort Mill,29707,793 Fort Mill Highway,FORT MILL,SC,29708,40536,11,2757,0.06801361752516281,116,0.0028616538385632523,750,0.018502072232089994,108,0.0026642984014209592,0,0.0,1783,0.04398559305308861,3,0.2727272727272727,2026-06-07: 1; 2026-06-14: 113; 2026-07-05: 2,Chicago (IL) 0%,0,0,,7,Fresno (CA) 4%; Rialto (CA) 0%; Tracy (CA) 0%; Stockton Rsf (CA) 0%; Sacramento (CA) 0%,288,0.007104795737122558,4335,4104,3684,36564,0.9084675014907573,0.735236398730759,803.3571783202301,663.1010234859516,168.46530689472516,0.8849417801460427,0.8622212354450367,0.7834602829162132,0.8531011969532095,0.4482758620689656,0.689655172413793,0.5173333333333332,0.6453333333333328,0.4629629629629629,0.6574074074074072,,,0.9366236679753227,0.9629837352776213,2757,True,sometimes_builds_directs
pdd_10w,promised_delivery_end_range_date_at_order,10,237104,Devion Furniture,58079,Devion Furniture_1,CA,1,APS,Sean Xu,CA,Ontario,91761,4422 E Airport Drive,CHINO LOCAL,CA,91710,34540,11,2099,0.06077012159814708,577,0.016705269253039955,1192,0.034510712217718585,330,0.009554140127388535,0,0.0,0,0.0,2,0.18181818181818182,2026-06-14: 140; 2026-06-21: 437,Williamsburg Ncpc (FL) 0%; Hagerstown (MD) 0%; Marietta (GA) 0%; Metuchen (NJ) 0%,0,0,,0,,94,0.0027214823393167343,34441,2436,2731,31715,0.9207164837717007,0.9337782730319139,1915.3032701160012,1781.3332209990292,156.19984607341988,0.9141574985524028,0.8869426751592359,0.9456884230585995,0.913768461171987,0.934142114384749,0.9202772963604848,0.9496644295302024,0.9001677852348992,0.9515151515151513,0.9515151515151516,,,,,2099,True,sometimes_builds_directs
pdd_10w,promised_delivery_end_range_date_at_order,10,59806,DesignArt Inc. NY,22180,DesignArt Inc.,NY,1,Decor,Maxwell Threlkeld,NY,Champlain,12919,156 Lawrence Paquette Dr,PLATTSBURGH,NY,12901,34288,11,1631,0.047567662155856276,292,0.008516098926738217,1013,0.029543863742417173,326,0.009507699486700886,0,0.0,0,0.0,7,0.6363636363636364,2026-06-14: 135; 2026-06-21: 149; 2026-06-28: 1; 2026-07-12: 1; 2026-07-19: 2; 2026-07-26: 1; 2026-08-09: 3,Orlando (FL) 1%; Marietta (GA) 0%; Plattsburgh (NY) 0%,0,0,,0,,444,0.012949136724218385,2327,2087,2026,31818,0.940137099633613,0.8204219997410838,1401.9807307863157,1319.6046132719741,77.19157122405163,0.9014815678954734,0.885615958936071,0.9497240956468427,0.8786020846106688,0.9691780821917803,0.9280821917808217,0.9555774925962479,0.927936821322805,0.9141104294478526,0.6809815950920245,,,,,1631,True,sometimes_builds_directs
pdd_10w,promised_delivery_end_range_date_at_order,10,223799,Safavieh Texas,381,Safavieh,"CA,GA,IN,NJ,NY,PA,TX",7,Rugs,Alex Resnick,TX,Baytown,77523,3200 S Farm to Market 565 Rd,BAYTOWN,TX,77521,31544,11,1608,0.05097641389804717,92,0.002916560994166878,448,0.014202383971595232,322,0.010207963479584073,0,0.0,746,0.02364950545270099,9,0.8181818181818182,2026-06-07: 3; 2026-06-14: 63; 2026-06-21: 8; 2026-06-28: 3; 2026-07-12: 2; 2026-07-19: 2; 2026-07-26: 6; 2026-08-02: 4; 2026-08-09: 1,Ocala (FL) 0%; Baytown (TX) 0%,0,0,,32,Rialto (CA) 1%; Tracy (CA) 0%; North  Indianapolis (IN) 0%; Richmond Hill Ncpc (GA) 0%; Woodbridge (NJ) 0%,320,0.01014455997971088,5924,1925,2003,29221,0.9358506277222649,0.6601804721796755,905.3810027138989,855.1713193871335,86.93336575244768,0.8125475526249037,0.8201559726096895,0.817786069651741,0.8432835820895526,0.8586956521739131,0.8586956521739131,0.8571428571428568,0.852678571428571,0.8664596273291924,0.7919254658385095,,,0.7680965147453079,0.8579088471849864,1608,True,sometimes_builds_directs
pdd_10w,promised_delivery_end_range_date_at_order,10,110022,Loloi Rugs TX 75241,1452,Loloi Rugs,"GA,TX",2,Rugs,Alex Melius,TX,Dallas,75241,4130 Port Boulevard,DALLAS LOCAL,TX,75141,30026,11,1099,0.03660161193632185,353,0.01175647771930993,441,0.014687271031772463,252,0.00839272630386998,0,0.0,53,0.0017651368813694798,5,0.45454545454545453,2026-06-14: 311; 2026-06-21: 37; 2026-07-05: 3; 2026-07-26: 1; 2026-08-09: 1,Rialto (CA) 0%; Tracy (CA) 0%; Portland (OR) 0%; South Dallas Rsf (TX) 0%,0,0,,4,South Atlanta Ncpc (GA) 0%; Atlanta (GA) 0%; Savannah (GA) 0%; South Atlanta Rsf (GA) 0%,135,0.004496103377073203,29887,1600,1508,28383,0.9495500317821418,0.8570946154144627,986.6497824159877,952.2267284607207,71.85238079191254,0.9388196896023447,0.8623193232531803,0.8444040036396722,0.7406733393994549,0.8810198300283284,0.8385269121813034,0.8594104308390028,0.7210884353741492,0.8571428571428574,0.6904761904761907,,,0.41509433962264153,0.49056603773584917,1099,True,sometimes_builds_directs
pdd_10w,promised_delivery_end_range_date_at_order,10,127095,Home Design Inc IN 46982,40861,Home Design Inc,IN,1,Casegoods,Zichu Wang,IN,Silver Lake,46982,505 E Main Street,KOKOMO,IN,46901,23998,11,137,0.005708809067422285,27,0.0011250937578131512,101,0.004208684057004751,9,0.0003750312526043837,0,0.0,0,0.0,2,0.18181818181818182,2026-06-14: 25; 2026-06-21: 2,Dallas (TX) 0%,0,0,,0,,120,0.005000416701391783,23875,1115,617,23261,0.9741603149342491,0.8714107047485053,881.6974158765565,746.186334824758,464.2584682440846,0.9499958329860828,0.8735311275939656,0.9489051094890515,0.7299270072992698,1.0,0.7037037037037038,0.9306930693069306,0.7524752475247524,1.0,0.5555555555555556,,,,,137,True,sometimes_builds_directs
pdd_10w,promised_delivery_end_range_date_at_order,10,14129,nuLOOM NJ 08512,5468,nuLOOM,"CA,NJ",2,Rugs,Brianna Barrett,NJ,Cranbury,08512,286 Prospect Plains Road,PRINCETON,NJ,8810,23077,11,868,0.03761320795597348,134,0.005806647311175629,589,0.025523248255839147,110,0.004766650777830741,0,0.0,35,0.001516661611127963,3,0.2727272727272727,2026-06-07: 1; 2026-06-14: 116; 2026-06-21: 17,Williamsburg Ncpc (FL) 1%,0,0,,6,Rialto (CA) 0%; Tracy (CA) 0%; Sacramento (CA) 0%; West Rialto (CA) 0%; Rialto Local (CA) 0%,839,0.03635654547818174,22236,1008,935,21303,0.9579548520550409,0.8656253539327424,828.3690445430552,783.0907067177632,63.47432561524842,0.9325735580881405,0.9120769597434678,0.9723502304147468,0.8986175115207371,0.9925373134328358,0.9776119402985075,0.9847198641765706,0.9015280135823426,0.9727272727272726,0.8999999999999997,,,0.6857142857142857,0.5428571428571429,868,True,sometimes_builds_directs
pdd_10w,promised_delivery_end_range_date_at_order,10,100229,Zgear LLC TX 75247,48773,VelvetCraft Furniture LLC,TX,1,APS Home Improvement,Hernando Xia,TX,Dallas,75247,999 Regal Row,WEST DALLAS,TX,75211,20155,11,769,0.03815430414289258,88,0.004366162242619698,529,0.026246588935747953,152,0.007541552964524932,0,0.0,0,0.0,5,0.45454545454545453,2026-06-07: 1; 2026-06-14: 81; 2026-06-21: 2; 2026-07-19: 2; 2026-07-26: 2,Ocala (FL) 0%; Lehigh Valley (PA) 0%; Irving (TX) 0%,0,0,,0,,247,0.012255023567353014,19906,1208,1157,18751,0.9418826602370907,0.8545712748378923,1034.5730789790214,943.969347562035,84.40612090298484,0.9724634085834772,0.9238402381543043,0.9674902470741217,0.8868660598179451,0.9545454545454544,0.875,0.9716446124763705,0.9035916824196599,0.9605263157894738,0.8355263157894739,,,,,769,True,sometimes_builds_directs
pdd_10w,promised_delivery_end_range_date_at_order,10,302342,Westin Outdoor GA 31320,39357,Westin Outdoor,"CA,GA",2,Outdoor Furniture,Isha Singh,GA,Midway ,31320,84 ML Coffer CT,SAVANNAH LOCAL,GA,31408,19962,11,958,0.047991183248171525,179,0.00896703737100491,389,0.019487025348161508,247,0.012373509668369902,0,0.0,143,0.007163610860635207,8,0.7272727272727273,2026-06-07: 1; 2026-06-14: 141; 2026-06-21: 30; 2026-07-05: 1; 2026-07-19: 1; 2026-07-26: 2; 2026-08-02: 1; 2026-08-09: 2,Hagerstown (MD) 0%; Toledo (OH) 0%; Portland (OR) 0%; Lehigh Valley (PA) 0%; Richmond Hill Ncpc (GA) 0%,0,0,,14,Stockton Rsf (CA) 0%; South Rialto - Ncpc (CA) 0%; Rialto (CA) 0%; San Diego (CA) 0%; Bell - Hd (CA) 0%,130,0.00651237350966837,19817,1575,1527,18305,0.9230032271077048,0.8390328338417233,1015.0666251125411,914.1531707317079,108.000601295097,0.9152890491934677,0.9025147780783486,0.749478079331941,0.8549060542797497,0.7486033519553071,0.9273743016759778,0.7120822622107972,0.8611825192802061,0.7611336032388664,0.7530364372469632,,,0.832167832167832,0.9230769230769231,958,True,sometimes_builds_directs
pdd_10w,promised_delivery_end_range_date_at_order,10,136894,Sanders Collection NJ 10913,17662,Sanders Collection,"CA,NY",2,Soft Home,Benjamin Hannigan,NY,Blauvelt,10913,21 Glenshaw Street,SPRING VALLEY,NY,10913,19610,11,794,0.040489546149923505,131,0.006680265170831209,349,0.017797042325344212,168,0.008567057623661398,0,0.0,146,0.0074451810300866905,5,0.45454545454545453,2026-06-07: 1; 2026-06-14: 120; 2026-06-21: 6; 2026-07-05: 1; 2026-07-19: 3,Dallas (TX) 0%; Orlando (FL) 0%; Spring Valley (NY) 0%,0,0,,7,Rialto (CA) 0%; Sacramento (CA) 0%; Chino (CA) 0%; West Rialto (CA) 0%; Sacramento Local (CA) 0%,134,0.006833248342682305,1270,1105,957,18519,0.9508626001232285,0.8050312970869831,1102.0200633776547,1042.699856052074,82.32198592569598,0.9852116267210618,0.9049464558898528,0.9596977329974811,0.8261964735516376,1.0,0.8702290076335875,0.9713467048710605,0.8567335243553008,0.9702380952380956,0.7857142857142864,,,0.8835616438356166,0.7602739726027392,794,True,sometimes_builds_directs
pdd_10w,promised_delivery_end_range_date_at_order,10,35142,Tayse Rugs GA 30701,5250,Tayse Rugs,GA,1,Rugs,Brianna Barrett,GA,Calhoun,30701,501 Richardson Road,EAST CHATTANOOGA,TN,37363,16663,11,808,0.048490667946948326,242,0.014523195102922644,442,0.026525835683850446,124,0.007441637160175239,0,0.0,0,0.0,3,0.2727272727272727,2026-06-07: 1; 2026-06-14: 219; 2026-06-21: 22,Chicago (IL) 0%; Ocala (FL) 0%; Woodbridge (NJ) 0%; Rialto (CA) 0%; Lehigh Valley (PA) 0%,0,0,,0,,69,0.0041409110004200925,1378,1223,1107,15487,0.9332891406532482,0.8643839526602634,876.732789504668,809.2568456375853,64.64782210275526,0.8188801536337978,0.8096981335893915,0.6027227722772276,0.6646039603960407,0.5785123966942156,0.636363636363636,0.6085972850678737,0.6719457013574665,0.6290322580645162,0.6935483870967741,,,,,808,True,sometimes_builds_directs
pdd_10w,promised_delivery_end_range_date_at_order,10,34809,Safavieh GA31407 B,381,Safavieh,"CA,GA,IN,NJ,NY,PA,TX",7,Rugs,Alex Resnick,GA,Savannah,31407,455 Jimmy DeLoach Pkwy,SAVANNAH LOCAL,GA,31408,15842,11,648,0.04090392627193536,63,0.003976770609771494,229,0.014455245549804317,116,0.007322307789420527,0,0.0,240,0.015149602322939023,9,0.8181818181818182,2026-06-07: 7; 2026-06-14: 4; 2026-06-21: 3; 2026-06-28: 8; 2026-07-05: 14; 2026-07-12: 9; 2026-07-19: 7; 2026-07-26: 10; 2026-08-02: 1,West Savannah  Ncpc (GA) 0%,0,0,,29,Lehigh Valley (PA) 0%; North  Indianapolis (IN) 0%; Woodbridge (NJ) 0%; Metuchen (NJ) 0%; West Dallas Ncpc (TX) 0%,112,0.007069814417371544,15721,933,950,14780,0.9396058486967578,0.6694745664428094,659.4971709090918,621.7950313211833,63.169121371517726,0.8987501578083599,0.8694609266506766,0.8966049382716053,0.8503086419753096,0.873015873015873,0.8253968253968255,0.9956331877729255,0.8689956331877726,0.939655172413793,0.810344827586207,,,0.7875000000000001,0.8583333333333328,648,True,sometimes_builds_directs
pdd_10w,promised_delivery_end_range_date_at_order,10,30825,Trademark Global Oh44053,1093,Trademark Global,OH,1,Casegoods,Karolina Coulter,OH,LORAIN,44053,7951 West Erie Avenue,CLEVELAND,OH,44286,15447,11,350,0.022658121318055287,125,0.008092186185019746,139,0.008998511037741956,86,0.005567424095293584,0,0.0,0,0.0,6,0.5454545454545454,2026-06-14: 105; 2026-06-21: 15; 2026-06-28: 1; 2026-07-12: 1; 2026-07-26: 2; 2026-08-09: 1,Rialto (CA) 0%; Ocala (FL) 0%; Woodbridge (NJ) 0%; Cleveland (OH) 0%,0,0,,0,,110,0.007121123842817376,1239,928,643,14694,0.9580752428767034,0.7054597610244006,988.3814607410911,908.0970018885744,49.647115769795754,0.9790250534084288,0.9122159642649059,0.8942857142857146,0.7828571428571429,0.9679999999999997,0.8080000000000002,0.9568345323741008,0.8417266187050355,0.6860465116279069,0.6511627906976745,,,,,350,True,sometimes_builds_directs
pdd_10w,promised_delivery_end_range_date_at_order,10,350373,York Wallcoverings PA 17408,5821,York Wallcoverings,"OH,PA",2,Decor,Maxwell Threlkeld,PA,York,17408,2075 Loucks Road,HARRISBURG LOCAL,PA,17339,15411,11,2073,0.13451430796184544,47,0.0030497696450587242,280,0.018168840438647717,59,0.003828434235286484,0,0.0,1687,0.1094672636428525,3,0.2727272727272727,2026-06-14: 7; 2026-06-21: 39; 2026-06-28: 1,Rialto (CA) 0%,0,0,,2,Columbus (OH) 11%; Groveport  (OH) 0%,461,0.029913698007916423,9306,5819,5494,9456,0.6325083612040133,0.3511097034670335,945.679598838743,825.9087102552623,183.3986866533728,0.8220102524171057,0.826228018947504,0.9054510371442358,0.9006271104679211,0.978723404255319,0.7872340425531916,0.9607142857142854,0.9249999999999998,0.9661016949152544,0.8644067796610168,,,0.8921161825726136,0.9010077059869591,2073,True,sometimes_builds_directs
pdd_10w,promised_delivery_end_range_date_at_order,10,149929,Dalyn Rugs GA,279,Dalyn Rugs,GA,1,Rugs,Alex Resnick,GA,Dalton,30720,2201 Industrial South Road,EAST CHATTANOOGA,TN,37363,14753,11,650,0.04405883549108656,136,0.009218464041211957,424,0.028739917304954926,90,0.006100454144919678,0,0.0,0,0.0,3,0.2727272727272727,2026-06-14: 46; 2026-06-21: 89; 2026-06-28: 1,Rialto (CA) 0%; Tracy (CA) 0%; Lehigh Valley (PA) 0%,0,0,,0,,186,0.012607605232834,969,888,826,13741,0.9432964920711197,0.8780052336055701,912.7908289555685,849.6904804429365,61.63937024221441,0.8218667389683435,0.8257981427506264,0.5400000000000001,0.6215384615384607,0.5808823529411763,0.6397058823529412,0.5070754716981127,0.6108490566037736,0.6333333333333332,0.6444444444444447,,,,,650,True,sometimes_builds_directs
pdd_10w,promised_delivery_end_range_date_at_order,10,325564,SLM GA3,58041,YISHANG TRADE INC,"CA,GA,NJ,TX",4,APS Outdoor,Melody Lu,GA,Savannah,31407,150 Portside Ct,SAVANNAH LOCAL,GA,31408,14571,11,725,0.04975636538329559,61,0.0041863976391462495,296,0.02031432297028344,125,0.0085786836867751,0,0.0,243,0.016676961087090797,7,0.6363636363636364,2026-06-07: 2; 2026-06-14: 36; 2026-06-21: 3; 2026-06-28: 2; 2026-07-05: 5; 2026-07-12: 6; 2026-07-19: 7,Toledo (OH) 0%; Richmond Hill Ncpc (GA) 0%,0,0,,25,East Brunswick (NJ) 1%; Metuchen (NJ) 0%; Sugar Land (TX) 0%; West Dallas Ncpc (TX) 0%; Chino Hills Ncpc (CA) 0%,21,0.001441218859378217,14545,1543,1515,13035,0.8958762886597939,0.5749050316047515,675.0596551120473,615.0546521374703,95.22928073925931,0.9407727678265054,0.9100267654931016,0.8689655172413798,0.8537931034482746,0.9180327868852457,0.8852459016393441,0.908783783783784,0.902027027027027,0.8800000000000001,0.8799999999999998,,,0.8024691358024691,0.7736625514403292,725,True,sometimes_builds_directs
pdd_10w,promised_delivery_end_range_date_at_order,10,287737,Safavieh CA 95363,381,Safavieh,"CA,GA,IN,NJ,NY,PA,TX",7,Rugs,Alex Resnick,CA,Patterson,95363,400 Rogers Road,TRACY LOCAL,CA,95377,13960,11,642,0.045988538681948424,23,0.0016475644699140402,326,0.02335243553008596,145,0.010386819484240688,0,0.0,148,0.010601719197707736,9,0.8181818181818182,2026-06-07: 3; 2026-06-14: 1; 2026-06-21: 1; 2026-06-28: 2; 2026-07-05: 1; 2026-07-12: 7; 2026-07-19: 2; 2026-07-26: 5; 2026-08-02: 1,Tracy (CA) 0%,0,0,,18,Woodbridge (NJ) 0%; North  Indianapolis (IN) 0%; Lehigh Valley (PA) 0%; Fort Worth (TX) 0%; Houston (TX) 0%,190,0.013610315186246419,13755,739,860,12910,0.9375453885257807,0.6433073544735216,1100.7882002383772,1025.484084745765,112.87198231392776,0.9093839541547278,0.8856733524355308,0.8302180685358252,0.7725856697819317,1.0,0.9130434782608694,0.806748466257668,0.7730061349693254,0.8827586206896548,0.6344827586206896,,,0.8040540540540541,0.8851351351351352,642,True,sometimes_builds_directs
pdd_10w,promised_delivery_end_range_date_at_order,10,12590,Liberty Hardware Manufacturing Corp. NC 27107,12579,Liberty Hardware Manufacturing Corp.,"CA,NC",2,Hardware,Matt Bartolucci,NC,Winston Salem,27107,140 Business Park Drive,GREENSBORO LOCAL,NC,27284,13937,11,801,0.05747291382650499,176,0.012628255722178374,369,0.02647628614479443,213,0.01528305948195451,0,0.0,43,0.0030853124775776708,8,0.7272727272727273,2026-06-07: 8; 2026-06-14: 87; 2026-06-21: 64; 2026-06-28: 4; 2026-07-12: 1; 2026-07-19: 5; 2026-07-26: 4; 2026-08-09: 3,Las Vegas (NV) 0%; Chicago (IL) 0%; Orlando (FL) 0%; Lebanon Rsf (TN) 0%; Greensboro (NC) 0%,0,0,,4,Tracy (CA) 0%; West Rialto (CA) 0%; Modesto (CA) 0%; Rialto (CA) 0%,258,0.018511874865466026,13659,1248,1163,12516,0.9149791651436509,0.7710580533736274,966.5116515936433,902.2202249196722,77.84410979228483,0.88039032790414,0.906507856784101,0.7440699126092384,0.8214731585518098,0.8465909090909087,0.8750000000000001,0.7669376693766942,0.8672086720867206,0.6244131455399058,0.6807511737089207,,,0.7209302325581395,0.9069767441860465,801,True,sometimes_builds_directs
pdd_10w,promised_delivery_end_range_date_at_order,10,186459,Revman International UT 84074,1748,Revman International,"SC,UT",2,Soft Home,Missy Paragamian,UT,Grantsville,84074,353 South Sheep Lane,MAGNA LOCAL,UT,84044,13893,11,283,0.020369970488735335,34,0.0024472756064204994,156,0.011228676311811703,93,0.006694018570503131,0,0.0,0,0.0,9,0.8181818181818182,2026-06-07: 2; 2026-06-14: 4; 2026-06-21: 2; 2026-06-28: 3; 2026-07-05: 6; 2026-07-12: 6; 2026-07-19: 1; 2026-07-26: 8; 2026-08-02: 2,Magna (UT) 0%,0,0,,0,,130,0.009357230259843086,13753,870,490,13273,0.9643972971009228,0.5111153274262409,975.6763254371126,914.8817056204773,51.625286581254215,0.9672496940905491,0.9036205283236164,0.9893992932862191,0.7879858657243821,1.0,0.9411764705882353,1.0,0.9487179487179483,0.9677419354838709,0.4623655913978494,,,,,283,True,sometimes_builds_directs
pdd_10w,promised_delivery_end_range_date_at_order,10,242993,"Haomaijia Technology (Shenzhen) Co., LTD GA 30519",58624,EBELLO HOME INC_1,"CA,GA,NJ,TX",4,APS,Sean Xu,GA,Buford,30519,2961 Gravel Springs Rd,BRASELTON,GA,30517,13808,11,1080,0.07821552723059096,226,0.016367323290845885,223,0.01615005793742758,537,0.038890498261877175,0,0.0,94,0.0068076477404403245,8,0.7272727272727273,2026-06-07: 2; 2026-07-05: 11; 2026-07-12: 17; 2026-07-19: 7; 2026-07-26: 62; 2026-08-02: 31; 2026-08-09: 69; 2026-08-16: 27,South Atlanta Ncpc (GA) 1%; Chattanooga (TN) 0%; Olive Branch (MS) 0%; Braselton (GA) 0%; Norcross (GA) 0%,0,0,,13,Chino (CA) 0%; Aldine Rsf (TX) 0%; Metuchen (NJ) 0%; Stockton Rsf (CA) 0%; Dallas (TX) 0%,74,0.005359212050984936,13176,6524,1404,12330,0.8977719528178244,0.4368475305952687,790.1927469135801,731.4044164037826,166.21273248548087,0.7826622247972193,0.8248117033603702,0.5935185185185173,0.7083333333333329,0.8097345132743361,0.8407079646017699,0.5470852017937221,0.8565022421524665,0.506517690875233,0.5661080074487894,,,0.6808510638297868,0.851063829787234,1080,True,sometimes_builds_directs
pdd_10w,promised_delivery_end_range_date_at_order,10,119437,Aosom LLC CA 92374,5725,Aosom LLC,"CA,GA,NJ",3,APS Outdoor,Amber Xiang,CA,Redlands,92374,2220 Almond Ave,WEST RIALTO,CA,92316,13297,11,903,0.06791005489960142,107,0.008046927878468828,474,0.03564713845228247,228,0.01714672482514853,0,0.0,94,0.0070692637437015865,8,0.7272727272727273,2026-06-07: 2; 2026-06-14: 66; 2026-06-21: 23; 2026-07-05: 7; 2026-07-12: 3; 2026-07-19: 4; 2026-08-02: 1; 2026-08-09: 1,Hagerstown (MD) 0%; Portland (OR) 0%; Rialto (CA) 0%; Aurora (CO) 0%,0,0,,8,Metuchen (NJ) 0%; Marietta (GA) 0%; Savannah (GA) 0%; Savannah Local (GA) 0%; Atlanta (GA) 0%,78,0.005865984808603444,12899,1041,1106,12113,0.9163325516302292,0.9056156752184199,1262.2297034898986,1146.8375411440286,154.05412641667283,0.9928555313228546,0.9242686320222596,0.9900332225913611,0.9136212624584721,1.0,0.8691588785046731,0.9915611814345989,0.9198312236286916,0.9824561403508771,0.9254385964912282,,,0.9893617021276597,0.9042553191489362,903,True,sometimes_builds_directs
pdd_10w,promised_delivery_end_range_date_at_order,10,8678,Linon NC 27288,405,Linon,"CA,NC",2,Casegoods,Connor Henderson,NC,Eden,27288,136 Gant Rd,ELON,NC,27377,13245,11,500,0.03775009437523594,38,0.002869007172517931,295,0.022272555681389205,135,0.010192525481313703,0,0.0,32,0.0024160060400151002,9,0.8181818181818182,2026-06-07: 2; 2026-06-14: 2; 2026-06-21: 2; 2026-07-05: 6; 2026-07-12: 2; 2026-07-19: 6; 2026-07-26: 1; 2026-08-02: 9; 2026-08-09: 8,Elon (NC) 0%; Greensboro (NC) 0%,0,0,,4,Tracy (CA) 0%; South Rialto - Ncpc (CA) 0%; Rialto (CA) 0%; Oceanside (CA) 0%,116,0.008758021895054738,4352,854,829,12300,0.9368573387158199,0.5154684393475019,752.2200474261433,718.4701513067396,65.2650366371,0.8408456021140056,0.8446961117402791,0.7479999999999998,0.7339999999999997,0.8684210526315789,0.6842105263157896,0.6915254237288135,0.8271186440677962,0.837037037037037,0.6000000000000002,,,0.7499999999999999,0.49999999999999994,500,True,sometimes_builds_directs
pdd_10w,promised_delivery_end_range_date_at_order,10,85184,Aosom LLC GA30294,5725,Aosom LLC,"CA,GA,NJ",3,APS Outdoor,Amber Xiang,GA,Ellenwood,30294,4178 E Tanners Church Rd,ATLANTA LOCAL,GA,30294,12265,11,1639,0.1336322869955157,39,0.0031797798613942114,268,0.02185079494496535,120,0.00978393803505911,0,0.0,1212,0.09881777415409702,3,0.2727272727272727,2026-06-14: 37; 2026-06-21: 1; 2026-08-09: 1,Williamsburg Ncpc (FL) 0%,0,0,,10,Robbinsville (NJ) 8%; Rialto (CA) 1%; Stockton Rsf (CA) 0%; Metuchen (NJ) 0%; Chino (CA) 0%,55,0.004484304932735426,12207,1960,1934,10276,0.8416052416052416,0.18680076907466173,702.2654316447557,664.0205822172611,148.2513858047541,0.9652670199755401,0.8869955156950666,0.9823062843197079,0.8865161683953634,1.0,0.9743589743589741,0.988805970149254,0.8955223880597016,0.8499999999999998,0.7083333333333334,,,0.9933993399339931,0.8993399339934006,1639,True,sometimes_builds_directs
pdd_10w,promised_delivery_end_range_date_at_order,10,42121,Creative Co-Op TN,8950,Creative Co-Op,TN,1,Decor,Robert Williams,TN,Memphis,38141,6000 Freeport Ave,OLIVE BRANCH LOCAL,MS,38654,11944,11,414,0.03466175485599464,98,0.008204956463496315,222,0.01858673811118553,94,0.007870060281312792,0,0.0,0,0.0,6,0.5454545454545454,2026-06-14: 79; 2026-06-21: 12; 2026-07-12: 1; 2026-07-19: 2; 2026-07-26: 2; 2026-08-02: 2,Metuchen (NJ) 0%; Rialto (CA) 0%; Memphis (TN) 0%,0,0,,0,,37,0.003097789685197589,11906,11905,535,11372,0.9550684471319392,0.8547496686968095,967.2537941034319,927.0643852585939,68.6482109860573,0.9952277294038838,0.9171131949095775,0.9879227053140096,0.9106280193236712,0.9897959183673468,0.9693877551020411,0.9864864864864865,0.9099099099099096,0.9893617021276597,0.8510638297872338,,,,,414,True,sometimes_builds_directs
pdd_10w,promised_delivery_end_range_date_at_order,10,282299,Chew Street PA 19120,9367,Elegant Lighting,PA,1,Plumbing,Maddie Miller,PA,Philadelphia,19120,327 E Chew Ave ,PHILADELPHIA,PA,19154,11729,11,450,0.038366442151931114,105,0.008952169835450592,282,0.02404297041521016,63,0.005371301901270355,0,0.0,0,0.0,3,0.2727272727272727,2026-06-14: 78; 2026-06-21: 26; 2026-08-02: 1,Rialto (CA) 1%; Dallas (TX) 0%; King Of Prussia (PA) 0%,0,0,,0,,119,0.010145792480177338,11586,555,484,11126,0.9583118001722652,0.868278310672935,1203.8136549287985,1007.2393960098407,93.10792661516844,0.9503794014835008,0.8934265495779694,0.9200000000000002,0.7844444444444444,0.9142857142857143,0.7714285714285716,0.9148936170212765,0.7872340425531921,0.9523809523809522,0.7936507936507937,,,,,450,True,sometimes_builds_directs
pdd_10w,promised_delivery_end_range_date_at_order,10,10983,JLA Home GA 31407 - SV3,1987,JLA Home,"CA,GA",2,Soft Home,Missy Paragamian,GA,Port Wentworth,31407,311 International Trade Pkwy,SAVANNAH LOCAL,GA,31408,11634,11,642,0.05518308406395049,76,0.006532576929688843,362,0.031115695375623174,157,0.013494928657383531,0,0.0,47,0.004039883101254942,9,0.8181818181818182,2026-06-07: 1; 2026-06-14: 41; 2026-06-21: 5; 2026-06-28: 2; 2026-07-05: 3; 2026-07-12: 2; 2026-07-19: 4; 2026-07-26: 14; 2026-08-09: 4,Chicago (IL) 0%; Savannah (GA) 0%,0,0,,7,Rialto (CA) 0%; Sacramento (CA) 0%; Tracy (CA) 0%; San Francisco (CA) 0%; Rialto Local (CA) 0%,55,0.004727522778064294,11533,874,871,10708,0.9247776146472062,0.7824130635240563,891.9469778272736,837.8554731171865,84.86880319610914,0.8108990888774296,0.804710331786143,0.7274143302180679,0.7289719626168224,0.5789473684210527,0.7894736842105264,0.7375690607734803,0.7209944751381211,0.7324840764331211,0.6815286624203823,,,0.8723404255319146,0.851063829787234,642,True,sometimes_builds_directs
pdd_10w,promised_delivery_end_range_date_at_order,10,63140,Trademark Global OH 44053,1093,Trademark Global,OH,1,Casegoods,Karolina Coulter,OH,LORAIN,44053,5933 Baumhart Rd,CLEVELAND,OH,44286,11524,11,247,0.02143353002429712,44,0.0038181187087816732,164,0.01423116973273169,39,0.003384241582783756,0,0.0,0,0.0,4,0.36363636363636365,2026-06-14: 30; 2026-06-21: 10; 2026-07-12: 1; 2026-07-26: 3,Rialto (CA) 0%; Cleveland (OH) 0%,0,0,,0,,88,0.0076362374175633465,748,651,456,10980,0.9601259181532005,0.7958261057719138,1027.2732539682522,942.1225503985006,45.61561268362601,0.9843804234640763,0.9247657063519618,0.9595141700404862,0.8299595141700404,0.9772727272727271,0.6590909090909091,0.9695121951219513,0.8963414634146342,0.8974358974358974,0.7435897435897435,,,,,247,True,sometimes_builds_directs
pdd_10w,promised_delivery_end_range_date_at_order,10,2245,Blazing Needles,2245,Blazing Needles,TX,1,Outdoor Furniture,Isha Singh,TX,Fort Worth,76111,401 North Beach Street,FORT WORTH LOCAL,TX,76119,11302,11,459,0.040612281012210226,176,0.015572465050433552,195,0.017253583436559902,88,0.007786232525216776,0,0.0,0,0.0,8,0.7272727272727273,2026-06-07: 4; 2026-06-14: 123; 2026-06-21: 37; 2026-07-12: 2; 2026-07-19: 2; 2026-07-26: 6; 2026-08-02: 1; 2026-08-09: 1,Rialto (CA) 0%; Hagerstown (MD) 0%; Woodbridge (NJ) 0%; Tracy (CA) 0%; South Dallas Rsf (TX) 0%,0,0,,0,,75,0.006635993629446116,11221,918,738,10489,0.9342656096909236,0.8704101723967551,1166.9174938725496,1080.5001675228955,120.36287844349484,0.996814723057864,0.8435675101751887,0.9978213507625279,0.723311546840958,1.0,0.6931818181818178,1.0,0.7435897435897438,0.9886363636363639,0.7386363636363635,,,,,459,True,sometimes_builds_directs
pdd_10w,promised_delivery_end_range_date_at_order,10,39837,Kingston CA,2940,Kingston,CA,1,Plumbing,Julia Johnson,CA,Chino,91710,12775 Reservoir St,CHINO LOCAL,CA,91710,11075,11,692,0.062483069977426635,231,0.02085778781038375,320,0.028893905191873587,141,0.0127313769751693,0,0.0,0,0.0,6,0.5454545454545454,2026-06-07: 1; 2026-06-14: 89; 2026-06-21: 138; 2026-07-12: 1; 2026-07-26: 1; 2026-08-09: 1,Woodbridge (NJ) 0%; Marietta (GA) 0%; Hagerstown (MD) 0%; Houston (TX) 0%; Fort Worth (TX) 0%,0,0,,0,,534,0.04821670428893905,10537,852,892,9649,0.9153780476235651,0.9283211601538917,1770.5298723697836,1640.1277985948468,179.05241720593767,0.978058690744919,0.9218058690744926,0.9653179190751444,0.920520231213872,0.9740259740259741,0.9783549783549788,0.9718749999999999,0.890625,0.9361702127659571,0.8936170212765957,,,,,692,True,sometimes_builds_directs
pdd_10w,promised_delivery_end_range_date_at_order,10,63689,Surya CA 93725,291,Surya,"CA,GA",2,Rugs,Alex Melius,CA,Fresno,93725,3455 S Northpoint Dr,FRESNO,CA,93725,11073,11,420,0.03793010024383636,113,0.010205003160841686,185,0.016707306059785064,109,0.009843764110900387,0,0.0,13,0.0011740269123092207,9,0.8181818181818182,2026-06-07: 5; 2026-06-14: 84; 2026-06-21: 5; 2026-06-28: 5; 2026-07-05: 5; 2026-07-19: 3; 2026-07-26: 2; 2026-08-02: 3; 2026-08-09: 1,Phoenix (AZ) 0%; Portland (OR) 0%; Denver (CO) 0%; Fresno (CA) 0%; Tracy (CA) 0%,0,0,,1,Marietta (GA) 0%,63,0.005689515036575454,3378,498,496,10514,0.9549500454132607,0.5992428900533827,965.6982457972224,919.631559842356,107.75583456425441,0.9769710105662429,0.8784430596947526,0.8476190476190472,0.6833333333333328,0.8849557522123892,0.7787610619469023,0.8594594594594591,0.6864864864864866,0.8165137614678901,0.5871559633027524,,,0.6153846153846153,0.6153846153846153,420,True,sometimes_builds_directs
pdd_10w,promised_delivery_end_range_date_at_order,10,134907,Urbanest IL,25806,Urbanest,IL,1,Soft Home,Madison Carvalho,IL,Chicago,60639,Urbanest Living,NILES,IL,60714,10937,11,307,0.028069854621925575,29,0.0026515497851330345,206,0.018835146749565695,72,0.006583158087226845,0,0.0,0,0.0,2,0.18181818181818182,2026-06-14: 27; 2026-06-21: 2,Ocala (FL) 0%,0,0,,0,,121,0.011063362896589558,534,468,443,10373,0.9590421597633136,0.8857813219952941,927.4873658133764,886.3645168967179,44.56812726765281,0.8759257566060153,0.7776355490536725,0.9902280130293162,0.7133550488599345,1.0,1.0,1.0,0.6893203883495147,0.9583333333333334,0.6666666666666667,,,,,307,True,sometimes_builds_directs
pdd_10w,promised_delivery_end_range_date_at_order,10,238512,CP HomeDecor CA 91761(2),66884,CP HomeDecor,CA,1,APS,Sean Xu,CA,Ontario,91761,4422 E Airport Drive,CHINO LOCAL,CA,91710,10886,11,590,0.054198052544552636,222,0.020393165533713026,292,0.02682344295425317,76,0.006981444056586441,0,0.0,0,0.0,2,0.18181818181818182,2026-06-14: 32; 2026-06-21: 190,Marietta (GA) 1%; Hagerstown (MD) 1%; Williamsburg Ncpc (FL) 0%; Romeoville Rsf (IL) 0%,0,0,,0,,62,0.005695388572478413,10824,674,715,10109,0.9339430894308943,0.9438244875596696,1891.4738033635197,1769.204917854423,138.06017460759716,0.9132831159287149,0.8656990630167191,0.9440677966101695,0.9084745762711871,0.9684684684684683,0.9234234234234231,0.9212328767123291,0.8732876712328769,0.9605263157894739,1.0,,,,,590,True,sometimes_builds_directs
pdd_10w,promised_delivery_end_range_date_at_order,10,127616,Shenzhen Zhichen Trading Co. LTD. NJ 08060,59517,Shenzhen Zhichen Trading Co. LTD.,"CA,GA,IL,NJ,PA",5,APS K&D,Stella Yin,NJ,EDISON,08817,250 CARTER DR,WOODBRIDGE LOCAL,NJ,8832,10667,11,240,0.02249929689697197,49,0.004593606449798444,105,0.009843442392425237,42,0.0039373769569700946,0,0.0,44,0.004124871097778195,8,0.7272727272727273,2026-06-07: 1; 2026-06-14: 29; 2026-06-21: 5; 2026-07-05: 4; 2026-07-12: 1; 2026-07-19: 4; 2026-08-09: 4; 2026-08-16: 1,Williamsburg Ncpc (FL) 0%; Metuchen (NJ) 0%,0,0,,14,Marietta (GA) 0%; Chicago (IL) 0%; Atlanta (GA) 0%; Champaign (IL) 0%; Rialto (CA) 0%,42,0.0039373769569700946,10619,365,309,10316,0.9709176470588236,0.7018197660341391,667.0111040366755,650.5202905688246,36.1392247477129,0.9286584794225178,0.9044717352582707,0.9750000000000001,0.8375000000000002,1.0,0.9387755102040817,0.9714285714285715,0.8952380952380947,0.9285714285714286,0.5952380952380951,,,1.0,0.8181818181818183,240,True,sometimes_builds_directs
pdd_10w,promised_delivery_end_range_date_at_order,10,70707,Aosom LLC NJ 08022,5725,Aosom LLC,"CA,GA,NJ",3,APS Outdoor,Amber Xiang,NJ,Mansfield,08022,1179 Florence Road,ROBBINSVILLE,NJ,8691,10651,11,536,0.05032391324758239,36,0.003379964322598817,148,0.013895408881795137,73,0.006853816543047601,0,0.0,279,0.02619472350014083,8,0.7272727272727273,2026-06-07: 7; 2026-06-14: 11; 2026-06-21: 6; 2026-06-28: 2; 2026-07-05: 4; 2026-07-12: 3; 2026-07-19: 2; 2026-07-26: 1,Robbinsville (NJ) 0%; Van Buren Rsf (MI) 0%,0,0,,11,South Atlanta Ncpc (GA) 2%; Rialto (CA) 1%; Sacramento (CA) 0%; Braselton (GA) 0%; Atlanta (GA) 0%,31,0.0029105248333489812,820,750,627,9993,0.9409604519774011,0.6180949063515006,543.5054899807857,486.2029252738107,69.86852691218131,0.988170124870905,0.9125903671016814,0.9776119402985071,0.897388059701492,1.0,0.9444444444444445,0.9932432432432431,0.9324324324324318,0.9863013698630138,0.863013698630137,,,0.9641577060931904,0.8817204301075267,536,True,sometimes_builds_directs
pdd_10w,promised_delivery_end_range_date_at_order,10,302333,NW Investment Inc TX 75041,64824,NW Investment Inc,"CA,PA,TX",3,APS Youth,Mariah Mao,TX,Garland,75041,3422 W Kingsley Rd,MESQUITE,TX,75149,10572,11,4558,0.43113885735906166,92,0.00870223231176693,186,0.017593643586833144,132,0.012485811577752554,0,0.0,4148,0.392357169882709,4,0.36363636363636365,2026-06-14: 75; 2026-06-21: 3; 2026-07-12: 4; 2026-07-26: 10,Champaign (IL) 0%; Denver (CO) 0%; South Dallas Rsf (TX) 0%; Nashville (TN) 0%,0,0,,7,Fairless Hills (PA) 27%; Diamond Bar Rsf (CA) 12%; Chino Hills Ncpc (CA) 0%; Stockton Rsf (CA) 0%; Tracy (CA) 0%,112,0.010594021944759743,10411,5297,5290,5170,0.494263862332696,0.4720955285745136,844.9197007223951,545.8645523971138,727.436860822759,0.6752743094967841,0.674895951570187,0.8771390960947775,0.8600263273365506,0.11956521739130434,0.5760869565217391,0.5645161290322577,0.7204301075268819,0.2348484848484848,0.5000000000000003,,,0.9283992285438771,0.8840405014464806,4558,True,sometimes_builds_directs
pdd_10w,promised_delivery_end_range_date_at_order,10,267302,Karat Home Inc (14 Karat) CA 90249,21718,Karat Home Inc (14 Karat),"CA,LA,NJ,TX",4,APS Upholstery,Sean Xu,CA,Gardena,90249,1855 West 139th Street,CARSON,CA,90746,10501,11,480,0.045709932387391676,37,0.0035234739548614417,240,0.022854966193695838,95,0.009046757451671269,0,0.0,108,0.010284734787163127,6,0.5454545454545454,2026-06-07: 2; 2026-06-14: 8; 2026-06-21: 24; 2026-07-12: 1; 2026-07-26: 1; 2026-08-02: 1,Chicago (IL) 0%; Carson (CA) 0%,0,0,,12,Woodbridge (NJ) 0%; Fort Worth (TX) 0%; Houston (TX) 0%; West Dallas Ncpc (TX) 0%; South Dallas Rsf (TX) 0%,129,0.012284544329111514,968,589,596,9776,0.9425376012340918,0.7647497939202642,1676.0770002228653,1583.5114531058318,118.00691163604552,0.8822016950766586,0.8879154366250833,0.9062499999999996,0.8354166666666666,0.9189189189189186,0.8918918918918919,0.9291666666666665,0.8708333333333332,0.8631578947368419,0.7052631578947367,,,0.8888888888888887,0.8518518518518517,480,True,sometimes_builds_directs
pdd_10w,promised_delivery_end_range_date_at_order,10,19326,Triangle Home Fashions NJ 08816,9331,Triangle Home Fashions,"CA,NJ",2,Soft Home,Jaiden Lawlor,NJ,East Brunswick,08816,120 Tices Lane,EAST BRUNSWICK,NJ,8816,9705,11,464,0.04781040700669758,109,0.011231324059763008,207,0.02132921174652241,109,0.011231324059763008,0,0.0,39,0.00401854714064915,5,0.45454545454545453,2026-06-14: 97; 2026-06-21: 6; 2026-06-28: 1; 2026-07-19: 1; 2026-07-26: 4,Orlando (FL) 0%; Dallas (TX) 0%; Chicago (IL) 0%; East Brunswick (NJ) 0%,0,0,,5,Rialto (CA) 0%; Sacramento (CA) 0%; Oceanside (CA) 0%; Chico (CA) 0%; Tracy (CA) 0%,93,0.009582689335394128,633,555,505,9107,0.9474615064502705,0.7990111027477212,1065.2997215542346,994.0457354443317,70.75996220869213,0.9592993302421424,0.8437918598660501,0.9827586206896551,0.8362068965517236,1.0,0.8532110091743119,0.9855072463768116,0.8454106280193238,0.9541284403669724,0.7614678899082572,,,1.0,0.9487179487179488,464,True,sometimes_builds_directs
pdd_10w,promised_delivery_end_range_date_at_order,10,60106,Winado CA 91762,58611,WINADO INC,"CA,GA,IL,NJ,TX",5,APS Outdoor,Melody Lu,CA,Ontario,91762,CO 2221 E Remington Ave,CHINO LOCAL,CA,91710,9518,11,538,0.056524479932758984,35,0.0036772431183021643,247,0.025950830006303844,118,0.012397562513133011,0,0.0,138,0.014498844295019962,8,0.7272727272727273,2026-06-07: 1; 2026-06-14: 21; 2026-06-21: 4; 2026-06-28: 1; 2026-07-05: 2; 2026-07-19: 3; 2026-07-26: 1; 2026-08-16: 2,Portland (OR) 0%; Chino (CA) 0%,0,0,,30,Metuchen (NJ) 0%; Fort Worth (TX) 0%; Houston (TX) 0%; Chicago (IL) 0%; West Dallas Ncpc (TX) 0%,61,0.0064089094347552006,9452,611,671,8786,0.9290472665750238,0.7771618818079898,1194.543844438942,1090.3949320925572,131.2987090579323,0.9187854591300703,0.8665686068501777,0.8773234200743502,0.775092936802974,0.9142857142857144,0.8857142857142855,0.8947368421052635,0.7975708502024292,0.8559322033898301,0.7542372881355934,,,0.8550724637681159,0.72463768115942,538,True,sometimes_builds_directs
pdd_10w,promised_delivery_end_range_date_at_order,10,59466,nuLOOM CA 95206,5468,nuLOOM,"CA,NJ",2,Rugs,Brianna Barrett,CA,Stockton,95206,1655 Tillie Lewis Rd,TRACY LOCAL,CA,95377,9282,11,397,0.04277095453566042,30,0.003232062055591467,242,0.026071967248437838,112,0.012066365007541479,0,0.0,13,0.0014005602240896359,8,0.7272727272727273,2026-06-07: 1; 2026-06-14: 16; 2026-06-21: 4; 2026-06-28: 2; 2026-07-05: 3; 2026-07-12: 1; 2026-07-19: 2; 2026-07-26: 1,Denver (CO) 0%; Tracy (CA) 0%,0,0,,2,Woodbridge (NJ) 0%; East Brunswick (NJ) 0%,126,0.013574660633484163,9154,439,522,8634,0.9429882044560943,0.8740084144534648,914.4567415730344,846.0347714101748,87.92698569856998,0.9591682826976954,0.8908640379228616,0.9471032745591939,0.8387909319899244,0.8999999999999998,0.9333333333333332,0.9586776859504132,0.822314049586777,0.9464285714285716,0.8482142857142855,,,0.8461538461538461,0.8461538461538461,397,True,sometimes_builds_directs
pdd_10w,promised_delivery_end_range_date_at_order,10,410177,NW Investment Inc PA 19114,64824,NW Investment Inc,"CA,PA,TX",3,APS Decor,Mariah Mao,PA,Philadelphia,19114,9250 Ashton Rd,PHILADELPHIA,PA,19154,9180,11,1288,0.14030501089324618,46,0.005010893246187364,134,0.014596949891067539,37,0.004030501089324619,0,0.0,1071,0.11666666666666667,6,0.5454545454545454,2026-06-07: 2; 2026-06-14: 32; 2026-06-21: 8; 2026-07-05: 2; 2026-07-12: 1; 2026-08-02: 1,Orlando (FL) 0%; Fairless Hills (PA) 0%,0,0,,6,South Dallas Rsf (TX) 9%; Industry (CA) 1%; Diamond Bar Rsf (CA) 1%; Irving (TX) 1%; Fort Worth (TX) 0%,68,0.007407407407407408,9086,1555,1499,7613,0.8354916593503073,0.004345972054110163,620.3608116113749,617.1423857099593,273.93184628975223,0.9053376906318081,0.8054466230936836,0.6374223602484468,0.5450310559006213,0.9782608695652173,0.8260869565217392,0.9253731343283582,0.619402985074627,0.7297297297297296,0.6486486486486487,,,0.5835667600373472,0.5200746965452842,1288,True,sometimes_builds_directs
pdd_10w,promised_delivery_end_range_date_at_order,10,39912,Modway NJ 08520,11526,Modway Inc.,"CA,NJ",2,Outdoor Furniture,Kate Schryver,NJ,East Windsor,08520,329 Wyckoff Mills Rd,ROBBINSVILLE,NJ,8691,9095,11,419,0.04606926882902694,100,0.010995052226498075,200,0.02199010445299615,82,0.009015942825728422,0,0.0,37,0.004068169323804288,8,0.7272727272727273,2026-06-14: 73; 2026-06-21: 14; 2026-07-05: 2; 2026-07-12: 3; 2026-07-19: 3; 2026-07-26: 1; 2026-08-02: 3; 2026-08-09: 1,Williamsburg Ncpc (FL) 1%; Robbinsville (NJ) 0%; Van Buren Rsf (MI) 0%,0,0,,4,Rialto (CA) 0%; Sacramento (CA) 0%; South Rialto - Ncpc (CA) 0%; Sacramento Local (CA) 0%,45,0.004947773501924134,1010,861,454,8596,0.9498342541436464,0.8517159333744384,793.8893749174049,732.0084016935712,63.92272676182993,0.7044529961517334,0.8103353490929093,0.7446300715990459,0.847255369928401,0.7799999999999998,0.8499999999999999,0.7250000000000002,0.8599999999999995,0.7317073170731707,0.8780487804878048,,,0.7837837837837838,0.7027027027027026,419,True,sometimes_builds_directs
pdd_10w,promised_delivery_end_range_date_at_order,10,239346,Annie Selke NJ 08512,38965,Annie Selke,"CA,MA,NJ",3,PG Rugs,Rachel Markham,NJ,Cranbury,08512,286 Prospect Plains Road,PRINCETON,NJ,8810,9090,11,355,0.03905390539053905,32,0.0035203520352035203,234,0.02574257425742574,44,0.004840484048404841,0,0.0,45,0.0049504950495049506,2,0.18181818181818182,2026-06-14: 17; 2026-06-21: 15,Williamsburg Ncpc (FL) 0%,0,0,,4,Rialto (CA) 0%; Sacramento (CA) 0%; San Francisco Sfoa (CA) 0%; Anaheim (CA) 0%,260,0.028602860286028604,8829,431,393,8437,0.9554926387315968,0.8889547107185094,1011.2637374708228,947.9733934611057,78.85783599088863,0.9441144114411456,0.9278327832783273,0.9859154929577466,0.9126760563380284,1.0,1.0,0.9914529914529913,0.9188034188034184,0.9772727272727272,0.9545454545454546,,,0.9555555555555554,0.7777777777777776,355,True,sometimes_builds_directs
pdd_10w,promised_delivery_end_range_date_at_order,10,58269,Wholesale Interiors IL 60502,1737,Wholesale Interiors,IL,1,Casegoods,Libby Mahonski,IL,Aurora,60502,2805 Duke Parkway,SOUTH CHICAGO,IL,60446,8926,11,407,0.04559713197400851,106,0.011875420120994847,232,0.025991485547837777,69,0.00773022630517589,0,0.0,0,0.0,5,0.45454545454545453,2026-06-14: 96; 2026-06-21: 7; 2026-06-28: 1; 2026-07-12: 1; 2026-07-26: 1,Rialto (CA) 0%; Williamsburg Ncpc (FL) 0%; Metuchen (NJ) 0%; Romeoville Rsf (IL) 0%,0,0,,0,,63,0.007058032713421466,8859,564,562,8301,0.9365903193049757,0.8403332120509106,971.2063667820082,909.7474569262574,66.74738348791959,0.6853013667936341,0.8214205691239087,0.8869778869778872,0.7592137592137589,0.8773584905660377,0.6792452830188674,0.9008620689655173,0.8232758620689654,0.855072463768116,0.6666666666666665,,,,,407,True,sometimes_builds_directs
pdd_10w,promised_delivery_end_range_date_at_order,10,321075,"All Strong Industry USA, Inc. GA",15611,"All Strong Industry USA, Inc.",GA,1,Soft Home,Madison Carvalho,GA,Lawrenceville,30046,"950 Raco Drive, Ste F",BRASELTON,GA,30517,8708,11,431,0.049494717501148366,114,0.013091410197519523,191,0.021933853927423058,126,0.014469453376205787,0,0.0,0,0.0,5,0.45454545454545453,2026-06-14: 63; 2026-06-21: 46; 2026-07-19: 2; 2026-07-26: 2; 2026-08-16: 1,Tracy (CA) 0%; Woodbridge (NJ) 0%; Chicago (IL) 0%; Denver (CO) 0%; Braselton (GA) 0%,0,0,,0,,45,0.005167661920073495,1504,592,586,8077,0.9323559967678633,0.8136885341103445,995.5933965057751,937.4815848380837,75.2189741209237,0.8032843362425343,0.7502296738631141,0.9512761020881676,0.8561484918793507,0.9824561403508771,0.8421052631578945,0.9424083769633511,0.9057591623036649,0.9365079365079364,0.7936507936507936,,,,,431,True,sometimes_builds_directs
pdd_10w,promised_delivery_end_range_date_at_order,10,60227,Unique Loom CA 93725,20901,Unique Loom,"CA,SC",2,Rugs,Alex Resnick,CA,Fresno,93725,3480 S East Ave,FRESNO,CA,93725,8694,11,957,0.11007591442374051,94,0.01081205429031516,146,0.016793190706234185,102,0.011732229123533472,0,0.0,615,0.0707384403036577,8,0.7272727272727273,2026-06-07: 3; 2026-06-14: 63; 2026-06-21: 8; 2026-06-28: 5; 2026-07-05: 8; 2026-07-19: 3; 2026-07-26: 2; 2026-08-09: 2,Phoenix (AZ) 0%; Fresno (CA) 0%; Denver (CO) 0%; Toledo (OH) 0%,0,0,,2,Fort Mill (SC) 7%; Charleston (SC) 0%,69,0.007936507936507936,1160,1066,1068,7557,0.8761739130434782,0.6126235975855396,1084.0150110375257,927.1348828022118,281.77407883962974,0.966528640441683,0.8512767425810879,0.9268547544409621,0.8296760710553813,0.9680851063829787,0.6702127659574467,0.9520547945205481,0.6506849315068491,0.9607843137254904,0.7058823529411767,,,0.9089430894308947,0.9170731707317072,957,True,sometimes_builds_directs
pdd_10w,promised_delivery_end_range_date_at_order,10,154934,Stupell Industries RI,8586,Stupell Industries,RI,1,Decor,Alex Sarkisian,RI,Johnston,02919,14 Industrial Lane,PROVIDENCE,RI,2919,8691,11,384,0.044183638246461855,71,0.008169370613278104,215,0.0247382349557013,98,0.011276032677482454,0,0.0,0,0.0,5,0.45454545454545453,2026-06-14: 53; 2026-06-21: 15; 2026-07-19: 1; 2026-07-26: 1; 2026-08-09: 1,Orlando (FL) 1%; Las Vegas (NV) 0%; Seekonk (MA) 0%,0,0,,0,,96,0.011045909561615464,8581,8544,433,8162,0.9496218731820826,0.8743692064930465,1313.6360447452012,1238.0806718061654,88.00402057035986,0.8346565412495679,0.8370728339661718,0.8671874999999996,0.8385416666666663,0.9295774647887324,0.9154929577464788,0.8558139534883723,0.8418604651162794,0.846938775510204,0.7755102040816326,,,,,384,True,sometimes_builds_directs
pdd_10w,promised_delivery_end_range_date_at_order,10,50655,Convenience Concepts IL 60185,1869,Convenience Concepts,"CA,IL",2,Casegoods,Jaden Pickett,IL,Batavia,60510,603 Kingsland Dr,CAROL STREAM,IL,60188,8402,11,318,0.037848131397286364,31,0.0036895977148298023,181,0.021542489883361104,50,0.005950964056177101,0,0.0,56,0.006665079742918353,2,0.18181818181818182,2026-06-14: 29; 2026-06-21: 2,Ocala (FL) 0%,0,0,,6,Rialto (CA) 0%; Stockton Rsf (CA) 0%; Sacramento (CA) 0%; Tracy (CA) 0%; Anaheim (CA) 0%,83,0.009878600333253986,742,450,444,7875,0.9466282005048684,0.8945353915376502,924.2490906312088,871.4974153846142,56.299513973268574,0.9225184479885727,0.8138538443227787,0.9905660377358493,0.8113207547169815,0.9677419354838709,0.7419354838709676,0.9944751381215468,0.7790055248618785,0.9799999999999999,0.7599999999999999,,,1.0,1.0,318,True,sometimes_builds_directs
pdd_10w,promised_delivery_end_range_date_at_order,10,63391,Kenney Manufacturing Company AR 72401,15320,Kenney Manufacturing Company,"AR,RI",2,Soft Home,Madison Carvalho,AR,Jonesboro,72401,5111 Krueger Dr,JONESBORO,AR,72401,8402,11,483,0.057486312782670794,113,0.013449178766960248,255,0.030349916686503213,115,0.013687217329207331,0,0.0,0,0.0,6,0.5454545454545454,2026-06-07: 1; 2026-06-14: 90; 2026-06-21: 18; 2026-07-19: 2; 2026-07-26: 1; 2026-08-09: 1,Rialto (CA) 0%; Stockton Rsf (CA) 0%; Portland (OR) 0%; Goodyear Rsf (AZ) 0%; Denver (CO) 0%,0,0,,0,,54,0.006427041180671268,639,589,537,7811,0.9356732151413513,0.8883842185491452,904.2775682954976,843.9080041445405,74.0630295715147,0.9617948107593439,0.8830040466555586,0.9648033126293996,0.8695652173913044,0.9469026548672561,0.7964601769911507,0.9568627450980394,0.8705882352941172,1.0,0.9391304347826087,,,,,483,True,sometimes_builds_directs
pdd_10w,promised_delivery_end_range_date_at_order,10,14765,Flash Furniture GA 30114,7347,Flash Furniture,"CA,GA,MS,OH",4,Casegoods,Megan White,GA,Canton,30114,4350 Ball Ground Hwy,MARIETTA LOCAL,GA,30144,8245,11,677,0.08211036992116434,37,0.0044875682231655546,131,0.015888417222559126,28,0.003395997574287447,0,0.0,481,0.058338386901152214,4,0.36363636363636365,2026-06-14: 34; 2026-07-12: 1; 2026-07-19: 1; 2026-07-26: 1,Woodbridge (NJ) 0%; Marietta (GA) 0%,0,0,,13,Olive Branch (MS) 5%; Chino (CA) 0%; Columbus (OH) 0%; Toledo (OH) 0%; Chino Hills Ncpc (CA) 0%,116,0.01406913280776228,8120,1122,1083,7046,0.8667732808463525,0.3728081193966304,744.3096205442693,682.054764553208,88.28044924080811,0.42753183747725904,0.5938144329896916,0.4579025110782865,0.6041358936484492,0.7027027027027025,0.5675675675675675,0.6106870229007633,0.6946564885496183,0.6428571428571429,0.6785714285714285,,,0.38669438669438644,0.5779625779625785,677,True,sometimes_builds_directs
pdd_10w,promised_delivery_end_range_date_at_order,10,70574,Yaheetech CA 91761,46852,Yaheetech,"CA,FL,GA,IL,NJ,TX",6,APS AEOF,Louisa Zhang,CA,Ontario,91761,1532 S Vineyard Ave,CHINO LOCAL,CA,91710,8088,11,387,0.0478486646884273,80,0.009891196834817012,134,0.016567754698318497,125,0.015454995054401583,0,0.0,48,0.005934718100890208,9,0.8181818181818182,2026-06-07: 3; 2026-06-14: 46; 2026-06-21: 4; 2026-06-28: 1; 2026-07-05: 3; 2026-07-12: 3; 2026-07-19: 5; 2026-07-26: 11; 2026-08-02: 4,North Portland Rsf (OR) 0%; Chino (CA) 0%; Portland (OR) 0%; Chino Hills Ncpc (CA) 0%,0,0,,15,Fort Worth (TX) 0%; Marietta (GA) 0%; Woodbridge (NJ) 0%; Houston (TX) 0%; Chicago Loop (IL) 0%,41,0.005069238377843719,8041,445,514,7533,0.9361252640735678,0.7869243109075967,793.7304022832296,734.7689797604272,82.35126177024476,0.9104846686449038,0.874010880316518,0.8449612403100777,0.8294573643410852,0.975,0.9374999999999998,0.7761194029850751,0.8283582089552239,0.872,0.8240000000000001,,,0.7499999999999999,0.6666666666666667,387,True,sometimes_builds_directs
pdd_10w,promised_delivery_end_range_date_at_order,10,20530,Million Dollar Baby CA 90660,426,Million Dollar Baby Co,"CA,GA",2,Youth Furniture & Decor,Caroline Smith,CA,Pico Rivera,90660,8500 Rex Road,SANTA FE SPRINGS,CA,90670,8076,11,323,0.03999504705299653,81,0.010029717682020803,171,0.021173848439821695,53,0.0065626547795938584,0,0.0,18,0.002228826151560178,5,0.45454545454545453,2026-06-14: 44; 2026-06-21: 34; 2026-06-28: 1; 2026-07-26: 1; 2026-08-02: 1,Woodbridge (NJ) 0%; Chicago (IL) 0%; Orlando (FL) 0%; Santa Fe Springs (CA) 0%,0,0,,3,Marietta (GA) 0%; West Savannah  Ncpc (GA) 0%; Savannah Local (GA) 0%,99,0.01225854383358098,662,436,438,7539,0.9450921399022189,0.7971774710787889,1722.7918401458767,1636.7471153846157,117.52416488087734,0.9340019811788002,0.8530212976721152,0.9628482972136224,0.8699690402476772,0.9506172839506173,0.9382716049382716,0.9649122807017545,0.894736842105263,0.981132075471698,0.6981132075471698,,,0.9444444444444444,0.8333333333333333,323,True,sometimes_builds_directs
pdd_10w,promised_delivery_end_range_date_at_order,10,316872,"Heze Starfire Trading Co., Ltd CA 91761(5)",83413,"Heze Starfire Trading Co., Ltd",CA,1,APS,Naomi JI,CA,Ontario,91761,5440 E Francis street,CHINO LOCAL,CA,91710,7981,11,464,0.05813807793509585,225,0.02819195589525122,189,0.023681242952011027,50,0.006264879087833605,0,0.0,0,0.0,2,0.18181818181818182,2026-06-14: 51; 2026-06-21: 174,Romeoville Rsf (IL) 1%; Williamsburg Ncpc (FL) 1%; Marietta (GA) 0%; Hagerstown (MD) 0%; Metuchen (NJ) 0%,0,0,,0,,49,0.006139581506076933,7932,559,576,7356,0.9273827534039334,0.9443477881064555,1886.8179245283006,1759.3423993193433,154.56384946781571,0.7710813181305602,0.8437539155494315,0.8340517241379316,0.8749999999999991,0.893333333333333,0.8666666666666663,0.7936507936507936,0.851851851851852,0.7199999999999999,1.0,,,,,464,True,sometimes_builds_directs
pdd_10w,promised_delivery_end_range_date_at_order,10,292636,Green Living Group INC CA 91762,78686,Green Living Group INC,CA,1,Soft Home,Madison Carvalho,CA,Ontario,91762,2680 E Merrill Ave,CHINO LOCAL,CA,91710,7855,11,617,0.07854869509866327,173,0.02202418841502228,269,0.03424570337364736,175,0.022278803309993635,0,0.0,0,0.0,2,0.18181818181818182,2026-06-14: 115; 2026-06-21: 58,Houston (TX) 0%; Olive Branch (MS) 0%; Orlando (FL) 0%; Metuchen (NJ) 0%; Hagerstown (MD) 0%,0,0,,0,,99,0.012603437301082113,7756,674,688,7068,0.9112944816915935,0.932004774869248,1806.3377759150587,1676.2424849699432,181.4144775926641,0.9456397199236147,0.8770210057288355,0.923824959481361,0.80064829821718,0.9075144508670517,0.8497109826589591,0.9442379182156133,0.8178438661710037,0.9085714285714287,0.7257142857142855,,,,,617,True,sometimes_builds_directs
pdd_10w,promised_delivery_end_range_date_at_order,10,272805,Karat Home Inc (14 Karat) CA 92880,21718,Karat Home Inc (14 Karat),"CA,LA,NJ,TX",4,APS Upholstery,Sean Xu,CA,Eastvale,92880,6221 Archibald Avenue,CHINO LOCAL,CA,91710,7851,11,486,0.061902942300343905,69,0.008788689338937715,228,0.02904088651127245,124,0.015794166348235893,0,0.0,65,0.008279200101897848,6,0.5454545454545454,2026-06-14: 30; 2026-06-21: 32; 2026-07-12: 1; 2026-07-26: 3; 2026-08-02: 1; 2026-08-09: 2,Hagerstown (MD) 0%; North Portland Rsf (OR) 0%; Toledo (OH) 0%; Chino (CA) 0%,0,0,,12,Metuchen (NJ) 0%; Houston (TX) 0%; West Dallas Ncpc (TX) 0%; Fort Worth (TX) 0%; South Dallas Rsf (TX) 0%,63,0.008024455483377914,7782,548,583,7205,0.9251412429378532,0.6759695017341623,1683.4962016175625,1593.2847065710553,146.15292981326516,0.9294357406699779,0.8814163800789708,0.9794238683127576,0.9094650205761314,1.0,0.9565217391304345,0.9912280701754385,0.9561403508771924,0.935483870967742,0.7741935483870968,,,1.0,0.953846153846154,486,True,sometimes_builds_directs
pdd_10w,promised_delivery_end_range_date_at_order,10,42637,Lenox Corporation MD 21740,894,Lenox Corporation,MD,1,Tabletop,Megan Williamson,MD,Hagerstown,21740,16507 Hunters Green Pkwy,HAGERSTOWN LOCAL,MD,21740,7782,11,329,0.04227704960164482,72,0.009252120277563608,189,0.02428681572860447,68,0.008738113595476741,0,0.0,0,0.0,7,0.6363636363636364,2026-06-07: 1; 2026-06-14: 33; 2026-06-21: 32; 2026-06-28: 2; 2026-07-12: 2; 2026-07-26: 1; 2026-08-09: 1,Rialto (CA) 0%; Dallas (TX) 0%; Hagerstown (MD) 0%,0,0,,0,,125,0.0160627088152146,7604,426,400,7257,0.9477602194070784,0.8497227807709605,1021.8172615384632,959.6724871834718,67.31545621394844,0.9286815728604471,0.8734258545361091,0.9240121580547108,0.738601823708207,0.9305555555555554,0.625,0.9206349206349205,0.8148148148148147,0.9264705882352943,0.6470588235294116,,,,,329,True,sometimes_builds_directs
pdd_10w,promised_delivery_end_range_date_at_order,10,24326,Tvilum VA 23927,3221,Tvilum,VA,1,Casegoods,Prisha Mark,VA,Clarksville,23927,50 Iron Gate Rd,EMPORIA,VA,23847,7722,11,159,0.020590520590520592,30,0.003885003885003885,91,0.011784511784511785,38,0.004921004921004921,0,0.0,0,0.0,3,0.2727272727272727,2026-06-14: 1; 2026-06-21: 26; 2026-06-28: 3,Las Vegas (NV) 0%; Greensboro (NC) 0%,0,0,,0,,39,0.005050505050505051,7683,7630,284,7399,0.9630352726799427,0.6945659320278994,1001.21860284102,883.7364745545045,207.54326974032853,0.8411033411033404,0.8975653975653964,0.9811320754716981,0.8176100628930815,1.0,0.9666666666666666,0.989010989010989,0.8461538461538461,0.9473684210526316,0.631578947368421,,,,,159,True,sometimes_builds_directs
pdd_10w,promised_delivery_end_range_date_at_order,10,31504,"Top Knobs, Inc. NJ 08876",19191,"Top Knobs, Inc.","CA,NJ",2,Hardware,Matt Bartolucci,NJ,Branchburg,08876,3 Millenium Way,WOODBRIDGE LOCAL,NJ,8832,7696,11,280,0.036382536382536385,65,0.008445945945945946,159,0.02066008316008316,46,0.0059771309771309775,0,0.0,10,0.0012993762993762994,2,0.18181818181818182,2026-06-14: 50; 2026-06-21: 15,Orlando (FL) 0%; Braselton (GA) 0%,0,0,,4,Los Angeles (CA) 0%; Rialto (CA) 0%; Anaheim (CA) 0%; Tracy (CA) 0%,9,0.0011694386694386695,7683,315,304,7383,0.9604527123715364,0.843299964220681,811.3989862057524,775.7963012552312,43.02606092163508,0.9480249480249482,0.9120322245322234,0.8392857142857142,0.821428571428571,0.6307692307692307,0.6307692307692307,0.9182389937106918,0.8993710691823902,0.8913043478260867,0.9565217391304346,,,0.7,0.20000000000000004,280,True,sometimes_builds_directs
pdd_10w,promised_delivery_end_range_date_at_order,10,23259,Livex Lighting NJ,3313,Livex Lighting,NJ,1,Lighting,Greer Long,NJ,Somerset,08873,46 Clyde Road,WOODBRIDGE LOCAL,NJ,8832,7695,11,302,0.03924626380766732,90,0.011695906432748537,161,0.02092267706302794,51,0.006627680311890838,0,0.0,0,0.0,5,0.45454545454545453,2026-06-14: 72; 2026-06-21: 15; 2026-07-19: 1; 2026-08-02: 1; 2026-08-09: 1,Rialto (CA) 0%; Orlando (FL) 0%; Chicago (IL) 0%; Woodbridge (NJ) 0%,0,0,,0,,101,0.013125406107862248,7584,392,352,7242,0.9536476165393732,0.8503800738833457,1045.587159465557,971.9362368738147,75.95391466170426,0.8007797270955174,0.8583495776478243,0.9735099337748343,0.9006622516556287,1.0,0.9333333333333335,0.9813664596273292,0.9006211180124225,0.9019607843137252,0.8431372549019606,,,,,302,True,sometimes_builds_directs
pdd_10w,promised_delivery_end_range_date_at_order,10,158009,Modway Inc. CA 92345,11526,Modway Inc.,"CA,NJ",2,Outdoor Furniture,Kate Schryver,CA,Hesperia,92345,11895 Cedar Street,WEST RIALTO,CA,92316,7547,11,368,0.04876109712468531,109,0.01444282496356168,166,0.02199549489863522,70,0.009275208692195575,0,0.0,23,0.0030475685702928317,5,0.45454545454545453,2026-06-14: 83; 2026-06-21: 16; 2026-06-28: 1; 2026-07-12: 2; 2026-07-26: 7,West Dallas Ncpc (TX) 1%; Houston (TX) 0%; North Portland Rsf (OR) 0%; South Rialto - Ncpc (CA) 0%,0,0,,3,Metuchen (NJ) 0%; Robbinsville (NJ) 0%; Woodbridge (NJ) 0%,69,0.009142705710878494,7474,428,453,7025,0.9394223054292592,0.8094671933420362,1260.9029652042357,1173.1917157974267,108.84347176981534,0.5603551079899292,0.679342785212668,0.8967391304347829,0.8532608695652167,0.8623853211009173,0.9174311926605505,0.963855421686747,0.8674698795180722,0.857142857142857,0.6857142857142856,,,0.6956521739130436,0.9565217391304348,368,True,sometimes_builds_directs
pdd_10w,promised_delivery_end_range_date_at_order,10,43446,"Best Home Fashion, Inc. NJ",18684,"Best Home Fashion, Inc.",NJ,1,Soft Home,Madison Carvalho,NJ,Closter,07624,50 Railroad ave,SPRING VALLEY,NY,10913,7494,11,348,0.04643714971977582,75,0.010008006405124099,188,0.025086736055511077,85,0.011342407259140645,0,0.0,0,0.0,2,0.18181818181818182,2026-06-14: 53; 2026-06-21: 22,Orlando (FL) 0%; Rialto (CA) 0%; Portland (OR) 0%,0,0,,0,,43,0.00573792367227115,400,369,361,7090,0.9515501274996645,0.8810444101509632,1188.5108753315644,1112.3681018596076,75.3182259369104,0.9983987189751823,0.9214037896984248,1.0,0.85632183908046,1.0,0.84,1.0,0.8457446808510638,1.0,0.8941176470588232,,,,,348,True,sometimes_builds_directs
pdd_10w,promised_delivery_end_range_date_at_order,10,41979,World Rug Gallery NJ,7656,World Rug Gallery,NJ,1,Rugs,Alex Resnick,NJ,East Rutherford,07073,125 E Union Ave,SECAUCUS,NJ,7307,7470,11,218,0.02918340026773762,30,0.004016064257028112,155,0.020749665327978582,33,0.004417670682730923,0,0.0,0,0.0,4,0.36363636363636365,2026-06-14: 24; 2026-06-21: 4; 2026-06-28: 1; 2026-07-12: 1,Orlando (FL) 0%; Secaucus (NJ) 0%,0,0,,0,,86,0.011512717536813922,430,370,303,7081,0.9589653304442037,0.8564287114862742,1079.139686520375,998.4100354683919,57.184823513253704,0.9918340026773778,0.9099062918340016,1.0,0.8532110091743119,1.0,0.8999999999999998,1.0,0.8774193548387098,1.0,0.6969696969696969,,,,,218,True,sometimes_builds_directs
pdd_10w,promised_delivery_end_range_date_at_order,10,38290,Oriental Weavers Sphinx GA WH2 30720,261,Oriental Weavers Sphinx,GA,1,Rugs,Alex Resnick,GA,Dalton,30720,3515 Corporate Dr,EAST CHATTANOOGA,TN,37363,7459,11,319,0.0427671269607186,80,0.010725298297358896,191,0.025606649684944364,48,0.006435178978415337,0,0.0,0,0.0,2,0.18181818181818182,2026-06-14: 72; 2026-06-21: 8,Rialto (CA) 0%; Dallas (TX) 0%; Aldine Rsf (TX) 0%,0,0,,0,,56,0.007507708808151227,532,426,408,6995,0.9448872078886937,0.8591126684376916,769.1423527324343,711.0133662493404,54.91132127192983,0.9443625150824484,0.9133932162488263,0.9122257053291535,0.9153605015673983,0.9249999999999998,0.9625000000000001,0.9214659685863875,0.9005235602094237,0.8541666666666664,0.8958333333333333,,,,,319,True,sometimes_builds_directs
pdd_10w,promised_delivery_end_range_date_at_order,10,8833,Lifetime Brands Inc.92376,1175,Lifetime Brands Inc.,"CA,MA,NJ",3,Tabletop,Megan Williamson,CA,Rialto,92376,1221 Adler Ave,WEST RIALTO,CA,92316,7379,11,422,0.05718932104621222,73,0.009892939422686,212,0.0287301802412251,115,0.015584767583683426,0,0.0,22,0.002981433798617699,5,0.45454545454545453,2026-06-07: 2; 2026-06-14: 39; 2026-06-21: 30; 2026-07-26: 1; 2026-08-02: 1,Hagerstown (MD) 0%; Greensboro (NC) 0%; Charlotte (NC) 0%; Rialto (CA) 0%,0,0,,1,Metuchen (NJ) 0%,90,0.012196774630708769,7195,514,521,6768,0.9285224310605021,0.7521918000526413,1749.1691620656072,1651.1560236998057,149.38322545103978,0.8936170212765951,0.8524190269684236,0.8578199052132703,0.7298578199052136,0.8356164383561641,0.5890410958904108,0.8679245283018865,0.8113207547169812,0.8695652173913042,0.6608695652173918,,,0.7727272727272728,0.7727272727272728,422,True,sometimes_builds_directs
pdd_10w,promised_delivery_end_range_date_at_order,10,28664,Saro CA,13460,Saro,CA,1,Tabletop,Isabella Keel,CA,Burbank,91505,3333 W. Pacific Avenue,BURBANK,CA,91331,7328,11,295,0.04025655021834061,106,0.014465065502183407,133,0.018149563318777293,56,0.007641921397379912,0,0.0,0,0.0,7,0.6363636363636364,2026-06-07: 1; 2026-06-14: 64; 2026-06-21: 33; 2026-07-19: 1; 2026-07-26: 5; 2026-08-02: 1; 2026-08-09: 1,Marietta (GA) 0%; Hagerstown (MD) 0%; Orlando (FL) 0%; Woodbridge (NJ) 0%; Burbank (CA) 0%,0,0,,0,,171,0.023335152838427946,604,554,516,6641,0.9279027525499511,0.6788228224181486,1678.43268608414,1545.6041818571753,162.77487997740755,0.9490993449781646,0.8580786026200857,0.9728813559322037,0.7525423728813557,0.9433962264150942,0.830188679245283,1.0,0.8421052631578944,0.9642857142857143,0.39285714285714296,,,,,295,True,sometimes_builds_directs
pdd_10w,promised_delivery_end_range_date_at_order,10,117518,Winsome House CA 92881,31822,Winsome House,"CA,GA",2,Decor,Kadin Nestler,CA,Corona,92881,1241 Old Temescal Rd,WEST RIALTO,CA,92316,7270,11,432,0.0594222833562586,66,0.009078404401650619,249,0.034250343878954606,98,0.013480055020632738,0,0.0,19,0.0026134800550206326,2,0.18181818181818182,2026-06-14: 49; 2026-06-21: 17,Metuchen (NJ) 0%; Chicago (IL) 0%; Orlando (FL) 0%,0,0,,3,Marietta (GA) 0%; Savannah (GA) 0%; South Atlanta Ncpc (GA) 0%,67,0.00921595598349381,6999,493,522,6681,0.9275301957517701,0.9067732827381966,1350.8453832613216,1241.188540488121,135.113671984327,0.9294360385144439,0.8916093535075659,0.9768518518518516,0.835648148148148,0.9848484848484849,0.7424242424242425,0.9759036144578312,0.8473895582329319,0.9693877551020407,0.8571428571428569,,,1.0,0.894736842105263,432,True,sometimes_builds_directs
pdd_10w,promised_delivery_end_range_date_at_order,10,27593,NFusion CA El Monte,3215,"GigaCloud Trading, Inc.","CA,GA,NJ,TX",4,Outdoor Furniture,Amy Connell,CA,El Monte,91731,4388 Shirley Ave,ARCADIA,CA,91006,7119,11,385,0.05408062930186824,69,0.00969237252423093,158,0.022194128388818655,87,0.012220817530552043,0,0.0,71,0.00997331085826661,8,0.7272727272727273,2026-06-14: 39; 2026-06-21: 4; 2026-07-05: 1; 2026-07-12: 1; 2026-07-19: 2; 2026-07-26: 10; 2026-08-02: 11; 2026-08-16: 1,Tacoma (WA) 0%; Arcadia (CA) 0%; Portland (OR) 0%; Rialto (CA) 0%,0,0,,14,Woodbridge (NJ) 0%; Fort Worth (TX) 0%; Houston (TX) 0%; Metuchen (NJ) 0%; Richmond Hill Ncpc (GA) 0%,84,0.011799410029498525,3312,490,530,6505,0.9246624022743426,0.6225710131613946,1199.2000000000023,1110.2596595894001,155.94502083632733,0.9384745048461856,0.8704874280095508,0.9142857142857133,0.8103896103896109,0.8985507246376809,0.9565217391304348,0.9620253164556961,0.8481012658227847,0.850574712643678,0.6666666666666666,,,0.9014084507042253,0.7605633802816901,385,True,sometimes_builds_directs
pdd_10w,promised_delivery_end_range_date_at_order,10,39283,Design Imports WA 98390,8018,Design Imports,WA,1,Tabletop,Isabella Keel,WA,Sumner,98390,1607 136th Ave E,TACOMA,WA,98424,7080,11,526,0.07429378531073447,268,0.03785310734463277,172,0.024293785310734464,86,0.012146892655367232,0,0.0,0,0.0,3,0.2727272727272727,2026-06-07: 1; 2026-06-14: 86; 2026-06-21: 181,Orlando (FL) 1%; Hagerstown (MD) 1%; Chicago (IL) 1%; Metuchen (NJ) 0%; Diamond Bar Rsf (CA) 0%,0,0,,0,,109,0.015395480225988701,690,677,635,6336,0.908908334528762,0.9394393465550213,2069.0434421980244,1883.8286291739926,212.87311069526385,0.9567796610169483,0.9159604519774014,0.9790874524714825,0.8878326996197717,0.9888059701492538,0.9067164179104473,0.9767441860465117,0.9127906976744187,0.9534883720930235,0.7790697674418603,,,,,526,True,sometimes_builds_directs
pdd_10w,promised_delivery_end_range_date_at_order,10,369918,Trans Ocean NJ 08816,288,Trans Ocean,NJ,1,Rugs,Brianna Barrett,NJ,East Brunswick,08816,120 Tices Lane,EAST BRUNSWICK,NJ,8816,6993,11,335,0.047905047905047904,84,0.012012012012012012,173,0.02473902473902474,78,0.011154011154011155,0,0.0,0,0.0,6,0.5454545454545454,2026-06-07: 2; 2026-06-14: 52; 2026-06-21: 22; 2026-06-28: 2; 2026-07-05: 5; 2026-07-12: 1,Rialto (CA) 1%; Williamsburg Ncpc (FL) 0%; Denver (CO) 0%; East Brunswick (NJ) 0%,0,0,,0,,72,0.010296010296010296,469,373,353,6568,0.9489958098540673,0.7936417717634038,1256.552984311052,1177.1193968471582,85.23546026635435,0.9335049335049309,0.8834548834548815,0.9880597014925376,0.8895522388059705,0.9880952380952382,0.8928571428571427,0.9942196531791905,0.8959537572254335,0.9743589743589743,0.8717948717948718,,,,,335,True,sometimes_builds_directs
pdd_10w,promised_delivery_end_range_date_at_order,10,79055,Costway NJ 08505,38830,Costway,"CA,GA,IL,NJ,TX,WA",6,APS Outdoor,David Liu,NJ,Burlington,08505,201 Old York Road,ROBBINSVILLE,NJ,8691,6962,11,147,0.021114622234989944,29,0.004165469692617064,58,0.008330939385234128,31,0.004452743464521689,0,0.0,29,0.004165469692617064,8,0.7272727272727273,2026-06-07: 1; 2026-06-14: 19; 2026-06-21: 4; 2026-06-28: 1; 2026-07-05: 1; 2026-07-12: 1; 2026-07-26: 1; 2026-08-02: 1,Orlando (FL) 0%; Robbinsville (NJ) 0%,0,0,,14,Chicago Loop (IL) 0%; Atlanta (GA) 0%; Chicago (IL) 0%; Rialto (CA) 0%; Champaign (IL) 0%,11,0.001580005745475438,3048,2904,191,6760,0.9725219392893109,0.761486141762445,493.97529665587956,451.7679301631057,40.25657875774602,0.9606434932490654,0.9288997414536062,0.9523809523809524,0.863945578231292,1.0,0.9655172413793104,0.982758620689655,0.8965517241379308,0.8709677419354838,0.7741935483870968,,,0.9310344827586207,0.7931034482758622,147,True,sometimes_builds_directs
pdd_10w,promised_delivery_end_range_date_at_order,10,363084,NorthCape International (Chicago Wicker) GA 30024,433,NorthCape International (Chicago Wicker),GA,1,Outdoor Furniture,Kate Schryver,GA,Suwanee ,30024,1200 Northbrook Pkwy,BRASELTON,GA,30517,6839,10,443,0.06477555198128382,183,0.026758297996783156,152,0.022225471560169616,108,0.015791782424331043,0,0.0,0,0.0,7,0.7,2026-06-07: 2; 2026-06-14: 16; 2026-06-21: 95; 2026-06-28: 51; 2026-07-05: 12; 2026-07-12: 3; 2026-07-19: 4,Chino (CA) 1%; Tracy (CA) 1%; Woodbridge (NJ) 0%; Chicago (IL) 0%; Portland (OR) 0%,0,0,,0,,143,0.020909489691475363,634,533,532,6164,0.9205495818399044,0.8750531100601886,1043.6268310911819,948.6946176185868,99.68789875692677,0.6911829214797489,0.8131305746454174,0.8826185101580135,0.9458239277652364,0.9180327868852456,0.9726775956284152,0.8749999999999998,0.927631578947368,0.8333333333333334,0.9259259259259256,,,,,443,True,sometimes_builds_directs
pdd_10w,promised_delivery_end_range_date_at_order,10,40218,Loloi Rugs TX 75244,1452,Loloi Rugs,"GA,TX",2,Rugs,Alex Melius,TX,Dallas,75244,14060 Proton Rd,IRVING,TX,75062,6715,11,207,0.0308265078183172,60,0.008935219657483246,115,0.01712583767684289,25,0.0037230081906180195,0,0.0,7,0.0010424422933730455,3,0.2727272727272727,2026-06-07: 1; 2026-06-14: 50; 2026-06-21: 9,Woodbridge (NJ) 0%; Rialto (CA) 0%,0,0,,3,Atlanta (GA) 0%; Norcross (GA) 0%; South Atlanta Ncpc (GA) 0%,49,0.007297096053611318,706,391,329,6337,0.9506450645064507,0.8746520339688933,1061.9636321944513,992.3182023998191,61.033227224495974,0.859865971705138,0.831868950111689,0.9227053140096617,0.8792270531400967,0.9833333333333332,0.9666666666666668,0.9478260869565216,0.9130434782608695,0.68,0.56,,,0.8571428571428572,0.7142857142857143,207,True,sometimes_builds_directs
pdd_10w,promised_delivery_end_range_date_at_order,10,101679,HANGZHOU HOME TX 76118,69353,"HANGZHOU HOME FASHION TEXTILE CO.,LTD",TX,1,APS,lance Zhou,TX,Fort Worth,76118,2704 HANDLEY EDERVILLE RD,ARLINGTON,TX,76018,6687,11,123,0.018393898609241812,23,0.0034395094960370867,80,0.011963511290563781,20,0.0029908778226409452,0,0.0,0,0.0,5,0.45454545454545453,2026-06-14: 10; 2026-06-21: 4; 2026-06-28: 1; 2026-07-26: 7; 2026-08-02: 1,Hagerstown (MD) 0%; South Dallas Rsf (TX) 0%,0,0,,0,,95,0.01420666965754449,6592,486,299,6293,0.9546419902912622,0.711563188386887,1023.3652443471915,1019.7840525661501,82.41575027729378,0.9726334679228348,0.8568864961866316,0.9512195121951221,0.7886178861788616,1.0,0.9130434782608694,0.9249999999999999,0.7874999999999996,1.0,0.6500000000000001,,,,,123,True,sometimes_builds_directs
pdd_10w,promised_delivery_end_range_date_at_order,10,200271,CasePiece USA INC GA 30349,195274,CasePiece USA INC,GA,1,Casegoods,Prisha Mark,GA,Atlanta,30349,4071 Southmeadow Parkway W,AUSTELL,GA,30168,6675,11,215,0.03220973782771536,55,0.008239700374531835,114,0.01707865168539326,46,0.006891385767790262,0,0.0,0,0.0,2,0.18181818181818182,2026-06-14: 27; 2026-06-21: 28,Chino (CA) 0%; West Dallas Ncpc (TX) 0%,0,0,,0,,67,0.0100374531835206,6608,305,295,6313,0.9553571428571429,0.8875396535981476,836.065007189071,802.5466257668701,84.73943083244555,0.9941573033707881,0.9158052434456945,0.9906976744186042,0.9116279069767442,1.0,0.9454545454545455,0.9824561403508771,0.8771929824561404,1.0,0.9565217391304346,,,,,215,True,sometimes_builds_directs
pdd_10w,promised_delivery_end_range_date_at_order,10,28815,Vickerman Co. MN,1239,Vickerman Co.,MN,1,Decor,Maxwell Threlkeld,MN,NYA,55368,675 Tacoma Blvd,MINNEAPOLIS,MN,55379,6519,11,268,0.04111059978524313,58,0.008897070102776499,173,0.0265378125479368,37,0.0056757171345298355,0,0.0,0,0.0,2,0.18181818181818182,2026-06-14: 48; 2026-06-21: 10,Marietta (GA) 0%; Ocala (FL) 0%; Woodbridge (NJ) 0%,0,0,,0,,89,0.013652400674950146,6430,497,419,6011,0.934836702954899,0.8710849439750497,1179.7823796548596,1096.2558104738143,112.90672030288688,0.9934038963031132,0.8910875901211835,0.9850746268656722,0.9029850746268658,0.982758620689655,0.9310344827586207,1.0,0.9306358381502889,0.9189189189189189,0.7297297297297297,,,,,268,True,sometimes_builds_directs
pdd_10w,promised_delivery_end_range_date_at_order,10,210467,BelwithProductsLLC MI,11564,BelwithProductsLLC,MI,1,Hardware,Olivia Batt,MI,Grandville,49418,3100 Broadway Avenue SW,GRAND RAPIDS,MI,49544,6493,11,102,0.015709225319574926,21,0.0032342522716771907,67,0.010318804866779609,14,0.0021561681811181274,0,0.0,0,0.0,2,0.18181818181818182,2026-06-14: 20; 2026-06-21: 1,Ocala (FL) 0%,0,0,,0,,176,0.0271061142769136,440,392,203,6114,0.9678644926389108,0.7659755499188223,1036.8133590047385,957.8525921658983,40.230037587841245,0.9761281379947641,0.9291544740489763,0.9901960784313726,0.9215686274509804,1.0,1.0,1.0,0.9104477611940298,0.9285714285714285,0.8571428571428571,,,,,102,True,sometimes_builds_directs
pdd_10w,promised_delivery_end_range_date_at_order,10,22195,Meridian Furniture NJ 08638,20744,Meridian Furniture,NJ,1,Upholstery,Paul Powers,NJ,Trenton,08638,32 Plum St,ROBBINSVILLE,NJ,8691,6438,11,306,0.047530288909599254,120,0.01863932898415657,150,0.023299161230195712,36,0.005591798695246971,0,0.0,0,0.0,5,0.45454545454545453,2026-06-14: 80; 2026-06-21: 27; 2026-07-12: 2; 2026-07-19: 9; 2026-08-16: 2,Williamsburg Ncpc (FL) 1%; Rialto (CA) 0%; Houston (TX) 0%; Robbinsville (NJ) 0%,0,0,,0,,100,0.015532774153463809,461,345,314,6024,0.9504575575891449,0.8501179935898984,1242.7282723500539,1147.518878223229,82.63847881899865,0.9287045666356033,0.8895619757688724,0.9934640522875815,0.8758169934640517,1.0,0.9333333333333331,0.9866666666666668,0.8666666666666664,1.0,0.7222222222222222,,,,,306,True,sometimes_builds_directs
pdd_10w,promised_delivery_end_range_date_at_order,10,455376,EFCA03,58415,HENGJIAN HOME FURNISHING (HONG KONG) LIMITED_1,"CA,GA,IL,KS,NJ,TX,WA",7,APS AEOF,Yolanda GUI,CA,Fontana,92335,13230 San Bernardino Ave,WEST RIALTO,CA,92316,6303,11,136,0.021577026812628908,43,0.006822148183404728,44,0.006980802792321117,32,0.005076947485324449,0,0.0,17,0.0026971283515786135,7,0.6363636363636364,2026-06-07: 1; 2026-06-14: 31; 2026-06-21: 3; 2026-06-28: 3; 2026-07-12: 1; 2026-07-19: 3; 2026-08-09: 1,North Portland Rsf (OR) 0%; South Rialto - Ncpc (CA) 0%; Stockton Rsf (CA) 0%,0,0,,10,Metuchen (NJ) 0%; Houston (TX) 0%; West Dallas Ncpc (TX) 0%; Savannah (GA) 0%; Austin (TX) 0%,47,0.007456766619070284,6252,151,186,6070,0.9702685421994884,0.7399746227628519,850.0200697759842,809.9261823413055,38.86471939612737,0.9874662858956058,0.8616531810249087,0.9852941176470589,0.8676470588235293,1.0,0.8837209302325579,0.9772727272727272,0.909090909090909,1.0,0.78125,,,0.9411764705882352,0.8823529411764703,136,True,sometimes_builds_directs
pdd_10w,promised_delivery_end_range_date_at_order,10,280028, CHINO,88820,"Ningbo Meigao Outdoor Products Co., Ltd.","CA,GA,NJ",3,APS Outdoor,Amber Xiang,CA,Chino ,91710,5125 Schaefer Ave ,CHINO LOCAL,CA,91710,6294,11,390,0.06196377502383222,49,0.007785192246584048,187,0.02971083571655545,77,0.012233873530346362,0,0.0,77,0.012233873530346362,4,0.36363636363636365,2026-06-14: 26; 2026-06-21: 16; 2026-07-19: 4; 2026-07-26: 3,Hagerstown (MD) 0%; Toledo (OH) 0%; Lehigh Valley (PA) 0%; Industry (CA) 0%,0,0,,4,Marietta (GA) 1%; Woodbridge (NJ) 1%; Marietta Local (GA) 0%; Atlanta (GA) 0%,18,0.002859866539561487,6276,513,530,5746,0.9155513065646909,0.8160794068838935,1685.2941400465395,1567.989318521688,181.57708632519507,0.9656816015252631,0.8925961232920243,0.9358974358974359,0.8282051282051286,0.8775510204081631,0.857142857142857,0.9197860962566844,0.8395721925133691,1.0,0.7532467532467534,,,0.9480519480519479,0.8571428571428571,390,True,sometimes_builds_directs
pdd_10w,promised_delivery_end_range_date_at_order,10,36851,Half Price Drapes GA,10539,Half Price Drapes,GA,1,Soft Home,Madison Carvalho,GA,Atlanta,30336,600 Wharton Circle SW,AUSTELL,GA,30168,6114,11,268,0.04383382401046778,85,0.013902518809290153,122,0.01995420346745175,61,0.009977101733725876,0,0.0,0,0.0,7,0.6363636363636364,2026-06-14: 60; 2026-06-21: 20; 2026-06-28: 1; 2026-07-05: 1; 2026-07-12: 1; 2026-07-26: 1; 2026-08-09: 1,Chino (CA) 1%; Chicago (IL) 0%; Tracy (CA) 0%; Austell (GA) 0%,0,0,,0,,70,0.01144913313706248,366,289,309,5735,0.948874917273329,0.8310665621562663,908.150375114365,851.9929512998913,60.90255511022038,0.8694798822374875,0.8133791298658821,0.8955223880597015,0.7537313432835822,0.9176470588235295,0.6470588235294117,0.9098360655737705,0.8360655737704917,0.8360655737704915,0.7377049180327869,,,,,268,True,sometimes_builds_directs
pdd_10w,promised_delivery_end_range_date_at_order,10,297318,Eazeemats CA 91752 (4),45285,Eazeemats,"CA,VA",2,APS Upholstery,,CA,Jurupa Valley,91752,10314 Birtcher Drive ,WEST RIALTO,CA,92316,6044,11,432,0.071475843812045,172,0.028457974851091992,211,0.034910655195234945,49,0.008107213765718067,0,0.0,0,0.0,2,0.18181818181818182,2026-06-14: 122; 2026-06-21: 50,West Dallas Ncpc (TX) 1%; Metuchen (NJ) 1%; Marietta (GA) 1%; Williamsburg Ncpc (FL) 1%; Chicago (IL) 1%,0,0,,0,,93,0.015387160820648577,5945,495,512,5439,0.9139640396572005,0.9486799048476984,1684.5781274433148,1523.9460149195145,172.3090015256825,0.985936465916611,0.8284248841826606,1.0,0.8865740740740735,1.0,0.8895348837209303,1.0,0.8815165876777249,1.0,0.897959183673469,,,,,432,True,sometimes_builds_directs
pdd_10w,promised_delivery_end_range_date_at_order,10,30538,Godinger Silver Art Co. Ltd NY 10917,9291,Godinger Silver Art Co. Ltd,NY,1,Tabletop,Rehaan Sardana,NY,Central valley,10917,20 Bond Street,MONTGOMERY,NY,12549,5951,11,237,0.03982523945555369,59,0.009914300117627289,136,0.022853301966056123,42,0.007057637371870274,0,0.0,0,0.0,5,0.45454545454545453,2026-06-14: 51; 2026-06-21: 2; 2026-07-19: 1; 2026-07-26: 4; 2026-08-02: 1,Dallas (TX) 0%; Orlando (FL) 0%; Montgomery (NY) 0%,0,0,,0,,67,0.011258611997983533,439,362,288,5596,0.9510537049626104,0.861048255274069,1231.2080061755619,1150.084442979563,66.05189348089228,0.9379936145185691,0.8553184338766607,0.9915611814345989,0.8438818565400844,1.0,0.7796610169491525,1.0,0.9338235294117646,0.9523809523809524,0.6428571428571428,,,,,237,True,sometimes_builds_directs
pdd_10w,promised_delivery_end_range_date_at_order,10,373889, SLM CA3,58041,YISHANG TRADE INC,"CA,GA,NJ,TX",4,APS Outdoor,Melody Lu,CA,Ontario,91761,5691 Philadelphia Street Suite 200,CHINO LOCAL,CA,91710,5865,11,369,0.06291560102301791,90,0.015345268542199489,122,0.02080136402387042,67,0.011423699914748509,0,0.0,90,0.015345268542199489,9,0.8181818181818182,2026-06-07: 2; 2026-06-14: 61; 2026-06-21: 6; 2026-06-28: 2; 2026-07-05: 2; 2026-07-12: 5; 2026-07-19: 4; 2026-07-26: 4; 2026-08-02: 4,North Portland Rsf (OR) 1%; Chino Hills Ncpc (CA) 0%; Portland (OR) 0%; Stockton Rsf (CA) 0%,0,0,,16,Richmond Hill Ncpc (GA) 0%; Sugar Land (TX) 0%; Metuchen (NJ) 0%; East Brunswick (NJ) 0%; West Savannah  Ncpc (GA) 0%,15,0.0025575447570332483,5847,436,492,5358,0.9158974358974359,0.7023052129613176,725.3173563680184,645.8654657113614,130.15049691569536,0.9367433930093778,0.8721227621483363,0.8943089430894302,0.8075880758807589,0.9222222222222219,0.8777777777777775,0.8442622950819669,0.7868852459016392,0.9253731343283583,0.761194029850746,,,0.9111111111111111,0.8000000000000002,369,True,sometimes_builds_directs
pdd_10w,promised_delivery_end_range_date_at_order,10,25980,California Umbrella CA,716,California Umbrella,"CA,TX",2,Outdoor Furniture,Kate Schryver,CA,Jurupa Valley,92509,4645 Troy Ct,RIALTO LOCAL,CA,92316,5803,11,253,0.043598138893675684,40,0.006892986386351887,156,0.026882646906772358,47,0.008099259003963468,0,0.0,10,0.0017232465965879718,5,0.45454545454545453,2026-06-07: 2; 2026-06-14: 1; 2026-06-21: 12; 2026-06-28: 21; 2026-07-05: 4,Metuchen (NJ) 0%; Breinigsville Rsf (PA) 0%,0,0,,2,Houston (TX) 0%; West Dallas Ncpc (TX) 0%,101,0.017404790625538513,5701,348,389,5313,0.9317783233952999,0.9276917013728189,1671.1258815551528,1579.9358404035768,139.65427065026395,0.935550577287608,0.7073927278993604,0.9841897233201585,0.885375494071146,0.9749999999999998,0.8999999999999998,0.9807692307692308,0.9102564102564098,1.0,0.8085106382978723,,,1.0,0.7999999999999999,253,True,sometimes_builds_directs
pdd_10w,promised_delivery_end_range_date_at_order,10,149170,Alphamarts 007-F CA 91789,46710,Alphamarts,"CA,GA,IL,MD,NJ,PA,TX",7,APS Outdoor,Melody Lu,CA,Walnut,91789,20301 E Walnut Dr N,INDUSTRY,CA,91789,5793,11,487,0.08406697738650094,99,0.017089590885551526,99,0.017089590885551526,148,0.02554807526324875,0,0.0,141,0.024339720352149145,8,0.7272727272727273,2026-06-14: 49; 2026-06-21: 6; 2026-07-05: 9; 2026-07-12: 4; 2026-07-19: 11; 2026-07-26: 9; 2026-08-02: 10; 2026-08-16: 1,Anaheim (CA) 1%; Portland (OR) 1%; Stockton Rsf (CA) 0%; Oceanside (CA) 0%,0,0,,22,Metuchen (NJ) 0%; Hagerstown (MD) 0%; Baytown (TX) 0%; Fort Worth (TX) 0%; Lehigh Valley (PA) 0%,19,0.003279820472984637,5770,613,672,5102,0.883616210599238,0.4279632661063179,974.190148553557,887.2935436690354,240.60471451021508,0.9882616951493185,0.9186949766960116,0.9917864476386036,0.8357289527720739,1.0,0.8787878787878786,1.0,0.9494949494949492,0.993243243243243,0.6081081081081081,,,0.978723404255319,0.9645390070921988,487,True,sometimes_builds_directs
pdd_10w,promised_delivery_end_range_date_at_order,10,60107,Happy Girl GA 30168,58611,WINADO INC,"CA,GA,IL,NJ,TX",5,APS Outdoor,Melody Lu,GA,Austell,30168,240 The Bluffs,AUSTELL,GA,30168,5752,11,289,0.050243393602225316,21,0.003650904033379694,71,0.012343532684283728,108,0.018776077885952713,0,0.0,89,0.015472878998609179,7,0.6363636363636364,2026-06-07: 1; 2026-06-21: 4; 2026-07-05: 1; 2026-07-12: 3; 2026-07-19: 1; 2026-07-26: 7; 2026-08-09: 4,Austell (GA) 0%; Olive Branch (MS) 0%; South Atlanta Ncpc (GA) 0%,0,0,,27,Chicago (IL) 0%; Romeoville Rsf (IL) 0%; Chino (CA) 0%; Stockton Rsf (CA) 0%; West Dallas Ncpc (TX) 0%,26,0.004520166898470098,3795,359,378,5348,0.9339853300733496,0.5186078319528861,681.7232327243856,654.6082439411991,75.86733970952878,0.9288942976356057,0.8920375521557713,0.8166089965397921,0.7508650519031143,0.7619047619047619,0.8095238095238094,1.0,0.9295774647887323,0.6203703703703703,0.5462962962962964,,,0.9213483146067415,0.8426966292134834,289,True,sometimes_builds_directs
pdd_10w,promised_delivery_end_range_date_at_order,10,288245,Xiamen MDM CA 91761,85432,Xiamen MDM,CA,1,APS,Nicole Sun,CA,Ontario,91761,3625 E Jurupa St,CHINO LOCAL,CA,91710,5716,11,311,0.054408677396780965,121,0.021168649405178448,162,0.02834149755073478,28,0.00489853044086774,0,0.0,0,0.0,2,0.18181818181818182,2026-06-14: 37; 2026-06-21: 84,Williamsburg Ncpc (FL) 1%; Marietta (GA) 0%; Metuchen (NJ) 0%; North Charlotte Rsf (NC) 0%,0,0,,0,,49,0.008572428271518544,5665,391,408,5259,0.9280042350449974,0.9183768687482378,1736.6842061164623,1608.7732108929706,156.61745049504935,0.9196990902729191,0.8400979706088174,0.9774919614147913,0.87459807073955,0.9669421487603305,0.8760330578512395,0.9876543209876543,0.8827160493827156,0.9642857142857142,0.8214285714285713,,,,,311,True,sometimes_builds_directs
pdd_10w,promised_delivery_end_range_date_at_order,10,40090,Loloi Rugs TX 75244 (2),1452,Loloi Rugs,"GA,TX",2,Rugs,Alex Melius,TX,Farmers Branch,75244,13963 Welch Rd,IRVING,TX,75062,5694,11,176,0.030909729539866527,92,0.016157358623112048,62,0.010888654724271163,15,0.0026343519494204425,0,0.0,7,0.0012293642430628731,3,0.2727272727272727,2026-06-14: 83; 2026-06-21: 8; 2026-07-05: 1,Rialto (CA) 1%; Champaign (IL) 1%; Tracy (CA) 0%,0,0,,2,Atlanta (GA) 0%; South Atlanta Ncpc (GA) 0%,19,0.0033368458025992273,2487,331,292,5383,0.948546255506608,0.8658506346440594,1031.21616783217,979.4937561942525,71.5178622159089,0.728661749209696,0.7753775904460833,0.471590909090909,0.5000000000000001,0.39130434782608703,0.3913043478260869,0.5645161290322579,0.6129032258064516,0.5333333333333334,0.6000000000000001,,,0.5714285714285714,0.7142857142857143,176,True,sometimes_builds_directs
pdd_10w,promised_delivery_end_range_date_at_order,10,79733,MKAY GROUP CORP,79733,MKAY GROUP CORP,CA,1,Outdoor Structures,Asia Supplier Service Desk,CA,La Puente,91744,515 Yorbita Rd,INDUSTRY,CA,91789,5623,11,364,0.06473412768984528,82,0.01458296283122888,187,0.03325626889560733,95,0.01689489596300907,0,0.0,0,0.0,6,0.5454545454545454,2026-06-07: 6; 2026-06-14: 10; 2026-06-21: 63; 2026-07-12: 1; 2026-08-02: 1; 2026-08-09: 1,Orlando (FL) 0%; Woodbridge (NJ) 0%; Greensboro (NC) 0%; Toledo (OH) 0%; Arcadia (CA) 0%,0,0,,0,,99,0.01760626000355682,3195,435,466,5058,0.9156408399710355,0.8006577359979555,1681.7563624947643,1566.6825604615021,175.74148685403418,0.9759914636315122,0.9320647341276901,0.9285714285714277,0.8626373626373622,0.902439024390244,0.8902439024390243,0.9358288770053472,0.8823529411764708,0.9368421052631578,0.8,,,,,364,True,sometimes_builds_directs
pdd_10w,promised_delivery_end_range_date_at_order,10,17066,  CA2,3215,"GigaCloud Trading, Inc.","CA,GA,NJ,TX",4,Outdoor Furniture,Amy Connell,CA,city of industry,91789,108 to 118 brea canyon road,INDUSTRY,CA,91789,5484,11,1783,0.325127644055434,289,0.052698760029175784,193,0.035193289569657185,358,0.06528081692195478,0,0.0,943,0.17195477753464625,8,0.7272727272727273,2026-06-07: 43; 2026-06-14: 129; 2026-06-21: 88; 2026-06-28: 19; 2026-07-05: 6; 2026-07-12: 1; 2026-07-19: 1; 2026-08-02: 2,East Chattanooga (TN) 2%; Williamsburg Ncpc (FL) 1%; Hagerstown (MD) 0%; Chattanooga (TN) 0%; Orlando (FL) 0%,0,0,,26,South Atlanta Ncpc (GA) 7%; West Savannah  Ncpc (GA) 3%; East Brunswick (NJ) 2%; Richmond Hill Ncpc (GA) 2%; Metuchen (NJ) 1%,65,0.011852662290299052,5278,2628,2711,2708,0.49972319616165345,0.10367249176690814,1453.342062759576,1247.823482187655,1129.7411039453734,0.7930342815463173,0.7374179431072211,0.7044307347167694,0.7347167694896232,0.46366782006920415,0.8961937716262972,0.7305699481865285,0.7979274611398962,0.5670391061452518,0.6033519553072618,,,0.8250265111346761,0.7221633085896075,1783,True,sometimes_builds_directs
pdd_10w,promised_delivery_end_range_date_at_order,10,48714,Balta Incorporated GA 31320,296,Balta Incorporated,GA,1,Rugs,Brianna Barrett,GA,Midway,31320,328 Industrial Blvd,SAVANNAH LOCAL,GA,31408,5466,11,246,0.04500548847420417,42,0.007683863885839737,141,0.02579582875960483,63,0.011525795828759604,0,0.0,0,0.0,5,0.45454545454545453,2026-06-14: 5; 2026-06-21: 32; 2026-07-05: 2; 2026-07-12: 1; 2026-07-26: 2,Stockton Rsf (CA) 0%; Portland (OR) 0%; Richmond Hill Ncpc (GA) 0%; Aurora (CO) 0%,0,0,,0,,90,0.01646542261251372,5376,334,310,5066,0.9423363095238095,0.8849989257958553,1100.0001878816345,993.6360149439612,100.84710728328052,0.9712769849981706,0.894804244420052,0.9918699186991871,0.8780487804878051,0.9761904761904762,0.9047619047619045,0.9929078014184395,0.8865248226950353,1.0,0.8412698412698413,,,,,246,True,sometimes_builds_directs
pdd_10w,promised_delivery_end_range_date_at_order,10,245571,YITA LLC GA 30297,70265,YITA LLC,"CA,GA,NJ,WA",4,APS AEOF,Carl Li,GA,Forest Park,30297,200 METCALF,SOUTH ATLANTA,GA,30294,5386,11,862,0.16004455997029335,69,0.012810991459339028,141,0.026178982547344968,623,0.11567025621982918,0,0.0,29,0.0053843297437801705,8,0.7272727272727273,2026-06-07: 5; 2026-06-14: 27; 2026-06-21: 18; 2026-06-28: 9; 2026-07-05: 4; 2026-07-12: 2; 2026-07-19: 3; 2026-08-02: 1,Olive Branch (MS) 1%; Williamsburg Ncpc (FL) 0%; East Nashville (TN) 0%; Nashville (TN) 0%; South Atlanta Ncpc (GA) 0%,0,0,,6,Metuchen (NJ) 0%; Chino (CA) 0%; Woodbridge (NJ) 0%; South Rialto - Ncpc (CA) 0%; Stockton Rsf (CA) 0%,15,0.002784998143334571,5367,1466,1442,3929,0.7315211320052132,0.28660690350741685,697.820844586301,652.1869725738401,122.11318496353101,0.8767174155217228,0.8267731154845914,0.8631090487238979,0.7923433874709986,0.9130434782608695,0.9275362318840579,1.0,0.8510638297872338,0.8218298555377208,0.7672552166934195,,,0.9655172413793103,0.7241379310344827,862,True,sometimes_builds_directs
pdd_10w,promised_delivery_end_range_date_at_order,10,279170,"GigaCloud Trading, Inc. AT4 GA 31408",3215,"GigaCloud Trading, Inc.","CA,GA,NJ,TX",4,Outdoor Furniture,Amy Connell,GA,Savannah,31408,133 Coleman Blvd,SAVANNAH LOCAL,GA,31408,5385,11,283,0.05255338904363974,20,0.003714020427112349,116,0.021541318477251624,58,0.010770659238625812,0,0.0,89,0.016527390900649953,9,0.8181818181818182,2026-06-07: 1; 2026-06-14: 1; 2026-06-21: 3; 2026-06-28: 1; 2026-07-12: 4; 2026-07-19: 2; 2026-07-26: 1; 2026-08-02: 3; 2026-08-09: 4,Richmond Hill Ncpc (GA) 0%,0,0,,17,Metuchen (NJ) 0%; South Dallas Rsf (TX) 0%; South Rialto - Ncpc (CA) 0%; Arcadia (CA) 0%; Stockton Rsf (CA) 0%,32,0.005942432683379758,5349,432,427,4926,0.9202316458060901,0.3897664563795907,906.1167260631981,860.2495851144063,110.95598266440551,0.7639740018570099,0.8679665738161567,0.7385159010600707,0.7526501766784452,0.44999999999999996,0.7499999999999999,0.8189655172413794,0.8448275862068969,0.689655172413793,0.7241379310344828,,,0.7303370786516854,0.6516853932584268,283,True,sometimes_builds_directs
pdd_10w,promised_delivery_end_range_date_at_order,10,20278,Mozaic Company Arlington Warehouse,9751,Mozaic Company,TX,1,Outdoor Furniture,Kate Schryver,TX,Arlington,76011,1101 Avenue G,ARLINGTON,TX,76018,5334,11,90,0.01687289088863892,40,0.0074990626171728535,45,0.00843644544431946,5,0.0009373828271466067,0,0.0,0,0.0,2,0.18181818181818182,2026-06-14: 39; 2026-06-21: 1,Rialto (CA) 1%; Woodbridge (NJ) 0%,0,0,,0,,70,0.013123359580052493,459,435,233,5031,0.9557370820668692,0.9185448321620331,1083.648005766456,950.4811371841156,57.54579698651871,0.8854518185226842,0.8530183727034119,0.7777777777777777,0.7444444444444441,0.8249999999999998,0.8749999999999998,0.7555555555555555,0.6444444444444444,0.6,0.6,,,,,90,True,sometimes_builds_directs
pdd_10w,promised_delivery_end_range_date_at_order,10,184038,Household Essentials TN 38109,5718,Household Essentials,TN,1,Decor,Robert Williams,TN,Memphis,38109,1725 S Third St,MEMPHIS LOCAL,TN,38106,5199,11,191,0.0367378341988844,44,0.008463165993460281,98,0.01884977880361608,49,0.00942488940180804,0,0.0,0,0.0,1,0.09090909090909091,2026-06-14: 44,Rialto (CA) 0%; Metuchen (NJ) 0%,0,0,,0,,35,0.006732063858434314,5164,270,261,4903,0.9494577846630519,0.834299263364172,972.1826010544817,921.4506421556297,60.31772398984966,0.9940373148682439,0.9342181188690147,1.0,0.9319371727748689,1.0,0.9772727272727271,1.0,0.9183673469387755,1.0,0.9183673469387755,,,,,191,True,sometimes_builds_directs
pdd_10w,promised_delivery_end_range_date_at_order,10,351179,DWNJ1. NJ 08873,326437,Hongkong Taisheng Furniture Trading Limited,"CA,GA,IL,NJ,TX",5,APS AEOF,Ivy Mao,NJ,Somerset,08873,244 Belmont Dr,WOODBRIDGE LOCAL,NJ,8832,5184,11,117,0.022569444444444444,20,0.0038580246913580245,40,0.007716049382716049,29,0.0055941358024691355,0,0.0,28,0.005401234567901234,9,0.8181818181818182,2026-06-07: 1; 2026-06-14: 1; 2026-06-21: 4; 2026-07-05: 1; 2026-07-12: 1; 2026-07-19: 2; 2026-07-26: 5; 2026-08-02: 3; 2026-08-09: 2,Woodbridge (NJ) 0%,0,0,,5,Mccook (IL) 0%; Chicago Loop (IL) 0%; Chicago (IL) 0%; Braselton (GA) 0%; West Savannah  Ncpc (GA) 0%,7,0.0013503086419753086,5176,164,146,5031,0.9717983388062584,0.7648498879066778,465.54310618066523,442.0433518371665,30.582040816326522,0.911072530864197,0.8721064814814817,0.9829059829059829,0.7948717948717948,1.0,0.7999999999999999,1.0,0.825,0.9655172413793104,0.6896551724137931,,,0.9642857142857142,0.8571428571428572,117,True,sometimes_builds_directs
pdd_10w,promised_delivery_end_range_date_at_order,10,36015,Jaipur Rugs GA30102,2433,Jaipur Living,GA,1,Rugs,Alex Melius,GA,Acworth,30102,1800 CHEROKEE PARKWAY,MARIETTA LOCAL,GA,30144,5109,11,157,0.03073008416519867,29,0.005676257584654531,105,0.020551967116852612,23,0.004501859463691525,0,0.0,0,0.0,4,0.36363636363636365,2026-06-07: 1; 2026-06-14: 4; 2026-06-21: 21; 2026-07-26: 3,Chino (CA) 0%; Marietta (GA) 0%,0,0,,0,,103,0.02016050107653161,5005,298,265,4741,0.9470635237714742,0.8526567762945105,996.7710251341423,944.2056364117495,83.36555824264437,0.9324721080446257,0.86396555098845,0.9808917197452227,0.8789808917197451,0.9655172413793104,1.0,0.980952380952381,0.8571428571428571,1.0,0.826086956521739,,,,,157,True,sometimes_builds_directs
pdd_10w,promised_delivery_end_range_date_at_order,10,293214,CIAO JING INC CA 92879 ,88927,CIAO JING INC,CA,1,Upholstery,Oscar Li,CA,Corona,92879 ,2565 Sampson Ave ,WEST RIALTO,CA,92316,5084,11,448,0.08811959087332809,201,0.03953579858379229,124,0.024390243902439025,123,0.024193548387096774,0,0.0,0,0.0,5,0.45454545454545453,2026-06-14: 98; 2026-06-21: 91; 2026-07-26: 8; 2026-08-02: 3; 2026-08-09: 1,Romeoville Rsf (IL) 1%; Hagerstown (MD) 1%; Williamsburg Ncpc (FL) 1%; Greensboro (NC) 0%; West Dallas Ncpc (TX) 0%,0,0,,0,,28,0.0055074744295830055,5021,1013,1052,4004,0.7919303797468354,0.7249151433420473,1905.3455671806173,1719.03822468793,335.22834032354695,0.7920928402832411,0.8107789142407549,0.7767857142857145,0.8169642857142859,0.9353233830845771,0.8009950248756218,0.8387096774193545,0.8225806451612904,0.4552845528455285,0.8373983739837397,,,,,448,True,sometimes_builds_directs
pdd_10w,promised_delivery_end_range_date_at_order,10,13342,Kennedy International Inc,13342,Kennedy International Inc,NJ,1,Storage & Org - Frequency,Bryn Bennett,NJ,Old Bridge,08857,1800 Old Water Works Road,EAST BRUNSWICK,NJ,8816,5074,11,213,0.041978715017737485,26,0.005124162396531336,149,0.029365392195506504,38,0.007489160425699646,0,0.0,0,0.0,4,0.36363636363636365,2026-06-07: 1; 2026-06-14: 14; 2026-06-21: 10; 2026-07-05: 1,Rialto (CA) 1%,0,0,,0,,38,0.007489160425699646,295,256,230,4806,0.954328832406672,0.8876838114634825,1105.8313858039592,1029.1909622411677,70.56017964071869,0.9812770989357501,0.8744580212849816,0.948356807511737,0.8403755868544601,0.8846153846153845,0.8846153846153845,0.9798657718120803,0.825503355704698,0.8684210526315789,0.868421052631579,,,,,213,True,sometimes_builds_directs
pdd_10w,promised_delivery_end_range_date_at_order,10,63102,Kenney Manufacturing Company RI 02886,15320,Kenney Manufacturing Company,"AR,RI",2,Soft Home,Madison Carvalho,RI,Warwick,02886,1000 Jefferson Blvd,PROVIDENCE,RI,2919,5053,11,171,0.033841282406491195,38,0.007520284979220265,90,0.017811201266574313,43,0.008509796160696616,0,0.0,0,0.0,6,0.5454545454545454,2026-06-07: 2; 2026-06-14: 31; 2026-06-28: 1; 2026-07-05: 2; 2026-07-12: 1; 2026-07-19: 1,Hagerstown (MD) 1%; Providence (RI) 0%,0,0,,0,,18,0.0035622402533148625,338,298,242,4793,0.9519364448857994,0.8186309400958891,658.2116898490683,604.2321289937285,49.536556556556505,0.9877300613496935,0.9105481891945365,0.9883040935672517,0.8245614035087715,1.0,0.7368421052631581,0.988888888888889,0.8777777777777779,0.9767441860465115,0.7906976744186046,,,,,171,True,sometimes_builds_directs
pdd_10w,promised_delivery_end_range_date_at_order,10,365143,Home & More LLC GA 30720,12386,Home & More LLC,GA,1,Decor,Kadin Nestler,GA,Calhoun,30701,101 Fred Hurley Rd,EAST CHATTANOOGA,TN,37363,5051,11,231,0.045733518115224706,28,0.0055434567412393585,133,0.026331419520886953,70,0.013858641853098397,0,0.0,0,0.0,5,0.45454545454545453,2026-06-14: 14; 2026-06-21: 11; 2026-06-28: 1; 2026-07-12: 1; 2026-07-19: 1,Rialto (CA) 0%; Lehigh Valley (PA) 0%,0,0,,0,,53,0.0104929716887745,416,361,321,4677,0.9357743097238895,0.680853879286823,974.8522879464282,917.6389123696816,65.52625935666617,0.9489210057414369,0.9019996040388036,0.7965367965367962,0.7445887445887448,0.857142857142857,0.8571428571428572,0.8421052631578947,0.7744360902255637,0.6857142857142857,0.6428571428571427,,,,,231,True,sometimes_builds_directs
pdd_10w,promised_delivery_end_range_date_at_order,10,112675,Sign Leader Incorporation CA 91766,109826,Sign Leader Incorporation,"CA,PA,TX",3,APS Youth,Mariah Mao,CA,Pomona,91766,2000 W Mission Blvd,INDUSTRY,CA,91789,5017,11,662,0.13195136535778354,58,0.011560693641618497,118,0.023520031891568666,86,0.01714171815826191,0,0.0,400,0.07972892166633447,5,0.45454545454545453,2026-06-14: 19; 2026-06-21: 36; 2026-07-05: 1; 2026-07-26: 1; 2026-08-02: 1,Orlando (FL) 0%; Marietta (GA) 0%; Portland (OR) 0%,0,0,,10,Fairless Hills (PA) 6%; South Dallas Rsf (TX) 1%; Lehigh Valley (PA) 0%; Houston (TX) 0%; Fort Worth (TX) 0%,115,0.022922064979071156,1086,724,727,4175,0.8516931864545083,0.38389804458520804,1510.9493530499064,1399.1965026531593,341.5446340460529,0.9276460035878011,0.8847917081921471,0.7945619335347428,0.8308157099697886,0.8275862068965516,0.9482758620689655,0.8220338983050849,0.906779661016949,0.5348837209302326,0.6744186046511629,,,0.8374999999999998,0.8250000000000006,662,True,sometimes_builds_directs
pdd_10w,promised_delivery_end_range_date_at_order,10,249,Whitehall Products,249,Whitehall Products,MI,1,Decor,Kadin Nestler,MI,Whitehall,49461,1625 S. Warner Street,GRAND RAPIDS,MI,49544,4893,8,103,0.021050480277948088,26,0.005313713468219906,63,0.012875536480686695,14,0.002861230329041488,0,0.0,0,0.0,3,0.375,2026-06-14: 16; 2026-06-21: 9; 2026-07-19: 1,Atlanta (GA) 0%; Ocala (FL) 0%,0,0,,0,,60,0.012262415695892091,419,383,198,4635,0.9590316573556797,0.8533793583400292,878.9881341719079,804.2148743304494,45.095499146757746,0.7461679950950331,0.8612303290414886,0.6990291262135924,0.7669902912621362,0.7692307692307692,0.9230769230769229,0.650793650793651,0.7142857142857142,0.7857142857142858,0.7142857142857143,,,,,103,True,sometimes_builds_directs
pdd_10w,promised_delivery_end_range_date_at_order,10,79383,ColourTree CA,41086,ColourTree,CA,1,Upholstery,Asia Supplier Service Desk,CA,La Puente,91744,515 Yorbita Rd,INDUSTRY,CA,91789,4880,11,350,0.07172131147540983,55,0.011270491803278689,222,0.04549180327868853,73,0.014959016393442623,0,0.0,0,0.0,2,0.18181818181818182,2026-06-07: 4; 2026-06-21: 51,Greensboro (NC) 0%; Orlando (FL) 0%; Toledo (OH) 0%,0,0,,0,,142,0.029098360655737704,3640,426,466,4272,0.9016462642465175,0.9121117533371179,1655.205825242715,1491.3651953893727,209.89423484527296,0.7799180327868868,0.9331967213114759,0.4200000000000003,0.8714285714285712,0.4000000000000001,0.9272727272727271,0.4324324324324323,0.8738738738738733,0.39726027397260283,0.8219178082191783,,,,,350,True,sometimes_builds_directs
pdd_10w,promised_delivery_end_range_date_at_order,10,301513,Avanti Linens NJ,5376,Avanti Linens,NJ,1,Storage & Org - Frequency,Bryn Bennett,NJ,Moonachie,07074,234 Moonachie Raod,MOONACHIE,NJ,7606,4826,11,94,0.01947782842934107,24,0.004973062577704103,59,0.012225445503522586,11,0.0022793203481143802,0,0.0,0,0.0,2,0.18181818181818182,2026-06-14: 21; 2026-06-21: 3,Rialto (CA) 0%,0,0,,0,,2,0.0004144218814753419,283,239,144,4680,0.9701492537313433,0.8874661319668127,1170.784740374427,1067.3349393414207,48.646949546126216,0.8810609200165777,0.8381682552838778,0.7765957446808511,0.4999999999999999,0.7916666666666666,0.45833333333333337,0.728813559322034,0.4406779661016949,1.0,0.9090909090909091,,,,,94,True,sometimes_builds_directs
pdd_10w,promised_delivery_end_range_date_at_order,10,406728,Southern Enterprises Inc (SEI) IL 60435,390,Augusta Home LLC,"CA,GA,IL,IN,NJ,PA,TX",7,Casegoods,Joseph Hannigan,IL,Joliet,60435,2695 Plainfield Rd,SOUTH CHICAGO,IL,60446,4795,11,170,0.035453597497393116,20,0.004171011470281543,53,0.011053180396246089,29,0.006047966631908238,0,0.0,68,0.014181438998957248,5,0.45454545454545453,2026-06-14: 1; 2026-07-12: 2; 2026-07-26: 3; 2026-08-02: 7; 2026-08-09: 7,Romeoville Rsf (IL) 0%,0,0,,11,Atlanta (GA) 0%; Tracy (CA) 0%; Metuchen (NJ) 0%; West Dallas Ncpc (TX) 0%; Houston (TX) 0%,38,0.007924921793534932,4752,217,217,4540,0.9543830145049401,0.7884442313219139,872.3215137503038,830.2088064046588,54.64986190779689,0.9570385818561014,0.8792492179353494,1.0,0.911764705882353,1.0,1.0,1.0,0.962264150943396,1.0,0.7586206896551724,,,1.0,0.9117647058823528,170,True,sometimes_builds_directs
pdd_10w,promised_delivery_end_range_date_at_order,10,236498,Oberon Dist,49956,Oberon Distribution,CA,1,Lighting,Cheryl Lin,CA,chino,91708,15940 euclid ave,CHINO LOCAL,CA,91710,4786,11,343,0.07166736314249895,23,0.004805683242791475,235,0.04910154617634768,85,0.0177601337233598,0,0.0,0,0.0,2,0.18181818181818182,2026-06-14: 6; 2026-06-21: 17,Metuchen (NJ) 0%,0,0,,0,,47,0.009820309235269536,4737,422,459,4280,0.9031441232327495,0.9124172749880229,1829.3061166059367,1688.9731025299602,197.33477801268498,0.915378186376933,0.9249895528625166,0.9329446064139941,0.9125364431486875,1.0,0.9565217391304346,0.931914893617021,0.8978723404255322,0.9176470588235295,0.9411764705882354,,,,,343,True,sometimes_builds_directs
pdd_10w,promised_delivery_end_range_date_at_order,10,356194,Shenzhen Like Keji Youxiangongsi GA 31407,62368,Shenzhen Like Keji Youxiangongsi,"CA,GA,NJ,PA,TX",5,APS Bedroom,Lydia Liu,GA,Savannah,31407,"150 Portside Ct, Savannah, GA 31407",SAVANNAH LOCAL,GA,31408,4777,11,184,0.03851789826250785,27,0.005652082897215826,50,0.010466820180029307,39,0.00816411974042286,0,0.0,68,0.014234875444839857,8,0.7272727272727273,2026-06-07: 2; 2026-06-21: 1; 2026-06-28: 8; 2026-07-05: 3; 2026-07-12: 3; 2026-07-19: 4; 2026-07-26: 5; 2026-08-02: 1,Williamsburg Ncpc (FL) 0%; Richmond Hill Ncpc (GA) 0%,0,0,,16,West Dallas Ncpc (TX) 0%; Rancho Cucamonga Ncpc (CA) 0%; Houston (TX) 0%; Lehigh Valley (PA) 0%; Stockton Rsf (CA) 0%,5,0.0010466820180029307,4772,445,445,4327,0.9067476948868399,0.4550388950674069,707.5017740429502,663.8684444444452,85.38467843631759,0.8316935315051279,0.865815365292024,0.956521739130435,0.8532608695652173,0.8888888888888887,0.9629629629629629,1.0,0.9000000000000001,0.9487179487179486,0.794871794871795,,,0.9558823529411765,0.8088235294117648,184,True,sometimes_builds_directs
pdd_10w,promised_delivery_end_range_date_at_order,10,27175,CreativeDisplaysInc NJ,12430,CreativeDisplaysInc,NJ,1,Decor,Phoebe Leonard,NJ,Tinton Falls,07753,349 Essex Road,PRINCETON,NJ,8810,4746,11,242,0.05099030762747577,76,0.016013485040033713,123,0.025916561314791402,43,0.009060261272650654,0,0.0,0,0.0,2,0.18181818181818182,2026-06-14: 31; 2026-06-21: 45,Dallas (TX) 1%; Orlando (FL) 1%; Rialto (CA) 1%,0,0,,0,,198,0.041719342604298354,285,262,246,4302,0.945910290237467,0.8835093873424282,1242.6289300511812,1149.1958869543296,89.3155134420452,0.9863042562157598,0.91866835229667,0.9876033057851238,0.7809917355371899,1.0,0.7763157894736841,0.9918699186991868,0.8373983739837396,0.9534883720930231,0.627906976744186,,,,,242,True,sometimes_builds_directs
pdd_10w,promised_delivery_end_range_date_at_order,10,58244,P and P Imports LLC CA92614,8832,P and P Imports LLC,CA,1,Recreation,XiLin Choi,CA,Irvine,92614,17352 Derian Ave,ANAHEIM,CA,92801,4734,11,339,0.07160963244613434,128,0.02703844528939586,159,0.03358681875792142,52,0.010984368398817067,0,0.0,0,0.0,3,0.2727272727272727,2026-06-07: 1; 2026-06-14: 74; 2026-06-21: 53,Metuchen (NJ) 1%; Hagerstown (MD) 0%; Orlando (FL) 0%; Marietta (GA) 0%; Lehigh Valley (PA) 0%,0,0,,0,,80,0.01689902830587241,520,473,497,4157,0.8932101418134938,0.9428704928294585,1752.88623688156,1557.2626702997306,227.40340370529935,0.942120828052386,0.8749471905365434,0.8082595870206488,0.725663716814159,0.8203125000000001,0.6484374999999999,0.7924528301886791,0.7735849056603777,0.826923076923077,0.769230769230769,,,,,339,True,sometimes_builds_directs
pdd_10w,promised_delivery_end_range_date_at_order,10,19014,Nuvo Lighting NY 11717,3478,Nuvo Lighting,"CA,FL,NY,TX,WA",5,Lighting,Kya Mehlman,NY,Brentwood,11717,110 HEARTLAND BLVD,LONG ISLAND,NY,11741,4719,11,379,0.08031362576817122,23,0.004873913964823055,29,0.006145369781733418,55,0.011655011655011656,0,0.0,272,0.05763933036660309,7,0.6363636363636364,2026-06-07: 1; 2026-06-14: 4; 2026-06-21: 3; 2026-06-28: 4; 2026-07-05: 6; 2026-07-12: 1; 2026-08-09: 4,Long Island (NY) 0%,0,0,,8,Miami (FL) 5%; Irving (TX) 1%; Everett (WA) 0%; Hayward (CA) 0%; South Dallas Rsf (TX) 0%,21,0.004450095359186269,638,609,549,4149,0.8831417624521073,0.5288778514124323,485.2320713505645,409.9562364031908,149.83996580465907,0.9910998092816264,0.8965882602246247,0.9894459102902375,0.8680738786279686,1.0,0.826086956521739,1.0,0.8275862068965516,1.0,0.6363636363636362,,,0.9852941176470585,0.9227941176470591,379,True,sometimes_builds_directs
pdd_10w,promised_delivery_end_range_date_at_order,10,275205,Town Country Linen Corporation CA 92376,29622,Town Country Linen Corporation,CA,1,Tabletop,Isabella Keel,CA,Rialto,92376,181 S Larch Ave,WEST RIALTO,CA,92316,4718,11,314,0.0665536244171259,124,0.02628232301822806,130,0.02755404832556168,60,0.01271725307333616,0,0.0,0,0.0,2,0.18181818181818182,2026-06-14: 43; 2026-06-21: 81,Metuchen (NJ) 1%; Hagerstown (MD) 1%; Chicago (IL) 1%; Houston (TX) 0%; Fort Worth (TX) 0%,0,0,,0,,62,0.01314116150911403,525,381,396,4260,0.9149484536082474,0.9203444561911546,1818.233114588592,1686.6671454219013,179.02550537634403,0.977320898685885,0.8664688427299704,0.9426751592356689,0.7292993630573246,0.9919354838709677,0.7983870967741933,0.9153846153846152,0.7153846153846154,0.8999999999999998,0.6166666666666668,,,,,314,True,sometimes_builds_directs
pdd_10w,promised_delivery_end_range_date_at_order,10,105765,Andes Furniture CA 92870,56976,Andes Furniture,CA,1,Upholstery,Oscar Li,CA,Placentia,92870,719 S Lakeview Ave,ANAHEIM,CA,92801,4715,11,299,0.06341463414634146,136,0.028844114528101802,124,0.026299045599151645,39,0.008271474019088017,0,0.0,0,0.0,3,0.2727272727272727,2026-06-07: 1; 2026-06-14: 43; 2026-06-21: 92,Marietta (GA) 1%; Lehigh Valley (PA) 1%; Greensboro (NC) 0%; Hagerstown (MD) 0%; Metuchen (NJ) 0%,0,0,,0,,2,0.0004241781548250265,370,354,368,4345,0.9219180988754508,0.9263186209726951,1858.57872170439,1709.793406889129,164.9648132427846,0.9202545068928962,0.9164369034994692,0.9565217391304348,0.8795986622073574,0.9264705882352935,0.8161764705882352,1.0,0.9677419354838709,0.9230769230769228,0.8205128205128206,,,,,299,True,sometimes_builds_directs
pdd_10w,promised_delivery_end_range_date_at_order,10,413783,"Sorara Outdoor Living USA, Inc. CA 91746",49963,"Sorara Outdoor Living USA, Inc.","CA,GA,NJ",3,Outdoor Structures,Yun Yau,CA,CITY OF INDUSTRY,91746,357 NORTH COVINA LANE,ARCADIA,CA,91006,4631,11,583,0.12589073634204276,174,0.03757287842798532,236,0.05096091556899158,95,0.020513927877348306,0,0.0,78,0.016843014467717556,3,0.2727272727272727,2026-06-07: 1; 2026-06-14: 139; 2026-06-21: 34,Fort Worth (TX) 1%; Lehigh Valley (PA) 1%; Hagerstown (MD) 1%; Greensboro (NC) 1%; Toledo (OH) 0%,0,0,,6,Woodbridge (NJ) 1%; South Atlanta Ncpc (GA) 0%; Metuchen (NJ) 0%; South Atlanta Rsf (GA) 0%; Austell (GA) 0%,26,0.0056143381559058516,882,798,806,3799,0.8249728555917482,0.9305530743050964,1332.9536553180249,1035.531954887218,362.32405369718276,0.8792917296480244,0.8663355646728557,0.8730703259005143,0.801029159519726,0.8678160919540229,0.8275862068965516,0.8940677966101694,0.8177966101694913,0.8736842105263157,0.8210526315789475,,,0.8205128205128207,0.6666666666666666,583,True,sometimes_builds_directs
pdd_10w,promised_delivery_end_range_date_at_order,10,79571,Kibi NJ,50521,Kibi,NJ,1,APS Home Improvement,Ida Li,NJ,Kearny,07032,1250 Newark Turnpike,SECAUCUS,NJ,7307,4609,11,157,0.03406378824039922,57,0.012367107832501627,79,0.017140377522239097,21,0.004556302885658494,0,0.0,0,0.0,2,0.18181818181818182,2026-06-14: 37; 2026-06-21: 20,Rialto (CA) 1%; Orlando (FL) 1%,0,0,,0,,134,0.029073551746582774,329,249,203,4272,0.9546368715083798,0.9133037972585741,1260.4381869867352,1135.3078424991859,77.52738579828124,0.9885007593838151,0.9403341288782812,0.980891719745223,0.8853503184713377,1.0,0.7543859649122806,0.9746835443037973,0.9493670886075949,0.9523809523809523,1.0,,,,,157,True,sometimes_builds_directs
pdd_10w,promised_delivery_end_range_date_at_order,10,15150,Art Remedy LLC FL 33009,8531,Art Remedy LLC,"FL,NC",2,Decor,Kate Poletynski,FL,Hallandale Beach,33009,3133 SW 25th Street,FORT LAUDERDALE,FL,33069,4575,11,187,0.04087431693989071,38,0.008306010928961749,99,0.021639344262295083,45,0.009836065573770493,0,0.0,5,0.001092896174863388,4,0.36363636363636365,2026-06-14: 26; 2026-06-21: 10; 2026-07-26: 1; 2026-08-09: 1,Las Vegas (NV) 0%; Metuchen (NJ) 0%; Fort Lauderdale (FL) 0%,0,0,,2,Greensboro (NC) 0%; North Charlotte Rsf (NC) 0%,72,0.015737704918032787,360,336,303,4200,0.9327115256495669,0.765305251224008,1242.7478260869543,1128.184909456737,94.22966044524392,0.9940983606557378,0.8045901639344248,0.9946524064171121,0.716577540106952,1.0,0.9736842105263156,1.0,0.6767676767676766,0.9777777777777776,0.6222222222222221,,,1.0,0.4,187,True,sometimes_builds_directs
pdd_10w,promised_delivery_end_range_date_at_order,10,126078,Ideal Ventures - GGI International CA,11859,Ideal Ventures - GGI International,CA,1,Storage & Org - Frequency,Ayman Siddiqui,CA,Fontana,92337,16477 Slover Ave,WEST RIALTO,CA,92316,4486,11,303,0.06754346856888097,20,0.004458314757021846,223,0.04971020954079358,60,0.013374944271065538,0,0.0,0,0.0,2,0.18181818181818182,2026-06-14: 14; 2026-06-21: 6,Orlando (FL) 0%,0,0,,0,,47,0.010477039679001338,390,345,353,4086,0.9204775850416761,0.940163137955981,1781.311845222427,1643.1020533333347,165.27463260230658,0.9427106553722692,0.8689255461435569,0.9537953795379539,0.9075907590759078,1.0,1.0,0.9775784753363228,0.923766816143498,0.8499999999999998,0.8166666666666665,,,,,303,True,sometimes_builds_directs
pdd_10w,promised_delivery_end_range_date_at_order,10,25920,PASB NJ,2554,Pem America,"CA,GA,NJ",3,Soft Home,Benjamin Hannigan,NJ,Cranbury,08512,73 Station Rd,PRINCETON,NJ,8810,4457,11,199,0.04464886695086381,21,0.004711689477226834,88,0.01974422257123626,58,0.013013237603769351,0,0.0,32,0.0071797172986313666,2,0.18181818181818182,2026-06-14: 17; 2026-06-21: 4,Dallas (TX) 0%; Princeton (NJ) 0%,0,0,,8,Rialto (CA) 0%; Sacramento (CA) 0%; Atlanta (GA) 0%; Braselton (GA) 0%; Savannah (GA) 0%,38,0.008525914292124747,257,221,212,4207,0.9520253451007015,0.7591728628246067,1128.8408717803566,1058.5285958904103,69.37405972190554,0.914067758582006,0.8723356517837119,0.9899497487437185,0.7839195979899499,1.0,0.9047619047619047,1.0,0.8295454545454547,0.982758620689655,0.6551724137931033,,,0.9687499999999999,0.8125,199,True,sometimes_builds_directs
pdd_10w,promised_delivery_end_range_date_at_order,10,36675,LLYTech Inc. TX 77041,10909,LLYTech Inc.,"CA,GA,PA,TX",4,APS SEA,Hale Ooi,TX,Houston,77041,5750 BRITTMOORE ROAD,NORTH HOUSTON,TX,77041,4390,11,256,0.05831435079726652,25,0.0056947608200455585,124,0.02824601366742597,44,0.010022779043280182,0,0.0,63,0.014350797266514807,2,0.18181818181818182,2026-06-14: 24; 2026-06-21: 1,Woodbridge (NJ) 1%,0,0,,11,Arcadia (CA) 0%; Rialto (CA) 0%; Lehigh Valley (PA) 0%; Tracy (CA) 0%; Fairless Hills (PA) 0%,25,0.0056947608200455585,4361,332,331,4034,0.9241695303550974,0.730150815164996,1147.9971539099188,1053.8515717092328,113.44994267369856,0.9357630979498874,0.8794988610478373,0.8593750000000001,0.8046874999999997,1.0,0.96,0.8951612903225803,0.9112903225806449,0.7954545454545453,0.7954545454545455,,,0.7777777777777778,0.5396825396825394,256,True,sometimes_builds_directs
pdd_10w,promised_delivery_end_range_date_at_order,10,205770, WYD-NJJW03,199602,NINGBO RUISEN DIANZIKEJI YOUXIANGONGSI,"CA,GA,IL,NJ,SC,TX",6,APS Bedroom,Lydia Liu,NJ,Edison,08817,300 Cedar Lane Suite B,WOODBRIDGE LOCAL,NJ,8832,4355,11,130,0.029850746268656716,27,0.006199770378874856,60,0.013777267508610792,22,0.005051664753157291,0,0.0,21,0.004822043628013777,7,0.6363636363636364,2026-06-21: 1; 2026-07-05: 1; 2026-07-12: 1; 2026-07-19: 4; 2026-07-26: 4; 2026-08-02: 11; 2026-08-09: 5,Metuchen (NJ) 1%,0,0,,7,Chicago (IL) 0%; Rialto (CA) 0%; Niles (IL) 0%; Sacramento (CA) 0%; Atlanta Local (GA) 0%,6,0.0013777267508610792,4349,213,185,4164,0.9574614853989423,0.5981320705652897,579.2130136986299,547.4985333333336,62.1391948172143,0.9591274397244541,0.9221584385763499,0.9076923076923076,0.8538461538461535,1.0,0.9259259259259257,0.8833333333333333,0.8666666666666667,0.9545454545454546,0.818181818181818,,,0.8095238095238095,0.7619047619047619,130,True,sometimes_builds_directs
pdd_10w,promised_delivery_end_range_date_at_order,10,153872,EFGA 30349,64096,"NANJING HENGNING HOME FURNISHING CO., LTD.","CA,GA,IL,NJ,TX",5,APS,Yolanda GUI,GA,East point,30349,4131 Southmeadow Parkway West,AUSTELL,GA,30168,4348,11,183,0.042088316467341305,61,0.014029438822447102,23,0.0052897884084636615,61,0.014029438822447102,0,0.0,38,0.008739650413983441,7,0.6363636363636364,2026-06-14: 28; 2026-06-21: 4; 2026-06-28: 2; 2026-07-05: 2; 2026-07-12: 4; 2026-07-19: 10; 2026-07-26: 11,South Atlanta Ncpc (GA) 1%; Williamsburg Ncpc (FL) 1%; Olive Branch (MS) 0%,0,0,,13,West Dallas Ncpc (TX) 0%; Aldine Rsf (TX) 0%; Chino (CA) 0%; Chicago (IL) 0%; Woodbridge (NJ) 0%,5,0.0011499540018399263,4336,275,272,4071,0.9373704812341699,0.4646043069238001,517.6711248454882,497.35650346191903,80.4116166281756,0.9100735970561191,0.9326126954921812,0.8688524590163935,0.852459016393442,0.9672131147540983,0.9180327868852458,0.9565217391304346,0.9130434782608694,0.7377049180327869,0.7704918032786884,,,0.868421052631579,0.8421052631578946,183,True,sometimes_builds_directs
pdd_10w,promised_delivery_end_range_date_at_order,10,61486,Regal Art Gift KS 66062,23469,Regal Art Gift,"KS,TN",2,Decor,Kadin Nestler,KS,Olathe,66062,16163 S Lone Elm Rd,OLATHE,KS,66062,4297,11,267,0.0621363742145683,59,0.01373050965790086,146,0.03397719339073772,54,0.012566907144519432,0,0.0,8,0.0018617640214102862,2,0.18181818181818182,2026-06-07: 3; 2026-06-14: 56,Woodbridge (NJ) 1%; Rialto (CA) 1%; Portland (OR) 0%,0,0,,1,Nashville (TN) 0%,3,0.0006981615080288574,351,349,324,3970,0.9245458779692595,0.9076516197407489,1033.5204427832093,961.0043236926659,88.60604356992258,0.9962764719571813,0.9515941354433322,0.9887640449438204,0.925093632958801,1.0,0.9661016949152544,0.9931506849315066,0.904109589041096,0.962962962962963,0.9259259259259257,,,1.0,1.0,267,True,sometimes_builds_directs
pdd_10w,promised_delivery_end_range_date_at_order,10,327976,SHEN JUN TRADING LIMITED NJ 08810,327975,SHEN JUN TRADING LIMITED,"CA,NJ",2,APS,Regan Zou,NJ,Dayton,08810,11 Corn Rd,PRINCETON,NJ,8810,4285,11,921,0.21493582263710617,25,0.005834305717619603,86,0.020070011668611436,32,0.007467911318553093,0,0.0,778,0.18156359393232205,2,0.18181818181818182,2026-06-14: 24; 2026-06-21: 1,Orlando (FL) 1%,0,0,,3,Chino (CA) 18%; Santa Fe Springs (CA) 0%; Oceanside (CA) 0%,35,0.008168028004667444,4249,1241,1230,3020,0.7105882352941176,-1.1069021501140657,743.3491096271564,1072.0713284753392,742.6678095238102,0.9050175029171507,0.7673278879813309,0.9478827361563515,0.40282301845819746,0.9599999999999999,1.0,0.8023255813953492,0.8139534883720929,0.9375,0.8125000000000001,,,0.9640102827763498,0.3213367609254501,921,True,sometimes_builds_directs
pdd_10w,promised_delivery_end_range_date_at_order,10,288908,SmartStandard NJ 08518,49538,NORTH ELM ARTISAN LLC_1,"CA,GA,NJ",3,APS Home Improvement,Nicole Sun,NJ,FLORENCE,08518,1401 West Front St,ROBBINSVILLE,NJ,8691,4277,11,133,0.031096563011456628,22,0.005143792377834931,73,0.01706803834463409,25,0.005845218611176058,0,0.0,13,0.00303951367781155,9,0.8181818181818182,2026-06-07: 2; 2026-06-14: 1; 2026-06-21: 3; 2026-07-05: 3; 2026-07-12: 1; 2026-07-19: 1; 2026-07-26: 4; 2026-08-02: 2; 2026-08-09: 5,Metuchen (NJ) 1%,0,0,,6,West Savannah  Ncpc (GA) 0%; South Atlanta Ncpc (GA) 0%; Marietta (GA) 0%; Atlanta (GA) 0%; Richmond Hill Ncpc (GA) 0%,6,0.0014028524666822538,4104,223,204,4067,0.952236010302037,0.6127506914639714,554.8691801119544,532.1449577098243,72.56611880723176,0.8784194528875366,0.8992284311433228,0.9548872180451128,0.8496240601503756,0.8636363636363635,0.9545454545454545,1.0,0.9041095890410956,0.9600000000000001,0.7600000000000001,,,0.846153846153846,0.5384615384615385,133,True,sometimes_builds_directs
pdd_10w,promised_delivery_end_range_date_at_order,10,44532,GlideRite Hardware CA,19340,GlideRite Hardware,CA,1,Hardware,Matt Bartolucci,CA,Chino,91710,6261 Prescott Ct,CHINO LOCAL,CA,91710,4245,11,292,0.06878680800942286,64,0.015076560659599529,150,0.0353356890459364,78,0.018374558303886925,0,0.0,0,0.0,3,0.2727272727272727,2026-06-14: 50; 2026-06-21: 13; 2026-07-05: 1,Orlando (FL) 1%; Hagerstown (MD) 0%; Houston (TX) 0%,0,0,,0,,95,0.02237926972909305,4147,337,345,3805,0.9168674698795181,0.8972193685559376,1776.203580146462,1651.4888858169788,166.52218181818174,0.9215547703180228,0.8011778563015294,0.8904109589041096,0.7397260273972603,0.9687499999999998,0.9218750000000001,0.9199999999999998,0.7266666666666665,0.7692307692307693,0.6153846153846155,,,,,292,True,sometimes_builds_directs
pdd_10w,promised_delivery_end_range_date_at_order,10,64610,"A&B Home Group, Inc CA 95776",8684,"A&B Home Group, Inc",CA,1,Decor,Waverly Winterer,CA,Woodland,95776,660 N Pioneer Ave,ROSEVILLE,CA,95747,4232,11,132,0.031190926275992438,48,0.011342155009451797,64,0.015122873345935728,20,0.004725897920604915,0,0.0,0,0.0,4,0.36363636363636365,2026-06-07: 1; 2026-06-14: 10; 2026-06-21: 36; 2026-07-19: 1,Marietta (GA) 0%; Orlando (FL) 0%; Houston (TX) 0%; Nashville (TN) 0%; Roseville (CA) 0%,0,0,,0,,97,0.022920604914933838,408,350,322,3813,0.9221281741233374,0.8525555502344332,1868.7484728506795,1623.365240641712,165.97496926481463,0.9652646502835538,0.9194234404536864,0.9545454545454541,0.8030303030303032,0.8958333333333333,0.8541666666666664,0.984375,0.8437499999999997,1.0,0.55,,,,,132,True,sometimes_builds_directs
pdd_10w,promised_delivery_end_range_date_at_order,10,147943,HYTX美西LA-003仓,108807,YEEYOO INTERNATIONAL LIMITED,"CA,GA,NJ,TN",4,APS,Christal Ding,CA,Rialto,92377,1375 W Casmalia St,WEST RIALTO,CA,92316,4210,11,302,0.07173396674584323,55,0.013064133016627079,104,0.02470308788598575,123,0.029216152019002375,0,0.0,20,0.004750593824228029,9,0.8181818181818182,2026-06-14: 12; 2026-06-21: 2; 2026-06-28: 1; 2026-07-05: 1; 2026-07-12: 3; 2026-07-19: 3; 2026-07-26: 15; 2026-08-02: 5; 2026-08-09: 13,South Rialto - Ncpc (CA) 1%; Stockton Rsf (CA) 0%; Arcadia (CA) 0%,0,0,,8,Richmond Hill Ncpc (GA) 0%; Woodbridge (NJ) 0%; West Savannah  Ncpc (GA) 0%; Marietta (GA) 0%; Metuchen (NJ) 0%,32,0.007600950118764846,4170,350,397,3781,0.904978458592628,0.031234397620478534,931.9170329670327,895.5290444145372,173.8332127351665,0.9163895486935855,0.7762470308788585,0.9271523178807949,0.5496688741721859,0.8909090909090908,0.6909090909090909,0.951923076923077,0.7115384615384612,0.9186991869918698,0.33333333333333315,,,0.95,0.6500000000000001,302,True,sometimes_builds_directs
pdd_10w,promised_delivery_end_range_date_at_order,10,267400,TEXTILES HUB LLC NJ 08833,266224,TEXTILES HUB LLC,NJ,1,Decor,Trevor Cody,NJ,Lebanon,08833,7 Canterbury Ln,WOODBRIDGE LOCAL,NJ,8832,4204,11,195,0.04638439581351094,40,0.009514747859181731,115,0.027354900095147478,40,0.009514747859181731,0,0.0,0,0.0,2,0.18181818181818182,2026-06-14: 11; 2026-06-21: 29,Rialto (CA) 1%; Sacramento (CA) 0%,0,0,,0,,84,0.019980970504281638,4113,1238,225,3895,0.9453883495145631,0.9192541296970489,1166.7633450911228,1081.7344364937392,107.61388004895954,0.7942435775451959,0.7906755470980009,0.6769230769230772,0.7076923076923077,0.6499999999999999,0.7000000000000001,0.6956521739130435,0.6956521739130435,0.65,0.7499999999999998,,,,,195,True,sometimes_builds_directs
pdd_10w,promised_delivery_end_range_date_at_order,10,302513,Alphamarts GA 31326(2),46710,Alphamarts,"CA,GA,IL,MD,NJ,PA,TX",7,APS Outdoor,Melody Lu,GA,Rincon,31326,1001 Trade Center parkway,SAVANNAH LOCAL,GA,31408,4142,11,307,0.07411878319652342,87,0.021004345726702078,59,0.014244326412361178,83,0.020038628681796233,0,0.0,78,0.01883148237566393,8,0.7272727272727273,2026-06-07: 4; 2026-06-14: 1; 2026-06-21: 1; 2026-07-12: 2; 2026-07-19: 7; 2026-07-26: 35; 2026-08-02: 23; 2026-08-09: 14,Savannah (GA) 1%; Richmond Hill Ncpc (GA) 1%,0,0,,22,West Dallas Ncpc (TX) 0%; Houston (TX) 0%; Robbinsville (NJ) 0%; Chicago (IL) 0%; Hagerstown (MD) 0%,12,0.0028971511347175277,4073,511,511,3619,0.8762711864406779,0.507055976020392,630.4850343878952,576.8169363839282,133.2579960994636,0.8150651859005307,0.852245292129406,0.6840390879478824,0.7394136807817586,0.885057471264368,0.7701149425287356,0.5084745762711865,0.8305084745762713,0.8072289156626504,0.6867469879518073,,,0.46153846153846156,0.6923076923076922,307,True,sometimes_builds_directs
pdd_10w,promised_delivery_end_range_date_at_order,10,326360,"Freestyle Outdoor Living Co., Ltd GA 31407 ",57760,Orange Casual Co Ltd_1,"CA,GA,NJ,PA",4,APS Outdoor,Melody Lu,GA,Savannah,31407,150 Portside Ct ,SAVANNAH LOCAL,GA,31408,4120,11,233,0.05655339805825243,60,0.014563106796116505,65,0.015776699029126214,47,0.011407766990291262,0,0.0,61,0.014805825242718446,6,0.5454545454545454,2026-07-05: 3; 2026-07-19: 6; 2026-07-26: 18; 2026-08-02: 15; 2026-08-09: 13; 2026-08-16: 5,Richmond Hill Ncpc (GA) 1%,0,0,,12,Chino Hills Ncpc (CA) 1%; Metuchen (NJ) 0%; East Brunswick (NJ) 0%; Fullerton - Hd (CA) 0%; South Rialto - Ncpc (CA) 0%,33,0.008009708737864078,4085,601,597,3490,0.8539270858820651,0.2978110021987105,818.0577230572436,762.5827303754263,184.66178921568647,0.9213592233009706,0.8817961165048535,0.8154506437768241,0.7982832618025749,0.9499999999999997,0.8666666666666668,0.6769230769230768,0.7846153846153845,0.9148936170212765,0.8085106382978723,,,0.7540983606557377,0.737704918032787,233,True,sometimes_builds_directs
pdd_10w,promised_delivery_end_range_date_at_order,10,313259, AN-CA,100553,SHENZHEN NAMUNANI WANGLUO KEJI YOUXIAN GONGSI,"CA,NJ,PA",3,APS,Asia Supplier Service Desk,CA,Eastvale,91752,3900 Hamner Ave,WEST RIALTO,CA,92316,4090,11,839,0.20513447432762835,24,0.0058679706601467,147,0.03594132029339853,40,0.009779951100244499,0,0.0,628,0.15354523227383862,2,0.18181818181818182,2026-06-14: 6; 2026-06-21: 18,Hagerstown (MD) 1%,0,0,,8,Fairless Hills (PA) 9%; King Of Prussia (PA) 3%; Woodbridge (NJ) 2%; Metuchen (NJ) 0%; Breinigsville Rsf (PA) 0%,30,0.007334963325183374,4028,1021,1051,3009,0.7411330049261083,0.7014772586626283,1757.1785078292912,1352.5237938956357,651.422244143034,0.931295843520781,0.8848410757946207,0.871275327771156,0.9427890345649588,1.0,0.9583333333333333,0.959183673469388,0.945578231292517,0.8999999999999998,0.8499999999999998,,,0.8439490445859874,0.9474522292993627,839,True,sometimes_builds_directs
pdd_10w,promised_delivery_end_range_date_at_order,10,204862,Keter US GA 31326,2616,Keter US,"GA,PA",2,Outdoor Structures,Benjamin Moseley,GA,Rincon,31326,1009 Gateway Parkway  1H,SAVANNAH LOCAL,GA,31408,4062,11,911,0.224273756770064,34,0.008370260955194485,101,0.02486459871984244,775,0.19079271294928607,0,0.0,1,0.0002461841457410143,4,0.36363636363636365,2026-06-14: 10; 2026-06-21: 13; 2026-06-28: 10; 2026-07-05: 1,Hagerstown (MD) 0%; Portland (OR) 0%; Davenport (FL) 0%; Greensboro (NC) 0%; Murfreesboro (TN) 0%,0,0,,1,Erie (PA) 0%,39,0.009601181683899557,4021,1338,1336,2687,0.6679095202585136,0.22954534012487207,1089.955148669796,1025.04680772086,165.75174316528705,0.5536681437715425,0.8111767602166423,0.2667398463227225,0.6366630076838651,0.41176470588235303,0.9705882352941175,0.633663366336634,0.7821782178217822,0.21161290322580628,0.6038709677419352,,,1.0,0.0,911,True,sometimes_builds_directs
pdd_10w,promised_delivery_end_range_date_at_order,10,47458,vida XL CA 92374,39327,vidaXL LLC,CA,1,Outdoor Furniture,Isha Singh,CA,Redlands,92374,2200 Palmetto Ave,WEST RIALTO,CA,92316,4042,11,278,0.06877783275606135,25,0.006185056902523503,188,0.046511627906976744,65,0.016081147946561108,0,0.0,0,0.0,3,0.2727272727272727,2026-06-14: 14; 2026-06-21: 10; 2026-07-26: 1,Metuchen (NJ) 1%,0,0,,0,,54,0.013359722909450767,3987,343,355,3633,0.9109829488465396,0.9478163406555803,1698.1032490974703,1539.2962887299987,180.87286002014105,0.9725383473527948,0.8904007916872845,0.9892086330935252,0.8525179856115097,1.0,1.0,0.9946808510638292,0.8297872340425532,0.9692307692307693,0.8615384615384615,,,,,278,True,sometimes_builds_directs
pdd_10w,promised_delivery_end_range_date_at_order,10,410092,NW Investment Inc CA 91766,64824,NW Investment Inc,"CA,PA,TX",3,APS Decor,Mariah Mao,CA,Pomona,91766,462 Humane Way,INDUSTRY,CA,91789,4017,11,588,0.1463778939507095,63,0.01568334578043316,35,0.008712969878018421,40,0.009957679860592481,0,0.0,450,0.11202389843166542,8,0.7272727272727273,2026-06-14: 52; 2026-06-21: 2; 2026-06-28: 1; 2026-07-05: 2; 2026-07-12: 2; 2026-07-19: 1; 2026-07-26: 1; 2026-08-02: 2,Stockton Rsf (CA) 1%; Portland (OR) 1%; Diamond Bar Rsf (CA) 0%,0,0,,6,South Dallas Rsf (TX) 8%; Fairless Hills (PA) 3%; Irving (TX) 0%; Fort Worth (TX) 0%; Dallas (TX) 0%,29,0.007219317898929549,3906,591,666,3322,0.8329989969909729,0.5880413422498852,612.1773590333714,455.6944540727903,253.8048817696417,0.9504605426935536,0.8546178740353494,0.7602040816326531,0.7993197278911567,1.0,0.7936507936507935,0.9714285714285713,0.7428571428571429,0.85,0.6499999999999998,,,0.7022222222222223,0.8177777777777782,588,True,sometimes_builds_directs
pdd_10w,promised_delivery_end_range_date_at_order,10,7151,The Stock Market VA 22630,7141,The Stock Market,"AL,CA,FL,IA,NY,OH,VA,WA",8,Plumbing,Maverick Schlosser,VA,Front Royal,22630,620 Fairground Rd,WINCHESTER,VA,22602,3891,11,110,0.028270367514777694,30,0.007710100231303007,7,0.001799023387304035,63,0.016191210485736313,0,0.0,10,0.0025700334104343356,8,0.7272727272727273,2026-06-14: 3; 2026-06-21: 2; 2026-07-05: 3; 2026-07-12: 10; 2026-07-19: 6; 2026-07-26: 3; 2026-08-02: 1; 2026-08-09: 2,Hagerstown (MD) 0%; Winchester (VA) 0%; East Chattanooga (TN) 0%,0,0,,4,Albany (NY) 0%; Rialto (CA) 0%; Jacksonville (FL) 0%; Orlando (FL) 0%,64,0.01644821382677975,1460,1409,331,3496,0.9135092761954534,0.45439486963104264,346.18649584487497,343.9247740563525,72.32032318210054,0.9804677460806986,0.9167309175019279,0.9909090909090909,0.9181818181818179,1.0,0.8999999999999998,1.0,0.8571428571428572,1.0,0.9523809523809522,,,0.8999999999999999,0.8,110,True,sometimes_builds_directs
pdd_10w,promised_delivery_end_range_date_at_order,10,313953,LUBBIT INC NJ 08016,120034,LUBBIT INC,"CA,GA,NJ,SC,TX",5,Casegoods,Zichu Wang,NJ,Burlington,08016,1900B River Rd,ROBBINSVILLE,NJ,8691,3859,11,658,0.17051049494687742,43,0.0111427831044312,101,0.026172583570873282,72,0.01865768333765224,0,0.0,442,0.1145374449339207,9,0.8181818181818182,2026-06-14: 17; 2026-06-21: 2; 2026-06-28: 5; 2026-07-05: 8; 2026-07-12: 2; 2026-07-19: 1; 2026-07-26: 3; 2026-08-02: 4; 2026-08-09: 1,Williamsburg Ncpc (FL) 1%,0,0,,20,Rialto (CA) 4%; Houston (TX) 3%; West Savannah  Ncpc (GA) 3%; South Rialto - Ncpc (CA) 0%; Sacramento (CA) 0%,12,0.003109613889608707,3583,3498,816,3031,0.7878866649337146,0.4815322675433257,981.0305573350408,741.535624325297,339.19924557752296,0.9930033687483796,0.8662866027468261,0.9954407294832825,0.8358662613981769,1.0,0.9302325581395346,1.0,0.7524752475247525,1.0,0.7777777777777778,,,0.9932126696832574,0.8552036199095023,658,True,sometimes_builds_directs
pdd_10w,promised_delivery_end_range_date_at_order,10,460941,   USCOI03,251752,LUXHOME (HK) TRADING LIMITED,"CA,GA,NJ",3,APS Bedroom,Lydia Liu,CA,Rialto,92376,2000 W BaseLine Rd,WEST RIALTO,CA,92316,3730,11,344,0.09222520107238606,69,0.018498659517426273,160,0.04289544235924933,70,0.01876675603217158,0,0.0,45,0.012064343163538873,7,0.6363636363636364,2026-06-07: 1; 2026-06-14: 17; 2026-06-21: 37; 2026-07-12: 1; 2026-07-26: 4; 2026-08-02: 6; 2026-08-09: 3,Hagerstown (MD) 1%; Williamsburg Ncpc (FL) 1%; Rialto (CA) 0%; Stockton Rsf (CA) 0%; South Rialto - Ncpc (CA) 0%,0,0,,6,Metuchen (NJ) 1%; Marietta (GA) 0%; Savannah (GA) 0%; Savannah Local (GA) 0%; West Savannah  Ncpc (GA) 0%,14,0.0037533512064343165,3706,390,427,3289,0.885091496232508,0.7456533741483152,1256.5312151270948,1095.7391481365464,226.54789344930714,0.8648793565683641,0.8750670241286875,0.9447674418604649,0.8313953488372092,0.9710144927536233,0.9565217391304349,0.9687499999999997,0.8124999999999999,0.8428571428571432,0.6714285714285713,,,0.9777777777777776,0.9555555555555554,344,True,sometimes_builds_directs
pdd_10w,promised_delivery_end_range_date_at_order,10,54805,Enova Corporation CA 91732,39581,Enova Corporation,CA,1,Decor,Phoebe Leonard,CA,El Monte,91732,10916 Saint Louis Dr 5,ARCADIA,CA,91006,3660,11,222,0.060655737704918035,46,0.012568306010928962,153,0.04180327868852459,23,0.006284153005464481,0,0.0,0,0.0,2,0.18181818181818182,2026-06-14: 17; 2026-06-21: 29,Woodbridge (NJ) 1%; Orlando (FL) 1%,0,0,,0,,350,0.09562841530054644,306,285,288,3022,0.9129909365558913,0.9556542225825991,1839.3077076411973,1672.3601311953335,178.824567263893,0.9374316939890726,0.8325136612021861,0.9324324324324326,0.8333333333333331,0.9565217391304347,0.9130434782608695,0.9281045751633983,0.8235294117647061,0.9130434782608693,0.7391304347826086,,,,,222,True,sometimes_builds_directs
pdd_10w,promised_delivery_end_range_date_at_order,10,31503,"Top Knobs, Inc. CA 90065",19191,"Top Knobs, Inc.","CA,NJ",2,Hardware,Matt Bartolucci,CA,Los Angeles,90065,1310 Cypress Avenue,ARCADIA,CA,91006,3660,11,1511,0.4128415300546448,47,0.012841530054644808,78,0.021311475409836064,21,0.005737704918032787,0,0.0,1365,0.3729508196721312,2,0.18181818181818182,2026-06-14: 37; 2026-06-21: 10,Dallas (TX) 1%; Houston (TX) 1%,0,0,,1,Woodbridge (NJ) 37%,25,0.006830601092896175,3635,2479,2500,1135,0.312242090784044,-0.7799663667274634,1084.3031378299108,1953.242338830584,1831.7055922865038,0.945355191256832,0.7912568306010935,0.9424222369291857,0.7696889477167447,1.0,0.9574468085106382,1.0,0.7307692307692308,0.8095238095238094,0.380952380952381,,,0.9391941391941404,0.7714285714285718,1511,True,sometimes_builds_directs
pdd_10w,promised_delivery_end_range_date_at_order,10,24884,Riztex USA GA,7920,Riztex USA,GA,1,Rugs,Brianna Barrett,GA,Calhoun,30701,900 Marine Drive,EAST CHATTANOOGA,TN,37363,3653,11,141,0.03859841226389269,34,0.0093074185600876,78,0.021352313167259787,29,0.007938680536545305,0,0.0,0,0.0,6,0.5454545454545454,2026-06-07: 1; 2026-06-14: 13; 2026-06-21: 14; 2026-07-05: 1; 2026-07-19: 4; 2026-07-26: 1,Rialto (CA) 1%; East Chattanooga (TN) 0%,0,0,,0,,43,0.011771147002463728,224,200,182,3428,0.949584487534626,0.8263217036730155,998.7285008818346,942.7310954063596,61.855574229691904,0.9939775526964151,0.9124007664932923,0.9929078014184395,0.9219858156028368,0.9705882352941176,0.9411764705882354,1.0,0.9102564102564104,1.0,0.9310344827586207,,,,,141,True,sometimes_builds_directs
pdd_10w,promised_delivery_end_range_date_at_order,10,403161,"Zhengzhou Huanerxian Network Technology Co., Ltd NJ 08016",210576,"Hong Kong Xintengfei Import and Export Trade Co., Limited_1","CA,NJ,PA",3,APS Housewares & More,Limi Chen,NJ,Burington,08016,280 Daniels Way,ROBBINSVILLE,NJ,8691,3642,11,153,0.042009884678747944,20,0.0054914881933003845,88,0.02416254805052169,36,0.009884678747940691,0,0.0,9,0.002471169686985173,2,0.18181818181818182,2026-06-14: 18; 2026-06-21: 2,Williamsburg Ncpc (FL) 1%,0,0,,4,Rialto (CA) 0%; Sacramento (CA) 0%; Rancho Cucamonga Ncpc (CA) 0%; Lehigh Valley (PA) 0%,6,0.0016474464579901153,413,338,168,3468,0.9537953795379538,0.8204564275741539,731.9006134969322,692.822938322938,51.223161663453475,0.9854475562877539,0.9110378912685341,0.915032679738562,0.6928104575163396,0.9499999999999998,0.65,0.931818181818182,0.7840909090909093,0.8333333333333335,0.4722222222222222,,,1.0,0.7777777777777778,153,True,sometimes_builds_directs
pdd_10w,promised_delivery_end_range_date_at_order,10,151576,Gibson CA,19128,Gibson,CA,1,Tabletop,Megan Williamson,CA,Commerce,90040,2410 Yates Ave,SANTA FE SPRINGS,CA,90670,3640,11,221,0.060714285714285714,62,0.01703296703296703,115,0.03159340659340659,44,0.012087912087912088,0,0.0,0,0.0,3,0.2727272727272727,2026-06-14: 47; 2026-06-21: 14; 2026-07-26: 1,Woodbridge (NJ) 1%; Orlando (FL) 1%; Hagerstown (MD) 0%,0,0,,0,,37,0.010164835164835165,2741,280,286,3317,0.9206217041354426,0.836216515279986,1762.898747993578,1651.58619451697,184.70942817294315,0.9648351648351635,0.8673076923076936,0.9638009049773757,0.8325791855203621,0.9838709677419354,0.838709677419355,0.9652173913043477,0.8869565217391305,0.9318181818181819,0.6818181818181819,,,,,221,True,sometimes_builds_directs
pdd_10w,promised_delivery_end_range_date_at_order,10,75533,Aspire Home Accents CA 93257,10722,Aspire Home Accents,CA,1,Decor,Allie Neyman,CA,Porterville,93257,65 W Date Ave,BAKERSFIELD,CA,93263,3627,11,80,0.022056796250344637,22,0.006065618968844775,51,0.014061207609594707,7,0.0019299696719051558,0,0.0,0,0.0,2,0.18181818181818182,2026-06-14: 18; 2026-06-21: 4,Metuchen (NJ) 0%; Orlando (FL) 0%,0,0,,0,,44,0.01213123793768955,350,324,213,3370,0.9405526095450739,0.9250160735453886,1702.0311338885317,1452.2854304635762,138.6574609600921,0.9823545629997237,0.811965811965812,0.9875000000000002,0.7250000000000002,1.0,0.7272727272727273,0.980392156862745,0.7254901960784315,1.0,0.7142857142857143,,,,,80,True,sometimes_builds_directs
pdd_10w,promised_delivery_end_range_date_at_order,10,57866,Suncast IL 60185,603,Suncast,IL,1,Outdoor Structures,Mert Atmaca,IL,West Chicago,60185,805 Discovery Drive,CAROL STREAM,IL,60188,3576,11,180,0.050335570469798654,37,0.01034675615212528,98,0.027404921700223715,45,0.012583892617449664,0,0.0,0,0.0,2,0.18181818181818182,2026-06-14: 31; 2026-06-21: 6,Rialto (CA) 1%; Woodbridge (NJ) 1%,0,0,,0,,9,0.0025167785234899327,314,246,244,3323,0.9315951780207458,0.8680245749367934,931.6166787003608,869.7911415196259,72.4685037121644,0.8931767337807602,0.907438478747202,0.9444444444444442,0.861111111111111,0.945945945945946,0.9189189189189186,0.9183673469387754,0.8469387755102044,1.0,0.8444444444444441,,,,,180,True,sometimes_builds_directs
pdd_10w,promised_delivery_end_range_date_at_order,10,163113,LumiSource IL 60490,821,"Lumi Brands, LLC","CA,IL",2,Casegoods,Christian Kokoros,IL,BOLINGBROOK,60490,1501 REMINGTON BLVD,SOUTH CHICAGO,IL,60446,3551,11,146,0.0411151788228668,21,0.005913827090960293,72,0.020275978597578147,24,0.006758659532526049,0,0.0,29,0.008166713601802308,2,0.18181818181818182,2026-06-07: 1; 2026-06-14: 20,Ocala (FL) 1%,0,0,,3,Rialto (CA) 1%; Sacramento (CA) 0%; Stockton Rsf (CA) 0%,58,0.016333427203604617,264,174,174,3319,0.9501860864586316,0.8856092211530187,980.1100936524447,921.7757575757576,59.83023390124168,0.936637566882569,0.8780625176006767,0.9657534246575346,0.8013698630136988,0.9523809523809522,0.7142857142857143,0.9861111111111112,0.8472222222222223,0.9166666666666665,0.7916666666666667,,,0.9655172413793103,0.7586206896551725,146,True,sometimes_builds_directs
pdd_10w,promised_delivery_end_range_date_at_order,10,498757,Alphamarts AL 08505,46710,Alphamarts,"CA,GA,IL,MD,NJ,PA,TX",7,APS Outdoor,Melody Lu,NJ,Bordentown,08505,5206 US-130,ROBBINSVILLE,NJ,8691,3541,11,177,0.049985879695001414,74,0.020898051397910195,34,0.009601807399039819,47,0.01327308669867269,0,0.0,22,0.006212934199378707,7,0.6363636363636364,2026-06-14: 5; 2026-07-12: 2; 2026-07-19: 12; 2026-07-26: 19; 2026-08-02: 21; 2026-08-09: 14; 2026-08-16: 1,East Brunswick (NJ) 1%; Toledo (OH) 1%,0,0,,8,Braselton (GA) 0%; Rialto (CA) 0%; Romeoville Rsf (IL) 0%; Chicago (IL) 0%; Hagerstown (MD) 0%,9,0.0025416548997458347,3426,469,272,3260,0.9229898074745186,0.6216185222500199,591.5580357142846,525.4129621574594,128.4341625687012,0.9288336628071169,0.9491669020050825,0.9039548022598867,0.8983050847457624,0.9189189189189191,0.9729729729729729,0.9117647058823527,0.7941176470588235,0.8936170212765957,0.851063829787234,,,0.8636363636363635,0.909090909090909,177,True,sometimes_builds_directs
pdd_10w,promised_delivery_end_range_date_at_order,10,30532,Kinfine USA Inc NJ08902,9429,Kinfine USA Inc,"CA,NJ",2,Casegoods,Megan White,NJ,South Brunswick,08902,4 Progress Rd,EAST BRUNSWICK,NJ,8816,3504,11,153,0.04366438356164384,30,0.008561643835616438,90,0.025684931506849314,29,0.008276255707762557,0,0.0,4,0.001141552511415525,7,0.6363636363636364,2026-06-07: 1; 2026-06-14: 19; 2026-06-21: 2; 2026-07-05: 1; 2026-07-26: 4; 2026-08-02: 2; 2026-08-09: 1,Orlando (FL) 1%; East Brunswick (NJ) 0%,0,0,,3,Sacramento (CA) 0%; Industry (CA) 0%; Rialto Local (CA) 0%,5,0.0014269406392694063,203,190,172,3327,0.950843098028008,0.7710008223602297,735.2596697247709,692.0041759053946,49.782105868814774,0.7982305936073061,0.8393264840182648,0.8692810457516341,0.7385620915032677,0.8666666666666666,0.8333333333333335,0.9222222222222219,0.7888888888888888,0.7241379310344828,0.48275862068965525,,,0.75,0.75,153,True,sometimes_builds_directs
pdd_10w,promised_delivery_end_range_date_at_order,10,182959,Brightech Inc. CA,63240,Brightech Inc.,CA,1,Lighting,Kya Mehlman,CA,Victorville,92394,12179 Momentum Rd,WEST RIALTO,CA,92316,3468,11,182,0.052479815455594,62,0.01787773933102653,95,0.027393310265282585,25,0.00720876585928489,0,0.0,0,0.0,6,0.5454545454545454,2026-06-07: 3; 2026-06-14: 10; 2026-06-21: 22; 2026-06-28: 2; 2026-07-05: 14; 2026-07-12: 11,Lehigh Valley (PA) 1%; Hagerstown (MD) 0%; Metuchen (NJ) 0%,0,0,,0,,54,0.015570934256055362,3133,214,223,3191,0.9346807264206209,0.9272372879777784,1724.8408177652434,1595.7465889006735,145.30395047169813,0.9579008073817771,0.9336793540945793,0.9505494505494503,0.9505494505494505,0.9193548387096773,0.9838709677419354,0.9789473684210527,0.9263157894736843,0.9199999999999998,0.96,,,,,182,True,sometimes_builds_directs
pdd_10w,promised_delivery_end_range_date_at_order,10,244511,Delta Enterprise CA 92570,676,Delta Enterprise,"CA,GA,KS,WI",4,Youth Furniture & Decor,Kendra Abbott,CA,Perris,92570,20 22773 Oleander Ave,RIALTO LOCAL,CA,92316,3426,11,248,0.07238762405137186,37,0.010799766491535318,138,0.040280210157618214,50,0.014594279042615295,0,0.0,23,0.006713368359603036,2,0.18181818181818182,2026-06-14: 19; 2026-06-21: 18,Chicago (IL) 1%; Metuchen (NJ) 0%,0,0,,6,South Atlanta Ncpc (GA) 0%; Lenexa (KS) 0%; South Atlanta Rsf (GA) 0%; Savannah (GA) 0%; Atlanta (GA) 0%,50,0.014594279042615295,3376,306,309,3067,0.9084715639810427,0.9031998085455757,1857.2214663376803,1710.4616266571122,201.12017830609219,0.8499708114419163,0.838879159369526,0.9798387096774195,0.8870967741935484,0.9729729729729728,0.918918918918919,0.9782608695652172,0.8913043478260871,0.9799999999999999,0.8599999999999998,,,1.0,0.8695652173913042,248,True,sometimes_builds_directs
pdd_10w,promised_delivery_end_range_date_at_order,10,59611,Crystal Art Gallery CA 90058,3353,Crystal Art Gallery,CA,1,Decor,Waverly Winterer,CA,Vernon,90058,4950 S Santa Fe Ave,LOS ANGELES,CA,90058,3425,11,180,0.052554744525547446,46,0.013430656934306569,93,0.027153284671532846,41,0.01197080291970803,0,0.0,0,0.0,2,0.18181818181818182,2026-06-14: 31; 2026-06-21: 15,Orlando (FL) 1%; Woodbridge (NJ) 0%,0,0,,0,,53,0.015474452554744526,248,229,235,3137,0.9303084223013048,0.9541604026062017,1896.0501960784327,1780.2829533116164,155.20517241379278,0.915620437956204,0.8528467153284678,0.8833333333333333,0.8277777777777777,0.8913043478260868,0.8695652173913042,0.8817204301075264,0.8172043010752688,0.8780487804878045,0.804878048780488,,,,,180,True,sometimes_builds_directs
pdd_10w,promised_delivery_end_range_date_at_order,10,28772,Linon CA 92408,405,Linon,"CA,NC",2,Casegoods,Connor Henderson,CA,San Bernardino,92408,1400 E Victoria Ave,WEST RIALTO,CA,92316,3413,11,177,0.0518605332552007,20,0.005859947260474656,93,0.02724875476120715,57,0.01670084969235277,0,0.0,7,0.0020509815411661296,7,0.6363636363636364,2026-06-14: 11; 2026-06-21: 1; 2026-07-05: 1; 2026-07-12: 2; 2026-07-19: 2; 2026-08-02: 2; 2026-08-09: 1,Stockton Rsf (CA) 0%; South Rialto - Ncpc (CA) 0%,0,0,,4,Greensboro (NC) 0%; North Charlotte Rsf (NC) 0%; Greensboro Local (NC) 0%; Fletcher (NC) 0%,20,0.005859947260474656,3388,213,251,3142,0.9260241674034777,0.3051212051631075,944.1904922454482,893.7106191744336,123.3308965102284,0.9065338411954275,0.8291825373571635,0.8531073446327684,0.7740112994350278,0.8499999999999999,1.0,0.8172043010752689,0.849462365591398,0.9122807017543859,0.5789473684210524,,,0.8571428571428572,0.7142857142857143,177,True,sometimes_builds_directs
pdd_10w,promised_delivery_end_range_date_at_order,10,277201,3i Products SC,57338,3i Products,SC,1,Outdoor Furniture,Kate Schryver,SC,Lancaster,29720,3888 Chester Highway,FORT MILL,SC,29708,3401,11,228,0.0670391061452514,100,0.029403116730373418,107,0.031461334901499556,21,0.006174654513378418,0,0.0,0,0.0,6,0.5454545454545454,2026-06-14: 39; 2026-06-21: 50; 2026-06-28: 3; 2026-07-05: 1; 2026-07-12: 6; 2026-07-19: 1,Rialto (CA) 1%; Chicago (IL) 1%; Metuchen (NJ) 1%; Tracy (CA) 1%; Portland (OR) 0%,0,0,,0,,53,0.015583651867097913,435,420,344,3004,0.8972520908004779,0.8822436561885589,1114.4313766891885,963.2044482463642,121.9090630740968,0.742428697441928,0.8194648632755076,0.5307017543859648,0.7807017543859655,0.5499999999999998,0.8599999999999999,0.5140186915887849,0.7102803738317758,0.5238095238095238,0.7619047619047618,,,,,228,True,sometimes_builds_directs
pdd_10w,promised_delivery_end_range_date_at_order,10,375946, JIAJING-NJ3,251752,LUXHOME (HK) TRADING LIMITED,"CA,GA,NJ",3,APS Bedroom,Lydia Liu,NJ,Carteret,07008,1500 Blair Road,SOUTH CARTERET,NJ,7008,3390,11,84,0.024778761061946902,39,0.011504424778761062,11,0.0032448377581120944,33,0.009734513274336283,0,0.0,1,0.0002949852507374631,6,0.5454545454545454,2026-06-21: 1; 2026-07-05: 1; 2026-07-26: 12; 2026-08-02: 9; 2026-08-09: 14; 2026-08-16: 2,Linden (NJ) 1%,0,0,,1,Atlanta (GA) 0%,10,0.0029498525073746312,3379,135,130,3250,0.9615384615384616,0.36639146141357626,649.4126528890765,629.3721640853908,64.892513368984,0.9840707964601753,0.9047197640117991,1.0,0.8333333333333334,1.0,0.8717948717948717,1.0,1.0,1.0,0.7272727272727274,,,1.0,1.0,84,True,sometimes_builds_directs
pdd_10w,promised_delivery_end_range_date_at_order,10,246100,Noori Rug NJ 08902,32166,Noori Rug,NJ,1,Rugs,Alex Melius,NJ,North Brunswick,08902,501 Finnegan Lane,EAST BRUNSWICK,NJ,8816,3383,11,157,0.04640851315400532,42,0.012415016257759386,94,0.027785988767366245,21,0.006207508128879693,0,0.0,0,0.0,2,0.18181818181818182,2026-06-14: 31; 2026-06-21: 11,Williamsburg Ncpc (FL) 1%; Rialto (CA) 1%,0,0,,0,,43,0.012710611882944133,200,173,160,3180,0.9520958083832335,0.91857994768048,1121.5754054948698,1045.630595277685,72.4543886198547,0.9985220218740765,0.8693467336683418,1.0,0.7834394904458598,1.0,0.9285714285714286,1.0,0.7021276595744679,1.0,0.857142857142857,,,,,157,True,sometimes_builds_directs
pdd_10w,promised_delivery_end_range_date_at_order,10,26798,EcoFlex Furniture NC,13878,EcoFlex Furniture,NC,1,Youth Furniture & Decor,Riki Watanabe,NC,Kernersville,27284,1091 East Mountain Street,GREENSBORO LOCAL,NC,27284,3371,11,157,0.04657371699792347,43,0.012755858795609611,77,0.022841886680510234,37,0.010975971521803619,0,0.0,0,0.0,5,0.45454545454545453,2026-06-07: 1; 2026-06-14: 20; 2026-06-21: 19; 2026-07-26: 1; 2026-08-02: 2,Las Vegas (NV) 1%; Tracy (CA) 1%; Greensboro (NC) 0%,0,0,,0,,25,0.007416196974191634,3345,232,219,3127,0.9345487148834429,0.7375437660301564,1007.9911996991351,930.5775641025629,78.66583081570994,0.9442301987540799,0.9107089884307323,0.9936305732484075,0.8535031847133755,1.0,0.9534883720930233,1.0,0.8831168831168829,0.9729729729729729,0.6756756756756754,,,,,157,True,sometimes_builds_directs
pdd_10w,promised_delivery_end_range_date_at_order,10,96245,Vanten LLC CA 92880,57966,Vanten LLC,"CA,NJ",2,APS,Frank Huang,CA,Corona,92880,250 Airport Circle,CHINO LOCAL,CA,91710,3363,11,235,0.06987808504311627,50,0.014867677668748141,143,0.04252155813261969,29,0.008623253047873923,0,0.0,13,0.003865596193874517,2,0.18181818181818182,2026-06-14: 8; 2026-06-21: 42,Williamsburg Ncpc (FL) 1%; Hagerstown (MD) 1%,0,0,,1,Metuchen (NJ) 0%,12,0.003568242640499554,3350,264,279,3072,0.9167412712623098,0.936851980662173,1795.5343997248,1642.1810867293602,170.70764864057344,0.9619387451680048,0.8846268212905151,0.9021276595744678,0.8680851063829779,0.96,0.8799999999999999,0.881118881118881,0.8531468531468528,0.9310344827586206,0.8620689655172414,,,0.8461538461538461,1.0,235,True,sometimes_builds_directs
pdd_10w,promised_delivery_end_range_date_at_order,10,252436,Brabantia TX,535,Brabantia,TX,1,Storage & Org - Frequency,Bryn Bennett,TX,Fort Worth,76155,14950 FAA Blvd,ARLINGTON,TX,76018,3361,11,67,0.019934543290687296,33,0.009818506396905683,28,0.008330853912526033,6,0.0017851829812555787,0,0.0,0,0.0,3,0.2727272727272727,2026-06-07: 1; 2026-06-14: 28; 2026-06-21: 4,Woodbridge (NJ) 1%; Rialto (CA) 0%,0,0,,0,,10,0.002975304968759298,224,195,122,3229,0.9635929573261713,0.919140025048752,1182.9331407942245,1083.0266479663408,51.16673846153844,0.8675989288902113,0.8437964891401373,0.9701492537313433,0.880597014925373,0.9393939393939394,0.9393939393939393,1.0,0.8928571428571427,1.0,0.5,,,,,67,True,sometimes_builds_directs
pdd_10w,promised_delivery_end_range_date_at_order,10,324724,shanghaihuzidianzishangwuyouxiangongsi CA 91789 ,63929,Hong Kong HuaYa Trade Limited,"CA,GA,IL,NJ,PA,SC,TX,WA",8,APS Home Improvement,Yinan Du,CA,City of Industry,91789,CO 171 Marcellin Dr ,INDUSTRY,CA,91789,3358,11,191,0.05687909469922573,26,0.007742703990470518,55,0.016378796902918404,63,0.01876116736152472,0,0.0,47,0.01399642644431209,2,0.18181818181818182,2026-06-14: 23; 2026-06-21: 3,Portland (OR) 1%; Sacramento (CA) 0%,0,0,,20,Tacoma (WA) 0%; Houston (TX) 0%; Lehigh Valley (PA) 0%; Marietta (GA) 0%; Fort Worth (TX) 0%,33,0.009827278141751042,923,207,243,3082,0.9269172932330827,0.7342960966666108,796.3564941569279,719.7754898590584,117.11535433070854,0.9913639070875521,0.9374627754615839,0.9895287958115184,0.931937172774869,1.0,1.0,1.0,0.9272727272727272,1.0,0.9206349206349206,,,0.9574468085106383,0.9148936170212765,191,True,sometimes_builds_directs
pdd_10w,promised_delivery_end_range_date_at_order,10,248396,Beverly Rug Inc. TX 77494,59662,Beverly Rug Inc.,TX,1,Rugs,Alex Melius,TX,Katy,77494,7737 Cherokee Rd,HOUSTON LOCAL,TX,77433,3288,11,156,0.04744525547445255,24,0.0072992700729927005,104,0.031630170316301706,28,0.00851581508515815,0,0.0,0,0.0,1,0.09090909090909091,2026-06-14: 24,Tracy (CA) 0%; Woodbridge (NJ) 0%,0,0,,0,,37,0.011253041362530414,3251,274,269,2982,0.9172562288526607,0.88557334198067,1155.544066193852,1058.9660499537488,118.48174504950495,0.9787104622871052,0.880778588807785,0.9358974358974353,0.8205128205128206,1.0,0.8749999999999999,0.9230769230769228,0.8173076923076923,0.9285714285714284,0.7857142857142858,,,,,156,True,sometimes_builds_directs
pdd_10w,promised_delivery_end_range_date_at_order,10,315143,"Freestyle Outdoor Living Co., Ltd PA 18466",57760,Orange Casual Co Ltd_1,"CA,GA,NJ,PA",4,APS Outdoor,Melody Lu,PA,Tobyhanna,18466,1901 Corporate Center Drive,SCRANTON,PA,18640,3285,11,183,0.05570776255707763,35,0.0106544901065449,52,0.015829528158295282,72,0.021917808219178082,0,0.0,24,0.0073059360730593605,6,0.5454545454545454,2026-06-28: 1; 2026-07-12: 2; 2026-07-26: 14; 2026-08-02: 10; 2026-08-09: 7; 2026-08-16: 1,Scranton (PA) 1%,0,0,,6,Woodbridge (NJ) 0%; Richmond Hill Ncpc (GA) 0%; Rialto (CA) 0%; Chino Hills Ncpc (CA) 0%; Sacramento (CA) 0%,9,0.0027397260273972603,1088,933,350,2926,0.8931623931623932,0.44311770486843194,672.7429912810193,583.5076923076904,163.59922910884984,0.7640791476407924,0.859360730593607,0.6994535519125683,0.7103825136612022,1.0,0.8571428571428571,0.2884615384615385,0.6538461538461539,0.8888888888888887,0.6666666666666665,,,0.5833333333333334,0.7500000000000001,183,True,sometimes_builds_directs
pdd_10w,promised_delivery_end_range_date_at_order,10,50127,Eastern Accents IL 60641,2105,Eastern Accents,IL,1,"PG Bedding, Bath & Window",Shannon Walker,IL,Chicago,60641,4201 West Belmont,NILES,IL,60714,3270,11,149,0.045565749235474004,40,0.012232415902140673,81,0.024770642201834864,28,0.00856269113149847,0,0.0,0,0.0,2,0.18181818181818182,2026-06-14: 29; 2026-06-21: 11,Woodbridge (NJ) 1%; Ocala (FL) 1%,0,0,,0,,72,0.022018348623853212,215,182,182,3016,0.943089430894309,0.8608885792548275,1033.8789136175026,986.72483931947,59.659949542731006,0.8948012232415907,0.8825688073394508,0.9798657718120805,0.9664429530201345,0.9749999999999999,0.9749999999999999,0.9753086419753086,0.9753086419753086,1.0,0.9285714285714284,,,,,149,True,sometimes_builds_directs
pdd_10w,promised_delivery_end_range_date_at_order,10,153049,AMAZFIT GA 30518,67283,AMAZFIT,GA,1,APS,Asia Supplier Service Desk,GA,Buford,30518,2760 Faith Industrial Dr,BRASELTON,GA,30517,3266,11,271,0.08297611757501532,119,0.03643600734843846,104,0.03184323331292101,48,0.014696876913655848,0,0.0,0,0.0,3,0.2727272727272727,2026-06-07: 1; 2026-06-14: 92; 2026-06-21: 26,Tracy (CA) 1%; Woodbridge (NJ) 1%; Chino (CA) 1%; Hagerstown (MD) 1%; Breinigsville Rsf (PA) 0%,0,0,,0,,7,0.0021432945499081446,738,390,332,2927,0.8981282602025161,0.8833365708370039,1053.9832227858021,938.8096532702917,127.89721103191818,0.7969993876301296,0.8239436619718327,0.6678966789667896,0.6457564575645751,0.6806722689075632,0.5294117647058824,0.6634615384615382,0.7596153846153845,0.6458333333333333,0.6875,,,,,271,True,sometimes_builds_directs
pdd_10w,promised_delivery_end_range_date_at_order,10,355670,CA-1545,108807,YEEYOO INTERNATIONAL LIMITED,"CA,GA,NJ,TN",4,APS Bedroom,Christal Ding,CA,Rialto,92377,1545 W Casmalia St,WEST RIALTO,CA,92316,3262,11,253,0.07755977927651747,36,0.011036174126302882,68,0.020846106683016553,127,0.03893316983445739,0,0.0,22,0.00674432863274065,7,0.6363636363636364,2026-06-14: 2; 2026-06-21: 1; 2026-07-12: 6; 2026-07-19: 6; 2026-07-26: 10; 2026-08-02: 7; 2026-08-09: 4,South Rialto - Ncpc (CA) 1%; Olive Branch (MS) 0%; Santa Fe Springs (CA) 0%,0,0,,5,West Savannah  Ncpc (GA) 0%; Richmond Hill Ncpc (GA) 0%; Marietta (GA) 0%; Metuchen (NJ) 0%; Murfreesboro (TN) 0%,32,0.009809932556713672,3226,320,340,2890,0.8947368421052632,-0.41935117737399163,949.1845712356519,954.4453544390915,194.01607476635525,0.869711833231147,0.7329858982219495,0.8972332015810278,0.5335968379446647,0.8611111111111112,0.6666666666666667,0.9558823529411764,0.75,0.8818897637795274,0.3700787401574804,,,0.8636363636363635,0.5909090909090909,253,True,sometimes_builds_directs
pdd_10w,promised_delivery_end_range_date_at_order,10,443890,Huliz Ic Mekan Dekorasyon ve Tasarim As NJ 07004-3221,249840,Huliz Ic Mekan Dekorasyon ve Tasarim As,NJ,1,WGS-Turkey,Ata Yilmaz,NJ,FAIRFIELD,07004-3221,105 US HIGHWAY 46 STE C,WAYNE,NJ,7470,3254,11,137,0.0421020282728949,23,0.007068223724646589,92,0.028272894898586354,22,0.006760909649661954,0,0.0,0,0.0,2,0.18181818181818182,2026-06-14: 7; 2026-06-21: 16,Rialto (CA) 1%,0,0,,0,,87,0.026736324523663185,244,157,149,3018,0.9529523208083359,0.9178317082636259,1195.0721701795494,1116.123667953665,70.54075752670758,0.9674247080516278,0.939766441303012,0.9562043795620436,0.9124087591240877,0.9565217391304346,0.8695652173913042,0.9456521739130433,0.9130434782608695,1.0,0.9545454545454545,,,,,137,True,sometimes_builds_directs
pdd_10w,promised_delivery_end_range_date_at_order,10,59499,The Distribution Point NV 89115,3163,The Distribution Point,"AL,NV",2,Plumbing,Maverick Schlosser,NV,Las Vegas,89115,3450 North Lamb Blvd,NORTH LAS VEGAS RSF,NV,89115,3240,11,118,0.03641975308641975,24,0.007407407407407408,59,0.018209876543209876,35,0.010802469135802469,0,0.0,0,0.0,6,0.5454545454545454,2026-06-14: 19; 2026-06-28: 1; 2026-07-05: 1; 2026-07-12: 1; 2026-07-26: 1; 2026-08-02: 1,Tracy (CA) 1%; North Las Vegas Rsf (NV) 0%,0,0,,0,,77,0.023765432098765433,282,173,171,2992,0.9459374012013911,0.5017556391438307,749.0781645569624,716.3712146988768,70.43642015706814,0.5345679012345674,0.8450617283950609,0.7542372881355934,0.7796610169491524,0.625,0.8333333333333333,0.8474576271186443,0.864406779661017,0.6857142857142859,0.6,,,,,118,True,sometimes_builds_directs
pdd_10w,promised_delivery_end_range_date_at_order,10,54257,XSL INC CA 92880 Wayfair,50139,XSL TECHNOLOGIES INC,"CA,GA,NJ",3,APS Upholstery,Lacey Yan,CA,Corona,92880,250 Airport Circle,CHINO LOCAL,CA,91710,3191,11,279,0.08743340645565653,33,0.010341585709808837,154,0.04826073331244124,53,0.016609213412723284,0,0.0,39,0.012221874020683171,2,0.18181818181818182,2026-06-14: 17; 2026-06-21: 16,Hagerstown (MD) 1%; Toledo (OH) 0%,0,0,,5,Marietta (GA) 0%; Metuchen (NJ) 0%; Woodbridge (NJ) 0%; South Atlanta Ncpc (GA) 0%; Savannah (GA) 0%,39,0.012221874020683171,3151,326,333,2819,0.8943527918781726,0.9246671751269471,1854.899282868529,1638.7186883840552,235.8908012820514,0.9056722030711362,0.8492635537449084,0.9211469534050178,0.8279569892473121,0.9090909090909088,0.8787878787878786,0.9025974025974025,0.7987012987012986,0.9811320754716981,0.9056603773584907,,,0.9230769230769229,0.7948717948717948,279,True,sometimes_builds_directs
pdd_10w,promised_delivery_end_range_date_at_order,10,82470,Ledel Lighting INC CA92841,75706,Ledel Lighting INC,CA,1,Lighting,Kya Mehlman,CA,Garden Grove,92841,7089 Belgrave Ave,ANAHEIM,CA,92801,3170,11,178,0.05615141955835962,21,0.006624605678233439,124,0.039116719242902206,33,0.010410094637223975,0,0.0,0,0.0,5,0.45454545454545453,2026-06-07: 1; 2026-06-14: 10; 2026-06-21: 7; 2026-07-05: 1; 2026-07-26: 2,Marietta (GA) 1%; Anaheim (CA) 0%,0,0,,0,,53,0.016719242902208203,235,215,223,2894,0.9284568495348091,0.8090744551652271,1864.7168316831696,1738.5595188718376,151.6686072692181,0.9880126182965298,0.9100946372239745,1.0,0.8539325842696629,1.0,0.9523809523809523,1.0,0.8870967741935483,1.0,0.6666666666666667,,,,,178,True,sometimes_builds_directs
pdd_10w,promised_delivery_end_range_date_at_order,10,44942,Chicago Stool & Chair Inc. IL,21889,Chicago Stool & Chair Inc.,IL,1,Casegoods,Zichu Wang,IL,Elgin,60120,1230 St Charles Street,EAST CAROL STREAM,IL,60188,3169,11,107,0.03376459450930893,31,0.009782265698958662,53,0.016724518775639,23,0.007257810034711265,0,0.0,0,0.0,2,0.18181818181818182,2026-06-14: 21; 2026-06-21: 10,Rialto (CA) 1%; Stockton Rsf (CA) 0%,0,0,,0,,25,0.007888923950773114,3144,131,131,3013,0.9583333333333334,0.8971497661349795,965.9197054140132,917.6396461600331,51.67246330567966,0.9971599873777227,0.9201640896181754,0.9906542056074766,0.8691588785046731,1.0,1.0,0.9811320754716981,0.8867924528301887,1.0,0.6521739130434783,,,,,107,True,sometimes_builds_directs
pdd_10w,promised_delivery_end_range_date_at_order,10,207638,Journey ClassArt LLC GA2 30519,206225,Journey ClassArt LLC,"CA,GA,NJ,TX",4,APS Other,Amber Xiang,GA,Buford,30519,2961 Gravel Springs Road,BRASELTON,GA,30517,3120,11,942,0.3019230769230769,45,0.014423076923076924,98,0.03141025641025641,203,0.06506410256410257,0,0.0,596,0.191025641025641,9,0.8181818181818182,2026-06-14: 31; 2026-06-21: 2; 2026-07-05: 3; 2026-07-12: 2; 2026-07-19: 1; 2026-07-26: 1; 2026-08-02: 2; 2026-08-09: 2; 2026-08-16: 1,Hagerstown (MD) 1%; Olive Branch (MS) 0%; Lehigh Valley (PA) 0%; Nashville (TN) 0%,0,0,,22,Rialto (CA) 10%; South Houston (TX) 2%; Chino Hills Ncpc (CA) 2%; Sugar Land (TX) 1%; Houston (TX) 1%,18,0.0057692307692307696,2915,2088,1684,1418,0.4571244358478401,-1.0152400294539268,680.877523983556,1085.8289097187958,798.568711052806,0.684615384615383,0.6695512820512802,0.7123142250530783,0.5286624203821665,0.4666666666666667,0.6666666666666667,0.7142857142857141,0.489795918367347,0.4137931034482759,0.7389162561576353,,,0.832214765100671,0.45302013422818765,942,True,sometimes_builds_directs
pdd_10w,promised_delivery_end_range_date_at_order,10,216252,Home City Inc. TX 77029,2740,Home City Inc.,"NJ,TX",2,Soft Home,Jaiden Lawlor,TX,Houston,77029,8230 Plummer Street,BAYTOWN,TX,77521,3119,11,282,0.09041359410067329,43,0.013786470022443091,64,0.020519397242705996,50,0.016030779095864058,0,0.0,125,0.04007694773966015,2,0.18181818181818182,2026-06-14: 41; 2026-06-21: 2,Rialto (CA) 1%; Tracy (CA) 1%,0,0,,1,Woodbridge (NJ) 4%,9,0.0028855402372555306,3110,326,328,2782,0.8945337620578778,0.30028770642677743,1109.2933866279063,996.9993234672306,200.91226814188119,0.8727156139788395,0.8348829753125997,0.7304964539007098,0.6276595744680851,0.7441860465116278,0.8139534883720929,0.6249999999999998,0.6562499999999999,0.66,0.66,,,0.8079999999999999,0.5359999999999995,282,True,sometimes_builds_directs
pdd_10w,promised_delivery_end_range_date_at_order,10,272271,"Conair, Inc MD 21740",5189,"Conair, Inc","AZ,MD",2,Kitchen & Small Electrics,Hailey Haas,MD,HAGERSTOWN,21740,10440 DOWNSVILLE PIKE,HAGERSTOWN LOCAL,MD,21740,3095,11,85,0.027463651050080775,20,0.006462035541195477,45,0.014539579967689823,19,0.006138933764135703,0,0.0,1,0.00032310177705977385,8,0.7272727272727273,2026-06-07: 1; 2026-06-14: 2; 2026-06-21: 3; 2026-06-28: 2; 2026-07-05: 5; 2026-07-12: 1; 2026-07-26: 4; 2026-08-09: 2,Hagerstown (MD) 1%,0,0,,1,North Phoenix (AZ) 0%,21,0.00678513731825525,3074,135,126,2948,0.9590110605074821,0.7427752712377017,574.4327963651386,554.0792774086365,31.836393335511282,0.746042003231019,0.8294022617124397,0.8823529411764707,0.7882352941176466,0.75,0.6500000000000001,0.9111111111111112,0.8666666666666665,0.9473684210526314,0.7894736842105262,,,1.0,0.0,85,True,sometimes_builds_directs
pdd_10w,promised_delivery_end_range_date_at_order,10,25710,Global Views TX 75247,1699,Global Views,TX,1,PG Decor,Rachel Markham,TX,Dallas,75247,7301 Ambassador Row,WEST DALLAS,TX,75211,3031,11,127,0.041900362916529196,36,0.011877268228307489,69,0.02276476410425602,22,0.007258330583965688,0,0.0,0,0.0,1,0.09090909090909091,2026-06-14: 36,Woodbridge (NJ) 1%; Ocala (FL) 1%,0,0,,0,,143,0.04717914879577697,2888,163,163,2725,0.9435595567867036,0.905894654839393,1096.8284950657915,1004.9206250000012,84.79520999652897,0.9610689541405482,0.9290663147476091,0.9527559055118111,0.9291338582677162,0.9722222222222222,0.9444444444444443,0.9420289855072466,0.9275362318840581,0.9545454545454544,0.9090909090909088,,,,,127,True,sometimes_builds_directs
pdd_10w,promised_delivery_end_range_date_at_order,10,248293,Phantoscope CA,40013,Phantoscope,CA,1,APS,Jessica Gu,CA,City Of Industry,90601,2225 Workman Mill Rd,SANTA FE SPRINGS,CA,90670,3026,11,203,0.06708526107072042,52,0.017184401850627893,123,0.04064771976206213,28,0.009253139458030404,0,0.0,0,0.0,3,0.2727272727272727,2026-06-07: 1; 2026-06-14: 19; 2026-06-21: 32,Orlando (FL) 1%; Hagerstown (MD) 1%; Woodbridge (NJ) 0%,0,0,,0,,69,0.02280237937871778,369,232,235,2722,0.9205275617179574,0.9399930076581369,1816.3851176917221,1674.4149670414872,172.2154446707399,0.9187045604758748,0.8942498347653679,0.8029556650246302,0.8078817733990149,0.7692307692307693,0.8653846153846153,0.8048780487804876,0.780487804878049,0.8571428571428571,0.8214285714285714,,,,,203,True,sometimes_builds_directs
pdd_10w,promised_delivery_end_range_date_at_order,10,430228,Onix Electronics LLC_1 FL 33020,36364,Onix Electronics LLC_1,"CA,FL",2,Outdoor Furniture,Kate Schryver,FL,Hollywood,33020,3850 N 29th Terrace,FORT LAUDERDALE,FL,33069,3008,11,119,0.03956117021276596,29,0.00964095744680851,64,0.02127659574468085,16,0.005319148936170213,0,0.0,10,0.003324468085106383,2,0.18181818181818182,2026-06-14: 24; 2026-06-21: 5,Metuchen (NJ) 0%; Las Vegas (NV) 0%,0,0,,2,Tracy (CA) 0%; Bakersfield (CA) 0%,17,0.005651595744680851,328,304,258,2733,0.9137412236710131,0.9180414915589884,1399.1739975698686,1224.7125367863468,134.3856801093645,0.99002659574468,0.8992686170212777,0.9915966386554621,0.9075630252100839,1.0,0.9310344827586207,0.984375,0.953125,1.0,0.6875,,,1.0,0.8999999999999999,119,True,sometimes_builds_directs
pdd_10w,promised_delivery_end_range_date_at_order,10,23650,Jeffan TN,3026,Jeffan,TN,1,Casegoods,Megan White,TN,Chattanooga,37407,420 Workman Rd,CHATTANOOGA,TN,37410,3005,11,92,0.030615640599001664,26,0.008652246256239601,58,0.01930116472545757,8,0.0026622296173044926,0,0.0,0,0.0,2,0.18181818181818182,2026-06-14: 20; 2026-06-21: 6,Rialto (CA) 1%; Woodbridge (NJ) 0%,0,0,,0,,36,0.011980033277870216,2969,169,132,2837,0.9555405860559111,0.8592362056207149,852.6273288973389,815.2607174490707,75.2283607681756,0.9836938435940082,0.898169717138101,0.9673913043478262,0.8586956521739124,1.0,0.923076923076923,0.982758620689655,0.8448275862068965,0.75,0.75,,,,,92,True,sometimes_builds_directs
pdd_10w,promised_delivery_end_range_date_at_order,10,91411,Malouf Fine Linens SC29360,14913,"EVERREST US, LLC","CA,SC",2,Mattress,Rikki Sartor,SC,Laurens,29360,101 Michelin Dr,SPARTANBURG,SC,29301,3005,10,421,0.14009983361064893,122,0.04059900166389351,118,0.03926788685524126,67,0.022296173044925125,0,0.0,114,0.03793677204658902,2,0.2,2026-06-14: 119; 2026-06-21: 3,Chicago (IL) 1%; Metuchen (NJ) 1%; Dallas (TX) 1%; Hagerstown (MD) 1%; Orlando (FL) 0%,0,0,,3,Bakersfield (CA) 2%; Tracy (CA) 1%; Rialto (CA) 1%,50,0.016638935108153077,596,528,507,2448,0.8284263959390863,0.6617249307985067,725.7381067961163,605.8670522707797,219.73266689257886,0.8522462562395998,0.831946755407655,0.907363420427553,0.800475059382423,0.9672131147540981,0.9344262295081965,0.9830508474576272,0.9237288135593221,0.9402985074626864,0.8955223880597016,,,0.7456140350877193,0.47368421052631576,421,True,sometimes_builds_directs
pdd_10w,promised_delivery_end_range_date_at_order,10,136020,Sellbyeway Corp NJ,49581,Sellbyeway Corp,NJ,1,Decor,Allie Neyman,NJ,Carlstadt,07072,462 Barell Avenue,SECAUCUS,NJ,7307,2972,11,94,0.031628532974428,28,0.009421265141318977,61,0.020524899057873486,5,0.0016823687752355316,0,0.0,0,0.0,2,0.18181818181818182,2026-06-14: 26; 2026-06-21: 2,Rialto (CA) 0%; Dallas (TX) 0%,0,0,,0,,20,0.006729475100942127,173,137,118,2834,0.9600271002710027,0.9469496223753213,1181.495585317461,1084.395771878071,65.72153687112336,0.9266487213997306,0.8906460296096902,1.0,0.851063829787234,1.0,0.8928571428571427,1.0,0.8688524590163934,1.0,0.4,,,,,94,True,sometimes_builds_directs
pdd_10w,promised_delivery_end_range_date_at_order,10,295983,"Shenzhen Laiwo Trading Co., Ltd. GA 31407",65593,"Shenzhen Laiwo Trading Co., Ltd.","CA,GA,IL,NJ,PA,TX,WA",7,APS,Stella Yin,GA,Port Wentworth,31407,302 International Trade Pkwy,SAVANNAH LOCAL,GA,31408,2958,11,327,0.1105476673427992,63,0.02129817444219067,43,0.0145368492224476,54,0.018255578093306288,0,0.0,167,0.05645706558485463,9,0.8181818181818182,2026-06-07: 9; 2026-06-14: 11; 2026-06-21: 7; 2026-06-28: 10; 2026-07-05: 10; 2026-07-12: 1; 2026-07-26: 7; 2026-08-09: 5; 2026-08-16: 3,Williamsburg Ncpc (FL) 2%; Richmond Hill Ncpc (GA) 0%; Greensboro (NC) 0%,0,0,,32,Lehigh Valley (PA) 1%; Arcadia (CA) 0%; Chino Hills Ncpc (CA) 0%; West Dallas Ncpc (TX) 0%; South Rialto - Ncpc (CA) 0%,17,0.005747126436781609,2932,540,532,2409,0.819109146548793,0.16526739122106684,733.0674893945242,685.5524748646554,174.6129337539433,0.8766058147396887,0.8394185260311018,0.8134556574923546,0.7400611620795111,0.9047619047619047,0.9682539682539683,0.7674418604651161,0.8372093023255816,0.7222222222222222,0.6666666666666667,,,0.8203592814371259,0.6526946107784429,327,True,sometimes_builds_directs
pdd_10w,promised_delivery_end_range_date_at_order,10,288246,"Xiamen Yakesi e-commerce.CO., LTD CA 91761 ",96089,KEY CLOISON LIMITED,CA,1,APS,Aria Yao,CA,Ontario ,91761 ,3625 E Jurupa St ,CHINO LOCAL,CA,91710,2958,11,190,0.06423258958755916,38,0.012846517917511832,121,0.04090601757944557,31,0.010480054090601758,0,0.0,0,0.0,3,0.2727272727272727,2026-06-07: 1; 2026-06-14: 8; 2026-06-21: 29,Williamsburg Ncpc (FL) 1%; Marietta (GA) 1%,0,0,,0,,34,0.011494252873563218,2922,238,249,2675,0.91484268125855,0.8892567666409577,1770.430793401412,1643.8321714743602,180.7730729701957,0.895537525354969,0.839418526031101,0.9263157894736841,0.8736842105263156,0.9736842105263158,1.0,0.8925619834710745,0.8512396694214875,1.0,0.8064516129032256,,,,,190,True,sometimes_builds_directs
pdd_10w,promised_delivery_end_range_date_at_order,10,28798,"Peking Handicraft, INC CA",9732,"Peking Handicraft, INC",CA,1,Soft Home,Benjamin Hannigan,CA,South San Francisco,94080,1388 San Mateo Ave,SAN FRANCISCO,CA,94080,2935,11,187,0.0637137989778535,68,0.023168654173764906,80,0.027257240204429302,39,0.013287904599659284,0,0.0,0,0.0,2,0.18181818181818182,2026-06-14: 28; 2026-06-21: 40,Fort Worth (TX) 1%; Marietta (GA) 1%; Hagerstown (MD) 1%; Woodbridge (NJ) 0%; Toledo (OH) 0%,0,0,,0,,65,0.022146507666098807,2347,225,238,2632,0.9170731707317074,0.890577697032237,1954.9626484821813,1786.1147874306844,206.13461404121585,0.976149914821125,0.8899488926746156,0.9251336898395719,0.8021390374331554,0.8676470588235294,0.7352941176470589,0.9625,0.9249999999999999,0.9487179487179486,0.6666666666666667,,,,,187,True,sometimes_builds_directs
pdd_10w,promised_delivery_end_range_date_at_order,10,216053,Homelux Designs LLC CA 90220,72859,Homelux Designs LLC,"CA,GA,NJ",3,APS Home Improvement,Emma Wang,CA,Torrance,90501,20550 Denker Ave.,CARSON,CA,90746,2920,11,187,0.06404109589041096,30,0.010273972602739725,108,0.036986301369863014,28,0.009589041095890411,0,0.0,21,0.007191780821917808,2,0.18181818181818182,2026-06-14: 24; 2026-06-21: 6,Houston (TX) 1%; Chicago (IL) 0%,0,0,,4,Woodbridge (NJ) 0%; Marietta (GA) 0%; Norcross (GA) 0%; Marietta Local (GA) 0%,51,0.017465753424657535,367,226,223,2646,0.9222725688393169,0.9420125502624676,1662.4780457380436,1516.597604035309,164.31381971238145,0.8037671232876722,0.8325342465753435,0.8181818181818182,0.754010695187166,0.7666666666666666,0.7666666666666666,0.8055555555555557,0.75,0.9285714285714284,0.75,,,0.8095238095238094,0.7619047619047619,187,True,sometimes_builds_directs
pdd_10w,promised_delivery_end_range_date_at_order,10,30330,Aspen Creative Corporation,30330,Aspen Creative Corporation,CA,1,Lighting,Kya Mehlman,CA,Rancho Cucamonga,91730,9119 8th Street,WEST RIALTO,CA,92316,2869,11,176,0.06134541652143604,33,0.011502265597769257,114,0.039735099337748346,29,0.010108051585918439,0,0.0,0,0.0,2,0.18181818181818182,2026-06-14: 18; 2026-06-21: 15,Chicago (IL) 1%; Metuchen (NJ) 0%,0,0,,0,,47,0.016382014639247124,230,212,216,2606,0.923458540042523,0.9326182304925931,1796.2541125541125,1670.3574626865664,159.27110401136,0.8382711746253051,0.7678633670268379,0.9772727272727272,0.8522727272727272,1.0,1.0,0.9912280701754386,0.8333333333333329,0.8965517241379307,0.7586206896551725,,,,,176,True,sometimes_builds_directs
pdd_10w,promised_delivery_end_range_date_at_order,10,138427,Wells International LLC NJ,65744,Wells International LLC,NJ,1,APS,Elvira Tang,NJ,Marlboro,07746,4 Timber Lane Unit A,PRINCETON,NJ,8810,2864,11,175,0.061103351955307264,33,0.011522346368715084,88,0.030726256983240222,54,0.018854748603351956,0,0.0,0,0.0,2,0.18181818181818182,2026-06-14: 22; 2026-06-21: 11,Orlando (FL) 1%; Sacramento (CA) 0%; Portland (OR) 0%,0,0,,0,,124,0.04329608938547486,1807,198,191,2549,0.9302919708029197,0.8254547034711539,1141.1992408266533,1042.0093194625026,121.78207478005862,0.94203910614525,0.9074720670391063,0.9885714285714285,0.7657142857142855,1.0,0.787878787878788,1.0,0.8295454545454545,0.9629629629629628,0.6481481481481483,,,,,175,True,sometimes_builds_directs
pdd_10w,promised_delivery_end_range_date_at_order,10,101813,"Zhejiang Xingyang Furniture Co.,Ltd. CA 92880",61200,"Zhejiang Xingyang Furniture Co.,Ltd.",CA,1,APS,Estrella Wang,CA,Corona,92880,250 Airport Circle,CHINO LOCAL,CA,91710,2790,11,127,0.04551971326164875,34,0.012186379928315413,80,0.02867383512544803,13,0.004659498207885305,0,0.0,0,0.0,2,0.18181818181818182,2026-06-14: 6; 2026-06-21: 28,Williamsburg Ncpc (FL) 1%; Metuchen (NJ) 1%,0,0,,0,,31,0.011111111111111112,2758,153,163,2596,0.9409206234142805,0.9555035941662388,1798.9386904761916,1684.4537643555936,122.61773722627733,0.9405017921146954,0.8706093189964165,0.9921259842519684,0.9527559055118111,0.9705882352941175,0.8823529411764706,1.0,0.9875000000000002,1.0,0.923076923076923,,,,,127,True,sometimes_builds_directs
pdd_10w,promised_delivery_end_range_date_at_order,10,23370,Cheungs Rattan CA,5313,Cheungs Rattan,CA,1,Decor,Waverly Winterer,CA,Santa Ana,92704,3311 West Castor St,ANAHEIM,CA,92801,2748,11,186,0.06768558951965066,45,0.016375545851528384,106,0.03857350800582242,35,0.012736535662299854,0,0.0,0,0.0,2,0.18181818181818182,2026-06-14: 23; 2026-06-21: 22,Metuchen (NJ) 1%; Orlando (FL) 1%; Marietta (GA) 0%,0,0,,0,,39,0.014192139737991267,246,227,229,2480,0.9154669619785899,0.9451093624692557,1772.6923455684855,1612.0234735413833,178.80630797773725,0.9919941775836977,0.9122998544395924,0.9892473118279568,0.9086021505376343,1.0,0.8888888888888888,0.9905660377358491,0.9433962264150944,0.9714285714285714,0.8285714285714287,,,,,186,True,sometimes_builds_directs
pdd_10w,promised_delivery_end_range_date_at_order,10,286949,Tianjin Yuyao Technology Co. NJ 08060,286842,LUMINOUS PATHWAY TRADING LIMITED,"CA,NJ",2,Wayfair,Frank Huang,NJ,Westampton,08060,35 E Park Dr,ROBBINSVILLE,NJ,8691,2742,11,201,0.07330415754923414,41,0.014952589350838803,32,0.011670313639679067,65,0.023705324580598104,0,0.0,63,0.022975929978118162,9,0.8181818181818182,2026-06-07: 2; 2026-06-14: 4; 2026-06-21: 3; 2026-06-28: 3; 2026-07-05: 2; 2026-07-19: 2; 2026-07-26: 3; 2026-08-02: 9; 2026-08-09: 13,Greensboro (NC) 1%,0,0,,9,West Rialto (CA) 1%; South Rialto - Ncpc (CA) 1%; Industry (CA) 0%; Rialto (CA) 0%; Santa Fe Springs (CA) 0%,13,0.004741064916119621,2388,997,272,2457,0.9003297911322828,-0.15274323779388801,760.3486150907353,756.1326703132777,169.25551457026933,0.9730123997082413,0.8803792851932906,0.9004975124378104,0.6616915422885571,0.926829268292683,0.8292682926829269,1.0,0.9375,0.953846153846154,0.846153846153846,,,0.7777777777777777,0.22222222222222227,201,True,sometimes_builds_directs
pdd_10w,promised_delivery_end_range_date_at_order,10,344317,Shenzhenshi Daman Shiye Youxiangongsi NJ 08873,76761,Shenzhenshi Daman Shiye Youxiangongsi,"CA,GA,IL,NJ,PA,TX",6,APS K&D,Stella Yin,NJ,Somerset,08873,244 Belmont Dr,WOODBRIDGE LOCAL,NJ,8832,2676,11,105,0.03923766816143498,21,0.007847533632286996,42,0.01569506726457399,14,0.00523168908819133,0,0.0,28,0.01046337817638266,5,0.45454545454545453,2026-07-19: 4; 2026-07-26: 1; 2026-08-02: 5; 2026-08-09: 4; 2026-08-16: 7,Woodbridge (NJ) 1%,0,0,,17,Rialto (CA) 0%; Mccook (IL) 0%; Chicago Loop (IL) 0%; Houston (TX) 0%; South Chicago (IL) 0%,13,0.004857997010463378,2657,209,155,2508,0.9417949680811115,0.6982589913015621,607.384760366183,551.2590348525468,82.39923780487798,0.8766816143497741,0.8766816143497758,0.9428571428571428,0.8476190476190478,0.9047619047619045,0.8095238095238094,0.9285714285714285,0.9047619047619048,1.0,0.7857142857142858,,,0.9642857142857142,0.8214285714285714,105,True,sometimes_builds_directs
pdd_10w,promised_delivery_end_range_date_at_order,10,23665,"Cozy Line Home Fashions, Inc.",23665,"Cozy Line Home Fashions, Inc.",CA,1,Soft Home,Jaiden Lawlor,CA,Eastvale,92880,6265 Providence Way,CHINO LOCAL,CA,91710,2621,11,216,0.08241129339946585,26,0.009919877909194963,109,0.04158718046547119,81,0.030904235024799696,0,0.0,0,0.0,5,0.45454545454545453,2026-06-14: 9; 2026-06-21: 11; 2026-07-12: 4; 2026-07-19: 1; 2026-08-16: 1,Greensboro (NC) 1%; Murfreesboro (TN) 0%,0,0,,0,,34,0.012972148035101107,2586,251,265,2322,0.897564746810978,0.8507750477139306,1879.7450236966827,1746.1385749385743,204.1013937282233,0.9477298740938583,0.8668447157573449,0.7962962962962964,0.7314814814814813,0.7307692307692307,0.6153846153846154,0.8623853211009175,0.7706422018348621,0.728395061728395,0.7160493827160495,,,,,216,True,sometimes_builds_directs
pdd_10w,promised_delivery_end_range_date_at_order,10,351131,"Shenzhen Laiwo Trading Co., Ltd. CA 91761 (2)",65593,"Shenzhen Laiwo Trading Co., Ltd.","CA,GA,IL,NJ,PA,TX,WA",7,APS K&D,Stella Yin,CA,Ontario,91761,5450 E Francis Street,CHINO LOCAL,CA,91710,2606,11,196,0.07521105141980046,21,0.008058326937835763,61,0.02340752110514198,33,0.01266308518802763,0,0.0,81,0.03108211818879509,2,0.18181818181818182,2026-06-14: 19; 2026-06-21: 2,North Portland Rsf (OR) 0%; Stockton Rsf (CA) 0%,0,0,,19,Princeton (NJ) 1%; East Brunswick (NJ) 0%; Metuchen (NJ) 0%; Aldine Rsf (TX) 0%; Marietta (GA) 0%,16,0.0061396776669224865,2590,217,251,2339,0.9030888030888031,0.4741900683575217,1030.5775022956846,939.1283720930232,176.98168028004673,0.9543361473522657,0.8795088257866452,0.9591836734693877,0.7704081632653063,1.0,0.9047619047619045,0.983606557377049,0.8688524590163934,1.0,0.5757575757575758,,,0.9135802469135802,0.740740740740741,196,True,sometimes_builds_directs
pdd_10w,promised_delivery_end_range_date_at_order,10,462553,Zhejiangweinuokejiyouxiangongsi NJ 08817,60691,Zhejiangweinuokejiyouxiangongsi,"CA,GA,NJ",3,APS K&D,Hannah Guan,NJ,Edison,08817,300 Cedar Lane Suite B,WOODBRIDGE LOCAL,NJ,8832,2530,11,86,0.03399209486166008,24,0.009486166007905139,38,0.015019762845849802,24,0.009486166007905139,0,0.0,0,0.0,6,0.5454545454545454,2026-06-28: 1; 2026-07-19: 1; 2026-07-26: 3; 2026-08-02: 15; 2026-08-09: 3; 2026-08-16: 1,Metuchen (NJ) 1%,0,0,,0,,13,0.005138339920948616,2512,135,113,2404,0.9551052840683353,0.5957811912156343,657.5485582468273,614.8118267629092,83.10945780676714,0.8691699604743091,0.9067193675889328,0.8372093023255817,0.8372093023255816,0.8749999999999999,0.9583333333333333,0.8157894736842106,0.8421052631578948,0.8333333333333333,0.7083333333333331,,,,,86,True,sometimes_builds_directs
pdd_10w,promised_delivery_end_range_date_at_order,10,438290,AMEZIEL INC CA 92337,22539,AMEZIEL INC,"CA,GA,IL,IN,NJ,TX,WA",7,APS AEOF,Carl Li,CA,Fontana,92337,"16255 Slover Ave, Fontana",WEST RIALTO,CA,92316,2524,11,143,0.05665610142630745,38,0.015055467511885896,51,0.020206022187004756,31,0.012282091917591125,0,0.0,23,0.009112519809825673,5,0.45454545454545453,2026-06-14: 34; 2026-07-05: 1; 2026-07-19: 1; 2026-07-26: 1; 2026-08-02: 1,North Portland Rsf (OR) 1%; Stockton Rsf (CA) 1%; South Rialto - Ncpc (CA) 0%,0,0,,9,Metuchen (NJ) 0%; Houston (TX) 0%; Marietta (GA) 0%; Chicago Loop (IL) 0%; West Dallas Ncpc (TX) 0%,9,0.0035657686212361333,2512,132,160,2355,0.9363817097415507,0.7670700947756949,848.8889552238802,769.5143710021332,93.8727345952478,0.7832805071315374,0.7694136291600623,0.3916083916083916,0.5104895104895105,0.36842105263157887,0.5789473684210527,0.3333333333333333,0.568627450980392,0.48387096774193544,0.3870967741935484,,,0.43478260869565216,0.43478260869565216,143,True,sometimes_builds_directs
pdd_10w,promised_delivery_end_range_date_at_order,10,58271,Belleze SC 29483,29520,Belleze,"CA,NJ,SC,TX",4,Outdoor Furniture,Jaden Pickett,SC,Summerville,29483,631 OMNI INDUSTRIAL BLVD,CHARLESTON,SC,29456,2489,11,127,0.051024507834471676,26,0.010445962233828847,46,0.018481317798312576,18,0.007231820008035355,0,0.0,37,0.014865407794294898,1,0.09090909090909091,2026-06-14: 26,Champaign (IL) 1%; Orlando (FL) 0%,0,0,,7,Metuchen (NJ) 1%; Industry (CA) 0%; Dallas (TX) 0%; Chino (CA) 0%; Houston (TX) 0%,6,0.0024106066693451184,522,208,197,2286,0.9206604913411196,0.37784187668706787,657.3913516312779,624.8509006690678,98.01245450869384,0.5628766572920849,0.7159501807955005,0.6062992125984251,0.5905511811023624,0.4615384615384615,0.576923076923077,0.6739130434782611,0.717391304347826,0.6666666666666669,0.6111111111111112,,,0.5945945945945945,0.43243243243243246,127,True,sometimes_builds_directs
pdd_10w,promised_delivery_end_range_date_at_order,10,143006,Trade-Linker NJ,17102,Trade-Linker,NJ,1,Soft Home,Jaiden Lawlor,NJ,Cranford,07016,570 South Ave East,SOUTH CARTERET,NJ,7008,2473,11,98,0.03962798220784472,21,0.008491710473109584,63,0.02547513141932875,14,0.005661140315406389,0,0.0,0,0.0,2,0.18181818181818182,2026-06-14: 15; 2026-06-21: 6,Dallas (TX) 1%; Portland (OR) 0%,0,0,,0,,18,0.007278608976951072,2453,116,109,2346,0.9556008146639511,0.9178842154873221,1206.6740259740254,1137.0099504950485,83.5346074804768,0.9344925192074399,0.8758592802264467,0.9693877551020407,0.795918367346939,1.0,0.9523809523809524,0.9682539682539681,0.7142857142857141,0.9285714285714285,0.9285714285714285,,,,,98,True,sometimes_builds_directs
pdd_10w,promised_delivery_end_range_date_at_order,10,134818,Glass Warehouse CA 92056,24123,Glass Warehouse,"CA,NC",2,Plumbing,Madison MacDowell,CA,Oceanside,92056,1319 Rocky Point Drive,OCEANSIDE,CA,92056,2450,11,175,0.07142857142857142,41,0.01673469387755102,71,0.028979591836734694,32,0.013061224489795919,0,0.0,31,0.012653061224489797,2,0.18181818181818182,2026-06-14: 3; 2026-06-21: 38,Woodbridge (NJ) 1%; Hagerstown (MD) 1%,0,0,,3,Wilmington (NC) 1%; Greensboro (NC) 0%; Charlotte (NC) 0%,47,0.019183673469387756,258,218,236,2167,0.9017894298793175,0.8703378602394566,1521.7520163348638,1369.2051455301466,204.42864321608064,0.9559183673469378,0.9522448979591844,0.9028571428571431,0.8971428571428575,0.9268292682926826,0.9268292682926826,0.9718309859154931,0.9577464788732395,0.9375,1.0,,,0.6774193548387097,0.6129032258064516,175,True,sometimes_builds_directs
pdd_10w,promised_delivery_end_range_date_at_order,10,349462,YESURE INC. CA 92571,53692,YESURE INC.,"CA,GA,NJ",3,APS Decor,Qiwen Fan,CA,Fontana,92337,15950 Boyle Avenue,WEST RIALTO,CA,92316,2434,11,140,0.05751848808545604,21,0.008627773212818405,72,0.029580936729663106,28,0.011503697617091208,0,0.0,19,0.0078060805258833195,2,0.18181818181818182,2026-06-14: 18; 2026-06-21: 3,Denver (CO) 0%; Portland (OR) 0%,0,0,,5,Metuchen (NJ) 1%; Savannah (GA) 0%; Atlanta (GA) 0%; Robbinsville (NJ) 0%; Braselton (GA) 0%,11,0.0045193097781429745,2411,171,171,2252,0.9294263309946348,0.8964626072943396,1208.8254571703546,1063.7362096347288,148.40706817231276,0.9741166803615451,0.8656532456861119,0.9857142857142854,0.9071428571428568,1.0,1.0,1.0,0.861111111111111,1.0,0.9285714285714286,,,0.8947368421052632,0.9473684210526314,140,True,sometimes_builds_directs
pdd_10w,promised_delivery_end_range_date_at_order,10,202120,Urbandi Manufactoring Inc BO 45246,189540,Urbandi Manufactoring Inc,OH,1,Decor,Allie Neyman,OH,Cincinnati,45246,685 Redna Terr,CINCINNATI,OH,45246,2410,11,145,0.06016597510373444,40,0.016597510373443983,87,0.03609958506224066,18,0.007468879668049793,0,0.0,0,0.0,3,0.2727272727272727,2026-06-07: 2; 2026-06-14: 24; 2026-06-21: 14,Rialto (CA) 1%; Dallas (TX) 1%; Ocala (FL) 0%,0,0,,0,,25,0.01037344398340249,2355,209,182,2203,0.9236897274633123,0.8774129334113284,1208.8330236878762,1140.9571963616902,107.16668090559611,0.580497925311203,0.6863070539419075,0.8344827586206895,0.7517241379310345,0.8749999999999998,0.6499999999999999,0.8505747126436783,0.8160919540229883,0.6666666666666669,0.6666666666666667,,,,,145,True,sometimes_builds_directs
pdd_10w,promised_delivery_end_range_date_at_order,10,76445,TranS Ideal LLC CA 90670,67920,TranS Ideal LLC,"CA,GA,IL,NJ",4,APS,Naomi JI,CA,Santa Fe Springs,90670,14404 Best Avenue,SANTA FE SPRINGS,CA,90670,2397,11,174,0.07259073842302878,27,0.011264080100125156,66,0.02753441802252816,47,0.0196078431372549,0,0.0,34,0.014184397163120567,6,0.5454545454545454,2026-06-14: 10; 2026-06-21: 11; 2026-07-12: 1; 2026-07-19: 2; 2026-07-26: 2; 2026-08-02: 1,Hagerstown (MD) 1%; Santa Fe Springs (CA) 0%,0,0,,5,Chicago (IL) 1%; Woodbridge (NJ) 0%; Atlanta Local (GA) 0%; Marietta (GA) 0%; Metuchen (NJ) 0%,20,0.008343763037129746,724,210,220,2157,0.9074463609591923,0.7624058568671515,1701.8298054105342,1565.9468857282993,197.4346170122724,0.9428452231956596,0.8836045056320392,0.9827586206896546,0.9367816091954023,1.0,1.0,1.0,0.9545454545454546,1.0,0.8510638297872338,,,0.9117647058823527,0.9705882352941176,174,True,sometimes_builds_directs
pdd_10w,promised_delivery_end_range_date_at_order,10,153347,Alphamarts TX 77521(2),46710,Alphamarts,"CA,GA,IL,MD,NJ,PA,TX",7,APS Outdoor,Melody Lu,TX,La Porte,77571,645 Independence Pkwy,BAYTOWN,TX,77521,2395,11,155,0.06471816283924843,34,0.014196242171189978,29,0.012108559498956159,49,0.02045929018789144,0,0.0,43,0.017954070981210855,7,0.6363636363636364,2026-06-14: 4; 2026-06-21: 1; 2026-07-05: 5; 2026-07-12: 4; 2026-07-26: 10; 2026-08-02: 8; 2026-08-09: 2,Baytown (TX) 1%; Lenexa (KS) 0%,0,0,,18,Champaign (IL) 0%; Tracy (CA) 0%; Chicago (IL) 0%; Rialto (CA) 0%; Fairless Hills (PA) 0%,19,0.007933194154488519,393,186,200,2176,0.9158249158249159,0.5840070172434331,761.8242990654214,715.1325504931896,107.51364795918379,0.8680584551148228,0.8580375782880998,0.8645161290322577,0.8516129032258063,0.7941176470588235,0.8823529411764705,0.8620689655172414,0.8275862068965516,0.9387755102040815,0.897959183673469,,,0.8372093023255812,0.7906976744186046,155,True,sometimes_builds_directs
pdd_10w,promised_delivery_end_range_date_at_order,10,62941,Meyer CA,722,Meyer,CA,1,Kitchen & Small Electrics,Anna Caplen,CA,Fairfield,94533,2001 Meyer Way,FAIRFIELD,CA,94534,2373,11,104,0.04382638010956595,23,0.00969237252423093,61,0.025705857564264644,20,0.008428150021070375,0,0.0,0,0.0,2,0.18181818181818182,2026-06-14: 4; 2026-06-21: 19,Woodbridge (NJ) 1%; Hagerstown (MD) 0%,0,0,,0,,17,0.007163927517909819,212,147,152,2204,0.9354838709677419,0.7505557916838096,1943.9170987313837,1829.7655728587308,149.13020877716264,0.8137378845343453,0.8630425621576069,0.8269230769230769,0.8750000000000001,0.9130434782608694,1.0,0.7868852459016396,0.8852459016393441,0.8499999999999999,0.7000000000000001,,,,,104,True,sometimes_builds_directs
pdd_10w,promised_delivery_end_range_date_at_order,10,57236,Seville Classics Inc CA 90501,11302,Seville Classics Inc,"CA,NJ",2,Storage & Org,Alice Ganey,CA,Torrance,90501,19401 Harborgate Way,CARSON,CA,90746,2360,11,133,0.05635593220338983,32,0.013559322033898305,68,0.0288135593220339,24,0.010169491525423728,0,0.0,9,0.0038135593220338985,2,0.18181818181818182,2026-06-14: 20; 2026-06-21: 12,Hagerstown (MD) 1%; Chicago (IL) 1%,0,0,,2,Woodbridge (NJ) 0%; Robbinsville (NJ) 0%,1,0.000423728813559322,176,165,167,2192,0.9292072912250954,0.8590697987212381,1737.1744282744273,1609.7986904138281,158.0553904923602,0.9677966101694914,0.8889830508474573,0.9097744360902255,0.8270676691729323,0.7812500000000001,0.7499999999999998,0.9411764705882353,0.8823529411764703,0.9583333333333333,0.75,,,1.0,0.8888888888888888,133,True,sometimes_builds_directs
pdd_10w,promised_delivery_end_range_date_at_order,10,197381,Goodlife Wholesale LLC AZ 85009,84997,Goodlife Wholesale LLC,AZ,1,Casegoods,Zichu Wang,AZ,Phoenix,85009,620 N 43rd Ave,PHOENIX LOCAL,AZ,85043,2341,11,169,0.0721913712088851,21,0.00897052541648868,115,0.049124305852199915,33,0.014096539940196497,0,0.0,0,0.0,2,0.18181818181818182,2026-06-14: 7; 2026-06-21: 14,Orlando (FL) 1%; West Columbus (OH) 0%,0,0,,0,,22,0.009397693293464331,2319,212,208,2111,0.9103061664510564,0.943462313546614,1624.4059286463782,1485.3047214854137,161.78203125000013,0.9914566424604869,0.9474583511319953,0.9940828402366862,0.9585798816568045,1.0,0.9523809523809523,0.9913043478260869,0.9565217391304347,1.0,0.9696969696969696,,,,,169,True,sometimes_builds_directs
pdd_10w,promised_delivery_end_range_date_at_order,10,245533,Edrosie Inc GA 30297,216565,Edrosie Inc,"CA,GA,NJ,WA",4,Outdoor Furniture,Danica Guo,GA,Forest Park,30297,200 METCALF,SOUTH ATLANTA,GA,30294,2341,11,411,0.17556599743699275,33,0.014096539940196497,76,0.03246475865014951,281,0.12003417343015806,0,0.0,21,0.00897052541648868,6,0.5454545454545454,2026-06-07: 2; 2026-06-14: 12; 2026-06-21: 12; 2026-06-28: 3; 2026-07-05: 2; 2026-07-19: 2,Olive Branch (MS) 1%; Hagerstown (MD) 1%; East Nashville (TN) 0%; Nashville (TN) 0%; Murfreesboro (TN) 0%,0,0,,8,Metuchen (NJ) 0%; Chino (CA) 0%; Stockton Rsf (CA) 0%; Linden (NJ) 0%; Santa Fe Springs (CA) 0%,9,0.003844510892780863,2331,631,615,1717,0.7362778730703259,0.3423506920490039,753.7164904862586,692.9290857142857,131.82620689655175,0.963263562580094,0.8210166595472027,0.9537712895377131,0.7542579075425792,1.0,0.8787878787878786,1.0,0.9605263157894737,0.9359430604982206,0.6797153024911037,,,0.9523809523809522,0.8095238095238094,411,True,sometimes_builds_directs
pdd_10w,promised_delivery_end_range_date_at_order,10,368170,Alphamarts PA 18424,46710,Alphamarts,"CA,GA,IL,MD,NJ,PA,TX",7,APS Outdoor,Melody Lu,PA,Gouldsboro,18424,180 First Avenue,SCRANTON,PA,18640,2339,11,55,0.0235143223599829,23,0.00983326207781103,12,0.005130397605814451,14,0.005985463873450192,0,0.0,6,0.0025651988029072254,9,0.8181818181818182,2026-06-07: 2; 2026-06-14: 1; 2026-06-21: 2; 2026-07-05: 2; 2026-07-12: 3; 2026-07-19: 1; 2026-07-26: 5; 2026-08-02: 5; 2026-08-09: 2,Scranton (PA) 1%; Toledo (OH) 0%,0,0,,4,Chicago (IL) 0%; Chicago Loop (IL) 0%; Houston (TX) 0%; Robbinsville (NJ) 0%,13,0.0055579307396323215,768,526,130,2196,0.944110060189166,0.787615901860033,494.99615384615436,450.45171548117077,80.88799126637554,0.773407439076529,0.854211201368105,0.6363636363636366,0.8727272727272726,0.7391304347826088,0.826086956521739,0.3333333333333333,0.9166666666666666,0.6428571428571428,0.8571428571428571,,,0.8333333333333334,1.0,55,True,sometimes_builds_directs
pdd_10w,promised_delivery_end_range_date_at_order,10,30210,GSI Home Styles,30210,GSI Home Styles,GA,1,Decor,Kadin Nestler,GA,Oakwood,30566,4161 Chamblee Road,BRASELTON,GA,30517,2334,11,120,0.05141388174807198,37,0.015852613538988862,56,0.023993144815766924,27,0.011568123393316195,0,0.0,0,0.0,4,0.36363636363636365,2026-06-07: 1; 2026-06-14: 17; 2026-06-21: 18; 2026-07-05: 1,Chino (CA) 1%; Tracy (CA) 1%,0,0,,0,,6,0.002570694087403599,164,156,154,2174,0.9338487972508591,0.8527695762780502,1026.7207446808497,940.5335483870979,92.45413436692512,0.9275921165381324,0.852613538988861,0.8999999999999996,0.7500000000000002,0.945945945945946,0.7837837837837838,0.9464285714285713,0.7857142857142856,0.7407407407407408,0.6296296296296297,,,,,120,True,sometimes_builds_directs
pdd_10w,promised_delivery_end_range_date_at_order,10,23670,Kinfine USA Inc CA,9429,Kinfine USA Inc,"CA,NJ",2,Casegoods,Megan White,CA,Chino,91710,13824 Yorba Ave,CHINO LOCAL,CA,91710,2309,11,152,0.06582936336076224,24,0.01039411000433088,88,0.038111736682546554,38,0.01645734084019056,0,0.0,2,0.0008661758336942399,2,0.18181818181818182,2026-06-14: 20; 2026-06-21: 4,Houston (TX) 1%; Portland (OR) 0%,0,0,,2,East Brunswick (NJ) 0%; Woodbridge (NJ) 0%,23,0.00996102208748376,2284,163,171,2115,0.9251968503937008,0.818187637867981,1215.15168426345,1112.6133502538041,134.63514109347437,0.9237765266349082,0.8860978778692084,0.9934210526315786,0.7763157894736845,1.0,0.7083333333333335,1.0,0.7613636363636361,1.0,0.868421052631579,,,0.5,0.5,152,True,sometimes_builds_directs
pdd_10w,promised_delivery_end_range_date_at_order,10,44299,Luxier CA 91708,23494,Luxier,CA,1,Plumbing,Madison MacDowell,CA,Chino,91708,15800 El Prado Rd Unit D,CHINO LOCAL,CA,91710,2291,11,153,0.06678306416412047,63,0.02749890877346137,60,0.026189436927106065,30,0.013094718463553033,0,0.0,0,0.0,2,0.18181818181818182,2026-06-14: 37; 2026-06-21: 26,Orlando (FL) 1%; Metuchen (NJ) 1%; Houston (TX) 1%; Hagerstown (MD) 1%,0,0,,0,,78,0.034046268005237884,2212,171,179,2034,0.9191143244464528,0.8526540985963079,1739.9346354166646,1602.4730830248545,169.29769021739114,0.9611523352247914,0.841553906591009,0.9607843137254906,0.660130718954248,1.0,0.6190476190476192,1.0,0.7666666666666668,0.8,0.5333333333333335,,,,,153,True,sometimes_builds_directs
pdd_10w,promised_delivery_end_range_date_at_order,10,409504,WuYouDa-CA-06-NBYY,63465,"Ningbo Youyuan Import and Export Co., Ltd.","CA,GA,IL,NJ,NY,PA,TX",7,APS Home Improvement,Nicole Sun,CA,Jurupa Valley,91752,3285 De Forest Cir,WEST RIALTO,CA,92316,2279,11,444,0.19482229047827995,27,0.01184730144800351,59,0.025888547608600262,32,0.014041246160596753,0,0.0,326,0.14304519526107942,3,0.2727272727272727,2026-06-07: 16; 2026-06-14: 8; 2026-06-21: 3,East Chattanooga (TN) 1%; Portland (OR) 0%,0,0,,30,East Brunswick (NJ) 4%; Lehigh Valley (PA) 3%; Metuchen (NJ) 2%; Romeoville Rsf (IL) 1%; Fairless Hills (PA) 1%,5,0.002193944712593243,2273,569,580,1694,0.7449428320140721,0.7365509161588676,1228.925081081082,791.2358823529422,588.5194469223915,0.8446687143483974,0.874506362439666,0.799549549549549,0.8963963963963965,0.3703703703703704,0.9259259259259257,0.7627118644067797,0.8305084745762711,0.65625,0.71875,,,0.8558282208588961,0.9233128834355826,444,True,sometimes_builds_directs
pdd_10w,promised_delivery_end_range_date_at_order,10,125473,Tregards LLC CA 91730,81672,Tregards LLC,CA,1,APS,,CA,Rancho Cucamonga,91730,8876 White Oak Ave,WEST RIALTO,CA,92316,2259,11,211,0.0934041611332448,40,0.017706949977866312,121,0.053563523683045594,50,0.02213368747233289,0,0.0,0,0.0,3,0.2727272727272727,2026-06-07: 1; 2026-06-14: 11; 2026-06-21: 28,Metuchen (NJ) 1%; Chicago (IL) 1%; Portland (OR) 0%,0,0,,0,,19,0.008410801239486499,341,257,278,1962,0.8758928571428571,0.9356944270503301,1736.3848716548325,1571.123948401571,242.60107238605903,0.8871181938911016,0.8286852589641432,0.6587677725118479,0.7203791469194316,0.44999999999999996,0.5249999999999999,0.7024793388429751,0.752066115702479,0.7199999999999999,0.7999999999999997,,,,,211,True,sometimes_builds_directs
pdd_10w,promised_delivery_end_range_date_at_order,10,27436,Steve Silver Company TX,2577,Steve Silver Company,TX,1,Casegoods,Connor Henderson,TX,Forney,75126,1000 FM 548 N,MESQUITE,TX,75149,2253,11,175,0.07767421216156237,28,0.012427873945849977,109,0.04837993786063027,38,0.016866400355082113,0,0.0,0,0.0,2,0.18181818181818182,2026-06-14: 27; 2026-06-21: 1,Champaign (IL) 1%; Ocala (FL) 1%,0,0,,0,,21,0.009320905459387484,2226,208,204,2028,0.9086021505376344,0.8711151096753881,1068.140443963183,991.1382352941189,123.57846433439343,0.8677319130048818,0.8415446071904136,0.4,0.49714285714285705,0.4285714285714285,0.5714285714285714,0.3853211009174311,0.5045871559633026,0.4210526315789474,0.4210526315789474,,,,,175,True,sometimes_builds_directs
pdd_10w,promised_delivery_end_range_date_at_order,10,23133,Gatco CA,1293,Gatco,CA,1,Plumbing,Madison MacDowell,CA,San Leandro,94577,1550 Factor Ave,SAN LEANDRO,CA,94577,2216,11,125,0.056407942238267145,39,0.01759927797833935,57,0.02572202166064982,29,0.013086642599277979,0,0.0,0,0.0,2,0.18181818181818182,2026-06-14: 25; 2026-06-21: 14,Olive Branch (MS) 1%; Hagerstown (MD) 1%; Chicago (IL) 0%,0,0,,0,,55,0.024819494584837544,1975,151,156,2005,0.927811198519204,0.9124771856019144,1968.9359171597632,1837.7354993983136,164.35783858998147,0.9814981949458492,0.8176895306859194,1.0,0.6319999999999997,1.0,0.6153846153846155,1.0,0.7017543859649124,1.0,0.5172413793103449,,,,,125,True,sometimes_builds_directs
pdd_10w,promised_delivery_end_range_date_at_order,10,27229,CapitalLighting GA,6545,CapitalLighting,GA,1,Lighting,Kya Mehlman,GA,Flowery Branch,30542,5359 Rafe Banks Drive,BRASELTON,GA,30517,2196,11,113,0.05145719489981785,32,0.014571948998178506,60,0.0273224043715847,21,0.009562841530054645,0,0.0,0,0.0,8,0.7272727272727273,2026-06-07: 1; 2026-06-14: 7; 2026-06-21: 9; 2026-06-28: 2; 2026-07-05: 1; 2026-07-12: 1; 2026-07-19: 4; 2026-07-26: 7,Braselton (GA) 1%; Tracy (CA) 1%,0,0,,0,,95,0.04326047358834244,237,137,135,1966,0.9357448833888624,0.8268286394191818,952.9291074474131,877.4280701754386,85.61609473175453,0.9189435336976322,0.8702185792349719,0.9557522123893801,0.8938053097345132,0.9062499999999998,0.75,0.9666666666666668,0.9666666666666667,1.0,0.9047619047619047,,,,,113,True,sometimes_builds_directs
pdd_10w,promised_delivery_end_range_date_at_order,10,464390,FM-CA2,22539,AMEZIEL INC,"CA,GA,IL,IN,NJ,TX,WA",7,APS AEOF,Carl Li,CA,Ontario,91761,3355E Cedar St,CHINO LOCAL,CA,91710,2189,11,104,0.04751027866605756,24,0.0109639104613979,30,0.013704888076747372,33,0.01507537688442211,0,0.0,17,0.0077661032434901784,2,0.18181818181818182,2026-06-14: 21; 2026-06-21: 3,North Portland Rsf (OR) 1%,0,0,,8,Houston (TX) 0%; Chicago (IL) 0%; Metuchen (NJ) 0%; West Dallas Ncpc (TX) 0%; Chicago Loop (IL) 0%,15,0.006852444038373686,2174,119,133,2041,0.9388224471021159,0.6738574374949757,910.9509960159356,863.1030056036678,91.04433179723502,0.9885792599360435,0.8652352672453169,0.9903846153846155,0.9134615384615383,1.0,1.0,1.0,0.9333333333333332,0.9696969696969696,0.787878787878788,,,1.0,1.0,104,True,sometimes_builds_directs
pdd_10w,promised_delivery_end_range_date_at_order,10,324716,Stellweilan Tessberg LLC CA 91789,271648,Stellweilan Tessberg LLC,"CA,CO,GA,IL,NJ,TX,WA",7,Storage & Org,Supplier Service Desk,CA,City of Industry,91789,CO 171 Marcellin Dr,INDUSTRY,CA,91789,2078,11,91,0.04379210779595765,20,0.009624639076034648,26,0.012512030798845043,24,0.011549566891241578,0,0.0,21,0.01010587102983638,1,0.09090909090909091,2026-06-14: 20,Sacramento (CA) 0%; Portland (OR) 0%,0,0,,8,Tacoma (WA) 0%; Chicago (IL) 0%; Marietta (GA) 0%; Fort Worth (TX) 0%; Denver (CO) 0%,20,0.009624639076034648,523,80,107,1951,0.9480077745383868,0.8587109244748081,725.7944323144097,660.4883231876038,72.7479822834646,0.988450433108757,0.9254090471607321,1.0,0.956043956043956,1.0,1.0,1.0,0.9615384615384615,1.0,0.9583333333333331,,,1.0,0.9047619047619047,91,True,sometimes_builds_directs
pdd_10w,promised_delivery_end_range_date_at_order,10,75071,Duhome Inc CA 91748,46855,Duhome Inc,"CA,MI",2,APS,Carol Li,CA,City Of Industry,91748,18051 Arenth Avenue,INDUSTRY,CA,91789,2073,11,202,0.0974433188615533,91,0.04389773275446213,65,0.03135552339604438,38,0.018330921369995177,0,0.0,8,0.003859141341051616,7,0.6363636363636364,2026-06-14: 7; 2026-06-21: 8; 2026-07-19: 14; 2026-07-26: 3; 2026-08-02: 14; 2026-08-09: 31; 2026-08-16: 14,Woodbridge (NJ) 4%; Orlando (FL) 0%,0,0,,3,Oak Park (MI) 0%; Pontiac (MI) 0%; Van Buren (MI) 0%,17,0.008200675349734683,2043,253,257,1799,0.875,0.7425404922644371,1765.6602298850569,1574.861302211302,316.9943710230049,0.9498311625663286,0.7067052580800766,0.8663366336633663,0.7376237623762378,0.8131868131868134,0.9340659340659341,0.9076923076923077,0.5230769230769232,0.8947368421052629,0.6315789473684211,,,1.0,0.75,202,True,sometimes_builds_directs
pdd_10w,promised_delivery_end_range_date_at_order,10,236471,Cozayh LLC CA 91752(5),57235,Cozayh LLC,"CA,GA,NJ,TX",4,APS,Ricky Yu,CA,Eastvale,91752,12300 Riverside Drive,WEST RIALTO,CA,92316,2056,11,189,0.09192607003891051,49,0.023832684824902722,54,0.026264591439688716,25,0.012159533073929961,0,0.0,61,0.029669260700389104,2,0.18181818181818182,2026-06-14: 9; 2026-06-21: 40,Hagerstown (MD) 1%; Greensboro (NC) 1%; Orlando (FL) 1%; Toledo (OH) 1%,0,0,,10,Houston (TX) 1%; Marietta (GA) 1%; Metuchen (NJ) 1%; Fort Worth (TX) 0%; Woodbridge (NJ) 0%,38,0.01848249027237354,2017,212,220,1798,0.8909811694747275,0.9352845421966318,1753.248606994664,1568.9244004796158,251.9165589259074,0.9455252918287944,0.8720817120622569,1.0,0.9312169312169312,1.0,0.9183673469387754,1.0,0.9814814814814815,1.0,0.9599999999999999,,,1.0,0.8852459016393441,189,True,sometimes_builds_directs
pdd_10w,promised_delivery_end_range_date_at_order,10,296463,Woow Depot Inc. GA 31326,80763,Woow Depot Inc.,"CA,GA,NJ",3,APS K&D,Hannah Guan,GA,Rincon,31326,1600 General way,SAVANNAH LOCAL,GA,31408,1996,11,251,0.125751503006012,50,0.025050100200400802,46,0.023046092184368736,126,0.06312625250501001,0,0.0,29,0.014529058116232466,9,0.8181818181818182,2026-06-14: 18; 2026-06-21: 11; 2026-06-28: 1; 2026-07-05: 5; 2026-07-19: 2; 2026-07-26: 8; 2026-08-02: 2; 2026-08-09: 2; 2026-08-16: 1,Williamsburg Ncpc (FL) 1%; Hagerstown (MD) 1%; Murfreesboro (TN) 0%; Davenport (FL) 0%; West Savannah  Ncpc (GA) 0%,0,0,,4,Chino (CA) 1%; Stockton Rsf (CA) 0%; Metuchen (NJ) 0%; Rialto (CA) 0%,40,0.02004008016032064,1953,402,395,1561,0.7980572597137015,0.30171404531974033,806.6054412740549,766.7372930165595,157.0051652892565,0.8401803607214433,0.730460921843688,0.764940239043825,0.593625498007968,0.94,0.9,0.9565217391304346,0.6521739130434779,0.5952380952380951,0.45238095238095244,,,0.8965517241379309,0.5862068965517241,251,True,sometimes_builds_directs
pdd_10w,promised_delivery_end_range_date_at_order,10,460480,USSAV03.,251752,LUXHOME (HK) TRADING LIMITED,"CA,GA,NJ",3,APS Bedroom,Lydia Liu,GA,Bloomingdale,31302,651 Bloomingdale Rd ,SAVANNAH LOCAL,GA,31408,1982,11,95,0.0479313824419778,28,0.014127144298688193,27,0.013622603430877902,40,0.020181634712411706,0,0.0,0,0.0,5,0.45454545454545453,2026-07-19: 1; 2026-07-26: 11; 2026-08-02: 8; 2026-08-09: 6; 2026-08-16: 2,Richmond Hill Ncpc (GA) 1%,0,0,,0,,9,0.004540867810292634,1973,137,138,1835,0.9300557526609224,0.34785505371828324,779.9592119866802,732.4912721049626,104.06030769230765,0.8693239152371326,0.8784056508577178,0.9368421052631579,0.8105263157894735,0.8571428571428572,0.8571428571428571,1.0,0.8148148148148148,0.95,0.7749999999999999,,,,,95,True,sometimes_builds_directs
pdd_10w,promised_delivery_end_range_date_at_order,10,93847,Newacme LLC DE 19720,27159,Newacme LLC,"CA,DE,TN",3,APS,Naomi JI,DE,New Castle,19720,2411 Bear Corbitt Rd,NEW CASTLE,DE,19720,1978,11,109,0.0551061678463094,33,0.016683518705763397,26,0.01314459049544995,24,0.012133468149646108,0,0.0,26,0.01314459049544995,9,0.8181818181818182,2026-06-07: 2; 2026-06-14: 12; 2026-06-21: 1; 2026-07-05: 1; 2026-07-19: 1; 2026-07-26: 6; 2026-08-02: 6; 2026-08-09: 2; 2026-08-16: 2,King Of Prussia (PA) 1%; Dallas (TX) 1%; New Castle (DE) 0%,0,0,,2,Tracy (CA) 1%; Rialto (CA) 0%,14,0.007077856420626896,1070,1067,149,1815,0.9241344195519349,0.07850211899911153,727.1595744680844,714.1549962434267,140.76097186700738,0.9908998988877639,0.9084934277047508,0.9449541284403667,0.6788990825688073,1.0,1.0,1.0,0.6923076923076923,0.8333333333333331,0.6666666666666667,,,0.9230769230769228,0.2692307692307692,109,True,sometimes_builds_directs
pdd_10w,promised_delivery_end_range_date_at_order,10,301295,Karat Home Inc (14 Karat) TX 77048,21718,Karat Home Inc (14 Karat),"CA,LA,NJ,TX",4,APS Upholstery,Sean Xu,TX,Houston,77048,13930 Journey Rd,SOUTH HOUSTON,TX,77075,1973,8,198,0.10035478966041561,25,0.012671059300557527,79,0.04004054738976178,30,0.015205271160669031,0,0.0,64,0.03243791180942727,3,0.375,2026-06-14: 23; 2026-06-21: 1; 2026-07-26: 1,Hagerstown (MD) 1%; Orlando (FL) 1%; South Dallas Rsf (TX) 0%,0,0,,7,Carson (CA) 1%; Industry (CA) 1%; Metuchen (NJ) 0%; Chino (CA) 0%; Woodbridge (NJ) 0%,26,0.013177901672579827,599,317,361,1586,0.8145865434001027,0.2998069920941048,963.0174536256333,906.5035019455247,214.76269048870194,0.8469336036492644,0.695387734414597,0.7979797979797981,0.17171717171717174,0.9199999999999998,0.04,0.8987341772151897,0.17721518987341778,0.5000000000000001,0.2666666666666667,,,0.7656249999999999,0.17187500000000003,198,True,sometimes_builds_directs
pdd_10w,promised_delivery_end_range_date_at_order,10,313006,"Hangzhou Skytech Outdoor Co., LTD CA 92880",238144,"Hangzhou Skytech Outdoor Co., LTD","CA,GA,IL,NJ",4,APS,Danica Guo,CA,Eastvale,92880,"14909 Summit Drive, DOCK #17-#18",CHINO LOCAL,CA,91710,1946,11,96,0.04933196300102775,36,0.018499486125385406,32,0.01644398766700925,26,0.013360739979445015,0,0.0,2,0.0010277492291880781,4,0.36363636363636365,2026-06-14: 30; 2026-06-21: 3; 2026-07-19: 2; 2026-08-02: 1,Stockton Rsf (CA) 1%; Tacoma (WA) 1%; Chino Hills Ncpc (CA) 0%,0,0,,2,Linden (NJ) 0%; Richmond Hill Ncpc (GA) 0%,14,0.007194244604316547,1932,108,139,1793,0.9280538302277432,0.7909383236183982,884.6324289405677,815.0178479381439,111.64155637903646,0.9275436793422411,0.9511819116135668,0.9791666666666665,0.9687500000000001,1.0,1.0,1.0,0.9687499999999999,0.9230769230769228,0.9230769230769229,,,1.0,1.0,96,True,sometimes_builds_directs
pdd_10w,promised_delivery_end_range_date_at_order,10,32733,TarHong CA 91748,19818,TarHong,CA,1,Tabletop,Rehaan Sardana,CA,City of Industry,91748,780 South Nogales Street,INDUSTRY,CA,91789,1850,11,154,0.08324324324324324,47,0.025405405405405406,73,0.03945945945945946,34,0.018378378378378378,0,0.0,0,0.0,3,0.2727272727272727,2026-06-07: 1; 2026-06-14: 33; 2026-06-21: 13,Woodbridge (NJ) 1%; Orlando (FL) 1%; Hagerstown (MD) 1%,0,0,,0,,67,0.036216216216216214,213,195,200,1583,0.8878295008412788,0.8768496208032164,1843.8811788345618,1664.1100554784994,251.6480044969087,0.46972972972972965,0.815675675675675,0.01948051948051949,0.5779220779220781,0.0,0.5957446808510637,0.0,0.6164383561643834,0.08823529411764708,0.4705882352941176,,,,,154,True,sometimes_builds_directs
pdd_10w,promised_delivery_end_range_date_at_order,10,356444,Karat Home Inc (14 Karat) NJ 08691,21718,Karat Home Inc (14 Karat),"CA,LA,NJ,TX",4,APS Upholstery,Sean Xu,NJ,Robbinsville Twp,08691,16 Applegate Dr Door 2,ROBBINSVILLE,NJ,8691,1848,11,95,0.05140692640692641,24,0.012987012987012988,50,0.027056277056277056,11,0.005952380952380952,0,0.0,10,0.005411255411255411,6,0.5454545454545454,2026-06-14: 10; 2026-06-21: 6; 2026-07-12: 1; 2026-07-26: 4; 2026-08-02: 1; 2026-08-09: 2,Metuchen (NJ) 1%; Williamsburg Ncpc (FL) 1%,0,0,,6,Sacramento (CA) 0%; Dallas (TX) 0%; South Dallas Rsf (TX) 0%; West Dallas Ncpc (TX) 0%; Sugar Land (TX) 0%,10,0.005411255411255411,1835,172,116,1722,0.9368879216539717,0.8026157564030941,844.5750988142296,781.2628626692457,109.12509760178465,0.9264069264069269,0.8988095238095237,0.8210526315789475,0.7263157894736841,1.0,0.9583333333333331,0.7399999999999998,0.6399999999999998,0.8181818181818181,0.5454545454545454,,,0.7999999999999999,0.7999999999999999,95,True,sometimes_builds_directs
pdd_10w,promised_delivery_end_range_date_at_order,10,198910,ClosetMaid NV 89502,15784,ClosetMaid,"NV,PA",2,Storage & Org - Frequency,Alice Ganey,NV,Reno,89502,2000 S McCarran Blvd,RENO,NV,89434,1834,11,85,0.04634678298800436,32,0.017448200654307525,26,0.014176663031624863,21,0.011450381679389313,0,0.0,6,0.003271537622682661,1,0.09090909090909091,2026-06-14: 32,Rialto (CA) 1%; Oceanside (CA) 1%; Aurora (CO) 0%,0,0,,3,Carlisle (PA) 0%; Lehigh Valley (PA) 0%; Harrisburg (PA) 0%,9,0.004907306434023991,175,141,133,1692,0.9271232876712329,0.6527353815937752,881.1822590938101,851.3304977945819,118.36405813303526,0.919847328244275,0.8593238822246462,0.8117647058823529,0.8941176470588231,0.5625,1.0,1.0,0.9615384615384616,0.9523809523809523,0.7142857142857143,,,0.8333333333333334,0.6666666666666666,85,True,sometimes_builds_directs
pdd_10w,promised_delivery_end_range_date_at_order,10,104687,Domi Home Decor Inc CA 90220,93327,Domi Home Decor Inc,"CA,GA",2,Hardware,Aria LI,CA,Rancho Dominguez,90220,1944 E Vista Bella Way,CARSON,CA,90746,1815,11,107,0.05895316804407714,21,0.011570247933884297,62,0.03415977961432507,17,0.009366391184573003,0,0.0,7,0.003856749311294766,2,0.18181818181818182,2026-06-14: 15; 2026-06-21: 6,Chicago (IL) 1%; Woodbridge (NJ) 1%,0,0,,2,Marietta (GA) 0%; Marietta Local (GA) 0%,24,0.013223140495867768,248,130,133,1658,0.9257398101619208,0.8593986143761833,1677.7562793821346,1543.8788798920368,157.67689713322082,0.7928374655647379,0.8512396694214885,0.7850467289719628,0.6915887850467288,0.7619047619047619,0.7619047619047619,0.7741935483870971,0.6935483870967744,0.8235294117647058,0.5294117647058825,,,0.8571428571428572,0.8571428571428572,107,True,sometimes_builds_directs
pdd_10w,promised_delivery_end_range_date_at_order,10,405573,LINGKEWU XINXI KEJI JIANGSU LTD TX 77071,97962,LINGKEWU XINXI KEJI JIANGSU LTD,"CA,GA,IL,NJ,PA,TX",6,APS Bedroom,Lydia Liu,TX,houston,77071,15005 East Hampton Circle,SUGAR LAND,TX,77489,1812,11,126,0.0695364238410596,22,0.012141280353200883,35,0.019315673289183224,32,0.017660044150110375,0,0.0,37,0.02041942604856512,5,0.45454545454545453,2026-06-14: 5; 2026-07-05: 1; 2026-07-26: 4; 2026-08-02: 10; 2026-08-09: 2,Sugar Land (TX) 1%; Port St. Lucie Rsf (FL) 0%,0,0,,8,Champaign (IL) 1%; Rialto (CA) 0%; Chicago (IL) 0%; Tracy (CA) 0%; Lehigh Valley (PA) 0%,4,0.002207505518763797,152,143,144,1664,0.9203539823008849,0.709785854379356,872.1990825688072,806.709606481481,102.77530521642619,0.9376379690949233,0.9078366445916122,0.9285714285714284,0.8809523809523807,0.909090909090909,0.9545454545454545,0.914285714285714,0.7714285714285714,0.9375,0.8749999999999998,,,0.945945945945946,0.945945945945946,126,True,sometimes_builds_directs
pdd_10w,promised_delivery_end_range_date_at_order,10,245985,BulbriteIndustries SC 29486,5998,BulbriteIndustries,SC,1,Lighting,Greer Long,SC,Summerville,29486,840 Drop Off Drive,CHARLESTON,SC,29456,1794,11,100,0.055741360089186176,25,0.013935340022296544,64,0.03567447045707915,11,0.006131549609810479,0,0.0,0,0.0,5,0.45454545454545453,2026-06-14: 13; 2026-06-21: 7; 2026-07-12: 1; 2026-07-19: 1; 2026-08-09: 3,Rialto (CA) 1%; Charleston (SC) 0%,0,0,,0,,3,0.0016722408026755853,187,158,137,1654,0.9235064209938582,0.8323456542425264,1070.1640331075982,949.14696745562,111.88613013698632,0.9531772575250836,0.8573021181716836,0.94,0.7899999999999998,1.0,0.76,0.921875,0.8281250000000002,0.9090909090909091,0.6363636363636364,,,,,100,True,sometimes_builds_directs
pdd_10w,promised_delivery_end_range_date_at_order,10,374739,"Atlas Lighting and Home, Inc GA 30568",374738,"Atlas Lighting and Home, Inc",GA,1,Wayfair,Supplier Service Desk,GA,Rabun Gap,30568,1473 Yorkhouse Road,BRASELTON,GA,30517,1779,11,77,0.04328274311410905,25,0.014052838673412029,36,0.02023608768971332,16,0.008993816750983699,0,0.0,0,0.0,2,0.18181818181818182,2026-06-14: 14; 2026-06-21: 11,Chino (CA) 1%; Tracy (CA) 1%,0,0,,0,,14,0.007869589657110737,114,98,98,1667,0.9444759206798867,0.9086996342370296,1018.5694141689378,946.1205375603029,80.97442922374418,0.8903878583473864,0.7532321528948855,0.35064935064935077,0.5194805194805198,0.36,0.39999999999999997,0.4166666666666667,0.611111111111111,0.18749999999999997,0.49999999999999994,,,,,77,True,sometimes_builds_directs
pdd_10w,promised_delivery_end_range_date_at_order,10,5206,Kassatex Fine Linens,5206,Kassatex Fine Linens,FL,1,Soft Home,Jaiden Lawlor,FL,Miami,33178,10805 NW 100th Street,MIAMI,FL,33178,1757,11,122,0.06943653955606147,23,0.01309049516220831,62,0.035287421741605006,37,0.02105862265224815,0,0.0,0,0.0,2,0.18181818181818182,2026-06-14: 20; 2026-06-21: 3,Kannapolis (NC) 1%; Metuchen (NJ) 1%,0,0,,0,,3,0.001707455890722823,187,134,149,1605,0.9150513112884835,0.8348770024140855,1309.844391570359,1221.4328368314173,115.71102040816326,0.9373932840068295,0.8036425725668754,0.9754098360655736,0.9098360655737704,1.0,1.0,0.9838709677419354,0.967741935483871,0.9459459459459459,0.7567567567567567,,,,,122,True,sometimes_builds_directs
pdd_10w,promised_delivery_end_range_date_at_order,10,27564,Zinus Inc. CA,14373,Zinus Inc.,"CA,SC",2,Mattress,Deep Singh,CA,Tracy,95377,5731 Promontory Parkway,TRACY LOCAL,CA,95377,1716,11,222,0.12937062937062938,44,0.02564102564102564,86,0.05011655011655012,61,0.035547785547785545,0,0.0,31,0.018065268065268064,3,0.2727272727272727,2026-06-14: 23; 2026-06-21: 17; 2026-07-26: 4,Fort Worth (TX) 1%; Woodbridge (NJ) 1%; Olive Branch (MS) 1%; Portland (OR) 0%; Tracy (CA) 0%,0,0,,1,Charleston (SC) 2%,30,0.017482517482517484,1681,258,273,1413,0.8380782918149466,0.6151442013332966,1290.6050589050583,1090.020184790331,342.16888090963545,0.9644522144522145,0.8432400932400935,0.8468468468468469,0.6936936936936937,0.9318181818181817,0.7499999999999999,0.8604651162790697,0.709302325581395,0.9180327868852457,0.5573770491803279,,,0.5483870967741935,0.8387096774193549,222,True,sometimes_builds_directs
pdd_10w,promised_delivery_end_range_date_at_order,10,318147,"Hangzhou Skytech Outdoor Co., LTD IL 60517",238144,"Hangzhou Skytech Outdoor Co., LTD","CA,GA,IL,NJ",4,APS,Danica Guo,IL,Woodridge,60517,1433 Internationale Pkwy,MCCOOK,IL,60525,1711,11,84,0.049094097019286964,22,0.012857977790765635,14,0.008182349503214495,29,0.01694915254237288,0,0.0,19,0.011104617182933957,3,0.2727272727272727,2026-07-26: 12; 2026-08-02: 6; 2026-08-09: 4,Chicago (IL) 1%; Niles (IL) 0%,0,0,,4,East Brunswick (NJ) 0%; Rialto (CA) 0%; Robbinsville (NJ) 0%; Chino Hills Ncpc (CA) 0%,7,0.004091174751607247,1483,205,181,1523,0.8937793427230047,0.3193582161100666,467.16550151975736,445.11659716430376,119.94924744130036,0.5546464056107542,0.8936294564582111,0.8809523809523809,0.9523809523809526,0.590909090909091,0.909090909090909,1.0,0.9285714285714286,0.9655172413793103,0.9655172413793103,,,1.0,1.0,84,True,sometimes_builds_directs
pdd_10w,promised_delivery_end_range_date_at_order,10,19463,"Conair, Inc AZ 85307",5189,"Conair, Inc","AZ,MD",2,Kitchen & Small Electrics,Hailey Haas,AZ,Glendale,85307,7475 N Glen Harbor Blvd,PHOENIX LOCAL,AZ,85043,1666,11,108,0.06482593037214886,24,0.014405762304921969,44,0.026410564225690276,36,0.021608643457382955,0,0.0,4,0.0024009603841536613,7,0.6363636363636364,2026-06-14: 16; 2026-06-21: 2; 2026-06-28: 2; 2026-07-12: 1; 2026-07-19: 1; 2026-07-26: 1; 2026-08-02: 1,Tracy (CA) 1%; Portland (OR) 0%; North Phoenix (AZ) 0%,0,0,,1,Hagerstown (MD) 0%,33,0.019807923169267706,1599,140,139,1494,0.9148805878750765,0.7826404770376056,1050.0973044049972,975.8740676496092,148.3159411404045,0.7953181272509007,0.851140456182472,0.7129629629629627,0.685185185185185,0.75,0.7083333333333335,0.6590909090909091,0.7727272727272728,0.7500000000000002,0.5833333333333333,,,0.75,0.5,108,True,sometimes_builds_directs
pdd_10w,promised_delivery_end_range_date_at_order,10,288244,Men Dao Le (Bei Jing) Shang Mao You Xian CA 91761 ,96311,HIGH BEAM SUPPLY (HK) LIMITED,CA,1,APS,Aria Yao,CA,Ontario ,91761 ,3625 E Jurupa St ,CHINO LOCAL,CA,91710,1664,11,104,0.0625,25,0.015024038461538462,61,0.03665865384615385,18,0.010817307692307692,0,0.0,0,0.0,2,0.18181818181818182,2026-06-14: 6; 2026-06-21: 19,Williamsburg Ncpc (FL) 1%; Romeoville Rsf (IL) 1%,0,0,,0,,16,0.009615384615384616,1648,125,125,1523,0.9241504854368932,0.9311356980282355,1771.9547183613772,1624.336842105263,168.72403904820024,0.8335336538461533,0.8209134615384615,0.9326923076923077,0.8942307692307693,0.9599999999999999,0.9599999999999999,0.9180327868852457,0.8524590163934426,0.9444444444444443,0.9444444444444443,,,,,104,True,sometimes_builds_directs
pdd_10w,promised_delivery_end_range_date_at_order,10,351848,Guang Zhou Shi Le Ai Jia Trading Co. GA 30518 (2),71369,SHUNMAY INTERNATIONAL LIMITED,"CA,GA,NJ,TX",4,APS Decor,Thomas Zhang,GA,Buford,30518,2105 Buford Highway,BRASELTON,GA,30517,1629,11,218,0.1338244321669736,34,0.020871700429711478,57,0.034990791896869246,96,0.058931860036832415,0,0.0,31,0.019030079803560467,8,0.7272727272727273,2026-06-07: 6; 2026-06-14: 12; 2026-06-21: 5; 2026-06-28: 2; 2026-07-05: 2; 2026-07-12: 3; 2026-07-19: 2; 2026-07-26: 2,Olive Branch (MS) 1%; Chicago (IL) 1%; Braselton (GA) 0%,0,0,,10,Dallas (TX) 0%; Secaucus (NJ) 0%; Dover (NJ) 0%; Aldine Rsf (TX) 0%; Chino (CA) 0%,15,0.009208103130755065,1122,979,279,1335,0.8271375464684015,0.43824398475285686,811.8375179340031,703.3444875776403,190.49962476547833,0.9797421731123381,0.8692449355432784,0.9862385321100918,0.8761467889908258,1.0,0.9705882352941175,1.0,0.9298245614035088,0.9895833333333335,0.8333333333333333,,,0.9354838709677419,0.8064516129032256,218,True,sometimes_builds_directs
pdd_10w,promised_delivery_end_range_date_at_order,10,247707,simplehuman CA 90808,1143,simplehuman,"CA,NJ",2,Storage & Org - Frequency,Bryn Bennett,CA,Long Beach,90808,4800 East Conant Street,SANTA FE SPRINGS,CA,90670,1563,11,167,0.10684580934101087,54,0.0345489443378119,61,0.03902751119641715,31,0.01983365323096609,0,0.0,21,0.013435700575815739,2,0.18181818181818182,2026-06-14: 38; 2026-06-21: 16,Chicago (IL) 1%; Orlando (FL) 1%; Hagerstown (MD) 1%,0,0,,1,Woodbridge (NJ) 1%,24,0.015355086372360844,1527,219,226,1313,0.8531513970110461,0.9118359375633109,1144.0517819706474,908.7216858789621,353.08272010512457,0.9756877799104294,0.9225847728726796,0.9820359281437122,0.9041916167664672,0.9814814814814814,0.8888888888888886,0.983606557377049,0.9344262295081964,1.0,0.838709677419355,,,0.9523809523809523,0.9523809523809523,167,True,sometimes_builds_directs
pdd_10w,promised_delivery_end_range_date_at_order,10,139182,Nathan James NV 89434,37754,Nathan James,NV,1,Casegoods,Megan White,NV,Sparks,89434,12475 Mustang Road,RENO,NV,89434,1552,11,156,0.10051546391752578,81,0.05219072164948454,63,0.04059278350515464,12,0.007731958762886598,0,0.0,0,0.0,9,0.8181818181818182,2026-06-07: 8; 2026-06-14: 16; 2026-06-21: 25; 2026-06-28: 7; 2026-07-05: 6; 2026-07-19: 4; 2026-07-26: 2; 2026-08-09: 8; 2026-08-16: 5,Orlando (FL) 4%; Chicago (IL) 1%; Marietta (GA) 1%,0,0,,0,,33,0.021262886597938145,270,266,168,1351,0.8894009216589862,0.9312718421946158,1787.6251282051282,1487.441532976826,270.57129568106313,0.8472938144329887,0.8569587628865979,0.5641025641025641,0.7499999999999999,0.24691358024691365,0.7037037037037034,0.9047619047619045,0.8412698412698413,0.9166666666666666,0.5833333333333334,,,,,156,True,sometimes_builds_directs
pdd_10w,promised_delivery_end_range_date_at_order,10,287669,Americanflat Corp NJ 08837,10545,Americanflat Corp,"CA,NJ,SC",3,Decor,Waverly Winterer,NJ,Edison,08837,231 Mill Road,WOODBRIDGE LOCAL,NJ,8832,1539,11,153,0.09941520467836257,31,0.02014294996751137,25,0.016244314489928524,30,0.01949317738791423,0,0.0,67,0.043534762833008445,3,0.2727272727272727,2026-06-07: 6; 2026-06-14: 24; 2026-06-21: 1,Chicago (IL) 1%; Toledo (OH) 1%; Savannah (GA) 0%,0,0,,1,West Rialto (CA) 4%,2,0.001299545159194282,1537,270,242,1295,0.8425504229017566,-0.43705551487935945,711.3299915753995,807.7788346186802,273.4854807063445,0.9577647823261849,0.772579597141,0.8496732026143796,0.29411764705882343,0.9354838709677419,0.4838709677419354,0.7999999999999999,0.32000000000000006,0.9333333333333332,0.3666666666666667,,,0.7910447761194029,0.16417910447761208,153,True,sometimes_builds_directs
pdd_10w,promised_delivery_end_range_date_at_order,10,50633,TOV Furniture CA 91764,14483,TOV Furniture,"CA,NC",2,Upholstery,Anne Marie Conde,CA,Ontario,91764,1904 E Jay St,CHINO LOCAL,CA,91710,1497,11,101,0.0674682698730795,26,0.01736806947227789,60,0.04008016032064128,10,0.006680026720106881,0,0.0,5,0.0033400133600534404,2,0.18181818181818182,2026-06-14: 15; 2026-06-21: 11,Williamsburg Ncpc (FL) 1%; Marietta (GA) 1%,0,0,,2,North Charlotte Rsf (NC) 0%; Greensboro (NC) 0%,46,0.03072812291249165,1450,126,125,1326,0.9138525155065472,0.8146003649779907,1663.8408977556087,1510.3169435215943,185.68599303135863,0.9245156980627921,0.735470941883768,0.9900990099009901,0.8217821782178218,1.0,0.846153846153846,0.9833333333333332,0.8833333333333332,1.0,0.4,,,1.0,0.8,101,True,sometimes_builds_directs
pdd_10w,promised_delivery_end_range_date_at_order,10,433142,SLM-WNJ7,249592,"SAILI ELECTRONIC TECHNOLOGY CO., LIMITED","CA,GA,IL,NJ,TX",5,APS Home Improvement,Danica Guo,NJ,Bordentown,08505,5206 US 130 N,ROBBINSVILLE,NJ,8691,1481,11,67,0.04523970290344362,22,0.014854827819041188,4,0.0027008777852802163,14,0.009453072248480757,0,0.0,27,0.01823092505064146,3,0.2727272727272727,2026-07-12: 10; 2026-07-26: 10; 2026-08-09: 2,East Brunswick (NJ) 1%,0,0,,7,Richmond Hill Ncpc (GA) 1%; Chicago (IL) 0%; Romeoville Rsf (IL) 0%; Chino Hills Ncpc (CA) 0%; East Atlanta (GA) 0%,0,0.0,1475,135,116,1365,0.9216745442268738,0.4756900280910157,319.55953216374263,280.6240093240091,115.26240703177828,0.9932478055367999,0.9142471303173539,1.0,0.7611940298507461,1.0,0.7272727272727271,1.0,0.5,1.0,0.7142857142857143,,,1.0,0.8518518518518517,67,True,sometimes_builds_directs
pdd_10w,promised_delivery_end_range_date_at_order,10,153927,YI LIGHTING CA 91744,95485,YI LIGHTING,CA,1,Lighting,Cheryl Lin,CA,LA PUENTE,91744,18175 E VALLEY BLVD,INDUSTRY,CA,91789,1480,11,158,0.10675675675675676,21,0.01418918918918919,104,0.07027027027027027,33,0.0222972972972973,0,0.0,0,0.0,3,0.2727272727272727,2026-06-07: 1; 2026-06-14: 11; 2026-06-21: 9,Hagerstown (MD) 1%; Toledo (OH) 1%,0,0,,0,,92,0.062162162162162166,244,227,231,1157,0.8335734870317003,0.848519254622502,1810.914493996569,1586.6942804428036,371.1967414916734,0.8581081081081088,0.7993243243243242,0.5253164556962026,0.5189873417721514,0.6666666666666667,0.38095238095238093,0.4615384615384616,0.5576923076923079,0.6363636363636364,0.48484848484848486,,,,,158,True,sometimes_builds_directs
pdd_10w,promised_delivery_end_range_date_at_order,10,50419,Permasteel CA,20867,Permasteel,CA,1,Fireplaces & Grills,Madelyn Bailey,CA,Pomona,91768,100 Exchange Pl,INDUSTRY,CA,91789,1473,11,118,0.08010862186014936,36,0.024439918533604887,49,0.03326544467073999,33,0.02240325865580448,0,0.0,0,0.0,2,0.18181818181818182,2026-06-14: 20; 2026-06-21: 16,Woodbridge (NJ) 1%; Columbus (OH) 1%; Hagerstown (MD) 1%; Charlotte (NC) 0%,0,0,,0,,19,0.012898845892735914,161,152,152,1302,0.8954607977991746,0.944890966496864,1772.728548123981,1609.9125938281882,235.36528354080215,0.9687712152070609,0.9097080787508485,0.8898305084745763,0.7966101694915255,0.9444444444444445,0.8055555555555556,0.836734693877551,0.8163265306122447,0.9090909090909091,0.7575757575757576,,,,,118,True,sometimes_builds_directs
pdd_10w,promised_delivery_end_range_date_at_order,10,357522,Hudson and Canal SC 29360,36253,Hudson and Canal,"CA,PA,SC",3,Casegoods,Gabrielle derKinderen,SC,Laurens,29360,101 Michelin Dr,SPARTANBURG,SC,29301,1469,7,186,0.12661674608577264,59,0.04016337644656229,67,0.045609257998638526,27,0.018379850238257316,0,0.0,33,0.0224642614023145,3,0.42857142857142855,2026-06-14: 57; 2026-06-21: 1; 2026-07-05: 1,Chicago (IL) 1%; Orlando (FL) 1%; Dallas (TX) 1%; Houston (TX) 1%; Spartanburg (SC) 0%,0,0,,4,Bakersfield (CA) 1%; Lehigh Valley (PA) 0%; East Harrisburg (PA) 0%; Tracy (CA) 0%,20,0.013614703880190605,420,259,234,1215,0.8385093167701864,0.5812663537804442,621.6134945397824,554.4397824397831,162.43618233618216,0.6936691626957114,0.7433628318584066,0.6666666666666664,0.6666666666666664,0.7627118644067796,0.8474576271186441,0.7611940298507464,0.7761194029850748,0.8148148148148147,0.5555555555555555,,,0.18181818181818188,0.2121212121212122,186,True,sometimes_builds_directs
pdd_10w,promised_delivery_end_range_date_at_order,10,87142,YOHO Bedding INC CA 91761,72734,"VISION VORTEX CO.,LTD","CA,GA,IL,MD,NJ,PA,TX",7,APS Outdoor,Qiwen Fan,CA,Ontario,91761,617 E Sunkist St,CHINO LOCAL,CA,91710,1465,11,123,0.08395904436860069,32,0.021843003412969283,43,0.029351535836177476,32,0.021843003412969283,0,0.0,16,0.010921501706484642,9,0.8181818181818182,2026-06-07: 1; 2026-06-14: 15; 2026-06-21: 4; 2026-06-28: 1; 2026-07-05: 1; 2026-07-19: 1; 2026-07-26: 4; 2026-08-02: 2; 2026-08-09: 3,Chino (CA) 1%; North Portland Rsf (OR) 1%; Portland (OR) 1%,0,0,,10,Metuchen (NJ) 0%; Marietta (GA) 0%; Hagerstown (MD) 0%; Chicago (IL) 0%; Lehigh Valley (PA) 0%,48,0.032764505119453925,1413,139,171,1246,0.8793225123500353,0.6634418239452881,954.9606776989745,860.6598014888339,180.02139303482554,0.9331058020477817,0.8361774744027293,0.9756097560975607,0.8292682926829269,0.96875,0.8125,1.0,0.813953488372093,0.9375,0.9062499999999998,,,1.0,0.75,123,True,sometimes_builds_directs
pdd_10w,promised_delivery_end_range_date_at_order,10,375668,"CGK HOLDINGS, INC. CA 92408",241365,"CGK HOLDINGS, INC.","CA,NJ",2,Soft Home,Jaiden Lawlor,CA,San Bernardino,92408,2615 East Third Street,WEST RIALTO,CA,92316,1450,11,58,0.04,32,0.022068965517241378,2,0.001379310344827586,24,0.016551724137931035,0,0.0,0,0.0,8,0.7272727272727273,2026-06-21: 1; 2026-06-28: 3; 2026-07-05: 6; 2026-07-12: 2; 2026-07-19: 7; 2026-07-26: 7; 2026-08-02: 4; 2026-08-09: 2,Lehigh Valley (PA) 2%,0,0,,0,,350,0.2413793103448276,99,69,70,1030,0.9363636363636364,0.19432764855783902,1255.650236220473,1212.5752786220867,167.02031394275156,0.8758620689655174,0.8324137931034479,0.48275862068965525,0.586206896551724,0.4999999999999999,0.6875000000000001,0.5,1.0,0.4583333333333333,0.41666666666666674,,,,,58,True,sometimes_builds_directs
pdd_10w,promised_delivery_end_range_date_at_order,10,147134,Star Home Living Corp. CA 92337,33420,Star Home Living Corp.,"CA,NJ",2,Upholstery,Oscar Li,CA,Fontana,92337,12005 Cabernet Dr,WEST RIALTO,CA,92316,1449,11,79,0.05452035886818495,28,0.01932367149758454,36,0.024844720496894408,8,0.005521048999309869,0,0.0,7,0.004830917874396135,2,0.18181818181818182,2026-06-14: 6; 2026-06-21: 22,Hagerstown (MD) 1%; Marietta (GA) 1%,0,0,,1,Woodbridge (NJ) 0%,41,0.028295376121463076,1407,100,105,1303,0.9254261363636364,0.9122441958657254,1853.4975527426145,1755.061234991423,179.699,0.8040027605244984,0.8260869565217404,1.0,0.9746835443037974,1.0,1.0,1.0,0.9444444444444444,1.0,1.0,,,1.0,1.0,79,True,sometimes_builds_directs
pdd_10w,promised_delivery_end_range_date_at_order,10,54037,Blackstone Ut 84341B,17885,Blackstone,UT,1,Fireplaces & Grills,Annie Reed,UT,North Logan,84341,3175 N 200 W,LOGAN,UT,84321,1430,11,101,0.07062937062937064,33,0.023076923076923078,39,0.02727272727272727,29,0.02027972027972028,0,0.0,0,0.0,2,0.18181818181818182,2026-06-14: 20; 2026-06-21: 13,Hagerstown (MD) 1%; Chicago (IL) 1%; Marietta (GA) 1%; Toledo (OH) 0%,0,0,,0,,15,0.01048951048951049,331,175,139,1276,0.9017667844522969,0.9044535871378636,1454.9962397179795,1222.0206852791875,174.30014577259493,0.9636363636363635,0.8972027972027983,1.0,0.9603960396039605,1.0,1.0,1.0,0.9487179487179488,1.0,0.9310344827586206,,,,,101,True,sometimes_builds_directs
pdd_10w,promised_delivery_end_range_date_at_order,10,286121,"Hangzhou Saili Digital Technology co., Ltd CA 91761",285851,"Hangzhou Saili Digital Technology co., Ltd","CA,GA,NJ",3,APS K&D,Eve Deng,CA,Ontario,91761,1521 E Francis St,CHINO LOCAL,CA,91710,1384,11,126,0.09104046242774566,20,0.014450867052023121,65,0.04696531791907514,27,0.019508670520231215,0,0.0,14,0.010115606936416185,2,0.18181818181818182,2026-06-14: 13; 2026-06-21: 7,West Dallas Ncpc (TX) 1%; Houston (TX) 1%,0,0,,5,Secaucus (NJ) 0%; Metuchen (NJ) 0%; Savannah (GA) 0%; South Atlanta Ncpc (GA) 0%; East Brunswick (NJ) 0%,12,0.008670520231213872,1371,133,138,1234,0.8994169096209913,0.8740578533144221,1187.204526748971,1028.4791421362481,205.53940959409593,0.8822254335260107,0.8605491329479774,0.9841269841269841,0.9444444444444443,1.0,0.95,1.0,0.9538461538461538,1.0,0.9259259259259257,,,0.8571428571428571,0.9285714285714285,126,True,sometimes_builds_directs
pdd_10w,promised_delivery_end_range_date_at_order,10,478566,HONG KONG LINSYHOME INTERNATIONAL New GA 31326,102598,HONG KONG LINSYHOME INTERNATIONAL TRADING LIMITED,"CA,GA,NJ",3,APS Bedroom,Wendy Wang,GA,Rincon,31326,1009 Gateway Parkway,SAVANNAH LOCAL,GA,31408,1376,11,208,0.1511627906976744,30,0.02180232558139535,8,0.005813953488372093,170,0.12354651162790697,0,0.0,0,0.0,9,0.8181818181818182,2026-06-07: 2; 2026-06-14: 1; 2026-06-21: 3; 2026-06-28: 3; 2026-07-05: 1; 2026-07-12: 2; 2026-07-19: 4; 2026-07-26: 9; 2026-08-02: 5,West Savannah  Ncpc (GA) 1%; Davenport (FL) 1%; Williamsburg Ncpc (FL) 0%; Orlando (FL) 0%,0,0,,0,,6,0.00436046511627907,1369,296,294,1076,0.7854014598540145,0.12965627768077137,683.947389240506,648.4490262489418,141.65458547322095,0.6359011627906974,0.8539244186046511,0.46153846153846173,0.6682692307692304,0.6000000000000001,1.0,0.625,0.75,0.4294117647058827,0.6058823529411765,,,,,208,True,sometimes_builds_directs
pdd_10w,promised_delivery_end_range_date_at_order,10,190357,Urbandi Manufactoring Inc OH 45036,189540,Urbandi Manufactoring Inc,OH,1,Decor,Allie Neyman,OH,Lebanon Ohio,45036,2800 henkle dr,NORTH CINCINNATI,OH,45036,1365,11,44,0.03223443223443224,27,0.01978021978021978,15,0.01098901098901099,2,0.0014652014652014652,0,0.0,0,0.0,2,0.18181818181818182,2026-06-14: 25; 2026-06-21: 2,Hagerstown (MD) 1%; Metuchen (NJ) 1%,0,0,,0,,8,0.005860805860805861,110,84,64,1293,0.952837140751658,0.8408535580491295,536.2972332015811,505.236268068331,24.997453183520623,0.5816849816849811,0.6673992673992672,0.7954545454545455,0.7727272727272725,0.8518518518518517,0.8518518518518517,0.7333333333333334,0.6666666666666666,0.5,0.5,,,,,44,True,sometimes_builds_directs
pdd_10w,promised_delivery_end_range_date_at_order,10,58199,Flash Furniture CA 91708,7347,Flash Furniture,"CA,GA,MS,OH",4,Casegoods,Megan White,CA,Chino ,91708 ,16045 Mountain Ave ,CHINO LOCAL,CA,91710,1347,11,151,0.11210096510764662,22,0.016332590942835932,35,0.025983667409057165,26,0.019302152932442463,0,0.0,68,0.050482553823311065,2,0.18181818181818182,2026-06-14: 20; 2026-06-21: 2,North Portland Rsf (OR) 1%; Portland (OR) 1%,0,0,,6,Marietta (GA) 3%; Olive Branch (MS) 2%; Toledo (OH) 0%; Savannah Local (GA) 0%; Columbus (OH) 0%,11,0.008166295471417966,1335,167,202,1134,0.8488023952095808,0.7106888619227566,824.2324232081908,679.3314437555365,217.45689525244933,0.4691907943578324,0.752783964365256,0.3708609271523179,0.6622516556291389,0.5000000000000001,0.590909090909091,0.3999999999999999,0.6285714285714284,0.3461538461538461,0.46153846153846156,,,0.32352941176470595,0.7794117647058824,151,True,sometimes_builds_directs
pdd_10w,promised_delivery_end_range_date_at_order,10,10839,Ben Kaufman Sales Co,10839,Ben Kaufman Sales Co,FL,1,Soft Home,Supplier Service Desk,FL,Medley,33178,9230 NW 102nd ST,MIAMI,FL,33178,1344,11,94,0.06994047619047619,30,0.022321428571428572,45,0.033482142857142856,19,0.014136904761904762,0,0.0,0,0.0,2,0.18181818181818182,2026-06-14: 25; 2026-06-21: 5,Metuchen (NJ) 1%; Hagerstown (MD) 1%; Las Vegas (NV) 1%,0,0,,0,,14,0.010416666666666666,143,130,138,1192,0.8962406015037594,0.8881389786524796,1416.931896551722,1290.4696705426363,155.29388679245284,0.8191964285714288,0.7797619047619045,0.723404255319149,0.7446808510638298,0.7333333333333334,0.8,0.7333333333333333,0.711111111111111,0.6842105263157896,0.736842105263158,,,,,94,True,sometimes_builds_directs
pdd_10w,promised_delivery_end_range_date_at_order,10,107319,Soluwa LLC GA 30043,58042,Soluwa LLC,"CA,GA,NJ,PA",4,APS Outdoor,Amber Xiang,GA,Braselton,30517,11425 Lewis Braselton Blvd.,BRASELTON,GA,30517,1312,11,128,0.0975609756097561,20,0.01524390243902439,59,0.04496951219512195,31,0.023628048780487805,0,0.0,18,0.013719512195121951,5,0.45454545454545453,2026-06-21: 1; 2026-07-26: 2; 2026-08-02: 8; 2026-08-09: 8; 2026-08-16: 1,Braselton (GA) 2%,0,0,,6,Woodbridge (NJ) 0%; Chino (CA) 0%; Breinigsville Rsf (PA) 0%; Tracy (CA) 0%; Lehigh Valley (PA) 0%,3,0.0022865853658536584,557,208,166,1143,0.8731856378915203,0.7235233912845062,676.943383742911,590.0125120307988,119.85904907975467,0.9977134146341465,0.8269817073170729,1.0,0.7343749999999999,1.0,1.0,1.0,0.6779661016949152,1.0,0.6451612903225805,,,1.0,0.7777777777777777,128,True,sometimes_builds_directs
pdd_10w,promised_delivery_end_range_date_at_order,10,46230,Coaster CA- 90670-4062,999,Coaster,"CA,FL,IL,NJ,TX",5,Casegoods,Joseph Hannigan,CA,Santa Fe Springs,90670,12928 Sandoval Street,SANTA FE SPRINGS,CA,90670,1311,11,75,0.057208237986270026,20,0.015255530129672006,27,0.020594965675057208,18,0.013729977116704805,0,0.0,10,0.007627765064836003,5,0.45454545454545453,2026-06-14: 10; 2026-06-21: 1; 2026-07-26: 2; 2026-08-02: 5; 2026-08-09: 2,Portland (OR) 1%; Santa Fe Springs (CA) 1%,0,0,,5,Houston (TX) 0%; Woodbridge (NJ) 0%; Chicago (IL) 0%; Arlington (TX) 0%; North Houston (TX) 0%,10,0.007627765064836003,131,96,108,1193,0.9169869331283628,0.7452463833259733,651.7100949094038,577.2218616567037,110.9548713951676,0.8237986270022891,0.7963386727688786,0.9733333333333334,0.7733333333333331,0.9499999999999998,0.9499999999999998,1.0,0.7407407407407407,0.9444444444444443,0.7777777777777777,,,1.0,0.5,75,True,sometimes_builds_directs
pdd_10w,promised_delivery_end_range_date_at_order,10,196805,德威美国萨瓦纳仓,76761,Shenzhenshi Daman Shiye Youxiangongsi,"CA,GA,IL,NJ,PA,TX",6,APS K&D,Stella Yin,GA,Rincon,31326,1003 Trade Center Pkwy,SAVANNAH LOCAL,GA,31408,1302,11,124,0.09523809523809523,20,0.015360983102918587,11,0.008448540706605223,79,0.060675883256528416,0,0.0,14,0.010752688172043012,7,0.6363636363636364,2026-06-07: 1; 2026-07-12: 1; 2026-07-19: 1; 2026-07-26: 5; 2026-08-02: 3; 2026-08-09: 6; 2026-08-16: 3,West Savannah  Ncpc (GA) 1%; Davenport (FL) 1%,0,0,,7,Woodbridge (NJ) 0%; West Dallas Ncpc (TX) 0%; Los Angeles (CA) 0%; Lehigh Valley (PA) 0%; Houston (TX) 0%,4,0.0030721966205837174,1296,201,197,1101,0.8482280431432974,0.21781848921111485,654.1678151260498,630.5106457242588,99.89928741092629,0.7565284178187408,0.7718894009216586,0.46774193548387083,0.516129032258065,0.49999999999999994,0.7999999999999999,1.0,0.6363636363636364,0.3291139240506331,0.4177215189873419,,,0.7857142857142857,0.5714285714285714,124,True,sometimes_builds_directs
pdd_10w,promised_delivery_end_range_date_at_order,10,294156,"Shenzhen Quanyuanfa Trading Co., Ltd. GA 31407",117516,"Shenzhen Quanyuanfa Trading Co., Ltd.","CA,GA,NJ,PA,TX",5,APS K&D,Hannah Guan,GA,Port Wentworth,31407,302 International Trade Pkwy,SAVANNAH LOCAL,GA,31408,1243,11,60,0.04827031375703942,29,0.02333065164923572,11,0.008849557522123894,10,0.008045052292839904,0,0.0,10,0.008045052292839904,7,0.6363636363636364,2026-06-21: 1; 2026-06-28: 4; 2026-07-05: 5; 2026-07-19: 7; 2026-07-26: 2; 2026-08-09: 7; 2026-08-16: 3,Williamsburg Ncpc (FL) 2%,0,0,,6,West Dallas Ncpc (TX) 0%; South Rialto - Ncpc (CA) 0%; Robbinsville (NJ) 0%; Houston (TX) 0%; West Rialto (CA) 0%,6,0.004827031375703942,1233,110,112,1125,0.9094583670169766,0.5506571051516648,481.45826771653515,446.4985650224217,58.010883797054,0.802896218825422,0.8801287208366851,0.85,0.9166666666666663,0.7931034482758621,1.0,1.0,0.9090909090909091,0.8999999999999999,0.8999999999999999,,,0.8,0.7,60,True,sometimes_builds_directs
pdd_10w,promised_delivery_end_range_date_at_order,10,475859,D.V. Kap CA 93711,41046,D.V. Kap,CA,1,"PG Bedding, Bath & Window",Shannon Walker,CA,Fresno,93711,426 W Bedford Ave,FRESNO,CA,93725,1171,11,71,0.06063193851409052,31,0.026473099914602904,28,0.02391118701964133,12,0.010247651579846286,0,0.0,0,0.0,3,0.2727272727272727,2026-06-07: 1; 2026-06-14: 13; 2026-06-21: 17,Woodbridge (NJ) 1%; Fort Worth (TX) 1%; Chicago (IL) 1%,0,0,,0,,62,0.05294619982920581,88,80,78,1031,0.9296663660955816,0.9481685622860687,1847.4539370078735,1727.0686807653585,157.01018935978365,0.9128949615713062,0.8599487617421003,0.9718309859154931,0.8732394366197183,0.9354838709677419,0.7741935483870968,1.0,0.9285714285714285,1.0,1.0,,,,,71,True,sometimes_builds_directs
pdd_10w,promised_delivery_end_range_date_at_order,10,471839,wuhanminganxinnuodianzishangwuyouxiangongsi NJ 08873,273186,wuhanminganxinnuodianzishangwuyouxiangongsi,"CA,IL,KS,NJ,NY",5,APS Decor,Asia Supplier Service Desk,NJ,somerset,08873,2301 cottontail lane dock 8-11 ,WOODBRIDGE LOCAL,NJ,8832,1150,4,175,0.15217391304347827,31,0.026956521739130435,71,0.06173913043478261,34,0.029565217391304348,0,0.0,39,0.03391304347826087,2,0.5,2026-06-14: 17; 2026-06-21: 14,Orlando (FL) 1%; Dallas (TX) 1%; Salt Lake City (UT) 1%,0,0,,13,Rialto (CA) 1%; Lenexa (KS) 0%; Sacramento (CA) 0%; Chino (CA) 0%; Chicago (IL) 0%,6,0.0052173913043478265,1143,903,199,945,0.826048951048951,0.8291822585501144,1097.120685840709,680.0929166666666,298.319911504425,0.8730434782608694,0.7547826086956526,0.9599999999999997,0.6971428571428567,1.0,0.7419354838709677,0.9718309859154929,0.7323943661971829,1.0,0.6764705882352943,,,0.8717948717948718,0.6153846153846154,175,True,sometimes_builds_directs
pdd_10w,promised_delivery_end_range_date_at_order,10,414241,YM-GA01-JP,240114,Ningboyuxudianzishangwuyouxiangongsi,"CA,GA,NJ,TX",4,APS AEOF,Ricky Yu,GA,South Fulton,30331,1950 Oak Lawn Ave,AUSTELL,GA,30168,1084,11,97,0.08948339483394833,35,0.03228782287822878,19,0.017527675276752766,40,0.03690036900369004,0,0.0,3,0.0027675276752767526,8,0.7272727272727273,2026-06-14: 11; 2026-06-28: 2; 2026-07-05: 2; 2026-07-12: 3; 2026-07-19: 3; 2026-07-26: 6; 2026-08-02: 4; 2026-08-09: 4,Austell (GA) 3%; Chicago (IL) 1%,0,0,,2,Woodbridge (NJ) 0%; Houston (TX) 0%,10,0.00922509225092251,138,124,134,940,0.8752327746741154,0.5557797953608797,572.3665995975861,532.8713849287174,95.84186915887844,0.9188191881918827,0.8108856088560884,0.9793814432989691,0.6907216494845364,1.0,0.6285714285714286,1.0,0.894736842105263,0.9500000000000001,0.6249999999999999,,,1.0,1.0,97,True,sometimes_builds_directs
pdd_10w,promised_delivery_end_range_date_at_order,10,296095,MRS AWESOME INC CA 91752,38845,MRS AWESOME INC,CA,1,Soft Home,Benjamin Hannigan,CA,Perris,92571,3690 Webster Ave,RIALTO LOCAL,CA,92316,1047,11,123,0.1174785100286533,20,0.019102196752626553,66,0.06303724928366762,37,0.03533906399235912,0,0.0,0,0.0,5,0.45454545454545453,2026-06-21: 2; 2026-07-12: 6; 2026-07-19: 4; 2026-07-26: 5; 2026-08-02: 3,Savannah (GA) 2%,0,0,,0,,14,0.013371537726838587,1032,141,148,885,0.856727976766699,0.7334325666158964,1811.6340067340052,1627.856946039039,298.9951456310682,0.8567335243553007,0.8290353390639921,0.5934959349593496,0.6016260162601625,0.8499999999999999,1.0,0.46969696969696967,0.5,0.6756756756756754,0.5675675675675675,,,,,123,True,sometimes_builds_directs
pdd_10w,promised_delivery_end_range_date_at_order,10,239654,YOHO Bedding INC NJ 08505,72734,"VISION VORTEX CO.,LTD","CA,GA,IL,MD,NJ,PA,TX",7,APS Outdoor,Qiwen Fan,NJ,Bordentown,08505,3280 US 206,ROBBINSVILLE,NJ,8691,1044,11,57,0.05459770114942529,24,0.022988505747126436,7,0.006704980842911878,14,0.013409961685823755,0,0.0,12,0.011494252873563218,7,0.6363636363636364,2026-06-07: 3; 2026-06-14: 1; 2026-06-21: 3; 2026-07-05: 2; 2026-07-26: 9; 2026-08-02: 5; 2026-08-09: 1,Greensboro (NC) 2%,0,0,,5,Hagerstown (MD) 1%; Fairless Hills (PA) 0%; Lehigh Valley (PA) 0%; Chicago (IL) 0%; King Of Prussia (PA) 0%,3,0.0028735632183908046,924,817,223,818,0.7857829010566763,0.5335804745012545,436.92068345323753,343.9051587301588,121.50618357487915,0.9636015325670496,0.9022988505747135,0.8771929824561402,0.6491228070175438,0.8749999999999998,0.45833333333333337,1.0,0.8571428571428572,0.7142857142857143,0.6428571428571428,,,1.0,0.9166666666666666,57,True,sometimes_builds_directs
pdd_10w,promised_delivery_end_range_date_at_order,10,219649,Backyard X-Scapes CA 92121,6071,Backyard X-Scapes,"CA,FL",2,Outdoor Structures,Benjamin Moseley,CA,San Diego,92121,10835 Sorrento Valley Road,SAN DIEGO,CA,92121,1041,11,87,0.08357348703170028,24,0.023054755043227664,32,0.03073967339097022,20,0.01921229586935639,0,0.0,11,0.010566762728146013,2,0.18181818181818182,2026-06-14: 16; 2026-06-21: 8,Sacramento (CA) 1%; Marietta (GA) 1%; Portland (OR) 1%,0,0,,2,Orlando (FL) 1%; Davenport (FL) 0%,5,0.004803073967339097,1035,119,135,901,0.8696911196911197,0.8281831024489412,1624.0471264367818,1502.282337317396,286.4301356589151,0.9298751200768495,0.9221902017291066,0.9770114942528736,0.9655172413793106,1.0,1.0,1.0,1.0,0.9499999999999998,0.9499999999999998,,,0.9090909090909091,0.8181818181818182,87,True,sometimes_builds_directs
pdd_10w,promised_delivery_end_range_date_at_order,10,370108,shenzhenzhijingdianzishangwuyouxiangongsi GA 31407,209607,shenzhenzhijingdianzishangwuyouxiangongsi,"CA,GA,NJ,PA,TX",5,APS Bedroom,Lydia Liu,GA,Savannah,31407,150 Portside Ct,SAVANNAH LOCAL,GA,31408,1014,11,68,0.0670611439842209,22,0.021696252465483234,17,0.016765285996055226,14,0.013806706114398421,0,0.0,15,0.014792899408284023,7,0.6363636363636364,2026-06-14: 1; 2026-06-28: 1; 2026-07-12: 1; 2026-07-26: 10; 2026-08-02: 4; 2026-08-09: 4; 2026-08-16: 1,Richmond Hill Ncpc (GA) 2%,0,0,,7,West Dallas Ncpc (TX) 1%; Houston (TX) 0%; Lehigh Valley (PA) 0%; Kyle (TX) 0%; South Rialto - Ncpc (CA) 0%,2,0.0019723865877712033,1011,155,157,855,0.8448616600790514,0.68386059076248,558.7606093579975,495.07954285714294,151.14649298597163,0.9773175542406314,0.9112426035502965,1.0,0.8382352941176472,1.0,0.9090909090909091,1.0,0.8235294117647058,1.0,0.6428571428571428,,,1.0,0.9333333333333332,68,True,sometimes_builds_directs
pdd_10w,promised_delivery_end_range_date_at_order,10,479684,Xingchen-CA03,82169,"DALI FORTUNE TRADE CO.,LIMITED","CA,GA,KY,NJ",4,APS Rugs,Rainbow Wu,CA,City of Industry,91746,14505 Proctor Ave,ARCADIA,CA,91006,976,11,136,0.13934426229508196,29,0.02971311475409836,65,0.06659836065573771,24,0.02459016393442623,0,0.0,18,0.018442622950819672,3,0.2727272727272727,2026-06-07: 3; 2026-06-14: 22; 2026-06-21: 4,Houston (TX) 1%; Hagerstown (MD) 1%; North Portland Rsf (OR) 1%,0,0,,7,Marietta (GA) 0%; Savannah (GA) 0%; Northern Kentucky (KY) 0%; Metuchen (NJ) 0%; Atlanta (GA) 0%,13,0.01331967213114754,870,186,187,776,0.8058151609553479,0.8453176831960834,1540.370933333332,1272.1417098445595,394.03715789473677,0.8555327868852469,0.8186475409836061,0.7867647058823526,0.7132352941176472,0.7241379310344829,0.6551724137931035,0.7846153846153846,0.753846153846154,0.9166666666666665,0.7083333333333333,,,0.7222222222222223,0.6666666666666667,136,True,sometimes_builds_directs
pdd_10w,promised_delivery_end_range_date_at_order,10,462552,Zhejiangweinuokejiyouxiangongsi GA 31308,60691,Zhejiangweinuokejiyouxiangongsi,"CA,GA,NJ",3,APS K&D,Hannah Guan,GA,Ellabell,31308-3636,1086 Oracal Parkway,SAVANNAH LOCAL,GA,31408,890,11,56,0.06292134831460675,23,0.025842696629213482,15,0.016853932584269662,15,0.016853932584269662,0,0.0,3,0.0033707865168539327,7,0.6363636363636364,2026-06-14: 2; 2026-06-21: 1; 2026-06-28: 5; 2026-07-05: 12; 2026-07-19: 1; 2026-07-26: 1; 2026-08-02: 1,Williamsburg Ncpc (FL) 3%,0,0,,2,Stockton Rsf (CA) 0%; South Rialto - Ncpc (CA) 0%,3,0.0033707865168539327,885,111,110,777,0.8759864712514093,0.5701078749877189,596.1818073721755,548.5409915356713,75.20378006872856,0.9651685393258427,0.8820224719101126,0.9464285714285713,0.9107142857142857,1.0,1.0,1.0,1.0,0.8,0.6666666666666665,,,1.0,1.0,56,True,sometimes_builds_directs
pdd_10w,promised_delivery_end_range_date_at_order,10,254937,NingBo KaiMeiChen DianZiShangWu YouXian GA 31405,83386,"Ningbo FanKai E-commerce Co., Ltd._1","CA,GA,IL,NJ,PA,TX",6,APS Home Improvement,Nicole Sun,GA,Savannah,31405,125 Feldspar Dr,SAVANNAH LOCAL,GA,31408,874,11,104,0.11899313501144165,23,0.02631578947368421,9,0.010297482837528604,23,0.02631578947368421,0,0.0,49,0.05606407322654462,8,0.7272727272727273,2026-06-21: 3; 2026-06-28: 2; 2026-07-05: 2; 2026-07-12: 3; 2026-07-19: 2; 2026-07-26: 6; 2026-08-02: 4; 2026-08-09: 1,Richmond Hill Ncpc (GA) 1%; Williamsburg Ncpc (FL) 1%; South Atlanta Ncpc (GA) 1%,0,0,,15,Scranton (PA) 1%; Houston (TX) 1%; Rialto (CA) 1%; East Brunswick (NJ) 1%; Metuchen (NJ) 0%,1,0.0011441647597254005,873,161,183,690,0.7903780068728522,0.30851486158131,629.1525065963066,591.2425101214565,222.60451843043987,0.8729977116704811,0.8329519450800916,0.8076923076923076,0.8365384615384617,0.7391304347826088,0.9565217391304346,0.7777777777777778,0.8888888888888888,0.8695652173913042,0.782608695652174,,,0.8163265306122448,0.7959183673469387,104,True,sometimes_builds_directs
pdd_10w,promised_delivery_end_range_date_at_order,10,333172,Soluwa LLC GA 31308,58042,Soluwa LLC,"CA,GA,NJ,PA",4,APS Outdoor,Amber Xiang,GA,Ellabell,31308,1086 Oracal Parkway,SAVANNAH LOCAL,GA,31408,872,11,85,0.09747706422018348,35,0.040137614678899085,16,0.01834862385321101,30,0.034403669724770644,0,0.0,4,0.0045871559633027525,5,0.45454545454545453,2026-06-07: 9; 2026-06-14: 11; 2026-07-26: 6; 2026-08-02: 7; 2026-08-09: 2,Richmond Hill Ncpc (GA) 4%,0,0,,3,Metuchen (NJ) 0%; South Rialto - Ncpc (CA) 0%; Carlisle (PA) 0%,3,0.0034403669724770644,868,145,148,721,0.8296892980437284,0.23055996879931737,851.5048951048949,771.9553731343283,303.84866743916615,0.9977064220183485,0.8795871559633023,1.0,0.8235294117647058,1.0,1.0,1.0,0.9374999999999999,1.0,0.5666666666666668,,,1.0,0.75,85,True,sometimes_builds_directs
pdd_10w,promised_delivery_end_range_date_at_order,10,324781,Shen Zhen Shi Qi Wen Shang Mao You Xian TX 77494,281340,Qwtech Limited_2,"CA,GA,IL,NJ,PA,SC,TX",7,APS Bedroom,Iris Sang,TX,KATY,77494,28119 KATY FWY,HOUSTON LOCAL,TX,77433,847,11,70,0.08264462809917356,23,0.02715466351829988,21,0.024793388429752067,21,0.024793388429752067,0,0.0,5,0.0059031877213695395,5,0.45454545454545453,2026-06-21: 2; 2026-07-12: 2; 2026-07-26: 1; 2026-08-02: 4; 2026-08-16: 14,Houston (TX) 2%; West Dallas Ncpc (TX) 0%,0,0,,2,Rialto (CA) 0%; Chicago (IL) 0%,2,0.0023612750885478157,845,64,107,738,0.8733727810650888,0.5972920685926159,494.73242506811937,431.6814666666668,99.49660606060613,0.8311688311688306,0.8701298701298708,0.7571428571428573,0.8142857142857141,0.9130434782608695,1.0,1.0,1.0,0.42857142857142855,0.5238095238095238,,,0.4,0.4,70,True,sometimes_builds_directs
pdd_10w,promised_delivery_end_range_date_at_order,10,455709,Smart Big Mall Inc NJ 08505(2),206253,Smart Big Mall Inc,"CA,GA,NJ,TX",4,APS AEOF,Nora Li,NJ,Bordentown,08505,3280 US Highway 206,ROBBINSVILLE,NJ,8691,828,11,77,0.0929951690821256,20,0.024154589371980676,18,0.021739130434782608,30,0.036231884057971016,0,0.0,9,0.010869565217391304,8,0.7272727272727273,2026-06-07: 1; 2026-06-14: 2; 2026-06-21: 1; 2026-06-28: 2; 2026-07-05: 5; 2026-07-19: 5; 2026-08-02: 2; 2026-08-09: 2,Greensboro (NC) 2%; Hagerstown (MD) 0%,0,0,,6,Oceanside (CA) 0%; Rialto (CA) 0%; West Rialto (CA) 0%; South Atlanta Rsf (GA) 0%; Sacramento (CA) 0%,1,0.0012077294685990338,713,616,111,716,0.8657799274486094,0.33515215322680497,763.303664122137,709.3836879432621,171.393430656934,0.8248792270531405,0.8852657004830912,0.4805194805194804,0.8051948051948051,0.049999999999999996,0.8499999999999999,1.0,0.9444444444444443,0.36666666666666664,0.8,,,0.7777777777777778,0.4444444444444444,77,True,sometimes_builds_directs
pdd_10w,promised_delivery_end_range_date_at_order,10,183037,"Jili Creation Technology Co., Ltd CA 92335",64134,"Jili Creation Technology Co., Ltd","CA,NJ",2,APS,Carol Li,CA, Fontana ,92335,14387 Valley BLVD,WEST RIALTO,CA,92316,819,11,70,0.08547008547008547,23,0.028083028083028084,27,0.03296703296703297,14,0.017094017094017096,0,0.0,6,0.007326007326007326,4,0.36363636363636365,2026-06-14: 9; 2026-06-21: 1; 2026-08-02: 2; 2026-08-09: 11,South Dallas Rsf (TX) 2%; West Dallas Ncpc (TX) 1%,0,0,,1,Metuchen (NJ) 1%,23,0.028083028083028084,792,79,82,714,0.8969849246231156,0.7136893590137741,1369.1686567164168,1250.8924554183818,176.01969504447254,0.8852258852258855,0.8180708180708186,0.8571428571428572,0.8428571428571431,0.8260869565217389,1.0,0.8518518518518519,0.7777777777777778,0.8571428571428571,0.6428571428571428,,,1.0,1.0,70,True,sometimes_builds_directs
pdd_10w,promised_delivery_end_range_date_at_order,10,508660,LINGKEWU XINXI KEJI JIANGSU LTD NJ 08505,97962,LINGKEWU XINXI KEJI JIANGSU LTD,"CA,GA,IL,NJ,PA,TX",6,APS Bedroom,Lydia Liu,NJ,Bordentown,08505,3280 US Highway 206,ROBBINSVILLE,NJ,8691,783,8,72,0.09195402298850575,28,0.035759897828863345,0,0.0,36,0.04597701149425287,0,0.0,8,0.010217113665389528,5,0.625,2026-07-05: 3; 2026-07-19: 4; 2026-07-26: 4; 2026-08-02: 11; 2026-08-09: 6,Greensboro (NC) 4%,0,0,,2,King Of Prussia (PA) 1%; Fairless Hills (PA) 1%,1,0.001277139208173691,631,529,110,672,0.8593350383631714,0.09165189569106842,743.882334384859,710.2082474226798,131.92157622739015,0.8812260536398472,0.8978288633461045,0.6388888888888891,0.763888888888889,0.5,0.6785714285714286,,,0.6666666666666667,0.7777777777777776,,,1.0,1.0,72,True,sometimes_builds_directs
pdd_10w,promised_delivery_end_range_date_at_order,10,284646,Shenzhenshiweilukejiyouxiangongsi GA 31407 ,104515,Shenzhenshiweilukejiyouxiangongsi,"CA,GA,NJ,PA,TX",5,APS,Stella Yin,GA,Port Wentworth,31407,302 International Trade Pkwy,SAVANNAH LOCAL,GA,31408,741,11,59,0.0796221322537112,27,0.03643724696356275,16,0.021592442645074223,9,0.012145748987854251,0,0.0,7,0.009446693657219974,9,0.8181818181818182,2026-06-07: 1; 2026-06-14: 5; 2026-06-21: 3; 2026-06-28: 3; 2026-07-05: 5; 2026-07-12: 2; 2026-07-19: 3; 2026-08-02: 1; 2026-08-09: 4,Williamsburg Ncpc (FL) 4%,0,0,,5,Houston (TX) 0%; Dallas (TX) 0%; Metuchen (NJ) 0%; South Rialto - Ncpc (CA) 0%; West Dallas Ncpc (TX) 0%,0,0.0,739,117,116,625,0.8434547908232118,0.6462160834068672,539.0673105497777,479.40762331838573,84.86157024793401,0.7476383265856953,0.8529014844804323,0.7288135593220338,0.7796610169491526,0.7407407407407409,0.9629629629629629,0.8749999999999998,0.8124999999999999,0.3333333333333333,0.4444444444444444,,,0.8571428571428572,0.4285714285714286,59,True,sometimes_builds_directs
pdd_10w,promised_delivery_end_range_date_at_order,10,300662,(US)changsha lanqi dianzishangwu youxian TX 77494,265853,(US)changsha lanqi dianzishangwu youxiangongsi,"CA,NJ,PA,TX",4,APS,Danica Guo,TX,KATY,77494,28119 KATY FWY,HOUSTON LOCAL,TX,77433,691,11,74,0.10709117221418235,31,0.04486251808972504,25,0.0361794500723589,13,0.01881331403762663,0,0.0,5,0.00723589001447178,7,0.6363636363636364,2026-06-14: 7; 2026-06-21: 8; 2026-06-28: 2; 2026-07-05: 3; 2026-07-12: 2; 2026-07-19: 6; 2026-07-26: 3,Champaign (IL) 4%,0,0,,3,Woodbridge (NJ) 0%; Lehigh Valley (PA) 0%; Linden (NJ) 0%,0,0.0,691,89,117,574,0.8306801736613604,0.7821808686888567,958.9227956989254,824.7691144708424,137.23072463768125,0.8335745296671486,0.8538350217076703,0.39189189189189183,0.7297297297297297,0.22580645161290316,0.7096774193548389,0.39999999999999997,0.68,0.5384615384615384,0.7692307692307692,,,1.0,1.0,74,True,sometimes_builds_directs
pdd_10w,promised_delivery_end_range_date_at_order,10,288363, WENJ7,75517,Amzmos,"CA,GA,NJ",3,APS AEOF,Nora Li,NJ,Bordentown ,08505 ,3280 US Highway 206 ,ROBBINSVILLE,NJ,8691,665,11,100,0.15037593984962405,31,0.04661654135338346,22,0.03308270676691729,43,0.06466165413533835,0,0.0,4,0.006015037593984963,8,0.7272727272727273,2026-06-07: 6; 2026-06-14: 7; 2026-06-21: 8; 2026-06-28: 1; 2026-07-05: 4; 2026-07-12: 1; 2026-07-19: 1; 2026-07-26: 3,Greensboro (NC) 5%,0,0,,4,South Atlanta Rsf (GA) 0%; Marietta (GA) 0%; Braselton (GA) 0%; Rialto (CA) 0%,2,0.0030075187969924814,573,505,130,533,0.803921568627451,0.5539580313003183,757.001764705883,635.3109170305677,153.1322775263952,0.9954887218045115,0.9172932330827068,1.0,0.7799999999999999,1.0,0.6774193548387097,1.0,1.0,1.0,0.7441860465116277,,,1.0,0.75,100,True,sometimes_builds_directs
pdd_10w,promised_delivery_end_range_date_at_order,10,436122,shenzhen haileyikejiyouxiangongsi TX 77429,229949,"Guangxi Chaotuo International Trade Co., Ltd","CA,NJ,TX",3,APS Mattresses,Checky Yi,TX,Cypress,77429,14402 Fallbrook Dr Suite 290,HOUSTON LOCAL,TX,77433,611,11,107,0.1751227495908347,23,0.03764320785597381,10,0.016366612111292964,40,0.06546644844517185,0,0.0,34,0.05564648117839607,7,0.6363636363636364,2026-06-14: 6; 2026-06-21: 1; 2026-06-28: 2; 2026-07-05: 11; 2026-07-12: 1; 2026-07-19: 1; 2026-08-02: 1,Greensboro (NC) 2%; Ocala (FL) 2%; Fairless Hills (PA) 0%,0,0,,4,Rancho Cucamonga Ncpc (CA) 5%; Arcadia (CA) 0%; Anaheim (CA) 0%; Fairfield Annex (CA) 0%,2,0.0032733224222585926,609,145,168,441,0.7241379310344828,0.08965617045889185,803.187898089171,795.5132231404963,335.23087027914596,0.9705400981996726,0.6890343698854334,0.9345794392523363,0.570093457943925,0.7826086956521737,0.826086956521739,1.0,0.7,0.9500000000000001,0.7749999999999999,,,1.0,0.11764705882352942,107,True,sometimes_builds_directs
pdd_10w,promised_delivery_end_range_date_at_order,10,295613,Shenzhen Oumeifeng Fashion Design CA 91752,108440,"Shenzhen Oumeifeng Fashion Design Co., Ltd.","CA,NJ",2,APS,Asia Supplier Service Desk,CA,Jurupa Valley,91752,C/O 11296 Harrel St,WEST RIALTO,CA,92316,610,11,165,0.27049180327868855,31,0.05081967213114754,45,0.07377049180327869,42,0.06885245901639345,0,0.0,47,0.07704918032786885,8,0.7272727272727273,2026-06-07: 1; 2026-06-14: 3; 2026-06-21: 1; 2026-06-28: 2; 2026-07-05: 17; 2026-07-12: 3; 2026-07-19: 3; 2026-07-26: 1,Fairless Hills (PA) 5%,0,0,,4,Camden (NJ) 4%; Robbinsville (NJ) 3%; Metuchen (NJ) 0%; Woodbridge (NJ) 0%,6,0.009836065573770493,564,202,209,395,0.6539735099337748,0.3330604282186811,1039.7493069306922,795.3458248472508,809.3692307692302,0.8540983606557377,0.8131147540983604,0.7999999999999997,0.8181818181818182,0.9032258064516127,0.9677419354838709,0.7777777777777778,0.8666666666666667,0.6190476190476187,0.5952380952380952,,,0.9148936170212767,0.8723404255319146,165,True,sometimes_builds_directs
pdd_10w,promised_delivery_end_range_date_at_order,10,441525,"Freestyle Outdoor Living Co., Ltd NJ 08505",57760,Orange Casual Co Ltd_1,"CA,GA,NJ,PA",4,APS Outdoor,Melody Lu,NJ, Bordentown,08505,5206 US-130 N,ROBBINSVILLE,NJ,8691,606,11,76,0.1254125412541254,36,0.0594059405940594,21,0.034653465346534656,13,0.02145214521452145,0,0.0,6,0.009900990099009901,6,0.5454545454545454,2026-06-28: 1; 2026-07-12: 1; 2026-07-26: 10; 2026-08-02: 8; 2026-08-09: 11; 2026-08-16: 5,East Brunswick (NJ) 6%,0,0,,3,Richmond Hill Ncpc (GA) 0%; Rialto (CA) 0%; Atlanta (GA) 0%,3,0.0049504950495049506,602,140,119,484,0.802653399668325,0.7547034564255081,894.3959349593493,642.5647382920114,365.2342762063225,1.0,0.9323432343234329,1.0,0.9736842105263159,1.0,1.0,1.0,1.0,1.0,1.0,,,1.0,0.6666666666666667,76,True,sometimes_builds_directs
pdd_10w,promised_delivery_end_range_date_at_order,10,355256,WENJ7,103170,shenzhenshi bonaite dianzishangwu youxiangongsi,"CA,GA,NJ",3,APS Housewares & More,Limi Chen,NJ,Bordentown,08505,3280 US Highway 206,ROBBINSVILLE,NJ,8691,542,11,70,0.12915129151291513,31,0.05719557195571956,16,0.02952029520295203,20,0.03690036900369004,0,0.0,3,0.005535055350553505,8,0.7272727272727273,2026-06-07: 2; 2026-06-21: 8; 2026-07-05: 5; 2026-07-12: 8; 2026-07-19: 5; 2026-07-26: 1; 2026-08-02: 1; 2026-08-09: 1,Greensboro (NC) 6%,0,0,,2,Atlanta (GA) 0%; South Atlanta Rsf (GA) 0%,3,0.005535055350553505,462,405,98,441,0.8181818181818182,0.6001154062354827,682.6655860349125,557.9594086021503,122.48861940298504,0.9778597785977856,0.8966789667896676,0.9285714285714287,0.7714285714285712,0.8387096774193548,0.7419354838709677,1.0,0.8124999999999999,1.0,0.75,,,1.0,1.0,70,True,sometimes_builds_directs
pdd_10w,promised_delivery_end_range_date_at_order,10,359548,TINGTEK INC TX 77429,254183,TINGTEK INC,"CA,GA,IL,NJ,PA,TX",6,APS K&D,Carol Li,TX,Katy,77494,28501 Hwy Blvd,HOUSTON LOCAL,TX,77433,540,11,45,0.08333333333333333,21,0.03888888888888889,2,0.003703703703703704,19,0.03518518518518519,0,0.0,3,0.005555555555555556,4,0.36363636363636365,2026-07-26: 3; 2026-08-02: 7; 2026-08-09: 4; 2026-08-16: 7,Houston (TX) 4%,0,0,,3,Savannah Local (GA) 0%; Mccook (IL) 0%; Fairfield Annex (CA) 0%,0,0.0,540,75,88,452,0.837037037037037,0.13551355078414318,763.3852941176473,719.6029279279276,194.40358490566024,0.9888888888888887,0.9314814814814811,1.0,0.7777777777777777,1.0,0.7142857142857143,1.0,1.0,1.0,0.7894736842105261,,,1.0,1.0,45,True,sometimes_builds_directs
pdd_10w,promised_delivery_end_range_date_at_order,10,290316,"Yiwu Guali Electronic Commerce Co., Ltd. GA 30518",153269,"Yiwu Guali Electronic Commerce Co., Ltd.","CA,GA,NC,NJ,PA,TX",6,APS,Naomi JI,GA,Buford,30518,1720 Peachtree Industrial Blvd,METUCHEN,NJ,8817,520,11,67,0.12884615384615383,27,0.051923076923076926,17,0.032692307692307694,21,0.04038461538461539,0,0.0,2,0.0038461538461538464,6,0.5454545454545454,2026-06-07: 2; 2026-07-19: 2; 2026-07-26: 5; 2026-08-02: 10; 2026-08-09: 5; 2026-08-16: 3,Braselton (GA) 3%; Chattanooga (TN) 2%,0,0,,1,Lehigh Valley (PA) 0%,7,0.013461538461538462,346,307,91,422,0.8226120857699805,0.46598228510803513,621.8086776859506,540.5395833333329,244.39742574257426,0.9730769230769236,0.8865384615384608,1.0,0.8955223880597016,1.0,0.9629629629629629,1.0,1.0,1.0,0.8095238095238094,,,1.0,0.0,67,True,sometimes_builds_directs
pdd_10w,promised_delivery_end_range_date_at_order,10,456897,Dongguan Shangku Toys Trading Co NJ 08505,290837,HIFYOBRO HONGKONG LIMITED,"CA,GA,NJ,TX",4,APS AEOF,Asia Supplier Service Desk,NJ, Bordentown,08505,3280 US Highway 206,ROBBINSVILLE,NJ,8691,490,11,68,0.13877551020408163,27,0.05510204081632653,8,0.0163265306122449,24,0.04897959183673469,0,0.0,9,0.018367346938775512,8,0.7272727272727273,2026-06-14: 1; 2026-06-21: 1; 2026-07-05: 6; 2026-07-12: 4; 2026-07-26: 5; 2026-08-02: 2; 2026-08-09: 4; 2026-08-16: 4,Greensboro (NC) 6%,0,0,,6,Arcadia (CA) 1%; South Rialto - Ncpc (CA) 0%; Rancho Cucamonga Ncpc (CA) 0%; Dallas (TX) 0%; Houston Local (TX) 0%,3,0.006122448979591836,435,400,85,402,0.8254620123203286,0.3195572443371387,726.7392764857882,655.59406779661,175.67597535934289,0.985714285714286,0.861224489795918,0.9264705882352943,0.6176470588235295,0.9259259259259258,0.6666666666666666,0.75,0.6250000000000001,0.9583333333333331,0.6666666666666667,,,1.0,0.3333333333333333,68,True,sometimes_builds_directs
pdd_10w,promised_delivery_end_range_date_at_order,10,375337,"ZHENGZHOU OUQUN TRADE CO.,LTD CA 92316",284759,"ZHENGZHOU OUQUN TRADE CO.,LTD","CA,GA,NJ,TX",4,APS Pet,Asia Supplier Service Desk,CA,Bloomington,92316,18550 Orange St,WEST RIALTO,CA,92316,333,11,95,0.2852852852852853,21,0.06306306306306306,17,0.05105105105105105,14,0.042042042042042045,0,0.0,43,0.12912912912912913,6,0.5454545454545454,2026-06-14: 2; 2026-06-21: 2; 2026-06-28: 3; 2026-07-05: 11; 2026-07-12: 2; 2026-07-19: 1,Fairless Hills (PA) 6%,0,0,,7,West Savannah  Ncpc (GA) 5%; Woodbridge (NJ) 4%; Princeton (NJ) 2%; Sugar Land (TX) 1%; West Dallas Ncpc (TX) 1%,4,0.012012012012012012,328,122,126,203,0.6170212765957447,0.5647773124517863,1440.3883720930228,953.5233766233765,926.6530487804883,0.9729729729729732,0.8648648648648642,0.9789473684210529,0.8842105263157894,1.0,1.0,0.8823529411764705,0.8823529411764705,1.0,0.7142857142857143,,,1.0,0.8837209302325579,95,True,sometimes_builds_directs
pdd_10w,promised_delivery_end_range_date_at_order,10,175484,Shenzhen Oumeifeng Fashion Design Co Ltd. CA 92336,108440,"Shenzhen Oumeifeng Fashion Design Co., Ltd.","CA,NJ",2,APS,Asia Supplier Service Desk,CA,Fontana,92336,14779 Bar Harbor Rd,WEST RIALTO,CA,92316,332,11,105,0.31626506024096385,24,0.07228915662650602,19,0.0572289156626506,31,0.09337349397590361,0,0.0,31,0.09337349397590361,8,0.7272727272727273,2026-06-28: 1; 2026-07-05: 3; 2026-07-12: 2; 2026-07-19: 4; 2026-07-26: 2; 2026-08-02: 9; 2026-08-09: 2; 2026-08-16: 1,Fairless Hills (PA) 6%; West Savannah  Ncpc (GA) 2%,0,0,,4,Camden (NJ) 5%; Robbinsville (NJ) 4%; Metuchen (NJ) 1%; Princeton (NJ) 0%,1,0.0030120481927710845,286,110,109,222,0.6706948640483383,0.2803671243518224,1283.838906752411,961.4750000000004,841.4760606060607,0.9849397590361456,0.7771084337349401,0.9809523809523809,0.7904761904761908,0.9166666666666665,0.9583333333333333,1.0,0.9473684210526315,1.0,0.5806451612903226,,,1.0,0.7741935483870969,105,True,sometimes_builds_directs
pdd_10w,promised_delivery_end_range_date_at_order,10,432894,[WPNJ4],411034,fushangbao(guangdong)jiajukejiyouxiangongsi,"CA,GA,NJ,TX",4,Casegoods,Noemi Tang,NJ,Westampton,08060,35 E Park Dr,ROBBINSVILLE,NJ,8691,326,11,52,0.15950920245398773,24,0.0736196319018405,2,0.006134969325153374,2,0.006134969325153374,0,0.0,24,0.0736196319018405,8,0.7272727272727273,2026-06-14: 2; 2026-06-21: 2; 2026-07-05: 5; 2026-07-12: 2; 2026-07-26: 4; 2026-08-02: 6; 2026-08-09: 2; 2026-08-16: 1,Greensboro (NC) 7%,0,0,,3,Richmond Hill Ncpc (GA) 5%; Houston (TX) 2%; Rancho Cucamonga Ncpc (CA) 0%,0,0.0,282,157,61,265,0.8128834355828221,0.6044325679513263,441.31959183673456,327.2567901234567,158.3125766871165,1.0,0.8987730061349692,1.0,0.8846153846153844,1.0,0.8333333333333331,1.0,1.0,1.0,0.5,,,1.0,0.9583333333333333,52,True,sometimes_builds_directs
