supplier_id,su_name,parent_suid,parent_su_name,sto,vol_bau_local,ifr_bau_local,del_bau_local,o2d_stated_bau_local,o2d_actual_bau_local,o2d_gap_bau_local,pct_le5_bau_local,mi_bau_local,vol_bau_direct,ifr_bau_direct,del_bau_direct,o2d_stated_bau_direct,o2d_actual_bau_direct,o2d_gap_bau_direct,pct_le5_bau_direct,mi_bau_direct,vol_hv_direct,ifr_hv_direct,del_hv_direct,o2d_stated_hv_direct,o2d_actual_hv_direct,o2d_gap_hv_direct,pct_le5_hv_direct,mi_hv_direct,vol_hv_local,ifr_hv_local,del_hv_local,o2d_stated_hv_local,o2d_actual_hv_local,o2d_gap_hv_local,pct_le5_hv_local,mi_hv_local,bau_direct_vol,bau_total,bau_direct_share,o2d_delta_hv_direct_minus_bau_local,ifr_delta_hv_direct_minus_bau_local,faster_than_bau,o2d_delta_hv_direct_minus_hv_local
237104,Devion Furniture,58079,Devion Furniture_1,APS,16289,0.9375652280680213,0.9063785376634539,9.2350002357775,7.702533455780853,-1.5324667799966472,0.17785008287801587,1826.8402973240677,37.0,1.0,1.0,7.891891891891892,5.864864864864865,-2.027027027027027,0.3783783783783784,83.74594594594595,3292,0.4304374240583232,0.8019441069258809,9.459902794653708,8.864823815309844,-0.5950789793438638,0.03371810449574727,85.94337788578375,1163.0,0.4282029234737747,0.8013757523645743,12.061908856405841,11.405465879778001,-0.6564429766278401,0.17196904557179707,125.19241062308478,37.0,16326.0,0.0022663236555188044,1.162290359528991,-0.5071278040096981,False,-2.540642064468157
316872,"Heze Starfire Trading Co., Ltd CA 91761(5)",83413,"Heze Starfire Trading Co., Ltd",APS,3630,0.8176308539944903,0.8462809917355372,8.938842975206612,7.774430911990721,-1.1644120632158907,0.15702479338842976,1903.933909000343,,,,,,,,,1141,0.7397020157756354,0.9342681858019282,10.342681858019281,8.484662576687116,-1.8580192813321652,0.10955302366345311,79.68825591586328,312.0,0.7692307692307693,0.8942307692307693,9.182692307692308,7.727564102564102,-1.4551282051282062,0.27884615384615385,49.342959183673464,0.0,3630.0,0.0,0.7102316646963951,-0.07792883821885488,False,0.7570984741230138
119437,Aosom LLC CA 92374,5725,Aosom LLC,APS Outdoor,6574,0.995892911469425,0.9379373288713112,5.358884063349479,4.637125019034567,-0.7217590443149122,0.6814724672954061,1213.3139501638143,,,,,,,,,970,0.9938144329896907,0.8824742268041237,5.675257731958763,5.025773195876289,-0.6494845360824746,0.656701030927835,67.12814432989691,730.0,0.980821917808219,0.9397260273972603,5.372602739726027,4.546388010771572,-0.8262147289544544,0.7164383561643836,67.3015360101976,0.0,6574.0,0.0,0.3886481768417216,-0.0020784784797343026,False,0.47938518510471617
28971,NFusion CA 91761 Warehouse CA11,3215,"GigaCloud Trading, Inc.",Outdoor Furniture,4387,0.8399817643036244,0.8288124002735354,6.033963984499658,5.660551940777608,-0.37341204372205006,0.5121951219512195,1330.845630355342,,,,,,,,,924,0.8214285714285714,0.8993506493506493,7.232052669552669,6.573593073593074,-0.6584595959595951,0.31601731601731603,80.06482683982685,739.0,0.841677943166441,0.8795669824086604,7.584573748308525,6.9510234765985786,-0.6335502717099466,0.4925575101488498,58.13514780993654,0.0,4387.0,0.0,0.913041132815466,-0.01855319287505297,False,-0.3774304030055049
238512,CP HomeDecor CA 91761(2),66884,CP HomeDecor,APS,4951,0.9488992122803475,0.887093516461321,7.714805089880832,6.651868309432438,-1.0629367804483936,0.2767117753989093,1767.4939241168004,,,,,,,,,904,0.620575221238938,0.7997787610619469,8.491150442477876,7.8196902654867255,-0.6714601769911503,0.09070796460176991,84.89303097345132,302.0,0.46357615894039733,0.7483443708609272,9.764900662251655,9.337748344370864,-0.42715231788079144,0.27483443708609273,58.67304964539008,0.0,4951.0,0.0,1.1678219560542873,-0.3283239910414094,False,-1.5180580788841382
39837,Kingston CA,2940,Kingston,Plumbing,4936,0.9787277147487844,0.928484602917342,8.138776337115074,6.991255953053604,-1.1475203840614698,0.25425445705024313,1598.2444385961182,2.0,0.0,1.0,6.0,5.5,-0.5,0.5,650.75,893,0.8779395296752519,0.8745800671892497,8.656215005599105,8.040313549832026,-0.6159014557670783,0.12541993281075028,86.49417693169092,440.0,0.8522727272727273,0.8340909090909091,9.579545454545455,9.033410672853826,-0.5461347816916291,0.25909090909090915,58.33164556962025,2.0,4938.0,0.0004050222762251924,1.0490575967784226,-0.10078818507353249,False,-0.9930971230217995
59119,Safavieh CA 92518,381,Safavieh,Rugs,5238,0.9704085528827797,0.9117983963344788,4.6882621473053465,3.9441881647764,-0.7440739825289464,0.762122947689958,699.7808469911283,,,,,,,,,831,0.9915764139590855,0.865222623345367,5.368231046931408,4.855595667870036,-0.512635379061372,0.7123947051744886,80.8806257521059,1215.0,0.9925925925925926,0.9069958847736626,4.837860082304528,4.150617283950617,-0.6872427983539104,0.7934156378600823,179.74357909516473,0.0,5238.0,0.0,0.9114075030936357,0.02116786107630575,False,0.7049783839194186
17066,  CA2,3215,"GigaCloud Trading, Inc.",Outdoor Furniture,1781,0.8489612577203818,0.7377877596855699,6.929550561797753,6.3114586368787435,-0.6180919249190095,0.46715328467153283,1664.533362114076,121.0,0.33884297520661155,0.9752066115702479,6.446280991735537,4.206611570247934,-2.239669421487603,0.8842975206611571,558.8280991735537,800,0.70125,0.82875,7.20375,6.03125,-1.1725000000000003,0.4525,85.53462500000002,702.0,0.7136752136752138,0.6994301994301995,8.076923076923077,7.592655205348615,-0.4842678715744615,0.43162393162393164,90.76772306586396,121.0,1902.0,0.06361724500525763,-0.28020863687874353,-0.14771125772038174,True,-1.5614052053486152
272805,Karat Home Inc (14 Karat) CA 92880,21718,Karat Home Inc (14 Karat),APS Upholstery,3610,0.9836565096952908,0.9301939058171745,7.487357648507232,6.143847006651884,-1.3435106418553477,0.4,1687.4687100522951,8.0,0.875,0.875,38.0,23.125,-14.875,0.0,206.1,740,0.6337837837837837,0.8337837837837838,9.072972972972973,7.993243243243243,-1.0797297297297304,0.1445945945945946,83.12202702702703,347.0,0.6512968299711815,0.8760806916426513,8.337175792507205,7.27456647398844,-1.0626093185187653,0.521613832853026,88.50474358974358,8.0,3618.0,0.002211166390270868,1.8493962365913585,-0.3498727259115071,False,0.7186767692548033
292636,Green Living Group INC CA 91762,78686,Green Living Group INC,Soft Home,3648,0.9342105263157895,0.8632127192982456,6.257475173783516,5.82622137807323,-0.431253795710286,0.40350877192982454,1699.9008212060166,,,,,,,,,685,0.8817518248175182,0.8408759124087591,7.716788321167884,7.105109489051095,-0.6116788321167883,0.22189781021897811,87.66510948905109,202.0,0.905940594059406,0.8960396039603961,7.02970297029703,6.1683168316831685,-0.8613861386138613,0.4603960396039604,66.61625694444444,0.0,3648.0,0.0,1.2788881109778654,-0.052458701498271254,False,0.9367926573679268
297318,Eazeemats CA 91752 (4),45285,Eazeemats,APS Upholstery,2725,0.9915596330275229,0.7911926605504587,6.437431192660551,6.322235976374074,-0.11519521628647666,0.3570642201834862,1656.548834362038,,,,,,,,,639,0.9593114241001565,0.8513302034428795,7.369327073552426,6.818466353677621,-0.5508607198748043,0.24569640062597808,89.44757433489828,266.0,0.9548872180451128,0.8571428571428571,7.201850780798149,6.338345864661654,-0.8635049161364954,0.4924812030075188,138.02261072261075,0.0,2725.0,0.0,0.49623037730354724,-0.03224820892736646,False,0.4801204890159676
20530,Million Dollar Baby CA 90660,426,Million Dollar Baby Co,Youth Furniture & Decor,3942,0.9665144596651446,0.878234398782344,6.3810248604769155,5.88096416478433,-0.5000606956925857,0.42744799594114663,1712.4404387718141,,,,,,,,,602,0.9584717607973422,0.8837209302325582,7.060191518467852,6.526578073089701,-0.5336134453781511,0.31727574750830567,81.98471760797342,330.0,0.9303030303030303,0.7757575757575758,8.627272727272727,8.342424242424242,-0.28484848484848513,0.3333333333333333,75.97131336405529,0.0,3942.0,0.0,0.6456139083053714,-0.0080426988678024,False,-1.8158461693345407
293214,CIAO JING INC CA 92879 ,88927,CIAO JING INC,Upholstery,639,0.8435054773082942,0.9264475743348983,8.081377151799687,6.5149136577708004,-1.5664634940288868,0.3333333333333333,1221.4382456140352,,,,,,,,,560,0.7160714285714286,0.8678571428571429,7.975,7.253571428571429,-0.7214285714285706,0.13392857142857142,86.78982142857141,216.0,0.49537037037037035,0.7407407407407407,9.824074074074074,9.436006415396951,-0.388067658677123,0.18981481481481483,206.4227848101266,0.0,639.0,0.0,0.7386577708006286,-0.1274340487368656,False,-2.1824349868255224
117518,Winsome House CA 92881,31822,Winsome House,Decor,3408,0.9272300469483568,0.9046361502347418,5.702611502347418,4.974757851482242,-0.7278536508651756,0.6053403755868545,1287.7191189994635,8.0,1.0,1.0,3.625,2.875,-0.75,1.0,119.6625,535,0.9644859813084112,0.908411214953271,6.261682242990654,5.7682242990654204,-0.49345794392523334,0.4953271028037383,69.36112149532711,335.0,0.9850746268656716,0.9253731343283582,6.062686567164179,5.2155688622754495,-0.8471177048887295,0.6746268656716418,101.98126925898754,8.0,3416.0,0.00234192037470726,0.7934664475831781,0.03725593436005448,False,0.552655436789971
399345,Shenzhen Like Keji Youxiangongsi CA 91730(2),62368,Shenzhen Like Keji Youxiangongsi,APS Bedroom,291,0.6048109965635738,0.7628865979381443,8.096551724137932,7.046569498755777,-1.0499822253821547,0.3745704467353952,917.0795321637426,3.0,1.0,0.6666666666666666,6.0,4.666666666666667,-1.333333333333333,0.6666666666666666,147.96666666666667,534,0.9550561797752809,0.8857677902621723,6.968164794007491,5.865168539325842,-1.1029962546816483,0.5037453183520599,83.10112359550561,611.0,0.9541734860883797,0.8821603927986906,8.777414075286416,7.48668352923672,-1.2907305460496952,0.5450081833060556,128.59423774509804,3.0,294.0,0.01020408163265306,-1.1814009594299346,0.35024518321170706,True,-1.621514989910878
27593,NFusion CA El Monte,3215,"GigaCloud Trading, Inc.",Outdoor Furniture,3100,0.9558064516129032,0.8858064516129033,5.692373884048618,5.157350839658226,-0.5350230443903925,0.6067741935483871,1183.800035142047,,,,,,,,,527,0.8975332068311196,0.9316888045540797,6.516129032258065,5.770398481973435,-0.7457305502846303,0.4990512333965844,71.49620493358634,694.0,0.8861671469740634,0.9106628242074928,6.569164265129683,5.846630610714144,-0.722533654415539,0.6239193083573487,62.02511854317998,0.0,3100.0,0.0,0.6130476423152089,-0.05827324478178364,False,-0.07623212874070973
236498,Oberon Dist,49956,Oberon Distribution,Lighting,2138,0.9340505144995322,0.9256314312441534,8.69853480755209,7.48281717257498,-1.2157176349771097,0.22637979420018708,1876.1746121645388,1.0,0.0,1.0,9.0,8.0,-1.0,0.0,195.9,522,0.7624521072796935,0.8716475095785441,9.149425287356323,8.360153256704981,-0.7892720306513414,0.09770114942528736,78.1323754789272,204.0,0.7450980392156863,0.803921568627451,10.77310924369748,10.22549019607843,-0.5476190476190492,0.20098039215686275,106.40459770114946,1.0,2139.0,0.0004675081813931744,0.8773360841300013,-0.17159840721983877,False,-1.8653369393734494
8833,Lifetime Brands Inc.92376,1175,Lifetime Brands Inc.,Tabletop,3340,0.8658682634730539,0.8577844311377245,6.381337325349301,5.724086279209107,-0.6572510461401935,0.45748502994011975,1590.2585180525584,,,,,,,,,514,0.6945525291828794,0.791828793774319,7.174881106787721,6.77431906614786,-0.4005620406398611,0.28793774319066145,75.70486381322957,262.0,0.6984732824427481,0.7938931297709924,7.633587786259542,7.195402298850575,-0.43818548740896723,0.400763358778626,84.3149791955617,0.0,3340.0,0.0,1.0502327869387527,-0.17131573429017455,False,-0.4210832327027152
60106,Winado CA 91762,58611,WINADO INC,APS Outdoor,4038,0.8761763249133234,0.8528974739970282,5.772783556215948,5.139499801767082,-0.6332837544488665,0.6054977711738484,1143.4048810180082,29.0,0.9655172413793104,0.9310344827586207,4.448275862068965,3.9655172413793105,-0.4827586206896548,0.9655172413793104,150.10689655172416,487,0.7515400410677618,0.8583162217659137,6.3408624229979464,5.689938398357289,-0.6509240246406574,0.5092402464065708,86.21252566735112,503.0,0.7395626242544731,0.8528827037773361,6.6958250497017895,6.105577689243028,-0.5902473604587612,0.6123260437375746,74.8045988420182,29.0,4067.0,0.007130563068600934,0.5504385965902072,-0.12463628384556158,False,-0.41563929088573914
373889, SLM CA3,58041,YISHANG TRADE INC,APS Outdoor,2522,0.9325931800158604,0.8858049167327517,5.153053132434576,4.428308094360315,-0.7247450380742615,0.76050753370341,649.211421326127,,,,,,,,,483,0.9585921325051759,0.9316770186335404,6.022774327122153,5.068322981366459,-0.954451345755694,0.6521739130434783,97.28302277432711,587.0,0.959114139693356,0.8705281090289608,6.754684838160136,5.851788756388414,-0.902896081771722,0.65587734241908,63.917980514401954,0.0,2522.0,0.0,0.6400148870061448,0.025998952489315497,False,-0.7834657750219547
126078,Ideal Ventures - GGI International CA,11859,Ideal Ventures - GGI International,Storage & Org - Frequency,2099,0.9723677941877085,0.894235350166746,6.08480228680324,5.716873212583413,-0.3679290742198269,0.43925678894711767,1713.7301592381182,,,,,,,,,471,0.9808917197452229,0.9087048832271762,7.346072186836518,6.6687898089171975,-0.6772823779193207,0.2823779193205945,81.2403397027601,164.0,0.975609756097561,0.8353658536585366,8.195121951219512,7.780487804878049,-0.4146341463414638,0.3048780487804878,71.97115384615385,0.0,2099.0,0.0,0.9519165963337848,0.008523925557514467,False,-1.111697995960851
275205,Town Country Linen Corporation CA 92376,29622,Town Country Linen Corporation,Tabletop,2119,0.9773478055686645,0.8470976875884851,7.473415132924336,6.643330179754021,-0.8300849531703145,0.2831524303916942,1749.963402195353,15.0,0.8666666666666667,0.8666666666666667,6.266666666666667,5.533333333333333,-0.7333333333333334,0.6,191.0533333333333,467,0.9935760171306209,0.9379014989293362,8.379014989293362,6.730192719486081,-1.6488222698072805,0.278372591006424,84.72291220556747,179.0,0.9832402234636871,0.9608938547486033,8.368715083798882,6.810055865921788,-1.5586592178770946,0.37988826815642457,177.56795774647887,15.0,2134.0,0.007029053420805998,0.08686253973205993,0.016228211561956418,False,-0.07986314643570669
322082,"Hangzhou Mengfeisi Home Furnishings Co., CA 92571 ",313810,"Hangzhou Mengfeisi Home Furnishings Co., Ltd",APS Outdoor,1850,0.9945945945945946,0.9627027027027028,7.353513513513514,5.438340618322709,-1.9151728951908051,0.5621621621621622,1644.7229607334639,8.0,1.0,1.0,7.625,5.375,-2.25,0.625,88.35,443,0.9864559819413092,0.9683972911963883,8.10609480812641,6.457674943566591,-1.6484198645598198,0.27765237020316025,84.213769751693,329.0,0.8297872340425532,0.7963525835866262,11.708206686930092,10.972644376899693,-0.7355623100303994,0.1641337386018237,126.62500000000001,8.0,1858.0,0.004305705059203444,1.0193343252438822,-0.008138612653285415,False,-4.514969433333102
280028, CHINO,88820,"Ningbo Meigao Outdoor Products Co., Ltd.",APS Outdoor,2970,0.9818181818181818,0.9178451178451178,6.881481481481481,6.28342007082634,-0.5980614106551414,0.3835016835016835,1694.011119573496,,,,,,,,,423,0.9858156028368794,0.9385342789598109,7.182033096926714,6.418439716312057,-0.7635933806146573,0.2647754137115839,71.71489361702127,268.0,0.9925373134328358,0.8097014925373134,9.343283582089553,9.106185524582967,-0.23709805750658575,0.291044776119403,53.75925925925926,0.0,2970.0,0.0,0.1350196454857171,0.0039974210186976,False,-2.6877458082709103
70741,Westin Outdoor CA,39357,Westin Outdoor,Outdoor Furniture,664,0.7078313253012049,0.6927710843373494,6.502409638554218,5.828054298642534,-0.674355339911684,0.5015060240963856,1207.5719370556753,,,,,,,,,422,0.3222748815165877,0.3957345971563981,6.791469194312796,7.421800947867299,0.6303317535545023,0.17535545023696683,69.89999999999999,217.0,0.3548387096774194,0.5668202764976958,7.972350230414746,7.869767441860465,-0.10258278855428138,0.31336405529953915,130.12462121212118,0.0,664.0,0.0,1.593746649224765,-0.3855564437846172,False,-0.44796649399316646
70574,Yaheetech CA 91761,46852,Yaheetech,APS AEOF,3650,0.9178082191780822,0.8953424657534247,4.558345205479452,4.129451882351106,-0.4288933231283458,0.7928767123287671,789.7651197512101,1.0,0.0,1.0,8.0,8.0,0.0,0.0,279.9,416,0.8677884615384616,0.8557692307692307,4.788461538461538,4.487980769230769,-0.30048076923076916,0.8269230769230769,80.16442307692309,565.0,0.8654867256637168,0.911504424778761,4.576991150442478,3.95929203539823,-0.6176991150442475,0.8725663716814158,68.31763890182829,1.0,3651.0,0.0002738975623116954,0.3585288868796628,-0.05001975763962063,False,0.528688733832539
158009,Modway Inc. CA 92345,11526,Modway Inc.,Outdoor Furniture,3358,0.8028588445503275,0.7629541393686718,5.734663490172722,5.598029689321405,-0.1366338008513175,0.5300774270399047,1205.3032826686604,1.0,1.0,0.0,4.0,8.0,4.0,0.0,50.3,414,0.6497584541062802,0.678743961352657,6.321256038647343,6.456521739130435,0.1352657004830915,0.35507246376811596,91.8632850241546,253.0,0.6798418972332015,0.782608695652174,6.592885375494071,6.469265367316342,-0.12362000817772945,0.6007905138339921,62.20568047337278,1.0,3359.0,0.00029770765108663293,0.8584920498090298,-0.15310039044404733,False,-0.012743628185907241
288245,Xiamen MDM CA 91761,85432,Xiamen MDM,APS,2793,0.9276763336913713,0.840673111349803,8.06516290726817,7.242758802445709,-0.8224041048224615,0.23379878267096313,1744.662441764214,,,,,,,,,411,0.8369829683698297,0.9099756690997567,8.819951338199514,7.600973236009732,-1.2189781021897819,0.14841849148418493,86.22554744525544,187.0,0.8181818181818182,0.8342245989304813,8.588235294117647,8.356756756756758,-0.2314785373608892,0.37433155080213903,168.32887195121953,0.0,2793.0,0.0,0.35821443356402316,-0.0906933653215416,False,-0.7557835207470252
79383,ColourTree CA,41086,ColourTree,Upholstery,2155,0.7874709976798144,0.9424593967517402,8.962412993039443,7.2089775975536785,-1.7534353954857647,0.27053364269141533,1624.8800968788184,,,,,,,,,410,0.3902439024390244,0.8,8.475609756097562,7.8951219512195125,-0.5804878048780493,0.14878048780487804,93.46317073170732,260.0,0.46153846153846156,0.8807692307692307,9.753846153846155,8.696735696735695,-1.0571104571104595,0.35,82.11748538011696,0.0,2155.0,0.0,0.686144353665834,-0.39722709524079003,False,-0.8016137455161827
123170,Puredown CA 91761,24613,Puredown,APS Mattresses,1830,0.9158469945355191,0.8693989071038252,6.530054644808743,5.88315270188221,-0.646901942926533,0.42295081967213116,1643.789646512021,,,,,,,,,400,0.8075,0.835,7.3625,7.005,-0.35749999999999993,0.22,82.85025,153.0,0.8300653594771242,0.869281045751634,7.810457516339869,7.3202614379084965,-0.4901960784313726,0.4117647058823529,66.12615384615385,0.0,1830.0,0.0,1.1218472981177898,-0.1083469945355191,False,-0.3152614379084966
338215,"Bedshe International Co.,LTD CA 91761",25843,"Bedshe International Co.,LTD",APS,4655,0.9377013963480129,0.8917293233082707,6.759183673469388,5.237290320312386,-1.5218933531570018,0.5718582169709989,1478.2398867526995,56.0,0.9285714285714286,0.9285714285714286,6.125,4.535714285714286,-1.5892857142857144,0.6964285714285714,233.80178571428567,395,0.8936708860759494,0.8227848101265823,7.89620253164557,7.058227848101266,-0.8379746835443038,0.2810126582278481,78.09594936708861,250.0,0.864,0.88,7.548,6.855421686746988,-0.6925783132530121,0.564,85.3957634408602,56.0,4711.0,0.01188707280832095,1.82093752778888,-0.044030510272063506,False,0.2028061613542782
267302,Karat Home Inc (14 Karat) CA 90249,21718,Karat Home Inc (14 Karat),APS Upholstery,4731,0.7685478757133798,0.8695835975480871,6.855279748619386,6.099128393695122,-0.7561513549242642,0.38173747622067217,1656.4085913961367,,,,,,,,,376,0.9388297872340425,0.8670212765957447,7.8138297872340425,7.257978723404255,-0.5558510638297873,0.19946808510638298,78.23351063829789,244.0,0.9385245901639344,0.8934426229508197,6.815573770491803,5.872950819672131,-0.942622950819672,0.5450819672131147,86.41908810797045,0.0,4731.0,0.0,1.158850329709133,0.17028191152066274,False,1.3850279037321238
296291,AMCA,64001,Zhengzhou hanzhouboyang jinchukoumaoyiyouxiangongs,APS Housewares & More,2130,0.9225352112676056,0.863849765258216,7.392018779342723,6.388215357385876,-1.0038034219568468,0.3938967136150235,1453.0446118622297,40.0,0.975,1.0,8.2,4.45,-3.749999999999999,0.8,669.2625,373,0.4718498659517426,0.49865951742627346,7.983914209115282,8.386058981233244,0.4021447721179623,0.15013404825737264,80.79142091152816,209.0,0.46411483253588515,0.5598086124401914,9.186602870813397,9.1256038647343,-0.06099900607909703,0.23444976076555024,101.07356321839082,40.0,2170.0,0.018433179723502304,1.997843623847368,-0.450685345315863,False,-0.7395448835010558
408080,"Hangzhou Chuandiai Cultural Media Co., Ltd. CA 92337",284231,Kaiyon International (Hong Kong) Limited_1,APS Rugs,1616,0.9857673267326733,0.8972772277227723,8.364170792079207,6.460122381248705,-1.9040484108305025,0.3521039603960396,1663.2245946301223,17.0,0.8823529411764706,0.8823529411764706,4.9411764705882355,4.764705882352941,-0.17647058823529438,0.8235294117647058,232.70000000000002,373,0.9705093833780161,0.9195710455764075,11.820375335120643,7.115281501340482,-4.70509383378016,0.22788203753351208,82.46595174262734,187.0,0.9572192513368984,0.93048128342246,12.18716577540107,7.155913978494624,-5.031251796906446,0.42780748663101603,111.34719101123595,17.0,1633.0,0.010410287813839559,0.6551591200917777,-0.015257943354657244,False,-0.04063247715414153
149170,Alphamarts 007-F CA 91789,46710,Alphamarts,APS Outdoor,2800,0.9835714285714285,0.9296428571428571,5.289285714285715,4.5650358669748385,-0.724249847310876,0.6989285714285715,1019.8748552029118,,,,,,,,,362,0.9475138121546961,0.8977900552486188,5.5497237569060776,4.875690607734807,-0.6740331491712706,0.7154696132596685,68.89806629834254,394.0,0.949238578680203,0.9035532994923858,6.5456852791878175,5.558375634517766,-0.9873096446700513,0.6573604060913706,65.56489521100048,0.0,2800.0,0.0,0.31065474075996846,-0.03605761641673244,False,-0.6826850267829592
74080,"Fitueyes,Inc. CA 91744",45223,"Fitueyes,Inc.",APS,2678,0.8775205377147125,0.8536221060492906,4.988299726163803,4.466137467314158,-0.5221622588496455,0.751680358476475,786.0811669976193,,,,,,,,,350,0.8771428571428571,0.6314285714285715,6.257142857142857,6.417142857142857,0.16000000000000014,0.4142857142857143,70.31457142857144,330.0,0.8848484848484847,0.793939393939394,5.245454545454545,4.735562310030395,-0.5098922354241502,0.7242424242424242,77.08617111579439,0.0,2678.0,0.0,1.9510053898286994,-0.0003776805718553877,False,1.6815805471124623
79733,MKAY GROUP CORP,79733,MKAY GROUP CORP,Outdoor Structures,2540,0.9803149606299213,0.9393700787401574,8.042375328083988,6.772215058267961,-1.270160269816027,0.29448818897637796,1675.9018170841746,5.0,0.4,0.6,8.4,7.8,-0.6000000000000005,0.2,506.41999999999996,348,0.9626436781609196,0.9281609195402298,8.85919540229885,7.649425287356322,-1.2097701149425282,0.16379310344827586,92.25459770114942,180.0,0.8944444444444445,0.8944444444444445,9.061111111111112,8.335195530726256,-0.7259155803848554,0.4388888888888889,97.24018893387317,5.0,2545.0,0.0019646365422396855,0.8772102290883605,-0.017671282469001737,False,-0.6857702433699346
127631,Shenzhen Zhichen Trading Co. LTD. CA 91761,59517,Shenzhen Zhichen Trading Co. LTD.,APS K&D,1410,0.9375886524822695,0.8361702127659575,5.353900709219858,4.930851063829787,-0.42304964539007095,0.6333333333333333,1216.3002393225331,,,,,,,,,338,0.8816568047337278,0.878698224852071,6.591715976331361,5.890532544378698,-0.7011834319526633,0.5118343195266272,100.18875739644969,220.0,0.8636363636363636,0.9545454545454546,5.836363636363636,4.822727272727272,-1.0136363636363637,0.6954545454545454,76.29812643020595,0.0,1410.0,0.0,0.9596814805489107,-0.05593184774854176,False,1.0678052716514257
44532,GlideRite Hardware CA,19340,GlideRite Hardware,Hardware,1864,0.9597639484978541,0.8256437768240343,6.0,5.847389396381874,-0.15261060361812628,0.4184549356223176,1766.939089419592,3.0,0.0,0.6666666666666666,6.666666666666667,7.0,0.33333333333333304,0.0,410.76666666666665,337,0.9881305637982196,0.8427299703264095,7.017804154302671,6.712166172106825,-0.30563798219584637,0.28486646884273,84.2925816023739,116.0,0.9482758620689655,0.8362068965517241,6.7155172413793105,6.843478260869565,0.12796101949025473,0.5086206896551724,137.2882352941176,3.0,1867.0,0.0016068559185859668,0.8647767757249509,0.02836661530036555,False,-0.1313120887627406
54805,Enova Corporation CA 91732,39581,Enova Corporation,Decor,1695,0.9339233038348083,0.815929203539823,6.987020648967552,6.417829719011054,-0.5691909299564983,0.335693215339233,1803.4827835120377,3.0,1.0,1.0,7.0,6.0,-1.0,0.0,74.23333333333333,335,0.9044776119402985,0.8746268656716418,8.33731343283582,7.441791044776119,-0.8955223880597014,0.1582089552238806,87.36716417910448,188.0,0.9361702127659575,0.8031914893617021,8.26063829787234,7.702127659574468,-0.5585106382978724,0.30319148936170215,85.1253234989648,3.0,1698.0,0.0017667844522968198,1.0239613257650655,-0.02944569189450974,False,-0.2603366147983488
348867,JAFFE MURPHY HOUSE INC CA 91746 (2),72736,JAFFE MURPHY HOUSE INC,APS Housewares & More,2567,0.9583171016751071,0.8987144526684846,7.0140241527074405,5.983109970950562,-1.030914181756878,0.3938449552006233,1835.0690877578152,23.0,0.782608695652174,0.8695652173913043,6.6521739130434785,5.782608695652174,-0.8695652173913047,0.30434782608695654,223.7,335,0.9940298507462687,0.9671641791044776,8.614925373134328,7.077611940298508,-1.5373134328358207,0.19701492537313434,86.92059701492536,236.0,0.9957627118644068,0.9703389830508474,8.283898305084746,7.033898305084746,-1.25,0.3008474576271186,76.28247549019609,23.0,2590.0,0.00888030888030888,1.0945019693479452,0.03571274907116162,False,0.043713635213761926
105765,Andes Furniture CA 92870,56976,Andes Furniture,Upholstery,2217,0.9557961208840776,0.9418132611637348,7.6246930286172505,6.548037889039242,-1.0766551395780084,0.2733423545331529,1853.8515083222985,,,,,,,,,332,0.9909638554216867,0.9066265060240963,8.569277108433734,7.966867469879518,-0.6024096385542164,0.08433734939759036,77.05722891566265,209.0,0.9904306220095693,0.9234449760765551,8.617224880382775,7.875598086124402,-0.741626794258373,0.28708133971291866,98.91069609507639,0.0,2217.0,0.0,1.418829580840276,0.03516773453760913,False,0.09126938375511617
318241,"AD ASTRA(Xiamen) E-Commerce Co.,LTD CA 92337",275382,"HONGKONG BENJAMIN TRADE CO., LIMITED",APS Youth,2093,0.8313425704730053,0.8160535117056856,6.501194457716196,5.8652733245085065,-0.63592113320769,0.4290492116579073,1607.8763262395112,,,,,,,,,312,0.9967948717948718,0.9455128205128205,7.086538461538462,5.993589743589744,-1.092948717948718,0.391025641025641,77.23429487179487,151.0,0.9933774834437086,0.8807947019867549,8.218543046357615,7.5364238410596025,-0.6821192052980125,0.40397350993377484,61.58909090909093,0.0,2093.0,0.0,0.12831641908123714,0.1654523013218665,False,-1.542834097469859
82470,Ledel Lighting INC CA92841,75706,Ledel Lighting INC,Lighting,1438,0.9986091794158554,0.9283727399165508,6.82336578581363,6.290362772369032,-0.5330030134445982,0.3317107093184979,1923.005087614709,,,,,,,,,307,0.28338762214983715,0.6319218241042345,7.697068403908795,7.915309446254072,0.21824104234527653,0.10749185667752444,96.58925081433223,163.0,0.3128834355828221,0.656441717791411,8.56441717791411,9.0,0.4355828220858893,0.1901840490797546,76.4688524590164,0.0,1438.0,0.0,1.6249466738850398,-0.7152215572660182,False,-1.0846905537459284
30002,Amrapur Overseas Inc. CA,14580,Amrapur Overseas Inc.,Soft Home,1793,0.9866146123814835,0.9102063580591188,6.732849972113776,5.718180128107624,-1.0146698440061517,0.4506413831567206,1768.905113236089,,,,,,,,,303,1.0,0.9273927392739274,7.6996699669967,6.765676567656766,-0.9339933993399336,0.2739273927392739,81.26930693069308,107.0,1.0,0.8878504672897196,8.476635514018692,7.553478712357217,-0.9231568016614755,0.29906542056074764,76.45937500000001,0.0,1793.0,0.0,1.0474964395491417,0.013385387618516487,False,-0.7878021447004508
460941,   USCOI03,251752,LUXHOME (HK) TRADING LIMITED,APS Bedroom,1796,0.893652561247216,0.8769487750556793,6.338595571859033,5.436804008908686,-0.901791562950347,0.5484409799554566,1252.4516312357775,3.0,1.0,1.0,5.0,4.0,-1.0,1.0,222.76666666666665,303,1.0,0.9537953795379538,7.2772277227722775,5.8316831683168315,-1.445544554455446,0.47194719471947194,81.60561056105611,223.0,0.9955156950672646,0.9327354260089686,7.901345291479821,6.614349775784754,-1.2869955156950672,0.5336322869955157,71.01640624999996,3.0,1799.0,0.0016675931072818232,0.3948791594081458,0.10634743875278396,False,-0.782666607467922
272846,Pony Bros-2,50278,"US_INSONG TRADING CO., LIMITED",APS Youth,1777,0.5801913337084975,0.7878446820483962,7.365691239917463,6.97244131455399,-0.3932499253634729,0.3207653348339899,1559.0475565234221,,,,,,,,,303,0.4389438943894389,0.8514851485148515,8.161716171617162,7.481848184818482,-0.6798679867986799,0.1848184818481848,84.72178217821782,239.0,0.4686192468619247,0.9246861924686193,8.96234309623431,7.640167364016736,-1.3221757322175742,0.497907949790795,85.00403824521932,0.0,1777.0,0.0,0.5094068702644918,-0.1412474393190586,False,-0.1583191791982541
151576,Gibson CA,19128,Gibson,Tabletop,1574,0.9504447268106735,0.8761118170266836,5.815756035578145,5.569354495016061,-0.24640154056208452,0.4625158831003812,1701.9646715090414,3.0,0.0,0.6666666666666666,6.666666666666667,7.0,0.33333333333333304,0.3333333333333333,729.0666666666666,298,0.9932885906040269,0.889261744966443,6.919463087248322,6.597315436241611,-0.32214765100671094,0.2550335570469799,81.48255033557045,144.0,0.9166666666666666,0.7986111111111112,6.868055555555555,8.88888888888889,2.020833333333334,0.3680555555555556,242.84927536231882,3.0,1577.0,0.0019023462270133164,1.0279609412255502,0.042843863793353365,False,-2.2915734526472784
182959,Brightech Inc. CA,63240,Brightech Inc.,Lighting,1378,0.9579100145137881,0.9368650217706821,6.563134978229318,5.389787560183561,-1.1733474180457568,0.532656023222061,1692.8859635517676,12.0,0.8333333333333334,1.0,7.75,2.75,-5.0,1.0,486.1833333333334,298,0.8657718120805369,0.8825503355704698,7.3120805369127515,6.379194630872483,-0.9328859060402683,0.33557046979865773,66.53724832214765,123.0,0.8211382113821138,0.9024390243902439,8.260162601626018,7.097560975609756,-1.1626016260162615,0.36585365853658536,73.05813953488371,12.0,1390.0,0.008633093525179856,0.9894070706889222,-0.09213820243325122,False,-0.718366344737273
8176,Rod Desyne,8176,Rod Desyne,Soft Home,1862,0.994092373791622,0.9049409237379162,7.596061582527748,6.464446831364124,-1.1316147511636245,0.3292158968850698,1673.5531542056074,9.0,1.0,1.0,7.0,5.555555555555555,-1.4444444444444446,0.4444444444444444,190.7888888888889,297,0.9326599326599326,0.8451178451178452,8.462837837837839,7.774410774410774,-0.6884270634270644,0.15151515151515152,85.90134680134679,146.0,0.9383561643835616,0.910958904109589,9.253424657534246,8.287671232876713,-0.9657534246575334,0.2808219178082192,89.28690476190476,9.0,1871.0,0.004810261892036344,1.3099639430466503,-0.06143244113168933,False,-0.5132604584659388
111282,Costway CA 92374 [2],38830,Costway,APS Outdoor,2480,0.8733870967741936,0.8528225806451613,5.6375,5.116653209527655,-0.5208467904723451,0.6096774193548387,1159.959547965861,,,,,,,,,287,0.867595818815331,0.8710801393728222,6.351916376306621,5.662020905923345,-0.6898954703832754,0.5226480836236934,75.90418118466897,339.0,0.8082595870206489,0.9026548672566371,6.501474926253687,5.8017751479289945,-0.6996997783246925,0.6342182890855457,106.28143842704381,0.0,2480.0,0.0,0.5453676963956902,-0.005791277958862584,False,-0.13975424200564923
58244,P and P Imports LLC CA92614,8832,P and P Imports LLC,Recreation,2270,0.9387665198237886,0.8687224669603524,6.136723226090789,5.862114537444934,-0.27460868864585475,0.44140969162995597,1732.3893212747103,1.0,1.0,1.0,10.0,7.0,-3.0,0.0,221.6,283,0.9893992932862191,0.8091872791519434,6.908127208480566,6.763250883392226,-0.14487632508833936,0.2579505300353357,83.37067137809188,205.0,0.9804878048780488,0.8390243902439024,8.36951219512195,8.268292682926829,-0.10121951219512226,0.2731707317073171,82.46883116883117,1.0,2271.0,0.00044033465433729633,0.9011363459472923,0.05063277346243056,False,-1.5050417995346024
313259,AM-CA,100553,SHENZHEN NAMUNANI WANGLUO KEJI YOUXIAN GONGSI,APS,1325,0.9335849056603773,0.8845283018867924,8.151802212101495,6.749432248296745,-1.4023699638047509,0.3758490566037736,1505.206040170916,27.0,1.0,0.9259259259259259,5.7407407407407405,4.0,-1.7407407407407405,0.8888888888888888,213.79259259259257,273,0.43956043956043955,0.5641025641025641,8.260073260073261,8.227106227106226,-0.032967032967034626,0.13553113553113552,72.03223443223443,149.0,0.42953020134228187,0.5906040268456376,10.845637583892618,11.12751677852349,0.2818791946308714,0.2080536912751678,123.88015873015873,27.0,1352.0,0.019970414201183433,1.4776739788094817,-0.4940244660999378,False,-2.900410551417263
125473,Tregards LLC CA 91730,81672,Tregards LLC,APS,1069,0.8419083255378859,0.7970065481758652,7.5266604303086995,7.230745244777051,-0.29591518553164864,0.2825070159027128,1698.912411977711,1.0,0.0,0.0,8.0,9.0,1.0,0.0,24.0,273,0.5421245421245421,0.7032967032967034,8.307692307692308,8.351648351648352,0.0439560439560438,0.1282051282051282,78.5025641025641,139.0,0.49640287769784175,0.6762589928057554,8.107913669064748,8.20863309352518,0.10071942446043103,0.2805755395683453,138.29666666666665,1.0,1070.0,0.0009345794392523365,1.1209031068713013,-0.2997837834133438,False,0.14301525812317273
54257,XSL INC CA 92880 Wayfair,50139,XSL TECHNOLOGIES INC,APS Upholstery,1223,0.8953393295175798,0.874897792313982,7.470155355682747,6.573998364677024,-0.8961569910057232,0.321340964840556,1815.9400530002645,22.0,1.0,0.9545454545454546,22.5,7.590909090909091,-14.90909090909091,0.22727272727272727,132.48181818181817,267,0.8352059925093633,0.8539325842696629,7.352059925093633,6.722846441947565,-0.6292134831460681,0.2883895131086142,82.08764044943821,135.0,0.8,0.8814814814814815,8.62962962962963,7.681481481481481,-0.9481481481481486,0.37037037037037035,107.98333333333333,22.0,1245.0,0.017670682730923693,0.14884807727054117,-0.060133337008216436,False,-0.9586350395339158
288246,"Xiamen Yakesi e-commerce.CO., LTD CA 91761 ",96089,KEY CLOISON LIMITED,APS,1293,0.925754060324826,0.8948182521268369,8.490332559938128,7.332216206926183,-1.1581163530119456,0.23588553750966745,1762.7849263247247,,,,,,,,,261,0.89272030651341,0.8888888888888888,8.942528735632184,7.735632183908046,-1.206896551724138,0.12260536398467432,88.60996168582375,88.0,0.8295454545454546,0.8181818181818182,8.897727272727273,8.367816091954023,-0.5299111807732508,0.375,127.75641025641026,0.0,1293.0,0.0,0.40341597698186327,-0.033033753811416044,False,-0.6321839080459766
28772,Linon CA 92408,405,Linon,Casegoods,1484,0.9265498652291105,0.8308625336927223,5.026713515594917,4.434905660377359,-0.5918078552175583,0.7230458221024259,963.5024174153207,,,,,,,,,258,0.7364341085271318,0.7015503875968992,5.3023255813953485,5.27906976744186,-0.023255813953488413,0.6007751937984496,82.43217054263566,224.0,0.6785714285714286,0.7723214285714286,5.517857142857143,5.198198198198198,-0.3196589446589453,0.7767857142857143,89.45444347319348,0.0,1484.0,0.0,0.8441641070645014,-0.19011575670197878,False,0.08087156924366212
21190,Globe Electric Company CA 92410,9534,Globe Electric Company,Lighting,1322,0.829803328290469,0.8343419062027232,7.16036308623298,6.507769328263625,-0.6525937579693553,0.38199697428139184,1680.5131140710464,,,,,,,,,255,0.9647058823529412,0.9254901960784314,7.454901960784314,6.533333333333333,-0.9215686274509807,0.2901960784313726,75.3270588235294,108.0,0.9351851851851852,0.8518518518518519,8.453703703703704,8.175925925925926,-0.27777777777777857,0.3333333333333333,132.21463414634147,0.0,1322.0,0.0,0.02556400506970835,0.1349025540624722,False,-1.6425925925925924
47458,vida XL CA 92374,39327,vidaXL LLC,Outdoor Furniture,1909,0.9696176008381352,0.8947092718700891,6.530958617077004,6.088601008719959,-0.4423576083570451,0.44683080146673654,1672.931615310977,1.0,1.0,1.0,10.0,4.0,-6.0,1.0,119.4,251,1.0,0.9561752988047809,7.446215139442231,6.5936254980079685,-0.8525896414342622,0.26693227091633465,76.09123505976096,176.0,1.0,0.8636363636363636,10.045454545454545,9.302083333333332,-0.7433712121212128,0.2784090909090909,80.41666666666664,1.0,1910.0,0.0005235602094240838,0.5050244892880098,0.030382399161864804,False,-2.7084578353253637
82484,Elrene Home Fashions CA 91748,22255,Threadmade Home LLC,Soft Home,1486,0.8236877523553163,0.8061911170928667,6.393674293405114,6.167063492063493,-0.22661080134162148,0.36002691790040375,1747.309670487106,,,,,,,,,251,0.9083665338645418,0.8207171314741036,7.725099601593626,7.282868525896414,-0.44223107569721165,0.19123505976095617,79.68884462151395,127.0,0.8740157480314961,0.8346456692913385,8.472440944881889,7.984,-0.48844094488188894,0.2992125984251969,81.06086956521739,0.0,1486.0,0.0,1.1158050338329213,0.08467878150922548,False,-0.7011314741035859
320854,Curtis International CA,40691,Curtis International,Appliances,1283,0.2151208106001559,0.8456742010911925,10.409976617303196,9.431587177482408,-0.9783894398207877,0.06936866718628215,1659.0005469840162,,,,,,,,,248,0.04032258064516129,0.8467741935483871,9.923387096774194,9.745967741935484,-0.17741935483870996,0.02016129032258064,77.87943548387095,183.0,0.060109289617486336,0.8743169398907104,10.387978142076502,9.812154696132596,-0.5758234459439056,0.15300546448087435,111.22102471368294,0.0,1283.0,0.0,0.31438056445307616,-0.1747982299549946,False,-0.06618695419711251
101813,"Zhejiang Xingyang Furniture Co.,Ltd. CA 92880",61200,"Zhejiang Xingyang Furniture Co.,Ltd.",APS,1222,0.9869067103109657,0.9108019639934534,7.302746744467373,6.199017199017199,-1.1037295454501743,0.3469721767594108,1773.2903467666351,11.0,1.0,1.0,6.454545454545454,5.636363636363637,-0.8181818181818175,0.36363636363636365,85.99090909090908,243,1.0,0.9423868312757202,8.551440329218106,7.11522633744856,-1.436213991769547,0.18106995884773663,92.8897119341564,95.0,1.0,0.9473684210526315,9.652631578947368,7.88421052631579,-1.7684210526315782,0.42105263157894735,51.85999999999999,11.0,1233.0,0.008921330089213302,0.9162091384313609,0.013093289689034338,False,-0.76898418886723
116262,EFPerfect CA 91766,55886,EFPerfect,APS Home Improvement,1280,0.9734375,0.890625,6.47578125,6.110808724764941,-0.36497252523505885,0.40390625,1742.6011528608028,1.0,1.0,1.0,7.0,6.0,-1.0,0.0,83.4,235,0.9787234042553191,0.8638297872340426,7.361702127659575,6.974468085106383,-0.3872340425531915,0.2425531914893617,87.42340425531913,93.0,0.9354838709677419,0.8172043010752689,7.451612903225806,8.043010752688172,0.591397849462366,0.45161290322580644,270.44374999999997,1.0,1281.0,0.00078064012490242,0.8636593603414422,0.005285904255319163,False,-1.0685426675817888
31503,"Top Knobs, Inc. CA 90065",19191,"Top Knobs, Inc.",Hardware,951,0.9369085173501577,0.7886435331230284,6.674027339642482,5.861522198731501,-0.8125051409109805,0.3722397476340694,2220.4346067757824,,,,,,,,,234,0.9017094017094017,0.811965811965812,6.871794871794871,5.8931623931623935,-0.9786324786324778,0.49145299145299143,88.02051282051282,180.0,0.95,0.7111111111111111,7.405555555555556,6.698324022346369,-0.7072315332091872,0.2833333333333333,87.02321911196911,0.0,951.0,0.0,0.031640194430892166,-0.03519911564075595,False,-0.8051616291839752
270038,Kouboo CA 92879,20420,Kouboo,Storage & Org - Frequency,1404,0.9985754985754985,0.9330484330484331,6.2920227920227925,5.504099398543843,-0.7879233934789491,0.48646723646723644,1719.4399971444498,,,,,,,,,231,0.9913419913419913,0.8658008658008658,7.4978354978354975,6.925685425685426,-0.5721500721500714,0.2597402597402597,74.24372294372294,110.0,0.990909090909091,0.8272727272727273,7.4363636363636365,7.363636363636363,-0.0727272727272732,0.37272727272727274,91.20454545454544,0.0,1404.0,0.0,1.4215860271415828,-0.0072335072335072415,False,-0.4379509379509372
98216,EFCA 92337,64096,"NANJING HENGNING HOME FURNISHING CO., LTD.",APS,1706,0.8821805392731535,0.8634232121922626,4.839296187683284,4.309013171505414,-0.5302830161778704,0.7754982415005862,787.9498521398192,,,,,,,,,229,0.9956331877729258,0.8733624454148472,5.620087336244541,4.978165938864628,-0.6419213973799129,0.6550218340611353,49.15065502183406,289.0,0.9930795847750865,0.948096885813149,5.09342560553633,4.117902510392234,-0.9755230951440961,0.8408304498269895,72.16484126984128,0.0,1706.0,0.0,0.6691527673592148,0.11345264849977221,False,0.8602634284723942
244511,Delta Enterprise CA 92570,676,Delta Enterprise,Youth Furniture & Decor,1634,0.8910648714810282,0.8702570379436965,6.410036719706242,5.905579399141631,-0.5044573205646108,0.41003671970624234,1737.6084018786225,,,,,,,,,227,0.6255506607929515,0.6519823788546255,7.682819383259912,7.60352422907489,-0.0792951541850222,0.22026431718061673,74.85506607929517,86.0,0.7325581395348837,0.7674418604651163,8.94186046511628,8.611764705882353,-0.3300957592339273,0.2558139534883721,100.3202380952381,0.0,1634.0,0.0,1.6979448299332587,-0.2655142106880767,False,-1.0082404768074626
357179,"Dewenwils Network Technology Co., Ltd CA 92335",62262,"Dewenwils Network Technology Co., Ltd",APS Home Improvement,1058,0.8223062381852552,0.779773156899811,6.645557655954631,5.968779564806055,-0.6767780911485763,0.4678638941398866,1270.4150708208049,7.0,1.0,0.8571428571428571,6.428571428571429,5.285714285714286,-1.1428571428571432,0.5714285714285714,92.11428571428573,221,0.8687782805429864,0.7420814479638009,7.665158371040724,7.171945701357466,-0.49321266968325794,0.2398190045248869,69.25158371040725,179.0,0.8715083798882681,0.7206703910614525,5.905027932960894,5.584269662921348,-0.32075827003954593,0.5642458100558657,71.66615107913668,7.0,1065.0,0.006572769953051643,1.2031661365514115,0.04647204235773128,False,1.5876760384361184
112675,Sign Leader Incorporation CA 91766,109826,Sign Leader Incorporation,APS Youth,2122,0.9557021677662583,0.9283694627709708,6.691328934967013,5.721383647798741,-0.9699452871682714,0.4783223374175306,1466.2870109151972,5.0,0.0,0.8,7.6,6.8,-0.7999999999999998,0.2,818.2,220,0.8909090909090909,0.9,7.781818181818182,7.0636363636363635,-0.7181818181818187,0.19545454545454546,80.98272727272726,169.0,0.9526627218934911,0.9230769230769231,8.378698224852071,7.183431952662722,-1.1952662721893494,0.47337278106508873,89.34329896907215,5.0,2127.0,0.0023507287259050304,1.3422527158376223,-0.0647930768571674,False,-0.11979558902635823
82474,Farfarview  CA 91761 E Jurupa,35678,"HONGKONG LICHUAN TECHNOLOGY CO.,LIMITED",APS,1725,0.967536231884058,0.8910144927536232,5.605217391304348,4.901557838912827,-0.703659552391521,0.6423188405797101,1061.1454846625768,,,,,,,,,217,0.9585253456221198,0.9216589861751152,6.414746543778802,5.433179723502304,-0.9815668202764973,0.6036866359447005,68.20276497695852,222.0,0.963963963963964,0.9099099099099099,7.054054054054054,5.7342342342342345,-1.3198198198198199,0.6891891891891891,101.98530482256598,0.0,1725.0,0.0,0.5316218845894776,-0.009010886261938245,False,-0.30105451073193024
23370,Cheungs Rattan CA,5313,Cheungs Rattan,Decor,1271,0.996066089693155,0.9118804091266719,5.794781012326252,5.351223362273086,-0.44355765005316616,0.47128245476003144,1775.3483689614236,1.0,0.0,1.0,4.0,3.0,-1.0,1.0,57.3,217,1.0,0.9170506912442397,6.935483870967742,6.43778801843318,-0.4976958525345623,0.2903225806451613,93.16221198156684,112.0,1.0,0.9285714285714286,6.232142857142857,5.821428571428571,-0.4107142857142856,0.45535714285714285,82.45172413793105,1.0,1272.0,0.0007861635220125787,1.0865646561600935,0.003933910306844979,False,0.6163594470046085
281658,Joseph Joseph CA 92835,7712,Joseph Joseph,Storage & Org - Frequency,1247,0.9799518845228549,0.9414595028067362,8.355113141103867,7.099598393574297,-1.2555147475295705,0.24057738572574178,1757.8278012136986,2.0,1.0,1.0,8.0,6.0,-2.0,0.0,156.2,216,0.8564814814814815,0.9444444444444444,9.185185185185185,7.921296296296297,-1.2638888888888884,0.1111111111111111,77.05462962962963,118.0,0.8728813559322034,0.8728813559322034,9.008474576271187,8.423728813559322,-0.5847457627118651,0.3050847457627119,57.927083333333336,2.0,1249.0,0.0016012810248198558,0.8216979027219997,-0.12347040304137336,False,-0.5024325172630251
248293,Phantoscope CA,40013,Phantoscope,APS,1273,0.9450117831893166,0.8947368421052632,7.063629222309505,6.239426100628931,-0.8242031216805739,0.34642576590730556,1787.7015007874288,,,,,,,,,215,0.9767441860465116,0.8511627906976744,7.967441860465116,7.223255813953489,-0.7441860465116275,0.21395348837209302,89.20465116279068,68.0,1.0,0.9117647058823529,7.029411764705882,6.455882352941177,-0.5735294117647056,0.4852941176470588,55.9525,0.0,1273.0,0.0,0.9838297133245577,0.03173240285719503,False,0.767373461012312
23665,"Cozy Line Home Fashions, Inc.",23665,"Cozy Line Home Fashions, Inc.",Soft Home,1201,0.9533721898417985,0.8709408825978351,6.800166527893422,6.094166666666666,-0.705999861226756,0.39217318900915904,1744.6988062442608,11.0,0.0,0.6363636363636364,6.363636363636363,6.2727272727272725,-0.09090909090909083,0.09090909090909091,519.0818181818181,213,0.8356807511737089,0.8262910798122066,7.211267605633803,6.906103286384977,-0.30516431924882603,0.2300469483568075,78.45258215962443,88.0,0.8522727272727273,0.6704545454545454,10.159090909090908,10.568181818181818,0.40909090909091006,0.17045454545454544,68.68124999999999,11.0,1212.0,0.009075907590759076,0.8119366197183107,-0.11769143866808962,False,-3.6620785317968414
100167,NingBo KaiMeiChen DianZiShangWu You CA 92571,83386,"Ningbo FanKai E-commerce Co., Ltd._1",APS Home Improvement,2056,0.9294747081712063,0.8866731517509727,6.6930933852140075,5.824384121569629,-0.8687092636443783,0.49367704280155644,1492.6375771847202,14.0,1.0,0.7142857142857143,5.785714285714286,5.142857142857143,-0.6428571428571423,0.7142857142857143,286.12857142857143,211,0.933649289099526,0.8767772511848341,7.654028436018957,6.327014218009479,-1.3270142180094782,0.3933649289099526,77.20521327014217,214.0,1.0,0.9532710280373832,10.401869158878505,8.341121495327103,-2.0607476635514015,0.3925233644859813,62.62820512820514,14.0,2070.0,0.00676328502415459,0.5026300964398498,0.004174580928319793,False,-2.014107277317624
38484,BNF Home CA 91761,17539,BNF Home,APS Soft Home,1358,0.8600883652430045,0.7614138438880707,7.183357879234168,6.745025792188652,-0.4383320870455165,0.29823269513991163,1713.2617940331477,,,,,,,,,207,0.014492753623188406,0.7004830917874396,7.207729468599034,7.285024154589372,0.07729468599033851,0.2222222222222222,81.3816425120773,65.0,0.0,0.7846153846153846,7.461538461538462,7.190476190476191,-0.271062271062271,0.4,45.72,0.0,1358.0,0.0,0.5399983624007207,-0.8455956116198161,False,0.09454796411318167
146557,A298 CA01,69162,Kusnug,Mattress,131,0.8549618320610687,0.9389312977099237,6.770992366412214,5.515384615384615,-1.2556077510275987,0.48854961832061067,1574.1598039215685,,,,,,,,,206,0.4320388349514563,0.8592233009708737,7.577669902912621,7.101941747572815,-0.47572815533980606,0.23300970873786409,93.2402912621359,67.0,0.3582089552238806,0.9253731343283582,7.597014925373134,6.776119402985074,-0.8208955223880601,0.43283582089552236,177.51764705882354,0.0,131.0,0.0,1.5865571321882,-0.4229229971096124,False,0.32582234458774106
245572,YITA LLC CA 92374,70265,YITA LLC,APS AEOF,1769,0.7218767665347654,0.8541548897682306,7.340870548332391,6.292255511588468,-1.0486150367439224,0.429055963821368,1308.5189415092145,,,,,,,,,205,0.9170731707317074,0.9463414634146341,6.336585365853659,5.385365853658537,-0.9512195121951219,0.5902439024390244,94.51902439024391,208.0,0.9326923076923077,0.9615384615384616,8.3125,6.379807692307692,-1.9326923076923084,0.5961538461538461,60.92878048780488,0.0,1769.0,0.0,-0.9068896579299315,0.19519640419694195,True,-0.9944418386491547
141329,Homebeez CA 91761,31734,Homebeez (parent),Upholstery,1065,0.9596244131455399,0.9023474178403755,6.645070422535211,6.157894736842105,-0.48717568569310554,0.38215962441314555,1710.6184952978056,,,,,,,,,205,0.8146341463414634,0.9560975609756097,7.434146341463415,6.7560975609756095,-0.6780487804878055,0.24878048780487805,77.48731707317074,106.0,0.8962264150943396,0.8867924528301887,7.745283018867925,7.320754716981132,-0.42452830188679247,0.3867924528301887,59.904545454545456,0.0,1065.0,0.0,0.5982028241335042,-0.14499026680407656,False,-0.5646571560055227
305641,Cozayh LLC CA 91762 ,57235,Cozayh LLC,APS,741,0.9784075573549258,0.8960863697705803,7.663967611336032,6.478093093093093,-1.1858745182429393,0.38191632928475033,1662.6072422258592,1.0,1.0,1.0,4.0,4.0,0.0,1.0,188.3,204,1.0,0.9607843137254902,8.426470588235293,6.887254901960785,-1.5392156862745088,0.23529411764705882,83.98823529411766,127.0,0.984251968503937,0.9448818897637795,8.165354330708661,6.464566929133858,-1.7007874015748028,0.5354330708661418,70.55414078674949,1.0,742.0,0.0013477088948787063,0.40916180886769205,0.021592442645074206,False,0.4226879728269264
32733,TarHong CA 91748,19818,TarHong,Tabletop,857,0.4795799299883314,0.912485414235706,10.418903150525088,8.735006618470624,-1.6838965320544634,0.1073512252042007,1871.4001400560223,,,,,,,,,203,0.27586206896551724,0.7241379310344828,9.96551724137931,9.738916256157635,-0.22660098522167438,0.054187192118226604,79.96748768472905,97.0,0.28865979381443296,0.7525773195876289,10.030927835051546,9.6,-0.43092783505154664,0.1134020618556701,73.36363636363636,0.0,857.0,0.0,1.003909637687011,-0.20371786102281414,False,0.1389162561576356
116460,J.Queen CA 91710,26272,J.Queen,Soft Home,1263,0.9699129057798892,0.8638163103721298,6.496964898390076,5.896825396825397,-0.6001395015646791,0.4069675376088678,1762.962286902287,,,,,,,,,203,0.9261083743842364,0.916256157635468,7.8669950738916254,7.201970443349754,-0.6650246305418719,0.1625615763546798,84.61970443349753,78.0,0.9358974358974359,0.8333333333333334,7.641025641025641,7.551282051282051,-0.08974358974359031,0.46153846153846156,178.9027027027027,0.0,1263.0,0.0,1.3051450465243564,-0.04380453139565277,False,-0.34931160793229754
147943,HYTX美西LA-003仓,108807,YEEYOO INTERNATIONAL LIMITED,APS,1618,0.9159456118665018,0.7799752781211372,5.901730531520395,5.606793903074517,-0.2949366284458783,0.5679851668726823,979.1815291613029,6.0,0.8333333333333334,0.8333333333333334,7.0,5.166666666666667,-1.833333333333333,0.8333333333333334,488.7333333333333,201,0.9303482587064676,0.8706467661691543,6.900497512437811,6.303482587064677,-0.5970149253731343,0.4079601990049751,95.61890547263683,214.0,0.9579439252336449,0.9299065420560748,6.0046728971962615,5.144859813084112,-0.8598130841121492,0.7710280373831776,68.95578412698413,6.0,1624.0,0.003694581280788177,0.6966886839901596,0.014402646839965838,False,1.1586227739805643
147134,Star Home Living Corp. CA 92337,33420,Star Home Living Corp.,Upholstery,735,0.8802721088435375,0.9006802721088435,11.348299319727891,9.271235398679533,-2.0770639210483584,0.08571428571428572,1828.600486223663,6.0,1.0,1.0,10.666666666666666,9.666666666666666,-1.0,0.0,246.86666666666667,193,0.8652849740932642,0.8082901554404145,11.05945945945946,10.378978534418948,-0.680480925040511,0.0,85.56943005181348,80.0,0.7875,0.775,12.675,12.857142857142858,0.18214285714285694,0.1125,345.4464285714285,6.0,741.0,0.008097165991902834,1.1077431357394154,-0.014987134750273245,False,-2.4781643227239094
352873,"Foshan Youfanka Furniture Co., Ltd. CA 91761",322783,"Foshan Youfanka Furniture Co., Ltd.",Upholstery,562,0.9519572953736655,0.8736654804270463,7.704626334519573,6.437722419928826,-1.2669039145907472,0.3185053380782918,1769.0472283813747,5.0,0.8,0.8,5.8,5.2,-0.5999999999999996,0.6,177.44,190,0.9736842105263158,0.9631578947368421,8.605263157894736,7.342105263157895,-1.2631578947368416,0.20526315789473684,90.66736842105263,68.0,1.0,0.9558823529411765,9.529411764705882,7.838235294117647,-1.6911764705882355,0.4852941176470588,54.07647058823529,5.0,567.0,0.008818342151675485,0.9043828432290688,0.02172691515265035,False,-0.49613003095975206
251283,JourneyClassArtLLC CA 91708 ,206225,Journey ClassArt LLC,APS Outdoor,989,0.840242669362993,0.839231547017189,7.285136501516684,6.501012145748988,-0.7841243557676956,0.4529828109201213,1378.3292247507843,7.0,0.7142857142857143,1.0,5.428571428571429,4.0,-1.4285714285714288,1.0,433.34285714285716,190,0.8421052631578947,0.8894736842105263,6.568421052631579,5.88421052631579,-0.6842105263157894,0.4842105263157895,80.09052631578949,170.0,0.7941176470588235,0.7176470588235294,9.311764705882354,8.788235294117648,-0.5235294117647058,0.3941176470588235,68.85637065637063,7.0,996.0,0.007028112449799197,-0.6168016194331987,0.0018625937949017235,True,-2.9040247678018583
62940,HONGYE TECHNOLOGY CA 92879,62080,HONGYE TECHNOLOGY LLC.,APS,195,0.9538461538461539,0.9487179487179487,8.0,6.030769230769231,-1.9692307692307693,0.41025641025641024,1516.607476635514,9.0,1.0,1.0,6.666666666666667,4.888888888888889,-1.7777777777777777,0.5555555555555556,91.22222222222223,188,0.8670212765957447,0.8829787234042553,8.824468085106384,7.531914893617022,-1.292553191489362,0.15425531914893617,94.18031914893618,41.0,0.8536585365853658,0.9024390243902439,9.268292682926829,7.75,-1.5182926829268286,0.24390243902439024,184.73333333333338,9.0,204.0,0.04411764705882353,1.501145662847791,-0.08682487725040922,False,-0.2180851063829783
22213,Benzara CA 90660,9491,Benzara,Casegoods,1264,0.8299050632911392,0.7753164556962026,7.733386075949367,6.861227546794557,-0.8721585291548104,0.36787974683544306,1675.2024519396334,5.0,1.0,1.0,8.0,5.8,-2.2,0.4,59.68000000000001,187,0.679144385026738,0.5882352941176471,8.245989304812834,8.256684491978609,0.010695187165774556,0.13903743315508021,100.624064171123,91.0,0.6593406593406593,0.7032967032967034,9.901098901098901,9.777777777777779,-0.12332112332112288,0.25274725274725274,214.46842105263158,5.0,1269.0,0.003940110323089046,1.3954569451840522,-0.1507606782644012,False,-1.5210932857991697
349604,Kusnug CA 92337,69162,Kusnug,Mattress,346,0.9682080924855492,0.8901734104046243,7.008670520231214,5.727536231884058,-1.2811342883471557,0.45375722543352603,1611.794680851064,16.0,0.9375,0.6875,5.1875,5.375,0.1875,0.4375,95.03750000000001,185,0.9621621621621622,0.8864864864864865,8.724324324324325,7.048648648648649,-1.6756756756756763,0.24864864864864866,83.58216216216215,74.0,1.0,0.972972972972973,8.445945945945946,6.662162162162162,-1.7837837837837833,0.36486486486486486,158.75185185185185,16.0,362.0,0.04419889502762431,1.3211124167645902,-0.006045930323386961,False,0.3864864864864863
23903,Adeco Trading CA 91761,19407,Adeco Trading,Upholstery,987,0.9270516717325228,0.9179331306990881,6.7051671732522795,6.18052738336714,-0.5246397898851392,0.3819655521783181,1593.820010072184,,,,,,,,,185,0.9027027027027027,0.9135135135135135,7.421621621621622,6.767567567567568,-0.654054054054054,0.2864864864864865,75.68702702702701,77.0,0.987012987012987,0.9090909090909091,8.441558441558442,7.753246753246753,-0.6883116883116891,0.3116883116883117,83.9076923076923,0.0,987.0,0.0,0.5870401842004274,-0.02434896902982009,False,-0.9856791856791851
321452,NingBo KaiMeiChen DianZiShangWu YouXianGongSi CA 91761,83386,"Ningbo FanKai E-commerce Co., Ltd._1",APS Home Improvement,2141,0.9168612797758057,0.8654834189631013,6.750064871036381,5.737248831775702,-1.012816039260679,0.557683325548809,1342.8450296336207,4.0,0.25,1.0,5.5,3.75,-1.75,1.0,476.65,183,0.8961748633879781,0.8961748633879781,6.295081967213115,5.759562841530054,-0.5355191256830603,0.5027322404371585,78.77595628415301,223.0,0.874439461883408,0.7802690582959642,7.99103139013453,7.620702541106129,-0.37032884902840024,0.5246636771300448,86.00545454545453,4.0,2145.0,0.0018648018648018648,0.022314009754352604,-0.020686416387827533,False,-1.861139699576075
22430,EnitialLab CA,6851,EnitialLab,Casegoods,1595,0.8921630094043888,0.8658307210031349,6.9050955281656705,6.103221200595745,-0.8018743275699256,0.4050156739811912,1609.1080147551977,3.0,1.0,1.0,24.333333333333332,8.666666666666666,-15.666666666666666,0.0,73.86666666666666,181,0.5248618784530387,0.8342541436464088,7.403314917127072,7.397790055248619,-0.005524861878453358,0.23756906077348067,77.42541436464089,113.0,0.4424778761061947,0.7787610619469026,7.265486725663717,7.088495575221239,-0.17699115044247815,0.48672566371681414,74.61166666666666,3.0,1598.0,0.0018773466833541927,1.2945688546528737,-0.3673011309513501,False,0.30929448002738
216053,Homelux Designs LLC CA 90220,72859,Homelux Designs LLC,APS Home Improvement,1325,0.689811320754717,0.7811320754716982,6.715471698113207,6.420346394232723,-0.29512530388048397,0.37433962264150944,1652.6591266722346,,,,,,,,,180,0.85,0.8111111111111111,6.977777777777778,6.85,-0.1277777777777782,0.2833333333333333,91.16000000000001,126.0,0.8809523809523809,0.7698412698412699,7.365079365079365,7.248677248677248,-0.11640211640211628,0.4047619047619047,109.54328358208956,0.0,1325.0,0.0,0.4296536057672764,0.16018867924528302,False,-0.39867724867724874
96245,Vanten LLC CA 92880,57966,Vanten LLC,APS,1678,0.9612634088200238,0.8742550655542313,7.910494352687439,6.776583034647551,-1.133911318039888,0.2896305125148987,1790.939581176029,14.0,1.0,1.0,7.428571428571429,6.5,-0.9285714285714288,0.14285714285714285,132.79285714285714,180,0.95,0.8944444444444445,8.7,7.516666666666667,-1.1833333333333327,0.2111111111111111,75.96944444444445,63.0,0.9841269841269841,0.9523809523809523,9.222222222222221,7.349206349206349,-1.8730158730158726,0.4603174603174603,60.706250000000004,14.0,1692.0,0.008274231678486997,0.7400836320191155,-0.011263408820023857,False,0.16746031746031775
370575,JIAJING-CA5,251752,LUXHOME (HK) TRADING LIMITED,APS Bedroom,911,0.969264544456641,0.8419319429198683,6.347825003573738,5.644764476447644,-0.7030605271260937,0.4840834248079034,1296.0461226851853,5.0,1.0,1.0,5.8,4.8,-1.0,0.4,42.38,179,0.9832402234636871,0.8603351955307262,7.329608938547486,6.4636871508379885,-0.8659217877094978,0.37988826815642457,68.93240223463685,152.0,0.9013157894736842,0.8552631578947368,7.144736842105263,6.098684210526316,-1.046052631578947,0.5986842105263158,44.38902857142858,5.0,916.0,0.0054585152838427945,0.8189226743903442,0.013975679007046105,False,0.3650029403116726
286944,Tianjin Yuyao Technology Co. CA 92410,286842,LUMINOUS PATHWAY TRADING LIMITED,Wayfair,812,0.9248768472906403,0.8325123152709359,6.976600985221675,6.086735844800361,-0.889865140421314,0.4987684729064039,1248.4873546511626,3.0,1.0,1.0,6.666666666666667,5.666666666666667,-1.0,0.3333333333333333,94.96666666666665,174,0.896551724137931,0.8333333333333334,7.752873563218391,6.867816091954023,-0.8850574712643677,0.3390804597701149,88.09310344827588,100.0,0.92,0.9,9.99,8.27,-1.7200000000000006,0.45,62.571195652173905,3.0,815.0,0.0036809815950920245,0.7810802471536622,-0.028325123152709297,False,-1.4021839080459761
355670,CA-1545,108807,YEEYOO INTERNATIONAL LIMITED,APS Bedroom,1349,0.8939955522609341,0.7501853224610823,5.885103466759851,5.653489235337788,-0.23161423142206328,0.5700518902891031,921.2421843710558,5.0,0.8,0.8,6.4,6.0,-0.40000000000000036,0.6,700.2199999999999,174,0.9597701149425287,0.8390804597701149,6.419540229885057,6.022988505747127,-0.3965517241379306,0.5172413793103449,87.54885057471265,208.0,0.9423076923076923,0.9134615384615384,5.923076923076923,5.033816425120773,-0.8892604979561503,0.7692307692307693,71.0482004429679,5.0,1354.0,0.003692762186115214,0.3694992704093387,0.06577456268159465,False,0.9891720806263535
409504,WuYouDa-CA-06-NBYY,63465,"Ningbo Youyuan Import and Export Co., Ltd.",APS Home Improvement,506,0.7984189723320159,0.841897233201581,5.4940711462450595,5.003968253968254,-0.4901028922768056,0.6976284584980237,690.8378865979381,,,,,,,,,174,0.9425287356321839,0.8850574712643678,6.086206896551724,4.873563218390805,-1.2126436781609193,0.764367816091954,77.28965517241382,213.0,0.9248826291079812,0.8403755868544601,8.39906103286385,6.990610328638498,-1.408450704225352,0.6244131455399061,174.0695512820513,0.0,506.0,0.0,-0.1304050355774491,0.144109763300168,True,-2.117047110247693
32159,Classic Home CA,697,Classic Home,Casegoods,1202,0.8643926788685524,0.8560732113144759,6.598169717138103,5.683666666666666,-0.9145030504714367,0.4683860232945091,1573.8570239469527,6.0,1.0,1.0,35.833333333333336,22.0,-13.833333333333336,0.16666666666666666,125.8,174,0.3160919540229885,0.6954022988505747,8.120689655172415,8.068965517241379,-0.051724137931035585,0.14367816091954022,95.1206896551724,110.0,0.3090909090909091,0.7545454545454545,7.363636363636363,6.990909090909091,-0.37272727272727213,0.38181818181818183,76.53750000000001,6.0,1208.0,0.004966887417218543,2.3852988505747126,-0.5483007248455639,False,1.0780564263322878
225771,Shenzhenshixiangde CA91761(12),67653,"HONG KONG LIUXIN TECHNOLOGY CO., LIMITED",APS,1265,0.9367588932806324,0.850592885375494,5.550197628458498,5.06449198802606,-0.485705640432438,0.6276679841897234,1064.7247667514844,,,,,,,,,173,0.9421965317919075,0.9017341040462428,6.53757225433526,5.682080924855492,-0.8554913294797686,0.5317919075144508,79.68554913294798,148.0,0.9662162162162162,0.9459459459459459,6.905405405405405,5.743243243243243,-1.1621621621621623,0.6486486486486487,108.08747474747474,0.0,1265.0,0.0,0.6175889368294314,0.0054376385112751,False,-0.06116231838775121
44299,Luxier CA 91708,23494,Luxier,Plumbing,1026,0.956140350877193,0.8206627680311891,6.582846003898635,6.158048780487805,-0.42479722341083015,0.347953216374269,1757.637204301075,,,,,,,,,173,1.0,0.8554913294797688,7.578034682080925,7.011560693641618,-0.5664739884393066,0.24855491329479767,92.89017341040463,78.0,1.0,0.9871794871794872,6.6923076923076925,5.589743589743589,-1.102564102564103,0.5512820512820513,72.53030303030305,0.0,1026.0,0.0,0.8535119131538131,0.04385964912280704,False,1.4218171038980287
26103,Jeco Inc. CA 91761,11408,Jeco Inc.,Outdoor Furniture,800,0.33375,0.6975,7.886875,7.80418235048097,-0.08269264951902944,0.18625,1851.5531942297782,1.0,0.0,1.0,5.0,5.0,0.0,1.0,179.8,173,0.630057803468208,0.6184971098265896,7.901734104046243,7.820809248554913,-0.08092485549132977,0.1791907514450867,84.99479768786126,62.0,0.5645161290322581,0.6451612903225806,8.306451612903226,7.852459016393443,-0.4539925965097833,0.25806451612903225,78.67142857142859,1.0,801.0,0.0012484394506866417,0.016626898073942797,0.29630780346820806,False,-0.03164976783852946
66308,Abble Inc. CA 91730 (3),37693,Abble Inc.,Outdoor Furniture,916,0.9934497816593887,0.9137554585152838,8.185589519650655,6.353005464480875,-1.8325840551697805,0.38973799126637554,1727.6134160014467,12.0,1.0,1.0,6.583333333333333,5.5,-1.083333333333333,0.4166666666666667,84.49166666666666,172,0.9883720930232558,0.8023255813953488,8.25,7.1395348837209305,-1.1104651162790695,0.26744186046511625,79.04418604651164,79.0,1.0,0.8227848101265823,9.784810126582279,8.620253164556962,-1.1645569620253173,0.35443037974683544,87.28505747126434,12.0,928.0,0.01293103448275862,0.7865294192400558,-0.005077688636132893,False,-1.4807182808360313
406808,Yii Lighting CA  92324,61379,Eternadecor INC_1,APS Home Improvement,1043,0.9568552253116012,0.8178331735378715,6.508149568552253,6.221476510067114,-0.2866730584851389,0.35186960690316393,1681.2775099999997,,,,,,,,,169,0.9940828402366864,0.9467455621301775,7.603550295857988,6.78698224852071,-0.8165680473372783,0.23076923076923078,80.6094674556213,103.0,1.0,0.912621359223301,7.699029126213592,6.805825242718447,-0.8932038834951452,0.4174757281553398,73.66888888888889,0.0,1043.0,0.0,0.565505738453596,0.037227614925085195,False,-0.01884299419773683
320582,SmartStandard CA 92337,49538,NORTH ELM ARTISAN LLC_1,APS Home Improvement,1419,0.9245947850599013,0.9083861874559549,5.273431994362227,4.6074961501318095,-0.6659358442304173,0.704721634954193,974.3677431105634,28.0,0.9642857142857143,0.9285714285714286,4.892857142857143,4.178571428571429,-0.7142857142857144,0.9285714285714286,153.70714285714286,168,0.9166666666666666,0.8869047619047619,6.9226190476190474,6.142857142857143,-0.7797619047619042,0.43452380952380953,75.54702380952381,166.0,0.9397590361445783,0.9036144578313253,6.602409638554217,5.360240963855421,-1.2421686746987959,0.6445783132530121,104.14173669467786,28.0,1447.0,0.019350380096751902,1.5353609927253338,-0.007928118393234707,False,0.7826161790017219
57236,Seville Classics Inc CA 90501,11302,Seville Classics Inc,Storage & Org,1034,0.9593810444874274,0.8878143133462283,5.74468085106383,5.477756286266924,-0.26692456479690563,0.4758220502901354,1721.1026988031779,,,,,,,,,168,0.9880952380952381,0.8809523809523809,6.803571428571429,6.708333333333333,-0.09523809523809579,0.2619047619047619,88.42261904761904,109.0,1.0,0.8990825688073395,6.825688073394495,6.431192660550459,-0.39449541284403633,0.46788990825688076,70.03835777126099,0.0,1034.0,0.0,1.2305770470664088,0.02871419360781069,False,0.277140672782874
50419,Permasteel CA,20867,Permasteel,Fireplaces & Grills,668,0.9640718562874252,0.9011976047904192,6.550898203592815,5.9446107784431135,-0.6062874251497012,0.38173652694610777,1733.09268,4.0,0.5,1.0,7.0,6.0,-1.0,0.0,1035.95,168,0.625,0.6011904761904762,7.488095238095238,7.601190476190476,0.11309523809523814,0.18452380952380953,77.88869047619048,91.0,0.6483516483516484,0.7582417582417582,6.978021978021978,7.021978021978022,0.0439560439560438,0.4065934065934066,66.3625,4.0,672.0,0.005952380952380952,1.6565796977473628,-0.3390718562874252,False,0.5792124542124544
336760,Edgemod CA 92374,23758,Edgemod,Upholstery,893,0.9372900335946248,0.8812989921612542,6.322508398656215,5.802015677491601,-0.5204927211646133,0.4412094064949608,1649.0388432364098,,,,,,,,,167,0.9940119760479041,0.9580838323353293,7.407185628742515,6.197604790419161,-1.2095808383233537,0.38922155688622756,70.0874251497006,84.0,0.9761904761904762,0.9523809523809523,7.488095238095238,6.142857142857143,-1.345238095238095,0.5,263.44444444444446,0.0,893.0,0.0,0.39558911292755994,0.05672194245327933,False,0.05474764756201811
325747,"YUANJING ELECTRONIC TECHNOLOGY CO.,CA 91761 (5)",56998,"YUANJING ELECTRONIC TECHNOLOGY CO.,LIMITED",APS,575,0.9026086956521739,0.8226086956521739,5.7421602787456445,5.248695652173913,-0.49346462657173173,0.6104347826086957,955.0786821705426,,,,,,,,,166,0.9337349397590361,0.9096385542168675,6.4397590361445785,5.536144578313253,-0.9036144578313259,0.5240963855421686,100.45481927710843,131.0,0.8854961832061069,0.9083969465648855,6.213740458015267,5.369230769230769,-0.8445096887844983,0.7099236641221374,65.39956597222222,0.0,575.0,0.0,0.2874489261393398,0.031126244106862155,False,0.16691380908248377
231495,Chenxin Optoelectronic Co CA 91761,43881,"Chenxin Optoelectronic Co., Limited",APS Outdoor,1522,0.8646517739816032,0.8199737187910644,5.107752956636006,4.66624373433584,-0.44150922230016576,0.7036793692509855,822.5589726027398,1.0,0.0,1.0,8.0,5.0,-3.0,1.0,687.9,166,0.8614457831325302,0.8614457831325302,5.819277108433735,5.156626506024097,-0.6626506024096388,0.6265060240963856,100.65602409638555,255.0,0.8901960784313725,0.9058823529411765,6.36078431372549,5.419607843137255,-0.9411764705882346,0.7176470588235294,70.81862099253404,1.0,1523.0,0.0006565988181221273,0.4903827716882567,-0.003205990849073026,False,-0.26298133711315863
285933,"Shenzhen Laiwo Trading Co., Ltd. CA 92410",65593,"Shenzhen Laiwo Trading Co., Ltd.",APS,1025,0.8429268292682927,0.7765853658536586,6.002926829268293,5.657534246575342,-0.34539258269295026,0.5297560975609756,1246.2104415490412,2.0,0.0,1.0,3.5,3.5,0.0,1.0,79.75,165,0.6787878787878788,0.806060606060606,6.078787878787879,5.763636363636364,-0.3151515151515154,0.5575757575757576,80.3230303030303,203.0,0.7192118226600985,0.8866995073891626,6.477832512315271,5.536945812807882,-0.9408866995073897,0.6995073891625616,70.63273809523811,2.0,1027.0,0.0019474196689386564,0.10610211706102124,-0.16413895048041383,False,0.226690550828482
30330,Aspen Creative Corporation,30330,Aspen Creative Corporation,Lighting,1311,0.9916094584286804,0.8779557589626239,6.54462242562929,6.025281148400164,-0.5193412772291266,0.40503432494279173,1700.0452193471958,1.0,0.0,0.0,7.0,8.0,1.0,0.0,673.8,164,0.9939024390243902,0.8048780487804879,7.182926829268292,6.7560975609756095,-0.42682926829268286,0.3048780487804878,74.3810975609756,61.0,0.9836065573770492,0.7540983606557377,8.40983606557377,8.737704918032787,0.32786885245901587,0.22950819672131148,110.91333333333334,1.0,1312.0,0.0007621951219512195,0.7308164125754457,0.002292980595709815,False,-1.981607357057177
413783,"Sorara Outdoor Living USA, Inc. CA 91746",49963,"Sorara Outdoor Living USA, Inc.",Outdoor Structures,2457,0.8587708587708588,0.8441188441188441,5.950016057255586,5.718948593060961,-0.23106746419462443,0.4961334961334961,1342.8195648535277,1.0,1.0,1.0,8.0,7.0,-1.0,0.0,99.8,164,0.10365853658536585,0.6158536585365854,7.512195121951219,7.884146341463414,0.37195121951219523,0.12195121951219512,78.34268292682927,158.0,0.0759493670886076,0.5632911392405063,7.227848101265823,7.569620253164557,0.3417721518987342,0.39873417721518983,95.62744680851064,1.0,2458.0,0.0004068348250610252,2.165197748402453,-0.755112322185493,False,0.314526088298857
357438,"Baoding Kaiman Wool Textile Manufacture Co., Ltd. CA 92346",207537,"Baoding Kaiman Wool Textile Manufacture Co., Ltd.",APS Rugs,510,0.9627450980392157,0.8470588235294118,7.076470588235294,6.122462344466273,-0.9540082437690209,0.42549019607843136,1354.8892461530068,3.0,1.0,0.6666666666666666,7.0,6.333333333333333,-0.666666666666667,0.3333333333333333,192.46666666666667,164,0.9573170731707317,0.7621951219512195,7.554878048780488,6.859756097560975,-0.6951219512195124,0.2865853658536585,104.82987804878046,102.0,0.9509803921568627,0.8627450980392157,8.245098039215685,7.128712871287129,-1.1163851679285566,0.46078431372549017,57.45220125786164,3.0,513.0,0.005847953216374269,0.7372937530947024,-0.005428024868484038,False,-0.26895677372615356
269131,Suprecozy INC CA 91748 Wayfair,67643,Suprecozy INC,APS Outdoor,853,0.9202813599062134,0.8944900351699883,7.1934349355216884,6.465962441314554,-0.7274724942071344,0.3552168815943728,1855.1403392330383,4.0,1.0,0.75,3.75,4.25,0.5,0.75,299.29999999999995,159,0.9056603773584906,0.9371069182389937,8.616352201257861,6.8427672955974845,-1.7735849056603765,0.2893081761006289,79.08993710691824,104.0,0.8653846153846154,0.9230769230769231,11.423076923076923,9.589464882943144,-1.8336120401337794,0.14423076923076922,96.67368421052633,4.0,857.0,0.004667444574095682,0.37680485428293053,-0.014620982547722816,False,-2.7466975873456594
77923,Wayfair Embellish chang LLC CA 92880,70498,Embellish chang LLC,APS Outdoor,711,0.9409282700421941,0.8663853727144867,7.87360525082044,6.90351617440225,-0.9700890764181906,0.29535864978902954,1685.7580198487713,9.0,1.0,1.0,5.555555555555555,4.777777777777778,-0.7777777777777777,0.6666666666666666,137.38888888888889,159,0.8805031446540881,0.8553459119496856,8.251572327044025,7.220125786163522,-1.031446540880503,0.20125786163522014,84.99496855345912,85.0,0.9058823529411765,0.8823529411764706,11.31764705882353,9.6,-1.7176470588235304,0.23529411764705882,124.55999999999999,9.0,720.0,0.0125,0.31660961176127245,-0.06042512538810607,False,-2.3798742138364775
248927,CA.,248914,SHENZHENSHIMINGXIAOSHANGMAOYOUXIANGONGSI,APS Bedroom,943,0.8377518557794273,0.8600212089077413,6.538706256627783,5.516234913901934,-1.022471342725849,0.5800636267232238,769.4508196721312,,,,,,,,,159,0.9685534591194969,0.9559748427672956,6.327044025157233,5.339622641509434,-0.9874213836477983,0.5974842767295597,78.43081761006289,147.0,0.9591836734693877,0.9115646258503401,7.170068027210885,6.098801425332038,-1.0712666018788468,0.564625850340136,174.9597647058824,0.0,943.0,0.0,-0.1766122723925001,0.13080160334006952,True,-0.7591787838226036
327977,SHEN JUN TRADING LIMITED CA 91710,327975,SHEN JUN TRADING LIMITED,APS,790,0.9291139240506329,0.8936708860759494,5.458227848101266,4.57994923857868,-0.8782786095225852,0.7329113924050633,1061.9854521625164,,,,,,,,,156,0.75,0.7243589743589743,6.0256410256410255,5.910256410256411,-0.11538461538461497,0.4935897435897436,85.80384615384617,92.0,0.8043478260869565,0.8586956521739131,4.5,4.260869565217392,-0.23913043478260843,0.8478260869565217,81.43604651162791,0.0,790.0,0.0,1.3303071716777302,-0.17911392405063287,False,1.649386845039019
272144,PRS Enterprises LLC CA 92821,214064,PRS Enterprises LLC,APS SEA,175,1.0,0.9142857142857143,6.057142857142857,5.428571428571429,-0.6285714285714281,0.5371428571428571,1586.0975925925927,,,,,,,,,156,1.0,0.9038461538461539,7.352564102564102,6.884615384615385,-0.4679487179487172,0.23076923076923078,85.04935897435895,132.0,0.9772727272727273,0.8560606060606061,7.303030303030303,7.0227272727272725,-0.2803030303030303,0.36363636363636365,78.61662584200857,0.0,175.0,0.0,1.4560439560439562,0.0,False,-0.13811188811188746
351131,"Shenzhen Laiwo Trading Co., Ltd. CA 91761 (2)",65593,"Shenzhen Laiwo Trading Co., Ltd.",APS K&D,1483,0.9487525286581254,0.8806473364801078,6.410256410256411,5.225806451612903,-1.1844499586435075,0.5967633175994606,1020.7105757351125,4.0,1.0,1.0,5.0,4.0,-1.0,0.75,28.625,154,1.0,0.9675324675324676,7.376623376623376,5.87012987012987,-1.5064935064935066,0.45454545454545453,68.77402597402599,195.0,1.0,0.958974358974359,7.1692307692307695,5.3076923076923075,-1.861538461538462,0.7128205128205128,58.6022142857143,4.0,1487.0,0.0026899798251513113,0.6443234185169668,0.05124747134187457,False,0.5624375624375624
280957,"CHITA (HK) IMPORT & EXPORT CO., LIMITED CA 91762 ",68916,SPRINGDIAL (HK) E-COMMERCE LIMITED,APS,1397,0.9098067287043665,0.8382247673586256,5.357193987115247,5.045356653396854,-0.31183733371839306,0.6241947029348605,1270.4112660887838,9.0,1.0,1.0,4.222222222222222,3.5555555555555554,-0.666666666666667,1.0,192.11111111111111,154,0.8246753246753247,0.8831168831168831,6.590909090909091,5.642857142857143,-0.9480519480519476,0.551948051948052,78.87922077922079,158.0,0.7531645569620253,0.9050632911392406,5.658227848101266,4.727070063694267,-0.9311577844069987,0.6708860759493671,63.27967289719626,9.0,1406.0,0.006401137980085348,0.5975004894602893,-0.08513140402904185,False,0.9157870791628762
336483,"NINGBO JOYS IMP. EXP. CO.,LTD CA 92374",61691,Gymax LLC,APS Outdoor,994,0.8551307847082495,0.8410462776659959,5.9044265593561365,5.416554884864744,-0.4878716744913927,0.53420523138833,1331.361552943776,,,,,,,,,152,0.8486842105263158,0.9013157894736842,6.967105263157895,6.078947368421052,-0.8881578947368425,0.375,88.81315789473683,159.0,0.8616352201257862,0.8679245283018868,7.056603773584905,5.987421383647798,-1.0691823899371071,0.5345911949685535,116.8788888888889,0.0,994.0,0.0,0.6623924835563084,-0.0064465741819337286,False,0.09152598477325391
60505,"Shenzhen Qaya Commerce Co., LTD CA 92337",58415,HENGJIAN HOME FURNISHING (HONG KONG) LIMITED_1,APS,1327,0.80180859080633,0.841748304446119,4.671213262999246,4.297456931911403,-0.37375633108784356,0.7694046721929163,672.2344175136826,,,,,,,,,152,1.0,0.868421052631579,5.427631578947368,4.690789473684211,-0.7368421052631575,0.7894736842105263,55.6157894736842,281.0,1.0,0.9608540925266904,5.950177935943061,4.410533807829182,-1.5396441281138786,0.8505338078291815,64.54099290780142,0.0,1327.0,0.0,0.39333254177280796,0.19819140919366995,False,0.28025566585502837
410092,NW Investment Inc CA 91766,64824,NW Investment Inc,APS Decor,1674,0.97610513739546,0.8661887694145759,5.507724632307503,4.5973905055525845,-0.9103341267549183,0.7688172043010753,480.847146401985,,,,,,,,,149,0.9395973154362416,0.8859060402684564,5.577181208053691,4.953020134228188,-0.624161073825503,0.6711409395973155,82.58053691275168,281.0,0.9893238434163701,0.9039145907473309,6.697508896797153,5.594568452380952,-1.102940444416201,0.6476868327402135,78.47283220720722,0.0,1674.0,0.0,0.35562962867560355,-0.03650782195921842,False,-0.6415483181527639
38581,Cordelia Lighting Inc. CA 90221,3638,Cordelia Lighting Inc.,Lighting,549,0.9981785063752276,0.9326047358834244,6.6775956284153,5.919854280510018,-0.7577413479052826,0.41712204007285975,1726.2464475859786,,,,,,,,,149,0.785234899328859,0.8926174496644296,7.489932885906041,7.268456375838926,-0.22147651006711477,0.18791946308724833,93.08859060402686,74.0,0.7162162162162162,0.8243243243243243,8.14864864864865,8.256756756756756,0.108108108108107,0.28378378378378377,88.0391304347826,0.0,549.0,0.0,1.348602095328908,-0.2129436070463686,False,-0.9883003809178303
264753,OaDeerHome CA 91761,41771,OaDeerHome,Upholstery,218,0.8256880733944955,0.9220183486238532,10.807339449541285,8.160798122065728,-2.646541327475557,0.1743119266055046,1710.4246478873238,2.0,1.0,1.0,11.0,6.0,-5.0,0.0,167.1,148,0.75,0.9864864864864865,10.364864864864865,8.18918918918919,-2.1756756756756754,0.0945945945945946,76.88175675675677,66.0,0.6818181818181818,0.9696969696969697,11.712121212121213,9.363636363636363,-2.3484848484848495,0.18181818181818182,109.17272727272729,2.0,220.0,0.00909090909090909,0.02839106712346151,-0.07568807339449546,False,-1.1744471744471738
112453,terby inc CA 91708,111941,terby inc,Lighting,454,0.8303964757709251,0.920704845814978,8.85022026431718,7.306487695749441,-1.543732568567739,0.2444933920704846,1806.728020565553,1.0,0.0,1.0,11.0,10.0,-1.0,0.0,418.6,144,0.7222222222222222,0.9097222222222222,9.57638888888889,8.680555555555555,-0.8958333333333339,0.034722222222222224,86.05902777777779,58.0,0.6551724137931034,0.8448275862068966,9.53448275862069,8.732142857142858,-0.8023399014778327,0.29310344827586204,173.95199999999997,1.0,455.0,0.002197802197802198,1.3740678598061145,-0.10817425354870291,False,-0.05158730158730229
313006,"Hangzhou Skytech Outdoor Co., LTD CA 92880",238144,"Hangzhou Skytech Outdoor Co., LTD",APS,783,0.9246487867177522,0.9655172413793104,6.189016602809707,4.652618135376756,-1.5363984674329503,0.7381864623243933,816.8831831831831,7.0,1.0,1.0,6.428571428571429,3.5714285714285716,-2.857142857142857,1.0,233.5,143,1.0,1.0,6.545454545454546,5.006993006993007,-1.5384615384615392,0.6993006993006993,102.75734265734266,196.0,0.9897959183673469,0.9846938775510204,7.326530612244898,5.184615384615385,-2.1419152276295135,0.7397959183673469,108.06105846774194,7.0,790.0,0.008860759493670886,0.35437487161625025,0.07535121328224781,False,-0.1776223776223782
238723,Sangzhi CA 92410,213974,Sangzhi,Casegoods,541,0.977818853974122,0.8743068391866913,6.175600739371534,5.247689463955638,-0.9279112754158962,0.6284658040665434,1098.4062324649299,2.0,1.0,0.5,2.0,4.0,2.0,0.5,82.7,142,0.8661971830985915,0.795774647887324,6.098591549295775,5.647887323943662,-0.45070422535211296,0.5985915492957746,84.94929577464788,104.0,0.8461538461538461,0.875,7.884615384615385,6.423076923076923,-1.4615384615384617,0.625,66.5845588235294,2.0,543.0,0.003683241252302026,0.40019785998802426,-0.11162167087553054,False,-0.7751895991332614
236471,Cozayh LLC CA 91752(5),57235,Cozayh LLC,APS,985,0.9390862944162437,0.86497461928934,7.70761421319797,6.8983739837398375,-0.8092402294581325,0.3065989847715736,1729.6962941847205,,,,,,,,,140,1.0,0.9357142857142857,8.2,7.0,-1.1999999999999993,0.2,75.43928571428572,98.0,0.9897959183673469,0.9591836734693877,8.479591836734693,7.298969072164948,-1.180622764569745,0.3469387755102041,68.18333333333332,0.0,985.0,0.0,0.10162601626016254,0.060913705583756306,False,-0.2989690721649483
238404,HomArt CA,10505,HomArt,Decor,853,0.9929660023446659,0.8991793669402111,6.116060961313013,5.775821596244131,-0.3402393650688822,0.44431418522860494,1599.7849404965334,,,,,,,,,140,1.0,0.8428571428571429,7.728571428571429,7.478571428571429,-0.25,0.19285714285714287,85.67428571428574,75.0,0.9333333333333333,0.8266666666666667,6.946666666666666,10.066666666666666,3.12,0.36,235.08809523809526,0.0,853.0,0.0,1.7027498323272976,0.007033997655334079,False,-2.588095238095238
143818,JoJospring CA,25925,JoJospring,Lighting,702,0.9387464387464387,0.8732193732193733,7.43019943019943,6.7250712250712255,-0.7051282051282044,0.2962962962962963,1882.587311827957,,,,,,,,,139,0.9856115107913669,0.9136690647482014,7.9352517985611515,7.071942446043166,-0.8633093525179856,0.17266187050359713,79.5863309352518,67.0,1.0,0.9253731343283582,10.567164179104477,9.373134328358208,-1.1940298507462686,0.2537313432835821,47.135294117647064,0.0,702.0,0.0,0.34687122097194045,0.04686507204492818,False,-2.3011918823150426
100349,Shenzhenshi hongyanzhiji keji CA 91761(6),67652,HK DANSHUO TRADING LIMITED,APS,998,0.9268537074148296,0.875751503006012,4.923847695390782,4.44332998996991,-0.4805177054208718,0.7234468937875751,890.1113227513227,1.0,1.0,1.0,6.0,3.0,-3.0,1.0,27.0,139,0.9424460431654677,0.920863309352518,6.151079136690647,5.35251798561151,-0.798561151079137,0.5899280575539568,75.93093525179857,162.0,0.9814814814814815,0.8827160493827161,6.919753086419753,5.808641975308642,-1.1111111111111116,0.6604938271604939,73.53076843198339,1.0,999.0,0.001001001001001001,0.9091879956416005,0.015592335750638009,False,-0.4561239896971312
255050,JOYIN US CORP. CA 91730,49117,JOYIN US CORP.,APS Decor,536,0.9850746268656716,0.8936567164179104,7.406716417910448,5.683146766169154,-1.7235696517412942,0.4925373134328358,1595.9615489130438,6.0,0.8333333333333334,0.8333333333333334,7.666666666666667,3.4,-4.2666666666666675,0.8333333333333334,517.25,139,0.9928057553956835,0.9928057553956835,8.20863309352518,4.899280575539568,-3.3093525179856114,0.6330935251798561,89.4841726618705,66.0,0.9393939393939394,0.8787878787878788,9.803030303030303,7.03125,-2.7717803030303028,0.4393939393939394,55.372727272727275,6.0,542.0,0.01107011070110701,-0.7838661906295856,0.007731128530011899,True,-2.131969424460432
23670,Kinfine USA Inc CA,9429,Kinfine USA Inc,Casegoods,1019,0.9901864573110893,0.9254170755642787,5.794896957801766,5.054080629301868,-0.7408163284998981,0.6437684003925417,1138.7858117159908,,,,,,,,,138,0.4927536231884058,0.6086956521739131,6.442028985507246,6.673913043478261,0.23188405797101463,0.3333333333333333,85.8159420289855,88.0,0.45454545454545453,0.6931818181818182,7.6022727272727275,7.886363636363637,0.28409090909090917,0.5227272727272727,57.32058823529412,0.0,1019.0,0.0,1.6198324141763925,-0.4974328341226835,False,-1.212450592885376
200279, WYD-CAJW04,199602,NINGBO RUISEN DIANZIKEJI YOUXIANGONGSI,APS Bedroom,1322,0.913767019667171,0.886535552193646,5.778112320739356,5.059379727685325,-0.7187325930540309,0.632375189107413,1131.392204757859,,,,,,,,,138,0.717391304347826,0.782608695652174,6.188405797101449,5.753623188405797,-0.43478260869565233,0.5144927536231884,63.75434782608695,177.0,0.5819209039548022,0.8700564971751412,5.610169491525424,5.022598870056497,-0.5875706214689265,0.7570621468926554,69.12824427480916,0.0,1322.0,0.0,0.6942434607204717,-0.19637571531934495,False,0.7310243183492995
479684,Xingchen-CA03,82169,"DALI FORTUNE TRADE CO.,LIMITED",APS Rugs,404,0.9777227722772277,0.9133663366336634,7.5334987593052105,6.188531353135314,-1.3449674061698964,0.4207920792079208,1533.9611111111112,,,,,,,,,137,0.5985401459854015,0.6496350364963503,8.678832116788321,8.620437956204379,-0.05839416058394242,0.10948905109489052,77.03576642335766,109.0,0.5321100917431193,0.6513761467889908,9.660550458715596,9.261682242990654,-0.39886821572494213,0.22935779816513763,95.77368421052633,0.0,404.0,0.0,2.4319066030690646,-0.3791826262918262,False,-0.6412442867862751
324533,SAILI ELECTRONIC TECHNOLOGY CO LIMITED CA 91761(3),249592,"SAILI ELECTRONIC TECHNOLOGY CO., LIMITED",APS,709,0.9915373765867419,0.8829337094499294,5.234132581100141,4.555084745762712,-0.6790478353374292,0.7433004231311706,795.3362951807229,,,,,,,,,135,1.0,0.9481481481481482,6.859259259259259,5.962962962962963,-0.8962962962962964,0.4740740740740741,94.39925925925927,154.0,0.987012987012987,0.9675324675324676,6.2727272727272725,4.935064935064935,-1.337662337662337,0.7142857142857143,55.255743145743146,0.0,709.0,0.0,1.4078782172002509,0.008462623413258097,False,1.0278980278980274
347235,DC Big Shop CA 91761(2),46811,DC Big Shop,Upholstery,548,0.968978102189781,0.8941605839416058,8.076642335766424,6.762252346193952,-1.3143899895724722,0.3083941605839416,1821.7245652173915,2.0,1.0,1.0,8.0,6.5,-1.5,0.0,122.95,135,0.9481481481481482,0.8888888888888888,8.274074074074074,6.933333333333334,-1.3407407407407401,0.26666666666666666,66.67259259259261,51.0,0.9215686274509803,0.9607843137254902,8.568627450980392,6.980392156862745,-1.5882352941176467,0.47058823529411764,45.07272727272728,2.0,550.0,0.0036363636363636364,0.1710809871393817,-0.020829954041632792,False,-0.0470588235294116
101609,source max inc CA 91761,64786,source max inc,APS,694,0.9769452449567724,0.8688760806916427,7.550432276657061,6.367965367965368,-1.1824669086916924,0.39481268011527376,1517.747403685092,2.0,1.0,1.0,8.0,7.0,-1.0,0.0,720.6,132,0.946969696969697,0.9545454545454546,8.06060606060606,6.613636363636363,-1.4469696969696972,0.3409090909090909,75.22954545454544,75.0,0.9466666666666667,0.9733333333333334,8.2,6.8,-1.3999999999999995,0.5333333333333333,63.87222222222222,2.0,696.0,0.0028735632183908046,0.24567099567099504,-0.029975547987075357,False,-0.1863636363636365
172965,BLUEBELL INTERNATIONAL INC. CA 91761,64179,BLUEBELL INTERNATIONAL INC.,APS,817,0.9351285189718482,0.8800489596083231,5.399181859176705,4.773561811505508,-0.6256200476711973,0.6474908200734394,1036.004968152866,,,,,,,,,131,0.9618320610687023,0.9312977099236641,6.717557251908397,5.8396946564885495,-0.8778625954198471,0.48091603053435117,80.18091603053436,169.0,0.9644970414201184,0.9289940828402367,6.2485207100591715,5.023668639053255,-1.224852071005917,0.7514792899408284,59.00423999999999,0.0,817.0,0.0,1.0661328449830414,0.026703542096854105,False,0.8160260174352949
321554,TIDITA LLC CA 91761,318402,TIDITA LLC,APS SEA,308,0.9967532467532467,0.9415584415584416,7.237012987012987,5.922077922077922,-1.3149350649350646,0.4025974025974026,1738.1010416666668,1.0,1.0,0.0,8.0,9.0,1.0,0.0,316.8,130,0.9461538461538461,0.9230769230769231,8.906153846153845,7.546153846153846,-1.3599999999999994,0.2076923076923077,79.77846153846154,40.0,0.95,0.825,8.7,7.25,-1.4499999999999993,0.45,109.28090909090908,1.0,309.0,0.003236245954692557,1.6240759240759237,-0.0505994005994006,False,0.296153846153846
288244,Men Dao Le (Bei Jing) Shang Mao You Xian CA 91761 ,96311,HIGH BEAM SUPPLY (HK) LIMITED,APS,742,0.8814016172506739,0.8490566037735849,8.634770889487871,7.845945945945946,-0.7888249435419254,0.215633423180593,1794.693105320304,,,,,,,,,130,0.7923076923076923,0.823076923076923,8.946153846153846,9.153846153846153,0.20769230769230695,0.08461538461538462,98.75,57.0,0.6666666666666666,0.6666666666666666,9.263157894736842,12.368421052631579,3.1052631578947363,0.21052631578947367,577.6601851851851,0.0,742.0,0.0,1.3079002079002073,-0.08909392494298163,False,-3.2145748987854255
75071,Duhome Inc CA 91748,46855,Duhome Inc,APS,1033,0.936108422071636,0.6989351403678606,6.002904162633108,5.867376573088093,-0.1355275895450152,0.42013552758954503,1808.7408507712757,22.0,0.09090909090909091,0.6818181818181818,5.0,4.909090909090909,-0.09090909090909083,0.7272727272727273,624.3318181818182,129,1.0,0.8837209302325582,6.767441860465116,6.155038759689923,-0.6124031007751931,0.3488372093023256,81.6782945736434,48.0,0.9791666666666666,0.8958333333333334,7.166666666666667,6.361702127659575,-0.8049645390070923,0.5416666666666666,67.47685185185185,22.0,1055.0,0.02085308056872038,0.28766218660183007,0.06389157792836397,False,-0.2066633679696519
328298,"Freestyle Outdoor Living Co., Ltd CA 91761 (3)",57760,Orange Casual Co Ltd_1,APS Outdoor,742,0.8423180592991913,0.8787061994609164,6.165768194070081,5.2803234501347704,-0.8854447439353104,0.623989218328841,953.4770290964778,,,,,,,,,127,0.8818897637795275,0.968503937007874,6.559055118110236,5.503937007874016,-1.0551181102362204,0.5748031496062992,91.17244094488188,138.0,0.8840579710144928,0.927536231884058,5.804347826086956,5.028985507246377,-0.7753623188405792,0.7391304347826086,64.88806327160493,0.0,742.0,0.0,0.2236135577392453,0.0395717044803362,False,0.4749515006276388
304134,YouCopia Products CA 92316,13674,YouCopia Products,Storage & Org - Frequency,642,0.616822429906542,0.8785046728971962,7.372274143302181,6.607291666666667,-0.764982476635514,0.29127725856697817,1728.919670474517,,,,,,,,,127,0.9448818897637795,0.8031496062992126,8.196850393700787,7.511811023622047,-0.6850393700787398,0.2125984251968504,84.96692913385827,49.0,0.9183673469387755,0.8367346938775511,7.938775510204081,7.224489795918367,-0.7142857142857144,0.3673469387755102,335.6190476190476,0.0,642.0,0.0,0.9045193569553804,0.3280594598572375,False,0.2873212277036803
293858,AROZU INC CA 90660,293856,AROZU INC,APS SEA,817,0.9302325581395349,0.8812729498164015,7.0122399020807835,6.101750838167207,-0.9104890639135768,0.4614443084455324,1532.516979483283,,,,,,,,,127,0.952755905511811,0.9212598425196851,7.692913385826771,6.984251968503937,-0.7086614173228343,0.33070866141732286,89.45748031496063,83.0,0.891566265060241,0.8674698795180723,8.74698795180723,8.289156626506024,-0.4578313253012052,0.37349397590361444,219.16499999999996,0.0,817.0,0.0,0.8825011303367303,0.022523347372276126,False,-1.304904658002087
352446,Shenzhen XinheTrade Limited Company CA 91761 (4),66040,Shenzhen XinheTrade Limited Company,APS K&D,864,0.9375,0.8263888888888888,5.450231481481482,5.025462962962963,-0.42476851851851904,0.59375,1134.595739348371,,,,,,,,,125,0.904,0.928,5.632,4.92,-0.7119999999999997,0.68,92.93520000000001,176.0,0.9034090909090909,0.9090909090909091,5.4602272727272725,4.6938131313131315,-0.766414141414141,0.8125,76.67220775462962,0.0,864.0,0.0,-0.10546296296296287,-0.033499999999999974,True,0.22618686868686844
276668,William-BN001,275657,guangzhoubeiniwangloukejiyouxiangongsi,Wayfair,544,1.0,0.8988970588235294,6.5974264705882355,6.101102941176471,-0.4963235294117645,0.37316176470588236,1660.1840163934428,,,,,,,,,125,0.624,0.712,7.384,7.448,0.06400000000000006,0.152,92.5576,40.0,0.775,0.85,6.35,6.275,-0.07499999999999929,0.6,75.95,0.0,544.0,0.0,1.3468970588235294,-0.376,False,1.173
66226,VECELO CA 91708,39645,VECELO,APS Bedroom,976,0.48668032786885246,0.8186475409836066,6.265368852459017,5.920081967213115,-0.3452868852459021,0.4948770491803279,1125.613616495629,,,,,,,,,123,0.6097560975609756,0.9024390243902439,7.016260162601626,6.414634146341464,-0.6016260162601625,0.37398373983739835,85.7227642276423,132.0,0.5075757575757576,0.9318181818181818,7.954545454545454,6.755725190839694,-1.19882026370576,0.5984848484848485,179.4757183908046,0.0,976.0,0.0,0.49455217912834915,0.12307576969212314,False,-0.34109104449823047
50633,TOV Furniture CA 91764,14483,TOV Furniture,Upholstery,659,0.9833080424886191,0.8376327769347496,8.418816388467375,7.229529616724738,-1.189286771742637,0.24582701062215478,1617.811795774648,6.0,1.0,1.0,7.666666666666667,6.5,-1.166666666666667,0.3333333333333333,69.48333333333333,122,0.5163934426229508,0.2459016393442623,10.438016528925619,11.09016393442623,0.6521474055006102,0.00819672131147541,97.54999999999998,63.0,0.4126984126984127,0.3968253968253968,10.523809523809524,11.65079365079365,1.1269841269841265,0.09523809523809523,213.804347826087,6.0,665.0,0.009022556390977444,3.860634317701491,-0.4669145998656683,False,-0.560629716367421
58713,Tabletops Unlimited Inc CA,17573,Tabletops Unlimited Inc,Tabletop,758,0.7229551451187335,0.8575197889182058,6.594986807387863,6.132114587259705,-0.46287222012815743,0.36015831134564646,1808.5024198954668,,,,,,,,,121,0.9834710743801653,0.8264462809917356,7.074380165289257,6.512396694214876,-0.561983471074381,0.3140495867768595,90.70826446280992,58.0,0.9482758620689655,0.8620689655172413,7.224137931034483,6.637931034482759,-0.5862068965517242,0.43103448275862066,100.22500000000002,0.0,758.0,0.0,0.3802821069551703,0.26051592926143186,False,-0.12553434026788324
248417,Welland Industries LLC CA,18859,Welland Industries LLC,APS Youth,947,0.9820485744456178,0.9091869060190074,6.146779303062302,5.598732840549102,-0.5480464625131996,0.4656810982048574,1691.3779177620959,,,,,,,,,120,1.0,0.9333333333333333,7.216666666666667,6.7,-0.5166666666666666,0.21666666666666667,79.01916666666666,78.0,1.0,0.9102564102564102,7.371794871794871,6.551282051282051,-0.8205128205128203,0.4358974358974359,78.89117647058822,0.0,947.0,0.0,1.1012671594508978,0.017951425554382228,False,0.14871794871794908
370390,Shenzhenshi Daman Shiye Youxiangongsi CA 91761,76761,Shenzhenshi Daman Shiye Youxiangongsi,APS K&D,542,0.948339483394834,0.9003690036900369,5.74169741697417,4.586715867158672,-1.1549815498154983,0.6992619926199262,954.578947368421,2.0,1.0,1.0,5.0,3.0,-2.0,1.0,0.0,118,1.0,0.9745762711864406,7.47457627118644,5.991525423728813,-1.4830508474576272,0.3898305084745763,96.64152542372882,130.0,1.0,0.9692307692307692,6.638461538461539,5.046153846153846,-1.5923076923076929,0.6923076923076923,65.34428093645485,2.0,544.0,0.003676470588235294,1.4048095565701413,0.05166051660516602,False,0.9453715775749671
300261,MEGSU INC CA 90660,289321,MEGSU INC,APS SEA,544,0.9117647058823529,0.8547794117647058,6.292279411764706,5.850553505535055,-0.44172590622965036,0.5165441176470589,1452.1232323232323,1.0,1.0,1.0,8.0,6.0,-2.0,0.0,149.4,118,0.9745762711864406,0.9067796610169492,8.09322033898305,7.237288135593221,-0.8559322033898296,0.2627118644067797,113.19406779661017,64.0,0.96875,0.96875,8.34375,6.859375,-1.484375,0.53125,67.22749999999999,1.0,545.0,0.001834862385321101,1.3867346300581653,0.06281156530408771,False,0.3779131355932206
247707,simplehuman CA 90808,1143,simplehuman,Storage & Org - Frequency,835,0.9724550898203593,0.9365269461077844,4.9425149700598805,4.4033613445378155,-0.539153625522065,0.6994011976047905,1252.3673638369498,1.0,0.0,1.0,7.0,7.0,0.0,0.0,532.8,117,0.9914529914529915,0.9230769230769231,6.538461538461538,6.05982905982906,-0.4786324786324787,0.46153846153846156,85.33675213675215,75.0,1.0,1.0,5.76,4.493333333333333,-1.2666666666666666,0.6533333333333333,41.431422924901185,1.0,836.0,0.0011961722488038277,1.6564677152912441,0.018997901632632153,False,1.5664957264957264
130098,guangzhoushilianyingwangluokejiyouxiang CA 91706,123700,MagicAmazingInc.,APS Home Improvement,398,0.9371859296482412,0.8869346733668342,6.698492462311558,5.972292191435768,-0.7262002708757898,0.42462311557788945,1605.9399607843138,,,,,,,,,117,0.7948717948717948,0.8717948717948718,7.444444444444445,6.9914529914529915,-0.45299145299145316,0.24786324786324787,75.21025641025639,82.0,0.7682926829268293,0.7682926829268293,7.951219512195122,7.7317073170731705,-0.21951219512195141,0.45121951219512196,63.881874999999994,0.0,398.0,0.0,1.0191608000172234,-0.1423141347764464,False,-0.740254325620179
245534,Edrosie Inc CA 92374,216565,Edrosie Inc,Outdoor Furniture,649,0.889060092449923,0.8181818181818182,6.651771956856702,5.919876733436055,-0.7318952234206471,0.4930662557781202,1271.2645131383767,3.0,1.0,1.0,8.0,6.0,-2.0,0.0,130.66666666666666,117,1.0,0.9572649572649573,7.017094017094017,5.743589743589744,-1.2735042735042734,0.5213675213675214,82.48547008547011,96.0,1.0,0.96875,7.510416666666667,5.635416666666667,-1.875,0.6354166666666666,84.575,3.0,652.0,0.004601226993865031,-0.17628698984631175,0.11093990755007699,True,0.10817307692307665
288324,WIN STELLAR LIMITED CA 91761,207892,WIN STELLAR LIMITED,APS,718,0.915041782729805,0.8356545961002786,7.777158774373259,7.03486750348675,-0.7422912708865086,0.26740947075208915,1761.8691535226076,,,,,,,,,116,0.8620689655172413,0.9224137931034483,8.991379310344827,7.551724137931035,-1.4396551724137927,0.1206896551724138,82.91810344827586,50.0,0.8,0.88,8.9,8.42,-0.4800000000000004,0.32,165.85666666666665,0.0,718.0,0.0,0.5168566344442844,-0.05297281721256364,False,-0.8682758620689652
99722,Banyan Imports CA 91761,50250,Banyan Imports,APS Home Improvement,697,0.8464849354375896,0.8694404591104734,7.080344332855093,6.115942028985507,-0.9644023038695861,0.43902439024390244,1456.1809951365508,1.0,0.0,0.0,8.0,9.0,1.0,0.0,764.2,115,0.9739130434782609,0.9217391304347826,7.417391304347826,6.6521739130434785,-0.7652173913043478,0.2956521739130435,83.28956521739131,79.0,1.0,1.0,8.835443037974683,7.253164556962025,-1.5822784810126578,0.4430379746835443,68.63714285714286,1.0,698.0,0.0014326647564469914,0.5362318840579716,0.12742810804067128,False,-0.6009906439185464
93793,Farfarview CA 92337,35678,"HONGKONG LICHUAN TECHNOLOGY CO.,LIMITED",APS,876,0.8458904109589042,0.8584474885844748,6.648401826484018,5.651391063471035,-0.997010763012983,0.5388127853881278,1220.4828062085594,,,,,,,,,114,0.8245614035087719,0.9298245614035088,7.491228070175438,6.228070175438597,-1.2631578947368416,0.42105263157894735,90.60087719298245,87.0,0.7816091954022989,0.9195402298850575,8.35632183908046,6.758620689655173,-1.597701149425287,0.4827586206896552,57.1,0.0,876.0,0.0,0.5766791119675618,-0.02132900745013222,False,-0.5305505142165758
58199,Flash Furniture CA 91708,7347,Flash Furniture,Casegoods,576,0.5277777777777778,0.7447916666666666,5.592013888888889,5.128472222222222,-0.46354166666666696,0.6597222222222222,706.6358986928104,,,,,,,,,114,0.4298245614035088,0.7017543859649122,6.184210526315789,5.964912280701754,-0.2192982456140351,0.47368421052631576,81.71842105263157,114.0,0.2807017543859649,0.7719298245614035,7.210526315789473,6.587719298245614,-0.6228070175438587,0.5964912280701754,61.0377380952381,0.0,576.0,0.0,0.836440058479532,-0.09795321637426901,False,-0.6228070175438596
324724,shanghaihuzidianzishangwuyouxiangongsi CA 91789 ,63929,Hong Kong HuaYa Trade Limited,APS Home Improvement,1483,0.9966284558327714,0.9575185434929198,4.576288005080575,3.7794685653124853,-0.7968194397680897,0.8091706001348618,768.7338526127007,60.0,1.0,0.9,4.816666666666666,4.133333333333334,-0.6833333333333327,0.85,241.68666666666667,114,1.0,0.9385964912280702,5.456140350877193,4.666666666666667,-0.7894736842105257,0.6754385964912281,83.25350877192983,173.0,0.9826589595375722,0.9364161849710982,5.289017341040463,4.422854602045354,-0.8661627389951088,0.7630057803468208,84.9886884108258,60.0,1543.0,0.03888528839922229,0.8871981013541816,0.003371544167228624,False,0.24381206462131289
19273,Storkcraft USA CA 91708,3210,Storkcraft USA,Youth Furniture & Decor,1061,0.8718190386427899,0.8567389255419415,7.392082940622054,6.102833662856482,-1.2892492777655722,0.46182846371347785,1224.4373365849142,,,,,,,,,113,0.6637168141592921,0.8053097345132744,7.654867256637168,7.035398230088496,-0.6194690265486722,0.24778761061946902,74.42920353982302,156.0,0.6666666666666666,0.7307692307692307,8.128205128205128,9.96103896103896,1.832833832833833,0.4551282051282051,199.59131929046563,0.0,1061.0,0.0,0.9325645672320135,-0.2081022244834978,False,-2.925640730950465
213128,XCO-CA warehouse,94983,PARKERWELL INC,APS Outdoor,545,0.9467889908256881,0.8917431192660551,8.530275229357798,6.7623853211009175,-1.7678899082568806,0.3779816513761468,1545.4833976833977,,,,,,,,,113,0.9734513274336283,0.9380530973451328,7.761061946902655,6.398230088495575,-1.3628318584070795,0.3185840707964602,77.61592920353982,80.0,0.95,0.9125,10.566666666666666,8.4125,-2.154166666666667,0.3375,79.2,0.0,545.0,0.0,-0.3641552326053423,0.02666233660794015,True,-2.0142699115044245
109665,Peakhome Furnishings Inc CA 92337,60739,Peakhome Furnishings Inc,APS Outdoor,395,0.9316455696202531,0.8658227848101265,5.9949367088607595,5.081218274111675,-0.9137184347490841,0.6177215189873417,1071.9708683473389,2.0,1.0,1.0,11.0,6.0,-5.0,0.0,672.8,113,0.9557522123893806,0.9469026548672567,7.04424778761062,5.398230088495575,-1.6460176991150446,0.6460176991150443,70.38230088495575,113.0,0.9911504424778761,0.9734513274336283,7.433628318584071,5.133928571428571,-2.2996997471554996,0.7699115044247787,107.98117283950617,2.0,397.0,0.005037783375314861,0.3170118143838998,0.02410664276912744,False,0.264301517067004
411517,NingBo KaiMeiChen DianZiShangWu You CA 91761 (6),83386,"Ningbo FanKai E-commerce Co., Ltd._1",APS Home Improvement,445,0.8359550561797753,0.8539325842696629,6.855530474040632,5.997742663656885,-0.8577878103837477,0.5213483146067416,1076.5434650455927,3.0,0.6666666666666666,1.0,5.666666666666667,3.3333333333333335,-2.3333333333333335,1.0,511.1333333333334,112,0.6160714285714286,0.7767857142857143,6.339285714285714,5.9375,-0.4017857142857144,0.5357142857142857,110.26160714285716,83.0,0.8072289156626506,0.8433734939759037,7.759036144578313,7.108433734939759,-0.6506024096385543,0.5903614457831325,39.13310104529617,3.0,448.0,0.006696428571428571,-0.06024266365688469,-0.21988362760834668,True,-1.1709337349397586
110561,HEPPER MAYEWSKI LLC CA 91748,109120,HEPPER MAYEWSKI LLC,APS Mattresses,588,0.5986394557823129,0.8350340136054422,7.207482993197279,6.352640545144804,-0.8548424480524748,0.3333333333333333,1674.8475563909772,,,,,,,,,112,0.6071428571428571,0.9107142857142857,7.8125,6.598214285714286,-1.2142857142857144,0.25,73.25446428571426,35.0,0.6,0.8857142857142857,6.314285714285714,5.371428571428571,-0.9428571428571431,0.6,126.93157894736844,0.0,588.0,0.0,0.24557374056948156,0.008503401360544172,False,1.2267857142857146
366303,HuiAnXian XiMao DianZiShangWu YouXianGongSi CA 91789,365391,QUANZHOU FENGZE OUYUANTONG MAOYI YOUXIAN GONGSI,APS Decor,285,0.9122807017543859,0.856140350877193,6.589473684210526,5.726315789473684,-0.8631578947368421,0.5754385964912281,966.3048138969875,,,,,,,,,112,0.7142857142857143,0.7767857142857143,8.660714285714286,8.285714285714286,-0.375,0.21428571428571427,86.94196428571429,63.0,0.6666666666666666,0.6031746031746031,9.603174603174603,10.428571428571429,0.825396825396826,0.25396825396825395,63.61127450980392,0.0,285.0,0.0,2.5593984962406022,-0.1979949874686716,False,-2.1428571428571423
60092,EMG CA 92316,806,EMG,Kitchen & Small Electrics,1490,0.8758389261744967,0.8590604026845637,6.053534675615213,5.654801880456683,-0.39873279515853,0.4879194630872483,1487.8647702131652,,,,,,,,,112,1.0,0.9375,7.133928571428571,6.580357142857143,-0.5535714285714279,0.26785714285714285,78.46160714285713,65.0,0.9846153846153847,0.8769230769230769,7.923076923076923,7.584615384615384,-0.33846153846153904,0.4461538461538462,94.42962962962962,0.0,1490.0,0.0,0.9255552624004606,0.12416107382550334,False,-1.004258241758241
38373,Monarch International Inc,38373,Monarch International Inc,Decor,553,0.9945750452079566,0.8553345388788427,8.113924050632912,7.120471014492754,-0.9934530361401581,0.24593128390596744,1736.3454680851066,3.0,1.0,0.6666666666666666,8.0,7.333333333333333,-0.666666666666667,0.0,51.833333333333336,111,1.0,0.9459459459459459,8.504504504504505,7.324324324324325,-1.1801801801801801,0.12612612612612611,98.65765765765768,54.0,1.0,0.9259259259259259,11.0,9.444444444444445,-1.5555555555555554,0.2037037037037037,66.12307692307692,3.0,556.0,0.00539568345323741,0.20385330983157068,0.005424954792043413,False,-2.12012012012012
151179,The Luxtrada Company CA 91706,150723,The Luxtrada Company,Plumbing,448,0.9330357142857143,0.8526785714285714,6.997767857142857,6.210290827740492,-0.787477029402365,0.35044642857142855,1669.6641515934534,1.0,1.0,1.0,7.0,7.0,0.0,0.0,151.3,111,0.918918918918919,0.8648648648648649,7.864864864864865,7.405405405405405,-0.45945945945945965,0.1891891891891892,87.8,35.0,0.8,0.7714285714285715,6.685714285714286,7.542857142857143,0.8571428571428568,0.45714285714285713,52.214285714285715,1.0,449.0,0.0022271714922048997,1.1951145776649135,-0.014116795366795332,False,-0.13745173745173744
325553,Zhongshan Henglan Bolang Lighting Factory CA 92337,274734,Zhongshan Henglan Bolang Lighting Factory,APS Home Improvement,571,0.9562171628721541,0.840630472854641,7.612959719789842,6.8558875219683655,-0.7570721978214765,0.29772329246935203,1683.2185344827585,3.0,0.6666666666666666,1.0,6.333333333333333,6.0,-0.33333333333333304,0.3333333333333333,372.23333333333335,110,0.8818181818181818,0.8818181818181818,7.972727272727273,6.935779816513762,-1.036947456213511,0.2727272727272727,76.49454545454547,53.0,0.9245283018867925,0.8679245283018868,10.0,8.641509433962264,-1.3584905660377355,0.3584905660377358,278.24545454545455,3.0,574.0,0.005226480836236934,0.07989229454539615,-0.07439898105397225,False,-1.7057296174485028
66311,Baliaa Inc CA 92880,54204,Baliaa Inc,APS,488,0.9631147540983607,0.8688524590163934,7.491803278688525,6.348643006263048,-1.1431602724254768,0.32786885245901637,1724.7099056603774,5.0,1.0,0.8,5.2,6.0,0.7999999999999998,0.4,102.1,110,1.0,0.9,8.481818181818182,7.7,-0.7818181818181822,0.13636363636363635,91.4709090909091,40.0,0.975,0.95,10.15,9.475,-0.6750000000000007,0.275,206.43076923076927,5.0,493.0,0.010141987829614604,1.3513569937369523,0.03688524590163933,False,-1.7749999999999995
290755,"ANJI COZY HOME CO.,LTD. CA 92337",239691,"ANJI COZY HOME CO.,LTD.",APS,132,0.9772727272727273,0.9166666666666666,6.015151515151516,5.320610687022901,-0.6945408281286145,0.5606060606060606,812.7637931034483,1.0,1.0,1.0,4.0,3.0,-1.0,1.0,55.5,110,1.0,0.9272727272727272,7.345454545454546,6.072727272727272,-1.2727272727272734,0.4636363636363636,100.9381818181818,45.0,1.0,0.8666666666666667,7.466666666666667,6.266666666666667,-1.2000000000000002,0.4444444444444444,131.124,1.0,133.0,0.007518796992481203,0.7521165857043712,0.022727272727272707,False,-0.1939393939393943
61753,"Nanshing America, Inc. CA 90040",24282,"Nanshing America, Inc.",Soft Home,561,0.9964349376114082,0.9233511586452763,7.233511586452763,6.2803571428571425,-0.9531544435956203,0.39037433155080214,1839.4787076271186,,,,,,,,,109,1.0,0.8990825688073395,7.495412844036697,7.192660550458716,-0.3027522935779814,0.1743119266055046,90.4238532110092,55.0,1.0,0.7090909090909091,9.654545454545454,10.054545454545455,0.40000000000000036,0.21818181818181817,55.39375000000001,0.0,561.0,0.0,0.9123034076015735,0.0035650623885917776,False,-2.8618849040867387
125733,Shenzhen Zhichen Trading Co. LTD. CA 91748,59517,Shenzhen Zhichen Trading Co. LTD.,APS K&D,1072,0.9785447761194029,0.9132462686567164,4.954291044776119,4.212842039800996,-0.7414490049751237,0.7630597014925373,1006.960948759331,10.0,1.0,1.0,4.5,3.2,-1.2999999999999998,1.0,141.12,109,1.0,0.8899082568807339,5.743119266055046,5.009174311926605,-0.7339449541284404,0.6972477064220184,79.62385321100918,118.0,1.0,0.9745762711864406,5.1440677966101696,3.3504273504273505,-1.793640446182819,0.9067796610169492,69.85280528052805,10.0,1082.0,0.009242144177449169,0.7963322721256096,0.021455223880597063,False,1.6587469614992547
248863,NingboXinshengBaozhuangyinngsi CA 91761,248852,Ningbo Xinsheng Baozhuangyinwu Youxiangongsi,APS Bedroom,457,0.9102844638949672,0.8796498905908097,5.269146608315099,4.829321663019694,-0.4398249452954053,0.7133479212253829,1039.2343529411764,,,,,,,,,109,0.6972477064220184,0.6513761467889908,6.458715596330276,6.247706422018348,-0.21100917431192734,0.3944954128440367,73.1862385321101,72.0,0.7916666666666666,0.8472222222222222,7.25,7.055555555555555,-0.19444444444444464,0.5,54.047619047619044,0.0,457.0,0.0,1.4183847589986547,-0.2130367574729488,False,-0.8078491335372071
150459,LNC Home decor CA 91752 (2),28648,LNC Home decor,APS Home Improvement,761,0.7043363994743759,0.812089356110381,6.561103810775296,5.896494341303803,-0.6646094694714932,0.44415243101182655,1406.8434812760054,,,,,,,,,109,0.3577981651376147,0.7064220183486238,6.807339449541284,6.4495412844036695,-0.35779816513761453,0.3302752293577982,79.95412844036697,65.0,0.4153846153846154,0.6461538461538462,6.2615384615384615,5.723076923076923,-0.5384615384615383,0.5846153846153846,130.79888888888888,0.0,761.0,0.0,0.5530469430998668,-0.3465382343367612,False,0.7264643613267463
233314,Andes Fontana CA 92335,56976,Andes Furniture,Upholstery,182,0.9615384615384616,0.8516483516483516,7.478021978021978,6.329670329670329,-1.1483516483516487,0.3791208791208791,1075.261797752809,,,,,,,,,108,0.9444444444444444,0.8148148148148148,7.888888888888889,7.2407407407407405,-0.6481481481481488,0.23148148148148148,72.44444444444444,47.0,0.9148936170212766,0.9148936170212766,8.23404255319149,7.595744680851064,-0.6382978723404253,0.2765957446808511,75.45833333333333,0.0,182.0,0.0,0.9110704110704111,-0.017094017094017144,False,-0.35500394011032377
68136,VNT Link CA,55984,VNT Link,APS SEA,775,0.9948387096774194,0.9212903225806451,6.406451612903226,5.747096774193548,-0.6593548387096773,0.4425806451612903,1643.051536312849,,,,,,,,,107,1.0,0.9345794392523364,8.102803738317757,7.140186915887851,-0.9626168224299061,0.24299065420560748,93.7196261682243,42.0,1.0,0.9523809523809523,8.571428571428571,7.333333333333333,-1.2380952380952381,0.35714285714285715,72.01764705882353,0.0,775.0,0.0,1.3930901416943025,0.005161290322580614,False,-0.19314641744548222
298222,TOPTENG INTERNATIONAL TARDE INC CA 91710,91618,TOPTENG INTERNATIONAL TARDE INC,APS Outdoor,837,0.946236559139785,0.8422939068100358,7.338112305854241,6.50104125083167,-0.8370710550225713,0.3058542413381123,1694.8402359108782,,,,,,,,,107,0.9345794392523364,0.7102803738317757,8.523364485981308,8.25233644859813,-0.2710280373831768,0.14953271028037382,99.05140186915888,78.0,0.9871794871794872,0.8717948717948718,7.5,6.858974358974359,-0.6410256410256414,0.46153846153846156,73.97456140350879,0.0,837.0,0.0,1.7512951977664608,-0.011657119887448553,False,1.3933620896237722
460617,FUJIAN VIITION INTERNET DEVELOPMENT CO LTD CA 92571,100332,FUJIAN VIITION INTERNET DEVELOPMENT CO LTD,APS Decor,500,0.558,0.838,7.688,6.746392785571142,-0.9416072144288581,0.278,1758.1777976190476,2.0,0.0,1.0,6.5,6.5,0.0,0.5,505.7,107,0.9719626168224299,0.9626168224299065,8.336448598130842,6.757009345794392,-1.5794392523364493,0.22429906542056074,60.34579439252337,37.0,0.972972972972973,1.0,8.81081081081081,7.243243243243243,-1.5675675675675675,0.40540540540540543,71.82,2.0,502.0,0.00398406374501992,0.010616560223250637,0.41396261682242985,False,-0.4862338974488507
316941, AMCA,266529,"Zhengzhou Tiaoda Network Technology Co., Ltd.",APS,559,0.9302325581395349,0.8425760286225402,7.398926654740608,6.355475763016158,-1.0434508917244498,0.38461538461538464,1486.8070484581497,22.0,0.7727272727272727,1.0,8.363636363636363,4.5,-3.8636363636363633,0.8181818181818182,419.1863636363636,106,0.5,0.5471698113207547,7.971698113207547,8.38679245283019,0.41509433962264186,0.1509433962264151,69.89150943396228,62.0,0.5161290322580645,0.6774193548387096,8.612903225806452,8.435483870967742,-0.17741935483870996,0.3064516129032258,144.87037037037035,22.0,581.0,0.0378657487091222,2.031316689814031,-0.43023255813953487,False,-0.048691418137552844
130956,Emson USA CA 91761,1303,Emson USA,Kitchen & Small Electrics,592,0.9797297297297297,0.8631756756756757,7.403153153153152,6.450772200772201,-0.9523809523809508,0.34966216216216217,1696.9529063097514,2.0,1.0,1.0,6.5,4.5,-2.0,0.5,51.6,105,0.7142857142857143,0.7619047619047619,8.561904761904762,7.885714285714286,-0.6761904761904756,0.10476190476190476,74.5095238095238,30.0,0.7,0.7333333333333333,8.566666666666666,8.166666666666666,-0.40000000000000036,0.23333333333333334,105.56666666666666,2.0,594.0,0.003367003367003367,1.4349420849420849,-0.2654440154440154,False,-0.28095238095237995
346062,"FUFU and GAGA Trade Co., Ltd. CA 91761 (3)",63305,"FUFU and GAGA Trade Co., Ltd.",APS Bedroom,955,0.8722513089005236,0.8198952879581152,5.187434554973822,4.863731656184487,-0.32370289878933534,0.6732984293193718,942.2221476510067,,,,,,,,,105,0.780952380952381,0.8380952380952381,5.771428571428571,5.3238095238095235,-0.4476190476190478,0.6285714285714286,93.43238095238097,126.0,0.7936507936507936,0.8809523809523809,6.055555555555555,5.857142857142857,-0.1984126984126986,0.746031746031746,130.66245290423862,0.0,955.0,0.0,0.4600778676250368,-0.09129892794814265,False,-0.5333333333333332
246381,TTX Lighting Technology Inc. CA 91764,99787,TTX Lighting Technology Inc.,APS Home Improvement,434,0.988479262672811,0.9124423963133641,8.004608294930875,6.67741935483871,-1.3271889400921655,0.3548387096774194,1590.631054131054,,,,,,,,,105,0.9619047619047619,0.8,7.571428571428571,7.314285714285714,-0.2571428571428571,0.18095238095238095,74.00285714285714,36.0,0.8888888888888888,0.75,9.083333333333334,8.833333333333334,-0.25,0.3055555555555556,65.26153846153846,0.0,434.0,0.0,0.6368663594470041,-0.026574500768049125,False,-1.5190476190476199
409078,COZYWOOD FURNITURE LIMITED CA  92337,401698,COZYWOOD FURNITURE LIMITED,Casegoods,445,0.903370786516854,0.8876404494382022,5.849438202247191,5.06981981981982,-0.7796183824273708,0.5775280898876405,1275.6835746498932,,,,,,,,,104,1.0,0.9230769230769231,6.759615384615385,5.3173076923076925,-1.4423076923076925,0.5384615384615384,58.472115384615385,56.0,1.0,0.9464285714285714,7.660714285714286,6.071428571428571,-1.5892857142857144,0.44642857142857145,59.55454545454547,0.0,445.0,0.0,0.24748787248787263,0.09662921348314601,False,-0.7541208791208787
338928,Shenzhenshi Youlihai Keji Youxian Gongsi CA 92316,64210,Shenzhenshi Youlihai Keji Youxian Gongsi,APS Youth,172,0.9883720930232558,0.8837209302325582,6.186046511627907,5.5813953488372094,-0.6046511627906979,0.47674418604651164,1470.8166666666666,,,,,,,,,104,0.8557692307692307,0.8846153846153846,7.548076923076923,6.951923076923077,-0.5961538461538467,0.18269230769230768,110.28173076923076,71.0,0.7746478873239436,0.7605633802816901,8.112676056338028,7.788732394366197,-0.323943661971831,0.4225352112676056,88.3234375,0.0,172.0,0.0,1.3705277280858672,-0.13260286225402507,False,-0.8368093174431204
28649,Water Creation Inc CA 91761,5931,Water Creation Inc.,Plumbing,503,0.9701789264413518,0.8767395626242545,6.143141153081511,5.758372839883775,-0.3847683131977364,0.46520874751491054,1554.3545673076924,,,,,,,,,103,0.6893203883495146,0.7572815533980582,7.339805825242719,7.310679611650485,-0.02912621359223344,0.18446601941747573,89.74368932038834,52.0,0.7307692307692307,0.8461538461538461,6.5,6.326923076923077,-0.17307692307692335,0.40384615384615385,147.31071428571428,0.0,503.0,0.0,1.5523067717667107,-0.28085853809183725,False,0.9837565347274086
251367,CA02,58624,EBELLO HOME INC_1,APS,897,0.8940914158305463,0.7736900780379041,6.550724637681159,5.337049424005946,-1.213675213675213,0.5295429208472687,1263.5727283397355,,,,,,,,,103,0.6796116504854369,0.8155339805825242,7.262135922330097,6.815533980582524,-0.4466019417475735,0.2912621359223301,99.36699029126214,69.0,0.7101449275362319,1.0,6.2898550724637685,4.536231884057971,-1.7536231884057978,0.6956521739130435,156.8907327586207,0.0,897.0,0.0,1.4784845565765776,-0.21447976534510937,False,2.279302096524553
369978,"Lancai (Shenzhen) Technology Co., Ltd CA 91745",91085,Global Bright Zone Limited,APS Home Improvement,624,0.9823717948717948,0.9294871794871795,6.309294871794871,5.5576923076923075,-0.7516025641025639,0.47115384615384615,1488.460347826087,,,,,,,,,103,0.6601941747572816,0.8640776699029126,7.669902912621359,7.436893203883495,-0.23300970873786397,0.14563106796116504,79.72912621359225,69.0,0.6811594202898551,0.6956521739130435,8.594202898550725,8.73913043478261,0.1449275362318847,0.2608695652173913,42.34615384615384,0.0,624.0,0.0,1.879200896191188,-0.32217762011451323,False,-1.302237230899114
343876,"Zhejiang On Leap Furnishing Co.,Ltd. CA 92337",63641,"Zhejiang On Leap Furnishing Co.,Ltd.",APS Outdoor,329,0.9848024316109423,0.8905775075987842,7.279635258358662,6.072948328267477,-1.2066869300911849,0.46200607902735563,1265.2689686098656,1.0,1.0,1.0,4.0,3.0,-1.0,1.0,102.1,103,0.912621359223301,0.8640776699029126,6.902912621359223,5.980582524271845,-0.9223300970873787,0.5145631067961165,87.91456310679612,74.0,0.9054054054054054,0.9054054054054054,8.54054054054054,6.675675675675675,-1.864864864864865,0.5135135135135135,100.46428571428571,1.0,330.0,0.0030303030303030303,-0.09236580399563277,-0.07218107238764127,True,-0.6950931514038308
229709,Meishe CA 92337 Bedshe,25843,"Bedshe International Co.,LTD",APS,511,0.8806262230919765,0.7749510763209393,6.634050880626223,6.009823182711198,-0.6242276979150247,0.44227005870841485,1527.007906976744,1.0,1.0,1.0,7.0,6.0,-1.0,0.0,173.4,102,0.8921568627450981,0.8627450980392157,7.627450980392157,7.029411764705882,-0.598039215686275,0.29411764705882354,89.34117647058822,61.0,0.8032786885245902,0.7868852459016393,6.295081967213115,6.233333333333333,-0.061748633879781245,0.6557377049180327,277.9116279069768,1.0,512.0,0.001953125,1.0195885819946842,0.011530639653121622,False,0.7960784313725489
291097,Atlantic Furniture CA 91706,397,Atlantic Furniture,Youth Furniture & Decor,852,0.892018779342723,0.8497652582159625,5.654929577464789,5.330588235294118,-0.3243413421706709,0.6009389671361502,1146.5140324734953,,,,,,,,,102,0.7647058823529411,0.8627450980392157,6.088235294117647,5.872549019607843,-0.21568627450980404,0.4803921568627451,102.55784313725489,102.0,0.6274509803921569,0.803921568627451,6.107843137254902,5.645161290322581,-0.4626818469323206,0.5686274509803921,75.18318407960199,0.0,852.0,0.0,0.5419607843137246,-0.12731289698978188,False,0.22738772928526174
132494,Zekoo Inc CA 91730,57171,Zekoo Inc,APS,751,0.9533954727030626,0.8695073235685752,7.764314247669773,6.78040293040293,-0.983911317266843,0.3581890812250333,1681.6404978700746,1.0,1.0,1.0,5.0,3.0,-2.0,1.0,35.1,102,0.9607843137254902,0.8529411764705882,8.03921568627451,7.254901960784314,-0.784313725490196,0.2647058823529412,58.72254901960785,75.0,0.96,0.8666666666666667,9.96,9.673939393939394,-0.286060606060607,0.29333333333333333,67.58461538461538,1.0,752.0,0.0013297872340425532,0.4744990303813834,0.00738884102242765,False,-2.41903743315508
450941,INNOMARK LIMITED CA 91768,450445,INNOMARK LIMITED,Wayfair,801,0.8489388264669163,0.7191011235955056,8.132334581772785,7.811277569704536,-0.3210570120682492,0.1972534332084894,1774.1514363885087,6.0,0.8333333333333334,0.16666666666666666,7.833333333333333,9.666666666666666,1.833333333333333,0.0,299.4166666666667,102,0.9019607843137255,0.8529411764705882,8.686274509803921,7.862745098039215,-0.8235294117647056,0.1568627450980392,89.99313725490195,46.0,0.8695652173913043,0.8478260869565217,8.173913043478262,7.717391304347826,-0.4565217391304355,0.3695652173913043,72.17727272727274,6.0,807.0,0.007434944237918215,0.05146752833467971,0.05302195784680919,False,0.14535379369138912
134134,Ningbo Jiangdong Peter International CA 92571,53013,Ningbo Jiangdong Peter International Trading CoLTD,APS Outdoor,428,1.0,0.9088785046728972,7.563084112149533,5.670560747663552,-1.8925233644859816,0.530373831775701,1079.36643454039,17.0,1.0,0.9411764705882353,6.117647058823529,5.0,-1.117647058823529,0.47058823529411764,139.0,101,1.0,0.9801980198019802,9.475247524752476,6.772277227722772,-2.7029702970297036,0.26732673267326734,82.21782178217822,73.0,1.0,0.9178082191780822,11.26027397260274,9.356164383561644,-1.904109589041095,0.3013698630136986,70.79642857142856,17.0,445.0,0.038202247191011236,1.1017164800592205,0.0,False,-2.5838871558388723
335400,Torre Tagus CA 92570,53007,Torre Tagus,Decor,437,0.9954233409610984,0.9588100686498856,6.9588100686498855,5.559633027522936,-1.3991770411269497,0.45080091533180777,1712.393300248139,7.0,1.0,0.7142857142857143,6.857142857142857,7.428571428571429,0.5714285714285721,0.2857142857142857,56.08571428571429,101,1.0,0.8811881188118812,9.277227722772277,7.79,-1.4872277227722774,0.09900990099009901,69.73960396039605,29.0,1.0,0.896551724137931,6.9655172413793105,5.517241379310345,-1.4482758620689653,0.5862068965517241,88.74705882352941,7.0,444.0,0.015765765765765764,2.2303669724770643,0.004576659038901587,False,2.272758620689655
264755,ANMEI.MEIXI2 CA 91752,56818,YOUKE Furniture Home LLC.,APS,870,0.9413793103448276,0.9057471264367816,7.964367816091954,7.016091954022989,-0.9482758620689653,0.28735632183908044,1659.1311025706962,1.0,1.0,1.0,5.0,3.0,-2.0,1.0,75.1,101,0.9603960396039604,0.8712871287128713,7.910891089108911,7.0,-0.9108910891089108,0.2871287128712871,81.20891089108912,57.0,0.9122807017543859,0.8596491228070176,9.789473684210526,9.035087719298245,-0.7543859649122808,0.2982456140350877,65.37894736842105,1.0,871.0,0.001148105625717566,-0.016091954022988908,0.01901672925913278,True,-2.035087719298245
149550,hangzhou wentong crafts furniture  CA 92571,67813,hangzhou wentong crafts furniture manufacturing co,APS Upholstery,500,0.98,0.902,5.514,5.108,-0.4060000000000006,0.574,1378.0216702819957,,,,,,,,,101,0.8712871287128713,0.9108910891089109,7.316831683168317,6.584158415841584,-0.7326732673267333,0.297029702970297,75.93762376237623,57.0,0.8421052631578947,0.8421052631578947,8.5,8.070175438596491,-0.42982456140350855,0.47368421052631576,74.77407407407408,0.0,500.0,0.0,1.4761584158415841,-0.1087128712871287,False,-1.4860170227549077
237657,XCO - CA2,177903,Pianno Home Inc,APS Outdoor,573,0.7993019197207679,0.8691099476439791,7.771378708551484,6.466783216783217,-1.304595491768267,0.42408376963350786,1290.3799147869674,6.0,0.3333333333333333,1.0,6.333333333333333,4.333333333333333,-2.0,1.0,532.6333333333333,100,0.82,0.82,7.19,6.44,-0.75,0.34,86.788,96.0,0.8229166666666666,0.8541666666666666,10.1875,8.541666666666666,-1.645833333333334,0.34375,91.62631578947368,6.0,579.0,0.010362694300518135,-0.026783216783216268,0.020698080279232034,True,-2.1016666666666657
405364,Eglinton Decor Inc CA 91761,95192,Eglinton Decor Inc,APS Outdoor,272,0.9154411764705882,0.8786764705882353,8.084558823529411,6.917293233082707,-1.1672655904467044,0.2977941176470588,1605.421860465116,8.0,0.625,0.5,5.5,6.75,1.25,0.375,252.625,99,1.0,0.9797979797979798,9.11111111111111,7.303030303030303,-1.808080808080808,0.12121212121212122,98.83939393939394,55.0,1.0,0.9636363636363636,10.090909090909092,8.10909090909091,-1.9818181818181824,0.32727272727272727,81.46125000000002,8.0,280.0,0.02857142857142857,0.38573706994759593,0.0845588235294118,False,-0.8060606060606066
403497,"Anji Chelin Furniture Company.,Ltd CA 92324",60691,Zhejiangweinuokejiyouxiangongsi,APS K&D,748,0.9919786096256684,0.8796791443850267,5.567047677891051,4.7967914438502675,-0.7702562340407839,0.6778074866310161,1018.9738546092251,1.0,1.0,1.0,6.0,5.0,-1.0,1.0,83.5,99,1.0,0.9090909090909091,6.565656565656566,5.636363636363637,-0.9292929292929291,0.5252525252525253,62.23737373737374,86.0,1.0,1.0,6.813953488372093,5.290697674418604,-1.5232558139534884,0.7441860465116279,76.53703125000001,1.0,749.0,0.0013351134846461949,0.8395721925133692,0.008021390374331583,False,0.3456659619450324
478575,"Ningbo le verde home furnishing co.,ltd. CA 91752-3717",70401,"Ningbo le verde home furnishing co.,ltd.",APS Outdoor,426,0.9107981220657277,0.8732394366197183,6.875586854460094,5.842352941176471,-1.033233913283623,0.5352112676056338,1101.6666031280547,1.0,0.0,0.0,8.0,21.0,13.0,0.0,791.0,98,0.8979591836734694,0.8367346938775511,7.030612244897959,6.5,-0.5306122448979593,0.3469387755102041,82.70816326530611,88.0,0.9545454545454546,0.8977272727272727,7.238636363636363,6.114942528735632,-1.123693834900731,0.5909090909090909,114.60803571428572,1.0,427.0,0.00234192037470726,0.657647058823529,-0.012838938392258359,False,0.38505747126436773
266940,Hong Kong Linsy International Trading Co CA 92376,102598,HONG KONG LINSYHOME INTERNATIONAL TRADING LIMITED,APS Bedroom,659,0.9044006069802731,0.8710166919575114,4.920080930703086,4.2103838998816165,-0.7096970308214692,0.7511380880121397,1006.5144537815125,1.0,1.0,1.0,5.0,4.0,-1.0,1.0,45.5,98,0.8367346938775511,0.8877551020408163,5.581632653061225,4.704081632653061,-0.8775510204081636,0.7346938775510204,74.53061224489795,77.0,0.8311688311688311,0.948051948051948,4.584415584415584,3.5714285714285716,-1.0129870129870127,0.8571428571428571,85.36780303030302,1.0,660.0,0.0015151515151515152,0.49369773277144446,-0.06766591310272208,False,1.1326530612244894
30427,Belleze CA 91748,29520,Belleze,Casegoods,968,0.9803719008264463,0.9049586776859504,6.101239669421488,5.361519854867971,-0.7397198145535171,0.5826446280991735,1208.8347732181426,,,,,,,,,98,0.9795918367346939,0.9285714285714286,6.989795918367347,6.418367346938775,-0.5714285714285712,0.29591836734693877,67.51224489795919,89.0,0.9887640449438202,0.8202247191011236,7.51685393258427,7.292134831460674,-0.22471910112359517,0.550561797752809,52.22028985507247,0.0,968.0,0.0,1.0568474920708049,-0.0007800640917524637,False,-0.873767484521899
316503,G.A. Gertmenian & Sons CA,6075,G.A. Gertmenian & Sons,Rugs,828,0.9335748792270532,0.9033816425120773,6.7729468599033815,5.967391304347826,-0.8055555555555554,0.428743961352657,1783.368297627295,,,,,,,,,97,0.8556701030927835,0.8762886597938144,7.474226804123711,6.88659793814433,-0.5876288659793811,0.21649484536082475,83.61237113402062,56.0,0.9285714285714286,0.8392857142857143,8.553571428571429,7.75,-0.8035714285714288,0.3392857142857143,77.07244444444446,0.0,828.0,0.0,0.9192066337965041,-0.07790477613426972,False,-0.8634020618556697
328189,Spectrum Brands CA 92374,21286,Spectrum Brands,Kitchen & Small Electrics,511,1.0,0.9452054794520548,7.309197651663405,6.26614481409002,-1.0430528375733852,0.3542074363992172,1899.2249431714856,,,,,,,,,96,1.0,0.8541666666666666,7.927083333333333,7.177083333333333,-0.75,0.19791666666666666,77.30520833333333,51.0,1.0,0.9019607843137255,9.235294117647058,8.745098039215685,-0.4901960784313726,0.23529411764705882,94.63076923076925,0.0,511.0,0.0,0.910938519243313,0.0,False,-1.5680147058823524
268309,XH DV CA 90201,66040,Shenzhen XinheTrade Limited Company,APS,938,0.6940298507462687,0.755863539445629,5.405117270788913,5.1339293507400345,-0.27118792004887826,0.6343283582089553,980.0453098301774,,,,,,,,,96,0.46875,0.6666666666666666,6.052083333333333,6.145833333333333,0.09375,0.3854166666666667,84.4375,150.0,0.38666666666666666,0.72,5.58,5.395973154362416,-0.1840268456375842,0.6866666666666666,82.63934169278996,0.0,938.0,0.0,1.0119039825932985,-0.22527985074626866,False,0.7498601789709172
353136,"Ningbo Maowei E-commerce Co., Ltd. CA 91730 (2)",293239,"Ningbo Maowei E-commerce Co., Ltd.",APS Outdoor,606,0.9966996699669967,0.9686468646864687,7.52970297029703,6.102310231023102,-1.4273927392739276,0.4537953795379538,1481.1908506703653,2.0,0.0,1.0,8.0,4.5,-3.5,1.0,309.2,95,0.9894736842105263,0.8842105263157894,8.368421052631579,7.5473684210526315,-0.8210526315789473,0.24210526315789474,73.52526315789476,86.0,0.9767441860465116,0.7906976744186046,10.244186046511627,9.611764705882353,-0.6324213406292749,0.2441860465116279,68.97307692307692,2.0,608.0,0.003289473684210526,1.4450581900295294,-0.007225985756470377,False,-2.064396284829721
455376,EFCA03,58415,HENGJIAN HOME FURNISHING (HONG KONG) LIMITED_1,APS AEOF,2531,0.99446858949032,0.8542078229948636,5.167720268668511,4.610230575049471,-0.5574896936190399,0.6973528249703674,848.6014377829836,,,,,,,,,95,0.9894736842105263,0.9157894736842105,5.294736842105263,4.3578947368421055,-0.9368421052631577,0.8,75.88315789473685,141.0,1.0,0.8723404255319149,5.3546099290780145,4.382978723404255,-0.9716312056737593,0.8085106382978723,80.02521739130437,0.0,2531.0,0.0,-0.25233583820736527,-0.004994905279793738,True,-0.025083986562149718
407374,"Shenzhen Litian Technology Co., Ltd CA 92324",254999,"Shenzhen Litian Technology Co., Ltd",APS Home Improvement,1016,0.9399606299212598,0.8700787401574803,5.224956255468067,4.642716535433071,-0.5822397200349956,0.6899606299212598,846.9293371587952,,,,,,,,,94,0.9893617021276596,0.8936170212765957,6.308510638297872,5.712765957446808,-0.5957446808510642,0.5319148936170213,85.98617021276597,116.0,1.0,0.9482758620689655,5.353448275862069,4.405172413793103,-0.9482758620689662,0.7586206896551724,62.87528089887639,0.0,1016.0,0.0,1.0700494220137369,0.049401072206399776,False,1.307593543653705
314720,Soluwa LLC CA 92337,58042,Soluwa LLC,APS Outdoor,374,0.9812834224598931,0.9224598930481284,5.620320855614973,4.564171122994653,-1.0561497326203204,0.7245989304812834,885.1713375796178,3.0,1.0,1.0,5.0,3.6666666666666665,-1.3333333333333335,0.6666666666666666,88.0,93,0.978494623655914,0.8924731182795699,6.354838709677419,5.376344086021505,-0.978494623655914,0.6129032258064516,86.12903225806451,124.0,0.9596774193548387,0.9274193548387096,7.911290322580645,6.07258064516129,-1.838709677419355,0.5967741935483871,134.58181818181816,3.0,377.0,0.007957559681697613,0.8121729630268524,-0.0027887988039790867,False,-0.696236559139785
359506,fushanshikangzhibaojiajuyouxiangongsi CA 92335,319244,fushanshikangzhibaojiajuyouxiangongsi,APS Mattresses,127,0.9763779527559056,0.8661417322834646,9.62992125984252,7.28740157480315,-2.3425196850393704,0.3543307086614173,1286.808823529412,6.0,1.0,0.8333333333333334,5.5,5.166666666666667,-0.33333333333333304,0.6666666666666666,134.51666666666668,93,0.956989247311828,0.8817204301075269,8.870967741935484,7.193548387096774,-1.67741935483871,0.24731182795698925,81.7720430107527,56.0,0.9642857142857143,0.8035714285714286,10.125,8.232142857142858,-1.8928571428571423,0.4642857142857143,130.76799999999997,6.0,133.0,0.045112781954887216,-0.09385318770637596,-0.01938870544407756,True,-1.0385944700460836
51786,NeoChair CA 90723,50192,NEO CHAIR INC,Casegoods,663,0.9336349924585219,0.9306184012066365,3.69079939668175,3.2549019607843137,-0.4358974358974361,0.9396681749622926,449.53509793725084,,,,,,,,,93,1.0,0.8709677419354839,4.408602150537634,4.21505376344086,-0.19354838709677402,0.8602150537634409,87.50537634408602,126.0,0.9920634920634921,0.9365079365079365,3.4444444444444446,2.880952380952381,-0.5634920634920637,0.9682539682539683,59.71928374655648,0.0,663.0,0.0,0.9601518026565463,0.06636500754147812,False,1.334101382488479
321659,Gustave Inc CA 91706,88434,Gustave Inc,Decor,662,0.9848942598187311,0.8882175226586103,7.074018126888218,6.24773413897281,-0.8262839879154082,0.34894259818731116,1743.980936254688,,,,,,,,,93,0.978494623655914,0.8709677419354839,8.376344086021506,7.67741935483871,-0.698924731182796,0.11827956989247312,89.23978494623655,73.0,0.9863013698630136,0.8356164383561644,8.219178082191782,8.068493150684931,-0.15068493150685036,0.2328767123287671,130.328125,0.0,662.0,0.0,1.4296852158659004,-0.006399636162817135,False,-0.3910737958462214
312603,"Hangzhou Gesong E-commerce Co., Ltd. CA 91761",306702,"Hangzhou Gesong E-commerce Co., Ltd.",Wayfair,621,0.9339774557165862,0.8003220611916264,6.650563607085346,6.05829307568438,-0.5922705314009669,0.44122383252818037,1330.4142335766423,,,,,,,,,93,0.956989247311828,0.9139784946236559,6.010752688172043,4.806451612903226,-1.204301075268817,0.6881720430107527,76.5731182795699,99.0,0.9393939393939394,0.9494949494949495,5.757575757575758,4.717171717171717,-1.0404040404040407,0.8282828282828283,76.84337979094077,0.0,621.0,0.0,-1.2518414627811536,0.023011791595241804,True,0.08927989573150885
64753,CYE-WAY Inc CA 92335(2),58073,CYE-WAY Inc,APS Outdoor,350,0.62,0.7914285714285715,8.745714285714286,8.133333333333333,-0.6123809523809527,0.14857142857142858,1751.7868512110729,,,,,,,,,93,0.8279569892473119,0.8172043010752689,8.268817204301076,7.956989247311828,-0.3118279569892479,0.17204301075268819,78.5956989247312,46.0,0.7608695652173914,0.9130434782608695,9.869565217391305,9.217391304347826,-0.6521739130434785,0.2608695652173913,142.01176470588237,0.0,350.0,0.0,-0.17634408602150486,0.20795698924731187,True,-1.2604020570359982
351846,tongxiangshiqicaijiajuyongpinyouxian CA 92571,295759,tongxiangshiqicaijiajuyongpinyouxiangongsi,APS Rugs,717,0.9539748953974896,0.8368200836820083,5.841004184100418,5.0925732217573225,-0.7484309623430958,0.6234309623430963,1165.9323179791975,5.0,1.0,0.8,6.6,6.0,-0.5999999999999996,0.4,180.14,93,1.0,0.967741935483871,6.516129032258065,5.333333333333333,-1.182795698924732,0.5591397849462365,53.570967741935476,77.0,1.0,0.974025974025974,5.857142857142857,4.311688311688312,-1.545454545454545,0.7792207792207793,50.17105263157894,5.0,722.0,0.006925207756232687,0.24076011157601052,0.046025104602510414,False,1.0216450216450212
324716,Stellweilan Tessberg LLC CA 91789,271648,Stellweilan Tessberg LLC,Storage & Org,920,0.9956521739130435,0.95,4.644565217391304,3.6996735582154514,-0.9448916591758527,0.841304347826087,667.8948139534884,37.0,1.0,0.9459459459459459,4.783783783783784,4.054054054054054,-0.7297297297297298,0.8918918918918919,235.0675675675676,93,1.0,0.9354838709677419,5.387096774193548,4.795698924731183,-0.5913978494623651,0.7096774193548387,86.16236559139786,147.0,0.9795918367346939,0.891156462585034,5.63265306122449,4.760273972602739,-0.8723790886217504,0.6802721088435374,63.7345297029703,37.0,957.0,0.038662486938349006,1.0960253665157316,0.004347826086956497,False,0.03542495212844354
76445,TranS Ideal LLC CA 90670,67920,TranS Ideal LLC,APS,998,0.9318637274549099,0.8837675350701403,6.13627254509018,5.905634758995248,-0.23063778609493202,0.45390781563126253,1745.779201725998,,,,,,,,,92,1.0,0.9565217391304348,6.869565217391305,6.195652173913044,-0.6739130434782608,0.30434782608695654,96.26195652173915,65.0,1.0,0.7692307692307693,8.96923076923077,8.96923076923077,0.0,0.3076923076923077,101.152,0.0,998.0,0.0,0.29001741491779587,0.06813627254509014,False,-2.7735785953177254
190666,AOOS SIGN INC CA 91789,190172,AOOS SIGN INC,Lighting,425,0.9694117647058823,0.8870588235294118,7.447058823529412,6.094117647058823,-1.3529411764705888,0.37411764705882355,1710.4423076923076,4.0,1.0,1.0,7.0,6.0,-1.0,0.0,37.325,91,0.978021978021978,0.8241758241758241,7.648351648351649,7.1208791208791204,-0.5274725274725283,0.2857142857142857,80.65384615384616,25.0,1.0,0.92,7.72,7.12,-0.5999999999999996,0.28,77.9625,4.0,429.0,0.009324009324009324,1.0267614738202973,0.008610213316095683,False,0.0008791208791203431
430712,shilijincheng CA 92316,63929,Hong Kong HuaYa Trade Limited,APS Home Improvement,865,0.9676300578034682,0.9364161849710982,4.864739884393064,4.1699421965317915,-0.6947976878612723,0.7630057803468208,1092.353084846756,,,,,,,,,91,1.0,0.967032967032967,6.329670329670329,5.087912087912088,-1.2417582417582418,0.5824175824175825,85.47472527472529,61.0,1.0,0.9508196721311475,4.770491803278689,3.5901639344262297,-1.180327868852459,0.8032786885245902,77.38125000000001,0.0,865.0,0.0,0.917969891380296,0.032369942196531776,False,1.4977481534858579
3969,Uttermost CA- 92508,421,Uttermost,Decor,671,0.9970193740685543,0.9418777943368107,4.3664987107610065,3.5861897665176348,-0.7803089442433717,0.8584202682563339,593.959435483871,4.0,1.0,0.75,3.25,3.0,-0.25,1.0,184.95,91,1.0,0.945054945054945,5.252747252747253,4.714285714285714,-0.5384615384615383,0.6813186813186813,68.04505494505494,115.0,0.991304347826087,0.8521739130434782,5.921739130434783,5.026086956521739,-0.8956521739130432,0.8173913043478261,103.55312500000001,4.0,675.0,0.005925925925925926,1.1280959477680796,0.0029806259314456574,False,-0.311801242236025
293792,Doremo Global Corporation CA 92705 ,211162,Doremo Global Corporation,APS Pet,681,0.8399412628487518,0.7812041116005873,6.86784140969163,6.6138032305433185,-0.2540381791483117,0.3406754772393539,1806.2461270763995,,,,,,,,,90,0.9777777777777777,0.7555555555555555,7.866666666666666,7.844444444444444,-0.022222222222222143,0.17777777777777778,86.99444444444444,56.0,1.0,0.75,6.839285714285714,6.482142857142857,-0.35714285714285765,0.4642857142857143,97.78181818181817,0.0,681.0,0.0,1.2306412139011256,0.13783651492902593,False,1.3623015873015873
269059,XH COPE_LSJ7 CA 92337,66040,Shenzhen XinheTrade Limited Company,APS,441,0.8616780045351474,0.8684807256235828,4.64625850340136,4.058956916099773,-0.587301587301587,0.800453514739229,640.6782716049382,2.0,0.0,1.0,4.5,4.0,-0.5,1.0,305.95,90,0.6444444444444445,0.7555555555555555,5.433333333333334,5.355555555555555,-0.07777777777777839,0.6444444444444445,72.3311111111111,121.0,0.6694214876033058,0.8347107438016529,5.565289256198347,5.0391666666666675,-0.5261225895316795,0.7768595041322314,100.27922740524781,2.0,443.0,0.004514672686230248,1.296598639455782,-0.21723356009070294,False,0.3163888888888877
210551,WEST SHORE TRADING INC CA 91750,210497,WEST SHORE TRADING INC,APS,545,0.9577981651376147,0.9357798165137615,6.3137614678899086,5.591911764705882,-0.7218497031840263,0.46788990825688076,1590.495471440324,2.0,1.0,0.5,3.5,9.5,6.0,0.0,665.75,90,0.9444444444444444,0.9333333333333333,7.366666666666666,6.711111111111111,-0.655555555555555,0.2222222222222222,68.81222222222223,57.0,0.9824561403508771,0.9122807017543859,7.578947368421052,7.017543859649122,-0.5614035087719298,0.3333333333333333,175.36190476190475,2.0,547.0,0.003656307129798903,1.119199346405229,-0.013353720693170312,False,-0.30643274853801117
117278,Torchstar Corp. CA 91752,41146,LED Light Depot,Lighting,574,0.9059233449477352,0.8519163763066202,6.841463414634147,6.335664335664336,-0.5057990789698108,0.367595818815331,1680.8658319382441,,,,,,,,,90,0.9666666666666667,0.7666666666666667,7.166666666666667,7.088888888888889,-0.07777777777777839,0.18888888888888888,87.69444444444446,56.0,0.9642857142857143,0.8571428571428571,8.410714285714286,7.9107142857142865,-0.5,0.48214285714285715,143.92307692307693,0.0,574.0,0.0,0.7532245532245527,0.06074332171893149,False,-0.8218253968253979
334376,WONDERFUL INDUSTRY LIMITED CA 92336,332685,WONDERFUL INDUSTRY LIMITED,Wayfair,719,0.9749652294853964,0.8442280945757997,6.976356050069541,6.334394482026795,-0.6419615680427464,0.3532684283727399,1678.6012748962985,6.0,1.0,0.8333333333333334,5.333333333333333,6.833333333333333,1.5,0.6666666666666666,250.53333333333333,90,1.0,0.9444444444444444,7.544444444444444,6.588888888888889,-0.9555555555555557,0.2777777777777778,98.64888888888889,45.0,0.9555555555555556,0.9111111111111111,7.733333333333333,8.022222222222222,0.28888888888888875,0.4222222222222222,263.31666666666666,6.0,725.0,0.008275862068965517,0.25449440686209357,0.025034770514603566,False,-1.4333333333333336
85056,Odiot LLC CA 92880 Wayfair,70496,Odiot LLC,APS Outdoor,438,0.8538812785388128,0.865296803652968,7.312785388127854,6.573059360730594,-0.7397260273972606,0.3561643835616438,1774.1800838663826,,,,,,,,,90,0.6888888888888889,0.9333333333333333,8.544444444444444,7.466666666666667,-1.0777777777777775,0.13333333333333333,94.92777777777778,36.0,0.7777777777777778,0.8055555555555556,12.333333333333334,11.277777777777779,-1.0555555555555554,0.08333333333333333,162.4333333333333,0.0,438.0,0.0,0.8936073059360732,-0.1649923896499239,False,-3.811111111111112
456490,CA09-Lanqinglv,67551,"Suzhou lanqinglv Trading co,. ltd",APS Soft Home,724,0.9792817679558011,0.8839779005524862,8.397790055248619,7.031252058223013,-1.3665379970256053,0.3370165745856354,1502.447495527728,,,,,,,,,89,0.9887640449438202,0.9438202247191011,8.292134831460674,7.370786516853933,-0.9213483146067407,0.29213483146067415,64.63483146067416,70.0,1.0,0.9285714285714286,12.742857142857144,11.2,-1.5428571428571445,0.3,73.29090909090907,0.0,724.0,0.0,0.33953445863091947,0.009482276988019067,False,-3.8292134831460665
374098,Jixiang Holding Group Limited CA 91730(1),370451,Jixiang Holding Group Limited,Wayfair,253,0.932806324110672,0.9209486166007905,8.245059288537549,6.900398406374502,-1.3446608821630468,0.233201581027668,1796.8537202380953,1.0,1.0,1.0,4.0,3.0,-1.0,1.0,60.4,89,0.898876404494382,0.9101123595505618,8.9438202247191,8.191011235955056,-0.7528089887640448,0.1348314606741573,129.77752808988765,21.0,0.8571428571428571,0.9047619047619048,8.571428571428571,8.476190476190476,-0.0952380952380949,0.14285714285714285,132.25555555555556,1.0,254.0,0.003937007874015748,1.290612829580554,-0.033929919616289994,False,-0.2851792402354203
104687,Domi Home Decor Inc CA 90220,93327,Domi Home Decor Inc,Hardware,853,0.7151230949589683,0.8159437280187574,6.848769050410317,6.384976525821596,-0.46379252458872067,0.365767878077374,1633.2072351730837,1.0,0.0,1.0,11.0,11.0,0.0,0.0,58.3,89,0.9101123595505618,0.8764044943820225,6.932584269662922,6.651685393258427,-0.2808988764044944,0.29213483146067415,89.338202247191,47.0,0.9148936170212766,0.851063829787234,8.0,7.319148936170213,-0.6808510638297873,0.3829787234042553,82.36500000000001,1.0,854.0,0.00117096018735363,0.2667088674368312,0.1949892645915935,False,-0.6674635429117854
310114,"Hangzhou Yingpan Network Technology Co.,CA 91762 ",94133,VABCHES INTERNATIONAL LIMITED_1,APS,593,0.8650927487352446,0.8600337268128162,5.539629005059022,4.878324036840057,-0.6613049682189649,0.6863406408094435,917.972920696325,1.0,1.0,1.0,4.0,3.0,-1.0,1.0,589.7,88,0.9090909090909091,0.9545454545454546,6.681818181818182,5.9772727272727275,-0.7045454545454541,0.4431818181818182,82.24204545454546,119.0,0.8823529411764706,0.865546218487395,7.2100840336134455,6.588235294117646,-0.6218487394957997,0.5630252100840336,77.15572139303482,1.0,594.0,0.0016835016835016834,1.0989486904326702,0.043998160355664506,False,-0.6109625668449183
465291,Battilo CA 91710,36897,Battilo,APS Soft Home,652,0.8512269938650306,0.8420245398773006,6.7315950920245395,6.433657673595754,-0.29793741842878596,0.3512269938650307,1714.326061663758,1.0,0.0,0.0,4.0,,,0.0,47.2,88,0.9659090909090909,0.8977272727272727,7.579545454545454,7.306818181818182,-0.2727272727272725,0.2159090909090909,82.2715909090909,40.0,0.875,0.9,7.825,7.35,-0.47500000000000053,0.35,229.30833333333337,1.0,653.0,0.0015313935681470138,0.8731605082224281,0.1146820970440603,False,-0.04318181818181799
472168,New Pacific Direct CA 90601,20284,New Pacific Direct,Casegoods,259,0.9806949806949807,0.9266409266409267,7.694980694980695,6.011583011583012,-1.6833976833976836,0.39768339768339767,1668.1286919831223,,,,,,,,,88,0.5,0.6931818181818182,9.068181818181818,8.920454545454545,-0.14772727272727337,0.10227272727272728,102.0443181818182,33.0,0.48484848484848486,0.6060606060606061,9.06060606060606,8.606060606060606,-0.45454545454545503,0.21212121212121213,83.3,0.0,259.0,0.0,2.908871533871533,-0.48069498069498073,False,0.31439393939393945
190813,US-CA-5,79916,GRIZZLY INTERNATIONAL TRADING,APS Home Improvement,620,0.9951612903225806,0.9370967741935484,7.883870967741935,6.438709677419355,-1.4451612903225808,0.3387096774193548,1622.0983546617917,,,,,,,,,88,0.9545454545454546,0.9545454545454546,8.443181818181818,6.886363636363637,-1.5568181818181817,0.2727272727272727,91.50113636363636,32.0,0.96875,0.90625,10.75,9.375,-1.375,0.28125,72.7125,0.0,620.0,0.0,0.44765395894428206,-0.04061583577712602,False,-2.4886363636363633
316345,Sinda Furniture CA 91761,73595,Sinda Furniture,APS,463,0.6825053995680346,0.8272138228941684,9.609071274298056,8.269978401727862,-1.3390928725701947,0.2224622030237581,1713.6833333333336,,,,,,,,,87,0.8735632183908046,0.9540229885057471,9.724137931034482,7.2988505747126435,-2.4252873563218387,0.20689655172413793,81.75172413793103,33.0,0.8181818181818182,0.9696969696969697,11.303030303030303,8.909090909090908,-2.3939393939393945,0.36363636363636365,52.15961538461538,0.0,463.0,0.0,-0.9711278270152182,0.19105781882277006,True,-1.6102403343782647
190057,"Ningbo Tianqi Electronic Commerce Co.,Ltd CA 91761",68135,"Ningbo Tianqi Electronic Commerce Co.,Ltd",APS,589,0.8879456706281834,0.7911714770797963,4.925297113752122,4.764006791171477,-0.16129032258064502,0.6910016977928692,832.4706834532374,,,,,,,,,87,0.7701149425287356,0.8390804597701149,7.0,6.425287356321839,-0.5747126436781613,0.40229885057471265,99.45977011494253,100.0,0.83,0.91,5.45,4.73,-0.7199999999999998,0.77,85.88846153846156,0.0,589.0,0.0,1.6612805651503617,-0.11783072809944783,False,1.6952873563218382
59163,Best Living International CA 90040,34845,Best Living International,APS Outdoor,403,0.8486352357320099,0.826302729528536,8.523573200992557,7.568238213399503,-0.9553349875930532,0.21836228287841192,1730.9045918367347,,,,,,,,,86,1.0,0.9767441860465116,8.732558139534884,7.674418604651163,-1.058139534883721,0.16279069767441862,94.15465116279069,29.0,1.0,0.9310344827586207,11.620689655172415,10.551724137931034,-1.0689655172413808,0.10344827586206896,88.35,0.0,403.0,0.0,0.10618039125165968,0.15136476426799006,False,-2.8773055332798707
408768,SYMON ECOM BASE INC CA 91768,408460,SYMON ECOM BASE INC,Wayfair,574,0.9198606271777003,0.789198606271777,8.057491289198607,7.39198606271777,-0.6655052264808372,0.21602787456445993,1879.9272140221403,7.0,1.0,0.8571428571428571,6.714285714285714,5.857142857142857,-0.8571428571428577,0.2857142857142857,75.87142857142858,85,0.9882352941176471,0.9176470588235294,8.435294117647059,7.529411764705882,-0.9058823529411768,0.2,86.97176470588235,42.0,0.9761904761904762,0.8809523809523809,7.166666666666667,6.619047619047619,-0.5476190476190483,0.40476190476190477,65.01199999999999,7.0,581.0,0.012048192771084338,0.13742570198811244,0.06837466693994676,False,0.9103641456582636
236461,Americanflat Corp CA 92335,10545,Americanflat Corp,Decor,457,0.9409190371991247,0.7789934354485777,7.180525164113786,6.651315789473684,-0.5292093746401019,0.33698030634573306,1672.982742465695,1.0,0.0,1.0,8.0,6.0,-2.0,0.0,582.8,85,0.9529411764705882,0.34117647058823536,5.9411764705882355,7.517647058823529,1.5764705882352938,0.24705882352941178,74.18588235294118,49.0,0.9591836734693877,0.2653061224489796,5.857142857142857,7.979591836734694,2.1224489795918373,0.12244897959183673,121.56847826086955,1.0,458.0,0.002183406113537118,0.8663312693498453,0.01202213927146345,False,-0.46194477791116473
277060,"UPPER ECHELON PRODUCTS, LLC_1 CA 91762",206109,"UPPER ECHELON PRODUCTS, LLC_1",Lighting,481,0.8794178794178794,0.7546777546777547,9.338877338877339,8.35897435897436,-0.9799029799029793,0.2079002079002079,1745.2113157894735,14.0,0.9285714285714286,0.9285714285714286,7.571428571428571,6.285714285714286,-1.2857142857142856,0.35714285714285715,101.36428571428571,84,0.8095238095238095,0.7261904761904762,10.44047619047619,9.416666666666666,-1.0238095238095237,0.05952380952380952,80.66785714285713,32.0,0.875,0.78125,12.59375,13.28125,0.6875,0.25,311.17142857142863,14.0,495.0,0.028282828282828285,1.0576923076923066,-0.06989406989406988,False,-3.864583333333334
266794,"Anji Chelin Furniture Company.,Ltd CA 91752",60691,Zhejiangweinuokejiyouxiangongsi,APS K&D,491,0.7759674134419552,0.9327902240325866,5.459063136456212,4.582993197278912,-0.8760699391772997,0.7270875763747454,889.8114093959732,,,,,,,,,84,1.0,0.9523809523809523,6.309523809523809,5.285714285714286,-1.0238095238095237,0.5952380952380952,63.404761904761905,69.0,0.9855072463768116,0.927536231884058,6.753623188405797,5.3088235294117645,-1.4447996589940324,0.7246376811594203,69.91538461538461,0.0,491.0,0.0,0.7027210884353732,0.2240325865580448,False,-0.02310924369747891
214497,SGDL HOLDINGS INC CA 91706,214494,SGDL HOLDINGS INC,Lighting,481,0.920997920997921,0.8523908523908524,6.927234927234927,6.3128898128898125,-0.6143451143451149,0.35343035343035345,1814.6309204413476,,,,,,,,,84,1.0,0.8690476190476191,8.05952380952381,7.5476190476190474,-0.5119047619047628,0.17857142857142858,97.6797619047619,68.0,0.9705882352941176,0.8088235294117647,7.985294117647059,8.279411764705882,0.2941176470588234,0.29411764705882354,207.65357142857147,0.0,481.0,0.0,1.234729234729235,0.079002079002079,False,-0.7317927170868348
326508,谷仓美西10号仓,234327,Hong Kong Baojia International Limited,APS,626,0.8258785942492013,0.7603833865814696,4.835463258785943,4.891196308129215,0.05573304934327261,0.6437699680511182,981.9596879389925,,,,,,,,,84,0.8690476190476191,0.9047619047619048,5.654761904761905,5.083333333333333,-0.5714285714285721,0.7142857142857143,112.97380952380954,26.0,0.8846153846153846,0.9615384615384616,4.6923076923076925,4.038461538461538,-0.6538461538461542,0.8461538461538461,60.86363636363635,0.0,626.0,0.0,0.19213702520411768,0.04316902479841778,False,1.0448717948717947
269471,Ningbo Qiangbang Outdoor Leisure Products CA 92410,104050,"Ningbo Qiangbang Outdoor Leisure Products Co., Ltd",APS Outdoor,396,0.73989898989899,0.803030303030303,6.045454545454546,5.507575757575758,-0.5378787878787881,0.5631313131313131,1349.6609237536657,2.0,0.0,0.5,4.5,5.0,0.5,1.0,247.2,83,0.6987951807228916,0.8192771084337349,6.397590361445783,5.759036144578313,-0.6385542168674698,0.4819277108433735,81.42409638554217,61.0,0.6721311475409836,0.8360655737704918,6.409836065573771,5.732240437158469,-0.6775956284153013,0.6557377049180327,73.6046511627907,2.0,398.0,0.005025125628140704,0.25146038700255513,-0.04110380917609835,False,0.026795707419843495
108569,"HANGZHOU DUVET TEXTILE CO., LTD. CA 91789",69725,"HANGZHOU DUVET TEXTILE CO., LTD.",APS Mattresses,444,0.8558558558558559,0.8738738738738738,6.835585585585585,6.011261261261262,-0.8243243243243237,0.40540540540540543,1820.4062942779294,3.0,1.0,1.0,4.333333333333333,3.3333333333333335,-0.9999999999999996,1.0,233.4,82,0.9634146341463414,0.8170731707317073,7.439024390243903,6.585365853658536,-0.8536585365853666,0.3170731707317073,73.14634146341463,33.0,1.0,0.8484848484848485,7.2727272727272725,6.636363636363637,-0.6363636363636358,0.3939393939393939,38.10666666666667,3.0,447.0,0.006711409395973154,0.5741045923972745,0.10755877829048555,False,-0.05099778270510047
278781,AlpineFurniture CA 92507,3786,AlpineFurniture,Casegoods,522,0.9693486590038314,0.8659003831417624,6.394636015325671,6.181467181467181,-0.2131688338584894,0.35823754789272033,1823.4220902612826,,,,,,,,,82,0.9512195121951219,0.7926829268292683,7.512195121951219,6.853658536585366,-0.6585365853658534,0.2682926829268293,69.98292682926828,32.0,0.90625,0.84375,7.09375,6.4375,-0.65625,0.5,71.57368421052632,0.0,522.0,0.0,0.6721913551181844,-0.018129146808709473,False,0.4161585365853657
349176,COTTONMAX ARROW INC. CA 91762,86835,COTTONMAX ARROW INC.,APS Decor,444,0.831081081081081,0.8671171171171171,6.6955705705705695,6.058558558558558,-0.6370120120120113,0.3716216216216216,1830.1143646408837,,,,,,,,,82,0.8536585365853658,0.975609756097561,7.719512195121951,6.329268292682927,-1.3902439024390247,0.32926829268292684,76.57317073170732,45.0,0.8222222222222222,1.0,8.2,6.911111111111111,-1.2888888888888879,0.35555555555555557,247.92666666666668,0.0,444.0,0.0,0.2707097341243685,0.022577455504284805,False,-0.5818428184281847
227808,Gatlei Limited CA 92880,119977,Gatlei Limited,APS,413,0.9854721549636803,0.8886198547215496,7.532687651331719,6.39119804400978,-1.1414896073219394,0.3486682808716707,1724.3590214067283,4.0,1.0,1.0,6.5,6.25,-0.25,0.25,85.52499999999999,81,0.9876543209876543,0.8888888888888888,7.901234567901234,6.765432098765432,-1.1358024691358022,0.25925925925925924,88.47654320987655,53.0,0.9056603773584906,0.8490566037735849,10.245283018867925,10.25,0.004716981132075304,0.3018867924528302,293.53000000000003,4.0,417.0,0.009592326139088728,0.37423405475565197,0.0021821660239739193,False,-3.484567901234568
77944,YOUKE Furniture Home LLC. CA 92508,56818,YOUKE Furniture Home LLC.,APS,314,0.9713375796178344,0.9267515923566879,7.8471337579617835,6.5,-1.3471337579617835,0.3089171974522293,1684.3175799086757,2.0,0.5,1.0,5.5,5.0,-0.5,0.5,282.4,81,0.8888888888888888,0.8641975308641975,8.246913580246913,7.246913580246914,-0.9999999999999991,0.24691358024691357,68.61604938271604,39.0,0.8974358974358975,0.9743589743589743,8.179487179487179,7.717948717948718,-0.4615384615384608,0.4358974358974359,265.09444444444443,2.0,316.0,0.006329113924050633,0.7469135802469138,-0.08244869072894556,False,-0.4710351377018043
286121,"Hangzhou Saili Digital Technology co., Ltd CA 91761",285851,"Hangzhou Saili Digital Technology co., Ltd",APS K&D,573,0.9301919720767888,0.9144851657940664,6.352530541012216,5.273996509598604,-1.0785340314136125,0.6003490401396161,1228.4447896440129,14.0,1.0,0.9285714285714286,4.928571428571429,4.142857142857143,-0.7857142857142856,0.8571428571428571,184.66428571428568,81,0.9753086419753086,0.9629629629629629,6.666666666666667,5.481481481481482,-1.1851851851851851,0.7160493827160493,86.93580246913581,54.0,1.0,0.9629629629629629,7.981481481481482,6.222222222222222,-1.7592592592592595,0.6296296296296297,125.61666666666666,14.0,587.0,0.02385008517887564,0.20748497188287818,0.04511666989851981,False,-0.7407407407407405
326846,Jiande Yimei Import and Export Trading CA 91752,287166,"Jiande Yimei Import and Export Trading Co., Ltd.",APS,414,0.9782608695652174,0.8864734299516909,6.794685990338165,6.178140096618358,-0.616545893719807,0.4033816425120773,1808.6517619047613,1.0,0.0,0.0,4.0,6.0,2.0,0.0,1298.0,81,1.0,0.8395061728395061,6.901234567901234,6.506172839506172,-0.3950617283950617,0.32098765432098764,76.81234567901235,36.0,0.9444444444444444,0.8333333333333334,9.11111111111111,9.75,0.6388888888888893,0.25,71.13636363636364,1.0,415.0,0.0024096385542168677,0.3280327428878147,0.021739130434782594,False,-3.2438271604938276
19934,Pangea Home CA 90249,8552,Pangea Home,Casegoods,468,0.9722222222222222,0.8782051282051282,6.026471984805318,5.574800735744942,-0.45167124906037603,0.4465811965811966,1728.766885891886,2.0,1.0,1.0,7.0,6.0,-1.0,0.0,74.7,81,1.0,0.8765432098765432,7.283950617283951,6.91358024691358,-0.3703703703703711,0.19753086419753085,75.73580246913579,39.0,0.9743589743589743,0.7692307692307693,6.897435897435898,6.846153846153846,-0.05128205128205199,0.38461538461538464,73.91428571428571,2.0,470.0,0.00425531914893617,1.3387795111686378,0.02777777777777779,False,0.06742640075973405
471156,PEAKLI LIGHT LLC CA 92324,119983,PEAKLI LIGHT LLC,APS Home Improvement,212,0.9292452830188679,0.7783018867924528,6.386792452830188,6.070754716981132,-0.31603773584905603,0.3915094339622642,1614.34384057971,2.0,0.5,0.5,4.0,4.5,0.5,1.0,93.85,81,0.9753086419753086,0.9629629629629629,8.493827160493828,6.8765432098765435,-1.617283950617284,0.2839506172839506,82.55555555555556,37.0,0.972972972972973,0.972972972972973,9.243243243243244,7.621621621621622,-1.621621621621622,0.24324324324324326,125.59999999999998,2.0,214.0,0.009345794392523364,0.8057884928954113,0.04606335895644076,False,-0.7450784117450784
69907,EDA-MX1,65377,"Shenzhen Chuangjicheng Network Technology Co., Ltd",APS,1120,0.9151785714285714,0.8375,7.8098214285714285,7.312912912912913,-0.49690851565851535,0.26785714285714285,1649.5480517180306,1.0,1.0,1.0,6.0,5.0,-1.0,1.0,295.4,80,1.0,0.8875,7.7625,6.5125,-1.25,0.3125,75.9,66.0,0.9696969696969697,0.9393939393939394,7.257575757575758,6.893939393939394,-0.3636363636363642,0.5757575757575758,125.045,1.0,1121.0,0.0008920606601248885,-0.8004129129129129,0.0848214285714286,True,-0.3814393939393934
22878,Adesso CA 92336,324,Adesso,Lighting,352,0.9403409090909091,0.8948863636363636,7.079545454545454,6.005681818181818,-1.0738636363636358,0.39204545454545453,1759.565111111111,,,,,,,,,80,0.65,0.875,7.725,7.3125,-0.41249999999999964,0.1875,75.11124999999998,40.0,0.525,0.725,9.575,8.925,-0.6499999999999986,0.17500000000000002,79.81111111111109,0.0,352.0,0.0,1.3068181818181817,-0.29034090909090904,False,-1.6125000000000007
90442,TopBuy Inc CA 92374,88651,TopBuy Inc,APS Outdoor,574,0.8693379790940766,0.8571428571428571,5.419860627177701,5.0426829268292686,-0.37717770034843223,0.60801393728223,1148.577291666667,14.0,1.0,0.9285714285714286,4.642857142857143,4.214285714285714,-0.4285714285714288,0.8571428571428571,163.94285714285715,80,0.7625,0.825,6.5,5.9125,-0.5875000000000004,0.4875,73.42500000000001,104.0,0.8269230769230769,0.8557692307692307,6.961538461538462,6.0576923076923075,-0.9038461538461542,0.5576923076923077,82.38448275862069,14.0,588.0,0.023809523809523808,0.8698170731707311,-0.10683797909407666,False,-0.14519230769230784
30620,G Home Collection,30620,G Home Collection,,98,0.9795918367346939,0.8571428571428571,6.295918367346939,6.530612244897959,0.23469387755102034,0.37755102040816324,1644.8666666666668,,,,,,,,,80,0.975,0.8125,7.075,7.2625,0.1875,0.225,91.18875,44.0,0.7954545454545454,0.6818181818181818,6.590909090909091,12.340909090909092,5.750000000000001,0.3181818181818182,267.37083333333334,0.0,98.0,0.0,0.7318877551020408,-0.004591836734693877,False,-5.0784090909090915
295788,GOLD TREE INC. CLN1,89780,GOLD TREE INC.,APS,550,0.8654545454545455,0.9036363636363637,5.989090909090909,5.22040072859745,-0.7686901804934596,0.62,1151.6890884896873,1.0,0.0,1.0,5.0,4.0,-1.0,1.0,918.5,80,0.8375,0.9,6.4625,5.775,-0.6875,0.525,63.37249999999999,60.0,0.8666666666666667,0.8666666666666667,8.75,8.0,-0.75,0.48333333333333334,64.71785714285714,1.0,551.0,0.0018148820326678765,0.5545992714025507,-0.027954545454545454,False,-2.2249999999999996
288172,ningboxuxindianzishangwuyouxiangongsi CA 91702,286148,ningboxuxindianzishangwuyouxiangongsi,APS Outdoor,113,0.7787610619469026,0.8584070796460177,5.070796460176991,4.214285714285714,-0.8565107458912768,0.8230088495575221,854.7959595959596,2.0,1.0,1.0,4.0,4.0,0.0,1.0,79.7,80,0.9375,0.925,5.8375,4.9375,-0.9000000000000004,0.7375,67.57625,74.0,0.9324324324324325,1.0,5.405405405405405,4.283783783783784,-1.121621621621621,0.8243243243243243,82.43851851851852,2.0,115.0,0.017391304347826087,0.7232142857142856,0.15873893805309736,False,0.6537162162162158
331616,NingBo KaiMeiChen DianZiShangWu You CA 92335,83386,"Ningbo FanKai E-commerce Co., Ltd._1",APS Home Improvement,349,0.8853868194842407,0.7936962750716332,5.275071633237823,4.761494252873563,-0.5135773803642598,0.6561604584527221,969.6003571428573,,,,,,,,,79,0.8481012658227848,0.8481012658227848,7.0886075949367084,6.2025316455696204,-0.886075949367088,0.43037974683544306,74.25696202531647,110.0,0.9090909090909091,0.8545454545454545,7.609090909090909,7.327272727272727,-0.2818181818181822,0.4909090909090909,198.10892857142858,0.0,349.0,0.0,1.4410373926960576,-0.03728555366145592,False,-1.1247410817031067
348596,Eileen Grays LLC CA 91752,37865,Eileen Grays LLC,APS Home Improvement,146,0.4931506849315068,0.7123287671232876,7.379310344827586,6.910958904109589,-0.4683514407179974,0.4246575342465753,1081.6547872340427,,,,,,,,,79,0.46835443037974683,0.5822784810126582,7.3164556962025316,7.6075949367088604,0.2911392405063289,0.17721518987341772,80.55949367088607,57.0,0.543859649122807,0.5263157894736842,7.385964912280702,7.821428571428571,0.4354636591478691,0.3684210526315789,243.9551724137931,0.0,146.0,0.0,0.6966360325992715,-0.02479625455175999,False,-0.21383363471971073
276963, Los Angeles Y1,215836,TRINITY  INTERNATIONAL,APS Bedroom,649,0.9306625577812019,0.8767334360554699,5.7180277349768875,4.929783950617284,-0.7882437843596035,0.6255778120184899,1175.1662020905922,4.0,0.75,1.0,6.25,5.5,-0.75,0.5,48.974999999999994,79,0.9620253164556962,0.8481012658227848,6.734177215189874,5.6075949367088604,-1.1265822784810133,0.5063291139240507,74.73544303797468,81.0,0.9259259259259259,0.8518518518518519,7.012345679012346,5.691358024691358,-1.3209876543209873,0.6049382716049383,117.81180555555555,4.0,653.0,0.006125574272588055,0.6778109860915764,0.03136275867449434,False,-0.08376308798249799
121433,ShenZhen BeiMei GaoDuan GuoJi ShangWuZi CA 92571 ,105234,ShenZhen BeiMei GaoDuan GuoJi ShangWuZiXun You Xian Gong Si,APS,543,0.988950276243094,0.9226519337016574,6.922651933701657,5.700911117572938,-1.2217408161287198,0.4677716390423573,1734.4561446344985,1.0,1.0,1.0,7.0,6.0,-1.0,0.0,83.3,79,1.0,0.8860759493670886,8.025316455696203,7.139240506329114,-0.8860759493670889,0.22784810126582278,89.0506329113924,41.0,1.0,0.7804878048780488,8.731707317073171,8.170731707317072,-0.560975609756099,0.36585365853658536,52.766666666666666,1.0,544.0,0.001838235294117647,1.438329388756176,0.011049723756906049,False,-1.0314912009879587
21884,NFusion CA 90220 South Anderson,3215,"GigaCloud Trading, Inc.",Outdoor Furniture,414,0.9227053140096618,0.8502415458937198,5.620772946859903,5.342995169082125,-0.2777777777777777,0.5531400966183575,1257.3160321969697,4.0,1.0,1.0,4.75,4.5,-0.25,1.0,67.64999999999999,78,0.8076923076923077,0.8589743589743589,6.641025641025641,6.243589743589744,-0.3974358974358978,0.47435897435897434,76.6525641025641,78.0,0.8461538461538461,0.9358974358974359,7.1923076923076925,6.512820512820513,-0.6794871794871797,0.5641025641025641,66.36666666666667,4.0,418.0,0.009569377990430622,0.9005945745076183,-0.11501300631735412,False,-0.26923076923076916
225905,"YIWU WENTOU IMPORTEXPORT CO.,LTD CA-GL CA 91761",91104,"YIWU WENTOU IMPORT&EXPORT CO.,LTD",APS Outdoor,446,0.9327354260089686,0.8968609865470852,8.210762331838565,6.883146067415731,-1.3276162644228338,0.3071748878923767,1660.943895348837,1.0,1.0,1.0,36.0,3.0,-33.0,1.0,50.1,78,1.0,0.8974358974358975,8.743589743589743,7.3076923076923075,-1.4358974358974352,0.19230769230769232,71.34615384615384,41.0,1.0,0.975609756097561,9.487804878048781,7.951219512195122,-1.536585365853659,0.3170731707317073,47.690909090909095,1.0,447.0,0.0022371364653243847,0.4245462402765767,0.06726457399103136,False,-0.6435272045028144
289199,"Techko Kobot, Inc. CA",20175,"Techko Kobot, Inc.",Lighting,244,0.9098360655737705,0.8524590163934426,5.831967213114754,5.635245901639344,-0.19672131147541005,0.430327868852459,1805.635333333333,,,,,,,,,78,0.9230769230769231,0.717948717948718,7.038461538461538,7.166666666666667,0.12820512820512864,0.14102564102564102,82.19743589743591,44.0,0.8409090909090909,0.7954545454545454,6.590909090909091,6.204545454545454,-0.3863636363636367,0.3409090909090909,112.73333333333335,0.0,244.0,0.0,1.531420765027323,0.013240857503152625,False,0.9621212121212128
440842,"Shenzhen Chunxin E-Commerce Co., Ltd. CA 92880",267074,HOME HARMONY HK LIMITED,APS K&D,407,0.8992628992628993,0.8427518427518428,4.783783783783784,4.363636363636363,-0.4201474201474209,0.7297297297297297,775.6230158730159,,,,,,,,,77,0.974025974025974,0.948051948051948,6.6103896103896105,5.623376623376624,-0.9870129870129869,0.5064935064935064,96.94155844155844,78.0,0.9487179487179487,0.8974358974358975,5.730769230769231,4.910256410256411,-0.8205128205128203,0.7307692307692307,68.9593220338983,0.0,407.0,0.0,1.2597402597402603,0.07476307476307475,False,0.713120213120213
74102,Foshan Sanying Lighting Limited CA 92841,63370,Foshan Sanying Lighting Limited,APS Home Improvement,495,0.901010101010101,0.8646464646464647,6.109090909090909,5.803643724696356,-0.305447184394553,0.4626262626262626,1522.3338042366988,,,,,,,,,77,0.3116883116883117,0.5974025974025974,7.402597402597403,7.636363636363637,0.23376623376623407,0.15584415584415584,71.77662337662339,63.0,0.36507936507936506,0.6666666666666666,7.253968253968254,8.670194003527335,1.4162257495590813,0.2698412698412698,120.21935483870968,0.0,495.0,0.0,1.8327199116672803,-0.5893217893217894,False,-1.0338303671636986
25770,Jamie Young Company 331 West Victoria,10465,Jamie Young Company,PG Home Improvement,482,0.8713692946058091,0.8796680497925311,6.844398340248962,5.904564315352697,-0.9398340248962649,0.45850622406639,1803.876534883721,1.0,1.0,1.0,43.0,11.0,-32.0,0.0,55.4,77,0.9090909090909091,0.8441558441558441,7.337662337662338,7.077922077922078,-0.25974025974026027,0.2727272727272727,110.88441558441559,55.0,0.9090909090909091,0.9090909090909091,10.054545454545455,7.418181818181818,-2.6363636363636367,0.36363636363636365,348.7263157894737,1.0,483.0,0.002070393374741201,1.1733577625693803,0.03772161448509992,False,-0.34025974025974026
403160,"Zhengzhou Huanerxian Network Technology Co., Ltd CA 92337",210576,"Hong Kong Xintengfei Import and Export Trade Co., Limited_1",APS Housewares & More,611,0.9770867430441899,0.8412438625204582,5.454991816693944,4.782430213464696,-0.6725616032292479,0.707037643207856,829.4362101313321,1.0,1.0,1.0,4.0,4.0,0.0,1.0,209.9,77,1.0,0.948051948051948,6.428571428571429,5.311688311688312,-1.116883116883117,0.5844155844155844,80.5961038961039,78.0,1.0,0.9487179487179487,6.756410256410256,5.170940170940171,-1.5854700854700852,0.6923076923076923,163.45954545454543,1.0,612.0,0.0016339869281045752,0.5292580982236155,0.022913256955810146,False,0.14074814074814057
348871,Mary  Elisa Marketplace Inc. (Joyxeon) CA 91746,74147,Mary  Elisa Marketplace Inc. (Joyxeon),APS Housewares & More,441,0.9795918367346939,0.9387755102040817,6.99092970521542,5.634090909090909,-1.356838796124511,0.4512471655328798,1757.8194366869554,5.0,1.0,1.0,5.4,4.6,-0.8000000000000007,0.6,113.47999999999999,77,1.0,0.948051948051948,8.675324675324676,6.883116883116883,-1.792207792207793,0.24675324675324675,86.73376623376623,37.0,0.972972972972973,0.972972972972973,8.675675675675675,6.4324324324324325,-2.243243243243243,0.32432432432432434,47.03333333333333,5.0,446.0,0.011210762331838564,1.2490259740259742,0.020408163265306145,False,0.4506844506844505
295140,AcanvaCo CA 91761,44764,AcanvaCo,APS,236,0.8983050847457628,0.885593220338983,6.813559322033898,6.02542372881356,-0.7881355932203382,0.3940677966101695,1671.5989528795812,,,,,,,,,76,0.9736842105263158,0.9078947368421053,7.144736842105263,6.407894736842105,-0.7368421052631575,0.3157894736842105,76.89605263157894,29.0,0.7931034482758621,0.8275862068965517,8.10344827586207,7.758620689655173,-0.3448275862068968,0.3448275862068966,58.04999999999999,0.0,236.0,0.0,0.3824710080285456,0.07537912578055306,False,-1.3507259528130673
288857,Yinuo Smart Furniture Inc CA 92336,73395,Yinuo Smart Furniture Inc,Upholstery,313,0.6773162939297125,0.7795527156549521,6.517571884984026,6.721153846153846,0.20358196116981997,0.4281150159744409,1516.1327183271833,,,,,,,,,76,0.9868421052631579,0.9473684210526315,7.5394736842105265,6.2631578947368425,-1.276315789473684,0.34210526315789475,89.77631578947367,40.0,0.925,0.925,11.2,8.806666666666667,-2.3933333333333326,0.325,96.79285714285713,0.0,313.0,0.0,-0.45799595141700333,0.30952581133344537,True,-2.543508771929824
78909,"Sino-well, Inc. CA 91761",60610,"Sino-well, Inc.",APS,915,0.9136612021857924,0.8885245901639345,6.843715846994535,6.06775956284153,-0.775956284153005,0.3978142076502732,1762.4723020017407,,,,,,,,,76,0.9605263157894737,0.9078947368421053,7.4868421052631575,6.618421052631579,-0.8684210526315788,0.27631578947368424,96.70263157894736,43.0,0.9302325581395349,0.8372093023255814,8.255813953488373,7.930232558139535,-0.3255813953488378,0.4186046511627907,73.71176470588237,0.0,915.0,0.0,0.5506614897900484,0.046865113603681285,False,-1.311811505507956
351431,Shen Zhen Shi Qi Wen Shang Mao You Xian CA 92571,281340,Qwtech Limited_2,APS Bedroom,597,0.9882747068676717,0.9363484087102177,4.19430485762144,3.7512605042016807,-0.4430443534197597,0.8693467336683417,747.095254237288,3.0,0.3333333333333333,1.0,6.333333333333333,3.6666666666666665,-2.6666666666666665,1.0,453.1333333333334,76,1.0,0.9736842105263158,6.078947368421052,4.9868421052631575,-1.0921052631578947,0.6710526315789473,54.775,84.0,1.0,1.0,4.7976190476190474,3.5,-1.2976190476190474,0.8690476190476191,57.76562499999999,3.0,600.0,0.005,1.2355816010614769,0.011725293132328285,False,1.4868421052631575
249783,BeatiNeon Irvine Warehouse,244283,Beatineon Lighting Inc.,Lighting,364,0.8681318681318682,0.8681318681318682,6.282967032967033,5.826923076923077,-0.4560439560439562,0.39285714285714285,1774.1529900332223,6.0,0.0,1.0,7.333333333333333,0.5,-6.833333333333333,1.0,119.64999999999999,76,0.8421052631578947,0.8421052631578947,7.078947368421052,6.565789473684211,-0.5131578947368416,0.34210526315789475,94.27236842105265,55.0,0.7272727272727273,0.8727272727272727,7.890909090909091,7.363636363636363,-0.5272727272727273,0.2,73.88,6.0,370.0,0.016216216216216217,0.738866396761134,-0.026026604973973466,False,-0.7978468899521527
235180,"Shenzhen OceanPower Technology Co., LTD CA 91710",235179,"Shenzhen OceanPower Technology Co., LTD",Wayfair,383,0.9634464751958225,0.8955613577023499,8.219321148825065,7.302872062663186,-0.9164490861618795,0.21409921671018275,1789.998475609756,,,,,,,,,76,0.9868421052631579,0.8947368421052632,8.960526315789474,7.842105263157895,-1.1184210526315796,0.09210526315789473,79.15263157894738,29.0,0.9310344827586207,0.9655172413793104,9.206896551724139,8.172413793103448,-1.0344827586206904,0.2413793103448276,52.05555555555556,0.0,383.0,0.0,0.5392332004947091,0.02339563006733536,False,-0.3303085299455537
214510,suzhoujinjiniaoxinxikejiyouxiangongsi CA 91762,214508,suzhoujinjiniaoxinxikejiyouxiangongsi,APS,470,0.9340425531914893,0.8808510638297873,6.9361702127659575,5.863829787234042,-1.072340425531915,0.425531914893617,1790.2471354166664,2.0,1.0,1.0,5.5,5.0,-0.5,0.5,98.69999999999999,76,1.0,0.9868421052631579,7.368421052631579,5.842105263157895,-1.526315789473684,0.4342105263157895,82.34078947368421,45.0,1.0,0.9555555555555556,9.8,7.688888888888889,-2.1111111111111116,0.28888888888888886,44.75384615384615,2.0,472.0,0.00423728813559322,-0.021724524076147667,0.06595744680851068,True,-1.8467836257309944
332356,  AMCA,328725,"Henan Zhengming Electronic Commerce Co., Ltd.",Wayfair,211,0.8436018957345972,0.7582938388625592,7.966824644549763,7.113744075829384,-0.8530805687203786,0.35545023696682465,1395.8589743589744,4.0,1.0,1.0,8.25,4.25,-4.0,0.75,684.7,76,0.39473684210526316,0.4342105263157895,8.013157894736842,8.75,0.7368421052631575,0.11842105263157894,78.84473684210526,51.0,0.35294117647058826,0.5490196078431373,8.313725490196079,9.372549019607844,1.0588235294117645,0.43137254901960786,139.63793103448276,4.0,215.0,0.018604651162790697,1.6362559241706158,-0.44886505362933404,False,-0.6225490196078436
104550,shenzhenshi zhiaokeji youxiangongsi CA 91761,101372,shenzhenshi zhiaokeji youxiangongsi,APS,406,0.9064039408866995,0.8817733990147784,7.342364532019705,6.416608022519352,-0.9257565095003528,0.3472906403940887,1852.483240223464,,,,,,,,,75,1.0,0.9066666666666666,8.12,6.96,-1.1599999999999993,0.21333333333333335,77.34400000000001,27.0,0.9629629629629629,0.9259259259259259,9.037037037037036,8.296296296296296,-0.7407407407407405,0.3333333333333333,56.800000000000004,0.0,406.0,0.0,0.5433919774806482,0.09359605911330049,False,-1.3362962962962959
56245,Outopee Inc CA 91762,53397,Outopee Inc,Casegoods,439,0.8792710706150342,0.876993166287016,6.42369020501139,5.7465753424657535,-0.6771148625456362,0.5489749430523918,1267.0783098591548,3.0,1.0,1.0,4.666666666666667,4.333333333333333,-0.3333333333333339,1.0,104.43333333333334,75,0.8133333333333334,0.8533333333333334,6.906666666666666,6.1866666666666665,-0.7199999999999998,0.4,80.61733333333332,50.0,0.72,0.9,6.3,5.62,-0.6799999999999997,0.62,63.13103448275863,3.0,442.0,0.006787330316742082,0.440091324200913,-0.06593773728170083,False,0.5666666666666664
92545,"ShenyangHaHaTradingCo.,Ltd (Mango-CA)",92472,"Shenyang Ha Ha Trading Co., Ltd limited company",APS Outdoor,348,0.9827586206896551,0.896551724137931,7.543103448275862,5.956772334293948,-1.586331113981914,0.4885057471264368,1173.1882783882781,3.0,1.0,1.0,5.333333333333333,5.0,-0.33333333333333304,0.6666666666666666,364.90000000000003,74,0.918918918918919,0.7972972972972973,7.824324324324325,6.608108108108108,-1.2162162162162167,0.33783783783783783,86.42702702702704,57.0,0.8421052631578947,0.7719298245614035,8.964912280701755,9.157894736842104,0.19298245614034926,0.5087719298245614,83.03999999999999,3.0,351.0,0.008547008547008548,0.6513357738141599,-0.06383970177073617,False,-2.5497866287339965
246598,Tengjian Electronic Technology Shenzhen CA 91761,242916,Tengjian Electronic Technology Shenzhen Co LTD,APS,446,0.9775784753363229,0.8363228699551569,5.955156950672646,5.50627802690583,-0.4488789237668165,0.4977578475336323,1281.168396226415,,,,,,,,,74,1.0,0.9864864864864865,6.962837837837838,5.3108108108108105,-1.6520270270270272,0.5675675675675675,78.23648648648648,52.0,1.0,0.9615384615384616,4.576923076923077,3.3076923076923075,-1.2692307692307692,0.9230769230769231,63.23749999999999,0.0,446.0,0.0,-0.19546721609501905,0.022421524663677084,True,2.003118503118503
366949,lishuimiyoukuajingdianzishangwuyouxiangongsi CA 92336,364592,lishuimiyoukuajingdianzishangwuyouxiangongsi,Wayfair,358,0.8994413407821229,0.8910614525139665,6.248603351955308,5.2747875354107645,-0.9738158165445432,0.6145251396648045,947.8919402985076,,,,,,,,,74,0.3783783783783784,0.7027027027027027,7.54054054054054,6.918918918918919,-0.621621621621621,0.24324324324324326,67.6108108108108,40.0,0.475,0.775,7.0,6.125,-0.875,0.45,69.55161290322582,0.0,358.0,0.0,1.6441313835081548,-0.5210629624037445,False,0.7939189189189193
268306,XH WP_LSJ11 CA 92410,66040,Shenzhen XinheTrade Limited Company,APS,907,0.9724366041896362,0.8158765159867696,5.656008820286659,5.151546083752427,-0.504462736534232,0.6648291069459757,837.24047434573,2.0,0.0,0.0,3.0,4.5,1.5,1.0,58.5,74,0.8918918918918919,0.8378378378378378,6.472972972972973,5.972972972972973,-0.5,0.527027027027027,79.07027027027029,122.0,0.9508196721311475,0.9098360655737705,7.368852459016393,5.8347107438016526,-1.5341417152147407,0.6721311475409836,60.02537815126051,2.0,909.0,0.0022002200220022,0.8214268892205459,-0.08054471229774429,False,0.13826222917132025
121721,Vintage Lighting Limited CA 91706,120155,Vintage Lighting Limited,APS Home Improvement,342,0.97953216374269,0.9122807017543859,6.150219298245614,5.608187134502924,-0.5420321637426895,0.49707602339181284,1468.8912541254126,,,,,,,,,73,0.9726027397260274,0.863013698630137,7.5479452054794525,7.260273972602739,-0.28767123287671303,0.2054794520547945,81.96712328767123,39.0,0.9487179487179487,0.7948717948717948,7.589743589743589,7.806267806267806,0.21652421652421694,0.358974358974359,120.80952380952381,0.0,342.0,0.0,1.652086838099815,-0.006929424016662633,False,-0.5459938336650669
331057,shanghaichenkungongyipinyouxiangongsi CA 91761,136261,shanghaichenkungongyipinyouxiangongsi,APS Youth,568,0.5563380281690141,0.704225352112676,6.059859154929577,5.928669410150892,-0.13118974477868495,0.4876760563380282,1368.016037735849,,,,,,,,,73,0.9041095890410958,0.8904109589041096,6.876712328767123,6.054794520547945,-0.8219178082191778,0.4520547945205479,102.77671232876712,39.0,0.8461538461538461,0.8461538461538461,6.641025641025641,6.230769230769231,-0.4102564102564106,0.717948717948718,68.02407407407406,0.0,568.0,0.0,0.12612511039705332,0.3477715608720817,False,-0.1759747102212854
290920,ningboyaolindianzishangwuyouxiangongsi CA 91710,289320,ningboyaolindianzishangwuyouxiangongsi,Wayfair,223,0.9865470852017937,0.8251121076233184,6.017937219730942,5.26457399103139,-0.753363228699552,0.6905829596412556,848.1462765957448,,,,,,,,,73,1.0,0.8904109589041096,5.972602739726027,5.054794520547945,-0.9178082191780819,0.6301369863013698,69.61506849315067,111.0,1.0,0.9099099099099099,9.657657657657658,7.666666666666667,-1.9909909909909915,0.4954954954954955,54.412841530054656,0.0,223.0,0.0,-0.20977947048344436,0.013452914798206317,True,-2.6118721461187215
358982,"Zhengzhou Huanerxian Network Technology Co., Ltd CA 91761",210576,"Hong Kong Xintengfei Import and Export Trade Co., Limited_1",APS Housewares & More,802,0.8092269326683291,0.8341645885286783,5.143391521197008,4.834164588528679,-0.309226932668329,0.7032418952618454,998.3174832214764,,,,,,,,,73,0.9726027397260274,0.9315068493150684,5.808219178082192,4.986301369863014,-0.8219178082191778,0.6712328767123288,77.45205479452055,81.0,0.9012345679012346,0.9506172839506173,5.765432098765432,4.469135802469136,-1.2962962962962958,0.7901234567901234,63.05238095238094,0.0,802.0,0.0,0.1521367813343355,0.16337580705769827,False,0.517165567393878
286160,shenzhenshijinhongzhenkejiyouxiangongsi CA92336(2),139167,shenzhenshijinhongzhenkejiyouxiangongsi,APS K&D,407,0.9385749385749386,0.7862407862407862,5.42997542997543,4.980343980343981,-0.4496314496314495,0.687960687960688,627.7959817351598,4.0,1.0,1.0,4.75,3.5,-1.25,1.0,31.1,73,1.0,0.7945205479452054,6.095890410958904,5.6438356164383565,-0.45205479452054753,0.5753424657534246,96.06164383561644,87.0,1.0,0.9540229885057471,7.931034482758621,6.011494252873563,-1.9195402298850581,0.632183908045977,72.06140350877193,4.0,411.0,0.009732360097323601,0.6634916360943759,0.061425061425061434,False,-0.36765863643520635
294632,"Quanzhou Changkuai interactive e-commerce Co.,Ltd CA 91789",293581,"Quanzhou Changkuai interactive e-commerce Co.,Ltd",Wayfair,406,0.9285714285714286,0.9384236453201971,7.461822660098522,6.391625615763547,-1.070197044334975,0.35467980295566504,1702.5166767068272,,,,,,,,,73,1.0,0.8904109589041096,7.904109589041096,6.835616438356165,-1.0684931506849313,0.2328767123287671,67.08356164383562,44.0,1.0,0.9318181818181818,8.75,7.886363636363637,-0.8636363636363633,0.38636363636363635,69.71666666666667,0.0,406.0,0.0,0.44399082259261746,0.0714285714285714,False,-1.050747198007472
412313,shenzhenshiyishuodianzishangwuyouxiangongsi CA 91752,301402,shenzhenshiyishuodianzishangwuyouxiangongsi,APS Decor,383,0.9477806788511749,0.8851174934725848,8.216710182767624,6.343832020997375,-1.8728781617702488,0.4908616187989556,747.469387755102,13.0,1.0,1.0,7.769230769230769,5.076923076923077,-2.6923076923076925,0.6153846153846154,146.04615384615386,73,0.5068493150684932,0.3561643835616438,8.972602739726028,9.89041095890411,0.917808219178081,0.0136986301369863,78.17260273972602,68.0,0.5147058823529411,0.36764705882352944,7.338235294117647,9.294117647058824,1.9558823529411775,0.08823529411764706,238.9109090909091,13.0,396.0,0.03282828282828283,3.546578937906734,-0.4409313637826817,False,0.5962933118452849
66839,BT CA92705,60648,BT,Upholstery,327,0.8165137614678899,0.7614678899082569,6.743119266055046,6.720394736842105,-0.022724529212940325,0.36085626911314983,1959.5207250421536,1.0,1.0,1.0,6.0,4.0,-2.0,1.0,800.1,72,0.9583333333333334,0.7916666666666666,7.166666666666667,6.958333333333333,-0.20833333333333393,0.2638888888888889,78.96805555555555,53.0,0.7169811320754716,0.8301886792452831,8.20754716981132,7.547169811320755,-0.6603773584905657,0.41509433962264153,94.15555555555555,1.0,328.0,0.003048780487804878,0.23793859649122773,0.14181957186544347,False,-0.5888364779874218
211658,WPLA4,62368,Shenzhen Like Keji Youxiangongsi,APS,1113,0.8840970350404312,0.8858939802336029,6.793351302785265,5.447869561493662,-1.3454817412916027,0.5893980233602875,754.7596087679023,10.0,1.0,1.0,4.7,3.8,-0.9000000000000004,0.8,100.11999999999999,72,0.9444444444444444,0.8472222222222222,7.152777777777778,6.194444444444445,-0.958333333333333,0.4444444444444444,71.71111111111112,92.0,0.9565217391304348,0.8586956521739131,7.75,6.406593406593407,-1.343406593406593,0.5543478260869565,55.43333333333334,10.0,1123.0,0.008904719501335707,0.7465748829507826,0.060347409404013175,False,-0.21214896214896228
118070,Woow Depot Inc. CA 91761,80763,Woow Depot Inc.,APS K&D,563,0.9662522202486679,0.8650088809946714,7.438721136767318,6.159212880143112,-1.2795082566242053,0.48312611012433393,1135.2286902286905,2.0,1.0,1.0,4.0,3.0,-1.0,1.0,288.0,72,0.875,0.8472222222222222,7.625,6.583333333333333,-1.041666666666667,0.3055555555555556,82.525,73.0,0.9041095890410958,0.9041095890410958,9.726027397260275,7.8493150684931505,-1.8767123287671241,0.5205479452054794,84.22982456140352,2.0,565.0,0.0035398230088495575,0.42412045319022074,-0.09125222024866786,False,-1.2659817351598175
10347,Sunny Designs CA 91730,7399,Sunny Designs,Casegoods,311,0.9003215434083601,0.8938906752411575,8.122186495176848,6.6103896103896105,-1.5117968847872376,0.31189710610932475,1776.7836524822694,,,,,,,,,72,0.2361111111111111,0.6666666666666666,9.055555555555555,9.027777777777779,-0.02777777777777679,0.08333333333333333,73.23055555555555,22.0,0.6363636363636364,0.8181818181818182,9.318181818181818,8.5,-0.8181818181818183,0.22727272727272727,275.7833333333333,0.0,311.0,0.0,2.417388167388168,-0.6642104322972491,False,0.5277777777777786
12395,Ashley Furniture CA 92324,2022,Ashley Furniture,Upholstery,746,0.9142091152815014,0.9504021447721179,4.085906040268457,3.2231182795698925,-0.8627877606985641,0.8619302949061662,520.3824817518248,52.0,0.3269230769230769,0.9230769230769231,3.576923076923077,3.0384615384615383,-0.5384615384615388,0.9615384615384616,104.07499999999999,71,0.7605633802816901,0.9154929577464789,4.71830985915493,4.112676056338028,-0.6056338028169019,0.9154929577464789,88.34647887323945,165.0,0.8606060606060606,0.9515151515151515,4.157575757575757,2.9696969696969697,-1.1878787878787875,0.9151515151515152,63.609933774834424,52.0,798.0,0.06516290726817042,0.8895577767681355,-0.15364573499981127,False,1.1429790866410583
102526,Lite Source CA 91762,265,Lite Source,Lighting,595,0.9966386554621849,0.9495798319327731,8.949579831932773,7.671810542398778,-1.2777692895339952,0.18823529411764706,1860.6198412698411,1.0,0.0,0.0,10.0,11.0,1.0,0.0,686.2,71,1.0,0.9154929577464789,9.014084507042254,8.32394366197183,-0.6901408450704238,0.15492957746478872,90.80422535211265,33.0,1.0,0.8181818181818182,11.424242424242424,10.303030303030303,-1.121212121212121,0.18181818181818182,99.98888888888888,1.0,596.0,0.0016778523489932886,0.652133119573052,0.003361344537815114,False,-1.9790866410584727
202701,Qualiaware Inc CA,63659,Qualiaware Inc,Storage & Org - Frequency,156,0.9871794871794872,0.8653846153846154,6.397435897435898,5.82051282051282,-0.5769230769230775,0.40384615384615385,1818.3721428571425,,,,,,,,,71,1.0,0.9577464788732394,8.04225352112676,7.183098591549296,-0.8591549295774641,0.11267605633802817,68.0267605633803,23.0,1.0,1.0,7.043478260869565,6.043478260869565,-1.0,0.391304347826087,82.27777777777777,0.0,156.0,0.0,1.3625857710364757,0.012820512820512775,False,1.1396203306797306
46590,New Classic CA 92336,22079,New Classic,Casegoods,529,0.9659735349716446,0.7051039697542533,5.655954631379962,5.427221172022684,-0.22873345935727762,0.504725897920605,1598.5176100628935,,,,,,,,,71,0.5915492957746479,0.6056338028169014,6.802816901408451,7.126760563380282,0.323943661971831,0.19718309859154928,80.51408450704227,44.0,0.6136363636363636,0.7727272727272727,6.204545454545454,5.795454545454546,-0.4090909090909083,0.4090909090909091,81.34927536231883,0.0,529.0,0.0,1.6995393913575976,-0.37442423919699674,False,1.331306017925736
172378,Beacon Lighting America CA 91710,33375,Beacon Lighting America,Lighting,207,0.7198067632850241,0.8115942028985508,7.42512077294686,6.565217391304348,-0.8599033816425123,0.3333333333333333,1757.2435483870968,,,,,,,,,70,0.15714285714285714,0.6428571428571429,7.871428571428571,7.985714285714286,0.11428571428571477,0.08571428571428572,108.35,19.0,0.3684210526315789,0.6842105263157895,8.263157894736842,8.277777777777779,0.014619883040936088,0.2631578947368421,168.45714285714286,0.0,207.0,0.0,1.420496894409938,-0.562663906142167,False,-0.2920634920634928
411389,Visco Link Inc CA 91702,270346,Visco Link Inc,Outdoor Furniture,229,0.9519650655021834,0.8777292576419214,6.493449781659389,5.868995633187773,-0.6244541484716155,0.3799126637554585,1733.8182501708818,,,,,,,,,70,1.0,0.8571428571428571,8.357142857142858,7.142857142857143,-1.2142857142857144,0.2,100.32285714285713,30.0,0.9666666666666667,0.9333333333333333,8.7,7.633333333333334,-1.0666666666666655,0.2,113.64999999999999,0.0,229.0,0.0,1.27386150966937,0.048034934497816595,False,-0.4904761904761905
116386,EverDream Craft CA 91752,80897,EverDream Craft,Decor,357,0.5882352941176471,0.7058823529411765,8.417366946778712,8.168965021906198,-0.248401924872514,0.24649859943977592,1698.542700729927,33.0,0.5757575757575758,0.9696969696969697,8.242424242424242,4.696969696969697,-3.545454545454545,0.7272727272727273,726.0969696969696,70,0.5428571428571428,0.9571428571428572,8.3,7.442857142857143,-0.8571428571428577,0.24285714285714285,74.07285714285715,33.0,0.6363636363636364,0.8181818181818182,12.666666666666666,11.272727272727273,-1.3939393939393927,0.18181818181818182,78.76,33.0,390.0,0.08461538461538462,-0.7261078790490547,-0.04537815126050426,True,-3.8298701298701303
235411,Roma Moulding_WPN CA 91702,232636,Roma Moulding_WPN,Decor,747,0.9866131191432396,0.9076305220883534,6.183400267737617,5.049597855227882,-1.133802412509735,0.6385542168674698,1002.7709601113172,2.0,1.0,1.0,8.0,7.0,-1.0,0.0,50.4,70,1.0,0.7714285714285715,7.371428571428571,7.142857142857143,-0.22857142857142776,0.24285714285714285,72.75142857142858,96.0,1.0,0.7708333333333334,7.666666666666667,7.40625,-0.26041666666666696,0.4479166666666667,80.19545088566828,2.0,749.0,0.0026702269692923898,2.0932592876292615,0.01338688085676043,False,-0.26339285714285676
438290,AMEZIEL INC CA 92337,22539,AMEZIEL INC,APS AEOF,1080,0.7074074074074074,0.7287037037037037,5.07962962962963,4.947791164658634,-0.13183846497099605,0.6287037037037037,881.2885159023991,,,,,,,,,70,0.8428571428571429,0.8714285714285714,5.171428571428572,4.814285714285714,-0.35714285714285765,0.7142857142857143,115.11285714285715,83.0,0.8795180722891566,0.8072289156626506,5.445783132530121,5.337349397590361,-0.1084337349397595,0.7831325301204819,82.29999999999998,0.0,1080.0,0.0,-0.13350545037291983,0.1354497354497355,True,-0.5230636833046471
98360,Shenzhen Eclair Lighting Co CA 91730,61190,"Shenzhen Eclair Lighting Co., Ltd.",APS Home Improvement,179,0.9162011173184358,0.9162011173184358,9.684478989555501,7.759776536312849,-1.9247024532426522,0.35195530726256985,596.5459016393443,,,,,,,,,70,0.9428571428571428,0.7428571428571429,7.928571428571429,7.7,-0.22857142857142865,0.14285714285714285,81.21285714285716,49.0,0.8775510204081632,0.7551020408163265,9.795918367346939,9.116666666666665,-0.6792517006802736,0.3877551020408163,250.5272727272727,0.0,179.0,0.0,-0.05977653631284863,0.02665602553870705,True,-1.4166666666666652
21619,Modus Furniture International Inc. CA,171,Modus Furniture International Inc.,Casegoods,441,0.8594104308390023,0.8526077097505669,6.705215419501134,5.990888382687927,-0.7143270368132075,0.4308390022675737,1679.3836898395723,11.0,1.0,1.0,36.63636363636363,13.454545454545455,-23.18181818181818,0.0,91.36363636363636,70,1.0,0.9714285714285714,7.785714285714286,7.371428571428571,-0.4142857142857146,0.21428571428571427,70.66000000000001,44.0,0.9772727272727273,0.9545454545454546,8.022727272727273,7.636363636363637,-0.3863636363636367,0.38636363636363635,54.50909090909091,11.0,452.0,0.024336283185840708,1.3805401887406443,0.14058956916099774,False,-0.2649350649350657
415896,SHENZHENSHI JULIBAIBIAN KEJIYOUXIAN CA 91761(2),64532,SHENZHENSHI JULIBAIBIAN KEJIYOUXIANGONGSI,APS K&D,382,0.9293193717277487,0.8586387434554974,6.471204188481676,5.6745406824146984,-0.7966635060669773,0.4973821989528796,1328.834328358209,1.0,1.0,1.0,7.0,5.0,-2.0,1.0,163.7,70,0.9714285714285714,0.9,6.985714285714286,5.928571428571429,-1.057142857142857,0.4857142857142857,77.66428571428573,72.0,0.9583333333333334,0.9166666666666666,6.347222222222222,5.314285714285714,-1.0329365079365083,0.6944444444444444,74.85476190476192,1.0,383.0,0.0026109660574412533,0.2540307461567304,0.04210919970082272,False,0.6142857142857148
355176,TOPCA,103170,shenzhenshi bonaite dianzishangwu youxiangongsi,APS Housewares & More,325,0.8738461538461538,0.8523076923076923,5.7384615384615385,5.206153846153846,-0.5323076923076924,0.6123076923076923,1124.8412751677852,,,,,,,,,69,0.9565217391304348,0.8840579710144928,7.565217391304348,6.753623188405797,-0.8115942028985508,0.3333333333333333,75.0304347826087,39.0,0.9743589743589743,0.9230769230769231,7.948717948717949,6.666666666666667,-1.282051282051282,0.5384615384615384,52.99166666666667,0.0,325.0,0.0,1.5474693422519508,0.08267558528428098,False,0.08695652173912993
282345,LT and Fuin Trading Inc CA 92337,83163,LT and Fuin Trading Inc,APS Youth,168,1.0,0.9226190476190477,5.880952380952381,4.742063492063492,-1.1388888888888893,0.6964285714285714,579.5844262295083,,,,,,,,,69,1.0,0.927536231884058,7.6521739130434785,6.579710144927536,-1.0724637681159424,0.37681159420289856,93.24492753623188,42.0,0.9761904761904762,0.9523809523809523,6.880952380952381,5.414634146341464,-1.4663182346109176,0.6428571428571429,279.92592592592587,0.0,168.0,0.0,1.837646652864044,0.0,False,1.1650759985860724
308443,Ningbo le verde home furnishing CA 91752 (2),70401,"Ningbo le verde home furnishing co.,ltd.",APS Outdoor,932,0.9334763948497854,0.8969957081545065,6.236051502145923,5.460794844253491,-0.7752566578924318,0.5278969957081545,1281.647831474597,2.0,1.0,1.0,4.0,2.0,-2.0,1.0,260.5,69,0.9855072463768116,0.927536231884058,7.130434782608695,6.246376811594203,-0.8840579710144922,0.34782608695652173,72.1768115942029,48.0,0.9583333333333334,0.875,9.9375,7.787234042553192,-2.150265957446808,0.4166666666666667,63.359090909090895,2.0,934.0,0.0021413276231263384,0.7855819673407121,0.052030851527026245,False,-1.5408572309589887
148929,"Grove NA, INC. dba Chicology CA",10851,"Grove NA, INC. dba Chicology",Soft Home,741,0.5641025641025641,0.5721997300944669,10.87314439946019,11.269911041339613,0.3967666418794238,0.2213225371120108,1870.5802161654137,35.0,0.8857142857142857,1.0,10.971428571428572,6.114285714285714,-4.857142857142858,0.42857142857142855,455.1428571428571,68,0.8235294117647058,0.7647058823529411,8.970588235294118,8.279411764705882,-0.6911764705882355,0.1323529411764706,95.03823529411764,72.0,0.3611111111111111,0.6666666666666666,11.805555555555555,9.36923076923077,-2.4363247863247857,0.125,84.58000000000001,35.0,776.0,0.045103092783505154,-2.990499276633731,0.25942684766214175,True,-1.0898190045248874
231122, TOPCA,75517,Amzmos,APS AEOF,363,0.7796143250688705,0.8484848484848485,6.509641873278237,5.796629395559877,-0.71301247771836,0.4903581267217631,1315.8203703703703,1.0,1.0,1.0,6.0,4.0,-2.0,1.0,16.5,68,0.6617647058823529,0.7794117647058824,6.455882352941177,6.102941176470588,-0.35294117647058876,0.45588235294117646,72.51470588235296,38.0,0.631578947368421,0.8157894736842105,6.7894736842105265,6.473684210526316,-0.3157894736842106,0.6578947368421053,75.98333333333333,1.0,364.0,0.0027472527472527475,0.3063117809107112,-0.1178496191865176,False,-0.37074303405572806
406549,JOIN CROWN COSMETICS TRADING COMPANY CA 91746,79186,JOIN CROWN COSMETICS TRADING COMPANY,APS Upholstery,545,0.9651376146788991,0.8587155963302753,6.5431192660550455,5.827720775234587,-0.7153984908204585,0.42935779816513764,1813.892441372248,10.0,0.9,0.8,7.2,6.1,-1.1000000000000005,0.3,208.53000000000003,68,0.9852941176470589,0.8235294117647058,8.676470588235293,7.632352941176471,-1.0441176470588225,0.1323529411764706,87.64117647058822,87.0,1.0,0.8735632183908046,8.735632183908047,8.045977011494253,-0.6896551724137936,0.13793103448275862,95.7578947368421,10.0,555.0,0.018018018018018018,1.804632165941884,0.02015650296815974,False,-0.41362407031778226
368650,"Hangzhou Mucheng International Trade Co., Ltd CA 92337",132375,"Hangzhou Mucheng International Trade Co., Ltd",APS Outdoor,330,0.9424242424242424,0.896969696969697,7.554545454545455,6.209090909090909,-1.3454545454545457,0.4,1619.2349624060153,7.0,1.0,1.0,7.714285714285714,4.714285714285714,-3.0,0.7142857142857143,530.7285714285714,68,0.7647058823529411,0.9117647058823529,7.823529411764706,6.176470588235294,-1.6470588235294112,0.4852941176470588,91.23382352941178,53.0,0.7924528301886793,0.9433962264150944,9.018867924528301,8.056603773584905,-0.9622641509433958,0.4528301886792453,192.6888888888889,7.0,337.0,0.020771513353115726,-0.032620320855614615,-0.17771836007130126,True,-1.880133185349611
251624,do home inc CA 91730,251618,do home inc,Wayfair,196,0.9846938775510204,0.8928571428571429,8.668367346938776,6.88265306122449,-1.7857142857142865,0.3877551020408163,1615.353435114504,47.0,1.0,1.0,8.659574468085106,3.765957446808511,-4.8936170212765955,0.9787234042553191,601.9255319148937,68,1.0,0.8970588235294118,8.735294117647058,6.264705882352941,-2.470588235294117,0.38235294117647056,86.90294117647058,54.0,0.9814814814814815,0.7777777777777778,12.037037037037036,10.74074074074074,-1.2962962962962958,0.2962962962962963,105.90588235294116,47.0,243.0,0.1934156378600823,-0.6179471788715487,0.015306122448979553,True,-4.476034858387799
278545,"Quanzhou Milien Technology Co., Ltd. CA 92410",233172,"Quanzhou Milien Technology Co., Ltd.",APS Bedroom,605,0.9785123966942149,0.8892561983471075,6.406611570247934,5.358677685950413,-1.047933884297521,0.5603305785123966,1312.8953439153438,3.0,0.3333333333333333,0.6666666666666666,5.333333333333333,7.666666666666667,2.333333333333334,0.6666666666666666,263.2333333333333,68,1.0,0.9117647058823529,7.455882352941177,6.602941176470588,-0.8529411764705888,0.35294117647058826,85.96617647058825,64.0,1.0,0.953125,5.421875,4.4375,-0.984375,0.75,70.87692307692308,3.0,608.0,0.004934210526315789,1.2442634905201748,0.02148760330578514,False,2.165441176470588
355213,WECA4,103170,shenzhenshi bonaite dianzishangwu youxiangongsi,APS Housewares & More,281,0.8718861209964412,0.8790035587188612,6.145907473309609,5.357142857142857,-0.7887646161667519,0.594306049822064,1081.1254237288133,2.0,1.0,1.0,4.0,3.5,-0.5,1.0,199.60000000000002,68,0.9558823529411765,0.8823529411764706,6.426470588235294,5.661764705882353,-0.7647058823529411,0.5588235294117647,62.252941176470586,53.0,0.9433962264150944,0.9622641509433962,7.264150943396227,6.037735849056604,-1.2264150943396226,0.6226415094339622,144.2294117647059,2.0,283.0,0.007067137809187279,0.3046218487394965,0.08399623194473527,False,-0.37597114317425095
296150, FTN1,47595,MANJUSRI LLC,Casegoods,362,0.9585635359116023,0.8176795580110497,5.986187845303867,5.532471529701446,-0.45371631560242065,0.4861878453038674,1323.5874999999999,,,,,,,,,67,0.9104477611940298,0.8805970149253731,6.611940298507463,5.985074626865671,-0.6268656716417915,0.4925373134328358,99.4417910447761,47.0,0.9148936170212766,0.8936170212765957,5.659574468085107,4.9787234042553195,-0.6808510638297873,0.6808510638297872,61.79285714285715,0.0,362.0,0.0,0.452603097164225,-0.048115774717572446,False,1.006351222610352
326372,Tmekeeper INC. CA 91761 (3),64494,Tmekeeper INC.,APS Bedroom,706,0.8796033994334278,0.8116147308781869,5.6543909348441925,5.26333805476865,-0.3910528800755424,0.6118980169971672,1092.8909911348933,,,,,,,,,67,0.8208955223880597,0.8656716417910447,6.512437810945273,5.6716417910447765,-0.8407960199004965,0.5074626865671642,73.05373134328359,70.0,0.7714285714285715,0.9571428571428572,4.914285714285715,4.0,-0.9142857142857146,0.8857142857142857,80.76370967741934,0.0,706.0,0.0,0.40830373627612637,-0.05870787704536806,False,1.6716417910447765
72335,LINSCRAFT INC CA 94580,69607,LINSCRAFT INC,APS Home Improvement,325,0.8892307692307693,0.8276923076923077,8.88923076923077,8.06,-0.8292307692307688,0.1753846153846154,1843.438356164383,5.0,1.0,1.0,8.2,7.2,-0.9999999999999991,0.0,157.72,67,1.0,0.8656716417910447,10.447761194029852,8.865671641791044,-1.5820895522388074,0.11940298507462686,85.18955223880599,24.0,1.0,0.75,10.75,9.125,-1.625,0.2916666666666667,48.26666666666666,5.0,330.0,0.015151515151515152,0.8056716417910437,0.11076923076923073,False,-0.25932835820895583
56086,Sunset Vista Designs Co. CA 91739,28530,Sunset Vista Designs Co.,Decor,364,0.9560439560439561,0.8818681318681318,6.788461538461538,6.0307262569832405,-0.7577352814782978,0.40384615384615385,1712.4876623376624,3.0,0.6666666666666666,0.6666666666666666,4.666666666666667,4.666666666666667,0.0,0.6666666666666666,305.56666666666666,67,1.0,0.9402985074626866,7.895522388059701,6.417910447761194,-1.477611940298507,0.29850746268656714,69.51492537313432,35.0,1.0,0.9428571428571428,8.228571428571428,7.057142857142857,-1.1714285714285708,0.5142857142857142,70.24736842105264,3.0,367.0,0.008174386920980926,0.38718419077795385,0.04395604395604391,False,-0.6392324093816626
327749,无忧达美西区CAJW02,234327,Hong Kong Baojia International Limited,APS,837,0.983273596176822,0.9342891278375149,4.915173237753883,4.406212664277181,-0.5089605734767018,0.7634408602150538,712.0103666245259,,,,,,,,,67,0.8805970149253731,0.8656716417910447,6.074626865671642,5.746268656716418,-0.3283582089552244,0.4925373134328358,59.405970149253726,149.0,0.7516778523489933,0.8187919463087249,5.422818791946309,5.228187919463087,-0.19463087248322175,0.7718120805369127,50.41019707565162,0.0,837.0,0.0,1.340055992439237,-0.10267658125144885,False,0.5180807372533307
351104,DWLAX. CA 90201,326437,Hongkong Taisheng Furniture Trading Limited,APS AEOF,505,0.9504950495049505,0.8613861386138614,4.718811881188119,4.304950495049505,-0.41386138613861334,0.7702970297029703,727.3148073022314,,,,,,,,,67,0.8805970149253731,0.7761194029850746,5.08955223880597,5.208955223880597,0.11940298507462721,0.5970149253731343,76.08507462686566,121.0,0.9090909090909091,0.8429752066115702,4.462809917355372,4.082644628099174,-0.3801652892561984,0.8264462809917356,64.32133620689655,0.0,505.0,0.0,0.904004728831092,-0.06989803457957733,False,1.1263105957814235
225055,Shenzhen Meiyuan Keji Youxiangongsi CA 92337,147802,Shenzhen Meiyuan Keji Youxiangongsi,APS Outdoor,297,0.8013468013468014,0.8013468013468014,5.158249158249158,4.716216216216216,-0.4420329420329425,0.6902356902356902,857.4974117647058,,,,,,,,,67,0.9253731343283582,0.9253731343283582,6.7611940298507465,5.567164179104478,-1.1940298507462686,0.5223880597014925,85.87611940298507,57.0,0.9473684210526315,0.8771929824561403,6.350877192982456,4.859649122807017,-1.4912280701754392,0.6842105263157895,178.65945945945944,0.0,297.0,0.0,0.8509479628882621,0.12402633298155685,False,0.7075150562974608
29566,Minka George Kovacs CA 92551,698,Minka/Minka Aire,Lighting,233,0.7424892703862661,0.8412017167381974,5.802575107296137,5.4034334763948495,-0.39914163090128785,0.5622317596566524,1395.8301886792453,1.0,0.0,1.0,7.0,7.0,0.0,0.0,233.2,67,0.47761194029850745,0.7164179104477612,6.268656716417911,6.313432835820896,0.04477611940298498,0.40298507462686567,61.5492537313433,17.0,0.5294117647058824,0.8823529411764706,4.823529411764706,4.529411764705882,-0.2941176470588234,0.7647058823529411,70.57307692307694,1.0,234.0,0.004273504273504274,0.9099993594260463,-0.26487733008775866,False,1.7840210711150135
134196,Home Choice International CA,22724,Home Choice International,APS,361,0.9584487534626038,0.9141274238227147,6.21606648199446,5.493445692883895,-0.7226207891105654,0.44321329639889195,1833.7716472553934,,,,,,,,,66,1.0,0.9242424242424242,7.4393939393939394,6.606060606060606,-0.833333333333333,0.2878787878787879,81.38787878787878,43.0,1.0,0.8604651162790697,7.976744186046512,7.348837209302325,-0.6279069767441863,0.3023255813953488,113.25294117647057,0.0,361.0,0.0,1.1126149131767118,0.04155124653739617,False,-0.7427766032417189
458339,Yansun Technology Inc CA 90040,56261,Yansun Technology Inc,Lighting,414,0.9903381642512077,0.9468599033816425,7.997584541062802,6.311594202898551,-1.6859903381642516,0.3671497584541063,1614.3904624277452,,,,,,,,,66,0.7878787878787878,0.696969696969697,7.803030303030303,7.787878787878788,-0.015151515151514694,0.16666666666666666,78.9939393939394,28.0,0.6785714285714286,0.75,9.714285714285714,9.142857142857142,-0.5714285714285712,0.10714285714285714,39.4,0.0,414.0,0.0,1.4762845849802373,-0.20245937637241984,False,-1.3549783549783543
342001,zhengzhoushirupiaodianzishangwuyouxiangongsi CA 92337,339120,zhengzhoushirupiaodianzishangwuyouxiangongsi,Casegoods,141,0.900709219858156,0.8723404255319149,6.787234042553192,5.74468085106383,-1.042553191489362,0.5177304964539007,938.6902173913045,,,,,,,,,66,0.8636363636363636,0.8484848484848485,6.515151515151516,6.03030303030303,-0.4848484848484853,0.3939393939393939,83.56212121212121,66.0,0.9393939393939394,0.8333333333333334,7.045454545454546,6.393939393939394,-0.6515151515151523,0.6212121212121212,104.69090909090909,0.0,141.0,0.0,0.2856221792392004,-0.03707285622179235,False,-0.3636363636363633
369381,Festival Neo Corporation CA 91789,53394,Festival Neo Corporation,APS AEOF,318,0.9779874213836478,0.9150943396226415,7.813880126182966,6.490566037735849,-1.3233140884471162,0.3490566037735849,1697.1543422733077,5.0,1.0,1.0,7.2,5.2,-2.0,0.6,392.1600000000001,66,0.9848484848484849,0.9393939393939394,8.045454545454545,6.924242424242424,-1.121212121212121,0.3484848484848485,84.51969696969695,20.0,1.0,0.95,8.15,7.2,-0.9500000000000002,0.35,96.38888888888889,5.0,323.0,0.015479876160990712,0.4336763865065745,0.006861063464837058,False,-0.2757575757575763
367182,Ningbo Xinxi Trading Co. CA 92337 (2),286011,Ningbo Xinxi Trading Co.,APS Bedroom,503,0.9642147117296223,0.8886679920477137,6.608349900596422,5.540755467196819,-1.067594433399603,0.5606361829025845,1090.2028635346755,2.0,1.0,1.0,7.0,6.0,-1.0,0.0,30.45,66,1.0,0.9242424242424242,7.666666666666667,6.712121212121212,-0.954545454545455,0.3181818181818182,76.2530303030303,65.0,1.0,0.9230769230769231,8.323076923076924,6.8307692307692305,-1.4923076923076932,0.5846153846153846,94.2042857142857,2.0,505.0,0.0039603960396039604,1.171365744924393,0.035785288270377746,False,-0.11864801864801855
134703,cellpak inc CA,69196,cellpak inc,Lighting,472,0.923728813559322,0.9279661016949152,9.067796610169491,7.40844838921762,-1.6593482209518715,0.2309322033898305,1705.4103896103895,5.0,1.0,0.8,7.4,6.8,-0.6000000000000005,0.4,130.52,65,0.9538461538461539,0.9538461538461539,10.276923076923078,8.753846153846155,-1.523076923076923,0.09230769230769231,68.93846153846152,40.0,0.975,0.95,10.7,9.525,-1.174999999999999,0.25,213.82000000000002,5.0,477.0,0.010482180293501049,1.3453977646285349,0.030117340286831884,False,-0.7711538461538456
329004,AUSLAX01,68009,Bestqi International LLC,APS AEOF,520,0.9403846153846154,0.8923076923076924,5.811538461538461,5.221153846153846,-0.5903846153846155,0.6096153846153847,1211.4626096491227,,,,,,,,,65,0.5846153846153846,0.7846153846153846,6.076923076923077,5.923076923076923,-0.1538461538461533,0.5692307692307692,65.7969230769231,72.0,0.625,0.8472222222222222,6.708333333333333,6.055555555555555,-0.6527777777777777,0.6388888888888888,74.37,0.0,520.0,0.0,0.7019230769230775,-0.3557692307692307,False,-0.132478632478632
326429,Yantai Nanmudianzikeji Youxiangongsi CA 92337 (2),217589,Yantai Nanmudianzikeji Youxiangongsi,APS Rugs,325,0.9107692307692308,0.8646153846153846,5.501538461538462,4.773993808049536,-0.727544653488926,0.6892307692307692,965.7658150851582,1.0,1.0,1.0,7.0,6.0,-1.0,0.0,29.3,65,0.9384615384615385,0.8461538461538461,7.676923076923077,6.292307692307692,-1.384615384615385,0.36923076923076925,111.66307692307693,73.0,0.9452054794520548,0.863013698630137,7.671232876712328,6.178082191780822,-1.4931506849315062,0.547945205479452,98.04222222222221,1.0,326.0,0.003067484662576687,1.5183138842581565,0.027692307692307683,False,0.11422550052686997
339293,JXY HOME LLC CA 91752,213037,JXY HOME LLC,APS Decor,216,0.9907407407407407,0.8657407407407407,7.986111111111111,6.731481481481482,-1.2546296296296289,0.3472222222222222,1579.469135802469,,,,,,,,,65,1.0,0.9846153846153847,8.4,6.846153846153846,-1.5538461538461545,0.24615384615384617,72.99692307692308,42.0,1.0,0.9523809523809523,10.404761904761905,8.380952380952381,-2.0238095238095237,0.30952380952380953,79.45714285714284,0.0,216.0,0.0,0.11467236467236397,0.0092592592592593,False,-1.5347985347985356
80226,"NINGBO JOYS IMP. EXP. CO.,LTD CA91761",61691,Gymax LLC,APS Outdoor,448,0.90625,0.875,5.949032738095239,5.020089285714286,-0.9289434523809534,0.6383928571428571,1093.205808080808,,,,,,,,,65,0.9692307692307692,0.9384615384615385,6.923076923076923,6.015384615384615,-0.907692307692308,0.4,69.87384615384615,70.0,1.0,0.8857142857142857,7.714285714285714,6.742857142857143,-0.9714285714285715,0.4857142857142857,66.71428571428571,0.0,448.0,0.0,0.9952953296703297,0.06298076923076923,False,-0.7274725274725276
272762,YantaiLuomingXinxijishuYoungsi Y1-LOS CA 91761,212725,Yantai Luoming Xinxijishu Youxiangongsi,APS Bedroom,345,0.8782608695652174,0.8782608695652174,5.04927536231884,4.308811594202899,-0.7404637681159416,0.7391304347826086,880.9615,2.0,0.0,0.5,4.0,4.5,0.5,1.0,399.95,65,0.8153846153846154,0.8153846153846154,6.569230769230769,5.7384615384615385,-0.8307692307692305,0.46153846153846156,87.23230769230769,70.0,0.7857142857142857,0.7857142857142857,6.385714285714286,6.217391304347826,-0.16832298136645996,0.5571428571428572,78.7578947368421,2.0,347.0,0.005763688760806916,1.4296499442586397,-0.06287625418060205,False,-0.47892976588628766
59555,EC EXPORT INC. CA 92336,59450,EC EXPORT INC. NJ 08831,APS,594,0.8501683501683501,0.8434343434343434,5.338383838383838,4.828282828282828,-0.5101010101010104,0.6851851851851852,846.2992523364486,,,,,,,,,65,0.7846153846153846,0.8307692307692308,5.6461538461538465,5.107692307692307,-0.5384615384615392,0.6923076923076923,63.42923076923076,70.0,0.7,0.8857142857142857,5.9,5.1571428571428575,-0.7428571428571429,0.7428571428571429,102.67692307692307,0.0,594.0,0.0,0.27940947940947947,-0.06555296555296553,False,-0.04945054945055016
116922,Forious USA Inc. CA 91710,62616,Forious Inc.,APS,317,0.9747634069400631,0.8706624605678234,8.501577287066246,6.6485623003194885,-1.8530149867467571,0.3312302839116719,1633.443816254417,,,,,,,,,64,0.78125,0.796875,9.765625,7.734375,-2.03125,0.15625,87.046875,56.0,0.7678571428571429,0.8571428571428571,10.0,9.107142857142858,-0.8928571428571423,0.39285714285714285,232.1375,0.0,317.0,0.0,1.0858126996805115,-0.19351340694006314,False,-1.3727678571428577
331821,"Hefei Maxyoyo Trading Co., Ltd. CA 91761",67567,"Hefei Maxyoyo Trading Co., Ltd.",APS Youth,319,0.8119122257053292,0.7836990595611285,7.3573667711598745,6.432075471698114,-0.9252912994617608,0.3949843260188088,1387.5079545454546,,,,,,,,,64,0.984375,0.875,7.703125,7.046875,-0.65625,0.1875,74.45625,46.0,0.9347826086956522,0.8695652173913043,9.804347826086957,8.76086956521739,-1.0434782608695663,0.41304347826086957,75.86818181818182,0.0,319.0,0.0,0.6147995283018863,0.17246277429467083,False,-1.7139945652173907
218909,Shenzhenshi Mingxinkeji Youxiangongsi CA 91733,218357,Shenzhenshi Mingxinkeji Youxiangongsi,APS Housewares & More,386,0.9766839378238342,0.9300518134715026,6.595854922279793,5.953367875647668,-0.6424870466321249,0.4170984455958549,1742.2544215055464,,,,,,,,,64,1.0,0.921875,7.5,6.859375,-0.640625,0.25,91.9890625,32.0,1.0,0.9375,7.25,6.4375,-0.8125,0.375,54.921052631578945,0.0,386.0,0.0,0.9060071243523318,0.023316062176165775,False,0.421875
321953,shenzhenshuanglankejiyouxiangongsi CA 92335,320161,shenzhenshuanglankejiyouxiangongsi,Soft Home,182,0.9945054945054945,0.8571428571428571,7.813186813186813,6.478021978021978,-1.3351648351648349,0.47802197802197804,852.2762295081967,11.0,0.9090909090909091,0.9090909090909091,6.181818181818182,6.090909090909091,-0.09090909090909083,0.2727272727272727,66.08181818181818,64,0.953125,0.875,8.03125,6.8203125,-1.2109375,0.3125,75.290625,57.0,0.9298245614035088,0.8771929824561403,10.263157894736842,8.945454545454545,-1.3177033492822972,0.3684210526315789,95.27391304347827,11.0,193.0,0.05699481865284974,0.3422905219780219,-0.041380494505494525,False,-2.1251420454545453
110715,HERVEY TEDROW LLC CA 91748,109117,HERVEY TEDROW LLC,APS Mattresses,321,0.6199376947040498,0.822429906542056,7.8473520249221185,6.978056426332288,-0.8692955985898303,0.3333333333333333,1731.7128301886794,,,,,,,,,64,0.703125,0.90625,7.484375,6.421875,-1.0625,0.40625,87.771875,27.0,0.6666666666666666,0.9629629629629629,6.703703703703703,5.814814814814815,-0.8888888888888884,0.5555555555555556,95.82666666666668,0.0,321.0,0.0,-0.5561814263322882,0.0831873052959502,True,0.6070601851851851
121643,guangzhoushihaiyanwangluokejiyouxian CA 91706(2),119983,PEAKLI LIGHT LLC,APS Home Improvement,380,0.7736842105263158,0.8947368421052632,6.4526315789473685,5.878947368421053,-0.5736842105263156,0.42894736842105263,1499.5427992087045,,,,,,,,,64,1.0,0.9375,8.28125,7.21875,-1.0625,0.1875,78.590625,36.0,0.9722222222222222,0.8611111111111112,8.194444444444445,7.638888888888889,-0.5555555555555554,0.4166666666666667,88.859375,0.0,380.0,0.0,1.339802631578947,0.22631578947368425,False,-0.4201388888888893
15050,Arthur Court Designs,15050,Arthur Court Designs,Tabletop,333,0.996996996996997,0.8828828828828829,5.984984984984985,5.5311025311025315,-0.4538824538824535,0.45045045045045046,1840.7577728685976,,,,,,,,,64,0.84375,0.671875,7.328125,7.4375,0.109375,0.140625,89.653125,22.0,0.5909090909090909,0.5,7.0,7.05,0.04999999999999982,0.2727272727272727,39.3,0.0,333.0,0.0,1.9063974688974685,-0.15324699699699695,False,0.3875000000000002
296095,MRS AWESOME INC CA 91752,38845,MRS AWESOME INC,Soft Home,458,0.8493449781659389,0.8406113537117904,6.954148471615721,6.126439063120286,-0.8277094084954344,0.39737991266375544,1782.3193400167086,7.0,1.0,1.0,8.428571428571429,4.285714285714286,-4.142857142857143,1.0,749.157142857143,64,0.9375,0.90625,7.109375,6.15625,-0.953125,0.484375,94.65937499999998,21.0,0.9523809523809523,0.7142857142857143,8.142857142857142,8.333333333333334,0.19047619047619158,0.3333333333333333,174.81111111111113,7.0,465.0,0.015053763440860216,0.0298109368797137,0.0881550218340611,False,-2.177083333333334
94151,aibinka LLC CA 91748 (2),65788,aibinka LLC,APS,366,0.8770491803278688,0.7377049180327869,6.751366120218579,6.628415300546448,-0.1229508196721314,0.3825136612021858,1612.9548280423282,1.0,1.0,1.0,7.0,7.0,0.0,0.0,32.0,64,0.984375,0.9375,7.484375,6.484375,-1.0,0.390625,96.94843750000001,46.0,1.0,0.9130434782608695,7.695652173913044,7.136363636363637,-0.5592885375494072,0.391304347826087,207.11363636363632,1.0,367.0,0.0027247956403269754,-0.14404030054644767,0.10732581967213117,True,-0.6519886363636367
457260,LD-EOS-CA-11310CAN,313528,"Maizhe Intemnational Trade Co., Limited",APS AEOF,555,0.9657657657657658,0.9045045045045045,6.801801801801802,5.596396396396396,-1.205405405405406,0.5081081081081081,1458.95987654321,2.0,1.0,1.0,5.5,5.0,-0.5,0.5,45.7,63,0.9523809523809523,0.8888888888888888,6.587301587301587,5.746031746031746,-0.841269841269841,0.5555555555555556,73.52063492063492,68.0,0.9705882352941176,0.9117647058823529,6.632352941176471,5.264705882352941,-1.3676470588235299,0.7058823529411765,74.66598639455783,2.0,557.0,0.003590664272890485,0.14963534963534997,-0.013384813384813454,False,0.4813258636788049
246946,Fourth Zodiac Inc CA 91748(2),227589,Fourth Zodiac Inc,APS Rugs,577,0.9220103986135182,0.7989601386481803,7.027729636048527,7.149825783972125,0.12209614792359869,0.4020797227036395,1350.4366250213345,,,,,,,,,63,0.14285714285714285,0.7777777777777778,7.333333333333333,7.507936507936508,0.17460317460317487,0.30158730158730157,65.63015873015873,60.0,0.23333333333333334,0.8166666666666667,8.15,7.85,-0.3000000000000007,0.43333333333333335,72.98472222222222,0.0,577.0,0.0,0.3581107239643826,-0.7791532557563754,False,-0.34206349206349174
229139,RWWF WAREHOUSE,44926,Rowan Global Life Inc_1,APS Home Improvement,361,0.7867036011080333,0.8310249307479224,4.556786703601108,4.2354570637119116,-0.3213296398891963,0.7867036011080333,678.5401785714286,,,,,,,,,62,0.6935483870967742,0.6935483870967742,4.887096774193548,4.870967741935484,-0.016129032258064058,0.7258064516129032,71.60483870967742,77.0,0.8311688311688311,0.8701298701298701,5.337662337662338,4.4935064935064934,-0.8441558441558445,0.7792207792207793,74.97421875,0.0,361.0,0.0,0.6355106782235724,-0.09315521401125904,False,0.37746124842899054
79443,LCUSCORPORATION CA 90620,61652,LC US CORPORATION,Plumbing,279,0.96415770609319,0.9032258064516129,7.336917562724015,6.268784972022382,-1.0681325907016328,0.37992831541218636,1842.4982608695652,,,,,,,,,62,1.0,0.9354838709677419,8.435483870967742,7.225806451612903,-1.209677419354839,0.1774193548387097,67.17096774193547,25.0,1.0,0.96,9.08,7.84,-1.2400000000000002,0.28,78.0888888888889,0.0,279.0,0.0,0.9570214795905212,0.03584229390681004,False,-0.6141935483870968
302545,Tiny Land Inc_1 CA 92377,302022,Tiny Land Inc_1,APS,199,1.0,0.914572864321608,6.201005025125628,5.396984924623116,-0.8040201005025125,0.5175879396984925,1377.036507936508,2.0,1.0,1.0,6.0,3.0,-3.0,1.0,44.349999999999994,62,1.0,0.9838709677419355,7.596774193548387,6.354838709677419,-1.241935483870968,0.4032258064516129,73.05645161290322,23.0,1.0,1.0,5.6521739130434785,4.434782608695652,-1.2173913043478262,0.7391304347826086,137.25,2.0,201.0,0.009950248756218905,0.9578537850543034,0.0,False,1.9200561009817667
347214,"FlySoar Trade Co., Ltd CA 91761(2)",61793,"FlySoar Trade Co., Ltd",APS Bedroom,542,0.9077490774907749,0.8394833948339483,5.592250922509225,5.1470370370370375,-0.4452138854721879,0.6494464944649446,944.4156312625252,,,,,,,,,62,1.0,0.9032258064516129,7.064516129032258,5.645161290322581,-1.419354838709677,0.5,87.74032258064516,78.0,1.0,0.9615384615384616,6.717948717948718,4.8076923076923075,-1.9102564102564106,0.7051282051282052,61.96607142857142,0.0,542.0,0.0,0.49812425328554344,0.09225092250922506,False,0.8374689826302735
369938,运去哪-RWT-美西-92880,236680,Win Wood Furniture Co. Limited,APS AEOF,364,0.8791208791208791,0.8489010989010989,5.936813186813187,5.148351648351649,-0.7884615384615383,0.6016483516483516,1119.0063063063064,,,,,,,,,62,0.9032258064516129,0.9193548387096774,6.854838709677419,5.919354838709677,-0.935483870967742,0.45161290322580644,88.78709677419359,64.0,0.953125,0.921875,6.234375,5.296875,-0.9375,0.703125,102.70222222222223,0.0,364.0,0.0,0.7710031903580283,0.024104927330733772,False,0.622479838709677
46972,Kozyard CA 92336,38813,Kozyard,Outdoor Structures,304,0.8848684210526315,0.8782894736842105,6.365131578947368,5.139072847682119,-1.2260587312652493,0.6019736842105263,806.6335195530726,,,,,,,,,61,0.7868852459016393,0.7704918032786885,5.983606557377049,5.39344262295082,-0.5901639344262293,0.5245901639344263,93.67377049180325,43.0,0.8372093023255814,0.8837209302325582,6.674418604651163,5.953488372093023,-0.7209302325581399,0.6511627906976745,180.82580645161292,0.0,304.0,0.0,0.2543697752687013,-0.0979831751509922,False,-0.5600457491422031
329208,Penson & Co. CA 90660,173557,Penson & Co.,APS Housewares & More,114,0.9736842105263158,0.8421052631578947,4.894736842105263,4.3628318584070795,-0.5319049836981833,0.7719298245614035,863.5009615384618,2.0,1.0,1.0,5.0,3.0,-2.0,1.0,105.39999999999999,61,1.0,0.9344262295081968,6.688524590163935,5.491803278688525,-1.19672131147541,0.6065573770491803,79.04426229508196,20.0,1.0,1.0,6.35,4.8,-1.5499999999999998,0.75,52.09333333333333,2.0,116.0,0.017241379310344827,1.1289714202814451,0.02631578947368418,False,0.6918032786885249
253621,Moda Furnishings CA 91730(2),39355,Moda Furnishings,Outdoor Furniture,180,0.9055555555555556,0.8222222222222222,7.977777777777778,7.662921348314606,-0.3148564294631715,0.3111111111111111,1674.6703448275862,4.0,1.0,1.0,8.25,7.25,-1.0,0.25,465.775,61,0.8852459016393442,0.7049180327868853,8.59016393442623,8.065573770491802,-0.5245901639344268,0.18032786885245902,64.0967213114754,33.0,0.9696969696969697,0.9393939393939394,9.848484848484848,8.375,-1.4734848484848477,0.3939393939393939,67.56923076923077,4.0,184.0,0.021739130434782608,0.4026524221771961,-0.020309653916211312,False,-0.30942622950819754
326296,"MEIYING HOUSEHOLD GROUP CO.,LIMITED CA 91761 (5)",56511,"MEIYING HOUSEHOLD GROUP CO.,LIMITED",APS,436,0.8669724770642202,0.8440366972477065,5.646788990825688,5.029885057471264,-0.6169039333544237,0.6399082568807339,936.459595959596,,,,,,,,,61,0.9016393442622951,0.9016393442622951,6.016393442622951,5.245901639344262,-0.7704918032786887,0.6557377049180327,90.40983606557376,88.0,0.8863636363636364,0.9318181818181818,6.840909090909091,5.306818181818182,-1.5340909090909092,0.7386363636363636,68.56783882783883,0.0,436.0,0.0,0.21601658187299755,0.03466686719807488,False,-0.060916542473919755
37777,"Audoormatics USA, Inc",37777,"Audoormatics USA, Inc",Decor,377,0.9920424403183024,0.9230769230769231,6.305039787798409,5.652519893899204,-0.6525198938992043,0.4297082228116711,1826.9441765717277,,,,,,,,,61,1.0,0.8688524590163934,7.60655737704918,6.901639344262295,-0.7049180327868845,0.2459016393442623,95.69672131147541,31.0,1.0,0.8387096774193549,7.903225806451613,7.225806451612903,-0.67741935483871,0.3548387096774194,49.58461538461539,0.0,377.0,0.0,1.2491194503630911,0.007957559681697646,False,-0.3241671073506076
25716,Test Rite Products Corp CA 91761,25054,Test Rite Products Corp,Storage & Org - Frequency,273,0.8424908424908425,0.8827838827838828,7.205128205128205,6.329670329670329,-0.8754578754578759,0.336996336996337,1808.7907563025208,1.0,0.0,0.0,5.0,8.0,3.0,0.0,1039.6,60,0.9833333333333333,0.9333333333333333,7.933333333333334,7.083333333333333,-0.8500000000000005,0.18333333333333332,70.7,23.0,1.0,0.9130434782608695,5.608695652173913,5.130434782608695,-0.47826086956521774,0.6521739130434783,76.52142857142857,1.0,274.0,0.0036496350364963502,0.7536630036630036,0.1408424908424908,False,1.9528985507246377
430061,"Ningbo Zhiyou E-Commerce Co., Ltd CA 91761(2)",142703,"Ningbo Zhiyou E-Commerce Co., Ltd",APS Pet,381,0.9606299212598425,0.800524934383202,5.821522309711286,5.451443569553806,-0.37007874015747966,0.5748031496062992,1061.3495897435898,1.0,1.0,0.0,6.0,7.0,1.0,0.0,484.8,60,0.7166666666666667,0.8833333333333333,6.716666666666667,6.133333333333334,-0.583333333333333,0.43333333333333335,89.805,36.0,0.8611111111111112,0.9444444444444444,8.222222222222221,7.472222222222222,-0.7499999999999991,0.4166666666666667,70.84062499999999,1.0,382.0,0.002617801047120419,0.6818897637795276,-0.2439632545931758,False,-1.3388888888888886
71474,Clipper Corporation CA,17269,Clipper Corporation,Kitchen & Small Electrics,362,0.8839779005524862,0.8839779005524862,6.30939226519337,5.800554016620499,-0.5088382485728715,0.40607734806629836,1798.2523232323235,,,,,,,,,60,1.0,0.9166666666666666,7.3,6.683333333333334,-0.6166666666666663,0.21666666666666667,79.25666666666666,53.0,1.0,0.9622641509433962,5.037735849056604,4.169811320754717,-0.867924528301887,0.7358490566037735,86.66315789473684,0.0,362.0,0.0,0.8827793167128348,0.11602209944751385,False,2.5135220125786164
56438,Costway CA 92337B,38830,Costway,APS Outdoor,617,0.8849270664505673,0.8833063209076175,4.429497568881685,3.779038357644516,-0.6504592112371692,0.8249594813614263,667.2612022687331,,,,,,,,,60,0.9666666666666667,0.9666666666666667,4.916666666666667,4.116666666666666,-0.8000000000000007,0.85,63.6,95.0,0.968421052631579,0.8842105263157894,5.484210526315789,4.526315789473684,-0.9578947368421051,0.7473684210526316,61.789855072463766,0.0,617.0,0.0,0.33762830902215013,0.08173960021609938,False,-0.4096491228070178
74722,YBC TRADING INC.,74722,YBC TRADING INC.,Lighting,324,0.9629629629629629,0.8765432098765432,8.447530864197532,7.192546583850931,-1.2549842803466005,0.19135802469135801,2007.852577319588,1.0,1.0,0.0,5.0,10.0,5.0,0.0,735.1,60,1.0,1.0,9.566666666666666,7.55,-2.0166666666666666,0.13333333333333333,99.525,15.0,1.0,1.0,9.266666666666667,7.6,-1.6666666666666679,0.06666666666666667,53.075,1.0,325.0,0.003076923076923077,0.35745341614906856,0.03703703703703709,False,-0.04999999999999982
77849,Oggi Corporation LLC,77849,Oggi Corporation LLC,Storage & Org - Frequency,458,0.9366812227074236,0.8646288209606987,6.427947598253275,5.888517793389382,-0.539429804863893,0.4126637554585153,1810.9615417743323,1.0,0.0,1.0,5.0,5.0,0.0,1.0,240.5,60,0.9833333333333333,0.8166666666666667,7.683333333333334,7.383333333333334,-0.2999999999999998,0.2,68.60166666666667,36.0,0.9444444444444444,0.7777777777777778,7.138888888888889,6.583333333333333,-0.5555555555555562,0.3888888888888889,72.85625,1.0,459.0,0.002178649237472767,1.4948155399439518,0.04665211062590968,False,0.8000000000000007
94641,Shenzhenshi xiangdeyizhang keji youxiang CA 92337,67653,"HONG KONG LIUXIN TECHNOLOGY CO., LIMITED",APS,631,0.7765451664025357,0.838351822503962,6.386687797147385,5.722662440570523,-0.6640253565768619,0.5071315372424723,1297.0996991861543,,,,,,,,,59,0.847457627118644,0.9152542372881356,6.898305084745763,6.0508474576271185,-0.8474576271186445,0.3559322033898305,80.41016949152544,42.0,0.9047619047619048,0.9761904761904762,7.809523809523809,5.9523809523809526,-1.8571428571428568,0.5238095238095238,58.247826086956515,0.0,631.0,0.0,0.32818501705659564,0.07091246071610835,False,0.09846650524616596
287099,Jinhuabaiweiyingtongyongpinyouxiangongsi CA 91730,287065,Jinhuabaiweiyingtongyongpinyouxiangongsi,Wayfair,236,0.885593220338983,0.9279661016949152,5.398305084745763,4.661016949152542,-0.7372881355932206,0.7033898305084746,1074.9259433962263,5.0,0.8,0.6,5.0,5.4,0.40000000000000036,0.4,401.56,59,1.0,0.9322033898305084,7.271186440677966,6.186440677966102,-1.0847457627118642,0.423728813559322,80.42881355932202,49.0,1.0,0.8979591836734694,7.551020408163265,5.959183673469388,-1.591836734693877,0.5510204081632653,114.62068965517241,5.0,241.0,0.02074688796680498,1.5254237288135597,0.11440677966101698,False,0.22725700449671393
214262,LASP,41414,Universe Home Inc.,APS,274,0.9379562043795621,0.9051094890510949,6.069343065693431,5.118156934306569,-0.9511861313868621,0.6131386861313869,1183.7908266129027,,,,,,,,,58,0.6896551724137931,0.6724137931034483,7.017241379310345,7.103448275862069,0.0862068965517242,0.27586206896551724,81.53620689655172,45.0,0.7111111111111111,0.8,7.5777777777777775,7.0,-0.5777777777777775,0.4666666666666667,79.348,0.0,274.0,0.0,1.9852913415555005,-0.24830103196576891,False,0.1034482758620694
315478,乐歌-CA-CAP,236680,Win Wood Furniture Co. Limited,APS,453,0.9072847682119205,0.891832229580574,5.6092715231788075,4.902869757174393,-0.7064017660044142,0.6644591611479028,1273.9915773088896,,,,,,,,,58,0.9827586206896551,0.9310344827586207,7.327586206896552,6.189655172413793,-1.137931034482759,0.39655172413793105,78.11206896551724,50.0,0.98,0.86,8.08,6.94,-1.1399999999999997,0.46,71.59545454545454,0.0,453.0,0.0,1.2867854152393994,0.07547385247773464,False,-0.7503448275862077
322497,Whiz Core Inc CA 91761,311885,Whiz Core Inc,Casegoods,214,0.8271028037383178,0.7990654205607477,6.378504672897196,5.341121495327103,-1.037383177570093,0.5981308411214953,662.905031446541,1.0,1.0,1.0,5.0,5.0,0.0,1.0,49.2,58,0.603448275862069,0.6896551724137931,5.698275862068965,5.275862068965517,-0.4224137931034484,0.5689655172413793,47.83793103448276,43.0,0.5348837209302325,0.7441860465116279,6.046511627906977,5.627906976744186,-0.41860465116279055,0.6976744186046512,75.8921875,1.0,215.0,0.004651162790697674,-0.06525942636158621,-0.22365452787624884,True,-0.35204490777866937
316361,YQN BCF CA,64210,Shenzhenshi Youlihai Keji Youxian Gongsi,APS Youth,450,0.8644444444444445,0.84,6.74,5.984304932735426,-0.7556950672645746,0.41333333333333333,1820.4728723404257,2.0,1.0,1.0,4.0,3.0,-1.0,1.0,117.0,58,0.9827586206896551,0.8620689655172413,7.672413793103448,6.827586206896552,-0.8448275862068968,0.22413793103448276,98.71206896551723,19.0,0.9473684210526315,0.7368421052631579,7.526315789473684,7.105263157894737,-0.4210526315789469,0.47368421052631576,88.47777777777777,2.0,452.0,0.004424778761061947,0.843281274161126,0.11831417624521068,False,-0.27767695099818557
289794,YDY,210861,"ECHTWEIT CO., LIMITED",APS,220,0.8363636363636363,0.8318181818181818,5.995454545454545,5.2465753424657535,-0.7488792029887916,0.5545454545454546,1330.3848958333333,,,,,,,,,58,0.9655172413793104,0.896551724137931,6.913793103448276,6.017241379310345,-0.8965517241379306,0.4482758620689655,73.4603448275862,44.0,0.8636363636363636,0.8863636363636364,6.613636363636363,5.681818181818182,-0.9318181818181817,0.6818181818181818,65.96296296296296,0.0,220.0,0.0,0.7706660368445917,0.12915360501567408,False,0.33542319749216354
368661,GLERUS LTD CA 92337,276785,GLERUS LTD,Casegoods,267,0.9288389513108615,0.8689138576779026,5.187265917602996,4.507518796992481,-0.6797471206105152,0.700374531835206,924.3219298245614,1.0,0.0,1.0,3.0,3.0,0.0,1.0,64.4,58,0.8620689655172413,0.8275862068965517,6.120689655172414,5.431034482758621,-0.6896551724137927,0.5517241379310345,84.57931034482758,64.0,0.828125,0.71875,6.34375,6.126984126984127,-0.21676587301587258,0.59375,103.98095238095237,1.0,268.0,0.0037313432835820895,0.92351568576614,-0.06676998579362015,False,-0.6959496442255064
37678,Animetronix Inc. CA,21611,Animetronix Inc.,Kitchen & Small Electrics,275,0.9345454545454546,0.8654545454545455,6.141818181818182,5.702205882352941,-0.4396122994652405,0.43272727272727274,1634.4994971264366,,,,,,,,,58,0.9827586206896551,0.7586206896551724,7.557471264367816,7.293103448275862,-0.26436781609195403,0.15517241379310345,86.09137931034483,32.0,0.96875,0.96875,7.15625,6.40625,-0.75,0.4375,68.12777777777777,0.0,275.0,0.0,1.590897565922921,0.04821316614420057,False,0.8868534482758621
114707,ocean home fashion inc CA 90601,43431,ocean home fashion inc,APS,505,0.998019801980198,0.9287128712871288,6.994059405940594,6.2752475247524755,-0.7188118811881186,0.3782178217821782,1844.5942610062893,,,,,,,,,58,1.0,0.9137931034482759,7.689655172413793,7.051724137931035,-0.637931034482758,0.15517241379310345,118.04655172413793,31.0,0.967741935483871,0.8064516129032258,8.32258064516129,8.333333333333334,0.01075268817204389,0.3870967741935484,111.56666666666666,0.0,505.0,0.0,0.7764766131785592,0.001980198019801982,False,-1.2816091954022992
353661,shenzhenzhijingdianzishangwuyouxiangongsi WPLA16,209607,shenzhenzhijingdianzishangwuyouxiangongsi,APS Bedroom,154,0.961038961038961,0.9285714285714286,6.097402597402597,4.616883116883117,-1.4805194805194803,0.6948051948051948,963.8469696969696,6.0,0.8333333333333334,0.6666666666666666,3.8333333333333335,4.666666666666667,0.8333333333333335,0.6666666666666666,358.4833333333333,58,0.7413793103448276,0.7931034482758621,6.258620689655173,5.758620689655173,-0.5,0.6206896551724138,67.13275862068966,48.0,0.7291666666666666,0.7916666666666666,7.666666666666667,6.145833333333333,-1.520833333333334,0.625,65.13333333333334,6.0,160.0,0.0375,1.1417375727720556,-0.2196596506941334,False,-0.38721264367816044
177991,GRANPA PIG INC CA 91762,81468,GRANPA PIG INC,APS Home Improvement,427,0.9859484777517564,0.9110070257611241,8.149882903981265,6.807058823529411,-1.3428240804518534,0.3231850117096019,1627.1542613636366,2.0,1.0,0.5,4.5,5.0,0.5,1.0,317.0,58,1.0,0.9482758620689655,8.517241379310345,6.810344827586207,-1.706896551724138,0.25862068965517243,88.14999999999999,27.0,1.0,0.9259259259259259,11.925925925925926,10.444444444444445,-1.481481481481481,0.18518518518518517,120.8,2.0,429.0,0.004662004662004662,0.0032860040567959103,0.014051522248243575,False,-3.6340996168582373
147209,New Decor LLC CA(7),55897,New Decor LLC,APS Home Improvement,391,0.7161125319693095,0.7953964194373402,6.861892583120205,6.166240409207161,-0.6956521739130439,0.38618925831202044,1558.533697916667,,,,,,,,,58,0.27586206896551724,0.7413793103448276,6.724137931034483,6.672413793103448,-0.0517241379310347,0.3448275862068966,97.27068965517239,33.0,0.42424242424242425,0.6666666666666666,9.333333333333334,9.181818181818182,-0.15151515151515227,0.42424242424242425,89.62941176470588,0.0,391.0,0.0,0.5061733838962876,-0.4402504630037922,False,-2.5094043887147333
227560,EHL01,95501,Bloddream Global Inc.,APS,421,0.9714964370546318,0.9144893111638955,6.888361045130641,6.14087337840307,-0.7474876667275714,0.42042755344418054,1637.95940831075,,,,,,,,,57,0.7017543859649122,0.8947368421052632,7.491228070175438,7.0701754385964914,-0.4210526315789469,0.24561403508771928,81.19122807017544,31.0,0.7419354838709677,0.8387096774193549,7.806451612903226,7.516129032258065,-0.29032258064516103,0.41935483870967744,70.35,0.0,421.0,0.0,0.9293020601934217,-0.2697420510897196,False,-0.4459535936615735
300817,HALOPU LTD CA 91761,271608,HALOPU LTD,Hardware,339,0.9085545722713865,0.7551622418879056,7.513274336283186,7.053097345132743,-0.4601769911504432,0.3392330383480826,1461.856747404844,,,,,,,,,57,0.5614035087719298,0.7543859649122807,7.421052631578948,7.508771929824562,0.08771929824561386,0.19298245614035087,93.04385964912281,32.0,0.71875,0.90625,8.78125,7.5625,-1.21875,0.40625,67.60666666666665,0.0,339.0,0.0,0.45567458469181865,-0.3471510634994567,False,-0.05372807017543835
223807,William meixi,92496,Luxuria Furniture Inc,Lighting,411,0.9805352798053528,0.9221411192214112,6.452554744525547,5.2955268575706524,-1.1570278869548947,0.5693430656934306,1292.7966183574881,,,,,,,,,57,0.6140350877192983,0.7719298245614035,6.0,5.982456140350878,-0.017543859649122417,0.5087719298245614,69.3842105263158,64.0,0.640625,0.796875,8.59375,8.140625,-0.453125,0.515625,73.4470588235294,0.0,411.0,0.0,0.6869292827802251,-0.36650019208605455,False,-2.1581688596491224
399960,"Hangzhou Chuandiai Cultural Media Co., Ltd. CA 92374",284231,Kaiyon International (Hong Kong) Limited_1,APS Rugs,232,0.9698275862068966,0.9008620689655172,7.685344827586207,6.401746724890829,-1.283598102695378,0.34913793103448276,1646.3728723404254,5.0,1.0,0.8,7.0,7.0,0.0,0.0,62.75999999999999,57,1.0,0.9824561403508771,8.368421052631579,6.543859649122807,-1.8245614035087714,0.3508771929824561,91.34912280701754,37.0,1.0,1.0,8.216216216216216,6.45945945945946,-1.7567567567567561,0.43243243243243246,46.164705882352955,5.0,237.0,0.02109704641350211,0.14211292423197808,0.030172413793103425,False,0.08440018966334772
12877,Innova Hearth and Home,12877,Innova Hearth and Home,Decor,313,0.9073482428115016,0.853035143769968,6.412140575079873,5.866453674121406,-0.5456869009584668,0.3801916932907348,1719.9815884476536,,,,,,,,,57,0.5614035087719298,0.7543859649122807,8.140350877192983,7.824561403508772,-0.3157894736842106,0.15789473684210525,83.39473684210526,35.0,0.5428571428571428,0.6857142857142857,9.085714285714285,8.628571428571428,-0.4571428571428573,0.22857142857142856,50.6375,0.0,313.0,0.0,1.9581077293873665,-0.3459447340395718,False,-0.8040100250626558
321299,hangzhousanchunjiafangyouxiangongsi CA 91710,306600,hangzhousanchunjiafangyouxiangongsi,Wayfair,151,0.9602649006622517,0.8741721854304636,7.94,6.900662251655629,-1.039337748344371,0.31788079470198677,1668.848888888889,7.0,0.8571428571428571,1.0,8.714285714285714,4.285714285714286,-4.428571428571428,0.8571428571428571,608.8571428571429,57,0.9122807017543859,0.9298245614035088,9.771929824561404,7.578947368421052,-2.192982456140352,0.2631578947368421,72.95263157894738,36.0,0.8055555555555556,0.8333333333333334,9.25,8.055555555555555,-1.1944444444444446,0.3611111111111111,63.79473684210526,7.0,158.0,0.04430379746835443,0.6782851167654229,-0.04798419890786576,False,-0.47660818713450315
352273,"Ningbo Chuangjiuyi Technology Co., Ltd CA 91730",86525,"Ningbo Chuangjiuyi Technology Co., Ltd",APS Upholstery,264,0.7083333333333334,0.7954545454545454,5.742424242424242,5.329545454545454,-0.41287878787878807,0.7121212121212122,607.6902654867257,,,,,,,,,57,0.47368421052631576,0.6491228070175439,5.2631578947368425,5.578947368421052,0.31578947368420973,0.5789473684210527,82.68771929824561,55.0,0.43636363636363634,0.7272727272727273,7.109090909090909,7.0,-0.10909090909090935,0.5636363636363636,88.56944444444444,0.0,264.0,0.0,0.24940191387559807,-0.2346491228070176,False,-1.4210526315789478
290812,Barry Room Inc CA 92571,277709,Barry Room Inc,Wayfair,401,0.8054862842892768,0.8403990024937655,7.224438902743142,6.425357142857142,-0.7990817598859996,0.3491271820448878,1709.94076433121,1.0,0.0,0.0,8.0,9.0,1.0,0.0,514.1,57,0.9824561403508771,0.9649122807017544,6.9298245614035086,5.7368421052631575,-1.192982456140351,0.5964912280701754,78.36491228070177,53.0,0.9811320754716981,0.8867924528301887,11.09433962264151,9.018867924528301,-2.0754716981132084,0.24528301886792453,56.866666666666674,1.0,402.0,0.0024875621890547263,-0.6885150375939846,0.17696985606160032,True,-3.2820258192651437
150211,Shenzhenshi Hejingshangmao Youxiangongsi CA 91766,147907,Shenzhenshi Hejingshangmao Youxiangongsi,APS Home Improvement,258,0.9728682170542635,0.872093023255814,6.12015503875969,5.870817120622568,-0.24933791813712247,0.4573643410852713,1776.2208888888888,,,,,,,,,57,1.0,0.8947368421052632,7.280701754385965,6.9298245614035086,-0.35087719298245634,0.22807017543859648,73.15964912280702,22.0,0.9545454545454546,0.8636363636363636,8.090909090909092,7.181818181818182,-0.9090909090909101,0.36363636363636365,61.78000000000001,0.0,258.0,0.0,1.059007440780941,0.027131782945736482,False,-0.2519936204146731
60151,First Op International Inc CA 90670,57245,First Op International Inc,APS,207,0.9227053140096618,0.9033816425120773,7.51207729468599,6.4088669950738915,-1.1032102996120985,0.45410628019323673,1593.995205479452,,,,,,,,,56,0.9821428571428571,0.875,6.464285714285714,6.089285714285714,-0.375,0.5178571428571429,83.88035714285715,62.0,0.9838709677419355,0.7258064516129032,8.85483870967742,8.82258064516129,-0.03225806451612989,0.41935483870967744,160.1074074074074,0.0,207.0,0.0,-0.31958128078817705,0.05943754313319527,True,-2.7332949308755756
205877,Boxstar - ZhiRun - David,201670,shenzhenshiaijinmaoyiyouxiangongsi,Lighting,376,0.9468085106382979,0.8829787234042553,6.776595744680851,6.139572192513368,-0.6370235521674825,0.39361702127659576,1822.045551242236,2.0,1.0,1.0,8.0,6.5,-1.5,0.0,123.6,56,0.9464285714285714,0.8214285714285714,7.821428571428571,7.267857142857143,-0.5535714285714279,0.16071428571428573,109.89285714285714,29.0,0.896551724137931,0.9310344827586207,6.931034482758621,6.0,-0.931034482758621,0.41379310344827586,82.80666666666667,2.0,378.0,0.005291005291005291,1.128284950343775,-0.00037993920972645423,False,1.2678571428571432
450363,eChamp CO.LTD CA 92337-4321,92672,eChamp CO.LTD,APS Upholstery,96,0.9791666666666666,0.7395833333333334,5.5625,4.8,-0.7625000000000002,0.6666666666666666,842.9988372093022,,,,,,,,,56,1.0,0.9642857142857143,6.267857142857143,4.821428571428571,-1.446428571428572,0.7142857142857143,58.5107142857143,35.0,1.0,1.0,5.371428571428571,3.6285714285714286,-1.7428571428571424,0.9142857142857143,173.93,0.0,96.0,0.0,0.021428571428571352,0.02083333333333337,False,1.1928571428571426
46230,Coaster CA- 90670-4062,999,Coaster,Casegoods,639,0.9029733959311425,0.8231611893583725,4.695302418801307,4.0501567398119125,-0.6451456789893948,0.7730829420970265,682.0092281879193,,,,,,,,,56,0.9642857142857143,0.7857142857142857,5.142857142857143,4.964285714285714,-0.17857142857142883,0.6607142857142857,86.86964285714284,71.0,0.9014084507042254,0.9154929577464789,4.76056338028169,3.9859154929577465,-0.7746478873239435,0.8591549295774648,68.99830508474577,0.0,639.0,0.0,0.9141289744738019,0.06131231835457185,False,0.9783702213279679
60121,"Accent Decor, Inc. CA 92571",56239,"Accent Decor, Inc.",Decor,351,0.9715099715099715,0.8717948717948718,5.249287749287749,4.774285714285714,-0.475002035002035,0.6467236467236467,1141.9990353697747,,,,,,,,,55,0.9818181818181818,0.9272727272727272,5.7272727272727275,5.090909090909091,-0.6363636363636367,0.6,53.26181818181818,29.0,0.9310344827586207,0.9655172413793104,5.517241379310345,5.0344827586206895,-0.4827586206896557,0.6896551724137931,77.1,0.0,351.0,0.0,0.3166233766233768,0.010308210308210275,False,0.056426332288401326
252581,JXY HOME LLC CA 92335,213037,JXY HOME LLC,APS Decor,165,0.7636363636363637,0.7333333333333333,6.609756097560975,6.466666666666667,-0.14308943089430848,0.3515151515151515,1448.972131147541,,,,,,,,,55,0.9272727272727272,0.8727272727272727,7.781818181818182,6.836363636363636,-0.9454545454545462,0.2909090909090909,79.2890909090909,31.0,0.8387096774193549,0.9032258064516129,9.161290322580646,8.451612903225806,-0.7096774193548399,0.22580645161290322,107.28333333333332,0.0,165.0,0.0,0.3696969696969692,0.16363636363636358,False,-1.61524926686217
153927,YI LIGHTING CA 91744,95485,YI LIGHTING,Lighting,717,0.9302649930264993,0.899581589958159,7.947001394700139,6.598326359832636,-1.3486750348675036,0.3277545327754533,1786.075779816514,,,,,,,,,55,0.7454545454545455,0.6545454545454545,8.036363636363637,7.909090909090909,-0.12727272727272787,0.07272727272727272,71.28727272727274,32.0,0.78125,0.71875,9.90625,9.78125,-0.125,0.15625,108.36000000000001,0.0,717.0,0.0,1.3107645492582733,-0.18481044757195386,False,-1.8721590909090908
344391,Shenzhenshi Daman Shiye Youxiangongsi CA 92410,76761,Shenzhenshi Daman Shiye Youxiangongsi,APS K&D,433,0.9191685912240185,0.8660508083140878,5.757505773672055,4.912240184757506,-0.8452655889145495,0.651270207852194,1015.7373056994818,5.0,1.0,1.0,5.6,4.6,-1.0,0.6,87.34,55,0.8545454545454545,0.8181818181818182,6.618181818181818,6.054545454545455,-0.5636363636363635,0.5272727272727272,69.84363636363636,56.0,0.7857142857142857,0.8035714285714286,7.214285714285714,6.160714285714286,-1.0535714285714288,0.5357142857142857,66.6611111111111,5.0,438.0,0.01141552511415525,1.1423052697879488,-0.06462313667856401,False,-0.10616883116883091
178430,Strong Plum Blossom Inc. CA 91762,73766,Strong Plum Blossom Inc.,APS Home Improvement,464,0.9892241379310345,0.8685344827586207,7.734913793103448,6.746753246753247,-0.9881605463502012,0.3620689655172414,1827.1512755102042,4.0,1.0,0.75,5.0,4.5,-0.5,0.5,58.075,55,1.0,0.9454545454545454,8.090909090909092,6.581818181818182,-1.5090909090909097,0.34545454545454546,105.28727272727274,29.0,1.0,0.9310344827586207,11.379310344827585,9.344827586206897,-2.0344827586206886,0.3103448275862069,54.27777777777778,4.0,468.0,0.008547008547008548,-0.16493506493506516,0.010775862068965525,True,-2.763009404388715
31363,LLYTech Inc. CA91746,10909,LLYTech Inc.,APS SEA,532,0.9360902255639098,0.8796992481203008,5.234492481203008,4.791353383458647,-0.44313909774436055,0.6766917293233082,1074.4656560344697,1.0,0.0,0.0,4.0,5.0,1.0,1.0,717.3,55,0.7636363636363637,0.7090909090909091,6.454545454545454,6.3090909090909095,-0.14545454545454461,0.38181818181818183,70.3,96.0,0.71875,0.7916666666666666,5.8125,5.791666666666667,-0.020833333333333037,0.6770833333333334,73.67524509803921,1.0,533.0,0.001876172607879925,1.5177375256322625,-0.17245386192754608,False,0.5174242424242426
242477,Zhejiang Paide Network Technology Co Ltd CA 92410,103843,Zhejiang Paide Network Technology Co Ltd,APS,402,0.9328358208955224,0.7786069651741293,5.2835820895522385,5.039900249376559,-0.24368184017567973,0.6716417910447762,1055.7003536693194,,,,,,,,,55,0.8909090909090909,0.8181818181818182,6.236363636363636,5.763636363636364,-0.47272727272727266,0.5454545454545454,78.72909090909091,47.0,0.7872340425531915,0.723404255319149,5.0,4.276595744680851,-0.7234042553191493,0.7021276595744681,48.72954545454545,0.0,402.0,0.0,0.7237361142598049,-0.041926729986431543,False,1.487040618955513
432815,"Hangzhou Tingyun International Trading Co., Ltd. CA 92571",431646,"Hangzhou Tingyun International Trading Co., Ltd.",Wayfair,366,0.8114754098360656,0.7896174863387978,6.032786885245901,5.674863387978142,-0.35792349726775896,0.5491803278688525,1255.7739393939394,,,,,,,,,55,1.0,1.0,5.927272727272728,4.8,-1.1272727272727279,0.7090909090909091,53.42363636363636,40.0,1.0,0.95,8.2,6.5,-1.6999999999999993,0.6,80.23600000000002,0.0,366.0,0.0,-0.8748633879781424,0.1885245901639344,True,-1.7000000000000002
425349,TRINITY INTERNATIONAL CA 91762(3),215836,TRINITY  INTERNATIONAL,APS Bedroom,739,0.9106901217861976,0.871447902571042,5.339648173207037,4.7456021650879565,-0.5940460081190801,0.6752368064952639,1020.6430700447094,2.0,1.0,1.0,4.0,3.0,-1.0,1.0,49.3,55,0.8727272727272727,0.8727272727272727,5.509090909090909,5.072727272727272,-0.4363636363636365,0.6545454545454545,64.51454545454546,63.0,0.9682539682539683,0.9047619047619048,6.555555555555555,5.555555555555555,-1.0,0.6825396825396826,71.67128205128205,2.0,741.0,0.002699055330634278,0.3271251076393158,-0.037962849058924886,False,-0.48282828282828305
137481,Shine Company CA,2989,Shine Company,Outdoor Furniture,265,0.9924528301886792,0.8905660377358491,6.528301886792453,5.988679245283019,-0.5396226415094336,0.4188679245283019,1734.2947867298576,1.0,0.0,1.0,7.0,5.0,-2.0,1.0,1632.2,55,1.0,0.9272727272727272,7.418181818181818,6.909090909090909,-0.5090909090909088,0.23636363636363636,95.30363636363636,28.0,1.0,0.7142857142857143,8.857142857142858,9.178571428571429,0.3214285714285712,0.2857142857142857,56.95714285714286,1.0,266.0,0.0037593984962406013,0.9204116638078901,0.007547169811320753,False,-2.2694805194805197
279326,Kazoo LLC CA 91762,226762,Kazoo LLC,Storage & Org - Frequency,342,0.8742690058479532,0.7923976608187134,12.032163742690058,9.964497041420119,-2.067666701269939,0.12280701754385964,1736.3079710144928,45.0,1.0,0.9333333333333333,10.088888888888889,7.4,-2.688888888888888,0.17777777777777778,88.08222222222221,55,0.9454545454545454,0.9636363636363636,13.218181818181819,8.672727272727272,-4.545454545454547,0.09090909090909091,77.59454545454547,26.0,0.7692307692307693,0.7692307692307693,12.884615384615385,13.346153846153847,0.4615384615384617,0.23076923076923078,529.5818181818181,45.0,387.0,0.11627906976744186,-1.2917697686928467,0.07118553960659224,True,-4.673426573426575
3947,MaximLighting CA- 91746,1868,Maxim Lighting,Lighting,366,0.8989071038251366,0.8961748633879781,5.948087431693989,5.351648351648351,-0.5964390800456378,0.5846994535519126,1184.9165311180586,,,,,,,,,54,0.7407407407407407,0.7592592592592593,6.611111111111111,6.481481481481482,-0.12962962962962887,0.37037037037037035,76.97222222222223,59.0,0.7457627118644068,0.7457627118644068,6.1525423728813555,7.338983050847458,1.186440677966102,0.559322033898305,145.62685185185188,0.0,366.0,0.0,1.1298331298331306,-0.1581663630843959,False,-0.8575015693659758
439648,JUSTMAE INC CA 91752,81490,JUSTMAE INC,APS AEOF,232,0.9008620689655172,0.9008620689655172,7.021551724137931,5.666666666666667,-1.3548850574712636,0.5818965517241379,982.5555555555555,4.0,1.0,1.0,5.0,4.0,-1.0,0.75,215.04999999999998,54,0.9259259259259259,0.9444444444444444,6.555555555555555,5.148148148148148,-1.4074074074074074,0.6666666666666666,82.3648148148148,80.0,0.9625,0.825,8.0375,6.782051282051282,-1.2554487179487177,0.55,94.69375000000002,4.0,236.0,0.01694915254237288,-0.518518518518519,0.025063856960408692,True,-1.633903133903134
449676,deconovo CA 90631,56072,deconovo,APS Soft Home,412,0.9368932038834952,0.8956310679611651,8.186893203883495,6.7073170731707314,-1.479576130712763,0.3325242718446602,1544.6542811355312,1.0,1.0,1.0,6.0,4.0,-2.0,1.0,95.5,54,0.9629629629629629,0.9629629629629629,10.296296296296296,8.444444444444445,-1.8518518518518512,0.1111111111111111,82.48148148148148,40.0,1.0,0.95,11.225,9.85,-1.375,0.275,50.2625,1.0,413.0,0.002421307506053269,1.7371273712737132,0.026069759079467736,False,-1.405555555555555
463964,Grand Leisure Outdoor Product CA 92335,54838,Grand Leisure Outdoor Product Co.,APS Outdoor,1001,0.9660339660339661,0.8781218781218781,6.489510489510489,5.764257019576168,-0.7252534699343212,0.4925074925074925,1421.339588235294,,,,,,,,,54,0.9259259259259259,0.8518518518518519,8.87037037037037,7.555555555555555,-1.3148148148148149,0.2037037037037037,81.5185185185185,44.0,0.8863636363636364,0.7954545454545454,8.727272727272727,8.909090909090908,0.18181818181818166,0.4772727272727273,311.29230769230776,0.0,1001.0,0.0,1.7912985359793874,-0.040108040108040144,False,-1.353535353535353
413445,"FOSHAN SWEET LEMON TRADING CO., LTD CA 92337",312751,"FOSHAN SWEET LEMON TRADING CO., LTD",APS Mattresses,130,0.9230769230769231,0.8846153846153846,5.6692307692307695,5.061538461538461,-0.6076923076923082,0.6307692307692307,628.1783333333333,,,,,,,,,54,1.0,0.8703703703703703,8.37037037037037,7.351851851851852,-1.0185185185185182,0.18518518518518517,103.3722222222222,41.0,1.0,0.975609756097561,5.951219512195122,4.512195121951219,-1.4390243902439028,0.6585365853658537,317.1484375,0.0,130.0,0.0,2.2903133903133908,0.07692307692307687,False,2.839656729900633
27713,The Stock Market CA 92571,7141,The Stock Market,Plumbing,813,0.982779827798278,0.942189421894219,3.392373923739237,2.8367516233301866,-0.5556223004090506,0.9175891758917589,395.5631603353343,6.0,0.6666666666666666,1.0,4.0,2.6666666666666665,-1.3333333333333335,0.8333333333333334,455.9833333333333,54,0.9074074074074074,0.8888888888888888,4.851851851851852,4.12962962962963,-0.7222222222222223,0.7592592592592593,71.85740740740741,169.0,0.9704142011834319,0.9704142011834319,3.289940828402367,2.666666666666666,-0.6232741617357007,0.9644970414201184,74.01963414634146,6.0,819.0,0.007326007326007326,1.2928780062994432,-0.07537242039087055,False,1.4629629629629637
98240,TRAVIS JOINER INTERNATIONAL LIMITED CA 91730,73582,TRAVIS JOINER INTERNATIONAL LIMITED,APS Youth,164,0.9451219512195121,0.8963414634146342,9.676829268292684,7.65625,-2.0205792682926838,0.3048780487804878,767.2435483870968,,,,,,,,,54,0.9074074074074074,0.8518518518518519,8.555555555555555,8.018518518518519,-0.5370370370370363,0.12962962962962962,81.85,43.0,0.9302325581395349,0.8372093023255814,8.720930232558139,8.069767441860465,-0.6511627906976738,0.3023255813953488,283.86842105263156,0.0,164.0,0.0,0.36226851851851904,-0.037714543812104706,False,-0.051248923341946195
96558,"Shenyang Yefu Commercial and Trading Co.,Ltd CA 91730",95177,"Shenyang Yefu Commercial and Trading Co.,Ltd",APS Outdoor,323,0.7987616099071208,0.848297213622291,7.2291021671826625,6.461300309597523,-0.7678018575851393,0.4024767801857585,1537.4965949820787,2.0,0.0,1.0,5.0,4.0,-1.0,1.0,575.6,54,0.7037037037037037,0.6851851851851852,8.296296296296296,8.222222222222221,-0.0740740740740744,0.2222222222222222,86.28148148148149,36.0,0.5,0.6666666666666666,10.305555555555555,10.742857142857142,0.43730158730158664,0.2777777777777778,365.3230769230769,2.0,325.0,0.006153846153846154,1.7609219126246982,-0.09505790620341703,False,-2.5206349206349206
272599,FTN1,130588,Pundarika LLC,APS Housewares & More,345,0.9884057971014493,0.9188405797101449,6.71304347826087,5.409985422740525,-1.3030580555203448,0.5101449275362319,1620.2074025974025,6.0,1.0,1.0,5.5,5.0,-0.5,0.6666666666666666,103.55,54,1.0,0.9629629629629629,7.888888888888889,5.888888888888889,-2.0,0.48148148148148145,94.50185185185185,33.0,1.0,0.9090909090909091,8.848484848484848,6.787878787878788,-2.0606060606060597,0.42424242424242425,97.20714285714284,6.0,351.0,0.017094017094017096,0.4789034661483642,0.011594202898550732,False,-0.8989898989898988
322887,  BCF_CA_US,39138,Rose Home Fashion LLC,APS Soft Home,258,0.9418604651162791,0.8875968992248062,7.10077519379845,5.840466926070039,-1.2603082677284112,0.4573643410852713,1725.0245283018867,12.0,0.9166666666666666,1.0,6.0,4.666666666666667,-1.333333333333333,0.5833333333333334,166.025,54,0.9629629629629629,0.9074074074074074,7.814814814814815,6.185185185185185,-1.6296296296296298,0.37037037037037035,94.5,35.0,0.9714285714285714,0.9428571428571428,9.771428571428572,7.3428571428571425,-2.4285714285714297,0.4,111.27857142857144,12.0,270.0,0.044444444444444446,0.34471825911514653,0.021102497846683832,False,-1.1576719576719574
328308,Vintagee Furnishings Inc CA 92880,271742,Vintagee Furnishings Inc,Casegoods,52,0.9230769230769231,0.8653846153846154,7.961538461538462,6.519230769230769,-1.4423076923076925,0.40384615384615385,1770.6978260869566,,,,,,,,,54,0.9814814814814815,0.8888888888888888,8.296296296296296,6.888888888888889,-1.4074074074074066,0.25925925925925924,77.40925925925924,26.0,0.9615384615384616,0.8846153846153846,10.538461538461538,8.423076923076923,-2.115384615384615,0.38461538461538464,68.03636363636365,0.0,52.0,0.0,0.3696581196581201,0.05840455840455838,False,-1.534188034188034
11135,M S International CA 92865,10633,MSI,Flooring,315,0.3746031746031746,0.707936507936508,6.0,6.134615384615385,0.13461538461538503,0.5206349206349207,893.293643018018,,,,,,,,,53,0.32075471698113206,0.5660377358490566,7.018867924528302,8.09433962264151,1.0754716981132075,0.3018867924528302,89.28113207547169,61.0,0.5245901639344263,0.819672131147541,5.508196721311475,5.459016393442623,-0.049180327868852736,0.6721311475409836,86.42575757575757,0.0,315.0,0.0,1.9597242380261246,-0.053848457622042545,False,2.635323229198887
209746,Zhejiang Anji Yanghao Network Technology CA 92337,133824,"Zhejiang Anji Yanghao Network Technology Co., Ltd.",APS K&D,515,0.9398058252427185,0.912621359223301,5.289320388349514,4.43495145631068,-0.8543689320388346,0.7262135922330097,1039.1369489361703,,,,,,,,,53,0.7924528301886793,0.8490566037735849,6.6415094339622645,5.773584905660377,-0.867924528301887,0.5283018867924528,53.9566037735849,54.0,0.8888888888888888,0.9629629629629629,7.092592592592593,5.648148148148148,-1.4444444444444446,0.6296296296296297,69.38823529411764,0.0,515.0,0.0,1.3386334493496976,-0.1473529950540392,False,0.1254367575122295
269248,"Zhongshan Yaju art bright lighting Co., LTD CA 90640",268926,"Zhongshan Yaju art bright lighting Co., LTD",Wayfair,184,1.0,0.9293478260869565,7.782608695652174,6.358695652173913,-1.4239130434782608,0.33695652173913043,2036.4660606060606,1.0,1.0,1.0,5.0,4.0,-1.0,1.0,22.8,53,1.0,0.9433962264150944,8.679245283018869,8.018867924528301,-0.6603773584905674,0.07547169811320754,88.79245283018868,16.0,1.0,0.875,11.75,10.6875,-1.0625,0.0625,110.05,1.0,185.0,0.005405405405405406,1.6601722723543881,0.0,False,-2.668632075471699
103053,USLA02,64607,HOMARY TECHNOLOGY INC,APS,421,0.8052256532066508,0.8028503562945368,6.261282660332542,5.5439429928741095,-0.7173396674584325,0.5510688836104513,1082.88435828877,1.0,1.0,1.0,4.0,4.0,0.0,1.0,43.6,53,0.9622641509433962,0.8679245283018868,6.264150943396227,5.773584905660377,-0.4905660377358494,0.4339622641509434,59.669811320754725,55.0,0.9818181818181818,0.8363636363636363,6.036363636363636,5.636363636363637,-0.39999999999999947,0.7090909090909091,58.638095238095254,1.0,422.0,0.002369668246445498,0.2296419127862679,0.15703849773674539,False,0.13722126929674072
96117,SR SUNRISE CA 91746,93407,SR SUNRISE,Outdoor Furniture,218,0.9220183486238532,0.8715596330275229,7.490825688073395,6.8577981651376145,-0.6330275229357802,0.21559633027522937,2016.44606741573,,,,,,,,,53,0.8679245283018868,0.6415094339622641,7.113207547169812,7.0754716981132075,-0.03773584905660421,0.2641509433962264,76.24528301886792,57.0,0.8771929824561403,0.8596491228070176,9.578947368421053,9.5,-0.0789473684210531,0.2807017543859649,56.71875,0.0,218.0,0.0,0.217673532975593,-0.05409382032196641,False,-2.4245283018867925
292186,Alphamarts CA 92879(2),46710,Alphamarts,APS Outdoor,306,0.6601307189542484,0.8627450980392157,5.892156862745098,5.668852459016393,-0.2233044037287053,0.5915032679738562,1114.794139194139,,,,,,,,,52,0.8461538461538461,0.8846153846153846,7.403846153846154,6.519230769230769,-0.884615384615385,0.40384615384615385,59.04423076923077,38.0,0.8157894736842105,0.9473684210526315,9.026315789473685,7.526315789473684,-1.5000000000000009,0.34210526315789475,99.84615384615384,0.0,306.0,0.0,0.850378310214376,0.1860231271995978,False,-1.007085020242915
314442,Morandi Grey Inc CA 91752 ,108080,Morandi Grey Inc,APS Home Improvement,138,0.9565217391304348,0.9130434782608695,7.963768115942029,6.905109489051095,-1.0586586268909342,0.2898550724637681,1733.6151260504203,1.0,1.0,1.0,7.0,7.0,0.0,0.0,60.9,52,1.0,0.9038461538461539,8.846153846153847,7.4423076923076925,-1.4038461538461542,0.11538461538461539,76.93846153846154,11.0,1.0,1.0,7.0,5.909090909090909,-1.0909090909090908,0.36363636363636365,44.5,1.0,139.0,0.007194244604316547,0.5371982032565974,0.04347826086956519,False,1.5332167832167833
237538,guangdongnanmeizhizaojiajuyouxiangongsi CA 92410,177068,guangdongnanmeizhizaojiajuyouxiangongsi,APS Mattresses,130,0.9692307692307692,0.8846153846153846,7.115384615384615,6.007692307692308,-1.1076923076923073,0.4,1311.464761904762,2.0,1.0,1.0,7.0,6.0,-1.0,0.5,121.9,52,1.0,0.8076923076923077,5.173076923076923,4.884615384615385,-0.2884615384615383,0.8076923076923077,92.18269230769229,36.0,1.0,0.9444444444444444,6.027777777777778,4.972222222222222,-1.0555555555555554,0.8055555555555556,71.10333333333332,2.0,132.0,0.015151515151515152,-1.1230769230769226,0.03076923076923077,True,-0.0876068376068373
288146,"PREMIER CREATIVE CO., LIMITED CA 92335 ",96969,"PREMIER CREATIVE CO., LIMITED",APS Youth,250,0.948,0.816,7.056,6.8,-0.2560000000000002,0.304,1755.1917874396133,,,,,,,,,52,0.8846153846153846,0.7692307692307693,7.6923076923076925,7.596153846153846,-0.0961538461538467,0.057692307692307696,83.74615384615383,30.0,0.9333333333333333,0.8666666666666667,10.333333333333334,9.7,-0.6333333333333346,0.1,39.6,0.0,250.0,0.0,0.796153846153846,-0.06338461538461537,False,-2.1038461538461535
407783,Bell Union LLC. CA 91762,67098,Bell Union LLC.,Decor,331,0.7734138972809668,0.6978851963746223,10.066465256797583,9.4625,-0.6039652567975828,0.1691842900302115,1760.0988593155894,7.0,0.8571428571428571,0.8571428571428571,10.285714285714286,8.142857142857142,-2.142857142857144,0.0,215.9,52,0.8076923076923077,0.8076923076923077,11.884615384615385,10.076923076923077,-1.8076923076923084,0.019230769230769232,74.52499999999999,18.0,0.8333333333333334,0.8333333333333334,12.555555555555555,11.055555555555555,-1.5,0.3333333333333333,460.4833333333334,7.0,338.0,0.020710059171597635,0.6144230769230763,0.03427841041134094,False,-0.9786324786324787
476824,SLMCA3,240114,Ningboyuxudianzishangwuyouxiangongsi,APS AEOF,591,0.9407783417935702,0.9238578680203046,6.197969543147208,5.086294416243655,-1.1116751269035525,0.6159052453468697,994.9329809725159,,,,,,,,,52,1.0,0.9423076923076923,7.596153846153846,5.9423076923076925,-1.6538461538461533,0.40384615384615385,90.30576923076923,98.0,1.0,0.9693877551020408,8.683673469387756,6.224489795918367,-2.459183673469389,0.5918367346938775,86.02768361581921,0.0,591.0,0.0,0.8560132760640373,0.05922165820642977,False,-0.2821821036106744
301627,Hangzhou Chuandiai Cultural Media CA 91752(2),284231,Kaiyon International (Hong Kong) Limited_1,Rugs,124,0.21774193548387097,0.4596774193548387,6.443548387096774,7.922413793103448,1.4788654060066744,0.33064516129032256,1300.7082474226806,,,,,,,,,52,0.7307692307692307,0.6923076923076923,6.923076923076923,6.980769230769231,0.05769230769230749,0.34615384615384615,86.33461538461539,26.0,0.7692307692307693,0.6923076923076923,8.307692307692308,7.958333333333333,-0.34935897435897534,0.34615384615384615,116.7,0.0,124.0,0.0,-0.9416445623342176,0.5130272952853597,True,-0.9775641025641022
347247,LOHOME CA 91761 (2),80890,LOHOME,Casegoods,294,0.8979591836734694,0.8367346938775511,7.27891156462585,6.573378839590443,-0.7055327250354066,0.30952380952380953,1942.7444032921812,,,,,,,,,52,0.8653846153846154,0.8076923076923077,7.788461538461538,7.019230769230769,-0.7692307692307692,0.25,80.68846153846154,22.0,0.8636363636363636,0.9545454545454546,10.863636363636363,9.545454545454545,-1.3181818181818183,0.2727272727272727,323.5,0.0,294.0,0.0,0.44585192964032583,-0.03257456828885397,False,-2.526223776223776
286668,Yantaishi Xingyudianzishangwu Youxiangong CA 92337,238729,Yantaishi Xingyudianzishangwu Youxiangongsi,APS Mattresses,267,0.9363295880149812,0.8913857677902621,5.382022471910112,4.578947368421052,-0.8030751034890597,0.6816479400749064,971.5604347826088,6.0,0.3333333333333333,0.8333333333333334,4.0,3.6666666666666665,-0.3333333333333335,0.8333333333333334,87.03333333333335,52,0.8269230769230769,0.8269230769230769,6.346153846153846,5.1923076923076925,-1.1538461538461533,0.5769230769230769,88.35384615384616,48.0,0.8541666666666666,0.7916666666666666,6.791666666666667,5.729166666666667,-1.0625,0.5833333333333334,85.13749999999999,6.0,273.0,0.02197802197802198,0.6133603238866403,-0.10940651109190436,False,-0.5368589743589745
21681,BestMasterFurniture,21681,BestMasterFurniture,Casegoods,289,0.9619377162629758,0.9134948096885813,6.484429065743945,5.593178447849729,-0.8912506178942161,0.4844290657439446,1704.0513011152416,,,,,,,,,51,1.0,0.8627450980392157,7.215686274509804,6.411764705882353,-0.8039215686274508,0.29411764705882354,85.36274509803921,18.0,1.0,0.8333333333333334,6.444444444444445,5.444444444444445,-1.0,0.6666666666666666,42.23333333333333,0.0,289.0,0.0,0.8185862580326244,0.03806228373702425,False,0.9673202614379086
297823,"GWI.,INC. CA LASP (90670) ",149502,"GWI.,INC.",APS,194,0.9742268041237113,0.8814432989690721,8.329896907216495,7.149484536082475,-1.1804123711340209,0.2422680412371134,1707.7268292682927,5.0,1.0,1.0,8.0,7.0,-1.0,0.0,48.18,51,1.0,0.9607843137254902,9.058823529411764,6.862745098039215,-2.196078431372549,0.29411764705882354,92.13333333333334,27.0,1.0,0.9259259259259259,10.074074074074074,8.518518518518519,-1.5555555555555554,0.4074074074074074,92.64166666666667,5.0,199.0,0.02512562814070352,-0.2867394380432593,0.02577319587628868,True,-1.6557734204793038
366893,"Jiangmen Bohan trading Co., LTD CA 91762",284276,"Jiangmen Bohan trading Co., LTD",APS Home Improvement,329,0.9452887537993921,0.9270516717325228,7.702127659574468,6.285714285714286,-1.4164133738601823,0.3829787234042553,1803.960223048327,1.0,1.0,1.0,7.0,5.0,-2.0,1.0,199.2,51,0.9803921568627451,0.9607843137254902,8.07843137254902,6.235294117647059,-1.8431372549019605,0.4117647058823529,93.54117647058824,33.0,0.9696969696969697,0.8787878787878788,12.030303030303031,9.303030303030303,-2.7272727272727284,0.18181818181818182,49.83636363636363,1.0,330.0,0.0030303030303030303,-0.05042016806722671,0.03510340306335291,True,-3.067736185383244
370331,North American Country Home CA 92336,31979,North American Country Home,Decor,255,0.8862745098039215,0.9098039215686274,12.219607843137254,9.418326693227092,-2.801281149910162,0.07450980392156863,1780.4382812499998,2.0,1.0,1.0,14.0,7.5,-6.5,0.0,32.6,51,0.5686274509803921,0.9215686274509803,13.686274509803921,10.627450980392156,-3.0588235294117645,0.0196078431372549,58.27058823529412,30.0,0.7333333333333333,0.8333333333333334,14.066666666666666,11.8,-2.2666666666666657,0.03333333333333334,43.60833333333333,2.0,257.0,0.007782101167315175,1.2091242871650643,-0.3176470588235294,False,-1.1725490196078443
407987,TRINITY  INTERNATIONAL CA 92337 (3),215836,TRINITY  INTERNATIONAL,APS Bedroom,365,0.9095890410958904,0.9260273972602739,5.33972602739726,4.468493150684932,-0.8712328767123285,0.7232876712328767,881.2680418041805,,,,,,,,,51,0.7647058823529411,0.803921568627451,5.686274509803922,5.019607843137255,-0.666666666666667,0.6470588235294118,83.73921568627452,57.0,0.7543859649122807,0.8771929824561403,5.7368421052631575,5.333333333333333,-0.4035087719298245,0.7368421052631579,112.33414634146341,0.0,365.0,0.0,0.5511146924523231,-0.14488315874294933,False,-0.3137254901960782
110021,SwissMadison® CA 92570,32766,SwissMadison®,Plumbing,545,0.7302752293577982,0.7944954128440367,6.871559633027523,5.9321100917431195,-0.9394495412844037,0.48623853211009177,1349.1476535541753,,,,,,,,,51,0.9215686274509803,0.8823529411764706,7.137254901960785,6.0,-1.1372549019607847,0.39215686274509803,71.47254901960785,53.0,0.8490566037735849,0.9056603773584906,8.20754716981132,7.113207547169812,-1.0943396226415087,0.4150943396226414,94.06296296296296,0.0,545.0,0.0,0.06788990825688046,0.19129339809318213,False,-1.1132075471698117
183462,Grand Leisure Outdoor Product Co.CA90201,54838,Grand Leisure Outdoor Product Co.,APS Outdoor,232,0.6896551724137931,0.8189655172413793,6.372294372294372,5.7844827586206895,-0.5878116136736828,0.4870689655172414,1342.1918660287083,,,,,,,,,51,0.1568627450980392,0.9019607843137255,8.705882352941176,8.431372549019608,-0.27450980392156765,0.09803921568627451,98.81176470588234,35.0,0.4,0.8571428571428571,8.257142857142858,7.914285714285715,-0.3428571428571434,0.45714285714285713,131.68,0.0,232.0,0.0,2.6468897903989186,-0.5327924273157539,False,0.5170868347338935
338738,乐歌LG-CAP,234327,Hong Kong Baojia International Limited,APS,456,0.9473684210526315,0.881578947368421,5.298245614035087,4.912087912087912,-0.3861577019471749,0.6337719298245614,1232.775149476831,,,,,,,,,51,1.0,0.9019607843137255,6.196078431372549,5.392156862745098,-0.8039215686274508,0.5098039215686274,54.81176470588235,39.0,1.0,0.9743589743589743,6.82051282051282,5.538461538461538,-1.282051282051282,0.6410256410256411,55.912000000000006,0.0,456.0,0.0,0.480068950657186,0.052631578947368474,False,-0.1463046757164399
301112,ARESON INC CA 91761(5),95840,ARESON INC,APS,209,0.9760765550239234,0.8660287081339713,6.4688995215311005,5.5311004784688995,-0.937799043062201,0.5598086124401914,1607.3878612716765,1.0,0.0,1.0,7.0,5.0,-2.0,1.0,1128.6,51,0.9803921568627451,0.9215686274509803,6.0,5.215686274509804,-0.784313725490196,0.5686274509803921,84.47647058823532,60.0,0.9666666666666667,0.9333333333333333,5.65,4.8,-0.8500000000000005,0.7833333333333333,99.31980676328503,1.0,210.0,0.004761904761904762,-0.3154142039590955,0.0043156018388216255,True,0.4156862745098042
153325,德威美国西仓,76761,Shenzhenshi Daman Shiye Youxiangongsi,APS K&D,986,0.7464503042596349,0.8306288032454361,5.756592292089249,5.09072375127421,-0.6658685408150395,0.6348884381338742,1056.4167783589407,,,,,,,,,51,0.6274509803921569,0.803921568627451,6.254901960784314,6.137254901960785,-0.117647058823529,0.47058823529411764,98.86274509803921,110.0,0.5454545454545454,0.7727272727272727,5.6909090909090905,5.1454545454545455,-0.545454545454545,0.7545454545454545,70.92579948141746,0.0,986.0,0.0,1.046531150686575,-0.11899932386747802,False,0.9918003565062392
368618,Guang Zhou Shi Le Ai Jia Trading Co. Ltd CA 92337,71369,SHUNMAY INTERNATIONAL LIMITED,APS Decor,483,0.9316770186335404,0.8530020703933747,6.163561076604555,5.460580912863071,-0.7029801637414845,0.5734989648033126,913.6619746835443,,,,,,,,,51,0.9803921568627451,0.8823529411764706,7.235294117647059,6.470588235294118,-0.7647058823529411,0.37254901960784315,74.90784313725491,80.0,0.95,0.95,6.1125,4.7215189873417724,-1.3909810126582274,0.7125,199.29583333333332,0.0,483.0,0.0,1.010007322431047,0.0487151382292047,False,1.7490692479523453
411130,"Hunan Shouhuzhe Information Technology Co., LTD CA 91761",370080,"Hunan Shouhuzhe Information Technology Co., LTD",APS Home Improvement,401,0.8977556109725686,0.8329177057356608,6.104738154613466,5.620947630922693,-0.48379052369077336,0.4613466334164589,1611.6866310160428,,,,,,,,,51,0.6666666666666666,0.8627450980392157,8.156862745098039,7.254901960784314,-0.901960784313725,0.1568627450980392,84.66862745098042,21.0,0.9523809523809523,0.9523809523809523,6.904761904761905,5.619047619047619,-1.2857142857142865,0.47619047619047616,70.27272727272727,0.0,401.0,0.0,1.6339543298616208,-0.231088944305902,False,1.635854341736695
313246,Sande Home Limited CA 91762,50030,Sande Home Limited,APS Home Improvement,473,0.758985200845666,0.9217758985200846,6.452431289640592,5.735729386892178,-0.7167019027484143,0.5116279069767442,1333.3286057692308,,,,,,,,,50,0.54,0.8,6.653061224489796,6.5,-0.15306122448979576,0.34,82.00200000000001,61.0,0.5737704918032787,0.819672131147541,7.852459016393443,7.3,-0.5524590163934429,0.5737704918032787,68.68240740740741,0.0,473.0,0.0,0.7642706131078221,-0.21898520084566597,False,-0.7999999999999998
35990,Cal Lighting CA,317,Cal Lighting,Lighting,359,0.9331476323119777,0.9526462395543176,9.37883008356546,7.807799442896936,-1.571030640668523,0.1977715877437326,1765.6418060200665,,,,,,,,,50,0.98,0.98,9.72,8.34,-1.3800000000000008,0.04,71.35000000000001,23.0,1.0,0.782608695652174,11.73913043478261,11.043478260869565,-0.6956521739130448,0.17391304347826086,84.76000000000002,0.0,359.0,0.0,0.5322005571030637,0.046852367688022256,False,-2.7034782608695647
366490,"Shenzhen Laiwo Trading Co., Ltd. CA 91748",65593,"Shenzhen Laiwo Trading Co., Ltd.",APS K&D,373,0.9651474530831099,0.8766756032171582,4.844086021505376,4.352822580645161,-0.491263440860215,0.7265415549597856,885.9643042486455,4.0,1.0,1.0,4.75,4.5,-0.25,1.0,182.425,50,1.0,0.96,5.6,4.9,-0.6999999999999993,0.7,89.406,58.0,0.9827586206896551,0.896551724137931,6.155172413793103,4.862068965517241,-1.293103448275862,0.7586206896551724,50.379891304347815,4.0,377.0,0.010610079575596816,0.5471774193548393,0.034852546916890104,False,0.03793103448275925
355239,JLCA6,103170,shenzhenshi bonaite dianzishangwu youxiangongsi,APS Housewares & More,180,0.9388888888888889,0.85,6.388888888888889,5.911111111111111,-0.47777777777777786,0.5166666666666667,1189.678481012658,1.0,1.0,1.0,4.0,3.0,-1.0,1.0,77.7,50,1.0,0.84,7.16,6.52,-0.6400000000000006,0.42,67.058,30.0,0.9333333333333333,0.9666666666666667,5.8,4.633333333333334,-1.166666666666666,0.7333333333333333,55.95652173913044,1.0,181.0,0.0055248618784530384,0.6088888888888881,0.061111111111111116,False,1.8866666666666658
252387,C A P,70454,WallBeyond International Inc,APS Youth,588,0.9319727891156463,0.9047619047619048,5.532312925170068,4.954081632653061,-0.5782312925170068,0.6275510204081632,1108.6881944444444,,,,,,,,,50,0.9,0.88,5.74,4.84,-0.9000000000000004,0.72,55.254,36.0,1.0,0.8888888888888888,5.472222222222222,4.805555555555555,-0.666666666666667,0.7777777777777778,90.20689655172413,0.0,588.0,0.0,-0.11408163265306115,-0.03197278911564627,True,0.0344444444444445
438274,"Ningbo Yuxun E-commerce Co., Ltd. CA 92335",400043,"Ningbo Yuxun E-commerce Co., Ltd.",APS AEOF,71,0.971830985915493,0.9014084507042254,5.901408450704225,5.112676056338028,-0.788732394366197,0.6619718309859155,991.9306122448979,5.0,1.0,1.0,5.6,2.0,-3.5999999999999996,1.0,145.62,50,0.96,0.86,7.22,6.06,-1.1600000000000001,0.44,87.12799999999999,10.0,0.6,0.6,9.7,15.6,5.9,0.1,,5.0,76.0,0.06578947368421052,0.9473239436619716,-0.01183098591549303,False,-9.54
222505,COPE-Los Angeles,212725,Yantai Luoming Xinxijishu Youxiangongsi,APS Bedroom,195,0.8307692307692308,0.8769230769230769,5.138461538461539,4.292307692307692,-0.8461538461538467,0.7743589743589744,649.7501742160279,2.0,1.0,1.0,6.0,5.0,-1.0,0.5,277.05,50,0.98,0.88,7.82,6.5,-1.3200000000000003,0.3,67.244,70.0,0.9714285714285714,0.9142857142857143,9.428571428571429,8.414285714285715,-1.0142857142857142,0.45714285714285713,227.26250000000002,2.0,197.0,0.01015228426395939,2.207692307692308,0.14923076923076917,False,-1.9142857142857146
171902,Hangzhou Danzhu Dianzi Shangwu Co Ltd CA 91730,163209,Hangzhou Danzhu Dianzi Shangwu Co Ltd,APS,265,0.939622641509434,0.8716981132075472,6.8226415094339625,6.3283018867924525,-0.49433962264151,0.3471698113207547,1755.907227138643,1.0,0.0,0.0,4.0,5.0,1.0,1.0,96.0,50,0.82,0.82,7.56,7.56,0.0,0.14,119.53399999999999,22.0,0.8636363636363636,0.9090909090909091,7.909090909090909,7.454545454545454,-0.45454545454545503,0.4090909090909091,99.09,1.0,266.0,0.0037593984962406013,1.231698113207547,-0.11962264150943402,False,0.10545454545454547
174433,SHENZHENSHI JULIBAIBIAN KEJIYOUXIANGONGSI CA 90201,64532,SHENZHENSHI JULIBAIBIAN KEJIYOUXIANGONGSI,APS,287,0.7177700348432056,0.7770034843205574,5.662020905923345,5.048780487804878,-0.6132404181184672,0.6132404181184669,1055.5893076923076,,,,,,,,,50,0.62,0.8,6.98,6.5,-0.4800000000000004,0.36,84.204,62.0,0.6612903225806451,0.8225806451612904,6.790322580645161,6.32258064516129,-0.467741935483871,0.6451612903225806,60.23914728682169,0.0,287.0,0.0,1.451219512195122,-0.09777003484320557,False,0.17741935483870996
5929,Asia Direct Home Products,5929,Asia Direct Home Products,Casegoods,314,1.0,0.8980891719745223,6.343949044585988,5.987261146496815,-0.3566878980891728,0.43312101910828027,1718.9780423280422,,,,,,,,,50,1.0,0.98,7.62,7.2,-0.41999999999999993,0.2,79.5,35.0,1.0,0.8857142857142857,8.0,7.542857142857143,-0.4571428571428573,0.42857142857142855,76.94615384615383,0.0,314.0,0.0,1.2127388535031853,0.0,False,-0.3428571428571425
1620,Zojirushi America Corp.,1620,Zojirushi America Corp.,Kitchen & Small Electrics,227,0.8986784140969163,0.8722466960352423,5.859030837004405,5.353982300884955,-0.5050485361194497,0.4933920704845815,1595.3722491909386,,,,,,,,,49,0.3877551020408163,0.7551020408163265,7.3061224489795915,7.204081632653061,-0.1020408163265305,0.12244897959183673,70.91836734693878,24.0,0.5416666666666666,0.7916666666666666,5.333333333333333,4.833333333333333,-0.5,0.5833333333333334,63.89444444444445,0.0,227.0,0.0,1.8500993317681056,-0.5109233120561,False,2.370748299319728
301235,"Shenzhen Lingang Technology Co., LTD CA 92376 ",276625,"Shenzhen Lingang Technology Co., LTD",APS Rugs,331,0.9637462235649547,0.824773413897281,5.090634441087613,4.486238532110092,-0.604395908977521,0.7734138972809668,906.2222015182887,2.0,1.0,0.5,4.5,4.5,0.0,0.5,101.3,49,0.5510204081632653,0.6122448979591837,5.448979591836735,6.204081632653061,0.7551020408163263,0.4489795918367347,79.0408163265306,36.0,0.5833333333333334,0.5555555555555556,6.333333333333333,6.527777777777778,0.19444444444444464,0.5833333333333334,59.89642857142856,2.0,333.0,0.006006006006006006,1.7178431005429688,-0.4127258154016894,False,-0.32369614512471667
231410,legacy decor CA,39108,idecor,Casegoods,239,0.9665271966527197,0.9037656903765691,6.00836820083682,5.394957983193278,-0.6134102176435423,0.5104602510460251,1732.6513468013466,,,,,,,,,49,0.9795918367346939,0.7346938775510204,7.183673469387755,6.8979591836734695,-0.2857142857142856,0.30612244897959184,72.05714285714286,27.0,0.9629629629629629,0.8888888888888888,8.777777777777779,7.888888888888889,-0.8888888888888893,0.37037037037037035,95.77499999999999,0.0,239.0,0.0,1.5030012004801918,0.013064640081974166,False,-0.9909297052154198
31092,Marwah Corporation CA91761,6042,Marwah Corporation,Soft Home,239,0.99581589958159,0.9163179916317992,6.393305439330544,5.577405857740586,-0.8158995815899583,0.497907949790795,1711.2119999999998,2.0,0.5,1.0,7.5,5.5,-2.0,0.5,556.5,49,0.9795918367346939,0.8367346938775511,8.693877551020408,7.530612244897959,-1.1632653061224492,0.20408163265306123,76.28775510204082,16.0,1.0,0.9375,6.75,5.75,-1.0,0.625,75.77000000000001,2.0,241.0,0.008298755186721992,1.9532063871573735,-0.016224062846896148,False,1.7806122448979593
343281,Parker House CA 91761,1029,Parker House,Upholstery,175,0.9314285714285714,0.8114285714285714,6.428571428571429,5.977011494252873,-0.45155993431855546,0.34285714285714286,1942.0037037037036,,,,,,,,,49,0.20408163265306123,0.7142857142857143,7.591836734693878,7.714285714285714,0.12244897959183643,0.16326530612244897,77.79795918367347,11.0,0.45454545454545453,1.0,5.454545454545454,5.181818181818182,-0.2727272727272725,0.6363636363636364,75.94285714285714,0.0,175.0,0.0,1.737274220032841,-0.7273469387755102,False,2.5324675324675328
109338,SereneLife CA 90280,41785,SereneLife,Kitchen & Small Electrics,243,0.9259259259259259,0.8806584362139918,5.1234567901234565,4.6460905349794235,-0.47736625514403297,0.6790123456790124,1185.8206751054852,,,,,,,,,49,0.7142857142857143,0.673469387755102,6.530612244897959,6.714285714285714,0.18367346938775508,0.32653061224489793,86.65306122448979,30.0,0.6,0.7,4.633333333333334,4.6,-0.0333333333333341,0.6666666666666666,88.1107142857143,0.0,243.0,0.0,2.068195179306291,-0.21164021164021163,False,2.1142857142857148
368151,MS-LTLCA,295478,Trading Sizzle Inc,APS Upholstery,81,0.7901234567901234,0.9012345679012346,7.530864197530864,5.925925925925926,-1.6049382716049383,0.3950617283950617,1839.5359999999998,,,,,,,,,49,0.9795918367346939,0.9591836734693877,8.857142857142858,8.346938775510203,-0.5102040816326543,0.061224489795918366,106.41632653061224,32.0,0.59375,0.59375,5.65625,6.5625,0.90625,0.53125,164.19565217391303,0.0,81.0,0.0,2.4210128495842778,0.18946837994457044,False,1.7844387755102034
79806,HomeSeason Enterprise CA 91746,65343,HomeSeason Enterprise,Outdoor Furniture,192,0.6354166666666666,0.671875,7.953125,7.661458333333333,-0.29166666666666696,0.296875,1636.5974291938996,,,,,,,,,49,0.5918367346938775,0.673469387755102,8.224489795918368,8.0,-0.22448979591836782,0.1836734693877551,65.74693877551022,21.0,0.6190476190476191,0.8095238095238095,9.571428571428571,9.142857142857142,-0.4285714285714288,0.2857142857142857,114.68571428571428,0.0,192.0,0.0,0.33854166666666696,-0.04357993197278909,False,-1.1428571428571423
403640,RAY POWER TECHNOLOGY TRADING LIMITED CA 91761,400001,RAY POWER TECHNOLOGY TRADING LIMITED,Wayfair,330,0.990909090909091,0.8787878787878788,7.575757575757576,6.427272727272728,-1.1484848484848484,0.3242424242424242,1777.6072413793102,,,,,,,,,49,0.9795918367346939,0.9183673469387755,8.673469387755102,6.938775510204081,-1.7346938775510203,0.22448979591836735,76.11428571428573,12.0,1.0,0.9166666666666666,8.583333333333334,7.583333333333333,-1.0000000000000009,0.4166666666666667,109.58000000000001,0.0,330.0,0.0,0.5115027829313537,-0.011317254174397107,False,-0.6445578231292517
315822,AUTO DAYA INC CA 92374,315573,AUTO DAYA INC,Wayfair,188,0.9414893617021277,0.8404255319148937,6.00531914893617,5.1861702127659575,-0.8191489361702127,0.6117021276595744,1031.0148809523812,3.0,1.0,1.0,5.0,3.6666666666666665,-1.3333333333333335,0.6666666666666666,92.03333333333335,49,1.0,0.9387755102040817,7.73469387755102,6.204081632653061,-1.5306122448979593,0.46938775510204084,110.73877551020408,19.0,1.0,0.8947368421052632,9.157894736842104,7.7368421052631575,-1.421052631578947,0.5263157894736842,50.190000000000005,3.0,191.0,0.015706806282722512,1.0179114198871035,0.058510638297872286,False,-1.5327604726100965
1617,AICO (Amini Innovation corp.),1617,AICO (Amini Innovation corp.),Casegoods,127,0.952755905511811,0.9448818897637795,5.7795275590551185,5.062992125984252,-0.7165354330708666,0.5826771653543307,1753.2198275862067,,,,,,,,,49,1.0,0.9183673469387755,7.224489795918367,6.428571428571429,-0.7959183673469381,0.2857142857142857,95.81224489795919,22.0,1.0,0.7272727272727273,7.090909090909091,6.954545454545454,-0.1363636363636367,0.3181818181818182,33.58749999999999,0.0,127.0,0.0,1.365579302587177,0.047244094488189003,False,-0.5259740259740253
277640,WuYouDa-CA05 91761,63465,"Ningbo Youyuan Import and Export Co., Ltd.",APS Home Improvement,598,0.9264214046822743,0.8461538461538461,7.030100334448161,6.285355948399427,-0.7447443860487342,0.42474916387959866,1481.5655857740585,1.0,1.0,0.0,4.0,5.0,1.0,1.0,586.7,49,0.6938775510204082,0.7959183673469388,5.979591836734694,5.653061224489796,-0.3265306122448983,0.5714285714285714,63.77959183673469,39.0,0.9230769230769231,0.9230769230769231,5.205128205128205,4.333333333333333,-0.8717948717948723,0.7692307692307693,81.00645161290323,1.0,599.0,0.001669449081803005,-0.6322947239096308,-0.23254385366186614,True,1.3197278911564627
201121,USCA1003-92880,116865,Huizhou Zhelin Furniture Co Ltd,APS K&D,454,0.9625550660792952,0.8766519823788547,5.018879798615481,4.295154185022026,-0.7237256135934551,0.7577092511013216,633.7185614849188,2.0,1.0,1.0,5.0,4.5,-0.5,1.0,182.95,48,1.0,0.9583333333333334,6.395833333333333,5.083333333333333,-1.3125,0.7083333333333334,86.23541666666665,74.0,0.972972972972973,0.8648648648648649,5.216216216216216,4.351351351351352,-0.864864864864864,0.7837837837837838,39.817647058823525,2.0,456.0,0.0043859649122807015,0.7881791483113068,0.037444933920704804,False,0.7319819819819813
244994,COAST SEQUOIA INC. CA 91761,63881,COAST SEQUOIA INC.,APS Home Improvement,273,0.9047619047619048,0.8278388278388278,6.652014652014652,5.978021978021978,-0.6739926739926743,0.4358974358974359,1647.451801801802,,,,,,,,,48,0.875,0.75,6.979166666666667,6.895833333333333,-0.08333333333333393,0.22916666666666666,88.93958333333335,25.0,0.76,0.72,6.96,7.0,0.040000000000000036,0.36,69.53333333333333,0.0,273.0,0.0,0.9178113553113549,-0.029761904761904767,False,-0.10416666666666696
325362,taishanshijinfudajinshuzhipinyouxiangongs CA 92335,315043,taishanshijinfudajinshuzhipinyouxiangongsi,APS,252,0.9404761904761905,0.8690476190476191,6.103174603174603,5.420634920634921,-0.6825396825396819,0.5396825396825397,1491.419111111111,4.0,0.5,1.0,4.25,4.25,0.0,1.0,192.60000000000002,48,0.9583333333333334,0.8958333333333334,8.729166666666666,7.25,-1.479166666666666,0.125,79.8875,23.0,0.9130434782608695,0.9565217391304348,7.608695652173913,6.3478260869565215,-1.2608695652173916,0.43478260869565216,83.75833333333334,4.0,256.0,0.015625,1.829365079365079,0.017857142857142905,False,0.9021739130434785
78170,Subrtex CA 90660,43872,Subrtex,APS K&D,515,0.974757281553398,0.9048543689320389,5.930097087378641,5.295145631067961,-0.63495145631068,0.5475728155339806,1464.0819910514542,,,,,,,,,48,0.9375,0.9583333333333334,7.0625,6.5,-0.5625,0.375,84.14791666666667,37.0,0.918918918918919,0.8648648648648649,8.837837837837839,8.162162162162161,-0.6756756756756772,0.4864864864864865,52.684210526315795,0.0,515.0,0.0,1.2048543689320388,-0.037257281553398025,False,-1.6621621621621614
288225,"LANBOR TECH CO., LIMITED CA 92335",62715,"LANBOR TECH CO., LIMITED",APS Youth,197,0.9441624365482234,0.8527918781725888,6.558375634517766,6.454081632653061,-0.10429400186470517,0.36548223350253806,1793.2287356321842,,,,,,,,,48,0.9166666666666666,0.7083333333333334,7.458333333333333,7.416666666666667,-0.041666666666666075,0.20833333333333334,100.87499999999999,31.0,0.9032258064516129,0.7096774193548387,8.709677419354838,9.03225806451613,0.3225806451612918,0.1935483870967742,35.25714285714286,0.0,197.0,0.0,0.962585034013606,-0.027495769881556775,False,-1.615591397849463
269091,Shenzhen Chunxin E-Commerce Co CA 92410,267074,HOME HARMONY HK LIMITED,Wayfair,118,0.7542372881355932,0.7711864406779662,4.52542372881356,4.384615384615385,-0.14080834419817467,0.7796610169491526,780.06875,1.0,0.0,1.0,4.0,3.0,-1.0,1.0,64.4,48,0.6041666666666666,0.8333333333333334,5.25,4.979166666666667,-0.27083333333333304,0.8125,105.35208333333333,63.0,0.6666666666666666,0.9047619047619048,5.111111111111111,4.317460317460317,-0.7936507936507935,0.8888888888888888,70.31754385964912,1.0,119.0,0.008403361344537815,0.5945512820512819,-0.15007062146892658,False,0.6617063492063497
268904,"Peenoke, LLC CA 91768",72855,"Peenoke, LLC",Outdoor Furniture,303,0.9273927392739274,0.8052805280528053,9.029702970297029,8.082508250825082,-0.9471947194719466,0.1848184818481848,1790.1440740740738,6.0,1.0,1.0,11.5,10.333333333333334,-1.166666666666666,0.0,102.01666666666667,48,0.9791666666666666,0.9375,10.25,8.895833333333334,-1.354166666666666,0.08333333333333333,89.97499999999998,17.0,1.0,0.9411764705882353,9.235294117647058,7.294117647058823,-1.9411764705882346,0.35294117647058826,108.61111111111111,6.0,309.0,0.019417475728155338,0.8133250825082516,0.05177392739273923,False,1.6017156862745106
65867,CJ Co.,65867,CJ Co.,Lighting,397,0.9748110831234257,0.8816120906801007,6.7808564231738035,5.870851370851372,-0.9100050523224317,0.40302267002518893,1757.700610948192,,,,,,,,,48,0.75,0.6875,7.9375,7.854166666666667,-0.08333333333333304,0.125,67.475,31.0,0.8387096774193549,0.6774193548387096,8.225806451612904,9.233333333333333,1.0075268817204286,0.2903225806451613,461.80909090909086,0.0,397.0,0.0,1.983315295815295,-0.22481108312342568,False,-1.3791666666666655
299207,EVE AY CORP CA 91744,296827,EVE AY CORP,Wayfair,1080,0.9685185185185186,0.9037037037037037,8.26388888888889,7.093396226415094,-1.1704926624737952,0.2657407407407407,1718.6802762482976,,,,,,,,,48,0.5,0.8541666666666666,7.8125,7.479166666666667,-0.33333333333333304,0.20833333333333334,83.02083333333334,23.0,0.5652173913043478,0.8695652173913043,6.086956521739131,5.391304347826087,-0.6956521739130439,0.6521739130434783,96.97263157894737,0.0,1080.0,0.0,0.3857704402515729,-0.46851851851851856,False,2.08786231884058
297788,"Lilys Living, Inc. CA",53555,"Lilys Living, Inc.",Casegoods,247,0.9919028340080972,0.9473684210526315,5.801619433198381,5.0242914979757085,-0.7773279352226723,0.4817813765182186,1605.5242444444445,,,,,,,,,48,0.9583333333333334,0.8333333333333334,6.8125,6.416666666666667,-0.39583333333333304,0.2916666666666667,92.50833333333333,26.0,1.0,0.9615384615384616,5.269230769230769,4.846153846153846,-0.42307692307692335,0.5384615384615384,80.18823529411765,0.0,247.0,0.0,1.3923751686909585,-0.03356950067476383,False,1.5705128205128212
21667,Artiva USA CA 91710,21335,Artiva USA,Lighting,280,0.8285714285714286,0.7928571428571428,6.820714285714286,6.17562724014337,-0.6450870455709161,0.35,1812.4469135802472,1.0,0.0,0.0,8.0,9.0,1.0,0.0,588.0,48,0.875,0.8125,8.0,7.5625,-0.4375,0.2708333333333333,68.29375,16.0,0.875,0.6875,9.6875,8.733333333333333,-0.9541666666666675,0.3125,105.025,1.0,281.0,0.0035587188612099642,1.3868727598566304,0.046428571428571375,False,-1.1708333333333325
59907,Lorenzo Furniture,59907,Lorenzo Furniture,Upholstery,162,0.9197530864197531,0.9012345679012346,9.777777777777779,8.273291925465838,-1.5044858523119409,0.12345679012345678,1913.7696428571423,,,,,,,,,47,0.574468085106383,0.6595744680851063,10.148936170212766,9.702127659574469,-0.44680851063829685,0.0,95.6531914893617,22.0,0.5454545454545454,0.8181818181818182,11.727272727272727,11.045454545454545,-0.6818181818181817,0.0,134.575,0.0,162.0,0.0,1.428835734108631,-0.34528500131337003,False,-1.3433268858800762
321185,YOUDENOVA HOME INC CA 92335,80562,YOUDENOVA HOME INC,APS Outdoor,166,0.963855421686747,0.8795180722891566,7.22289156626506,6.114457831325301,-1.1084337349397595,0.4578313253012048,1468.6488188976377,,,,,,,,,47,0.9361702127659575,0.9574468085106383,7.361702127659575,6.25531914893617,-1.1063829787234045,0.5106382978723404,63.2,30.0,0.9666666666666667,0.9666666666666667,8.133333333333333,6.466666666666667,-1.666666666666666,0.43333333333333335,108.26923076923077,0.0,166.0,0.0,0.14086131761086929,-0.027685208920789517,False,-0.21134751773049665
298230,Forte Lighting CA 92377,5678,Forte Lighting,Lighting,304,0.9736842105263158,0.9407894736842105,6.911184210526316,5.8618421052631575,-1.0493421052631584,0.4407894736842105,1663.5107692307695,,,,,,,,,47,1.0,0.9787234042553191,7.191489361702128,6.25531914893617,-0.9361702127659575,0.3404255319148936,81.81063829787233,21.0,1.0,0.9523809523809523,7.857142857142857,6.809523809523809,-1.0476190476190474,0.38095238095238093,94.5625,0.0,304.0,0.0,0.3934770436730126,0.02631578947368418,False,-0.5542046605876392
108005,FAFIAR DESIGN LTD CA 91761,92678,FAFIAR DESIGN LTD,APS Home Improvement,233,0.9742489270386266,0.8197424892703863,6.67381974248927,5.639484978540772,-1.0343347639484977,0.5321888412017167,1182.2708737864077,,,,,,,,,47,0.9787234042553191,0.9361702127659575,7.74468085106383,6.042553191489362,-1.7021276595744679,0.44680851063829785,59.191489361702125,30.0,0.9666666666666667,0.9666666666666667,6.733333333333333,6.033333333333333,-0.7000000000000002,0.6333333333333333,131.66666666666669,0.0,233.0,0.0,0.40306821294858963,0.004474477216692474,False,0.00921985815602877
14781,OfficeStar CA 92337 b,139,OfficeStar,Casegoods,142,0.9859154929577465,0.9366197183098591,7.880281690140845,6.069594034797017,-1.8106876553438278,0.4014084507042254,873.1328124999999,,,,,,,,,47,0.9787234042553191,0.8936170212765957,8.085106382978724,7.170212765957447,-0.9148936170212769,0.10638297872340426,107.31489361702128,34.0,0.9705882352941176,0.9705882352941176,6.764705882352941,5.911764705882353,-0.8529411764705879,0.5588235294117647,177.99090909090907,0.0,142.0,0.0,1.1006187311604299,-0.007192088702427379,False,1.2584480600750938
167596,Warehouse CA 1,163297,Zhejiang Deodar Industry Co Ltd (USA),APS,263,0.9163498098859315,0.9201520912547528,7.692015209125476,6.749049429657795,-0.9429657794676807,0.2661596958174905,1828.0635071090044,1.0,0.0,1.0,7.0,7.0,0.0,0.0,564.2,47,0.9148936170212766,0.9148936170212766,8.106382978723405,7.680851063829787,-0.4255319148936172,0.1702127659574468,81.5936170212766,21.0,0.9047619047619048,0.9047619047619048,9.380952380952381,8.523809523809524,-0.8571428571428577,0.38095238095238093,105.35555555555555,1.0,264.0,0.003787878787878788,0.9318016341719924,-0.001456192864654926,False,-0.8429584599797364
96568,"Chengdushi Furong Technology Co., Ltd. CA 92376",89979,"Chengdushi Furong Technology Co., Ltd.",APS Home Improvement,215,0.9674418604651163,0.8930232558139535,6.497674418604651,5.339922480620155,-1.1577519379844965,0.6372093023255814,615.1403201970443,3.0,1.0,1.0,3.6666666666666665,3.0,-0.6666666666666665,1.0,18.933333333333334,47,1.0,0.9787234042553191,6.702127659574468,5.297872340425532,-1.4042553191489358,0.574468085106383,84.19787234042555,58.0,1.0,0.896551724137931,8.293103448275861,6.482758620689655,-1.8103448275862064,0.5,171.834375,3.0,218.0,0.013761467889908258,-0.04205014019462272,0.032558139534883734,True,-1.1848862802641227
8941,Megaware Inc.,8941,Megaware Inc.,Casegoods,255,0.996078431372549,0.9137254901960784,6.6,6.062992125984252,-0.5370078740157478,0.3843137254901961,1784.6369266055046,,,,,,,,,47,1.0,0.9787234042553191,7.8936170212765955,7.297872340425532,-0.5957446808510634,0.1702127659574468,68.56808510638298,22.0,1.0,0.7727272727272727,9.681818181818182,9.5,-0.18181818181818166,0.13636363636363635,79.61250000000001,0.0,255.0,0.0,1.2348802144412803,0.0039215686274509665,False,-2.202127659574468
347934,Ningbo Jiangbei Fufu CA 91761 (3),53997,Ningbo Jiangbei Fufu,APS Bedroom,594,0.8888888888888888,0.8181818181818182,5.390572390572391,4.784649742491227,-0.6059226480811644,0.7037037037037037,888.6287593984962,,,,,,,,,47,0.8936170212765957,0.9148936170212766,6.127659574468085,5.276595744680851,-0.8510638297872344,0.6382978723404256,77.57872340425531,128.0,0.859375,0.84375,6.1796875,5.40625,-0.7734375,0.75,121.70349514563108,0.0,594.0,0.0,0.49194600218962403,0.004728132387706863,False,-0.12965425531914931
450319,Zhongshan Shiyuemumu Dianzishangwuyouxiangongsi CA 92571,359111,Zhongshan Shiyuemumu Dianzishangwuyouxiangongsi,APS Decor,504,0.9801587301587301,0.8849206349206349,5.198412698412699,4.634920634920635,-0.5634920634920633,0.7023809523809523,1054.4292982456138,,,,,,,,,47,0.8297872340425532,0.851063829787234,6.148936170212766,5.638297872340425,-0.5106382978723403,0.5106382978723404,56.78510638297872,38.0,0.7368421052631579,0.8947368421052632,7.2894736842105265,6.583333333333333,-0.7061403508771935,0.39473684210526316,70.01428571428572,0.0,504.0,0.0,1.00337723741979,-0.15037149611617695,False,-0.9450354609929077
66950,deconovo CA91748,56072,deconovo,APS,52,0.1346153846153846,0.4807692307692308,7.3076923076923075,8.211538461538462,0.9038461538461542,0.21153846153846154,1512.6945652173915,,,,,,,,,47,0.46808510638297873,0.5957446808510638,7.702127659574468,7.76595744680851,0.06382978723404253,0.10638297872340426,81.79787234042553,25.0,0.56,0.64,8.0,8.16,0.16000000000000014,0.32,56.38333333333333,0.0,52.0,0.0,-0.44558101472995126,0.33346972176759415,True,-0.39404255319148973
295975,"Qingdao Haoyu composite fabric Co., Ltd CA 91706 ",151554,POMUCENO LLC,APS Home Improvement,383,0.9921671018276762,0.9086161879895561,6.597911227154047,5.971128608923885,-0.6267826182301626,0.45430809399477806,1563.2197231096911,,,,,,,,,46,1.0,0.8695652173913043,6.369565217391305,6.478260869565218,0.10869565217391308,0.41304347826086957,74.4695652173913,47.0,1.0,0.8085106382978723,7.085106382978723,7.297872340425532,0.21276595744680904,0.574468085106383,75.21229166666666,0.0,383.0,0.0,0.5071322606413329,0.007832898172323799,False,-0.8196114708603144
300444,shanghaizhongxinghuanchenxincaCA 91748,173799,shanghaizhongxinghuanchenxincailiaokejiLtd,APS Youth,298,0.9765100671140939,0.8859060402684564,8.600671140939598,7.238255033557047,-1.3624161073825514,0.26174496644295303,1696.6680508474576,,,,,,,,,46,0.9782608695652174,0.8913043478260869,8.956521739130435,8.0,-0.9565217391304355,0.15217391304347827,65.79347826086955,22.0,0.9090909090909091,0.9090909090909091,7.909090909090909,7.909090909090909,0.0,0.4090909090909091,401.29,0.0,298.0,0.0,0.7617449664429534,0.0017508024511234677,False,0.09090909090909083
71912,"Rubber-Cal, Inc. CA 92707",20754,"Rubber-Cal, Inc.",Flooring,237,0.7974683544303798,0.9493670886075949,8.050632911392405,6.548523206751055,-1.5021097046413505,0.31223628691983124,1841.801754385965,,,,,,,,,46,0.6956521739130435,0.8695652173913043,7.8478260869565215,7.260869565217392,-0.5869565217391299,0.1956521739130435,101.18695652173913,22.0,0.6363636363636364,0.7272727272727273,9.636363636363637,10.045454545454545,0.4090909090909083,0.18181818181818182,312.9428571428571,0.0,237.0,0.0,0.7123463584663368,-0.10181618051733632,False,-2.7845849802371534
87142,YOHO Bedding INC CA 91761,72734,"VISION VORTEX CO.,LTD",APS Outdoor,654,0.9281345565749235,0.8654434250764526,5.7889908256880735,4.975,-0.8139908256880739,0.6406727828746177,1066.7347100175748,,,,,,,,,46,1.0,0.9782608695652174,6.130434782608695,5.195652173913044,-0.9347826086956514,0.6521739130434783,94.80217391304348,101.0,0.9801980198019802,0.9405940594059405,7.693069306930693,6.313131313131313,-1.3799379937993796,0.6138613861386139,81.91893424036282,0.0,654.0,0.0,0.22065217391304426,0.0718654434250765,False,-1.1174791392182692
116049,Shenzhen Guli Wangluokeji youxiangon CA 91761,105677,Shenzhen Guli Wangluokeji youxiangongsi,APS,466,0.9506437768240343,0.8412017167381974,6.929184549356223,6.218884120171674,-0.7103004291845494,0.45493562231759654,1343.0666666666668,,,,,,,,,46,0.9782608695652174,0.9347826086956522,7.369565217391305,5.869565217391305,-1.5,0.41304347826086957,76.02173913043477,43.0,1.0,0.9302325581395349,7.674418604651163,5.976744186046512,-1.6976744186046515,0.5348837209302325,80.775,0.0,466.0,0.0,-0.3493189027803689,0.02761709274118307,True,-0.10717896865520693
279327,guangzhoushidengerwangluokejiyouxian CA 90640,272061,guangzhoushidengerwangluokejiyouxiangongsi,APS Home Improvement,229,0.9519650655021834,0.8646288209606987,7.4104803493449785,6.510917030567685,-0.8995633187772931,0.34497816593886466,1819.1387434554977,,,,,,,,,46,1.0,0.8260869565217391,7.739130434782608,7.413043478260869,-0.32608695652173925,0.21739130434782608,77.33260869565218,15.0,0.9333333333333333,0.8666666666666667,10.733333333333333,10.066666666666666,-0.6666666666666661,0.4666666666666667,37.67142857142858,0.0,229.0,0.0,0.9021264476931838,0.048034934497816595,False,-2.6536231884057973
196986,Libbey CA 91761,17460,Libbey,Tabletop,373,0.967828418230563,0.9436997319034852,4.49597855227882,3.743900804289544,-0.7520777479892762,0.8605898123324397,598.7752186588921,,,,,,,,,46,0.8913043478260869,0.8478260869565217,5.266666666666667,4.3478260869565215,-0.9188405797101451,0.7391304347826086,57.11521739130434,41.0,0.975609756097561,0.8780487804878049,4.487804878048781,3.4634146341463414,-1.0243902439024395,0.8780487804878049,84.35555555555555,0.0,373.0,0.0,0.6039252826669776,-0.07652407040447606,False,0.8844114528101801
352447,Shenzhenshiweilukejiyouxiangongsi CA 91761 ,104515,Shenzhenshiweilukejiyouxiangongsi,APS K&D,173,0.9017341040462428,0.8497109826589595,6.2485549132947975,5.488439306358382,-0.7601156069364157,0.5491329479768786,1064.811888111888,,,,,,,,,46,0.717391304347826,0.8913043478260869,6.478260869565218,5.978260869565218,-0.5,0.45652173913043476,81.23695652173912,42.0,0.8809523809523809,0.9285714285714286,6.642857142857143,5.5476190476190474,-1.0952380952380958,0.6904761904761905,87.79655172413793,0.0,173.0,0.0,0.4898215632068359,-0.18434279969841671,False,0.4306418219461703
99317,Blissful House Decor Co LTD CA 91730 (2),60094,Blissful House Decor Co LTD,APS,106,0.9716981132075472,0.9433962264150944,7.216981132075472,5.264150943396227,-1.9528301886792452,0.6698113207547169,446.3932432432433,,,,,,,,,46,0.8478260869565217,0.717391304347826,7.0,6.565217391304348,-0.43478260869565233,0.43478260869565216,98.99347826086958,52.0,0.9423076923076923,0.8461538461538461,7.538461538461538,6.711538461538462,-0.8269230769230766,0.5384615384615384,220.55000000000004,0.0,106.0,0.0,1.3010664479081209,-0.12387202625102545,False,-0.146321070234114
340560,Hangzhou Yingpan Network Technology Co. CA 92508,94133,VABCHES INTERNATIONAL LIMITED_1,APS Bedroom,618,0.8495145631067961,0.8284789644012945,6.18284789644013,5.596861471861472,-0.5859864245786577,0.5307443365695793,1226.6825382262994,,,,,,,,,46,1.0,0.9782608695652174,7.608695652173913,5.8478260869565215,-1.7608695652173916,0.43478260869565216,94.6304347826087,38.0,1.0,0.9473684210526315,9.842105263157896,7.5,-2.3421052631578956,0.4473684210526316,45.373684210526314,0.0,618.0,0.0,0.2509646150950493,0.15048543689320393,False,-1.6521739130434785
157990,Espriti Home LLC CA 91766,157516,Espriti Home LLC,Outdoor Furniture,234,0.9700854700854701,0.8974358974358975,6.495726495726496,5.987179487179487,-0.5085470085470085,0.4188034188034188,1773.0221719457015,,,,,,,,,46,1.0,0.9347826086956522,7.173913043478261,6.6521739130434785,-0.5217391304347823,0.21739130434782608,76.04999999999998,22.0,0.9545454545454546,0.6818181818181818,8.181818181818182,8.772727272727273,0.5909090909090917,0.4090909090909091,51.14444444444444,0.0,234.0,0.0,0.6649944258639913,0.02991452991452992,False,-2.120553359683795
196288,Island Universe Hardware Inc. CA,63740,Island Universe Hardware Inc.,Hardware,389,1.0,0.9434447300771208,6.069408740359897,5.055526992287917,-1.01388174807198,0.5475578406169666,1646.0334232954547,,,,,,,,,46,1.0,0.782608695652174,7.673913043478261,6.869565217391305,-0.8043478260869561,0.2826086956521739,88.17173913043477,30.0,1.0,0.9666666666666667,5.633333333333334,4.866666666666666,-0.7666666666666675,0.6333333333333333,90.9842105263158,0.0,389.0,0.0,1.8140382251033875,0.0,False,2.0028985507246384
115934,MAKEWA INC CA 91766,68043,MAKEWA INC,APS,302,0.9668874172185431,0.8874172185430463,7.0,6.546357615894039,-0.4536423841059607,0.3841059602649007,1752.4739130434787,,,,,,,,,46,1.0,0.8478260869565217,7.5,7.0,-0.5,0.21739130434782608,90.01086956521739,26.0,0.9615384615384616,0.7307692307692307,10.346153846153847,11.884615384615385,1.5384615384615383,0.11538461538461539,216.55,0.0,302.0,0.0,0.4536423841059607,0.0331125827814569,False,-4.884615384615385
294743,Xiamen Juqiwu Dianzishangwu CA 91761,85925,"Xiamen Juqiwu Dianzishangwu CO,LTD",APS Youth,298,0.9093959731543624,0.7516778523489933,7.798657718120805,7.608882747729963,-0.18977497039084223,0.3187919463087248,1644.7351020408164,,,,,,,,,46,1.0,0.8478260869565217,7.6521739130434785,6.673913043478261,-0.9782608695652177,0.2826086956521739,91.4782608695652,43.0,0.9767441860465116,0.9069767441860465,10.0,8.372093023255815,-1.6279069767441854,0.37209302325581395,152.93157894736842,0.0,298.0,0.0,-0.934969704251702,0.09060402684563762,True,-1.6981799797775539
462006,"Henan Weiao Network Technology Co. , Ltd. CA 92316",403174,"Henan Weiao Network Technology Co. , Ltd.",Wayfair,167,0.7604790419161677,0.9041916167664671,7.820359281437126,6.293413173652695,-1.5269461077844309,0.41317365269461076,1810.1767605633806,4.0,0.75,0.75,6.75,5.25,-1.5,0.75,650.45,46,0.8478260869565217,0.7391304347826086,8.304347826086957,8.065217391304348,-0.2391304347826093,0.10869565217391304,82.40434782608696,18.0,0.8333333333333334,0.8333333333333334,8.222222222222221,7.555555555555555,-0.6666666666666661,0.2222222222222222,167.96666666666667,4.0,171.0,0.023391812865497075,1.7718042176516526,0.08734704504035407,False,0.5096618357487923
480290,"Link Future, Inc. CA 91761",58781,"Link Future, Inc.",APS Home Improvement,488,0.9979508196721312,0.8913934426229508,7.329918032786885,6.010977751756441,-1.3189402810304447,0.5040983606557377,1089.6728905597329,,,,,,,,,46,1.0,0.9782608695652174,7.8478260869565215,5.934782608695652,-1.9130434782608692,0.4782608695652174,72.58043478260869,65.0,1.0,0.9230769230769231,9.676923076923076,7.461538461538462,-2.2153846153846146,0.5538461538461539,82.78823529411767,0.0,488.0,0.0,-0.07619514306078834,0.002049180327868827,True,-1.5267558528428093
286969,Enjoy Decor LLC CA,77713,Enjoy Decor LLC,Lighting,233,0.9828326180257511,0.927038626609442,7.429184549356223,5.772532188841201,-1.6566523605150216,0.48068669527896996,1810.6752688172046,2.0,1.0,1.0,5.0,4.0,-1.0,1.0,81.4,45,0.9555555555555556,0.9777777777777777,7.933333333333334,7.0,-0.9333333333333336,0.28888888888888886,104.75555555555557,20.0,0.95,0.85,9.05,7.526315789473684,-1.5236842105263166,0.4,39.0375,2.0,235.0,0.00851063829787234,1.2274678111587987,-0.027277062470195457,False,-0.5263157894736841
238163,WP-W-11-003,115530,ShenZhenshi YIWEN SHANGMAOYOUXIANGONGSI,APS,161,0.8074534161490683,0.8633540372670807,5.540372670807454,4.9937888198757765,-0.5465838509316772,0.639751552795031,1161.5657142857144,,,,,,,,,45,0.7777777777777778,0.8,6.644444444444445,5.733333333333333,-0.9111111111111114,0.4444444444444444,69.73333333333333,33.0,0.6363636363636364,0.6363636363636364,5.909090909090909,6.0,0.09090909090909083,0.6363636363636364,47.849999999999994,0.0,161.0,0.0,0.7395445134575569,-0.029675638371290503,False,-0.2666666666666666
316083,Equal Fitness Inc CA 92571 ,299881,Equal Fitness Inc,Decor,337,0.8397626112759644,0.8664688427299704,6.525222551928783,5.729970326409496,-0.7952522255192873,0.5222551928783383,1289.5819112627987,1.0,1.0,1.0,7.0,5.0,-2.0,1.0,17.2,45,1.0,0.9555555555555556,6.777777777777778,5.888888888888889,-0.8888888888888884,0.5111111111111111,56.81999999999999,52.0,1.0,0.9615384615384616,8.615384615384615,7.134615384615385,-1.48076923076923,0.5192307692307693,79.22758620689655,1.0,338.0,0.0029585798816568047,0.15891856247939362,0.1602373887240356,False,-1.2457264957264957
320655,Edvivi CA 91762,29965,Edvivi,Lighting,289,0.7785467128027682,0.9134948096885813,6.186851211072664,5.3633217993079585,-0.8235294117647056,0.5709342560553633,1203.8122362869199,1.0,1.0,1.0,3.0,2.0,-1.0,1.0,72.7,45,0.5111111111111111,0.6222222222222222,7.222222222222222,7.355555555555555,0.13333333333333286,0.24444444444444444,79.34222222222222,36.0,0.6944444444444444,0.8611111111111112,8.444444444444445,7.75,-0.6944444444444446,0.5833333333333334,92.97142857142858,1.0,290.0,0.0034482758620689655,1.9922337562475967,-0.26743560169165714,False,-0.3944444444444448
116459,Wiando CA 91789,58611,WINADO INC,APS Outdoor,260,0.9730769230769231,0.9230769230769231,5.2153846153846155,4.505128205128206,-0.7102564102564095,0.6884615384615385,922.4374665675709,,,,,,,,,45,1.0,0.9555555555555556,6.533333333333333,5.688888888888889,-0.8444444444444441,0.4666666666666667,75.92666666666668,51.0,1.0,0.9411764705882353,5.8431372549019605,5.019607843137255,-0.8235294117647056,0.7254901960784313,60.12756756756756,0.0,260.0,0.0,1.183760683760683,0.02692307692307694,False,0.6692810457516343
153498,LG-CAP2,147876,ningbotanluzheguojimaoyiyouxiangongsi,APS Outdoor,426,0.9460093896713615,0.9131455399061033,4.849765258215962,4.294117647058823,-0.5556476111571387,0.755868544600939,714.5554687499999,,,,,,,,,45,0.9111111111111111,0.9333333333333333,5.218518518518518,4.488888888888889,-0.7296296296296294,0.8,48.611111111111114,45.0,0.8222222222222222,0.9111111111111111,5.2,4.5777777777777775,-0.6222222222222227,0.8,73.55277777777775,0.0,426.0,0.0,0.19477124183006556,-0.034898278560250406,False,-0.08888888888888857
458764,NEW BKFARMHOUSE INC CA 91761 (4),91036,NEW BKFARMHOUSE INC,APS Pet,763,0.8781127129750983,0.8427260812581914,5.951198828155116,5.414698162729659,-0.5365006654254572,0.5897771952817824,1195.1803468208093,,,,,,,,,45,0.8222222222222222,0.8888888888888888,6.266666666666667,5.4,-0.8666666666666663,0.7111111111111111,88.15777777777778,45.0,0.7111111111111111,1.0,6.733333333333333,5.622222222222222,-1.1111111111111116,0.7111111111111111,59.85,0.0,763.0,0.0,-0.014698162729658293,-0.05589049075287611,True,-0.22222222222222143
468576,shilijincheng dangerous CA 91762(2),63929,Hong Kong HuaYa Trade Limited,APS Home Improvement,681,0.9295154185022027,0.8942731277533039,5.11453744493392,4.545722713864307,-0.5688147310696134,0.7224669603524229,1144.8740252608457,,,,,,,,,45,0.8222222222222222,0.8666666666666667,6.777777777777778,6.155555555555556,-0.6222222222222218,0.4444444444444444,86.16666666666667,38.0,0.7631578947368421,0.868421052631579,6.131578947368421,5.2894736842105265,-0.8421052631578947,0.6578947368421053,32.879710144927536,0.0,681.0,0.0,1.609832841691249,-0.10729319627998046,False,0.8660818713450293
338948,SmartStandard CA 91761 (2),49538,NORTH ELM ARTISAN LLC_1,APS Home Improvement,195,0.6307692307692307,0.7384615384615385,6.4,6.0256410256410255,-0.3743589743589748,0.5230769230769231,848.3828571428571,1.0,1.0,1.0,5.0,4.0,-1.0,1.0,597.1,45,0.7555555555555555,0.9777777777777777,6.688888888888889,5.6,-1.0888888888888895,0.6,100.13111111111112,36.0,0.6666666666666666,0.8055555555555556,7.444444444444445,6.583333333333333,-0.8611111111111116,0.6111111111111112,86.48076923076923,1.0,196.0,0.00510204081632653,-0.4256410256410259,0.12478632478632479,True,-0.9833333333333334
216469,SHENZHENSHI JULIBAIBIAN KEJIYOUXIAN CA 91748(2),64532,SHENZHENSHI JULIBAIBIAN KEJIYOUXIANGONGSI,APS,221,1.0,0.918552036199095,5.520361990950226,4.678733031674208,-0.8416289592760178,0.6742081447963801,1187.5191144478094,2.0,1.0,1.0,4.0,2.5,-1.5,1.0,54.55,45,1.0,1.0,8.488888888888889,6.444444444444445,-2.0444444444444443,0.3333333333333333,75.94444444444444,26.0,1.0,1.0,8.038461538461538,5.6923076923076925,-2.346153846153846,0.6538461538461539,138.15333333333334,2.0,223.0,0.008968609865470852,1.7657114127702362,0.0,False,0.7521367521367521
313561,HTW INC. CA 92571,313267,HTW INC.,APS SEA,141,0.9574468085106383,0.8723404255319149,5.7304964539007095,5.133333333333333,-0.5971631205673766,0.5886524822695035,1283.0066666666664,,,,,,,,,44,1.0,0.9545454545454546,7.5,6.204545454545454,-1.2954545454545459,0.3409090909090909,82.52499999999999,23.0,1.0,0.9130434782608695,7.434782608695652,6.391304347826087,-1.0434782608695654,0.5217391304347826,216.91428571428568,0.0,141.0,0.0,1.0712121212121213,0.04255319148936165,False,-0.18675889328063278
314057,LINGKEWU XINXI KEJI JIANGSU LTD CA 92410,97962,LINGKEWU XINXI KEJI JIANGSU LTD,APS,595,0.973109243697479,0.8638655462184874,5.08235294117647,4.515966386554622,-0.5663865546218485,0.7226890756302521,853.8229330231655,3.0,0.3333333333333333,0.6666666666666666,3.6666666666666665,4.0,0.3333333333333335,1.0,115.7,44,0.8636363636363636,0.8863636363636364,5.2272727272727275,4.795454545454546,-0.43181818181818166,0.7954545454545454,69.83181818181816,54.0,0.9074074074074074,0.8518518518518519,6.074074074074074,4.462962962962963,-1.6111111111111116,0.7592592592592593,55.25121951219513,3.0,598.0,0.005016722408026756,0.27948815889992407,-0.10947288006111533,False,0.33249158249158306
38229,KitchenBathCollection CA,19890,KitchenBathCollection,Plumbing,165,0.9878787878787879,0.9030303030303031,5.8969696969696965,5.575757575757576,-0.3212121212121204,0.4484848484848485,1683.1147091722596,,,,,,,,,44,0.29545454545454547,0.29545454545454547,6.931818181818182,7.795454545454546,0.8636363636363642,0.13636363636363635,71.55000000000001,22.0,0.36363636363636365,0.36363636363636365,5.954545454545454,7.090909090909091,1.1363636363636367,0.36363636363636365,69.34,0.0,165.0,0.0,2.2196969696969697,-0.6924242424242424,False,0.704545454545455
402955,Hangzhou Langting Network Technology CA 92337(2),399949,"Hangzhou Langting Network Technology Co., Ltd.",Casegoods,144,0.8541666666666666,0.9027777777777778,5.819444444444445,5.354166666666667,-0.4652777777777777,0.5555555555555556,1114.7372881355932,2.0,1.0,1.0,4.0,3.0,-1.0,1.0,107.0,44,1.0,0.9545454545454546,7.181818181818182,6.090909090909091,-1.0909090909090908,0.36363636363636365,71.5340909090909,36.0,1.0,1.0,5.888888888888889,4.972222222222222,-0.916666666666667,0.7222222222222222,168.80384615384614,2.0,146.0,0.0136986301369863,0.7367424242424239,0.14583333333333337,False,1.1186868686868685
449179,Hangzhou Jinyi Ecommerce CoLtd CA 92337,274868,Hangzhou Jinyi Ecommerce CoLtd,APS AEOF,458,0.8995633187772926,0.8668122270742358,6.024745269286754,5.239035087719298,-0.7857101815674561,0.6157205240174672,843.3521484992102,2.0,1.0,1.0,7.5,5.0,-2.5,0.5,107.95,44,0.8409090909090909,0.7954545454545454,6.045454545454546,5.863636363636363,-0.18181818181818254,0.5454545454545454,71.0659090909091,65.0,0.8461538461538461,0.9076923076923077,6.1692307692307695,5.184615384615385,-0.9846153846153847,0.7538461538461538,142.9013157894737,2.0,460.0,0.004347826086956522,0.6246012759170654,-0.058654227868201625,False,0.6790209790209785
35887,Troy Lighting CA,3027,Troy Lighting,Lighting,183,0.3442622950819672,0.37158469945355194,7.0,14.333333333333334,7.333333333333334,0.17486338797814208,1661.7214723926384,,,,,,,,,44,0.9772727272727273,0.9090909090909091,7.25,6.568181818181818,-0.6818181818181817,0.3181818181818182,82.99090909090908,14.0,0.9285714285714286,0.7857142857142857,6.642857142857143,5.846153846153846,-0.7967032967032974,0.5,110.29999999999998,0.0,183.0,0.0,-7.765151515151516,0.6330104321907601,True,0.7220279720279725
361298,US FAST LLC CA 91702,77540,US FAST LLC,APS Home Improvement,429,0.965034965034965,0.9044289044289044,7.878787878787879,7.1002331002331,-0.7785547785547786,0.26107226107226106,1749.3606435841775,,,,,,,,,44,0.9772727272727273,0.7954545454545454,7.431818181818182,7.0,-0.43181818181818166,0.18181818181818182,84.09090909090908,33.0,1.0,0.9393939393939394,7.96969696969697,7.424242424242424,-0.5454545454545459,0.3333333333333333,68.25333333333334,0.0,429.0,0.0,-0.10023310023310028,0.012237762237762295,True,-0.42424242424242387
156608,Nuk3y Corp CA 91761,149308,Nuk3y Corp,Hardware,262,1.0,0.9198473282442748,7.152671755725191,5.9465648854961835,-1.2061068702290072,0.4122137404580153,1637.6665198237886,2.0,0.5,1.0,8.5,6.5,-2.0,0.0,214.15,44,1.0,0.9545454545454546,7.840909090909091,6.5,-1.3409090909090908,0.25,92.78181818181818,23.0,0.9565217391304348,0.782608695652174,11.130434782608695,10.217391304347826,-0.9130434782608692,0.2608695652173913,92.7666666666667,2.0,264.0,0.007575757575757576,0.5534351145038165,0.0,False,-3.717391304347826
268155,Yetta Inc CA 91761(11) WAYFAIR,57830,Yetta Inc,APS Outdoor,363,0.837465564738292,0.8071625344352618,7.085399449035813,6.661157024793388,-0.42424242424242475,0.2975206611570248,1777.3103202846978,1.0,1.0,1.0,5.0,4.0,-1.0,1.0,597.1,44,0.7045454545454546,0.8409090909090909,6.909090909090909,6.409090909090909,-0.5,0.4090909090909091,74.6840909090909,30.0,0.8333333333333334,0.8,11.166666666666666,10.433333333333334,-0.7333333333333325,0.13333333333333333,96.875,1.0,364.0,0.0027472527472527475,-0.25206611570247883,-0.13292011019283745,True,-4.024242424242424
100337,Ningbo Jiangdong Peter International CA 91761(2),53013,Ningbo Jiangdong Peter International Trading CoLTD,APS Outdoor,249,0.8714859437751004,0.8714859437751004,6.855421686746988,5.768406961178045,-1.0870147255689426,0.5140562248995983,1157.658208955224,,,,,,,,,44,0.3409090909090909,0.6363636363636364,6.863636363636363,7.2272727272727275,0.3636363636363642,0.3181818181818182,99.72272727272728,51.0,0.47058823529411764,0.8235294117647058,7.2745098039215685,6.9411764705882355,-0.33333333333333304,0.5294117647058824,94.15333333333334,0.0,249.0,0.0,1.4588657660946822,-0.5305768528660095,False,0.286096256684492
441907,ENSHINES INC CA 92337,413571,ENSHINES INC,APS Bedroom,459,0.8954248366013072,0.8496732026143791,5.209150326797386,4.503296703296703,-0.7058536235006825,0.7080610021786492,924.4681856540085,,,,,,,,,44,0.7727272727272727,0.8181818181818182,6.159090909090909,5.568181818181818,-0.5909090909090908,0.5454545454545454,94.94318181818181,43.0,0.8372093023255814,0.9302325581395349,6.906976744186046,6.023255813953488,-0.8837209302325579,0.5581395348837209,128.50625,0.0,459.0,0.0,1.064885114885115,-0.12269756387403452,False,-0.45507399577167007
199558,"Jay Franco and Sons, Inc. CA 91710",17988,"Jay Franco and Sons, Inc.",Soft Home,153,0.9934640522875817,0.8954248366013072,7.947712418300654,6.705882352941177,-1.2418300653594772,0.30718954248366015,1824.6225,2.0,1.0,1.0,7.0,5.0,-2.0,1.0,61.5,43,1.0,0.9767441860465116,8.255813953488373,6.930232558139535,-1.3255813953488378,0.23255813953488372,95.08604651162791,21.0,1.0,0.9523809523809523,11.285714285714286,9.0,-2.2857142857142865,0.14285714285714285,33.599999999999994,2.0,155.0,0.012903225806451613,0.22435020519835813,0.006535947712418277,False,-2.0697674418604652
65036,Flora Bunda CA,32768,Flora Bunda,Decor,243,0.9670781893004116,0.8888888888888888,6.1570247933884295,5.621399176954733,-0.5356256164336965,0.4444444444444444,1654.7519047619046,1.0,0.0,1.0,7.0,7.0,0.0,0.0,283.9,43,1.0,0.8372093023255814,7.534883720930233,7.046511627906977,-0.4883720930232558,0.20930232558139536,69.83023255813953,18.0,1.0,1.0,7.555555555555555,6.555555555555555,-1.0,0.3888888888888889,61.0,1.0,244.0,0.004098360655737705,1.425112450952244,0.03292181069958844,False,0.49095607235142147
363356,Ning Bo Jing Wei Dian Zi Shang Wu You Xian Gong Si CA 92316,110596,Ning Bo Jing Wei Dian Zi Shang Wu You Xian Gong Si,APS Outdoor,168,0.8690476190476191,0.9345238095238095,6.2023809523809526,5.072289156626506,-1.1300917957544465,0.6726190476190477,657.2544715447154,,,,,,,,,43,0.4186046511627907,0.7209302325581395,6.930232558139535,6.976744186046512,0.04651162790697683,0.37209302325581395,82.35581395348838,52.0,0.36538461538461536,0.8076923076923077,7.6923076923076925,7.96078431372549,0.2684766214177978,0.46153846153846156,207.74333333333334,0.0,168.0,0.0,1.9044550294200056,-0.45044296788482835,False,-0.9840401276789787
333015,JumpOrange CA 91730,13472,JumpOrange,Recreation,487,0.9897330595482546,0.9568788501026694,8.19917864476386,6.174537987679671,-2.0246406570841886,0.4414784394250513,1817.1227482578397,9.0,1.0,1.0,8.666666666666666,6.0,-2.666666666666666,0.4444444444444444,127.46666666666664,43,0.9534883720930233,0.9302325581395349,7.906976744186046,6.465116279069767,-1.441860465116279,0.3023255813953488,79.64418604651162,28.0,0.8571428571428571,0.8214285714285714,11.107142857142858,10.785714285714286,-0.3214285714285712,0.14285714285714285,41.45555555555555,9.0,496.0,0.018145161290322582,0.29057829139009606,-0.03624468745523135,False,-4.320598006644519
285993,ZHU INTERNATIONAL TRADE INC CA 91710 (2),99086,ZHU INTERNATIONAL TRADE INC,Upholstery,312,1.0,0.8846153846153846,6.352564102564102,5.788461538461538,-0.5641025641025639,0.4230769230769231,1597.1011152416359,,,,,,,,,43,1.0,0.9302325581395349,6.930232558139535,6.186046511627907,-0.7441860465116275,0.37209302325581395,135.20232558139534,22.0,1.0,0.6818181818181818,7.7272727272727275,7.590909090909091,-0.1363636363636367,0.45454545454545453,75.42727272727274,0.0,312.0,0.0,0.397584973166369,0.0,False,-1.4048625792811835
67963,Stone International CA91730,59904,Stone International,APS,226,0.8185840707964602,0.8628318584070797,5.752212389380531,5.176991150442478,-0.5752212389380524,0.6592920353982301,1056.077598566308,,,,,,,,,43,0.9767441860465116,0.9534883720930233,6.372093023255814,5.1395348837209305,-1.2325581395348832,0.6046511627906976,64.44418604651163,34.0,0.8235294117647058,0.7058823529411765,8.882352941176471,8.151515151515152,-0.7308377896613187,0.35294117647058826,244.8857142857143,0.0,226.0,0.0,-0.03745626672154767,0.15816011525005136,True,-3.011980267794222
216677,jml trading llc CA,40097,jml trading llc,APS,178,0.9325842696629213,0.8651685393258427,7.191011235955056,6.519774011299435,-0.6712372246556209,0.3539325842696629,1696.4297872340426,,,,,,,,,43,0.813953488372093,0.9069767441860465,7.1395348837209305,6.837209302325581,-0.3023255813953494,0.3023255813953488,98.76744186046511,14.0,0.8571428571428571,0.9285714285714286,8.642857142857142,7.5,-1.1428571428571423,0.2857142857142857,44.24,0.0,178.0,0.0,0.317435291026146,-0.11863078129082827,False,-0.6627906976744189
117984,"Ningbo le verde home furnishing co.,ltd. CA 91761",70401,"Ningbo le verde home furnishing co.,ltd.",APS Outdoor,299,0.9531772575250836,0.8595317725752508,6.551839464882943,5.697986577181208,-0.8538528877017351,0.5384615384615384,1091.2770491803278,4.0,1.0,0.75,7.0,4.25,-2.75,0.75,525.325,43,0.8372093023255814,0.7906976744186046,7.069767441860465,6.744186046511628,-0.3255813953488369,0.32558139534883723,87.25116279069766,58.0,0.8620689655172413,0.8620689655172413,7.948275862068965,7.051724137931035,-0.8965517241379306,0.46551724137931033,79.24329427083332,4.0,303.0,0.013201320132013201,1.0461994693304204,-0.1159679551995022,False,-0.30753809141940636
59504,Festival Depot CA 91761 (2),28867,Festival Depot,Outdoor Furniture,164,0.8780487804878049,0.823170731707317,6.4939024390243905,5.9817073170731705,-0.51219512195122,0.4024390243902439,1661.3073333333336,,,,,,,,,43,0.7674418604651163,0.7906976744186046,8.093023255813954,6.976744186046512,-1.116279069767442,0.23255813953488372,72.66511627906976,17.0,0.8235294117647058,1.0,5.470588235294118,4.823529411764706,-0.6470588235294121,0.7058823529411765,40.12499999999999,0.0,164.0,0.0,0.9950368689733411,-0.11060692002268857,False,2.153214774281806
138375,CLEESINK LLC CA 91702,69845,CLEESINK LLC,APS,189,1.0,0.9365079365079365,5.476190476190476,4.994708994708994,-0.48148148148148184,0.6137566137566137,1267.8123529411764,,,,,,,,,42,0.8333333333333334,0.8809523809523809,6.642857142857143,6.357142857142857,-0.2857142857142865,0.3333333333333333,86.02380952380952,25.0,0.96,0.84,6.0,5.64,-0.3600000000000003,0.68,57.74444444444445,0.0,189.0,0.0,1.3624338624338623,-0.16666666666666663,False,0.7171428571428571
337244,Starpower International LLC CA 91752,56999,Starpower International LLC,APS Outdoor,181,0.856353591160221,0.9337016574585635,13.762430939226519,10.472222222222221,-3.2902087170042975,0.1878453038674033,1238.8802631578947,,,,,,,,,42,1.0,0.9523809523809523,8.452380952380953,7.333333333333333,-1.1190476190476195,0.2619047619047619,120.66428571428571,48.0,0.9166666666666666,0.8125,11.375,11.27659574468085,-0.09840425531914931,0.20833333333333334,486.75882352941187,0.0,181.0,0.0,-3.1388888888888884,0.14364640883977897,True,-3.9432624113475176
430135, ARM,300007,shenzhenshitaixincunchukejiyouxiangongsi,APS K&D,340,0.9823529411764705,0.9235294117647059,8.08235294117647,6.812745098039215,-1.2696078431372557,0.2676470588235294,1848.3910256410254,,,,,,,,,42,1.0,0.9761904761904762,8.023809523809524,6.357142857142857,-1.666666666666667,0.35714285714285715,74.55714285714286,32.0,1.0,0.875,12.65625,10.9375,-1.71875,0.3125,20.48888888888889,0.0,340.0,0.0,-0.4556022408963578,0.01764705882352946,True,-4.580357142857143
196857,Costway CA92374(3),38830,Costway,APS Outdoor,395,0.9392405063291139,0.9012658227848102,6.554430379746836,5.550761421319797,-1.0036689584270384,0.529113924050633,1500.6143916913948,,,,,,,,,42,1.0,0.9761904761904762,7.785714285714286,6.523809523809524,-1.2619047619047619,0.2857142857142857,99.64285714285714,36.0,0.9722222222222222,0.8611111111111112,9.916666666666666,8.583333333333334,-1.3333333333333321,0.2777777777777778,52.08958333333334,0.0,395.0,0.0,0.9730481024897264,0.06075949367088607,False,-2.05952380952381
321924,Samtons Lighting CA 91762,50194,Samtons Lighting,APS Home Improvement,396,0.7727272727272727,0.9090909090909091,6.621212121212121,5.614095500459136,-1.007116620752985,0.5555555555555556,1144.862375249501,,,,,,,,,42,0.5714285714285714,0.7142857142857143,6.880952380952381,6.738095238095238,-0.14285714285714324,0.3333333333333333,116.33095238095237,47.0,0.5531914893617021,0.7446808510638298,7.8936170212765955,7.51063829787234,-0.3829787234042552,0.6170212765957447,93.67586206896553,0.0,396.0,0.0,1.123999737636102,-0.2012987012987013,False,-0.7725430597771021
185941,Adowam Magic LLC CA 91710,184014,Adowam Magic LLC,Upholstery,179,0.8044692737430168,0.9217877094972067,8.1731843575419,7.112359550561798,-1.0608248069801016,0.2681564245810056,1792.9104575163399,,,,,,,,,42,0.9047619047619048,0.9285714285714286,8.833333333333334,7.595238095238095,-1.238095238095239,0.11904761904761904,72.87380952380953,24.0,0.9166666666666666,0.9583333333333334,10.958333333333334,9.25,-1.708333333333334,0.2916666666666667,168.94285714285715,0.0,179.0,0.0,0.4828785446762973,0.10029263101888797,False,-1.654761904761905
250717,ningbonuowandianzishangwuyouxian CA 91710,157928,ningbonuowandianzishangwuyouxiangongsi (USA),APS Outdoor,157,0.9745222929936306,0.8789808917197452,8.420382165605096,6.898089171974522,-1.5222929936305736,0.3184713375796178,1716.2777777777778,1.0,1.0,1.0,8.0,4.0,-4.0,1.0,371.5,41,0.8048780487804879,0.8048780487804879,8.512195121951219,7.658536585365853,-0.8536585365853657,0.1951219512195122,92.67804878048781,23.0,0.782608695652174,0.8260869565217391,10.26086956521739,9.08695652173913,-1.1739130434782599,0.2608695652173913,47.166666666666664,1.0,158.0,0.006329113924050633,0.760447413391331,-0.16964424421314273,False,-1.4284199363732775
348623,MINDRAY INTERNATIONAL LIMITED CA 92337,307364,MINDRAY INTERNATIONAL LIMITED,APS Mattresses,157,0.7070063694267515,0.7452229299363057,5.528662420382165,5.685897435897436,0.15723501551527086,0.535031847133758,1039.0172364672364,1.0,1.0,1.0,5.0,1.0,-4.0,1.0,71.5,41,0.9512195121951219,0.8780487804878049,7.7560975609756095,7.0,-0.7560975609756095,0.2682926829268293,56.378048780487795,27.0,0.8518518518518519,0.9259259259259259,6.592592592592593,4.84,-1.7525925925925927,0.5555555555555556,259.3176470588236,1.0,158.0,0.006329113924050633,1.3141025641025639,0.24421314276837036,False,2.16
452027,Guangzhou Pangwei Technology Co. CA 91761,283221,Guangzhou Pangwei Technology Co.,APS Outdoor,403,0.9727047146401985,0.8660049627791563,7.0,6.121890547263682,-0.878109452736318,0.3523573200992556,1685.4100890207717,1.0,1.0,1.0,7.0,6.0,-1.0,0.0,43.4,41,1.0,0.8536585365853658,6.121951219512195,5.2926829268292686,-0.8292682926829267,0.6585365853658537,77.3219512195122,35.0,1.0,0.9714285714285714,6.142857142857143,4.685714285714286,-1.4571428571428573,0.8,66.41964285714288,1.0,404.0,0.0024752475247524753,-0.8292076204344134,0.027295285359801524,True,0.6069686411149826
354614,JINGHONGYA 1,354182,Ward Cross border (Hong Kong) Limited,Wayfair,509,0.9410609037328095,0.9155206286836935,6.9351669941060905,6.079098067287044,-0.8560689268190469,0.3948919449901768,1737.3593889240838,,,,,,,,,41,1.0,0.9512195121951219,8.487804878048781,7.341463414634147,-1.1463414634146343,0.14634146341463414,70.00975609756098,25.0,0.96,0.92,6.803636363636364,5.68,-1.123636363636364,0.72,92.02631578947367,0.0,509.0,0.0,1.262365347347103,0.058939096267190516,False,1.661463414634147
324088,aifei(shanghai)kejiyouxiangongsi CA 91761,232557,aifei(shanghai)kejiyouxiangongsi,APS K&D,484,0.8698347107438017,0.890495867768595,4.648760330578512,4.273291925465839,-0.37546840511267376,0.7975206611570248,752.4825053995681,,,,,,,,,41,0.9512195121951219,0.926829268292683,5.2439024390243905,4.658536585365853,-0.5853658536585371,0.7317073170731707,92.9390243902439,46.0,1.0,0.9347826086956522,5.021739130434782,3.8043478260869565,-1.2173913043478257,0.8695652173913043,58.41875000000001,0.0,484.0,0.0,0.3852446599000148,0.08138480145132021,False,0.8541887592788968
79898,Studio Designs Inc. CA,5161,Studio Designs Inc.,Casegoods,220,0.9954545454545455,0.9,6.704545454545454,6.3,-0.4045454545454543,0.37272727272727274,1705.7751351351353,,,,,,,,,41,1.0,0.8536585365853658,7.170731707317073,6.951219512195122,-0.21951219512195141,0.2682926829268293,73.80243902439025,13.0,1.0,0.8461538461538461,6.0,6.3076923076923075,0.3076923076923075,0.6153846153846154,65.125,0.0,220.0,0.0,0.6512195121951221,0.004545454545454519,False,0.6435272045028144
269068,shenzhenshimaifengyunjikuajingdianshang CA 91748,238530,shenzhenshimaifengyunjikuajingdianshangyouxiangongsi,APS Home Improvement,183,0.8743169398907104,0.8633879781420765,7.879781420765028,6.513812154696133,-1.3659692660688947,0.39344262295081966,1571.0925074925074,,,,,,,,,41,0.975609756097561,0.975609756097561,8.048780487804878,6.926829268292683,-1.1219512195121952,0.24390243902439024,82.13658536585366,17.0,0.8235294117647058,0.8823529411764706,8.882352941176471,7.235294117647059,-1.6470588235294121,0.4117647058823529,140.51666666666668,0.0,183.0,0.0,0.4130171135965499,0.1012928162068506,False,-0.308464849354376
369029,Silverton Partners LLC CA 92337 (2),354157,Silverton Partners LLC,Upholstery,218,1.0,0.8532110091743119,6.807339449541284,6.188940092165899,-0.6183993573753854,0.39908256880733944,1705.0656565656566,,,,,,,,,41,0.7560975609756098,0.7317073170731707,7.7317073170731705,7.7317073170731705,0.0,0.07317073170731707,57.3609756097561,29.0,0.9310344827586207,0.9310344827586207,6.0,5.275862068965517,-0.7241379310344831,0.6206896551724138,101.76315789473684,0.0,218.0,0.0,1.542767224907272,-0.24390243902439024,False,2.4558452481076536
84986,LNC Lighting CA 91752,57585,LNC Lighting,Lighting,442,0.7217194570135747,0.8552036199095022,6.726244343891403,5.841628959276018,-0.884615384615385,0.46153846153846156,1462.9995037220845,,,,,,,,,41,0.36585365853658536,0.5609756097560976,6.463414634146342,6.463414634146342,0.0,0.36585365853658536,53.33902439024391,39.0,0.41025641025641024,0.8717948717948718,6.282051282051282,5.743589743589744,-0.5384615384615383,0.5897435897435898,97.24583333333335,0.0,442.0,0.0,0.6217856748703241,-0.3558657984769893,False,0.7198248905565983
405366,ARTPLAN Trading LLC CA 91761,59788,ARTPLAN Trading LLC,APS Outdoor,79,0.9493670886075949,0.9620253164556962,8.873417721518987,6.962025316455696,-1.9113924050632907,0.27848101265822783,1641.5870967741937,2.0,0.5,0.5,5.5,6.0,0.5,0.5,95.4,41,0.975609756097561,0.975609756097561,8.439024390243903,6.365853658536586,-2.073170731707317,0.36585365853658536,87.36585365853658,22.0,0.9545454545454546,0.9545454545454546,10.454545454545455,11.181818181818182,0.7272727272727266,0.3181818181818182,439.05,2.0,81.0,0.024691358024691357,-0.5961716579191103,0.026242667489966065,True,-4.815964523281596
87173,NAVITURE INTERNATIONAL LLC CA 91746,72158,cixishijuxundianzishangwuyouxiangongsi,APS,741,0.8812415654520918,0.8758434547908233,5.1214574898785425,4.526540710751237,-0.5949167791273053,0.7341430499325237,796.2515283842796,1.0,0.0,0.0,4.0,6.0,2.0,0.0,58.5,41,0.926829268292683,0.7073170731707317,5.341463414634147,5.414634146341464,0.07317073170731714,0.6585365853658537,58.77560975609755,137.0,0.9416058394160584,0.9051094890510949,6.007299270072993,4.970802919708029,-1.0364963503649642,0.7664233576642335,103.48104545454545,1.0,742.0,0.0013477088948787063,0.8880934355902266,0.045587702840591215,False,0.443831226633435
74626,Coastline Imports CA,22008,Coastline Imports,Tabletop,219,0.9726027397260274,0.8949771689497716,7.684931506849315,6.2304147465437785,-1.4545167603055367,0.4383561643835616,1568.5046511627902,,,,,,,,,41,0.9512195121951219,0.8780487804878049,8.560975609756097,7.365853658536586,-1.1951219512195115,0.17073170731707318,74.6170731707317,37.0,1.0,0.918918918918919,8.35135135135135,7.378378378378378,-0.9729729729729728,0.3783783783783784,68.96875,0.0,219.0,0.0,1.1354389119928072,-0.02138322753090549,False,-0.012524719841792376
240734,Shanghai ShangQuan WuLiu Co.Ltd CA 91752,68010,Shanghai ShangQuan WuLiu Co.Ltd,APS Outdoor,320,0.759375,0.809375,5.596875,5.2125,-0.38437499999999947,0.640625,1171.7274493927123,,,,,,,,,41,0.8292682926829268,0.8292682926829268,5.975609756097561,5.682926829268292,-0.29268292682926855,0.5121951219512195,94.35121951219513,37.0,0.8378378378378378,0.8918918918918919,6.1891891891891895,5.45945945945946,-0.7297297297297298,0.7027027027027027,46.54761904761905,0.0,320.0,0.0,0.47042682926829205,0.06989329268292677,False,0.22346736980883275
290451,SZ TOPHAND CA,54022,SZ TOPHAND,Hardware,497,0.9678068410462777,0.8551307847082495,7.835010060362173,6.782137268052761,-1.0528727923094117,0.34004024144869216,1736.91500405515,,,,,,,,,40,0.95,0.85,7.25,6.825,-0.4249999999999998,0.3,107.42749999999998,20.0,0.85,0.75,8.45,7.45,-0.9999999999999991,0.4,120.21111111111112,0.0,497.0,0.0,0.04286273194723922,-0.01780684104627772,False,-0.625
401817,kaicang Riverside CA（RIA）92509,64480,SHENZHEN SUFEILAN TRADING COMPANY,APS K&D,266,0.8984962406015038,0.9135338345864662,6.672932330827067,5.418867924528302,-1.2540644062987658,0.650375939849624,622.7430769230768,1.0,1.0,1.0,5.0,4.0,-1.0,1.0,48.6,40,1.0,0.95,6.15,4.95,-1.2000000000000002,0.675,92.89999999999999,42.0,1.0,0.9761904761904762,6.833333333333333,5.333333333333333,-1.5,0.7142857142857143,176.3714285714286,1.0,267.0,0.003745318352059925,-0.4688679245283014,0.10150375939849621,True,-0.38333333333333286
319516,Foshanshikaerbeilikejiyouxiangongsi CA 90040,319441,Foshanshikaerbeilikejiyouxiangongsi,Wayfair,187,0.983957219251337,0.9411764705882353,7.721925133689839,6.176470588235294,-1.545454545454545,0.40641711229946526,1557.7063291139243,1.0,1.0,0.0,8.0,,,0.0,733.4,40,0.95,0.825,8.225,7.925,-0.2999999999999998,0.175,97.375,15.0,1.0,1.0,7.333333333333333,6.533333333333333,-0.7999999999999998,0.4666666666666667,74.85,1.0,188.0,0.005319148936170213,1.7485294117647054,-0.03395721925133699,False,1.3916666666666666
360252,SHENZHEN TIANSHUXING TECHNOLOGY CO LTD CA 90601,79674,SHENZHEN TIANSHUXING TECHNOLOGY CO LTD,APS Youth,179,0.9273743016759777,0.9329608938547486,8.46927374301676,6.391061452513966,-2.078212290502794,0.3854748603351955,1601.6774647887323,,,,,,,,,40,0.425,0.925,8.625,7.75,-0.875,0.125,69.30499999999998,21.0,0.23809523809523808,0.9047619047619048,11.0,9.904761904761905,-1.095238095238095,0.23809523809523808,103.45555555555556,0.0,179.0,0.0,1.3589385474860336,-0.5023743016759776,False,-2.154761904761905
365218,Buriza Can Inc CA 91761 (2),297292,Buriza Can Inc,Upholstery,93,0.9139784946236559,0.9247311827956989,5.462365591397849,4.602150537634409,-0.8602150537634401,0.6989247311827957,965.5988095238096,,,,,,,,,40,0.675,0.775,7.5,7.0,-0.5,0.35,75.21249999999999,17.0,0.8823529411764706,0.9411764705882353,5.9411764705882355,5.529411764705882,-0.41176470588235325,0.6470588235294118,85.02727272727272,0.0,93.0,0.0,2.397849462365591,-0.23897849462365583,False,1.4705882352941178
294754,Shen zhen shi tian jian shi ye fa zhan yo CA 90502,200887,"HONG KONG TIANJIAN INDUSTRIAL DEVELOPMENT CO., LIMITED",APS,263,0.9505703422053232,0.9315589353612167,5.239543726235741,4.741444866920152,-0.49809885931558906,0.6958174904942965,1034.2389361702128,,,,,,,,,40,0.375,0.625,6.1,6.55,0.4500000000000002,0.425,78.2525,50.0,0.46,0.74,4.52,4.62,0.10000000000000053,0.78,79.98333333333332,0.0,263.0,0.0,1.8085551330798477,-0.5755703422053232,False,1.9299999999999997
308654,Guangzhou Fengrui Network Technology CA 91762,67203,"HONG KONG FENGRUI E-COMMERCE CO., LIMITED",APS,147,0.8299319727891157,0.8095238095238095,7.149659863945578,6.54875283446712,-0.6009070294784582,0.3197278911564626,1812.988429752066,,,,,,,,,40,0.975,0.95,8.15,6.8,-1.3500000000000005,0.25,66.70500000000001,11.0,1.0,0.8181818181818182,10.545454545454545,9.818181818181818,-0.7272727272727266,0.36363636363636365,58.2,0.0,147.0,0.0,0.25124716553288007,0.1450680272108843,False,-3.0181818181818185
352511,YEEYOO INTERNATIONAL LIMITED CA 91710,108807,YEEYOO INTERNATIONAL LIMITED,APS Bedroom,441,1.0,0.8639455782312925,6.662131519274377,5.338636363636364,-1.323495155638013,0.6258503401360545,988.020997375328,9.0,0.8888888888888888,0.7777777777777778,6.222222222222222,5.777777777777778,-0.44444444444444464,0.4444444444444444,113.43333333333334,40,0.85,0.825,9.075,7.9,-1.174999999999999,0.175,72.9925,27.0,1.0,0.8518518518518519,7.555555555555555,6.555555555555555,-1.0,0.5555555555555556,85.5,9.0,450.0,0.02,2.5613636363636365,-0.15000000000000002,False,1.344444444444445
333037,河南省晴天庭院家具有限公司 CA 92337 ,316074,Henan Sheng Qingtian Tingyuan Jiaju Youxian Gongsi_1,Youth Furniture & Decor,134,0.9776119402985075,0.8507462686567164,7.022388059701493,6.2481203007518795,-0.7742677589496134,0.3805970149253731,1630.6825688073397,,,,,,,,,40,0.95,0.85,8.275,6.625,-1.6500000000000004,0.325,92.475,14.0,1.0,1.0,10.571428571428571,8.571428571428571,-2.0,0.14285714285714285,198.39999999999998,0.0,134.0,0.0,0.3768796992481205,-0.027611940298507553,False,-1.9464285714285712
106621,SCR Holding Co CA 90810,106019,SCR Holding Co,Storage & Org - Frequency,579,0.7495682210708118,0.8618307426597582,5.652849740932642,4.900172711571675,-0.7526770293609673,0.6718480138169257,855.531843971141,,,,,,,,,40,0.675,0.875,6.4,6.0,-0.40000000000000036,0.4,73.6375,89.0,0.6741573033707865,0.8651685393258426,6.01123595505618,5.337078651685394,-0.6741573033707864,0.696629213483146,99.06423611111111,0.0,579.0,0.0,1.0998272884283251,-0.07456822107081174,False,0.6629213483146064
183037,"Jili Creation Technology Co., Ltd CA 92335",64134,"Jili Creation Technology Co., Ltd",APS,304,0.944078947368421,0.8717105263157895,5.684210526315789,5.35973597359736,-0.3244745527184296,0.5296052631578947,1365.0973333333334,,,,,,,,,40,0.725,0.625,6.925,7.225,0.2999999999999998,0.2,90.2625,29.0,0.5517241379310345,0.6551724137931034,5.551724137931035,5.862068965517241,0.3103448275862064,0.5862068965517241,69.85238095238095,0.0,304.0,0.0,1.8652640264026399,-0.21907894736842104,False,1.3629310344827585
414769,"Zhejiang Linya Co., Ltd CA 91761",88120,LINYA OUTDOOR LIVING LLC,APS Home Improvement,171,0.8771929824561403,0.9181286549707602,7.029239766081871,6.081871345029239,-0.9473684210526319,0.5380116959064327,868.2860655737705,1.0,1.0,1.0,5.0,3.0,-2.0,1.0,12.8,40,0.975,0.95,8.35,6.65,-1.6999999999999993,0.225,83.7775,53.0,0.9811320754716981,0.9622641509433962,11.62264150943396,9.660377358490566,-1.962264150943394,0.2641509433962264,93.00714285714287,1.0,172.0,0.005813953488372093,0.5681286549707609,0.09780701754385968,False,-3.0103773584905653
219191,Emson USA CA 92376 (DCG Renaissance),1303,Emson USA,Kitchen & Small Electrics,264,0.9696969696969697,0.8674242424242424,6.204545454545454,5.656488549618321,-0.5480569049271331,0.4431818181818182,1807.281818181818,,,,,,,,,40,0.475,0.725,7.075,7.15,0.07500000000000018,0.2,79.20750000000001,20.0,0.25,0.5,6.65,6.933333333333334,0.2833333333333332,0.25,55.65999999999999,0.0,264.0,0.0,1.4935114503816793,-0.49469696969696975,False,0.21666666666666679
174449,AIVITUVIN INC CA 92571,70398,AIVITUVIN INC,APS,208,0.9903846153846154,0.9375,5.4423076923076925,4.463768115942029,-0.9785395763656632,0.8028846153846154,764.6351801801802,,,,,,,,,40,0.85,1.0,4.95,4.425,-0.5250000000000004,0.8,90.8075,46.0,0.8260869565217391,0.6956521739130435,8.978260869565217,8.93478260869565,-0.0434782608695663,0.34782608695652173,116.81285714285714,0.0,208.0,0.0,-0.038768115942029446,-0.14038461538461544,True,-4.509782608695651
177898,Atlas International CA 92649,5377,"JG Group, Inc.",Plumbing,156,0.9423076923076923,0.8782051282051282,6.814102564102564,5.916129032258064,-0.8979735318444995,0.4423076923076923,1474.841923076923,,,,,,,,,40,0.6,0.825,7.75,7.65,-0.09999999999999964,0.15,71.36999999999999,32.0,0.625,0.8125,7.78125,7.53125,-0.25,0.25,147.46363636363637,0.0,156.0,0.0,1.733870967741936,-0.3423076923076923,False,0.11875000000000036
303125,B205-CA,295478,Trading Sizzle Inc,APS Upholstery,334,0.7574850299401198,0.8473053892215568,6.772455089820359,5.852852852852853,-0.9196022369675063,0.46407185628742514,1590.8850340136055,3.0,1.0,1.0,5.0,4.333333333333333,-0.666666666666667,0.6666666666666666,246.36666666666667,40,0.5,0.85,7.625,6.775,-0.8499999999999996,0.35,75.03,24.0,0.3333333333333333,0.9166666666666666,6.541666666666667,5.875,-0.666666666666667,0.6666666666666666,91.07857142857142,3.0,337.0,0.008902077151335312,0.9221471471471476,-0.2574850299401198,False,0.9000000000000004
66705,Kai Tai Inc. CA91761,65289,Kai Tai Inc.,Recreation,143,1.0,0.951048951048951,7.65034965034965,6.153846153846154,-1.4965034965034958,0.3146853146853147,1793.1620689655172,1.0,1.0,1.0,7.0,6.0,-1.0,0.0,18.6,40,1.0,0.975,9.55,6.85,-2.700000000000001,0.2,69.50999999999999,12.0,1.0,0.9166666666666666,7.666666666666667,6.25,-1.416666666666667,0.5,118.87142857142855,1.0,144.0,0.006944444444444444,0.6961538461538455,0.0,False,0.5999999999999996
18379,Mark Roberts,18379,Mark Roberts,PG Decor,203,0.9802955665024631,0.8817733990147784,5.635467980295567,5.410891089108911,-0.2245768911866559,0.49261083743842365,1415.992391304348,,,,,,,,,40,1.0,0.7,6.625,6.225,-0.40000000000000036,0.45,94.11000000000001,16.0,0.875,0.5625,6.375,6.375,0.0,0.625,48.39,0.0,203.0,0.0,0.8141089108910888,0.019704433497536922,False,-0.15000000000000036
470267,Yiwu Youxi Electronic Commerce Co. CA 91752(3),98141,Yiwu Youxi Electronic Commerce Co. Ltd,APS Outdoor,72,0.9583333333333334,0.9305555555555556,7.5,5.791666666666667,-1.708333333333333,0.5416666666666666,1312.173076923077,1.0,1.0,1.0,8.0,5.0,-3.0,1.0,854.2,40,1.0,1.0,7.45,6.4,-1.0499999999999998,0.225,73.74000000000001,23.0,1.0,1.0,6.130434782608695,4.608695652173913,-1.5217391304347823,0.5217391304347826,269.17058823529413,1.0,73.0,0.0136986301369863,0.6083333333333334,0.04166666666666663,False,1.7913043478260873
490731,FORESTUP LTD CA 91761(5),214055,FORESTUP LTD,APS Mattresses,823,0.9756986634264885,0.8760631834750912,7.051032806804375,6.104534611898288,-0.9464981949060869,0.4106925880923451,1740.152686567164,,,,,,,,,39,1.0,0.9487179487179487,8.076923076923077,6.897435897435898,-1.1794871794871788,0.2564102564102564,97.55641025641027,11.0,1.0,1.0,11.454545454545455,9.0,-2.454545454545455,0.45454545454545453,141.875,0.0,823.0,0.0,0.7929012855376101,0.024301336573511523,False,-2.102564102564102
248565,Limitless Digital Group Ltd CA 91761(2),208462,"Zhejiang Anji Honghua furniture Co., LTD",APS Youth,286,0.986013986013986,0.916083916083916,6.8076923076923075,5.531468531468532,-1.2762237762237758,0.5594405594405595,1100.3908823529412,2.0,1.0,1.0,4.5,3.0,-1.5,1.0,44.7,39,1.0,0.9487179487179487,6.6923076923076925,5.6923076923076925,-1.0,0.5897435897435898,52.430769230769236,22.0,1.0,1.0,9.318181818181818,7.363636363636363,-1.954545454545455,0.5,133.78333333333333,2.0,288.0,0.006944444444444444,0.16083916083916083,0.013986013986013957,False,-1.6713286713286708
354420,"GigaCloud Trading, Inc. CA 92337 (5) ",3215,"GigaCloud Trading, Inc.",Outdoor Furniture,184,0.717391304347826,0.8967391304347826,7.978260869565218,6.527472527472527,-1.4507883420926904,0.34782608695652173,1648.6298165137614,12.0,0.4166666666666667,0.9166666666666666,6.833333333333333,3.75,-3.083333333333333,0.9166666666666666,296.8833333333333,39,0.46153846153846156,0.5897435897435898,8.692307692307692,9.333333333333334,0.6410256410256423,0.15384615384615385,74.8128205128205,20.0,0.45,0.75,8.8,8.15,-0.6500000000000004,0.3,72.725,12.0,196.0,0.061224489795918366,2.8058608058608066,-0.2558528428093645,False,1.1833333333333336
146896,Lilola Home CA,58780,Lilola Home,Upholstery,218,0.8944954128440367,0.8623853211009175,6.885321100917431,6.376146788990826,-0.5091743119266052,0.3165137614678899,1874.142487046632,,,,,,,,,39,0.717948717948718,0.6923076923076923,8.384615384615385,7.923076923076923,-0.4615384615384617,0.15384615384615385,63.67692307692307,18.0,0.6666666666666666,0.7222222222222222,7.166666666666667,6.611111111111111,-0.5555555555555562,0.3888888888888889,87.53333333333332,0.0,218.0,0.0,1.5469301340860975,-0.1765466948953187,False,1.3119658119658126
342543,"Guangzhou Konda Import&Export Co., Ltd CA 91789",143731,"Guangzhou Konda Import&Export Co., Ltd",APS Youth,227,0.986784140969163,0.9162995594713657,7.3392070484581495,6.176211453744493,-1.1629955947136565,0.3392070484581498,1794.0492610837437,,,,,,,,,39,1.0,0.7948717948717948,8.58974358974359,8.307692307692308,-0.28205128205128105,0.1282051282051282,79.5974358974359,21.0,0.9523809523809523,0.7619047619047619,8.761904761904763,8.05,-0.711904761904762,0.23809523809523808,75.24285714285715,0.0,227.0,0.0,2.1314808539478154,0.013215859030836996,False,0.25769230769230766
337985,"JIANG SU RED SUN Textile Co.,Ltd. LAX01",266533,"JIANG SU RED SUN Textile Co., Ltd.",APS Youth,112,0.9107142857142857,0.8660714285714286,6.089285714285714,5.982142857142857,-0.10714285714285765,0.4732142857142857,1266.431914893617,,,,,,,,,39,0.9743589743589743,0.9487179487179487,7.717948717948718,6.717948717948718,-1.0,0.3076923076923077,108.47435897435898,25.0,0.96,0.84,6.64,5.72,-0.9199999999999999,0.64,48.162499999999994,0.0,112.0,0.0,0.7358058608058613,0.06364468864468864,False,0.9979487179487183
431040,洛杉矶-发光体-大件,271328,"Changzhou Dizeng E-commerce Co., LTD",APS Bedroom,424,0.9174528301886793,0.8608490566037735,6.007075471698113,5.3307328605200945,-0.6763426111780184,0.6108490566037735,953.1301566579634,,,,,,,,,39,1.0,0.9487179487179487,5.717948717948718,5.128205128205129,-0.5897435897435894,0.6923076923076923,74.81025641025641,57.0,1.0,1.0,6.105263157894737,4.2631578947368425,-1.8421052631578947,0.7894736842105263,58.66777777777778,0.0,424.0,0.0,-0.2025277323149659,0.08254716981132071,True,0.8650472334682862
368154, MS-LTLCA,308220,Dwelling Dots Ltd,APS Upholstery,67,0.9253731343283582,0.8059701492537313,8.477611940298507,7.746268656716418,-0.7313432835820892,0.2537313432835821,1375.7948717948718,,,,,,,,,39,0.717948717948718,0.7948717948717948,8.461538461538462,7.897435897435898,-0.5641025641025639,0.20512820512820512,88.28461538461538,30.0,0.8666666666666667,0.8666666666666667,10.0,8.866666666666667,-1.1333333333333329,0.43333333333333335,189.19000000000003,0.0,67.0,0.0,0.15116724071947996,-0.20742441637964026,False,-0.9692307692307693
75188,Starpower International LLC CA 91761,56999,Starpower International LLC,APS Outdoor,51,0.8431372549019608,0.8823529411764706,7.882352941176471,6.764705882352941,-1.1176470588235299,0.21568627450980393,1902.4697674418603,,,,,,,,,39,0.8205128205128205,0.9487179487179487,7.564102564102564,6.410256410256411,-1.1538461538461533,0.28205128205128205,73.24871794871795,31.0,0.7741935483870968,0.9032258064516129,9.419354838709678,8.903225806451612,-0.5161290322580658,0.41935483870967744,64.02142857142857,0.0,51.0,0.0,-0.35444947209653055,-0.022624434389140302,True,-2.4929693961952015
446998,Ningbo Linnuo International Trade CA 92337(4),107049,Ningbo Linnuo International Trade Co.  Ltd.,APS Outdoor,184,0.9402173913043478,0.9021739130434783,6.771739130434782,5.842391304347826,-0.9293478260869561,0.5380434782608695,1172.6162499999998,,,,,,,,,39,0.8974358974358975,0.8974358974358975,7.410256410256411,6.0,-1.4102564102564106,0.5128205128205128,65.5025641025641,23.0,1.0,0.9565217391304348,8.347826086956522,6.6521739130434785,-1.695652173913043,0.6086956521739131,88.0,0.0,184.0,0.0,0.15760869565217384,-0.042781493868450315,False,-0.6521739130434785
63834,M4H SRI,51878,Made4home,APS SEA,113,0.8672566371681416,0.7964601769911505,8.4070796460177,7.876106194690266,-0.5309734513274336,0.17699115044247787,1711.8574468085108,,,,,,,,,39,0.7435897435897436,0.9743589743589743,9.153846153846153,8.0,-1.1538461538461533,0.05128205128205128,101.4128205128205,17.0,0.7058823529411765,0.8235294117647058,9.764705882352942,9.117647058823529,-0.647058823529413,0.29411764705882354,65.48333333333333,0.0,113.0,0.0,0.12389380530973426,-0.123666893578398,False,-1.117647058823529
407408, USLAX10,241053,IWOOD FURNITURE INTERNATIONAL LIMITED,APS K&D,105,0.9428571428571428,0.9142857142857143,4.552380952380952,3.8380952380952382,-0.714285714285714,0.8,593.7758241758241,,,,,,,,,39,0.9487179487179487,0.8461538461538461,6.0,5.461538461538462,-0.5384615384615383,0.6153846153846154,59.22820512820513,20.0,1.0,0.9,5.3,4.85,-0.4500000000000002,0.75,207.29019607843136,0.0,105.0,0.0,1.6234432234432234,0.00586080586080584,False,0.611538461538462
221360,M & Y Traders Global LLC CA 90746,221359,M & Y Traders Global LLC,Youth Furniture & Decor,249,1.0,0.9759036144578314,7.341365461847389,5.634538152610442,-1.7068273092369477,0.44176706827309237,1753.2196895424836,7.0,1.0,1.0,7.714285714285714,7.0,-0.7142857142857144,0.0,167.8,38,1.0,0.9473684210526315,9.5,6.842105263157895,-2.6578947368421053,0.3157894736842105,77.20263157894736,23.0,1.0,1.0,10.304347826086957,7.695652173913044,-2.608695652173913,0.21739130434782608,47.75555555555556,7.0,256.0,0.02734375,1.207567110547453,0.0,False,-0.8535469107551492
236032,"Ningbo Juxingpin E-commerce Co., Ltd. CA",61105,"Ningbo Juxingpin E-commerce Co., Ltd.",APS Other,171,1.0,0.9298245614035088,5.60233918128655,4.4941176470588236,-1.1082215342277264,0.6900584795321637,984.1092499999996,1.0,0.0,1.0,7.0,6.0,-1.0,0.0,323.4,38,0.5,0.7368421052631579,7.026315789473684,5.631578947368421,-1.3947368421052628,0.5526315789473685,73.40263157894736,19.0,0.5789473684210527,0.7368421052631579,6.0,4.894736842105263,-1.1052631578947372,0.7368421052631579,70.77692307692308,1.0,172.0,0.005813953488372093,1.1374613003095977,-0.5,False,0.7368421052631584
357362,HONGKONG KINGSTONE INDUSTRIES LIMITED CA 92346,307173,HONGKONG KINGSTONE INDUSTRIES LIMITED,APS Housewares & More,84,0.9285714285714286,0.7976190476190477,8.535714285714286,7.5,-1.0357142857142865,0.2261904761904762,1797.70625,2.0,1.0,1.0,8.0,6.0,-2.0,0.0,38.45,38,1.0,0.9210526315789473,9.236842105263158,8.368421052631579,-0.8684210526315788,0.10526315789473684,102.70526315789475,15.0,1.0,0.8666666666666667,8.866666666666667,8.6,-0.2666666666666675,0.4,44.57777777777778,2.0,86.0,0.023255813953488372,0.8684210526315788,0.0714285714285714,False,-0.23157894736842088
431183,"JIANG SU RED SUN Textile Co., Ltd. USLAX9QY",266533,"JIANG SU RED SUN Textile Co., Ltd.",APS Decor,110,0.990909090909091,0.9363636363636364,7.590909090909091,6.490909090909091,-1.0999999999999996,0.43636363636363634,1110.18125,,,,,,,,,38,0.5789473684210527,0.7368421052631579,9.0,8.657894736842104,-0.3421052631578956,0.07894736842105263,64.43684210526315,28.0,0.35714285714285715,0.75,9.785714285714286,8.928571428571429,-0.8571428571428577,0.2857142857142857,160.0,0.0,110.0,0.0,2.1669856459330132,-0.4119617224880383,False,-0.2706766917293244
43524,Fullest LLC CA,36331,Fullest LLC,APS,294,0.8945578231292517,0.891156462585034,5.782312925170068,5.482993197278912,-0.2993197278911559,0.48299319727891155,1367.8847656250002,,,,,,,,,38,0.9210526315789473,0.8947368421052632,6.868421052631579,6.894736842105263,0.02631578947368407,0.2894736842105263,75.1078947368421,19.0,0.9473684210526315,0.9473684210526315,5.052631578947368,4.315789473684211,-0.7368421052631575,0.631578947368421,71.58571428571429,0.0,294.0,0.0,1.411743644826351,0.02649480844969565,False,2.578947368421052
399498,COMFY ZONE US LLC CA 92324,63657,COMFY ZONE US LLC,APS AEOF,354,0.9689265536723164,0.8361581920903954,5.138418079096045,4.586402266288951,-0.5520158128070936,0.6384180790960452,1103.9771515151515,9.0,1.0,1.0,6.555555555555555,3.6666666666666665,-2.888888888888889,1.0,714.3,38,1.0,0.9736842105263158,7.526315789473684,6.184210526315789,-1.3421052631578947,0.42105263157894735,88.8078947368421,54.0,0.9814814814814815,0.9444444444444444,6.2592592592592595,4.851851851851852,-1.4074074074074074,0.7407407407407407,44.190909090909095,9.0,363.0,0.024793388429752067,1.597808260026838,0.031073446327683607,False,1.3323586744639373
345762,Forious Inc. CA 91791,62616,Forious Inc.,APS,116,0.8362068965517241,0.7413793103448276,6.887931034482759,6.525862068965517,-0.362068965517242,0.33620689655172414,1652.41,,,,,,,,,38,1.0,0.9736842105263158,8.105263157894736,6.815789473684211,-1.2894736842105257,0.2631578947368421,80.84210526315788,29.0,1.0,0.9655172413793104,8.0,6.379310344827586,-1.6206896551724137,0.4827586206896552,66.61176470588236,0.0,116.0,0.0,0.2899274047186937,0.1637931034482759,False,0.4364791288566243
351146,Yiwu Youxi Electronic Commerce Co. CA 91752 (3),98141,Yiwu Youxi Electronic Commerce Co. Ltd,APS Outdoor,169,0.8698224852071006,0.7514792899408284,7.550295857988166,6.862275449101796,-0.68802040888637,0.3905325443786982,1112.2216216216216,,,,,,,,,38,1.0,0.6842105263157895,7.2631578947368425,7.052631578947368,-0.21052631578947434,0.2894736842105263,101.17105263157895,45.0,1.0,0.9555555555555556,7.466666666666667,6.311111111111111,-1.155555555555556,0.4222222222222222,178.99565217391302,0.0,169.0,0.0,0.19035612984557204,0.1301775147928994,False,0.7415204678362572
349132,shen zhen shi qian bao ge mao yi you xian CA 92376,304209,"Puze Technology (Hong Kong) Co., Limited",APS Home Improvement,273,0.967032967032967,0.945054945054945,6.882783882783883,5.78021978021978,-1.102564102564103,0.43956043956043955,1828.1451612903222,1.0,1.0,1.0,4.0,3.0,-1.0,1.0,26.0,38,0.7894736842105263,0.7631578947368421,8.342105263157896,6.973684210526316,-1.3684210526315796,0.2631578947368421,104.77631578947368,10.0,0.8,0.8,8.2,7.2,-0.9999999999999991,0.4,45.05,1.0,274.0,0.0036496350364963502,1.1934644303065358,-0.1775592828224407,False,-0.22631578947368425
318931,Vanten LLC CA 92335,57966,Vanten LLC,APS,368,0.8614130434782609,0.8586956521739131,8.02445652173913,7.1961852861035425,-0.8282712356355884,0.2418478260869565,1783.0299679487182,,,,,,,,,38,0.9210526315789473,0.8157894736842105,8.236842105263158,7.157894736842105,-1.0789473684210522,0.2894736842105263,82.64999999999998,16.0,0.875,0.9375,12.8125,10.466666666666667,-2.345833333333333,0.0625,145.50000000000003,0.0,368.0,0.0,-0.03829054926143716,0.05963958810068648,True,-3.3087719298245615
116118,Origami Group Inc. CA 91750,13145,Origami Group Inc.,Storage & Org - Frequency,243,0.7530864197530864,0.8477366255144033,10.012345679012345,8.4125,-1.5998456790123452,0.15637860082304528,1749.3109090909093,,,,,,,,,38,0.7894736842105263,0.868421052631579,10.947368421052632,9.68421052631579,-1.2631578947368425,0.0,72.26315789473684,41.0,0.7073170731707317,0.8292682926829268,10.341463414634147,8.829268292682928,-1.512195121951219,0.17073170731707318,94.16521739130435,0.0,243.0,0.0,1.2717105263157897,0.036387264457439894,False,0.8549422336328618
413561,Shinerich International CA 91761(2),10750,Shinerich International,Decor,136,0.6470588235294118,0.8970588235294118,9.786764705882353,7.977941176470588,-1.8088235294117654,0.23529411764705882,1816.4905263157896,,,,,,,,,38,0.2894736842105263,0.6052631578947368,8.210526315789474,8.289473684210526,0.07894736842105132,0.18421052631578946,103.21052631578948,34.0,0.29411764705882354,0.7352941176470589,12.5,11.941176470588236,-0.5588235294117645,0.17647058823529413,47.01666666666667,0.0,136.0,0.0,0.3115325077399378,-0.35758513931888547,False,-3.65170278637771
49293,Beme International LLC CA 90220,13216,Beme International LLC,Soft Home,258,1.0,0.8914728682170543,6.647286821705427,5.78400281888654,-0.8632840028188866,0.45348837209302323,1753.3433333333332,,,,,,,,,38,1.0,0.9210526315789473,7.947368421052632,6.973684210526316,-0.9736842105263159,0.2894736842105263,103.54736842105261,18.0,0.9444444444444444,0.8333333333333334,9.333333333333334,8.411764705882353,-0.9215686274509807,0.2222222222222222,146.23333333333332,0.0,258.0,0.0,1.189681391639776,0.0,False,-1.4380804953560373
307767,"Anji Guyou Furniture Co.,Ltd CA 92376",216580,"Anji Guyou Furniture Co.,Ltd",APS,245,0.9183673469387755,0.9183673469387755,5.395918367346939,4.6,-0.795918367346939,0.746938775510204,742.7090476190476,8.0,0.5,0.75,4.375,4.25,-0.125,0.875,231.87499999999997,37,0.7297297297297297,0.7027027027027027,5.756756756756757,5.486486486486487,-0.2702702702702702,0.6216216216216216,39.75135135135135,39.0,0.6923076923076923,0.7948717948717948,7.3076923076923075,6.461538461538462,-0.8461538461538458,0.5641025641025641,72.31363636363636,8.0,253.0,0.03162055335968379,0.8864864864864872,-0.18863761720904582,False,-0.9750519750519748
431600,Stellweilan Tessberg LLC CA 92316,271648,Stellweilan Tessberg LLC,Storage & Org,372,0.9919354838709677,0.9166666666666666,4.776881720430108,4.086388140161725,-0.6904935802683827,0.7795698924731183,1011.6408430232558,,,,,,,,,37,1.0,0.8378378378378378,5.864864864864865,5.162162162162162,-0.7027027027027026,0.5945945945945946,56.1918918918919,41.0,1.0,1.0,5.2439024390243905,3.8048780487804876,-1.4390243902439028,0.7804878048780488,60.36451612903225,0.0,372.0,0.0,1.075774022000437,0.008064516129032251,False,1.3572841133816747
371167,"Bazhou Yunna Furniture Co., Ltd CA 92336",369960,"Bazhou Yunna Furniture Co., Ltd",APS Bedroom,225,0.9244444444444444,0.8577777777777778,5.013333333333334,4.666666666666667,-0.3466666666666667,0.6711111111111111,1138.178475336323,1.0,1.0,1.0,4.0,3.0,-1.0,1.0,47.7,37,0.972972972972973,0.972972972972973,6.27027027027027,5.4324324324324325,-0.8378378378378377,0.5405405405405406,108.45135135135136,14.0,1.0,0.9285714285714286,5.928571428571429,4.857142857142857,-1.071428571428572,0.6428571428571429,65.65454545454546,1.0,226.0,0.004424778761061947,0.7657657657657655,0.048528528528528625,False,0.5752895752895757
310154,Global Outdoors Group Inc. CA 91730(2),166262,Global Outdoors Group Inc.,Grills,95,0.8736842105263158,0.9368421052631579,7.957894736842105,6.807017543859649,-1.1508771929824562,0.47368421052631576,771.0851063829788,,,,,,,,,37,1.0,0.972972972972973,5.378378378378378,4.405405405405405,-0.9729729729729728,0.8378378378378378,83.55675675675676,27.0,0.9259259259259259,0.8518518518518519,6.481481481481482,5.481481481481482,-1.0,0.6296296296296297,120.92777777777776,0.0,95.0,0.0,-2.4016121384542437,0.12631578947368416,True,-1.0760760760760766
299522,LGUSW01,57016,ROOJER LIMITED,APS,222,0.9414414414414415,0.8738738738738738,7.266968325791855,5.878378378378378,-1.388589947413477,0.5225225225225225,1124.1551515151516,23.0,0.8260869565217391,0.9130434782608695,4.478260869565218,3.869565217391304,-0.6086956521739135,0.9565217391304348,188.79130434782607,37,0.6486486486486487,0.7027027027027027,5.216216216216216,5.108108108108108,-0.10810810810810789,0.7297297297297297,84.31621621621622,23.0,0.9130434782608695,0.9130434782608695,6.391304347826087,5.217391304347826,-1.1739130434782608,0.7391304347826086,94.425,23.0,245.0,0.09387755102040816,-0.7702702702702702,-0.2927927927927928,True,-0.10928319623971827
349497,MagicAmazingInc. CA 91761,123700,MagicAmazingInc.,APS Home Improvement,185,0.8108108108108109,0.8324324324324325,7.994594594594594,7.059459459459459,-0.9351351351351349,0.2594594594594595,1753.3744186046513,,,,,,,,,37,1.0,0.972972972972973,8.594594594594595,7.216216216216216,-1.378378378378379,0.16216216216216217,78.88648648648648,20.0,0.95,0.95,9.7,9.2,-0.5,0.4,46.083333333333336,0.0,185.0,0.0,0.1567567567567565,0.18918918918918914,False,-1.9837837837837835
110179,"Eway Trading(Hangzhou)Co .,Ltd CA 91730",83027,"Hangzhou Shinnwa Hometex Co.,Ltd",APS Outdoor,170,0.9705882352941176,0.8823529411764706,7.011834319526627,6.447058823529412,-0.5647754959972149,0.3176470588235294,1754.9388471177942,1.0,0.0,1.0,4.0,3.0,-1.0,1.0,95.2,37,0.918918918918919,0.7027027027027027,7.4324324324324325,7.45945945945946,0.027027027027027195,0.16216216216216217,93.45945945945945,22.0,0.8636363636363636,0.7727272727272727,9.909090909090908,9.863636363636363,-0.04545454545454497,0.09090909090909091,93.46666666666665,1.0,171.0,0.005847953216374269,1.0124006359300477,-0.05166931637519867,False,-2.4041769041769037
317522,Nova California CA 90220,1811,Nova,Lighting,147,0.8707482993197279,0.9319727891156463,9.047619047619047,7.123287671232877,-1.9243313763861707,0.2585034013605442,1683.6461538461538,1.0,1.0,1.0,11.0,6.0,-5.0,0.0,77.7,37,1.0,1.0,8.72972972972973,7.027027027027027,-1.7027027027027026,0.16216216216216217,82.86486486486487,16.0,1.0,1.0,7.6875,5.625,-2.0625,0.5625,47.66,1.0,148.0,0.006756756756756757,-0.09626064420584957,0.12925170068027214,True,1.4020270270270272
192570,Pacific Coast Home Furnishings CA,2100,Pacific Coast Home Furnishings,Soft Home,366,0.8715846994535519,0.8306010928961749,11.081967213114755,8.624657534246575,-2.45730967886818,0.21311475409836064,1620.6255451713396,11.0,1.0,1.0,11.0,6.181818181818182,-4.818181818181818,0.36363636363636365,106.56363636363636,37,0.918918918918919,0.9459459459459459,14.45945945945946,8.27027027027027,-6.1891891891891895,0.24324324324324326,103.13243243243245,18.0,0.8888888888888888,0.8333333333333334,13.0,7.611111111111111,-5.388888888888889,0.3888888888888889,52.8,11.0,377.0,0.029177718832891247,-0.3543872639763048,0.04733421946536709,True,0.6591591591591595
332369,PROYIL CO CA 92410,308580,PROYIL CO,Outdoor Furniture,185,0.9081081081081082,0.9297297297297298,8.405405405405405,6.576923076923077,-1.8284823284823286,0.35135135135135137,1643.4565972222222,,,,,,,,,37,0.8378378378378378,0.8918918918918919,7.918918918918919,6.27027027027027,-1.6486486486486491,0.43243243243243246,89.17567567567569,22.0,0.6363636363636364,0.7727272727272727,9.318181818181818,8.954545454545455,-0.3636363636363633,0.36363636363636365,77.81,0.0,185.0,0.0,-0.3066528066528065,-0.07027027027027033,True,-2.684275184275185
448768,"VISION VORTEX CO.,LTD CA 92374",72734,"VISION VORTEX CO.,LTD",APS Outdoor,297,0.8922558922558923,0.8922558922558923,4.666666666666667,4.198653198653199,-0.468013468013468,0.8215488215488216,709.6601423487544,,,,,,,,,37,0.5675675675675675,0.7297297297297297,5.648648648648648,5.486486486486487,-0.1621621621621614,0.5675675675675675,53.018918918918914,84.0,0.5238095238095238,0.9285714285714286,4.5476190476190474,4.261904761904762,-0.2857142857142856,0.8809523809523809,79.9065068493151,0.0,297.0,0.0,1.2878332878332879,-0.32468832468832476,False,1.224581724581725
13001,Koyal Wholesale,13001,Koyal Wholesale,Decor,249,0.9759036144578314,0.9116465863453815,5.959839357429719,5.497975708502024,-0.4618636489276948,0.4819277108433735,1761.8092342342343,,,,,,,,,37,0.972972972972973,0.6756756756756757,7.648648648648648,7.648648648648648,0.0,0.10810810810810811,111.86756756756758,25.0,1.0,0.68,7.96,7.4,-0.5599999999999996,0.36,77.51,0.0,249.0,0.0,2.150672940146624,-0.0029306414848583318,False,0.24864864864864789
453788,J77279 - CA 92376,313761,zhengzhouyilaikenwangluokejiyouxiangongsi_1,APS AEOF,236,0.9788135593220338,0.8389830508474576,6.529661016949152,5.948717948717949,-0.5809430682312033,0.4533898305084746,1473.0299065420559,,,,,,,,,37,1.0,1.0,7.4324324324324325,6.1891891891891895,-1.243243243243243,0.3783783783783784,71.70270270270271,9.0,0.7777777777777778,0.7777777777777778,6.888888888888889,10.5,3.6111111111111107,0.4444444444444444,298.5333333333333,0.0,236.0,0.0,0.24047124047124058,0.021186440677966156,False,-4.3108108108108105
38395,Cosmo Products CA 91710(2),18396,Cosmo Products,Appliances,193,0.844559585492228,0.844559585492228,7.212435233160622,6.139896373056994,-1.0725388601036272,0.38341968911917096,1782.1613095238095,,,,,,,,,37,0.7297297297297297,0.7297297297297297,7.486486486486487,7.162162162162162,-0.32432432432432456,0.24324324324324326,107.23783783783784,11.0,0.7272727272727273,0.7272727272727273,6.090909090909091,5.636363636363637,-0.45454545454545414,0.6363636363636364,59.12499999999999,0.0,193.0,0.0,1.0222657891051679,-0.11482985576249827,False,1.5257985257985256
324111,LD-乐歌-CAP,313528,"Maizhe Intemnational Trade Co., Limited",APS AEOF,405,0.9629629629629629,0.9185185185185185,5.965432098765432,5.069135802469136,-0.8962962962962964,0.6049382716049383,1386.256730769231,,,,,,,,,37,0.7297297297297297,0.7567567567567568,6.351351351351352,6.0,-0.35135135135135176,0.32432432432432434,68.84054054054054,32.0,0.90625,0.84375,6.75,5.90625,-0.84375,0.5625,60.88947368421052,0.0,405.0,0.0,0.9308641975308642,-0.2332332332332332,False,0.09375
372618,SWEET NIGHT TECHNOLOGY INC. CA 91761,93029,SWEET NIGHT TECHNOLOGY INC.,APS Mattresses,628,0.839171974522293,0.785031847133758,6.7165605095541405,5.961733333333334,-0.7548271762208065,0.5254777070063694,1166.5050403225807,,,,,,,,,37,0.8108108108108109,0.8378378378378378,6.648648648648648,5.756756756756757,-0.8918918918918912,0.5675675675675675,52.9,47.0,0.8085106382978723,0.8723404255319149,7.9787234042553195,6.595744680851064,-1.3829787234042552,0.6382978723404256,31.092424242424247,0.0,628.0,0.0,-0.20497657657657697,-0.028361163711482118,True,-0.8389879240943072
409542,MEET SUNNY CORPORATION CA 92316,68299,MEET SUNNY CORPORATION,APS Home Improvement,260,1.0,0.9038461538461539,7.403846153846154,5.776923076923077,-1.6269230769230774,0.5230769230769231,1315.9995238095237,4.0,1.0,1.0,6.75,3.5,-3.25,1.0,233.45000000000002,37,1.0,0.7837837837837838,7.27027027027027,6.0,-1.2702702702702702,0.5135135135135135,67.24054054054055,30.0,1.0,0.8,9.366666666666667,8.333333333333334,-1.0333333333333332,0.43333333333333335,191.04285714285717,4.0,264.0,0.015151515151515152,0.22307692307692317,0.0,False,-2.333333333333334
64499,Sui Cheng Limited CA 92337,63203,Sui Cheng Limited,APS Home Improvement,195,0.7846153846153846,0.8153846153846154,5.579487179487179,5.186528497409326,-0.392958682077853,0.6205128205128205,1115.9393825301204,,,,,,,,,37,0.8648648648648649,0.8648648648648649,6.918918918918919,6.054054054054054,-0.8648648648648649,0.2972972972972973,70.54864864864865,36.0,0.8888888888888888,0.8055555555555556,7.638888888888889,7.194444444444445,-0.44444444444444464,0.5277777777777778,195.70000000000005,0.0,195.0,0.0,0.8675255566447282,0.08024948024948031,False,-1.1403903903903903
205544,"MLILYUSA, INC. CA 92337(2)",83026,"MLILYUSA, INC.",APS Mattresses,191,0.9319371727748691,0.8952879581151832,4.5863874345549736,3.9735449735449735,-0.6128424610100001,0.8691099476439791,735.3683060109291,,,,,,,,,37,0.918918918918919,0.7567567567567568,5.216216216216216,4.621621621621622,-0.5945945945945939,0.7297297297297297,53.997297297297294,47.0,0.9574468085106383,0.9574468085106383,5.127659574468085,3.9574468085106385,-1.1702127659574466,0.8723404255319149,56.32926829268292,0.0,191.0,0.0,0.6480766480766484,-0.013018253855950124,False,0.6641748131109835
3381,Oceanstar Design,3381,Oceanstar Design,Storage & Org - Frequency,148,1.0,0.9594594594594594,7.114864864864865,5.961389961389961,-1.153474903474904,0.41216216216216217,1750.4350877192983,,,,,,,,,36,0.9722222222222222,0.9166666666666666,7.833333333333333,7.25,-0.583333333333333,0.1388888888888889,66.35277777777777,13.0,1.0,0.8461538461538461,6.461538461538462,6.0,-0.4615384615384617,0.6153846153846154,28.250000000000004,0.0,148.0,0.0,1.288610038610039,-0.02777777777777779,False,1.25
232133,Dito Furn Inc CA 91710,232108,Dito Furn Inc,Wayfair,227,0.5066079295154186,0.8678414096916299,7.766519823788546,7.199115044247788,-0.5674047795407589,0.29955947136563876,1802.850724637681,,,,,,,,,36,0.08333333333333333,0.6944444444444444,8.277777777777779,8.305555555555555,0.02777777777777679,0.1388888888888889,69.01944444444445,18.0,0.055555555555555566,0.8888888888888888,6.833333333333333,6.444444444444445,-0.3888888888888884,0.6666666666666666,36.74615384615384,0.0,227.0,0.0,1.1064405113077678,-0.42327459618208524,False,1.8611111111111107
248405,Trinity CA 90745 (2),1634,Trinity,Storage & Org - Frequency,310,0.9935483870967742,0.9096774193548387,6.0,5.312903225806451,-0.6870967741935488,0.4967741935483871,1582.404834200887,,,,,,,,,36,1.0,0.9444444444444444,7.75,7.111111111111111,-0.6388888888888893,0.1388888888888889,70.20833333333331,30.0,1.0,0.9666666666666667,5.933333333333334,5.166666666666667,-0.7666666666666666,0.5666666666666667,203.84375,0.0,310.0,0.0,1.7982078853046595,0.006451612903225823,False,1.9444444444444438
363215,ONT5,202881,fanfei zhejiang xincailiao youxian gongsi,APS Decor,179,0.6368715083798883,0.7318435754189944,6.201117318435754,6.033707865168539,-0.167409453267215,0.4972067039106145,1500.1533333333332,,,,,,,,,36,0.8888888888888888,0.7777777777777778,7.583333333333333,6.75,-0.833333333333333,0.2777777777777778,96.975,15.0,0.9333333333333333,0.8666666666666667,8.8,7.866666666666666,-0.9333333333333345,0.2,143.275,0.0,179.0,0.0,0.7162921348314608,0.2520173805090006,False,-1.1166666666666663
310855,Espiron Optimum Inc CA 92337(2),296653,Espiron Optimum Inc,Casegoods,151,0.9735099337748344,0.8940397350993378,5.854304635761589,4.80794701986755,-1.0463576158940393,0.6158940397350994,1097.6803149606299,3.0,1.0,1.0,4.666666666666667,3.0,-1.666666666666667,1.0,50.36666666666665,36,0.9722222222222222,0.8055555555555556,7.027777777777778,6.055555555555555,-0.9722222222222223,0.4166666666666667,113.8527777777778,41.0,0.975609756097561,0.8780487804878049,8.24390243902439,6.439024390243903,-1.8048780487804876,0.6097560975609756,130.43800000000002,3.0,154.0,0.01948051948051948,1.2476085356880056,-0.001287711552612203,False,-0.38346883468834747
77785,LTmate Global LLC CA 91761,50414,LTMATE GLOBAL INC.,APS Home Improvement,312,0.5128205128205128,0.9166666666666666,8.682692307692308,7.426282051282051,-1.2564102564102573,0.21474358974358973,1809.8878326996198,,,,,,,,,36,0.5555555555555556,1.0,8.555555555555555,6.861111111111111,-1.6944444444444446,0.3333333333333333,124.43055555555556,23.0,0.6956521739130435,0.9565217391304348,10.08695652173913,8.173913043478262,-1.9130434782608692,0.21739130434782608,69.33333333333333,0.0,312.0,0.0,-0.5651709401709404,0.042735042735042805,True,-1.312801932367151
320647,Suzhouyidunyingbangjishuyouxiangongsi CA 91761,319531,Suzhouyidunyingbangjishuyouxiangongsi,Wayfair,106,0.9245283018867925,0.6886792452830188,7.037735849056604,7.221153846153846,0.1834179970972416,0.3018867924528302,1509.269512195122,,,,,,,,,36,0.6666666666666666,0.6944444444444444,8.38888888888889,8.055555555555555,-0.3333333333333339,0.1388888888888889,73.41666666666666,29.0,0.7241379310344828,0.8620689655172413,11.517241379310345,10.586206896551724,-0.931034482758621,0.2413793103448276,29.955555555555552,0.0,106.0,0.0,0.8344017094017095,-0.25786163522012584,False,-2.530651340996169
313380,CAIDI INC CA 92571,72066,CAIDI INC,APS,383,0.9190600522193212,0.8798955613577023,5.261096605744125,4.56468075005934,-0.6964158556847853,0.7493472584856397,725.9706948640481,,,,,,,,,36,1.0,0.9722222222222222,5.444444444444445,4.611111111111111,-0.8333333333333339,0.8888888888888888,53.47777777777778,53.0,1.0,0.9811320754716981,7.886792452830188,5.2075471698113205,-2.6792452830188678,0.6792452830188679,64.91666666666666,0.0,383.0,0.0,0.046430361051770674,0.08093994778067881,False,-0.5964360587002098
313318,DVS SOLUTION LLC CA 92571,304336,DVS SOLUTION LLC,Wayfair,150,0.9,0.8133333333333334,8.913333333333334,7.169014084507042,-1.744319248826292,0.26,1946.6333333333334,8.0,1.0,0.25,6.125,6.0,-0.125,0.25,193.82500000000002,36,1.0,0.8055555555555556,9.333333333333334,7.805555555555555,-1.5277777777777786,0.1388888888888889,69.87777777777778,16.0,1.0,0.875,13.375,11.375,-2.0,0.3125,49.47500000000001,8.0,158.0,0.05063291139240506,0.6365414710485133,0.09999999999999998,False,-3.5694444444444446
295790,Guang zhou shi zhu sheng wang luo ke ji CA 91706,237238,MIFASO ECOM INC,APS Home Improvement,332,0.9909638554216867,0.9036144578313253,7.078313253012048,6.36060606060606,-0.7177071924059879,0.3825301204819277,1610.596808006071,,,,,,,,,36,1.0,0.9166666666666666,6.805555555555555,6.277777777777778,-0.5277777777777777,0.4166666666666667,97.9111111111111,23.0,1.0,0.8260869565217391,8.956521739130435,8.608695652173912,-0.3478260869565233,0.34782608695652173,78.46666666666667,0.0,332.0,0.0,-0.0828282828282827,0.009036144578313254,True,-2.3309178743961345
348489,Yiwu Youxi Electronic Commerce Co. Ltd CA 91708,98141,Yiwu Youxi Electronic Commerce Co. Ltd,APS Outdoor,229,0.9126637554585153,0.8078602620087336,7.602620087336245,6.528384279475983,-1.074235807860262,0.4104803493449782,1292.1553191489363,3.0,1.0,0.3333333333333333,6.0,6.333333333333333,0.33333333333333304,0.3333333333333333,505.43333333333334,36,0.9722222222222222,0.9444444444444444,7.416666666666667,5.944444444444445,-1.4722222222222223,0.5277777777777778,69.71388888888889,40.0,1.0,0.95,8.75,7.1,-1.6500000000000004,0.575,118.24038461538461,3.0,232.0,0.01293103448275862,-0.5839398350315381,0.05955846676370691,True,-1.155555555555555
412093,RAYS LTD CA 92374,65792,RAYS LTD,APS Home Improvement,272,0.8455882352941176,0.7941176470588235,5.540441176470588,4.970479704797048,-0.5699614716735395,0.6580882352941176,986.8131004366812,9.0,0.6666666666666666,1.0,5.333333333333333,3.7777777777777777,-1.5555555555555554,1.0,572.7333333333332,36,0.8888888888888888,0.8611111111111112,5.888888888888889,5.25,-0.6388888888888893,0.6388888888888888,76.27222222222223,34.0,0.9117647058823529,0.8529411764705882,5.911764705882353,4.911764705882353,-1.0,0.8529411764705882,89.13333333333333,9.0,281.0,0.03202846975088968,0.27952029520295163,0.0433006535947712,False,0.33823529411764675
416536,Shenzhen KBOOS Creative Ltd. CA 91010,219963,Shenzhen KBOOS Creative Ltd.,APS AEOF,288,0.9965277777777778,0.9131944444444444,5.729166666666667,5.454861111111111,-0.27430555555555625,0.4826388888888889,1612.1554056603773,,,,,,,,,36,1.0,1.0,7.611111111111111,6.833333333333333,-0.7777777777777777,0.3055555555555556,75.95277777777777,28.0,1.0,1.0,5.071428571428571,4.357142857142857,-0.7142857142857144,0.75,72.0142857142857,0.0,288.0,0.0,1.3784722222222223,0.00347222222222221,False,2.4761904761904763
5141,Safah International Inc.,5141,Safah International Inc.,Soft Home,359,0.7158774373259053,0.8802228412256268,8.532033426183844,7.291784702549575,-1.2402487236342692,0.30362116991643456,1654.9213228438227,,,,,,,,,36,0.2777777777777778,0.8333333333333334,7.722222222222222,7.611111111111111,-0.1111111111111116,0.19444444444444445,61.411111111111104,36.0,0.3888888888888889,0.5555555555555556,9.666666666666666,10.777777777777779,1.1111111111111125,0.19444444444444445,191.3,0.0,359.0,0.0,0.31932640856153593,-0.43809965954812746,False,-3.166666666666668
311051,Kraus CA 91761,2146,Kraus,Plumbing,179,0.9441340782122905,0.8938547486033519,4.916201117318436,4.217877094972067,-0.6983240223463687,0.7653631284916201,811.1679365079366,,,,,,,,,35,0.8857142857142857,0.8285714285714286,5.571428571428571,5.057142857142857,-0.5142857142857142,0.6857142857142857,67.36000000000001,40.0,0.925,0.875,4.95,4.575,-0.375,0.775,76.72285714285714,0.0,179.0,0.0,0.8392657621707897,-0.058419792498004774,False,0.48214285714285676
430175,NINGBO HOMING INTERNATIONAL TRADING CA 91761(2),95195,"NINGBO HOMING INTERNATIONAL TRADING CO.,LTD",APS Outdoor,221,0.9547511312217195,0.8416289592760181,6.276018099547511,5.6923076923076925,-0.5837104072398187,0.5565610859728507,1227.0271739130435,,,,,,,,,35,0.8,0.9142857142857143,5.8,5.2,-0.5999999999999996,0.6285714285714286,119.9542857142857,36.0,0.7222222222222222,0.75,8.277777777777779,8.055555555555555,-0.2222222222222232,0.4722222222222222,49.8470588235294,0.0,221.0,0.0,-0.49230769230769234,-0.15475113122171946,True,-2.855555555555555
400033,"Shenzhen Jiahengxin Technology Co., Ltd. CA 91745",125143,"HONG KONG LANCAI TECHNOLOGY CO., LIMITED",APS Home Improvement,237,0.9789029535864979,0.9493670886075949,6.881856540084388,5.686440677966102,-1.1954158621182858,0.45569620253164556,1794.7976303317537,2.0,1.0,1.0,5.5,4.5,-1.0,0.5,31.95,35,1.0,0.8571428571428571,7.114285714285714,6.685714285714286,-0.42857142857142794,0.3142857142857143,103.1257142857143,15.0,1.0,0.9333333333333333,7.2,5.933333333333334,-1.2666666666666666,0.7333333333333333,85.5,2.0,239.0,0.008368200836820083,0.9992736077481839,0.021097046413502074,False,0.7523809523809524
315038, B205-CA,308220,Dwelling Dots Ltd,APS Upholstery,220,0.8727272727272727,0.8863636363636364,8.831818181818182,7.195454545454545,-1.6363636363636367,0.37727272727272726,1321.7644444444445,5.0,0.8,0.8,4.6,4.2,-0.39999999999999947,1.0,68.34,35,0.7428571428571429,0.7714285714285715,7.485714285714286,7.0,-0.48571428571428577,0.42857142857142855,65.45714285714286,50.0,0.68,0.76,11.32,10.84608695652174,-0.4739130434782606,0.28,67.22142857142858,5.0,225.0,0.022222222222222223,-0.19545454545454533,-0.1298701298701298,True,-3.8460869565217397
479687,Xingchen-CA07,82169,"DALI FORTUNE TRADE CO.,LIMITED",APS Rugs,119,0.8991596638655462,0.8235294117647058,6.260504201680672,5.7478991596638656,-0.5126050420168067,0.42857142857142855,1401.9418981481483,,,,,,,,,35,0.9714285714285714,0.9142857142857143,7.314285714285714,6.6,-0.7142857142857144,0.42857142857142855,63.70000000000001,18.0,0.7777777777777778,0.8333333333333334,6.888888888888889,8.411764705882353,1.522875816993464,0.6111111111111112,253.57500000000002,0.0,119.0,0.0,0.8521008403361341,0.07226890756302518,False,-1.8117647058823536
42889,US Pride Furniture Corp CA 91745,22449,US Pride Furniture Corp,Upholstery,230,0.991304347826087,0.908695652173913,8.195652173913043,6.869565217391305,-1.3260869565217384,0.27391304347826084,1955.8897435897436,1.0,1.0,1.0,8.0,7.0,-1.0,0.0,72.1,35,0.8,0.8285714285714286,8.542857142857143,7.2,-1.3428571428571425,0.2571428571428571,72.14285714285714,13.0,0.6923076923076923,0.8461538461538461,11.76923076923077,11.461538461538462,-0.3076923076923084,0.15384615384615385,18.3,1.0,231.0,0.004329004329004329,0.3304347826086955,-0.19130434782608696,False,-4.2615384615384615
484625,  FANDING,95192,Eglinton Decor Inc,APS Outdoor,123,0.8943089430894309,0.7642276422764228,10.065040650406504,9.30327868852459,-0.7617619618819127,0.17886178861788618,1654.801098901099,,,,,,,,,35,0.0,0.7142857142857143,8.057142857142857,7.914285714285715,-0.14285714285714235,0.11428571428571428,78.95714285714286,17.0,0.0,0.7647058823529411,8.647058823529411,11.117647058823529,2.4705882352941178,0.35294117647058826,425.1166666666666,0.0,123.0,0.0,-1.3889929742388762,-0.8943089430894309,True,-3.2033613445378144
304055,ZHUHAI PENGCHUANG KEJIYOUXIANGONGSI CA 91708,247578,SALAND GARDEN LLC_1,APS Housewares & More,178,0.8820224719101124,0.8876404494382022,7.668539325842697,6.576271186440678,-1.0922681394020186,0.39325842696629215,1536.522516556291,,,,,,,,,35,0.6857142857142857,0.7142857142857143,8.028571428571428,7.6571428571428575,-0.371428571428571,0.17142857142857143,49.78285714285713,20.0,0.7,0.85,7.65,6.5,-1.1500000000000004,0.4,93.2,0.0,178.0,0.0,1.0808716707021793,-0.19630818619582668,False,1.1571428571428575
17833,Homelegance Warehouse 1,211,Homelegance,Casegoods,199,0.9597989949748744,0.914572864321608,6.266331658291457,5.839195979899498,-0.4271356783919593,0.4120603015075377,1935.2585635359112,,,,,,,,,35,1.0,0.9142857142857143,7.714285714285714,7.057142857142857,-0.6571428571428575,0.17142857142857143,103.39142857142856,11.0,1.0,0.9090909090909091,6.545454545454546,6.2727272727272725,-0.2727272727272734,0.2727272727272727,99.55,0.0,199.0,0.0,1.2179468772433593,0.04020100502512558,False,0.7844155844155845
350850,Hooray Depot CA 91746,66590,Hooray Depot,APS Home Improvement,114,0.9912280701754386,0.7631578947368421,7.93859649122807,6.833333333333333,-1.1052631578947372,0.2982456140350877,1484.2041666666664,12.0,1.0,0.6666666666666666,6.833333333333333,6.416666666666667,-0.4166666666666661,0.16666666666666666,98.19166666666666,35,1.0,0.8571428571428571,13.028571428571428,7.542857142857143,-5.485714285714286,0.14285714285714285,49.69142857142857,14.0,0.9285714285714286,0.8571428571428571,11.928571428571429,8.428571428571429,-3.5,0.35714285714285715,50.633333333333326,12.0,126.0,0.09523809523809523,0.7095238095238097,0.00877192982456143,False,-0.8857142857142861
343091,Silveria Glass Inc CA 91702,206247,Silveria Glass Inc,APS,177,0.9265536723163842,0.847457627118644,6.395480225988701,5.579545454545454,-0.8159347714432466,0.4350282485875706,1295.8814814814814,,,,,,,,,35,0.9142857142857143,0.7142857142857143,7.9714285714285715,7.942857142857143,-0.02857142857142847,0.14285714285714285,82.79142857142858,32.0,0.96875,0.875,6.875,6.3125,-0.5625,0.5625,70.14999999999999,0.0,177.0,0.0,2.363311688311689,-0.012267958030669934,False,1.630357142857143
205574,"Shanghai Daiyue Arts & Crafts Co., Ltd. CA 91730",203264,"Shanghai Daiyue Arts & Crafts Co., Ltd.",APS Youth,118,0.6101694915254238,0.711864406779661,6.593220338983051,6.188034188034188,-0.4051861509488628,0.4915254237288136,1216.1666666666667,1.0,0.0,1.0,5.0,5.0,0.0,1.0,102.6,35,0.8571428571428571,0.8571428571428571,6.771428571428571,5.885714285714286,-0.8857142857142852,0.5142857142857142,74.47428571428573,20.0,0.9,0.9,6.4,5.366666666666667,-1.0333333333333332,0.5,197.5181818181818,1.0,119.0,0.008403361344537815,-0.30231990231990213,0.24697336561743333,True,0.519047619047619
365185,Central Power International Limited LLC CA 92410,348962,Central Power International Limited LLC,APS K&D,101,0.8415841584158416,0.8217821782178217,7.138613861386139,5.48,-1.6586138613861383,0.5742574257425742,1252.4933333333333,6.0,1.0,1.0,6.833333333333333,4.5,-2.333333333333333,1.0,680.1,35,0.8857142857142857,0.9714285714285714,7.828571428571428,6.3428571428571425,-1.4857142857142858,0.4,89.39714285714285,22.0,0.6363636363636364,0.8181818181818182,9.181818181818182,7.545454545454546,-1.6363636363636358,0.5,91.17999999999999,6.0,107.0,0.056074766355140186,0.8628571428571421,0.04413012729844412,False,-1.2025974025974033
271905,HomeAgain LLC CA 90040,271348,HomeAgain LLC,Wayfair,158,0.8860759493670886,0.7784810126582279,7.981012658227848,7.484076433121019,-0.496936225106829,0.35443037974683544,1689.9918518518518,26.0,1.0,1.0,8.923076923076923,5.346153846153846,-3.5769230769230775,0.38461538461538464,877.1038461538463,35,0.8,0.6857142857142857,10.2,8.485714285714286,-1.7142857142857135,0.11428571428571428,48.35142857142857,17.0,0.8823529411764706,0.7647058823529411,10.235294117647058,9.235294117647058,-1.0,0.4117647058823529,46.885714285714286,26.0,184.0,0.14130434782608695,1.0016378525932668,-0.08607594936708851,False,-0.7495798319327722
85103,Ksana LLC. CA 91752,62098,Ksana LLC.,Lighting,265,0.690566037735849,0.7886792452830189,7.086792452830188,6.275471698113208,-0.8113207547169807,0.4075471698113208,1473.2779820627804,,,,,,,,,34,0.4117647058823529,0.7352941176470589,6.852941176470588,6.794117647058823,-0.0588235294117645,0.3235294117647059,61.64117647058823,21.0,0.38095238095238093,0.7142857142857143,8.714285714285714,8.428571428571429,-0.2857142857142847,0.3333333333333333,97.21000000000001,0.0,265.0,0.0,0.5186459489456157,-0.2788013318534961,False,-1.6344537815126055
409818,5 Oaks Furniture CA 91730,46556,5 Oaks Furniture,Lighting,75,0.8933333333333333,0.84,8.173333333333334,7.306666666666667,-0.8666666666666671,0.4,1742.5639344262293,,,,,,,,,34,0.9705882352941176,0.9411764705882353,9.323529411764707,7.235294117647059,-2.0882352941176476,0.2647058823529412,87.20588235294117,10.0,0.7,0.7,7.9,9.333333333333334,1.4333333333333336,0.4,526.2333333333332,0.0,75.0,0.0,-0.07137254901960777,0.07725490196078433,True,-2.098039215686275
408759,"Shenzhen Tanggelao Technology Co.,Ltd 728 EASTVALE",62404,Join In Technology Limited,APS Upholstery,81,0.9382716049382716,0.8518518518518519,5.617283950617284,5.1875,-0.429783950617284,0.6419753086419753,637.7705882352941,,,,,,,,,34,0.9411764705882353,0.8235294117647058,8.588235294117647,7.470588235294118,-1.117647058823529,0.14705882352941177,76.55588235294117,26.0,0.9615384615384616,0.9230769230769231,5.423076923076923,4.769230769230769,-0.6538461538461542,0.7692307692307693,160.80454545454546,0.0,81.0,0.0,2.2830882352941178,0.002904865649963728,False,2.7013574660633486
11257,Comfort Classics,11257,Comfort Classics,Outdoor Furniture,257,0.6459143968871596,0.6964980544747081,7.875486381322958,7.404669260700389,-0.4708171206225682,0.33852140077821014,1438.1635146094218,,,,,,,,,34,0.6764705882352942,0.7058823529411765,9.529411764705882,8.264705882352942,-1.2647058823529402,0.11764705882352941,108.34411764705884,30.0,0.7666666666666667,0.7666666666666667,10.133333333333333,8.577777777777778,-1.5555555555555554,0.3,81.97142857142858,0.0,257.0,0.0,0.8600366216525526,0.030556191348134587,False,-0.3130718954248355
412825,LELELINKY INTERNATIONAL LIMITED CA 92337,408925,LELELINKY INTERNATIONAL LIMITED,Wayfair,89,0.4943820224719101,0.8314606741573034,6.101123595505618,5.707865168539326,-0.393258426966292,0.48314606741573035,1094.1605633802817,,,,,,,,,34,0.6176470588235294,0.7647058823529411,7.852941176470588,7.5588235294117645,-0.2941176470588234,0.17647058823529413,76.72647058823529,15.0,0.5333333333333333,0.7333333333333333,8.533333333333333,8.466666666666667,-0.06666666666666643,0.3333333333333333,117.81666666666666,0.0,89.0,0.0,1.850958360872439,0.12326503635161934,False,-0.9078431372549023
71457,Mestar International Inc. CA,37057,Mestar International Inc.,Lighting,270,0.9888888888888889,0.9037037037037037,6.785185185185185,6.088888888888889,-0.6962962962962962,0.3962962962962963,1896.4383553597652,,,,,,,,,34,1.0,0.8235294117647058,7.294117647058823,6.764705882352941,-0.5294117647058822,0.23529411764705882,92.4735294117647,20.0,1.0,0.65,8.55,8.8,0.25,0.15,76.58000000000001,0.0,270.0,0.0,0.6758169934640526,0.011111111111111072,False,-2.0352941176470596
407477,Dream On Me CA 92408,1461,Dream On Me,Youth Furniture & Decor,250,0.98,0.916,5.996,4.916,-1.08,0.648,1275.9002192982457,,,,,,,,,34,0.8823529411764706,0.9117647058823529,6.882352941176471,5.764705882352941,-1.1176470588235299,0.47058823529411764,63.3235294117647,22.0,0.9090909090909091,0.7272727272727273,7.681818181818182,8.181818181818182,0.5,0.5909090909090909,404.4714285714286,0.0,250.0,0.0,0.8487058823529408,-0.09764705882352942,False,-2.4171122994652405
90913,LOMA Company Ltd CA91761,87718,LOMA Company Ltd,APS Home Improvement,114,0.956140350877193,0.9385964912280702,5.450292397660819,4.548672566371682,-0.9016198312891373,0.6140350877192983,889.8477272727272,,,,,,,,,34,0.9705882352941176,0.9117647058823529,5.882352941176471,5.0588235294117645,-0.8235294117647065,0.5882352941176471,85.70882352941176,34.0,0.9705882352941176,0.8235294117647058,7.029411764705882,6.205882352941177,-0.8235294117647056,0.6470588235294118,187.99565217391302,0.0,114.0,0.0,0.5101509630400827,0.014447884416924683,False,-1.1470588235294121
431176,Vuebles Technology LLC CA 91752(2),81881,Vuebles Technology LLC,APS Decor,114,0.9824561403508771,0.9035087719298246,9.614035087719298,8.096491228070175,-1.5175438596491233,0.32456140350877194,1251.8515625000002,,,,,,,,,34,0.2647058823529412,0.6764705882352942,8.382352941176471,8.558823529411764,0.1764705882352935,0.08823529411764706,88.2,19.0,0.42105263157894735,0.631578947368421,8.31578947368421,8.210526315789474,-0.10526315789473628,0.2631578947368421,163.43333333333334,0.0,114.0,0.0,0.46233230134158987,-0.717750257997936,False,0.34829721362229016
287068,福州群尚工艺品有限公司 CA 91761,286861,fu zhou qun shang gong yi pin you xian gong si,Wayfair,265,0.9245283018867925,0.8943396226415095,5.766037735849056,4.966037735849056,-0.7999999999999998,0.660377358490566,992.0495652173912,,,,,,,,,34,0.7941176470588235,0.9117647058823529,5.5,5.0588235294117645,-0.4411764705882355,0.6470588235294118,70.13235294117646,38.0,0.7631578947368421,0.9210526315789473,5.7631578947368425,4.947368421052632,-0.8157894736842106,0.7631578947368421,59.71034482758621,0.0,265.0,0.0,0.09278579356270811,-0.13041065482796899,False,0.11145510835913264
280861,Quanzhou Perfect Generation Technology CA 92410,62246,"Quanzhou Perfect Generation Technology Co., Ltd",APS Housewares & More,208,0.9134615384615384,0.8413461538461539,5.1923076923076925,4.596153846153846,-0.5961538461538467,0.7403846153846154,690.0408602150537,2.0,0.5,1.0,4.0,3.5,-0.5,1.0,38.4,34,1.0,0.8823529411764706,6.294117647058823,5.352941176470588,-0.9411764705882355,0.5294117647058824,59.3235294117647,19.0,1.0,0.9473684210526315,5.947368421052632,4.157894736842105,-1.7894736842105265,0.8421052631578947,66.38000000000001,2.0,210.0,0.009523809523809525,0.7567873303167421,0.08653846153846156,False,1.1950464396284826
89980,Edis Home Limited CA 91708,86303,Edis Home Limited,APS Home Improvement,162,0.9074074074074074,0.8888888888888888,8.141975308641975,6.6234567901234565,-1.5185185185185182,0.345679012345679,1696.3438848920862,1.0,1.0,1.0,5.0,3.0,-2.0,1.0,15.9,34,1.0,0.9705882352941176,8.735294117647058,6.705882352941177,-2.0294117647058814,0.20588235294117646,71.36470588235294,19.0,1.0,1.0,10.263157894736842,7.368421052631579,-2.8947368421052637,0.5263157894736842,84.59999999999998,1.0,163.0,0.006134969325153374,0.08242556281772018,0.09259259259259256,False,-0.6625386996904021
406911,     WECA4,103176,shenzhen jiejiegao wangluokejiyouxiangongsi,APS Upholstery,60,0.9666666666666667,0.9,6.5,5.3,-1.2000000000000002,0.6333333333333333,819.9750000000001,,,,,,,,,34,1.0,0.9117647058823529,7.823529411764706,6.235294117647059,-1.5882352941176467,0.4411764705882353,66.62352941176471,21.0,0.9523809523809523,0.9047619047619048,7.571428571428571,5.9523809523809526,-1.6190476190476186,0.6190476190476191,72.15,0.0,60.0,0.0,0.935294117647059,0.033333333333333326,False,0.2829131652661063
366830,Manji（Jiaxing）Houseware Co. Ltd CA 91761,364573,Manji（Jiaxing）Houseware Co. Ltd,Wayfair,227,0.7973568281938326,0.8149779735682819,6.612334801762114,6.147147147147146,-0.4651876546149678,0.4008810572687225,1555.205025125628,,,,,,,,,34,0.8235294117647058,0.8823529411764706,7.617647058823529,7.088235294117647,-0.5294117647058822,0.23529411764705882,98.47647058823529,24.0,0.7916666666666666,0.875,7.166666666666667,5.904761904761905,-1.2619047619047619,0.5833333333333334,58.03589743589743,0.0,227.0,0.0,0.9410881469705004,0.026172583570873265,False,1.1834733893557416
370650,"Shenzhen Yimeiju Household Products Co., LTD. CA 90640",370631,"Shenzhen Yimeiju Household Products Co., LTD.",APS Housewares & More,126,0.8888888888888888,0.8412698412698413,8.619047619047619,7.682539682539683,-0.9365079365079358,0.29365079365079366,1588.5396039603957,2.0,1.0,1.0,8.0,6.5,-1.5,0.0,21.75,34,1.0,0.8529411764705882,9.088235294117647,7.970588235294118,-1.117647058823529,0.20588235294117646,80.58823529411767,34.0,0.9705882352941176,0.9705882352941176,14.941176470588236,12.852941176470589,-2.0882352941176467,0.08823529411764706,127.9,2.0,128.0,0.015625,0.28804855275443497,0.11111111111111116,False,-4.882352941176471
306665,"Mallif Co., LTD CA-15950",109630,"Mallif Co., LTD",APS K&D,92,0.967391304347826,0.9347826086956522,8.271739130434783,6.626373626373627,-1.6453655040611563,0.44565217391304346,792.3964285714284,,,,,,,,,34,1.0,0.9411764705882353,7.647058823529412,6.5588235294117645,-1.0882352941176476,0.38235294117647056,77.4235294117647,29.0,1.0,0.7931034482758621,11.206896551724139,9.793103448275861,-1.4137931034482776,0.1724137931034483,193.09999999999997,0.0,92.0,0.0,-0.06755009696186232,0.03260869565217395,True,-3.2342799188640967
8513,DorelCA92335,737,Dorel Juvenile,Youth Furniture & Decor,122,0.45901639344262296,0.6557377049180327,6.122950819672131,6.860655737704918,0.7377049180327866,0.36065573770491804,1469.4720720720718,1.0,0.0,1.0,7.0,5.0,-2.0,1.0,16.2,33,0.7878787878787878,0.6666666666666666,7.151515151515151,6.878787878787879,-0.2727272727272725,0.2727272727272727,80.84242424242423,13.0,0.7692307692307693,0.8461538461538461,6.461538461538462,5.538461538461538,-0.9230769230769234,0.46153846153846156,50.84444444444445,1.0,123.0,0.008130081300813009,0.018132141082960906,0.3288623944361649,False,1.3403263403263406
413749, WPLA4-WPLA17,195189,GOLD LION INTERNATIONAL LTD.,APS Bedroom,140,0.8,0.8857142857142857,7.4071428571428575,6.692857142857143,-0.7142857142857144,0.37857142857142856,1505.0857142857146,,,,,,,,,33,0.8181818181818182,0.8787878787878788,6.424242424242424,5.818181818181818,-0.6060606060606055,0.5454545454545454,72.71818181818182,29.0,0.8620689655172413,0.896551724137931,8.655172413793103,7.586206896551724,-1.068965517241379,0.41379310344827586,302.8333333333333,0.0,140.0,0.0,-0.8746753246753247,0.018181818181818188,True,-1.7680250783699059
3783,Anthony California,3783,Anthony California,Lighting,131,0.9618320610687023,0.8778625954198473,7.139949109414759,6.022900763358779,-1.11704834605598,0.40458015267175573,1660.7240000000002,,,,,,,,,33,1.0,0.8181818181818182,8.0,7.454545454545454,-0.5454545454545459,0.18181818181818182,90.38181818181816,4.0,1.0,1.0,8.25,7.75,-0.5,0.25,48.6,0.0,131.0,0.0,1.4316446911866754,0.03816793893129766,False,-0.29545454545454586
224489,CAINIAO-CA,97936,Bing Sen Guo Ji You Xian Gong Si,APS Youth,78,0.47435897435897434,0.782051282051282,5.884615384615385,5.346153846153846,-0.5384615384615392,0.6025641025641025,996.669014084507,,,,,,,,,33,0.8484848484848485,0.9090909090909091,6.212121212121212,5.363636363636363,-0.8484848484848486,0.6666666666666666,73.0090909090909,12.0,0.9166666666666666,0.9166666666666666,6.083333333333333,4.833333333333333,-1.25,0.6666666666666666,50.775000000000006,0.0,78.0,0.0,0.0174825174825175,0.37412587412587417,False,0.5303030303030303
210607,Hangzhou bingdan fushi youxiangongsi CA 91761,210592,Hangzhou bingdan fushi youxiangongsi,Decor,209,0.9090909090909091,0.8851674641148325,8.205741626794259,6.856459330143541,-1.3492822966507179,0.2822966507177033,1942.0832432432433,1.0,0.0,1.0,10.0,10.0,0.0,0.0,501.5,33,1.0,0.9393939393939394,8.848484848484848,7.78125,-1.0672348484848477,0.12121212121212122,95.1939393939394,15.0,1.0,1.0,9.0,7.333333333333333,-1.666666666666667,0.3333333333333333,373.76000000000005,1.0,210.0,0.004761904761904762,0.924790669856459,0.09090909090909094,False,0.44791666666666696
214575,"Marianne Nems Studio, LLC CA 90640",82781,Marianne Textiles LLC_1,Decor,194,0.979381443298969,0.9123711340206185,6.484536082474227,5.912371134020619,-0.572164948453608,0.5,1522.8098265895953,,,,,,,,,33,0.36363636363636365,0.6666666666666666,6.0606060606060606,6.575757575757576,0.5151515151515156,0.42424242424242425,76.16363636363637,30.0,0.5333333333333333,0.6,9.233333333333333,9.566666666666666,0.3333333333333339,0.36666666666666664,84.13333333333334,0.0,194.0,0.0,0.6633864417369573,-0.6157450796626054,False,-2.9909090909090903
265604,"Best Cheer Stone, Inc._1 CA 92806",254797,"Best Cheer Stone, Inc._1",APS Home Improvement,234,0.9786324786324786,0.9358974358974359,6.388888888888889,5.728448275862069,-0.6604406130268199,0.45726495726495725,1650.2107582061947,,,,,,,,,33,1.0,1.0,7.848484848484849,6.575757575757576,-1.2727272727272725,0.2727272727272727,52.53939393939393,26.0,0.9615384615384616,0.9230769230769231,7.076923076923077,6.115384615384615,-0.9615384615384617,0.5384615384615384,97.91333333333333,0.0,234.0,0.0,0.8473092998955067,0.021367521367521403,False,0.46037296037296116
403789,ningboxuxindianzishangwuyouxiangongsi CA 91761,286148,ningboxuxindianzishangwuyouxiangongsi,APS Outdoor,519,0.9807321772639692,0.9113680154142582,5.8111753371868975,4.628056628056628,-1.1831187091302695,0.7186897880539499,818.1257206208425,4.0,1.0,1.0,6.25,4.0,-2.25,0.75,294.525,33,1.0,0.9696969696969697,7.878787878787879,6.545454545454546,-1.333333333333333,0.36363636363636365,91.27575757575758,31.0,0.967741935483871,1.0,8.516129032258064,6.387096774193548,-2.129032258064516,0.45161290322580644,73.49333333333334,4.0,523.0,0.0076481835564053535,1.9173979173979179,0.019267822736030782,False,0.15835777126099781
485298,"Shenzhen Haoding Technology Co., Ltd CA 92879",352055,"Shenzhen Haoding Technology Co., Ltd",APS AEOF,124,1.0,0.8709677419354839,6.741935483870968,5.838709677419355,-0.903225806451613,0.5564516129032258,912.3927927927929,1.0,1.0,1.0,4.0,4.0,0.0,1.0,25.6,33,1.0,0.9696969696969697,7.96969696969697,6.878787878787879,-1.0909090909090908,0.24242424242424243,99.45454545454544,17.0,1.0,0.9411764705882353,8.352941176470589,6.588235294117647,-1.764705882352942,0.5882352941176471,120.025,1.0,125.0,0.008,1.040078201368524,0.0,False,0.29055258467023215
115434,Chengdu Yaotong Wangluo Keji YouxianGongsi CA91761,97942,Chengdu Yaotong Wangluo Keji Youxian Gongsi,APS Housewares & More,154,0.8961038961038961,0.8831168831168831,5.558441558441558,4.616883116883117,-0.941558441558441,0.6883116883116883,613.8372881355932,,,,,,,,,33,0.9696969696969697,0.9090909090909091,5.9393939393939394,5.212121212121212,-0.7272727272727275,0.6060606060606061,64.9060606060606,34.0,0.8823529411764706,0.8235294117647058,5.5588235294117645,8.617647058823529,3.0588235294117645,0.7647058823529411,305.9744897959184,0.0,154.0,0.0,0.5952380952380949,0.07359307359307365,False,-3.405525846702317
107404,BLUEBELL INTERNATIONAL INC. CA 92337(2),64179,BLUEBELL INTERNATIONAL INC.,APS,311,0.977491961414791,0.8585209003215434,7.2387096774193544,5.87459807073955,-1.3641116066798045,0.5241157556270096,1301.2907630522088,1.0,1.0,1.0,4.0,3.0,-1.0,1.0,285.6,33,1.0,0.9090909090909091,7.151515151515151,6.242424242424242,-0.9090909090909092,0.48484848484848486,81.07878787878788,50.0,1.0,0.94,7.96,6.38,-1.58,0.62,62.971875,1.0,312.0,0.003205128205128205,0.3678261716846922,0.022508038585209,False,-0.13757575757575768
350748,YIGOBUY INC CA 91752,70264,YIGOBUY INC,APS Upholstery,192,0.9947916666666666,0.8645833333333334,5.875,5.036458333333333,-0.838541666666667,0.6354166666666666,979.1080459770116,,,,,,,,,33,1.0,0.7878787878787878,6.363636363636363,7.212121212121212,0.8484848484848486,0.5454545454545454,61.8,30.0,1.0,0.9,9.166666666666666,7.5,-1.666666666666666,0.5333333333333333,60.152941176470584,0.0,192.0,0.0,2.175662878787879,0.00520833333333337,False,-0.28787878787878807
270457,MASAKA TRADING INC. CA 91752,156159,MASAKA TRADING INC.,Casegoods,191,0.9319371727748691,0.9528795811518325,8.366492146596858,6.575916230366492,-1.7905759162303658,0.3769633507853403,1772.2171140939595,,,,,,,,,33,1.0,0.9393939393939394,8.757575757575758,7.878787878787879,-0.8787878787878789,0.15151515151515152,83.13636363636364,10.0,0.9,1.0,10.3,9.1,-1.200000000000001,0.3,50.95,0.0,191.0,0.0,1.3028716484213865,0.0680628272251309,False,-1.2212121212121207
27067,Dovetail,27067,Dovetail,PG Casegoods,80,0.5875,0.625,5.7875,6.753246753246753,0.9657467532467532,0.3625,1627.8579710144927,,,,,,,,,33,0.5757575757575758,0.5151515151515151,6.393939393939394,6.848484848484849,0.45454545454545503,0.24242424242424243,89.37575757575758,24.0,0.5000000000000001,0.5000000000000001,3.9166666666666665,4.583333333333333,0.6666666666666665,0.625,15.961111111111112,0.0,80.0,0.0,0.09523809523809579,-0.011742424242424221,False,2.2651515151515156
49570,2xhome inc.,49570,2xhome inc.,Casegoods,258,0.8294573643410853,0.8643410852713178,6.484496124031008,5.6976744186046515,-0.7868217054263562,0.4573643410852713,1607.9113276836154,,,,,,,,,33,0.8181818181818182,1.0,7.787878787878788,6.242424242424242,-1.5454545454545459,0.30303030303030304,84.56666666666665,29.0,0.896551724137931,0.896551724137931,5.448275862068965,4.964285714285714,-0.4839901477832509,0.5862068965517241,54.76666666666666,0.0,258.0,0.0,0.5447498238195907,-0.01127554615926707,False,1.2781385281385278
354196,DFG-W-ONT1,115530,ShenZhenshi YIWEN SHANGMAOYOUXIANGONGSI,APS K&D,212,0.9481132075471698,0.8537735849056604,5.919431279620853,4.998820754716981,-0.9206105249038723,0.6509433962264151,1081.2811111111112,,,,,,,,,33,0.8484848484848485,0.8181818181818182,6.333333333333333,5.9393939393939394,-0.3939393939393936,0.45454545454545453,87.75454545454545,35.0,0.8857142857142857,0.8,8.742857142857142,8.285714285714286,-0.4571428571428555,0.5142857142857142,64.17647058823529,0.0,212.0,0.0,0.9405731846769587,-0.09962835906232126,False,-2.346320346320347
92913,Lanqinglv-CA09,67551,"Suzhou lanqinglv Trading co,. ltd",APS,214,0.9439252336448598,0.9158878504672897,8.037383177570094,6.785046728971962,-1.2523364485981316,0.38317757009345793,1601.584,,,,,,,,,32,0.125,0.5625,8.25,8.65625,0.40625,0.09375,60.171875,25.0,0.2,0.72,10.24,10.12,-0.120000000000001,0.28,84.55555555555556,0.0,214.0,0.0,1.8712032710280377,-0.8189252336448598,False,-1.4637499999999992
365006,无忧达-CA-06-NBYY,363958,"Shenzhen Yuanshen Import & Export Co., Ltd.",Wayfair,120,0.8916666666666667,0.8333333333333334,6.15,5.65,-0.5,0.5166666666666667,834.4446969696969,,,,,,,,,32,0.8125,0.9375,6.4375,5.65625,-0.78125,0.5,83.18437499999999,29.0,0.7931034482758621,0.7241379310344828,6.896551724137931,6.655172413793103,-0.2413793103448274,0.4827586206896552,175.6777777777778,0.0,120.0,0.0,0.006249999999999645,-0.07916666666666672,False,-0.9989224137931032
85315,VINFUL TRADE INC CA 91761,73803,VINFUL TRADE INC,Upholstery,398,0.9396984924623115,0.8894472361809045,9.293969849246231,7.183206106870229,-2.110763742376002,0.3492462311557789,1459.7574647887325,24.0,1.0,0.9583333333333334,9.791666666666666,7.458333333333333,-2.333333333333333,0.16666666666666666,91.57916666666667,32,1.0,0.96875,15.3125,9.03125,-6.28125,0.03125,82.69375000000001,24.0,1.0,1.0,11.125,6.083333333333333,-5.041666666666667,0.5416666666666666,86.7142857142857,24.0,422.0,0.05687203791469194,1.8480438931297707,0.06030150753768848,False,2.947916666666667
197000,Shenzhenshi Weisifu Keji Youxiangongsi CA 91710,79111,Shenzhenshi Weisifu Keji Youxiangongsi,APS,402,0.8631840796019901,0.8482587064676617,4.557213930348259,4.278606965174129,-0.27860696517412986,0.7587064676616916,792.7272845953003,,,,,,,,,32,0.78125,0.78125,5.90625,5.4375,-0.46875,0.625,106.10937500000001,55.0,0.8,0.7818181818181819,4.454545454545454,4.472727272727273,0.01818181818181852,0.8181818181818182,87.90782312925171,0.0,402.0,0.0,1.158893034825871,-0.08193407960199006,False,0.9647727272727273
333038,河南省晴天庭院家具有限公司 CA 92337 (2),316074,Henan Sheng Qingtian Tingyuan Jiaju Youxian Gongsi_1,Youth Furniture & Decor,146,1.0,0.8904109589041096,7.876712328767123,6.842465753424658,-1.0342465753424657,0.3835616438356164,1694.2089285714287,3.0,0.6666666666666666,0.6666666666666666,7.666666666666667,6.0,-1.666666666666667,0.6666666666666666,472.6333333333334,32,0.96875,0.875,8.3125,6.9375,-1.375,0.25,67.73437500000001,18.0,1.0,0.9444444444444444,8.055555555555555,6.388888888888889,-1.666666666666666,0.4444444444444444,41.31111111111111,3.0,149.0,0.020134228187919462,0.09503424657534243,-0.03125,False,0.5486111111111107
59353,AlisPark Corporation,59353,AlisPark Corporation,Lighting,184,0.9782608695652174,0.9347826086956522,7.788043478260869,6.135869565217392,-1.6521739130434776,0.41847826086956524,1808.7503311258276,3.0,1.0,1.0,7.666666666666667,6.0,-1.666666666666667,0.0,229.36666666666667,32,0.6875,0.65625,8.0625,7.375,-0.6875,0.21875,76.409375,20.0,0.65,0.85,10.65,9.789473684210526,-0.8605263157894747,0.2,117.0,3.0,187.0,0.016042780748663103,1.2391304347826084,-0.2907608695652174,False,-2.4144736842105257
348798,MagicAmazingInc. CA 90040,123700,MagicAmazingInc.,APS Home Improvement,216,0.9490740740740741,0.9120370370370371,7.74537037037037,6.439814814814815,-1.3055555555555554,0.3333333333333333,1706.161797752809,1.0,1.0,1.0,8.0,6.0,-2.0,0.0,133.0,32,1.0,0.9375,7.90625,6.9375,-0.96875,0.1875,67.640625,17.0,1.0,0.8823529411764706,10.058823529411764,7.9411764705882355,-2.117647058823529,0.5882352941176471,93.60000000000001,1.0,217.0,0.004608294930875576,0.4976851851851851,0.05092592592592593,False,-1.0036764705882355
353013,Zhejiang Qian Deng Culture media CA 91752,276859,"Zhejiang Qian Deng Culture media Co., LTD",APS Decor,78,0.9358974358974359,0.8974358974358975,8.08974358974359,7.141025641025641,-0.948717948717948,0.2948717948717949,1844.1777777777777,,,,,,,,,32,1.0,0.96875,8.75,7.34375,-1.40625,0.28125,102.378125,10.0,1.0,1.0,7.8,5.9,-1.8999999999999995,0.3,45.199999999999996,0.0,78.0,0.0,0.2027243589743586,0.0641025641025641,False,1.4437499999999996
33285,"Galt International Company, Inc.",33285,"Galt International Company, Inc.",Decor,150,0.9533333333333334,0.9266666666666666,7.546666666666667,5.933333333333334,-1.6133333333333333,0.3933333333333333,1856.9824427480917,4.0,1.0,1.0,6.75,5.25,-1.5,0.25,147.45000000000002,32,0.9375,0.90625,8.40625,6.8125,-1.59375,0.1875,89.49687500000002,13.0,0.9230769230769231,0.8461538461538461,9.076923076923077,7.384615384615385,-1.6923076923076916,0.38461538461538464,53.625,4.0,154.0,0.025974025974025976,0.8791666666666664,-0.015833333333333366,False,-0.572115384615385
300872,Garden Age CA,30721,Garden Age,Decor,179,0.9553072625698324,0.8659217877094972,6.150837988826815,5.837209302325581,-0.3136286865012341,0.3575418994413408,1643.4907801418437,,,,,,,,,32,0.84375,0.625,7.6875,7.65625,-0.03125,0.125,94.91250000000001,16.0,0.9375,0.75,8.8125,8.666666666666666,-0.14583333333333393,0.1875,116.46666666666665,0.0,179.0,0.0,1.819040697674419,-0.11155726256983245,False,-1.010416666666666
23446,Justice Design Group CA,3564,Justice Design Group,Lighting,335,0.7820895522388059,0.7940298507462686,17.071641791044776,14.600449101796407,-2.471192689248369,0.11940298507462686,1573.2130004161465,6.0,0.8333333333333334,1.0,20.5,11.833333333333334,-8.666666666666666,0.0,80.19999999999999,32,0.9375,0.90625,19.1875,13.03125,-6.15625,0.03125,91.175,25.0,0.68,0.72,17.88,15.6,-2.2799999999999994,0.08,262.54285714285714,6.0,341.0,0.017595307917888565,-1.569199101796407,0.15541044776119406,True,-2.5687499999999996
35836,PTS America INC CA 92374 ,13430,PTS America INC,Tabletop,176,0.5170454545454546,0.8181818181818182,6.868571428571428,6.113636363636363,-0.754935064935065,0.3977272727272727,1577.8199999999997,,,,,,,,,32,0.0,0.6875,6.90625,6.90625,0.0,0.34375,76.409375,16.0,0.0,0.875,7.25,6.6875,-0.5625,0.4375,111.86363636363636,0.0,176.0,0.0,0.7926136363636367,-0.5170454545454546,False,0.21875
471595,dingli technology inc CA  91762,103798,dingli technology inc,APS Home Improvement,483,0.7370600414078675,0.8861283643892339,7.175983436853002,6.372670807453416,-0.8033126293995858,0.37060041407867494,1687.739323553382,,,,,,,,,32,0.90625,0.90625,9.03125,8.15625,-0.875,0.09375,84.4,19.0,0.9473684210526315,1.0,9.105263157894736,7.526315789473684,-1.5789473684210522,0.42105263157894735,140.92222222222222,0.0,483.0,0.0,1.7835791925465836,0.16918995859213248,False,0.6299342105263159
342010,"SHENZHEN SEENDA TECHNOLOGY CO.,LTD. CA 92410",341998,"SHENZHEN SEENDA TECHNOLOGY CO.,LTD.",Wayfair,320,0.9375,0.8375,6.8,5.996865203761756,-0.8031347962382442,0.4625,1392.9348542458808,5.0,0.6,0.8,5.2,5.2,0.0,0.6,104.72,32,0.71875,0.71875,8.15625,7.28125,-0.875,0.28125,81.734375,17.0,0.7647058823529411,0.7058823529411765,8.764705882352942,7.0588235294117645,-1.7058823529411775,0.35294117647058826,78.0,5.0,325.0,0.015384615384615385,1.2843847962382444,-0.21875,False,0.2224264705882355
310906,Ningbo Free Trade Zone Top Green Industry CA 91752,266196,Ningbo Free Trade Zone Top Green Industry and Trade Co Ltd,APS,143,0.8811188811188811,0.9230769230769231,7.258741258741258,6.1678321678321675,-1.0909090909090908,0.4125874125874126,1518.5529914529916,,,,,,,,,32,1.0,1.0,7.5625,5.90625,-1.65625,0.46875,57.559375,25.0,0.96,0.88,7.36,6.36,-1.0,0.48,47.21666666666667,0.0,143.0,0.0,-0.2615821678321675,0.11888111888111885,True,-0.4537500000000003
358766,Yantai Nanmudianzikeji Youxiangongsi CA 91762,217589,Yantai Nanmudianzikeji Youxiangongsi,APS Rugs,609,0.9408866995073891,0.9113300492610837,6.164203612479475,5.25944170771757,-0.9047619047619051,0.5730706075533661,1292.7124999999999,,,,,,,,,32,0.96875,0.96875,6.84375,5.625,-1.21875,0.4375,91.990625,27.0,1.0,0.9629629629629629,6.333333333333333,5.333333333333333,-1.0,0.7037037037037037,88.8111111111111,0.0,609.0,0.0,0.3655582922824303,0.027863300492610876,False,0.29166666666666696
204435,"Alliph International, Inc CA 92835",173838,"Alliph International, Inc",Outdoor Furniture,179,0.9888268156424581,0.9329608938547486,8.078212290502794,6.455056179775281,-1.6231561107275132,0.3016759776536313,1795.1027397260275,4.0,1.0,0.75,7.5,7.0,-0.5,0.0,237.95,32,1.0,0.96875,10.40625,7.78125,-2.625,0.125,79.11875,12.0,1.0,1.0,8.916666666666666,7.916666666666667,-0.9999999999999991,0.25,122.64000000000001,4.0,183.0,0.02185792349726776,1.3261938202247192,0.011173184357541888,False,-0.13541666666666696
251390,K2AQUA LTD CA 91706(2),228869,TOMIC DECOR INC,APS Home Improvement,172,0.877906976744186,0.872093023255814,6.901162790697675,6.333333333333333,-0.5678294573643416,0.31976744186046513,1767.831914893617,,,,,,,,,32,0.75,0.875,7.59375,7.21875,-0.375,0.125,85.76249999999999,20.0,0.75,0.65,9.65,10.0,0.34999999999999964,0.25,86.89999999999999,0.0,172.0,0.0,0.885416666666667,-0.12790697674418605,False,-2.78125
252863,"ZHEJIANG SHUAISHUAI TECHNOLOGIES CO., LTD CA 92337",252852,"WENZHOU GOGOGO INTERNATIONAL TRADING CO., LTD.",APS,269,0.79182156133829,0.9144981412639405,6.739776951672862,5.03219696969697,-1.7075799819758926,0.5204460966542751,1845.2652406417112,3.0,1.0,1.0,7.0,5.666666666666667,-1.333333333333333,0.3333333333333333,156.63333333333333,32,1.0,0.9375,8.1875,6.34375,-1.84375,0.375,71.6625,59.0,0.559322033898305,0.8813559322033898,8.067796610169491,3.886440677966102,-4.18135593220339,0.7627118644067796,71.86666666666666,3.0,272.0,0.011029411764705883,1.3115530303030303,0.20817843866171004,False,2.457309322033898
295613,Shenzhen Oumeifeng Fashion Design CA 91752,108440,"Shenzhen Oumeifeng Fashion Design Co., Ltd.",APS,232,0.8620689655172413,0.8146551724137931,5.511494252873563,4.849137931034483,-0.6623563218390798,0.7370689655172413,868.7586387434554,30.0,0.7333333333333333,0.9333333333333333,5.4,3.7666666666666666,-1.6333333333333337,0.9333333333333333,463.39666666666665,32,0.84375,0.71875,5.4375,5.09375,-0.34375,0.78125,41.2625,23.0,0.7391304347826086,0.8695652173913043,6.043478260869565,4.782608695652174,-1.2608695652173916,0.782608695652174,86.36153846153846,30.0,262.0,0.11450381679389313,0.2446120689655169,-0.018318965517241326,False,0.31114130434782616
344658,Shenzhenshi Daman Shiye Youxiangongsi CA 92335(3),76761,Shenzhenshi Daman Shiye Youxiangongsi,APS K&D,115,0.9217391304347826,0.8956521739130435,5.408695652173913,4.608695652173913,-0.7999999999999998,0.7217391304347827,1241.381730769231,,,,,,,,,31,0.8064516129032258,0.8064516129032258,6.225806451612903,5.387096774193548,-0.838709677419355,0.6451612903225806,63.04193548387097,42.0,0.8095238095238095,0.9285714285714286,7.142857142857143,6.523809523809524,-0.6190476190476195,0.7142857142857143,124.79310344827586,0.0,115.0,0.0,0.778401122019635,-0.11528751753155686,False,-1.1367127496159757
308438,C-CA-3,221756,Ning Bo Hao Mi Xin Xi Ke Ji You Xian Gong Si,APS,301,0.31561461794019935,0.7109634551495017,7.4784053156146175,7.541528239202658,0.06312292358804061,0.19933554817275748,1743.8875478927205,,,,,,,,,31,0.16129032258064516,0.967741935483871,7.838709677419355,7.32258064516129,-0.516129032258065,0.1935483870967742,93.0774193548387,19.0,0.05263157894736842,0.8421052631578947,8.052631578947368,7.842105263157895,-0.21052631578947345,0.42105263157894735,134.35,0.0,301.0,0.0,-0.2189475940413681,-0.1543242953595542,True,-0.5195246179966047
412464,"Nexgrill Industries, Inc CA 92553",17763,"Nexgrill Industries, Inc",Grills,132,1.0,0.9545454545454546,7.083333333333333,5.409090909090909,-1.6742424242424239,0.5227272727272727,1540.1999999999998,,,,,,,,,31,0.967741935483871,0.967741935483871,8.0,7.032258064516129,-0.967741935483871,0.22580645161290322,87.98709677419355,24.0,0.9583333333333334,0.9166666666666666,8.5,8.875,0.375,0.375,78.35555555555555,0.0,132.0,0.0,1.6231671554252198,-0.032258064516129004,False,-1.842741935483871
15278,Roma Moulding CA 91702,11655,Roma Moulding,Decor,428,0.9766355140186916,0.9462616822429907,10.184579439252337,7.546318289786223,-2.638261149466114,0.25934579439252337,1681.2844775474955,5.0,1.0,1.0,10.4,7.0,-3.4000000000000004,0.4,57.7,31,1.0,0.5806451612903226,11.161290322580646,10.612903225806452,-0.548387096774194,0.0967741935483871,57.396774193548396,19.0,0.8947368421052632,0.6842105263157895,9.894736842105264,9.0,-0.8947368421052637,0.21052631578947367,63.91666666666666,5.0,433.0,0.011547344110854504,3.066584936020229,0.02336448598130836,False,1.612903225806452
219010,西邮美西洛杉矶AL仓,76761,Shenzhenshi Daman Shiye Youxiangongsi,APS K&D,293,0.9556313993174061,0.931740614334471,5.522184300341297,4.633561643835616,-0.8886226565056807,0.6689419795221843,1111.565060240964,8.0,1.0,1.0,5.0,4.125,-0.875,0.875,290.775,31,0.8709677419354839,0.8709677419354839,5.935483870967742,5.161290322580645,-0.774193548387097,0.6774193548387096,80.53548387096772,42.0,1.0,0.9761904761904762,5.738095238095238,4.309523809523809,-1.4285714285714288,0.7380952380952381,95.92121212121212,8.0,301.0,0.026578073089700997,0.5277286787450288,-0.08466365738192227,False,0.8517665130568357
345531,Edyun-W28,56612,Artrage Limited,APS,103,0.9805825242718447,0.8737864077669902,5.669902912621359,4.745098039215686,-0.9248048734056731,0.7087378640776699,912.9322222222223,3.0,1.0,1.0,6.0,5.0,-1.0,0.3333333333333333,60.333333333333336,31,1.0,1.0,7.516129032258065,5.548387096774194,-1.967741935483871,0.45161290322580644,87.7709677419355,27.0,1.0,1.0,7.518518518518518,5.777777777777778,-1.7407407407407405,0.5925925925925926,67.90588235294118,3.0,106.0,0.02830188679245283,0.8032890575585077,0.01941747572815533,False,-0.22939068100358373
50017,Artdeco Home Inc CA 92518,46453,Artdeco Home Inc,Upholstery,116,1.0,0.896551724137931,5.870689655172414,5.344827586206897,-0.5258620689655169,0.4827586206896552,1777.0823529411762,,,,,,,,,31,1.0,0.8709677419354839,7.774193548387097,7.193548387096774,-0.580645161290323,0.16129032258064516,82.94193548387096,11.0,0.9090909090909091,0.9090909090909091,6.545454545454546,5.7,-0.8454545454545457,0.45454545454545453,90.5,0.0,116.0,0.0,1.8487208008898772,0.0,False,1.4935483870967738
458506,shilijincheng CA 92337,63929,Hong Kong HuaYa Trade Limited,APS Home Improvement,460,0.991304347826087,0.8739130434782608,5.052173913043478,4.36980306345733,-0.6823708495861478,0.6847826086956522,1092.854415274463,,,,,,,,,31,1.0,1.0,6.419354838709677,5.354838709677419,-1.064516129032258,0.5161290322580645,87.09032258064516,37.0,1.0,0.972972972972973,6.135135135135135,4.486486486486487,-1.6486486486486482,0.6486486486486487,50.04782608695652,0.0,460.0,0.0,0.9850356462200889,0.008695652173912993,False,0.8683522231909322
484395,"Foshan Haiyunduo Furniture Co., Ltd. CA 92316",440292,"Foshan Haiyunduo Furniture Co., Ltd.",APS Outdoor,57,1.0,0.9824561403508771,8.43859649122807,6.087719298245614,-2.3508771929824563,0.21052631578947367,1543.3510638297873,,,,,,,,,31,1.0,0.967741935483871,12.193548387096774,8.516129032258064,-3.67741935483871,0.0,94.4193548387097,10.0,1.0,0.7,15.4,13.7,-1.700000000000001,0.0,,0.0,57.0,0.0,2.42840973401245,0.0,False,-5.183870967741935
174756,Zhejiang Paide Network Technology Co Ltd CA 92571,103843,Zhejiang Paide Network Technology Co Ltd,APS,841,0.9845422116527943,0.9239001189060642,5.210720197710475,4.4328180737217595,-0.7779021239887154,0.7300832342449465,1022.6918814432988,,,,,,,,,31,0.7741935483870968,0.8709677419354839,4.741935483870968,4.483870967741935,-0.2580645161290329,0.7741935483870968,48.48064516129032,54.0,0.9629629629629629,0.9444444444444444,4.611111111111111,3.7222222222222223,-0.8888888888888884,0.8703703703703703,55.36590909090909,0.0,841.0,0.0,0.05105289402017554,-0.21034866326569757,False,0.7616487455197127
349464,"Yiwu Binsai Import and Export Co., Ltd. CA 91708",273078,"Yiwu Binsai Import and Export Co., Ltd.",APS Outdoor,90,0.9222222222222223,0.8666666666666667,7.722222222222222,6.155555555555556,-1.5666666666666664,0.5333333333333333,891.7507042253524,1.0,1.0,1.0,8.0,2.0,-6.0,1.0,75.2,31,0.8387096774193549,0.8387096774193549,7.548387096774194,6.838709677419355,-0.709677419354839,0.1935483870967742,80.55806451612904,21.0,0.9523809523809523,0.9523809523809523,10.285714285714286,8.238095238095237,-2.0476190476190492,0.2857142857142857,53.55555555555556,1.0,91.0,0.01098901098901099,0.6831541218637991,-0.0835125448028674,False,-1.3993855606758823
62840,Empire Art Direct CA 91762,19066,Empire Art Direct,Decor,200,0.99,0.895,6.935,6.275,-0.6599999999999993,0.335,1718.2052023121387,,,,,,,,,31,1.0,0.9032258064516129,7.838709677419355,7.193548387096774,-0.645161290322581,0.16129032258064516,86.85483870967742,6.0,1.0,1.0,5.833333333333333,4.666666666666667,-1.166666666666666,0.6666666666666666,42.75,0.0,200.0,0.0,0.9185483870967737,0.010000000000000009,False,2.526881720430107
61646,Exquisite Rugs CA 90040,17690,Exquisite Rugs,PG Rugs,68,0.8676470588235294,0.8088235294117647,8.5,6.588235294117647,-1.9117647058823533,0.39705882352941174,1643.2317460317463,,,,,,,,,31,0.7741935483870968,0.6451612903225806,8.258064516129032,8.258064516129032,0.0,0.12903225806451613,77.13548387096773,10.0,0.9,0.7,15.0,10.5,-4.5,0.4,522.0500000000001,0.0,68.0,0.0,1.6698292220113853,-0.09345351043643269,False,-2.241935483870968
308454,Ningbo Jiangdong Peter International Trad CA 91752,53013,Ningbo Jiangdong Peter International Trading CoLTD,APS Outdoor,528,0.8825757575757576,0.8541666666666666,6.600378787878788,5.910984848484849,-0.6893939393939394,0.4753787878787879,1420.029946112394,3.0,0.3333333333333333,1.0,5.333333333333333,3.3333333333333335,-1.9999999999999996,1.0,476.6666666666667,31,0.8709677419354839,0.7741935483870968,6.064516129032258,6.064516129032258,0.0,0.5483870967741935,84.29032258064515,33.0,0.9090909090909091,0.8484848484848485,7.9393939393939394,7.393939393939394,-0.5454545454545459,0.6060606060606061,88.35,3.0,531.0,0.005649717514124294,0.1535312805474094,-0.011608015640273694,False,-1.3294232649071356
348624,Kuaicang2-CA,82169,"DALI FORTUNE TRADE CO.,LIMITED",APS Rugs,105,0.7238095238095238,0.6571428571428571,6.857142857142857,7.304761904761905,0.4476190476190478,0.3238095238095238,1604.1694736842105,1.0,1.0,0.0,,5.0,,1.0,37.6,31,0.967741935483871,0.967741935483871,7.0,5.774193548387097,-1.225806451612903,0.41935483870967744,77.08064516129032,22.0,1.0,0.9545454545454546,6.681818181818182,5.136363636363637,-1.545454545454545,0.5,56.04545454545455,1.0,106.0,0.009433962264150943,-1.5305683563748076,0.2439324116743472,True,0.6378299120234603
131517,"Zhejiang Fuma Network Technology Co.,Ltd CA 91752",126573,"Zhejiang Fuma Network Technology Co.,Ltd",APS K&D,197,0.934010152284264,0.8477157360406091,6.299492385786802,5.418367346938775,-0.881125038848027,0.5736040609137056,1364.3313609467457,,,,,,,,,31,1.0,0.9032258064516129,6.064516129032258,5.096774193548387,-0.967741935483871,0.6129032258064516,103.34193548387098,7.0,1.0,0.7142857142857143,10.571428571428571,11.0,0.4285714285714288,0.2857142857142857,21.525,0.0,197.0,0.0,-0.3215931533903884,0.06598984771573602,True,-5.903225806451613
363181,Henanshengxiaolanghuaxinxijishuyouxiangongsi CA 90660,361269,Henanshengxiaolanghuaxinxijishuyouxiangongsi,Wayfair,146,0.952054794520548,0.9452054794520548,7.178082191780822,5.773972602739726,-1.404109589041096,0.4041095890410959,1736.813565891473,2.0,0.5,0.5,9.5,9.0,-0.5,0.0,569.2,31,0.9354838709677419,0.8064516129032258,8.290322580645162,7.258064516129032,-1.03225806451613,0.3225806451612903,128.79999999999998,7.0,1.0,1.0,9.857142857142858,8.857142857142858,-1.0,0.0,,2.0,148.0,0.013513513513513514,1.4840919133893058,-0.016570923552806094,False,-1.5990783410138256
364278, YQN-CA,82169,"DALI FORTUNE TRADE CO.,LIMITED",APS Rugs,56,0.8571428571428571,0.9107142857142857,6.571428571428571,5.410714285714286,-1.1607142857142856,0.44642857142857145,1755.8041666666666,,,,,,,,,31,1.0,1.0,9.0,6.774193548387097,-2.225806451612903,0.1935483870967742,82.41290322580645,11.0,0.9090909090909091,1.0,9.181818181818182,7.090909090909091,-2.090909090909091,0.36363636363636365,128.55,0.0,56.0,0.0,1.3634792626728114,0.1428571428571429,False,-0.31671554252199385
334019,"Zhejiang Huaaokang Furniture Co.,Ltd CA 92337",265603,"Hangzhou Vickks Furniture,Ltd",APS Outdoor,98,0.9897959183673469,0.9285714285714286,6.785714285714286,5.463917525773196,-1.3217967599410896,0.5612244897959183,1172.435443037975,,,,,,,,,31,0.9354838709677419,0.8709677419354839,6.709677419354839,5.806451612903226,-0.903225806451613,0.5161290322580645,76.64838709677419,17.0,0.8823529411764706,0.8235294117647058,9.117647058823529,7.470588235294118,-1.6470588235294112,0.5294117647058824,202.52222222222224,0.0,98.0,0.0,0.34253408713003,-0.054312047399605046,False,-1.6641366223908918
356700,shanghaihuzidianzishangwuyouxiangongs CA 91752 (2),63929,Hong Kong HuaYa Trade Limited,APS Home Improvement,503,0.9025844930417495,0.882703777335984,5.737574552683896,4.962226640159046,-0.7753479125248504,0.6202783300198808,1101.1266516516516,,,,,,,,,31,0.8709677419354839,1.0,6.612903225806452,5.258064516129032,-1.35483870967742,0.6451612903225806,55.73870967741936,50.0,0.98,0.9,6.64,5.6,-1.04,0.68,65.16250000000001,0.0,503.0,0.0,0.295837875969986,-0.031616751106265606,False,-0.3419354838709676
278684,LINGKEWU XINXI KEJI JIANGSU LTD CA 91761,97962,LINGKEWU XINXI KEJI JIANGSU LTD,APS,340,0.9558823529411765,0.9117647058823529,4.41764705882353,3.8294117647058825,-0.5882352941176472,0.8558823529411764,639.8996904024768,,,,,,,,,31,0.967741935483871,0.967741935483871,5.193548387096774,4.096774193548387,-1.096774193548387,0.9032258064516129,95.26774193548388,55.0,0.9272727272727272,0.9272727272727272,4.836363636363636,3.5555555555555554,-1.2808080808080806,0.9090909090909091,48.9349019607843,0.0,340.0,0.0,0.2673624288425045,0.01185958254269448,False,0.5412186379928317
153686,ASENSE INC. CA 91761,148583,ASENSE INC.,Upholstery,169,0.9230769230769231,0.8875739644970414,7.208333333333333,6.568452380952381,-0.6398809523809517,0.34911242603550297,1810.245,,,,,,,,,31,0.9354838709677419,0.9354838709677419,7.096774193548387,6.290322580645161,-0.806451612903226,0.3870967741935484,88.50322580645161,12.0,0.9166666666666666,0.8333333333333334,8.416666666666666,8.083333333333334,-0.33333333333333215,0.4166666666666667,41.625,0.0,169.0,0.0,-0.27812980030722034,0.012406947890818754,True,-1.793010752688173
353015,Zhejiang Qian Deng Culture media CA 92335,276859,"Zhejiang Qian Deng Culture media Co., LTD",APS Decor,56,0.9107142857142857,0.8392857142857143,6.732142857142857,6.053571428571429,-0.6785714285714279,0.4107142857142857,727.7290322580643,,,,,,,,,31,0.9032258064516129,0.8387096774193549,6.935483870967742,6.225806451612903,-0.709677419354839,0.3548387096774194,77.6290322580645,16.0,0.6875,0.8125,6.1875,5.0,-1.1875,0.625,312.92,0.0,56.0,0.0,0.1722350230414742,-0.00748847926267282,False,1.225806451612903
244943,Revel Home CA 91761,64941,Revel Home,Lighting,191,1.0,0.9424083769633508,6.973821989528796,6.293193717277487,-0.6806282722513091,0.36649214659685864,1937.8701863354036,,,,,,,,,31,0.967741935483871,1.0,7.935483870967742,6.935483870967742,-1.0,0.25806451612903225,120.1290322580645,8.0,1.0,0.875,8.875,7.5,-1.375,0.25,143.8,0.0,191.0,0.0,0.6422901536902552,-0.032258064516129004,False,-0.564516129032258
330215,kaylastudio Inc CA 92335,254953,kaylastudio Inc,APS Home Improvement,220,0.6772727272727272,0.6545454545454545,7.427272727272728,7.562790697674418,0.13551797040169067,0.35,1413.9460732984294,1.0,1.0,1.0,5.0,2.0,-3.0,1.0,6.4,31,0.8064516129032258,0.8064516129032258,7.67741935483871,7.129032258064516,-0.548387096774194,0.45161290322580644,61.277419354838706,35.0,0.8,0.7142857142857143,9.542857142857143,9.685714285714285,0.14285714285714235,0.4,216.77058823529413,1.0,221.0,0.004524886877828055,-0.43375843960990235,0.1291788856304985,True,-2.556682027649769
176469,NICE CHOICE INC CA 92503,64530,NICE CHOICE INC,Outdoor Furniture,300,0.8333333333333334,0.8033333333333333,6.933333333333334,6.419444444444444,-0.5138888888888893,0.35333333333333333,1748.2010416666667,,,,,,,,,31,0.3870967741935484,0.7096774193548387,7.516129032258065,7.806451612903226,0.29032258064516103,0.12903225806451613,88.02903225806452,22.0,0.45454545454545453,0.7727272727272727,9.454545454545455,9.136363636363637,-0.31818181818181834,0.22727272727272727,72.56666666666666,0.0,300.0,0.0,1.3870071684587817,-0.446236559139785,False,-1.3299120234604107
285518,Man Xin Liu (Hangzhou) Cross Border E CA 91761,156906,Man Xin Liu (Hangzhou) Cross Border E-commerce LTD,APS Youth,104,0.9711538461538461,0.8461538461538461,5.596153846153846,5.134615384615385,-0.4615384615384608,0.7019230769230769,805.6817204301075,,,,,,,,,31,1.0,0.8387096774193549,7.774193548387097,6.225806451612903,-1.548387096774194,0.41935483870967744,57.370967741935466,19.0,1.0,1.0,6.631578947368421,4.7894736842105265,-1.8421052631578947,0.7368421052631579,60.00000000000001,0.0,104.0,0.0,1.091191066997518,0.028846153846153855,False,1.4363327674023765
295653,Guang Zhou Chang Feng Wang Luo Ke Ji You CA 91706 ,121218,Starsky Runo LLC,APS Home Improvement,328,0.9847560975609756,0.9207317073170732,6.442073170731708,5.782520325203253,-0.659552845528455,0.5030487804878049,1451.7253391995462,,,,,,,,,31,1.0,0.9354838709677419,5.903225806451613,5.516129032258065,-0.38709677419354804,0.6129032258064516,87.85483870967742,34.0,0.9705882352941176,0.6470588235294118,9.176470588235293,9.382352941176471,0.20588235294117752,0.35294117647058826,102.98666666666668,0.0,328.0,0.0,-0.2663912929451877,0.015243902439024404,True,-3.866223908918406
414069,Hangzhou Daya Information Technology CA 91752,108072,"Hangzhou Daya Information Technology Co., Ltd.",APS K&D,92,0.8695652173913043,0.9021739130434783,6.4021739130434785,5.695652173913044,-0.7065217391304346,0.45652173913043476,1035.1163934426231,,,,,,,,,30,0.6,0.7,7.0,7.366666666666666,0.36666666666666625,0.23333333333333334,80.14666666666666,20.0,0.9,1.0,7.4,6.5,-0.9000000000000004,0.55,72.82,0.0,92.0,0.0,1.6710144927536223,-0.26956521739130435,False,0.8666666666666663
449386,TURVISION INC CA 92337,439102,TURVISION INC,APS Housewares & More,154,0.8831168831168831,0.8831168831168831,5.363636363636363,4.4480519480519485,-0.9155844155844148,0.6948051948051948,925.05078125,5.0,1.0,1.0,5.6,4.8,-0.7999999999999998,0.4,110.51999999999998,30,0.9333333333333333,0.8,6.033333333333333,5.433333333333334,-0.5999999999999996,0.5333333333333333,82.92000000000002,38.0,0.9473684210526315,0.9210526315789473,6.7631578947368425,5.342105263157895,-1.4210526315789478,0.5789473684210527,191.1818181818182,5.0,159.0,0.031446540880503145,0.9852813852813851,0.05021645021645027,False,0.09122807017543888
33394,AONE International LLC,33394,AONE International LLC,Lighting,195,0.9897435897435898,0.8923076923076924,6.292307692307692,5.7384615384615385,-0.5538461538461537,0.441025641025641,1930.1159090909089,,,,,,,,,30,1.0,0.7666666666666667,7.733333333333333,7.4,-0.33333333333333304,0.13333333333333333,73.0,15.0,1.0,0.8,8.066666666666666,7.4,-0.6666666666666661,0.4666666666666667,50.25,0.0,195.0,0.0,1.6615384615384619,0.01025641025641022,False,0.0
265529,Amity Home CA,2799,Amity Home,"PG Bedding, Bath & Window",385,0.9506493506493506,0.8181818181818182,6.779220779220779,6.273936170212766,-0.5052846090080134,0.4857142857142857,1663.2927439024395,1.0,0.0,0.0,7.0,8.0,1.0,0.0,809.9,30,1.0,0.8333333333333334,7.333333333333333,7.133333333333334,-0.1999999999999993,0.2,55.166666666666664,17.0,1.0,1.0,5.823529411764706,5.176470588235294,-0.6470588235294112,0.5294117647058824,73.63333333333334,1.0,386.0,0.0025906735751295338,0.8593971631205681,0.04935064935064937,False,1.9568627450980394
349503,guangzhoushihaiyanwangluokejiyouxiangong CA 91708,119983,PEAKLI LIGHT LLC,APS Home Improvement,120,0.925,0.8083333333333333,8.166666666666666,7.291666666666667,-0.8749999999999991,0.225,1772.9810526315791,1.0,1.0,1.0,7.0,7.0,0.0,0.0,36.7,30,0.9666666666666667,0.9,8.733333333333333,7.033333333333333,-1.6999999999999993,0.3,63.959999999999994,19.0,1.0,1.0,15.0,11.789473684210526,-3.2105263157894743,0.10526315789473684,33.1,1.0,121.0,0.008264462809917356,-0.25833333333333375,0.04166666666666663,True,-4.7561403508771924
351118,Hermes and Fesius LLC CA 91708,69201,Hermes and Fesius LLC,APS Outdoor,212,0.8820754716981132,0.8726415094339622,8.20754716981132,6.497630331753554,-1.709916838057766,0.4811320754716981,1058.3954838709676,1.0,1.0,1.0,5.0,5.0,0.0,1.0,60.2,30,0.9333333333333333,0.9666666666666667,7.633333333333334,7.433333333333334,-0.20000000000000018,0.4666666666666667,67.44,45.0,0.8888888888888888,0.8888888888888888,10.266666666666667,9.4,-0.8666666666666671,0.3333333333333333,299.715873015873,1.0,213.0,0.004694835680751174,0.9357030015797791,0.05125786163522017,False,-1.9666666666666668
185475,WallBeyond International Inc CA 91744,70454,WallBeyond International Inc,APS Youth,226,0.9292035398230089,0.8805309734513275,6.725663716814159,5.84070796460177,-0.884955752212389,0.49557522123893805,1277.7512499999998,,,,,,,,,30,1.0,1.0,6.7,5.933333333333334,-0.7666666666666666,0.4,81.72,23.0,1.0,0.8695652173913043,6.3478260869565215,6.130434782608695,-0.21739130434782616,0.7391304347826086,79.56666666666668,0.0,226.0,0.0,0.09262536873156346,0.07079646017699115,False,-0.19710144927536177
329671,huainanshiliyuhuwaiyongpinyouxiangongsi CA 90703,329668,huainanshiliyuhuwaiyongpinyouxiangongsi,Wayfair,194,0.9639175257731959,0.8556701030927835,8.030927835051546,7.036082474226804,-0.9948453608247423,0.29381443298969073,1691.181294964029,9.0,0.8888888888888888,1.0,8.88888888888889,4.777777777777778,-4.111111111111112,0.6666666666666666,502.98888888888894,30,0.7,0.7333333333333333,8.1,6.9,-1.1999999999999993,0.3,106.49333333333333,17.0,0.6470588235294118,0.8235294117647058,8.411764705882353,7.352941176470588,-1.0588235294117654,0.35294117647058826,45.51666666666667,9.0,203.0,0.04433497536945813,-0.13608247422680364,-0.26391752577319594,True,-0.4529411764705875
324792,Shenzhen Like Keji Youxiangongsi CA 92376,62368,Shenzhen Like Keji Youxiangongsi,APS Bedroom,81,0.8271604938271605,0.7901234567901234,6.8765432098765435,5.8354430379746836,-1.04110017190186,0.49382716049382713,1364.2968253968254,,,,,,,,,30,0.9666666666666667,0.8,6.6,5.5,-1.0999999999999996,0.6333333333333333,65.67,28.0,0.9642857142857143,0.8928571428571429,8.285714285714286,6.814814814814815,-1.4708994708994716,0.6428571428571429,101.05138888888888,0.0,81.0,0.0,-0.33544303797468356,0.13950617283950617,True,-1.3148148148148149
241134,Oriental Tree INC CA 92881,88782,Oriental Tree INC,APS Home Improvement,54,0.8888888888888888,0.8518518518518519,7.685185185185185,6.407407407407407,-1.2777777777777777,0.4444444444444444,1354.322222222222,1.0,0.0,1.0,8.0,6.0,-2.0,0.0,773.4,30,0.9,0.8,6.8,5.966666666666667,-0.833333333333333,0.43333333333333335,63.89,17.0,0.8823529411764706,0.8823529411764706,8.529411764705882,7.470588235294118,-1.0588235294117645,0.6470588235294118,99.7909090909091,1.0,55.0,0.01818181818181818,-0.44074074074074066,0.011111111111111183,True,-1.503921568627451
239141,Shenzhenshi Yilaitake Kejiyouxiangongsi CA 92408,229868,Shenzhenshi Yilaitake Kejiyouxiangongsi,Appliances,241,0.991701244813278,0.7261410788381742,4.257261410788382,4.00836820083682,-0.24889320995156172,0.8340248962655602,882.4675213675214,3.0,1.0,0.6666666666666666,4.0,3.3333333333333335,-0.6666666666666665,1.0,124.63333333333333,30,0.9666666666666667,0.9333333333333333,6.266666666666667,5.533333333333333,-0.7333333333333334,0.6,91.46,29.0,1.0,0.9655172413793104,5.586206896551724,4.241379310344827,-1.3448275862068968,0.7931034482758621,69.67826086956521,3.0,244.0,0.012295081967213115,1.5249651324965132,-0.025034578146611364,False,1.2919540229885058
314048,HOMEVER ARTS AND CRAFTS CA 90703,201013,HOMEVER ARTS AND CRAFTS FACTORY,APS Youth,163,0.9570552147239264,0.9079754601226994,6.325153374233129,5.401234567901234,-0.923918806331895,0.5030674846625767,1785.778571428572,,,,,,,,,30,1.0,0.8666666666666667,7.466666666666667,6.633333333333334,-0.833333333333333,0.26666666666666666,76.06666666666666,11.0,1.0,0.9090909090909091,8.727272727272727,7.909090909090909,-0.8181818181818175,0.45454545454545453,34.86,0.0,163.0,0.0,1.2320987654320996,0.042944785276073594,False,-1.2757575757575754
359515,DBONILLA LIVE LLC CA 91762,307343,DBONILLA LIVE LLC,Casegoods,197,0.4873096446700508,0.4365482233502538,7.7969543147208125,7.443548387096774,-0.35340592762403844,0.14213197969543148,1729.3340659340663,6.0,0.8333333333333334,0.8333333333333334,8.5,4.5,-4.0,0.8333333333333334,383.31666666666666,30,1.0,0.9333333333333333,10.4,8.066666666666666,-2.333333333333334,0.2,56.44666666666667,19.0,0.8421052631578947,0.7894736842105263,10.052631578947368,12.421052631578947,2.3684210526315788,0.5263157894736842,286.16363636363633,6.0,203.0,0.029556650246305417,0.6231182795698924,0.5126903553299492,False,-4.3543859649122805
399414,Kuaicang2-CARL,82169,"DALI FORTUNE TRADE CO.,LIMITED",APS Rugs,56,0.7321428571428571,0.75,6.696428571428571,6.303571428571429,-0.39285714285714235,0.35714285714285715,1672.5833333333333,,,,,,,,,30,1.0,1.0,8.5,6.766666666666667,-1.7333333333333334,0.3,78.39333333333333,13.0,1.0,0.9230769230769231,7.923076923076923,6.384615384615385,-1.5384615384615383,0.23076923076923078,154.5,0.0,56.0,0.0,0.4630952380952378,0.2678571428571429,False,0.3820512820512816
443312,Maxwood Furniture CA 90640 (2),1954,Maxwood Furniture,Youth Furniture & Decor,99,0.47474747474747475,0.5656565656565656,7.05050505050505,6.906565656565657,-0.1439393939393936,0.32323232323232326,731.2384615384614,,,,,,,,,30,0.2,0.43333333333333335,7.0,8.433333333333334,1.4333333333333336,0.13333333333333333,82.78666666666666,37.0,0.24324324324324326,0.4594594594594595,6.594594594594595,6.891891891891892,0.29729729729729737,0.2972972972972973,65.87741935483872,0.0,99.0,0.0,1.526767676767677,-0.27474747474747474,False,1.5414414414414415
