supplier_id,su_name,parent_suid,parent_su_name,sto,vol_peak,ifr_peak,delivery_rel_peak,o2d_stated_peak,o2d_actual_peak,o2d_gap_peak,gain_peak,mi_to_cust_peak,top_actual_hub_peak,vol_july4,ifr_july4,delivery_rel_july4,o2d_stated_july4,o2d_actual_july4,o2d_gap_july4,gain_july4,mi_to_cust_july4,top_actual_hub_july4,vol_july5,ifr_july5,delivery_rel_july5,o2d_stated_july5,o2d_actual_july5,o2d_gap_july5,gain_july5,mi_to_cust_july5,top_actual_hub_july5,ifr_delta_july4_vs_peak,del_delta_july4_vs_peak,o2d_actual_delta_july4_vs_peak,built_july4,built_july5
237104,Devion Furniture,58079,Devion Furniture_1,APS,754.0,0.4469496021220159,0.8209549071618037,10.071618037135279,9.236074270557028,-0.835543766578251,0.9608743311305412,76.14721485411143,Romeoville Rsf,,,,,,,,,,,,,,,,,,,,,,False,False
316872,"Heze Starfire Trading Co., Ltd CA 91761(5)",83413,"Heze Starfire Trading Co., Ltd",APS,280.0,0.6678571428571427,0.9035714285714285,11.014285714285714,9.442857142857143,-1.5714285714285712,0.9700431238943487,58.95642857142855,Romeoville Rsf,,,,,,,,,,,,,,,,,,,,,,False,False
28971,NFusion CA 91761 Warehouse CA11,3215,"GigaCloud Trading, Inc.",Outdoor Furniture,270.0,0.7888888888888889,0.9259259259259259,8.207407407407407,7.385185185185185,-0.822222222222222,0.9658724422751995,67.64481481481481,Toledo,,,,,,,,,,,,,,,,,,,,,,False,False
238512,CP HomeDecor CA 91761(2),66884,CP HomeDecor,APS,212.0,0.6650943396226415,0.8679245283018868,9.004716981132075,8.339622641509434,-0.665094339622641,0.9583680029400413,82.50990566037737,Romeoville Rsf,,,,,,,,,,,,,,,,,,,,,,False,False
280028, CHINO,88820,"Ningbo Meigao Outdoor Products Co., Ltd.",APS Outdoor,199.0,0.9949748743718593,0.8944723618090452,7.71356783919598,6.944723618090452,-0.7688442211055273,0.9627082677890596,74.05628140703517,Chicago,,,,,,,,,,,,,,,,,,,,,,False,False
17066,  CA2,3215,"GigaCloud Trading, Inc.",Outdoor Furniture,198.0,0.7272727272727273,0.8888888888888888,7.833333333333333,6.1313131313131315,-1.7020202020202015,0.9715397743020544,58.757070707070696,Chicago,1.0,0.0,1.0,9.0,6.0,-3.0,0.7854851643945469,481.5,East Chattanooga,1.0,1.0,1.0,7.0,4.0,-3.0,0.5745869211077496,914.0,Davenport,-0.7272727272727273,0.11111111111111116,-0.1313131313131315,True,True
322082,"Hangzhou Mengfeisi Home Furnishings Co., CA 92571 ",313810,"Hangzhou Mengfeisi Home Furnishings Co., Ltd",APS Outdoor,182.0,0.9835164835164835,0.9725274725274725,8.67032967032967,6.873626373626373,-1.7967032967032965,0.9660195163189493,71.30054945054945,Toledo,,,,,,,,,,,,,,,,,,,,,,False,False
119437,Aosom LLC CA 92374,5725,Aosom LLC,APS Outdoor,165.0,0.9939393939393939,0.8484848484848485,7.587878787878788,6.848484848484849,-0.7393939393939393,0.9631631815175806,75.11575757575758,Chicago,,,,,,,,,,,,,,,,,,,,,,False,False
39837,Kingston CA,2940,Kingston,Plumbing,151.0,0.8807947019867549,0.8940397350993378,9.56953642384106,8.682119205298013,-0.887417218543046,0.9662205361255427,66.65827814569536,Chicago,,,,,,,,,,,,,,,,,,,,,,False,False
272805,Karat Home Inc (14 Karat) CA 92880,21718,Karat Home Inc (14 Karat),APS Upholstery,149.0,0.5771812080536913,0.8456375838926175,9.961409395973154,8.63758389261745,-1.323825503355705,0.9682811046233405,63.05906040268457,Chicago,,,,,,,,,,,,,,,,,,,,,,False,False
236498,Oberon Dist,49956,Oberon Distribution,Lighting,143.0,0.8041958041958042,0.9300699300699301,9.678321678321678,8.552447552447552,-1.1258741258741267,0.9671134638467994,65.72447552447552,Toledo,,,,,,,,,,,,,,,,,,,,,,False,False
293214,CIAO JING INC CA 92879 ,88927,CIAO JING INC,Upholstery,129.0,0.7131782945736435,0.8914728682170543,8.30232558139535,7.6434108527131785,-0.6589147286821708,0.9669979129995494,67.28294573643413,Romeoville Ncpc,,,,,,,,,,,,,,,,,,,,,,False,False
292636,Green Living Group INC CA 91762,78686,Green Living Group INC,Soft Home,122.0,0.860655737704918,0.8442622950819673,8.51639344262295,7.762295081967213,-0.7540983606557372,0.9662351442702513,68.99918032786886,Toledo,,,,,,,,,,,,,,,,,,,,,,False,False
20530,Million Dollar Baby CA 90660,426,Million Dollar Baby Co,Youth Furniture & Decor,121.0,0.9669421487603306,0.9090909090909091,8.049586776859504,7.595041322314049,-0.45454545454545503,0.9694967061198033,63.41157024793388,Chicago,,,,,,,,,,,,,,,,,,,,,,False,False
297318,Eazeemats CA 91752 (4),45285,Eazeemats,APS Upholstery,120.0,0.95,0.8583333333333333,8.15,7.85,-0.3000000000000007,0.9692064343900085,64.2375,Chicago,,,,,,,,,,,,,,,,,,,,,,False,False
39283,Design Imports WA 98390,8018,Design Imports,Tabletop,105.0,0.9428571428571428,0.7238095238095238,8.447619047619048,8.161904761904761,-0.2857142857142865,0.9609485849281036,83.44380952380953,Chicago,,,,,,,,,,,,,,,,,,,,,,False,False
272846,Pony Bros-2,50278,"US_INSONG TRADING CO., LIMITED",APS Youth,104.0,0.375,0.9134615384615384,8.971153846153847,8.278846153846153,-0.6923076923076934,0.9667062611503249,66.01057692307691,Chicago,,,,,,,,,,,,,,,,,,,,,,False,False
8833,Lifetime Brands Inc.92376,1175,Lifetime Brands Inc.,Tabletop,104.0,0.7019230769230769,0.75,8.115384615384615,7.855769230769231,-0.25961538461538414,0.972535281316859,54.777884615384615,Chicago,,,,,,,,,,,,,,,,,,,,,,False,False
70741,Westin Outdoor CA,39357,Westin Outdoor,Outdoor Furniture,101.0,0.2871287128712871,0.26732673267326734,7.178217821782178,8.128712871287128,0.9504950495049496,0.9705773352708851,59.87227722772278,Chicago,,,,,,,,,,,,,,,,,,,,,,False,False
59119,Safavieh CA 92518,381,Safavieh,Rugs,99.0,0.98989898989899,0.8383838383838383,7.555555555555555,6.91919191919192,-0.6363636363636358,0.9569502564407599,82.6131313131313,Romeoville Rsf,,,,,,,,,,,,,,,,,,,,,,False,False
408080,"Hangzhou Chuandiai Cultural Media Co., Ltd. CA 92337",284231,Kaiyon International (Hong Kong) Limited_1,APS Rugs,99.0,0.9797979797979798,0.9595959595959596,12.8989898989899,7.737373737373737,-5.161616161616163,0.9720602607920827,56.82727272727274,Chicago,,,,,,,,,,,,,,,,,,,,,,False,False
126078,Ideal Ventures - GGI International CA,11859,Ideal Ventures - GGI International,Storage & Org - Frequency,95.0,1.0,0.9473684210526315,8.136842105263158,7.526315789473684,-0.6105263157894738,0.9591888707060224,78.7221052631579,Chicago,,,,,,,,,,,,,,,,,,,,,,False,False
27593,NFusion CA El Monte,3215,"GigaCloud Trading, Inc.",Outdoor Furniture,91.0,0.8681318681318682,0.9230769230769231,8.186813186813186,7.417582417582418,-0.7692307692307683,0.9763848674205163,49.16263736263736,Chicago,,,,,,,,,,,,,,,,,,,,,,False,False
117518,Winsome House CA 92881,31822,Winsome House,Decor,88.0,0.9886363636363636,0.9204545454545454,7.920454545454546,7.340909090909091,-0.579545454545455,0.9695637229003903,61.21477272727273,Greenwood,,,,,,,,,,,,,,,,,,,,,,False,False
348867,JAFFE MURPHY HOUSE INC CA 91746 (2),72736,JAFFE MURPHY HOUSE INC,APS Housewares & More,88.0,1.0,1.0,9.352272727272727,7.340909090909091,-2.011363636363636,0.9712891655358585,60.332954545454534,Toledo,,,,,,,,,,,,,,,,,,,,,,False,False
287737,Safavieh CA 95363,381,Safavieh,Rugs,87.0,0.8735632183908046,0.7701149425287356,8.275862068965518,7.091954022988506,-1.1839080459770122,0.9653157333029277,71.96436781609196,Chicago,,,,,,,,,,,,,,,,,,,,,,False,False
79383,ColourTree CA,41086,ColourTree,Upholstery,86.0,0.37209302325581395,0.8604651162790697,9.5,8.255813953488373,-1.2441860465116275,0.9532964996761663,93.39767441860467,Chicago,,,,,,,,,,,,,,,,,,,,,,False,False
296291,AMCA,64001,Zhengzhou hanzhouboyang jinchukoumaoyiyouxiangongs,APS Housewares & More,85.0,0.5294117647058824,0.6235294117647059,9.035294117647059,8.847058823529412,-0.1882352941176464,0.964833895127452,68.34470588235293,Chicago,1.0,1.0,1.0,7.0,6.0,-1.0,0.5913956570496482,801.6,Fairless Hills,3.0,1.0,1.0,9.333333333333334,5.333333333333333,-4.000000000000001,0.6929700586131671,648.9333333333334,Fairless Hills,0.47058823529411764,0.3764705882352941,-2.8470588235294123,True,True
275205,Town Country Linen Corporation CA 92376,29622,Town Country Linen Corporation,Tabletop,84.0,0.9761904761904762,0.9880952380952381,9.464285714285714,7.428571428571429,-2.0357142857142847,0.9609500223529601,74.11547619047617,Chicago,1.0,0.0,0.0,9.0,11.0,2.0,0.7838975126239013,462.2,North Charlotte Rsf,3.0,0.0,0.0,9.0,13.666666666666666,4.666666666666666,0.6274302472931248,749.0666666666666,Concord,-0.9761904761904762,-0.9880952380952381,3.571428571428571,True,True
399345,Shenzhen Like Keji Youxiangongsi CA 91730(2),62368,Shenzhen Like Keji Youxiangongsi,APS Bedroom,83.0,0.9397590361445783,0.891566265060241,8.855421686746988,7.373493975903615,-1.4819277108433733,0.9622002838682755,75.47710843373493,Romeoville Rsf,,,,,,,,,,,,,,,,,,,,,,False,False
79733,MKAY GROUP CORP,79733,MKAY GROUP CORP,Outdoor Structures,81.0,0.9629629629629629,0.9382716049382716,9.716049382716049,8.185185185185185,-1.530864197530864,0.9625170532583602,77.49629629629631,Chicago,,,,,,,,,,1.0,0.0,1.0,10.0,9.0,-1.0,0.4716289104638619,1224.5,Fort Worth,,,,False,True
373889, SLM CA3,58041,YISHANG TRADE INC,APS Outdoor,80.0,0.9625,0.95,8.1625,7.2,-0.9624999999999995,0.9490127625896191,98.5325,Romeoville Rsf,,,,,,,,,,,,,,,,,,,,,,False,False
125473,Tregards LLC CA 91730,81672,Tregards LLC,APS,79.0,0.45569620253164556,0.7341772151898734,9.329113924050633,9.316455696202532,-0.012658227848101333,0.9684323971826626,64.71518987341773,Chicago,,,,,,,,,,,,,,,,,,,,,,False,False
267302,Karat Home Inc (14 Karat) CA 90249,21718,Karat Home Inc (14 Karat),APS Upholstery,78.0,0.9230769230769231,0.8461538461538461,8.320512820512821,8.012820512820513,-0.3076923076923084,0.9656005201826457,71.65256410256411,Chicago,,,,,,,,,,,,,,,,,,,,,,False,False
105765,Andes Furniture CA 92870,56976,Andes Furniture,Upholstery,74.0,1.0,0.972972972972973,9.324324324324325,8.337837837837839,-0.986486486486486,0.9611862054806746,74.42027027027027,Chicago Loop,,,,,,,,,,,,,,,,,,,,,,False,False
123170,Puredown CA 91761,24613,Puredown,APS Mattresses,74.0,0.7972972972972973,0.918918918918919,8.08108108108108,7.554054054054054,-0.5270270270270263,0.969259199284946,61.28243243243243,Toledo,,,,,,,,,,,,,,,,,,,,,,False,False
288245,Xiamen MDM CA 91761,85432,Xiamen MDM,APS,74.0,0.6891891891891891,0.8783783783783784,9.364864864864865,8.405405405405405,-0.9594594594594597,0.9566649264109512,81.80810810810812,Romeoville Rsf,,,,,,,,,,,,,,,,,,,,,,False,False
338215,"Bedshe International Co.,LTD CA 91761",25843,"Bedshe International Co.,LTD",APS,72.0,0.9305555555555556,0.9444444444444444,9.208333333333334,7.347222222222222,-1.8611111111111116,0.9710022884296019,56.973611111111104,Chicago,,,,,,,,,,1.0,1.0,1.0,7.0,4.0,-3.0,0.5417169887278582,910.7,King Of Prussia,,,,False,True
433182,NUU GARDEN CORPORATION CA 91730,39276,NUU GARDEN CORPORATION,APS Outdoor,70.0,0.2571428571428571,0.7428571428571429,9.542857142857143,9.457142857142857,-0.08571428571428541,0.9588252627843673,84.40714285714287,Chicago,10.0,1.0,1.0,16.9,8.8,-8.099999999999998,0.9546653491233862,91.4,Greenwood,19.0,1.0,1.0,27.263157894736842,7.052631578947368,-20.210526315789473,0.956023910021647,88.60000000000002,New Brighton Ncpc,0.7428571428571429,0.2571428571428571,-0.6571428571428566,True,True
63689,Surya CA 93725,291,Surya,Rugs,69.0,0.9855072463768116,0.8840579710144928,8.666666666666666,7.507246376811594,-1.1594202898550723,0.9706707911076374,61.721739130434784,Chicago,,,,,,,,,,,,,,,,,,,,,,False,False
182959,Brightech Inc. CA,63240,Brightech Inc.,Lighting,68.0,0.8382352941176471,0.8382352941176471,7.985294117647059,7.088235294117647,-0.8970588235294121,0.9715287894384879,57.417647058823526,Chicago,3.0,0.6666666666666666,1.0,7.666666666666667,3.0,-4.666666666666667,0.6736718502540625,669.6999999999999,Lehigh Valley,4.0,1.0,1.0,7.75,3.25,-4.5,0.6391231342110916,724.25,Lehigh Valley,-0.17156862745098045,0.16176470588235292,-4.088235294117647,True,True
54805,Enova Corporation CA 91732,39581,Enova Corporation,Decor,68.0,0.9411764705882353,0.9264705882352942,9.25,7.9411764705882355,-1.3088235294117645,0.9721198469846863,60.03823529411765,Toledo,,,,,,,,,,,,,,,,,,,,,,False,False
318241,"AD ASTRA(Xiamen) E-Commerce Co.,LTD CA 92337",275382,"HONGKONG BENJAMIN TRADE CO., LIMITED",APS Youth,67.0,1.0,0.9552238805970149,7.925373134328358,6.582089552238806,-1.3432835820895521,0.9649913088134964,69.45522388059702,Columbus,,,,,,,,,,,,,,,,,,,,,,False,False
313259,AM-CA,100553,SHENZHEN NAMUNANI WANGLUO KEJI YOUXIAN GONGSI,APS,67.0,0.44776119402985076,0.6119402985074627,9.253731343283581,8.940298507462687,-0.313432835820894,0.9672445718548272,66.54477611940298,Chicago,2.0,1.0,1.0,9.5,3.5,-6.0,0.9436152357842487,125.45,Etna Rsf,2.0,1.0,1.0,8.0,4.0,-4.0,0.9453693419798732,116.69999999999999,Etna Rsf,0.5522388059701493,0.3880597014925373,-5.440298507462687,True,True
60106,Winado CA 91762,58611,WINADO INC,APS Outdoor,65.0,0.7538461538461538,0.7692307692307693,7.953846153846154,7.230769230769231,-0.7230769230769232,0.9659169794120313,66.04153846153847,Toledo,,,,,,,,,,,,,,,,,,,,,,False,False
58244,P and P Imports LLC CA92614,8832,P and P Imports LLC,Recreation,64.0,1.0,0.921875,7.4375,7.03125,-0.40625,0.9605364884293045,75.33125,Chicago,,,,,,,,,,,,,,,,,,,,,,False,False
54257,XSL INC CA 92880 Wayfair,50139,XSL TECHNOLOGIES INC,APS Upholstery,64.0,0.828125,0.796875,8.40625,7.859375,-0.546875,0.9673657557411262,65.71249999999999,Toledo,,,,,,,,,,,,,,,,,,,,,,False,False
269131,Suprecozy INC CA 91748 Wayfair,67643,Suprecozy INC,APS Outdoor,64.0,0.890625,0.953125,9.890625,7.96875,-1.921875,0.9751351058456201,51.69375000000001,Toledo,,,,,,,,,,,,,,,,,,,,,,False,False
8176,Rod Desyne,8176,Rod Desyne,Soft Home,62.0,0.9354838709677419,0.9193548387096774,9.35483870967742,8.209677419354838,-1.1451612903225818,0.9611455690742156,78.20483870967742,Chicago,,,,,,,,,,,,,,,,,,,,,,False,False
2743,Greenland Home Fashions,2743,Greenland Home Fashions,Soft Home,61.0,0.8688524590163934,0.9344262295081968,8.491803278688524,7.688524590163935,-0.8032786885245891,0.9600915509706399,78.79344262295083,Toledo,,,,,,,,,,,,,,,,,,,,,,False,False
21190,Globe Electric Company CA 92410,9534,Globe Electric Company,Lighting,59.0,0.9661016949152542,0.9661016949152542,8.05084745762712,6.9491525423728815,-1.101694915254238,0.9735060630348942,54.41694915254237,Chicago,,,,,,,,,,,,,,,,,,,,,,False,False
82484,Elrene Home Fashions CA 91748,22255,Threadmade Home LLC,Soft Home,58.0,0.9137931034482759,0.8793103448275862,8.155172413793103,7.344827586206897,-0.8103448275862064,0.970630844014715,58.7155172413793,Chicago,,,,,,,,,,,,,,,,,,,,,,False,False
151576,Gibson CA,19128,Gibson,Tabletop,58.0,1.0,0.9310344827586207,7.741379310344827,7.293103448275862,-0.4482758620689653,0.9691755561494891,63.186206896551724,Chicago,,,,,,,,,,,,,,,,,,,,,,False,False
60227,Unique Loom CA 93725,20901,Unique Loom,Rugs,57.0,0.22807017543859648,0.21052631578947367,7.719298245614035,8.842105263157896,1.1228070175438605,0.9627135197340444,79.38421052631578,Chicago,,,,,,,,,,,,,,,,,,,,,,False,False
44532,GlideRite Hardware CA,19340,GlideRite Hardware,Hardware,57.0,0.9649122807017544,0.7719298245614035,7.982456140350878,7.87719298245614,-0.10526315789473717,0.9658303168310237,67.27368421052631,Chicago,,,,,,,,,,,,,,,,,,,,,,False,False
23665,"Cozy Line Home Fashions, Inc.",23665,"Cozy Line Home Fashions, Inc.",Soft Home,55.0,0.7636363636363637,0.9636363636363636,7.909090909090909,7.327272727272727,-0.581818181818182,0.9708597080321312,58.45090909090909,North St.Louis,,,,,,,,,,,,,,,,,,,,,,False,False
28664,Saro CA,13460,Saro,Tabletop,54.0,0.8888888888888888,0.9259259259259259,8.222222222222221,7.407407407407407,-0.814814814814814,0.9714553564130215,59.507407407407406,Chicago,,,,,,,,,,,,,,,,,,,,,,False,False
32733,TarHong CA 91748,19818,TarHong,Tabletop,53.0,0.18867924528301888,0.8679245283018868,10.81132075471698,10.037735849056604,-0.7735849056603765,0.954743888821318,93.57924528301885,Chicago,,,,,,,,,,,,,,,,,,,,,,False,False
112675,Sign Leader Incorporation CA 91766,109826,Sign Leader Incorporation,APS Youth,53.0,0.9056603773584906,0.9811320754716981,8.584905660377359,7.6415094339622645,-0.9433962264150946,0.9656900696743487,72.49056603773585,Columbus,,,,,,,,,,2.0,0.0,0.0,7.5,8.5,1.0,0.6408427752818068,710.6,Hagerstown,,,,False,True
30002,Amrapur Overseas Inc. CA,14580,Amrapur Overseas Inc.,Soft Home,52.0,1.0,1.0,8.442307692307692,7.4423076923076925,-0.9999999999999991,0.9649980966957578,74.70384615384616,Chicago,,,,,,,,,,,,,,,,,,,,,,False,False
413783,"Sorara Outdoor Living USA, Inc. CA 91746",49963,"Sorara Outdoor Living USA, Inc.",Outdoor Structures,52.0,0.19230769230769232,0.6923076923076923,8.25,8.26923076923077,0.01923076923077005,0.9739347772359235,54.048076923076934,Chicago,,,,,,,,,,,,,,,,,,,,,,False,False
59466,nuLOOM CA 95206,5468,nuLOOM,Rugs,52.0,0.9038461538461539,0.8846153846153846,8.096153846153847,7.0,-1.0961538461538467,0.967616940666544,67.6673076923077,Chicago,,,,,,,,,,,,,,,,,,,,,,False,False
282751,Natus Sports & Recreation Inc WA 98421,19626,Natus Sports & Recreation Inc,Recreation,51.0,1.0,1.0,10.764705882352942,7.647058823529412,-3.11764705882353,0.9612099792006777,84.81960784313726,Chicago,,,,,,,,,,,,,,,,,,,,,,False,False
62941,Meyer CA,722,Meyer,Kitchen & Small Electrics,50.0,0.52,0.38,8.46,9.08,0.6199999999999992,0.9446314754040515,114.67200000000001,Chicago,,,,,,,,,,,,,,,,,,,,,,False,False
158009,Modway Inc. CA 92345,11526,Modway Inc.,Outdoor Furniture,49.0,0.6122448979591837,0.6530612244897959,8.224489795918368,8.285714285714286,0.06122448979591866,0.9625636228755627,75.39387755102041,Chicago,,,,,,,,,,,,,,,,,,,,,,False,False
38484,BNF Home CA 91761,17539,BNF Home,APS Soft Home,47.0,0.0,0.7446808510638298,7.914893617021277,7.9787234042553195,0.06382978723404253,0.9664099713562425,68.87872340425531,Toledo,,,,,,,,,,,,,,,,,,,,,,False,False
47458,vida XL CA 92374,39327,vidaXL LLC,Outdoor Furniture,47.0,1.0,0.9787234042553191,8.340425531914894,7.425531914893617,-0.9148936170212769,0.9719451325894858,57.317021276595746,South Chicago,,,,,,,,,,,,,,,,,,,,,,False,False
406808,Yii Lighting CA  92324,61379,Eternadecor INC_1,APS Home Improvement,47.0,0.9787234042553191,0.9574468085106383,8.148936170212766,7.382978723404255,-0.7659574468085104,0.9693191826363862,63.0404255319149,Chicago,,,,,,,,,,,,,,,,,,,,,,False,False
82470,Ledel Lighting INC CA92841,75706,Ledel Lighting INC,Lighting,47.0,0.2765957446808511,0.7872340425531915,8.340425531914894,8.063829787234043,-0.2765957446808507,0.9729591595149957,53.704255319148935,Chicago Loop,,,,,,,,,,,,,,,,,,,,,,False,False
100167,NingBo KaiMeiChen DianZiShangWu You CA 92571,83386,"Ningbo FanKai E-commerce Co., Ltd._1",APS Home Improvement,46.0,1.0,0.9347826086956522,9.021739130434783,7.456521739130435,-1.5652173913043486,0.9723952980548021,59.080434782608684,Toledo,,,,,,,,,,,,,,,,,,,,,,False,False
255050,JOYIN US CORP. CA 91730,49117,JOYIN US CORP.,APS Decor,46.0,1.0,1.0,8.782608695652174,5.3478260869565215,-3.4347826086956523,0.9587484542334351,79.21739130434783,Chicago,2.0,1.0,1.0,8.0,5.0,-3.0,0.419212873942553,1086.05,South Houston,,,,,,,,,,0.0,0.0,-0.3478260869565215,True,False
460941,   USCOI03,251752,LUXHOME (HK) TRADING LIMITED,APS Bedroom,45.0,1.0,0.9777777777777777,8.71111111111111,7.2444444444444445,-1.466666666666666,0.9749191165104713,50.34444444444444,Toledo,,,,,,,,,,,,,,,,,,,,,,False,False
44421,Danya B. CA,5362,Danya B.,Decor,45.0,0.9777777777777777,0.8222222222222222,7.822222222222222,7.555555555555555,-0.2666666666666666,0.9671424485567454,67.08888888888887,Chicago,,,,,,,,,,,,,,,,,,,,,,False,False
216053,Homelux Designs LLC CA 90220,72859,Homelux Designs LLC,APS Home Improvement,45.0,0.9111111111111111,0.7777777777777778,7.977777777777778,8.0,0.022222222222222143,0.9689559228867335,63.88666666666667,Chicago,,,,,,,,,,,,,,,,,,,,,,False,False
288246,"Xiamen Yakesi e-commerce.CO., LTD CA 91761 ",96089,KEY CLOISON LIMITED,APS,45.0,0.9555555555555556,0.8888888888888888,9.466666666666667,8.466666666666667,-1.0,0.9586986730416031,79.79111111111109,Toledo,,,,,,,,,,1.0,0.0,1.0,9.0,9.0,0.0,0.5470147802411514,931.7,West Dallas Ncpc,,,,False,True
134818,Glass Warehouse CA 92056,24123,Glass Warehouse,Plumbing,45.0,1.0,0.9111111111111111,8.044444444444444,7.222222222222222,-0.822222222222222,0.9646367128950554,74.03555555555556,Romeoville Ncpc,,,,,,,,,,,,,,,,,,,,,,False,False
281658,Joseph Joseph CA 92835,7712,Joseph Joseph,Storage & Org - Frequency,44.0,0.8863636363636364,0.9772727272727273,10.181818181818182,8.227272727272727,-1.954545454545455,0.9730607275048494,55.43636363636363,Chicago,,,,,,,,,,,,,,,,,,,,,,False,False
26103,Jeco Inc. CA 91761,11408,Jeco Inc.,Outdoor Furniture,44.0,0.6363636363636364,0.6590909090909091,8.818181818181818,8.477272727272727,-0.3409090909090917,0.9518377333939589,98.32727272727271,Chicago,,,,,,,,,,,,,,,,,,,,,,False,False
116460,J.Queen CA 91710,26272,J.Queen,Soft Home,44.0,0.9772727272727273,0.8636363636363636,8.477272727272727,7.954545454545454,-0.5227272727272725,0.960025697345083,81.30000000000001,Chicago,,,,,,,,,,,,,,,,,,,,,,False,False
147134,Star Home Living Corp. CA 92337,33420,Star Home Living Corp.,Upholstery,43.0,0.9534883720930233,0.7674418604651163,11.628571428571428,10.930232558139535,-0.6983388704318934,0.9506984710679057,101.1046511627907,Chicago,,,,,,,,,,,,,,,,,,,,,,False,False
77923,Wayfair Embellish chang LLC CA 92880,70498,Embellish chang LLC,APS Outdoor,43.0,0.7906976744186046,0.813953488372093,9.13953488372093,8.372093023255815,-0.7674418604651159,0.96299046813453,70.81860465116279,Romeoville Rsf,,,,,,,,,,,,,,,,,,,,,,False,False
352873,"Foshan Youfanka Furniture Co., Ltd. CA 91761",322783,"Foshan Youfanka Furniture Co., Ltd.",Upholstery,43.0,0.9767441860465116,0.9534883720930233,9.488372093023257,8.348837209302326,-1.1395348837209305,0.9634619818358389,68.31627906976745,Romeoville Rsf,,,,,,,,,,,,,,,,,,,,,,False,False
116262,EFPerfect CA 91766,55886,EFPerfect,APS Home Improvement,43.0,1.0,0.8372093023255814,8.162790697674419,7.5813953488372094,-0.5813953488372094,0.9674304449117479,68.89767441860464,Chicago,,,,,,,,,,,,,,,,,,,,,,False,False
305641,Cozayh LLC CA 91762 ,57235,Cozayh LLC,APS,42.0,1.0,0.9761904761904762,9.238095238095237,7.5,-1.7380952380952372,0.9689128595783784,64.65,Columbus,,,,,,,,,,,,,,,,,,,,,,False,False
270038,Kouboo CA 92879,20420,Kouboo,Storage & Org - Frequency,42.0,0.9761904761904762,0.7857142857142857,8.428571428571429,8.0,-0.4285714285714288,0.9714115068492871,59.283333333333324,Chicago,,,,,,,,,,,,,,,,,,,,,,False,False
66308,Abble Inc. CA 91730 (3),37693,Abble Inc.,Outdoor Furniture,42.0,1.0,0.8809523809523809,8.976190476190476,7.523809523809524,-1.4523809523809526,0.9708227726064235,59.00714285714285,Chicago,,,,,,,,,,,,,,,,,,,,,,False,False
251283,JourneyClassArtLLC CA 91708 ,206225,Journey ClassArt LLC,APS Outdoor,42.0,0.7619047619047619,0.9761904761904762,8.047619047619047,6.738095238095238,-1.3095238095238093,0.9581547152729252,88.61190476190477,Greenwood,,,,,,,,,,,,,,,,,,,,,,False,False
244511,Delta Enterprise CA 92570,676,Delta Enterprise,Youth Furniture & Decor,41.0,0.6097560975609756,0.7073170731707317,8.439024390243903,8.24390243902439,-0.19512195121951237,0.9662432982552466,66.42682926829268,Chicago,,,,,,,,,,,,,,,,,,,,,,False,False
336760,Edgemod CA 92374,23758,Edgemod,Upholstery,41.0,1.0,0.975609756097561,8.121951219512194,6.975609756097561,-1.1463414634146334,0.9677921829709817,61.926829268292686,Chicago,,,,,,,,,,,,,,,,,,,,,,False,False
62940,HONGYE TECHNOLOGY CA 92879,62080,HONGYE TECHNOLOGY LLC.,APS,41.0,0.9024390243902439,0.9024390243902439,9.536585365853659,8.292682926829269,-1.2439024390243905,0.9696358025556229,62.52439024390245,Greenwood,,,,,,,,,,,,,,,,,,,,,,False,False
38581,Cordelia Lighting Inc. CA 90221,3638,Cordelia Lighting Inc.,Lighting,40.0,0.8,0.9,8.675,8.45,-0.22500000000000142,0.9683952396630124,64.8925,Chicago,,,,,,,,,,,,,,,,,,,,,,False,False
174220,Alpine Corporation CA 93065,981,Alpine Corporation,Decor,40.0,1.0,0.875,7.8,7.55,-0.25,0.9736056044233417,54.83,Mccook,,,,,,,,,,,,,,,,,,,,,,False,False
104910,Simpli Home Ltd. WA 98424,8762,Simpli Home Ltd.,Casegoods,38.0,1.0,0.7894736842105263,7.894736842105263,7.473684210526316,-0.4210526315789469,0.9716412984832641,61.31578947368421,Chicago,,,,,,,,,,,,,,,,,,,,,,False,False
59611,Crystal Art Gallery CA 90058,3353,Crystal Art Gallery,Decor,38.0,0.9473684210526315,0.9473684210526315,8.342105263157896,7.526315789473684,-0.8157894736842115,0.9724777379960908,58.48684210526316,Chicago,,,,,,,,,,,,,,,,,,,,,,False,False
23133,Gatco CA,1293,Gatco,Plumbing,38.0,1.0,0.6842105263157895,8.394736842105264,7.7631578947368425,-0.6315789473684212,0.9602107690688945,89.0263157894737,Chicago,,,,,,,,,,,,,,,,,,,,,,False,False
366303,HuiAnXian XiMao DianZiShangWu YouXianGongSi CA 91789,365391,QUANZHOU FENGZE OUYUANTONG MAOYI YOUXIAN GONGSI,APS Decor,38.0,0.7368421052631579,0.8947368421052632,9.921052631578947,8.263157894736842,-1.6578947368421044,0.9664542390391414,69.11315789473683,Chicago,,,,,,,,,,,,,,,,,,,,,,False,False
349604,Kusnug CA 92337,69162,Kusnug,Mattress,38.0,0.9736842105263158,0.9473684210526315,9.394736842105264,7.421052631578948,-1.973684210526316,0.9653264816706494,70.06052631578946,Chicago,,,,,,,,,,,,,,,,,,,,,,False,False
141329,Homebeez CA 91761,31734,Homebeez (parent),Upholstery,37.0,0.7567567567567568,0.972972972972973,8.216216216216216,7.45945945945946,-0.7567567567567561,0.9642184455982409,67.5027027027027,Chicago,,,,,,,,,,,,,,,,,,,,,,False,False
127631,Shenzhen Zhichen Trading Co. LTD. CA 91761,59517,Shenzhen Zhichen Trading Co. LTD.,APS K&D,37.0,0.8918918918918919,0.8648648648648649,8.324324324324325,7.297297297297297,-1.0270270270270272,0.9663052949444988,62.67837837837839,North Kansas City Ncpc,,,,,,,,,,,,,,,,,,,,,,False,False
111282,Costway CA 92374 [2],38830,Costway,APS Outdoor,37.0,0.8648648648648649,0.7837837837837838,8.162162162162161,7.243243243243243,-0.9189189189189184,0.967462833138997,67.93783783783783,West Columbus,,,,,,,,,,,,,,,,,,,,,,False,False
280957,"CHITA (HK) IMPORT & EXPORT CO., LIMITED CA 91762 ",68916,SPRINGDIAL (HK) E-COMMERCE LIMITED,APS,37.0,0.8108108108108109,0.8918918918918919,8.108108108108109,6.945945945945946,-1.1621621621621632,0.9634064139684689,74.10810810810811,Chicago,,,,,,,,,,,,,,,,,,,,,,False,False
101813,"Zhejiang Xingyang Furniture Co.,Ltd. CA 92880",61200,"Zhejiang Xingyang Furniture Co.,Ltd.",APS,37.0,1.0,0.972972972972973,9.405405405405405,8.027027027027026,-1.378378378378379,0.9534451053696394,90.6081081081081,Romeoville Rsf,,,,,,,,,,,,,,,,,,,,,,False,False
460617,FUJIAN VIITION INTERNET DEVELOPMENT CO LTD CA 92571,100332,FUJIAN VIITION INTERNET DEVELOPMENT CO LTD,APS Decor,36.0,1.0,1.0,9.444444444444445,7.333333333333333,-2.1111111111111116,0.9735767314171437,55.09444444444445,Greenwood,,,,,,,,,,,,,,,,,,,,,,False,False
320854,Curtis International CA,40691,Curtis International,Appliances,36.0,0.0,0.9722222222222222,10.36111111111111,9.88888888888889,-0.47222222222222143,0.9790094456409305,45.12777777777777,Chicago,,,,,,,,,,,,,,,,,,,,,,False,False
357179,"Dewenwils Network Technology Co., Ltd CA 92335",62262,"Dewenwils Network Technology Co., Ltd",APS Home Improvement,36.0,0.9166666666666666,0.8055555555555556,9.277777777777779,7.833333333333333,-1.4444444444444455,0.9644716113978428,75.64722222222223,West Columbus,,,,,,,,,,,,,,,,,,,,,,False,False
23903,Adeco Trading CA 91761,19407,Adeco Trading,Upholstery,35.0,0.8857142857142857,0.9428571428571428,8.314285714285715,7.571428571428571,-0.7428571428571438,0.9669498458290094,68.01142857142857,Chicago,,,,,,,,,,,,,,,,,,,,,,False,False
96245,Vanten LLC CA 92880,57966,Vanten LLC,APS,35.0,0.9428571428571428,0.8857142857142857,9.714285714285714,8.371428571428572,-1.3428571428571416,0.9699745310944566,59.33142857142857,Northern Kentucky,,,,,,,,,,,,,,,,,,,,,,False,False
357438,"Baoding Kaiman Wool Textile Manufacture Co., Ltd. CA 92346",207537,"Baoding Kaiman Wool Textile Manufacture Co., Ltd.",APS Rugs,35.0,1.0,0.8571428571428571,9.2,7.8,-1.3999999999999995,0.9549493200001158,93.71428571428571,Chicago,,,,,,,,,,,,,,,,,,,,,,False,False
134134,Ningbo Jiangdong Peter International CA 92571,53013,Ningbo Jiangdong Peter International Trading CoLTD,APS Outdoor,35.0,1.0,0.9714285714285714,10.885714285714286,7.714285714285714,-3.1714285714285717,0.9778284549589827,45.54857142857143,Chicago,,,,,,,,,,,,,,,,,,,,,,False,False
146557,A298 CA01,69162,Kusnug,Mattress,34.0,0.47058823529411764,0.7647058823529411,7.9411764705882355,7.911764705882353,-0.02941176470588225,0.9618140694434157,79.67941176470586,Romeoville Rsf,,,,,,,,,,,,,,,,,,,,,,False,False
36805,Martin Svensson Home CA 90058,14363,"Martin Svensson Home, LLC",Casegoods,34.0,1.0,0.9117647058823529,8.382352941176471,7.823529411764706,-0.5588235294117654,0.9644664455359719,71.52352941176471,Chicago,,,,,,,,,,,,,,,,,,,,,,False,False
130098,guangzhoushilianyingwangluokejiyouxiang CA 91706,123700,MagicAmazingInc.,APS Home Improvement,34.0,0.8235294117647058,0.9411764705882353,8.441176470588236,7.647058823529412,-0.7941176470588234,0.9734818980438124,52.60588235294117,Romeoville Rsf,,,,,,,,,,,,,,,,,,,,,,False,False
50419,Permasteel CA,20867,Permasteel,Fireplaces & Grills,33.0,0.696969696969697,0.8484848484848485,8.393939393939394,7.818181818181818,-0.5757575757575761,0.971930457048672,58.2939393939394,Chicago,,,,,,,,,,,,,,,,,,,,,,False,False
248293,Phantoscope CA,40013,Phantoscope,APS,33.0,1.0,0.8787878787878788,8.666666666666666,7.878787878787879,-0.7878787878787872,0.9609536986178971,82.07878787878788,Toledo,,,,,,,,,,,,,,,,,,,,,,False,False
245572,YITA LLC CA 92374,70265,YITA LLC,APS AEOF,33.0,0.9090909090909091,0.9696969696969697,7.96969696969697,7.0606060606060606,-0.9090909090909092,0.9637233710534673,69.20606060606062,Chicago,,,,,,,,,,,,,,,,,,,,,,False,False
405364,Eglinton Decor Inc CA 91761,95192,Eglinton Decor Inc,APS Outdoor,33.0,1.0,1.0,9.545454545454545,7.636363636363637,-1.9090909090909083,0.9615594677731047,80.12121212121211,Chicago,,,,,,,,,,,,,,,,,,,,,,False,False
321452,NingBo KaiMeiChen DianZiShangWu YouXianGongSi CA 91761,83386,"Ningbo FanKai E-commerce Co., Ltd._1",APS Home Improvement,33.0,0.9393939393939394,0.9090909090909091,7.666666666666667,6.96969696969697,-0.6969696969696972,0.977498108886629,44.06666666666666,Toledo,,,,,,,,,,,,,,,,,,,,,,False,False
28798,"Peking Handicraft, INC CA",9732,"Peking Handicraft, INC",Soft Home,32.0,1.0,0.8125,8.125,7.59375,-0.53125,0.9669679639884303,69.346875,Chicago,,,,,,,,,,,,,,,,,,,,,,False,False
213128,XCO-CA warehouse,94983,PARKERWELL INC,APS Outdoor,32.0,0.9375,0.96875,8.53125,7.3125,-1.21875,0.9743029359160275,53.034375,Greenwood,,,,,,,,,,1.0,0.0,1.0,8.0,5.0,-3.0,0.7249989029795076,626.7,Chattanooga,,,,False,True
23370,Cheungs Rattan CA,5313,Cheungs Rattan,Decor,31.0,1.0,0.9354838709677419,7.645161290322581,7.161290322580645,-0.48387096774193594,0.9608131262267265,82.58709677419355,Toledo,,,,,,,,,,,,,,,,,,,,,,False,False
149170,Alphamarts 007-F CA 91789,46710,Alphamarts,APS Outdoor,31.0,0.9354838709677419,0.9032258064516129,7.935483870967742,7.387096774193548,-0.548387096774194,0.9695060694889525,60.61612903225806,Greenwood Local,,,,,,,,,,,,,,,,,,,,,,False,False
478575,"Ningbo le verde home furnishing co.,ltd. CA 91752-3717",70401,"Ningbo le verde home furnishing co.,ltd.",APS Outdoor,30.0,0.9666666666666667,0.9333333333333333,8.7,7.9,-0.7999999999999989,0.962547168608095,78.15,Chicago,,,,,,,,,,,,,,,,,,,,,,False,False
304134,YouCopia Products CA 92316,13674,YouCopia Products,Storage & Org - Frequency,30.0,1.0,1.0,8.8,7.833333333333333,-0.9666666666666677,0.9659104376860073,62.79333333333334,Chicago,,,,,,,,,,,,,,,,,,,,,,False,False
143818,JoJospring CA,25925,JoJospring,Lighting,30.0,1.0,0.9666666666666667,8.8,7.566666666666666,-1.2333333333333343,0.9698689823213004,62.419999999999995,Chicago,,,,,,,,,,,,,,,,,,,,,,False,False
17195,JLA Home CA 95776,1987,JLA Home,Soft Home,30.0,0.9333333333333333,0.9,7.766666666666667,6.666666666666667,-1.0999999999999996,0.958232272605294,88.38666666666667,Chicago,,,,,,,,,,,,,,,,,,,,,,False,False
38373,Monarch International Inc,38373,Monarch International Inc,Decor,29.0,1.0,0.8620689655172413,8.482758620689655,7.448275862068965,-1.0344827586206895,0.9658979121368558,67.55172413793103,Chicago,,,,,,,,,,,,,,,,,,,,,,False,False
57236,Seville Classics Inc CA 90501,11302,Seville Classics Inc,Storage & Org,29.0,1.0,0.7931034482758621,7.551724137931035,7.620689655172414,0.068965517241379,0.9690278301943853,66.52413793103449,Chicago,,,,,,,,,,,,,,,,,,,,,,False,False
32159,Classic Home CA,697,Classic Home,Casegoods,29.0,0.1724137931034483,0.7931034482758621,9.10344827586207,8.862068965517242,-0.2413793103448274,0.9727142808949566,56.641379310344824,Chicago,,,,,,,,,,,,,,,,,,,,,,False,False
233314,Andes Fontana CA 92335,56976,Andes Furniture,Upholstery,29.0,0.9655172413793104,0.7586206896551724,8.689655172413794,7.9655172413793105,-0.7241379310344831,0.9656038088364471,72.81379310344829,Columbus,,,,,,,,,,,,,,,,,,,,,,False,False
77944,YOUKE Furniture Home LLC. CA 92508,56818,YOUKE Furniture Home LLC.,APS,29.0,0.896551724137931,0.8620689655172413,9.241379310344827,8.137931034482758,-1.1034482758620694,0.9686440002904506,65.0448275862069,Chicago,,,,,,,,,,,,,,,,,,,,,,False,False
325553,Zhongshan Henglan Bolang Lighting Factory CA 92337,274734,Zhongshan Henglan Bolang Lighting Factory,APS Home Improvement,28.0,0.8571428571428571,0.8571428571428571,9.035714285714286,7.925925925925926,-1.1097883597883609,0.9678280330794006,67.60000000000001,Chicago,,,,,,,,,,,,,,,,,,,,,,False,False
479684,Xingchen-CA03,82169,"DALI FORTUNE TRADE CO.,LIMITED",APS Rugs,28.0,0.6785714285714286,0.8571428571428571,9.928571428571429,9.071428571428571,-0.8571428571428577,0.9593173734583278,86.30357142857143,Chicago,,,,,,,,,,,,,,,,,,,,,,False,False
336483,"NINGBO JOYS IMP. EXP. CO.,LTD CA 92374",61691,Gymax LLC,APS Outdoor,28.0,0.9285714285714286,0.9285714285714286,7.678571428571429,6.928571428571429,-0.75,0.9616049481012999,74.51785714285714,Toledo,,,,,,,,,,,,,,,,,,,,,,False,False
286944,Tianjin Yuyao Technology Co. CA 92410,286842,LUMINOUS PATHWAY TRADING LIMITED,Wayfair,28.0,0.9285714285714286,0.7857142857142857,8.928571428571429,8.107142857142858,-0.8214285714285712,0.9560637173943698,82.83571428571429,Chicago,,,,,,,,,,,,,,,,,,,,,,False,False
264753,OaDeerHome CA 91761,41771,OaDeerHome,Upholstery,28.0,0.6785714285714286,0.9642857142857143,11.071428571428571,8.678571428571429,-2.3928571428571423,0.9574854860509371,77.52857142857144,Romeoville Ncpc,,,,,,,,,,,,,,,,,,,,,,False,False
30330,Aspen Creative Corporation,30330,Aspen Creative Corporation,Lighting,28.0,1.0,0.9285714285714286,8.607142857142858,7.571428571428571,-1.0357142857142865,0.9721582196912149,57.92500000000001,Chicago,,,,,,,,,,,,,,,,,,,,,,False,False
149550,hangzhou wentong crafts furniture  CA 92571,67813,hangzhou wentong crafts furniture manufacturing co,APS Upholstery,28.0,0.8928571428571429,0.9285714285714286,8.357142857142858,7.571428571428571,-0.7857142857142865,0.9722938263227147,52.82142857142857,Maple Grove,,,,,,,,,,,,,,,,,,,,,,False,False
313535,Westfield Outdoor Inc CA 91752,58022,HONGXU OUTDOORS LIMITED,APS Outdoor,27.0,1.0,1.0,7.666666666666667,6.888888888888889,-0.7777777777777777,0.9744638784663436,52.0,Northern Kentucky,,,,,,,,,,,,,,,,,,,,,,False,False
264755,ANMEI.MEIXI2 CA 91752,56818,YOUKE Furniture Home LLC.,APS,27.0,0.9629629629629629,1.0,9.62962962962963,8.333333333333334,-1.2962962962962958,0.958770813953795,81.96666666666667,Chicago,,,,,,,,,,,,,,,,,,,,,,False,False
369978,"Lancai (Shenzhen) Technology Co., Ltd CA 91745",91085,Global Bright Zone Limited,APS Home Improvement,27.0,0.6666666666666666,0.9259259259259259,8.592592592592593,8.333333333333334,-0.2592592592592595,0.9647953619146852,70.56666666666666,North St.Louis,,,,,,,,,,,,,,,,,,,,,,False,False
225771,Shenzhenshixiangde CA91761(12),67653,"HONG KONG LIUXIN TECHNOLOGY CO., LIMITED",APS,27.0,1.0,0.8888888888888888,8.037037037037036,7.2592592592592595,-0.7777777777777768,0.9438901786485927,104.78148148148148,Greenwood,,,,,,,,,,,,,,,,,,,,,,False,False
74080,"Fitueyes,Inc. CA 91744",45223,"Fitueyes,Inc.",APS,27.0,0.9259259259259259,0.8518518518518519,8.037037037037036,7.62962962962963,-0.40740740740740655,0.9620799309458157,68.0037037037037,Chicago,,,,,,,,,,,,,,,,,,,,,,False,False
64610,"A&B Home Group, Inc CA 95776",8684,"A&B Home Group, Inc",Decor,27.0,0.7777777777777778,0.8518518518518519,9.925925925925926,9.296296296296296,-0.6296296296296298,0.9611110365462336,81.52592592592592,Chicago,,,,,,,,,,,,,,,,,,,,,,False,False
338928,Shenzhenshi Youlihai Keji Youxian Gongsi CA 92316,64210,Shenzhenshi Youlihai Keji Youxian Gongsi,APS Youth,27.0,0.9259259259259259,0.9629629629629629,8.296296296296296,7.666666666666667,-0.6296296296296289,0.9716282501376498,57.218518518518515,Chicago,,,,,,,,,,,,,,,,,,,,,,False,False
372291,"ADVANCED INFO SERVICES, LLC CA 91744",365568,"ADVANCED INFO SERVICES, LLC",Casegoods,27.0,0.9259259259259259,0.8518518518518519,10.296296296296296,9.296296296296296,-1.0,0.9620427730087486,77.60370370370372,Chicago,,,,,,,,,,,,,,,,,,,,,,False,False
132494,Zekoo Inc CA 91730,57171,Zekoo Inc,APS,27.0,0.9629629629629629,0.8888888888888888,9.185185185185185,8.777777777777779,-0.40740740740740655,0.9784119180937073,41.79259259259259,Chicago Loop,,,,,,,,,,,,,,,,,,,,,,False,False
293792,Doremo Global Corporation CA 92705 ,211162,Doremo Global Corporation,APS Pet,26.0,0.9615384615384616,0.8846153846153846,8.384615384615385,8.192307692307692,-0.1923076923076934,0.9643753195208997,70.25384615384615,Chicago,,,,,,,,,,,,,,,,,,,,,,False,False
85056,Odiot LLC CA 92880 Wayfair,70496,Odiot LLC,APS Outdoor,26.0,0.8076923076923077,0.9615384615384616,8.653846153846153,7.615384615384615,-1.0384615384615383,0.9688192707863098,64.12307692307692,Romeoville Rsf,,,,,,,,,,,,,,,,,,,,,,False,False
49765,Certified International CA,3012,Certified International,Tabletop,26.0,1.0,0.6923076923076923,7.923076923076923,7.615384615384615,-0.3076923076923084,0.9735045083757021,54.94615384615385,Chicago,,,,,,,,,,,,,,,,,,,,,,False,False
248927,CA.,248914,SHENZHENSHIMINGXIAOSHANGMAOYOUXIANGONGSI,APS Bedroom,26.0,1.0,0.9615384615384616,8.538461538461538,7.538461538461538,-1.0,0.972988022831964,54.84615384615385,Romeoville Rsf,,,,,,,,,,,,,,,,,,,,,,False,False
101609,source max inc CA 91761,64786,source max inc,APS,26.0,0.9615384615384616,0.9615384615384616,8.807692307692308,7.5,-1.3076923076923084,0.9651861470075807,71.74999999999999,Toledo,,,,,,,,,,,,,,,,,,,,,,False,False
357184,dongguanyichengshangmaoyouxiangongsi CA 95304,228382,dongguanyichengshangmaoyouxiangongsi,APS Home Improvement,26.0,1.0,0.9615384615384616,8.5,6.6923076923076925,-1.8076923076923075,0.9607587455130159,84.54230769230769,Chicago,,,,,,,,,,,,,,,,,,,,,,False,False
316503,G.A. Gertmenian & Sons CA,6075,G.A. Gertmenian & Sons,Rugs,25.0,0.96,0.8,8.36,7.88,-0.47999999999999954,0.9671286738997584,65.868,Chicago,,,,,,,,,,,,,,,,,,,,,,False,False
293858,AROZU INC CA 90660,293856,AROZU INC,APS SEA,25.0,0.92,0.92,9.28,8.24,-1.0399999999999991,0.9511192692619385,97.54399999999998,Chicago,,,,,,,,,,,,,,,,,,,,,,False,False
297045,Annie Selke CA 92506,38965,Annie Selke,PG Rugs,25.0,0.96,0.84,7.88,6.8,-1.08,0.9732188397685054,58.035999999999994,Chicago,,,,,,,,,,,,,,,,,,,,,,False,False
407374,"Shenzhen Litian Technology Co., Ltd CA 92324",254999,"Shenzhen Litian Technology Co., Ltd",APS Home Improvement,25.0,1.0,0.96,8.24,7.32,-0.9199999999999999,0.9694020435412376,64.38000000000002,Greenwood,,,,,,,,,,,,,,,,,,,,,,False,False
112453,terby inc CA 91708,111941,terby inc,Lighting,25.0,0.8,0.92,10.28,8.96,-1.3199999999999985,0.965138168536428,67.332,Toledo,1.0,0.0,1.0,11.0,10.0,-1.0,0.811075506611906,418.6,Murfreesboro,,,,,,,,,,-0.8,0.07999999999999996,1.0399999999999991,True,False
316941, AMCA,266529,"Zhengzhou Tiaoda Network Technology Co., Ltd.",APS,25.0,0.56,0.56,9.04,9.4,0.3600000000000012,0.9769412018394548,47.88399999999999,Chicago,,,,,,,,,,3.0,0.6666666666666666,1.0,8.0,5.333333333333333,-2.666666666666667,0.5608562277458822,829.3666666666667,Fairless Hills,,,,False,True
44299,Luxier CA 91708,23494,Luxier,Plumbing,25.0,1.0,0.92,8.48,7.96,-0.5200000000000005,0.9690171983210278,61.74,Toledo,,,,,,,,,,,,,,,,,,,,,,False,False
334376,WONDERFUL INDUSTRY LIMITED CA 92336,332685,WONDERFUL INDUSTRY LIMITED,Wayfair,25.0,1.0,0.96,8.6,7.36,-1.2399999999999993,0.9660289571650773,72.07600000000001,Chicago,,,,,,,,,,,,,,,,,,,,,,False,False
151179,The Luxtrada Company CA 91706,150723,The Luxtrada Company,Plumbing,24.0,0.875,0.875,8.416666666666666,7.875,-0.5416666666666661,0.9654558667593235,70.45,Chicago,,,,,,,,,,,,,,,,,,,,,,False,False
225905,"YIWU WENTOU IMPORTEXPORT CO.,LTD CA-GL CA 91761",91104,"YIWU WENTOU IMPORT&EXPORT CO.,LTD",APS Outdoor,24.0,1.0,0.9583333333333334,9.666666666666666,7.875,-1.791666666666666,0.9648689758000208,71.83749999999999,North St.Louis,,,,,,,,,,,,,,,,,,,,,,False,False
370575,JIAJING-CA5,251752,LUXHOME (HK) TRADING LIMITED,APS Bedroom,24.0,1.0,1.0,8.916666666666666,8.0,-0.9166666666666661,0.964188233160202,75.30000000000001,Chicago,,,,,,,,,,,,,,,,,,,,,,False,False
276668,William-BN001,275657,guangzhoubeiniwangloukejiyouxiangongsi,Wayfair,24.0,0.6666666666666666,0.75,8.0,7.916666666666667,-0.08333333333333304,0.959004050577843,88.8125,Toledo,,,,,,,,,,,,,,,,,,,,,,False,False
349176,COTTONMAX ARROW INC. CA 91762,86835,COTTONMAX ARROW INC.,APS Decor,24.0,0.9583333333333334,0.9583333333333334,8.75,7.083333333333333,-1.666666666666667,0.9678073781305604,64.71666666666665,Chicago,,,,,,,,,,,,,,,,,,,,,,False,False
238404,HomArt CA,10505,HomArt,Decor,24.0,1.0,0.8333333333333334,8.375,8.166666666666666,-0.20833333333333393,0.9603904792115125,80.27083333333333,South Chicago,,,,,,,,,,,,,,,,,,,,,,False,False
246381,TTX Lighting Technology Inc. CA 91764,99787,TTX Lighting Technology Inc.,APS Home Improvement,24.0,0.9166666666666666,0.9166666666666666,8.875,8.541666666666666,-0.3333333333333339,0.967703417177149,58.9625,Chicago,,,,,,,,,,,,,,,,,,,,,,False,False
56086,Sunset Vista Designs Co. CA 91739,28530,Sunset Vista Designs Co.,Decor,24.0,1.0,1.0,9.0,6.708333333333333,-2.291666666666667,0.9704643993683422,55.587500000000006,North St.Louis,,,,,,,,,,,,,,,,,,,,,,False,False
236471,Cozayh LLC CA 91752(5),57235,Cozayh LLC,APS,24.0,1.0,0.9583333333333334,9.458333333333334,7.666666666666667,-1.791666666666667,0.9730506144519716,55.258333333333326,Greenwood,,,,,,,,,,,,,,,,,,,,,,False,False
66311,Baliaa Inc CA 92880,54204,Baliaa Inc,APS,24.0,1.0,0.9583333333333334,9.208333333333334,8.125,-1.083333333333334,0.9697618702185844,62.62916666666667,Toledo,,,,,,,,,,,,,,,,,,,,,,False,False
117278,Torchstar Corp. CA 91752,41146,LED Light Depot,Lighting,24.0,1.0,0.75,7.666666666666667,7.75,0.08333333333333304,0.9583170887156576,78.60416666666666,Chicago,,,,,,,,,,,,,,,,,,,,,,False,False
307555,DIAMOND FALCON LLC CA 91301,141066,DIAMOND FALCON LLC,Decor,24.0,1.0,0.9166666666666666,8.0,7.541666666666667,-0.45833333333333304,0.9682860364945886,66.59583333333333,Chicago,,,,,,,,,,,,,,,,,,,,,,False,False
272144,PRS Enterprises LLC CA 92821,214064,PRS Enterprises LLC,APS SEA,24.0,1.0,0.875,8.125,7.5,-0.625,0.9734144134809098,57.412499999999994,Maple Grove,,,,,,,,,,,,,,,,,,,,,,False,False
288244,Men Dao Le (Bei Jing) Shang Mao You Xian CA 91761 ,96311,HIGH BEAM SUPPLY (HK) LIMITED,APS,23.0,0.9130434782608695,0.9130434782608695,9.826086956521738,9.130434782608695,-0.695652173913043,0.9614310038911822,77.6695652173913,Romeoville Rsf,,,,,,,,,,,,,,,,,,,,,,False,False
31503,"Top Knobs, Inc. CA 90065",19191,"Top Knobs, Inc.",Hardware,23.0,0.9130434782608695,0.6956521739130435,8.0,7.391304347826087,-0.6086956521739131,0.9567034729779254,73.32608695652173,Chicago,,,,,,,,,,,,,,,,,,,,,,False,False
39257,IICART INC.,39257,IICART INC.,APS Decor,23.0,1.0,0.782608695652174,8.478260869565217,7.739130434782608,-0.7391304347826084,0.957712174676011,91.58695652173915,Chicago,,,,,,,,,,,,,,,,,,,,,,False,False
320582,SmartStandard CA 92337,49538,NORTH ELM ARTISAN LLC_1,APS Home Improvement,23.0,0.9565217391304348,0.9130434782608695,8.217391304347826,7.478260869565218,-0.7391304347826084,0.972606798310549,50.89999999999999,Chicago,,,,,,,,,,,,,,,,,,,,,,False,False
93793,Farfarview CA 92337,35678,"HONGKONG LICHUAN TECHNOLOGY CO.,LIMITED",APS,23.0,0.9130434782608695,0.9565217391304348,8.782608695652174,7.739130434782608,-1.0434782608695654,0.9596931397971732,80.0304347826087,Greenwood,,,,,,,,,,,,,,,,,,,,,,False,False
335400,Torre Tagus CA 92570,53007,Torre Tagus,Decor,23.0,1.0,0.9565217391304348,9.782608695652174,7.739130434782608,-2.0434782608695654,0.9574361150210949,82.74347826086957,Chicago,,,,,,,,,,,,,,,,,,,,,,False,False
248417,Welland Industries LLC CA,18859,Welland Industries LLC,APS Youth,23.0,1.0,0.9565217391304348,8.608695652173912,7.913043478260869,-0.695652173913043,0.9624870688369087,75.28695652173913,Chicago Loop,,,,,,,,,,,,,,,,,,,,,,False,False
68136,VNT Link CA,55984,VNT Link,APS SEA,23.0,1.0,1.0,9.521739130434783,7.565217391304348,-1.9565217391304355,0.9693707610864308,63.33478260869565,Chicago,,,,,,,,,,,,,,,,,,,,,,False,False
28582,Kingray home textiles,28582,Kingray home textiles,Soft Home,23.0,1.0,0.9130434782608695,8.130434782608695,7.086956521739131,-1.0434782608695645,0.9696206744835586,62.65217391304347,Mccook,,,,,,,,,,,,,,,,,,,,,,False,False
22213,Benzara CA 90660,9491,Benzara,Casegoods,23.0,0.7391304347826086,0.6956521739130435,8.826086956521738,8.565217391304348,-0.2608695652173907,0.9665129519750076,71.69565217391305,Greenwood,,,,,,,,,,,,,,,,,,,,,,False,False
214497,SGDL HOLDINGS INC CA 91706,214494,SGDL HOLDINGS INC,Lighting,22.0,1.0,0.9545454545454546,8.681818181818182,8.272727272727273,-0.4090909090909083,0.9692903990024959,64.79545454545455,Chicago,,,,,,,,,,,,,,,,,,,,,,False,False
28772,Linon CA 92408,405,Linon,Casegoods,22.0,0.9090909090909091,0.7272727272727273,7.318181818181818,7.136363636363637,-0.18181818181818166,0.9716107597935852,55.85,South Chicago,,,,,,,,,,,,,,,,,,,,,,False,False
22430,EnitialLab CA,6851,EnitialLab,Casegoods,22.0,0.5,0.8636363636363636,8.272727272727273,8.272727272727273,0.0,0.9611295174910425,83.6590909090909,Northern Kentucky,1.0,1.0,1.0,8.0,6.0,-2.0,0.9817692628844458,39.3,Northern Kentucky,,,,,,,,,,0.5,0.13636363636363635,-2.2727272727272734,True,False
58713,Tabletops Unlimited Inc CA,17573,Tabletops Unlimited Inc,Tabletop,22.0,0.9545454545454546,0.7727272727272727,8.136363636363637,7.863636363636363,-0.2727272727272734,0.9717979127626041,59.58636363636364,Chicago,,,,,,,,,,,,,,,,,,,,,,False,False
409078,COZYWOOD FURNITURE LIMITED CA  92337,401698,COZYWOOD FURNITURE LIMITED,Casegoods,22.0,1.0,0.9545454545454546,8.5,6.5,-2.0,0.9728519133956723,56.35,Chicago,,,,,,,,,,,,,,,,,,,,,,False,False
299125,EVE AY CORP CA 91789,296827,EVE AY CORP,Wayfair,22.0,0.45454545454545453,1.0,10.0,8.409090909090908,-1.5909090909090917,0.9785513217181966,44.281818181818174,Chicago,,,,,,,,,,,,,,,,,,,,,,False,False
58047,Cosiest CA 92571,53692,YESURE INC.,APS Outdoor,22.0,1.0,0.9090909090909091,8.090909090909092,7.409090909090909,-0.6818181818181825,0.966119111135643,68.73636363636365,Romeoville Rsf,,,,,,,,,,,,,,,,,,,,,,False,False
470267,Yiwu Youxi Electronic Commerce Co. CA 91752(3),98141,Yiwu Youxi Electronic Commerce Co. Ltd,APS Outdoor,22.0,1.0,1.0,8.181818181818182,7.409090909090909,-0.7727272727272725,0.9565083054714751,85.57727272727271,Romeoville Ncpc,,,,,,,,,,,,,,,,,,,,,,False,False
331616,NingBo KaiMeiChen DianZiShangWu You CA 92335,83386,"Ningbo FanKai E-commerce Co., Ltd._1",APS Home Improvement,22.0,0.7727272727272727,0.7727272727272727,8.136363636363637,7.818181818181818,-0.31818181818181834,0.9697677855666558,60.55454545454545,Toledo,,,,,,,,,,,,,,,,,,,,,,False,False
300261,MEGSU INC CA 90660,289321,MEGSU INC,APS SEA,22.0,0.9545454545454546,0.8636363636363636,9.227272727272727,8.318181818181818,-0.9090909090909083,0.9630241178672172,78.4,Chicago,,,,,,,,,,,,,,,,,,,,,,False,False
332356,  AMCA,328725,"Henan Zhengming Electronic Commerce Co., Ltd.",Wayfair,22.0,0.09090909090909091,0.3181818181818182,8.863636363636363,9.909090909090908,1.045454545454545,0.947119521064574,107.2409090909091,Toledo,1.0,1.0,1.0,8.0,6.0,-2.0,0.5206016702809948,1039.0,King Of Prussia,,,,,,,,,,0.9090909090909091,0.6818181818181819,-3.9090909090909083,True,False
359506,fushanshikangzhibaojiajuyouxiangongsi CA 92335,319244,fushanshikangzhibaojiajuyouxiangongsi,APS Mattresses,22.0,0.9545454545454546,0.8636363636363636,10.227272727272727,7.7727272727272725,-2.454545454545454,0.9629113709719231,76.38636363636364,Romeoville Rsf,,,,,,,,,,,,,,,,,,,,,,False,False
251624,do home inc CA 91730,251618,do home inc,Wayfair,21.0,1.0,0.9523809523809523,9.761904761904763,6.666666666666667,-3.095238095238096,0.9626701300957751,77.48095238095239,Chicago,1.0,1.0,1.0,8.0,4.0,-4.0,0.5231098171231007,1048.3,South Dallas Rsf,2.0,1.0,1.0,8.0,3.5,-4.5,0.5065866624717534,929.6,Secaucus,0.0,0.04761904761904767,-2.666666666666667,True,True
72335,LINSCRAFT INC CA 94580,69607,LINSCRAFT INC,APS Home Improvement,21.0,1.0,0.8095238095238095,10.714285714285714,9.476190476190476,-1.2380952380952372,0.970151801172972,58.07619047619047,Chicago,,,,,,,,,,,,,,,,,,,,,,False,False
64753,CYE-WAY Inc CA 92335(2),58073,CYE-WAY Inc,APS Outdoor,21.0,0.8571428571428571,0.8095238095238095,8.80952380952381,8.904761904761905,0.0952380952380949,0.9592880565927784,74.28095238095237,Chicago,,,,,,,,,,,,,,,,,,,,,,False,False
202701,Qualiaware Inc CA,63659,Qualiaware Inc,Storage & Org - Frequency,21.0,1.0,0.9047619047619048,8.666666666666666,7.761904761904762,-0.9047619047619042,0.9739809682709186,52.77619047619047,Romeoville Rsf,,,,,,,,,,,,,,,,,,,,,,False,False
237657,XCO - CA2,177903,Pianno Home Inc,APS Outdoor,21.0,0.6666666666666666,0.7619047619047619,8.333333333333334,7.904761904761905,-0.4285714285714288,0.9572083659461933,93.64761904761906,Toledo,,,,,,,,,,,,,,,,,,,,,,False,False
59163,Best Living International CA 90040,34845,Best Living International,APS Outdoor,21.0,1.0,1.0,9.095238095238095,7.857142857142857,-1.2380952380952381,0.9632170866202164,76.78095238095237,Greenwood,,,,,,,,,,,,,,,,,,,,,,False,False
324533,SAILI ELECTRONIC TECHNOLOGY CO LIMITED CA 91761(3),249592,"SAILI ELECTRONIC TECHNOLOGY CO., LIMITED",APS,21.0,1.0,0.9047619047619048,9.095238095238095,7.809523809523809,-1.2857142857142856,0.9576462600651447,84.45714285714286,New Brighton Ncpc,,,,,,,,,,,,,,,,,,,,,,False,False
23670,Kinfine USA Inc CA,9429,Kinfine USA Inc,Casegoods,20.0,0.6,0.65,8.1,8.05,-0.049999999999998934,0.9443336435262756,106.92999999999999,Chicago,,,,,,,,,,,,,,,,,,,,,,False,False
104550,shenzhenshi zhiaokeji youxiangongsi CA 91761,101372,shenzhenshi zhiaokeji youxiangongsi,APS,20.0,1.0,0.95,9.1,7.8,-1.2999999999999998,0.9786347771001983,43.05,Romeoville Rsf,,,,,,,,,,,,,,,,,,,,,,False,False
313006,"Hangzhou Skytech Outdoor Co., LTD CA 92880",238144,"Hangzhou Skytech Outdoor Co., LTD",APS,20.0,1.0,1.0,9.3,7.4,-1.9000000000000004,0.9605337579005612,73.46000000000001,Northern Kentucky,,,,,,,,,,,,,,,,,,,,,,False,False
245534,Edrosie Inc CA 92374,216565,Edrosie Inc,Outdoor Furniture,20.0,1.0,1.0,9.05,7.15,-1.9000000000000004,0.9774753246287204,46.11,Chicago,,,,,,,,,,,,,,,,,,,,,,False,False
28380,Megagoods,28380,Megagoods,Tabletop,20.0,1.0,1.0,8.05,7.45,-0.6000000000000005,0.962624121333209,74.27499999999999,Chicago,,,,,,,,,,,,,,,,,,,,,,False,False
347235,DC Big Shop CA 91761(2),46811,DC Big Shop,Upholstery,20.0,0.95,0.95,9.1,7.35,-1.75,0.9761970741206312,50.464999999999996,Toledo,,,,,,,,,,,,,,,,,,,,,,False,False
121721,Vintage Lighting Limited CA 91706,120155,Vintage Lighting Limited,APS Home Improvement,20.0,0.95,0.85,8.25,8.1,-0.15000000000000036,0.9594221791092439,83.16,Columbus,,,,,,,,,,,,,,,,,,,,,,False,False
147943,HYTX美西LA-003仓,108807,YEEYOO INTERNATIONAL LIMITED,APS,20.0,1.0,1.0,9.45,7.9,-1.549999999999999,0.9658187910594862,72.10499999999999,Chicago,,,,,,,,,,1.0,1.0,1.0,11.0,3.0,-8.0,0.7108867694805195,569.9,Olive Branch,,,,False,True
456490,CA09-Lanqinglv,67551,"Suzhou lanqinglv Trading co,. ltd",APS Soft Home,20.0,1.0,0.95,10.0,8.3,-1.6999999999999993,0.9637057120817838,69.03999999999999,Chicago,,,,,,,,,,,,,,,,,,,,,,False,False
76445,TranS Ideal LLC CA 90670,67920,TranS Ideal LLC,APS,19.0,1.0,1.0,8.052631578947368,7.578947368421052,-0.47368421052631593,0.963791528780049,74.50526315789473,Columbus,,,,,,,,,,,,,,,,,,,,,,False,False
321953,shenzhenshuanglankejiyouxiangongsi CA 92335,320161,shenzhenshuanglankejiyouxiangongsi,Soft Home,19.0,1.0,0.8947368421052632,9.263157894736842,7.631578947368421,-1.6315789473684212,0.9757031112639301,49.89473684210526,Chicago Loop,,,,,,,,,,,,,,,,,,,,,,False,False
408313,HighlanderHomeInc CA 92071,42702,HighlanderHomeInc,Flooring,19.0,0.9473684210526315,1.0,8.473684210526315,7.315789473684211,-1.1578947368421044,0.9645935604643386,68.33157894736843,Chicago,,,,,,,,,,,,,,,,,,,,,,False,False
46590,New Classic CA 92336,22079,New Classic,Casegoods,19.0,0.7894736842105263,0.7368421052631579,7.684210526315789,7.894736842105263,0.21052631578947345,0.9550314455363322,88.38421052631577,Chicago,,,,,,,,,,,,,,,,,,,,,,False,False
333038,河南省晴天庭院家具有限公司 CA 92337 (2),316074,Henan Sheng Qingtian Tingyuan Jiaju Youxian Gongsi_1,Youth Furniture & Decor,19.0,1.0,0.9473684210526315,8.894736842105264,7.368421052631579,-1.526315789473685,0.9659823426021439,69.42105263157895,Chicago,,,,,,,,,,,,,,,,,,,,,,False,False
111192,Gold Wing Trading Inc CA 90058,58520,Cheerwing Trading Limited,APS K&D,19.0,1.0,0.8421052631578947,8.368421052631579,8.263157894736842,-0.10526315789473628,0.9665408883243486,65.91578947368421,Chicago,,,,,,,,,,,,,,,,,,,,,,False,False
465291,Battilo CA 91710,36897,Battilo,APS Soft Home,19.0,1.0,0.9473684210526315,8.421052631578947,8.052631578947368,-0.36842105263157876,0.9540379961973614,93.03684210526318,Chicago,,,,,,,,,,,,,,,,,,,,,,False,False
406549,JOIN CROWN COSMETICS TRADING COMPANY CA 91746,79186,JOIN CROWN COSMETICS TRADING COMPANY,APS Upholstery,19.0,1.0,0.8421052631578947,8.789473684210526,7.842105263157895,-0.947368421052631,0.9722154846026547,56.11578947368421,Chicago,,,,,,,,,,,,,,,,,,,,,,False,False
289794,YDY,210861,"ECHTWEIT CO., LIMITED",APS,19.0,1.0,0.9473684210526315,8.263157894736842,7.105263157894737,-1.1578947368421053,0.9660594407490545,70.08947368421052,Chicago,,,,,,,,,,,,,,,,,,,,,,False,False
480290,"Link Future, Inc. CA 91761",58781,"Link Future, Inc.",APS Home Improvement,19.0,1.0,1.0,8.947368421052632,6.526315789473684,-2.421052631578948,0.9729289353030129,54.24736842105262,Romeoville Rsf,,,,,,,,,,,,,,,,,,,,,,False,False
37933,"USI FLORAL IMPORTS, INC.",37933,"USI FLORAL IMPORTS, INC.",,18.0,1.0,1.0,8.61111111111111,8.0,-0.6111111111111107,0.9757585619211187,53.00555555555556,Columbus,,,,,,,,,,,,,,,,,,,,,,False,False
12877,Innova Hearth and Home,12877,Innova Hearth and Home,Decor,18.0,0.6666666666666666,0.7777777777777778,8.444444444444445,8.055555555555555,-0.3888888888888893,0.9631921188815227,76.33333333333333,Chicago,,,,,,,,,,,,,,,,,,,,,,False,False
329310,zhengzhoushijianxingwangluokejiyouxiangongsi CA 92376,324772,zhengzhoushijianxingwangluokejiyouxiangongsi,APS Bedroom,18.0,1.0,0.9444444444444444,9.555555555555555,7.777777777777778,-1.7777777777777777,0.9722239706032632,58.23333333333332,Chicago,,,,,,,,,,,,,,,,,,,,,,False,False
22878,Adesso CA 92336,324,Adesso,Lighting,18.0,0.5555555555555556,0.9444444444444444,8.5,7.888888888888889,-0.6111111111111107,0.9681433962504191,67.22777777777779,Chicago,,,,,,,,,,,,,,,,,,,,,,False,False
104687,Domi Home Decor Inc CA 90220,93327,Domi Home Decor Inc,Hardware,18.0,1.0,0.8333333333333334,8.11111111111111,8.055555555555555,-0.05555555555555536,0.9744019830550433,53.416666666666664,Chicago,,,,,,,,,,,,,,,,,,,,,,False,False
407475,MUENI VENTURES LLC CA 91731,354634,MUENI VENTURES LLC,Hardware,18.0,1.0,1.0,11.38888888888889,7.333333333333333,-4.055555555555556,0.971049023687384,60.24444444444445,Chicago,,,,,,,,,,,,,,,,,,,,,,False,False
328298,"Freestyle Outdoor Living Co., Ltd CA 91761 (3)",57760,Orange Casual Co Ltd_1,APS Outdoor,18.0,1.0,1.0,8.5,7.388888888888889,-1.1111111111111107,0.9725463728464524,57.64444444444444,Northern Kentucky,,,,,,,,,,,,,,,,,,,,,,False,False
321659,Gustave Inc CA 91706,88434,Gustave Inc,Decor,18.0,1.0,0.8888888888888888,8.833333333333334,7.555555555555555,-1.2777777777777786,0.963966535301159,76.1,Chicago,,,,,,,,,,,,,,,,,,,,,,False,False
60092,EMG CA 92316,806,EMG,Kitchen & Small Electrics,18.0,1.0,0.8333333333333334,8.166666666666666,7.722222222222222,-0.44444444444444375,0.9731259925823473,55.622222222222234,South Chicago,,,,,,,,,,,,,,,,,,,,,,False,False
471156,PEAKLI LIGHT LLC CA 92324,119983,PEAKLI LIGHT LLC,APS Home Improvement,18.0,1.0,1.0,9.222222222222221,7.0,-2.2222222222222214,0.9700050328394059,61.7611111111111,Chicago,,,,,,,,,,,,,,,,,,,,,,False,False
249783,BeatiNeon Irvine Warehouse,244283,Beatineon Lighting Inc.,Lighting,18.0,0.8888888888888888,1.0,7.666666666666667,6.388888888888889,-1.2777777777777777,0.9704587708271415,54.483333333333334,Chicago,2.0,0.0,1.0,8.0,0.0,-8.0,0.9717797271054849,63.25,Chicago Loop,,,,,,,,,,-0.8888888888888888,0.0,-6.388888888888889,True,False
310114,"Hangzhou Yingpan Network Technology Co.,CA 91762 ",94133,VABCHES INTERNATIONAL LIMITED_1,APS,18.0,0.8333333333333334,0.8333333333333334,8.11111111111111,7.666666666666667,-0.44444444444444375,0.9593084961564993,79.96666666666664,Toledo,,,,,,,,,,,,,,,,,,,,,,False,False
366675,JB SOUTHERN CONTRACTORS LLC CA 91744,360636,JB SOUTHERN CONTRACTORS LLC,Storage & Org - Frequency,18.0,0.7222222222222222,0.7222222222222222,11.11111111111111,10.444444444444445,-0.6666666666666661,0.9629749016202744,73.84444444444445,Chicago,,,,,,,,,,,,,,,,,,,,,,False,False
121881,Oveesha L.L.C. CA 92127,120032,Oveesha L.L.C.,Soft Home,18.0,1.0,0.7222222222222222,7.555555555555555,7.5,-0.05555555555555536,0.9660419293074336,65.05000000000001,Chicago,,,,,,,,,,,,,,,,,,,,,,False,False
65867,CJ Co.,65867,CJ Co.,Lighting,18.0,0.8333333333333334,0.7222222222222222,8.333333333333334,7.833333333333333,-0.5000000000000009,0.9713127247085469,57.38888888888888,Chicago,,,,,,,,,,,,,,,,,,,,,,False,False
458339,Yansun Technology Inc CA 90040,56261,Yansun Technology Inc,Lighting,18.0,0.8888888888888888,0.7777777777777778,8.666666666666666,8.777777777777779,0.11111111111111249,0.9643766318167272,71.15555555555557,Mccook,,,,,,,,,,,,,,,,,,,,,,False,False
130956,Emson USA CA 91761,1303,Emson USA,Kitchen & Small Electrics,18.0,0.7777777777777778,0.9444444444444444,9.61111111111111,8.333333333333334,-1.2777777777777768,0.9795228077819473,41.37777777777778,Chicago,,,,,,,,,,,,,,,,,,,,,,False,False
269471,Ningbo Qiangbang Outdoor Leisure Products CA 92410,104050,"Ningbo Qiangbang Outdoor Leisure Products Co., Ltd",APS Outdoor,18.0,0.8333333333333334,1.0,8.444444444444445,6.833333333333333,-1.6111111111111116,0.9727007259165864,52.11666666666666,Chicago,,,,,,,,,,,,,,,,,,,,,,False,False
290755,"ANJI COZY HOME CO.,LTD. CA 92337",239691,"ANJI COZY HOME CO.,LTD.",APS,17.0,1.0,0.8823529411764706,9.176470588235293,8.058823529411764,-1.117647058823529,0.9527661671202144,98.39999999999999,Greenwood,,,,,,,,,,,,,,,,,,,,,,False,False
214510,suzhoujinjiniaoxinxikejiyouxiangongsi CA 91762,214508,suzhoujinjiniaoxinxikejiyouxiangongsi,APS,17.0,1.0,0.9411764705882353,8.352941176470589,7.0,-1.3529411764705888,0.9727008771734513,56.21176470588236,Chicago,,,,,,,,,,,,,,,,,,,,,,False,False
484395,"Foshan Haiyunduo Furniture Co., Ltd. CA 92316",440292,"Foshan Haiyunduo Furniture Co., Ltd.",APS Outdoor,17.0,1.0,1.0,12.529411764705882,8.705882352941176,-3.8235294117647065,0.9788149709015275,43.1764705882353,Greenwood,,,,,,,,,,,,,,,,,,,,,,False,False
348871,Mary  Elisa Marketplace Inc. (Joyxeon) CA 91746,74147,Mary  Elisa Marketplace Inc. (Joyxeon),APS Housewares & More,17.0,1.0,1.0,9.470588235294118,7.470588235294118,-2.0,0.9476346569450662,101.91176470588235,Chicago Loop,,,,,,,,,,,,,,,,,,,,,,False,False
435378,LA Linen CA 90021,24105,LA Tech Décor Inc.,Tabletop,17.0,1.0,0.8823529411764706,8.588235294117647,7.0588235294117645,-1.5294117647058822,0.9633941812318583,71.38235294117646,Chicago,,,,,,,,,,,,,,,,,,,,,,False,False
58296,OaDeerHome CA 92337,41771,OaDeerHome,Upholstery,17.0,0.8235294117647058,1.0,10.764705882352942,8.705882352941176,-2.0588235294117663,0.9762967702756226,49.629411764705885,Greenwood,,,,,,,,,,,,,,,,,,,,,,False,False
82474,Farfarview  CA 91761 E Jurupa,35678,"HONGKONG LICHUAN TECHNOLOGY CO.,LIMITED",APS,17.0,0.8823529411764706,0.7058823529411765,8.294117647058824,8.0,-0.29411764705882426,0.9671873148171843,64.12941176470588,Fargo,,,,,,,,,,,,,,,,,,,,,,False,False
61753,"Nanshing America, Inc. CA 90040",24282,"Nanshing America, Inc.",Soft Home,17.0,1.0,0.8235294117647058,8.058823529411764,7.764705882352941,-0.2941176470588234,0.9670509279457784,66.95882352941176,Chicago,,,,,,,,,,,,,,,,,,,,,,False,False
476824,SLMCA3,240114,Ningboyuxudianzishangwuyouxiangongsi,APS AEOF,17.0,1.0,1.0,8.764705882352942,7.117647058823529,-1.647058823529413,0.9338243882185433,124.39999999999998,Romeoville Rsf,,,,,,,,,,,,,,,,,,,,,,False,False
172965,BLUEBELL INTERNATIONAL INC. CA 91761,64179,BLUEBELL INTERNATIONAL INC.,APS,17.0,0.8823529411764706,0.9411764705882353,7.9411764705882355,7.176470588235294,-0.7647058823529411,0.9591769772090425,88.25294117647059,Greenwood,,,,,,,,,,,,,,,,,,,,,,False,False
278781,AlpineFurniture CA 92507,3786,AlpineFurniture,Casegoods,17.0,1.0,0.5882352941176471,8.588235294117647,7.823529411764706,-0.7647058823529411,0.9706629432400032,55.13529411764706,Niles,,,,,,,,,,,,,,,,,,,,,,False,False
70439,Home Mart Goods CA,28485,Home Mart Goods,Rugs,17.0,1.0,0.8823529411764706,8.176470588235293,7.705882352941177,-0.47058823529411686,0.9777168728276441,42.811764705882354,Chicago,,,,,,,,,,,,,,,,,,,,,,False,False
70574,Yaheetech CA 91761,46852,Yaheetech,APS AEOF,17.0,0.7647058823529411,0.5882352941176471,7.352941176470588,7.823529411764706,0.47058823529411775,0.9597307924030699,78.9235294117647,Maple Grove,,,,,,,,,,,,,,,,,,,,,,False,False
28649,Water Creation Inc CA 91761,5931,Water Creation Inc.,Plumbing,17.0,0.6470588235294118,0.8235294117647058,8.294117647058824,8.058823529411764,-0.23529411764705976,0.9644816083237894,72.88235294117646,Chicago,,,,,,,,,,,,,,,,,,,,,,False,False
351131,"Shenzhen Laiwo Trading Co., Ltd. CA 91761 (2)",65593,"Shenzhen Laiwo Trading Co., Ltd.",APS K&D,17.0,1.0,1.0,8.941176470588236,7.0,-1.9411764705882355,0.9561846471895128,76.44117647058823,New Brighton Ncpc,,,,,,,,,,,,,,,,,,,,,,False,False
472168,New Pacific Direct CA 90601,20284,New Pacific Direct,Casegoods,17.0,0.5294117647058824,0.7647058823529411,10.529411764705882,9.588235294117647,-0.9411764705882355,0.9604741805536525,76.60000000000001,Chicago,,,,,,,,,,,,,,,,,,,,,,False,False
403640,RAY POWER TECHNOLOGY TRADING LIMITED CA 91761,400001,RAY POWER TECHNOLOGY TRADING LIMITED,Wayfair,17.0,1.0,0.9411764705882353,9.235294117647058,7.176470588235294,-2.0588235294117636,0.9664561751412208,69.56470588235294,Chicago,,,,,,,,,,,,,,,,,,,,,,False,False
321554,TIDITA LLC CA 91761,318402,TIDITA LLC,APS SEA,17.0,0.9411764705882353,0.9411764705882353,9.882352941176471,8.176470588235293,-1.7058823529411775,0.9631848217171585,73.1470588235294,South Chicago,,,,,,,,,,,,,,,,,,,,,,False,False
298222,TOPTENG INTERNATIONAL TARDE INC CA 91710,91618,TOPTENG INTERNATIONAL TARDE INC,APS Outdoor,17.0,0.9411764705882353,0.8235294117647058,9.588235294117647,9.117647058823529,-0.47058823529411775,0.9541715200962254,93.91176470588235,Toledo,,,,,,,,,,,,,,,,,,,,,,False,False
316361,YQN BCF CA,64210,Shenzhenshi Youlihai Keji Youxian Gongsi,APS Youth,17.0,0.9411764705882353,0.6470588235294118,8.470588235294118,8.058823529411764,-0.41176470588235325,0.9622768158749947,78.64705882352942,Chicago,,,,,,,,,,,,,,,,,,,,,,False,False
408768,SYMON ECOM BASE INC CA 91768,408460,SYMON ECOM BASE INC,Wayfair,16.0,0.9375,0.9375,9.125,7.8125,-1.3125,0.9700638383440625,65.70625,Columbus,,,,,,,,,,,,,,,,,,,,,,False,False
465747,shen zhen shi da rui feng mao yi you xian gong si CA 91744,464980,shen zhen shi da rui feng mao yi you xian gong si,Wayfair,16.0,0.9375,0.875,9.8125,8.875,-0.9375,0.9595522505137295,85.9375,Toledo,,,,,,,,,,,,,,,,,,,,,,False,False
212184,FSR INTERNATIONAL FREIGHT INC,212167,Hangzhou Taoen Keji Youxian Gongsi,Pet,16.0,0.9375,0.9375,8.3125,7.5625,-0.75,0.9352756425897322,119.30624999999999,Chicago,,,,,,,,,,,,,,,,,,,,,,False,False
211658,WPLA4,62368,Shenzhen Like Keji Youxiangongsi,APS,16.0,0.8125,0.75,8.6875,7.625,-1.0625,0.978170523454146,43.95,Chicago,,,,,,,,,,,,,,,,,,,,,,False,False
402955,Hangzhou Langting Network Technology CA 92337(2),399949,"Hangzhou Langting Network Technology Co., Ltd.",Casegoods,16.0,1.0,0.9375,8.125,7.25,-0.875,0.981223004164911,37.5875,Romeoville Ncpc,,,,,,,,,,,,,,,,,,,,,,False,False
69907,EDA-MX1,65377,"Shenzhen Chuangjicheng Network Technology Co., Ltd",APS,16.0,1.0,0.9375,9.375,7.75,-1.625,0.9864599586403945,27.599999999999998,Chicago,,,,,,,,,,,,,,,,,,,,,,False,False
368650,"Hangzhou Mucheng International Trade Co., Ltd CA 92337",132375,"Hangzhou Mucheng International Trade Co., Ltd",APS Outdoor,16.0,0.625,0.9375,8.9375,6.125,-2.8125,0.9484224248922853,99.03125000000001,Chicago,,,,,,,,,,,,,,,,,,,,,,False,False
264570,Couleur Nature CA,8251,Couleur Nature,Tabletop,16.0,0.9375,0.875,7.75,7.4375,-0.3125,0.9528911111007974,89.9375,Chicago,,,,,,,,,,,,,,,,,,,,,,False,False
253621,Moda Furnishings CA 91730(2),39355,Moda Furnishings,Outdoor Furniture,16.0,0.9375,0.6875,9.75,8.4375,-1.3125,0.9637433873576677,72.4625,Chicago,1.0,1.0,1.0,10.0,10.0,0.0,0.6016011513897634,885.8,Richmond Hill Ncpc,,,,,,,,,,0.0625,0.3125,1.5625,True,False
78909,"Sino-well, Inc. CA 91761",60610,"Sino-well, Inc.",APS,16.0,0.9375,0.9375,8.875,7.6875,-1.1875,0.9712247884103895,61.437500000000014,Columbus,,,,,,,,,,,,,,,,,,,,,,False,False
50633,TOV Furniture CA 91764,14483,TOV Furniture,Upholstery,16.0,0.1875,0.0,10.2,12.3125,2.1125000000000007,0.9615153702942828,76.81875,North Kansas City Ncpc,,,,,,,,,,,,,,,,,,,,,,False,False
328189,Spectrum Brands CA 92374,21286,Spectrum Brands,Kitchen & Small Electrics,16.0,1.0,0.8125,8.0,7.875,-0.125,0.9544790638029975,93.38125000000001,Chicago,,,,,,,,,,,,,,,,,,,,,,False,False
37777,"Audoormatics USA, Inc",37777,"Audoormatics USA, Inc",Decor,16.0,1.0,0.875,8.5625,7.375,-1.1875,0.9487300698944208,91.85625,Chicago,,,,,,,,,,,,,,,,,,,,,,False,False
148684,Ningbo Qiangbang Outdoor Leisure Products CA 91752,104050,"Ningbo Qiangbang Outdoor Leisure Products Co., Ltd",APS Outdoor,16.0,1.0,1.0,8.375,7.1875,-1.1875,0.9578494961793088,83.36250000000001,Chicago,,,,,,,,,,,,,,,,,,,,,,False,False
360252,SHENZHEN TIANSHUXING TECHNOLOGY CO LTD CA 90601,79674,SHENZHEN TIANSHUXING TECHNOLOGY CO LTD,APS Youth,16.0,0.4375,0.9375,8.6875,7.8125,-0.875,0.9711864578345212,57.699999999999996,Chicago,,,,,,,,,,,,,,,,,,,,,,False,False
80226,"NINGBO JOYS IMP. EXP. CO.,LTD CA91761",61691,Gymax LLC,APS Outdoor,16.0,1.0,0.9375,7.75,7.25,-0.5,0.9630237378434208,78.95624999999998,Maple Grove,,,,,,,,,,,,,,,,,,,,,,False,False
25980,California Umbrella CA,716,California Umbrella,Outdoor Furniture,16.0,1.0,0.875,10.5625,8.625,-1.9375,0.9751701607680527,51.78125,Chicago,6.0,1.0,1.0,17.833333333333332,8.666666666666666,-9.166666666666666,0.9710450235899541,61.300000000000004,Romeoville Rsf,9.0,1.0,1.0,18.77777777777778,8.222222222222221,-10.555555555555557,0.9674467736276596,66.86666666666666,Romeoville Rsf,0.0,0.125,0.041666666666666075,True,True
190666,AOOS SIGN INC CA 91789,190172,AOOS SIGN INC,Lighting,16.0,1.0,0.875,8.875,8.75,-0.125,0.965031986198144,73.0625,Northern Kentucky,,,,,,,,,,,,,,,,,,,,,,False,False
414769,"Zhejiang Linya Co., Ltd CA 91761",88120,LINYA OUTDOOR LIVING LLC,APS Home Improvement,16.0,0.9375,0.875,8.5625,8.125,-0.4375,0.9678007848391197,62.04375,Romeoville Rsf,,,,,,,,,,,,,,,,,,,,,,False,False
35990,Cal Lighting CA,317,Cal Lighting,Lighting,16.0,1.0,1.0,9.75,8.625,-1.125,0.970156630131996,63.4125,East Cleveland,,,,,,,,,,,,,,,,,,,,,,False,False
30427,Belleze CA 91748,29520,Belleze,Casegoods,16.0,1.0,1.0,8.375,7.9375,-0.4375,0.9726511595179169,57.825,Toledo,,,,,,,,,,,,,,,,,,,,,,False,False
229709,Meishe CA 92337 Bedshe,25843,"Bedshe International Co.,LTD",APS,16.0,1.0,1.0,8.8125,7.5625,-1.25,0.9675062070813613,64.94375000000001,Romeoville Rsf,,,,,,,,,,,,,,,,,,,,,,False,False
30620,G Home Collection,30620,G Home Collection,,16.0,0.875,0.875,8.4375,9.1875,0.75,0.969348590696455,67.41250000000001,Columbus,,,,,,,,,,,,,,,,,,,,,,False,False
277060,"UPPER ECHELON PRODUCTS, LLC_1 CA 91762",206109,"UPPER ECHELON PRODUCTS, LLC_1",Lighting,16.0,0.875,0.625,10.75,9.5,-1.25,0.9726083594159486,51.16874999999999,Chicago,,,,,,,,,,,,,,,,,,,,,,False,False
77849,Oggi Corporation LLC,77849,Oggi Corporation LLC,Storage & Org - Frequency,16.0,0.9375,0.8125,8.1875,7.9375,-0.25,0.9729184282435455,56.68125,Chicago,,,,,,,,,,,,,,,,,,,,,,False,False
349537,Global Girls LLC CA 91744,243683,Global Girls LLC,Decor,16.0,1.0,1.0,10.375,8.8125,-1.5625,0.9699166146773097,59.81250000000001,Chicago,,,,,,,,,,,,,,,,,,,,,,False,False
355176,TOPCA,103170,shenzhenshi bonaite dianzishangwu youxiangongsi,APS Housewares & More,15.0,1.0,0.9333333333333333,9.133333333333333,7.466666666666667,-1.666666666666666,0.9757234701565314,46.86000000000001,Chicago,,,,,,,,,,,,,,,,,,,,,,False,False
200279, WYD-CAJW04,199602,NINGBO RUISEN DIANZIKEJI YOUXIANGONGSI,APS Bedroom,15.0,0.8,0.8666666666666667,7.733333333333333,7.266666666666667,-0.4666666666666668,0.9676928647488581,66.10666666666667,North St.Louis,,,,,,,,,,,,,,,,,,,,,,False,False
235180,"Shenzhen OceanPower Technology Co., LTD CA 91710",235179,"Shenzhen OceanPower Technology Co., LTD",Wayfair,15.0,1.0,0.9333333333333333,9.533333333333333,8.133333333333333,-1.4000000000000004,0.9619803755802138,68.98666666666665,Kansas City,,,,,,,,,,,,,,,,,,,,,,False,False
430135, ARM,300007,shenzhenshitaixincunchukejiyouxiangongsi,APS K&D,15.0,1.0,1.0,9.466666666666667,7.466666666666667,-2.0,0.9609528237663443,81.25333333333333,Greenwood,,,,,,,,,,,,,,,,,,,,,,False,False
430061,"Ningbo Zhiyou E-Commerce Co., Ltd CA 91761(2)",142703,"Ningbo Zhiyou E-Commerce Co., Ltd",APS Pet,15.0,0.6666666666666666,0.9333333333333333,8.533333333333333,8.133333333333333,-0.40000000000000036,0.967994881787429,59.760000000000005,Romeoville Rsf,,,,,,,,,,,,,,,,,,,,,,False,False
301214,"ChengduoujialongTechnology Co., Ltd CA 91710 ",254062,"ChengduoujialongTechnology Co., Ltd",APS,15.0,1.0,0.8666666666666667,9.733333333333333,8.4,-1.3333333333333321,0.9712900989319451,57.239999999999995,Chicago Loop,,,,,,,,,,,,,,,,,,,,,,False,False
355670,CA-1545,108807,YEEYOO INTERNATIONAL LIMITED,APS Bedroom,15.0,0.9333333333333333,0.8666666666666667,9.6,8.933333333333334,-0.6666666666666661,0.9529259253660189,103.11999999999999,Chicago,1.0,1.0,1.0,8.0,6.0,-2.0,0.5543508479288296,961.8,Orlando,,,,,,,,,,0.06666666666666665,0.1333333333333333,-2.9333333333333336,True,False
327977,SHEN JUN TRADING LIMITED CA 91710,327975,SHEN JUN TRADING LIMITED,APS,15.0,0.6666666666666666,0.6666666666666666,8.2,8.0,-0.1999999999999993,0.9723635914280088,59.30666666666668,Maple Grove,,,,,,,,,,,,,,,,,,,,,,False,False
183462,Grand Leisure Outdoor Product Co.CA90201,54838,Grand Leisure Outdoor Product Co.,APS Outdoor,15.0,0.13333333333333333,1.0,8.866666666666667,8.4,-0.4666666666666668,0.9560049725336516,89.98666666666666,Chicago,,,,,,,,,,,,,,,,,,,,,,False,False
19273,Storkcraft USA CA 91708,3210,Storkcraft USA,Youth Furniture & Decor,15.0,0.5333333333333333,0.8666666666666667,8.4,8.066666666666666,-0.3333333333333339,0.9662458511935696,70.76,Greenwood,,,,,,,,,,,,,,,,,,,,,,False,False
269248,"Zhongshan Yaju art bright lighting Co., LTD CA 90640",268926,"Zhongshan Yaju art bright lighting Co., LTD",Wayfair,15.0,1.0,1.0,9.0,8.133333333333333,-0.8666666666666671,0.9627990012884715,80.02666666666667,Columbus,,,,,,,,,,,,,,,,,,,,,,False,False
250750,Homlux CA 93725(2),47568,Noviland International LLC,APS Decor,15.0,0.9333333333333333,0.7333333333333333,8.6,8.0,-0.5999999999999996,0.9605018432053174,87.30666666666666,Toledo,,,,,,,,,,,,,,,,,,,,,,False,False
415896,SHENZHENSHI JULIBAIBIAN KEJIYOUXIAN CA 91761(2),64532,SHENZHENSHI JULIBAIBIAN KEJIYOUXIANGONGSI,APS K&D,15.0,0.9333333333333333,0.8666666666666667,8.866666666666667,7.533333333333333,-1.333333333333334,0.9822503766359262,36.95333333333333,New Brighton Ncpc,,,,,,,,,,,,,,,,,,,,,,False,False
333037,河南省晴天庭院家具有限公司 CA 92337 ,316074,Henan Sheng Qingtian Tingyuan Jiaju Youxian Gongsi_1,Youth Furniture & Decor,15.0,0.9333333333333333,0.7333333333333333,8.866666666666667,7.6,-1.2666666666666675,0.9661317737307465,72.36666666666666,Chicago,,,,,,,,,,,,,,,,,,,,,,False,False
90442,TopBuy Inc CA 92374,88651,TopBuy Inc,APS Outdoor,15.0,0.7333333333333333,0.7333333333333333,8.066666666666666,7.666666666666667,-0.39999999999999947,0.9654440344144107,73.16000000000001,Toledo,,,,,,,,,,,,,,,,,,,,,,False,False
210551,WEST SHORE TRADING INC CA 91750,210497,WEST SHORE TRADING INC,APS,15.0,0.9333333333333333,0.8666666666666667,8.133333333333333,7.533333333333333,-0.5999999999999996,0.9743058566356443,54.853333333333346,Toledo,,,,,,,,,,,,,,,,,,,,,,False,False
399960,"Hangzhou Chuandiai Cultural Media Co., Ltd. CA 92374",284231,Kaiyon International (Hong Kong) Limited_1,APS Rugs,15.0,1.0,1.0,9.2,7.533333333333333,-1.666666666666666,0.9738844837647369,54.03999999999999,Toledo,,,,,,,,,,,,,,,,,,,,,,False,False
347247,LOHOME CA 91761 (2),80890,LOHOME,Casegoods,15.0,0.9333333333333333,0.7333333333333333,8.266666666666667,7.4,-0.8666666666666671,0.9606969554774117,76.37333333333332,Romeoville Ncpc,,,,,,,,,,,,,,,,,,,,,,False,False
66705,Kai Tai Inc. CA91761,65289,Kai Tai Inc.,Recreation,15.0,1.0,1.0,10.2,7.266666666666667,-2.9333333333333327,0.95159590397078,94.18666666666667,Toledo,,,,,,,,,,,,,,,,,,,,,,False,False
343876,"Zhejiang On Leap Furnishing Co.,Ltd. CA 92337",63641,"Zhejiang On Leap Furnishing Co.,Ltd.",APS Outdoor,15.0,0.9333333333333333,0.9333333333333333,8.866666666666667,7.866666666666666,-1.0000000000000009,0.9649584895300855,70.64666666666668,Greenwood,,,,,,,,,,,,,,,,,,,,,,False,False
66839,BT CA92705,60648,BT,Upholstery,15.0,1.0,0.8,8.0,6.933333333333334,-1.0666666666666664,0.9732301602348895,56.86,Chicago Loop,,,,,,,,,,,,,,,,,,,,,,False,False
121643,guangzhoushihaiyanwangluokejiyouxian CA 91706(2),119983,PEAKLI LIGHT LLC,APS Home Improvement,15.0,1.0,0.9333333333333333,9.666666666666666,8.2,-1.4666666666666668,0.9543592961091343,96.14666666666666,Chicago,,,,,,,,,,,,,,,,,,,,,,False,False
121433,ShenZhen BeiMei GaoDuan GuoJi ShangWuZi CA 92571 ,105234,ShenZhen BeiMei GaoDuan GuoJi ShangWuZiXun You Xian Gong Si,APS,15.0,1.0,0.9333333333333333,8.733333333333333,8.0,-0.7333333333333325,0.9669179202902992,71.96666666666667,Chicago,,,,,,,,,,,,,,,,,,,,,,False,False
274958,Vandue Corporation CA,26125,Vandue Corporation,Casegoods,15.0,0.7333333333333333,0.5333333333333333,6.733333333333333,7.066666666666666,0.33333333333333304,0.9839569545176927,32.306666666666665,Chicago,,,,,,,,,,,,,,,,,,,,,,False,False
314720,Soluwa LLC CA 92337,58042,Soluwa LLC,APS Outdoor,15.0,0.9333333333333333,0.8,8.066666666666666,7.466666666666667,-0.5999999999999996,0.9688631795414379,65.12,Chicago,,,,,,,,,,,,,,,,,,,,,,False,False
247707,simplehuman CA 90808,1143,simplehuman,Storage & Org - Frequency,15.0,1.0,1.0,8.133333333333333,7.4,-0.7333333333333325,0.9650807194983668,76.57999999999998,Chicago,,,,,,,,,,,,,,,,,,,,,,False,False
150459,LNC Home decor CA 91752 (2),28648,LNC Home decor,APS Home Improvement,15.0,0.4,0.8,8.133333333333333,7.8,-0.33333333333333304,0.9812370120168972,38.4,Chicago,,,,,,,,,,,,,,,,,,,,,,False,False
370059,"Hang Zhou Simaier Home Furnishing Co., Ltd. CA 91730",330446,"Hang Zhou Simaier Home Furnishing Co., Ltd.",APS Bedroom,15.0,1.0,1.0,8.666666666666666,6.933333333333334,-1.7333333333333325,0.967844308949802,60.42666666666666,New Brighton Ncpc,,,,,,,,,,,,,,,,,,,,,,False,False
288324,WIN STELLAR LIMITED CA 91761,207892,WIN STELLAR LIMITED,APS,15.0,0.8666666666666667,0.9333333333333333,9.933333333333334,8.066666666666666,-1.8666666666666671,0.9534207261728791,84.96666666666667,Romeoville Rsf,,,,,,,,,,,,,,,,,,,,,,False,False
294632,"Quanzhou Changkuai interactive e-commerce Co.,Ltd CA 91789",293581,"Quanzhou Changkuai interactive e-commerce Co.,Ltd",Wayfair,15.0,1.0,0.9333333333333333,9.733333333333333,7.733333333333333,-1.9999999999999991,0.9761053777892975,49.78666666666666,Romeoville Ncpc,,,,,,,,,,,,,,,,,,,,,,False,False
219649,Backyard X-Scapes CA 92121,6071,Backyard X-Scapes,Outdoor Structures,15.0,0.9333333333333333,0.8666666666666667,10.2,9.466666666666667,-0.7333333333333325,0.9697587507278161,65.11333333333333,Chicago Loop,,,,,,,,,,,,,,,,,,,,,,False,False
108569,"HANGZHOU DUVET TEXTILE CO., LTD. CA 91789",69725,"HANGZHOU DUVET TEXTILE CO., LTD.",APS Mattresses,14.0,1.0,0.7857142857142857,8.071428571428571,7.142857142857143,-0.9285714285714279,0.9782501280016849,41.22142857142858,Chicago,,,,,,,,,,,,,,,,,,,,,,False,False
109665,Peakhome Furnishings Inc CA 92337,60739,Peakhome Furnishings Inc,APS Outdoor,14.0,1.0,0.8571428571428571,9.642857142857142,7.285714285714286,-2.3571428571428568,0.9650783655236348,71.35,Columbus,2.0,1.0,1.0,11.0,6.0,-5.0,0.6689465138020961,672.8,Fairless Hills,,,,,,,,,,0.0,0.1428571428571429,-1.2857142857142856,True,False
110561,HEPPER MAYEWSKI LLC CA 91748,109120,HEPPER MAYEWSKI LLC,APS Mattresses,14.0,0.5714285714285714,0.9285714285714286,8.357142857142858,7.0,-1.3571428571428577,0.9834269078668044,33.82142857142857,Chicago Loop,,,,,,,,,,,,,,,,,,,,,,False,False
58199,Flash Furniture CA 91708,7347,Flash Furniture,Casegoods,14.0,0.5714285714285714,0.8571428571428571,8.5,6.928571428571429,-1.5714285714285712,0.974268688389525,51.378571428571426,Chicago,,,,,,,,,,,,,,,,,,,,,,False,False
331057,shanghaichenkungongyipinyouxiangongsi CA 91761,136261,shanghaichenkungongyipinyouxiangongsi,APS Youth,14.0,0.8571428571428571,0.7857142857142857,8.214285714285714,7.714285714285714,-0.4999999999999991,0.9582871992390463,79.27857142857142,Romeoville Rsf,,,,,,,,,,,,,,,,,,,,,,False,False
279326,Kazoo LLC CA 91762,226762,Kazoo LLC,Storage & Org - Frequency,14.0,0.8571428571428571,0.8571428571428571,14.5,10.5,-4.0,0.978155021835608,41.94285714285714,Chicago,,,,,,,,,,,,,,,,,,,,,,False,False
364278, YQN-CA,82169,"DALI FORTUNE TRADE CO.,LIMITED",APS Rugs,14.0,1.0,1.0,9.5,6.857142857142857,-2.6428571428571432,0.9777560693073825,45.68571428571429,Chicago,,,,,,,,,,,,,,,,,,,,,,False,False
316345,Sinda Furniture CA 91761,73595,Sinda Furniture,APS,14.0,1.0,1.0,10.571428571428571,8.5,-2.071428571428571,0.9433420066462146,114.33571428571429,Toledo,,,,,,,,,,,,,,,,,,,,,,False,False
150211,Shenzhenshi Hejingshangmao Youxiangongsi CA 91766,147907,Shenzhenshi Hejingshangmao Youxiangongsi,APS Home Improvement,14.0,1.0,0.9285714285714286,8.0,7.5,-0.5,0.9535705639476235,98.21428571428571,Chicago,,,,,,,,,,,,,,,,,,,,,,False,False
251367,CA02,58624,EBELLO HOME INC_1,APS,14.0,0.6428571428571429,0.9285714285714286,8.0,7.571428571428571,-0.4285714285714288,0.9422482140279256,124.4142857142857,Toledo,,,,,,,,,,,,,,,,,,,,,,False,False
362101,Zodax CA 91402,3776,Zodax,Decor,14.0,1.0,1.0,8.5,7.285714285714286,-1.2142857142857144,0.9666672856314432,70.77857142857142,Mccook,,,,,,,,,,,,,,,,,,,,,,False,False
190813,US-CA-5,79916,GRIZZLY INTERNATIONAL TRADING,APS Home Improvement,14.0,1.0,1.0,9.714285714285714,7.285714285714286,-2.428571428571428,0.9710386493005835,55.357142857142854,Chicago,,,,,,,,,,,,,,,,,,,,,,False,False
137481,Shine Company CA,2989,Shine Company,Outdoor Furniture,14.0,1.0,0.9285714285714286,7.642857142857143,6.857142857142857,-0.7857142857142865,0.9604531040134835,71.93571428571428,Chicago,,,,,,,,,,1.0,0.0,0.0,7.0,8.0,1.0,0.7176475743897629,644.3,Lehigh Valley,,,,False,True
314442,Morandi Grey Inc CA 91752 ,108080,Morandi Grey Inc,APS Home Improvement,14.0,1.0,0.7857142857142857,8.928571428571429,8.142857142857142,-0.7857142857142865,0.964040549031042,73.97857142857143,Toledo,,,,,,,,,,,,,,,,,,,,,,False,False
298230,Forte Lighting CA 92377,5678,Forte Lighting,Lighting,14.0,1.0,1.0,8.285714285714286,7.0,-1.2857142857142865,0.9660181394937774,64.10714285714286,Chicago,,,,,,,,,,,,,,,,,,,,,,False,False
268904,"Peenoke, LLC CA 91768",72855,"Peenoke, LLC",Outdoor Furniture,14.0,1.0,1.0,11.714285714285714,9.571428571428571,-2.1428571428571423,0.9702552685362286,63.57857142857143,Columbus,,,,,,,,,,,,,,,,,,,,,,False,False
47396,Continental Hardware OR,20718,Continental Hardware,Hardware,14.0,1.0,0.9285714285714286,7.642857142857143,6.571428571428571,-1.071428571428572,0.967978171475998,57.942857142857136,Chicago,,,,,,,,,,,,,,,,,,,,,,False,False
308443,Ningbo le verde home furnishing CA 91752 (2),70401,"Ningbo le verde home furnishing co.,ltd.",APS Outdoor,14.0,0.9285714285714286,0.8571428571428571,9.0,8.285714285714286,-0.7142857142857135,0.9724409414025172,55.08571428571429,Greenwood,,,,,,,,,,,,,,,,,,,,,,False,False
292186,Alphamarts CA 92879(2),46710,Alphamarts,APS Outdoor,14.0,0.9285714285714286,0.8571428571428571,9.857142857142858,8.5,-1.3571428571428577,0.9529418480578835,98.60714285714286,Columbus,,,,,,,,,,,,,,,,,,,,,,False,False
21619,Modus Furniture International Inc. CA,171,Modus Furniture International Inc.,Casegoods,14.0,1.0,1.0,8.928571428571429,8.642857142857142,-0.2857142857142865,0.9732277747745214,55.01428571428572,Chicago,,,,,,,,,,,,,,,,,,,,,,False,False
235411,Roma Moulding_WPN CA 91702,232636,Roma Moulding_WPN,Decor,14.0,1.0,0.7857142857142857,9.928571428571429,9.428571428571429,-0.5,0.9810977107722975,39.785714285714285,Mccook,,,,,,,,,,,,,,,,,,,,,,False,False
351146,Yiwu Youxi Electronic Commerce Co. CA 91752 (3),98141,Yiwu Youxi Electronic Commerce Co. Ltd,APS Outdoor,14.0,1.0,0.7857142857142857,9.214285714285714,8.428571428571429,-0.7857142857142847,0.9524542418855978,93.03571428571429,Romeoville Rsf,,,,,,,,,,,,,,,,,,,,,,False,False
99722,Banyan Imports CA 91761,50250,Banyan Imports,APS Home Improvement,14.0,0.9285714285714286,0.8571428571428571,8.357142857142858,7.785714285714286,-0.5714285714285721,0.965341902218295,71.7357142857143,Maple Grove,,,,,,,,,,,,,,,,,,,,,,False,False
96117,SR SUNRISE CA 91746,93407,SR SUNRISE,Outdoor Furniture,14.0,0.5,0.5,8.142857142857142,8.071428571428571,-0.07142857142857117,0.9891470646051105,22.814285714285713,St. Louis,,,,,,,,,,,,,,,,,,,,,,False,False
289199,"Techko Kobot, Inc. CA",20175,"Techko Kobot, Inc.",Lighting,14.0,0.8571428571428571,0.8571428571428571,7.714285714285714,7.285714285714286,-0.4285714285714288,0.9825893359837269,35.792857142857144,Chicago Loop,,,,,,,,,,,,,,,,,,,,,,False,False
351846,tongxiangshiqicaijiajuyongpinyouxian CA 92571,295759,tongxiangshiqicaijiajuyongpinyouxiangongsi,APS Rugs,14.0,1.0,1.0,8.0,6.428571428571429,-1.5714285714285712,0.9830960924370179,34.97857142857142,Chicago,,,,,,,,,,,,,,,,,,,,,,False,False
463964,Grand Leisure Outdoor Product CA 92335,54838,Grand Leisure Outdoor Product Co.,APS Outdoor,14.0,1.0,0.9285714285714286,10.5,8.214285714285714,-2.2857142857142865,0.9695356931909614,64.03571428571429,New Brighton Ncpc,,,,,,,,,,1.0,1.0,1.0,50.0,9.0,-41.0,0.9754300968953925,49.7,Greenwood,,,,False,True
295788,GOLD TREE INC. CLN1,89780,GOLD TREE INC.,APS,14.0,0.7857142857142857,0.7857142857142857,8.5,7.642857142857143,-0.8571428571428568,0.9731439380883603,55.30714285714286,North Chicago,,,,,,,,,,,,,,,,,,,,,,False,False
285933,"Shenzhen Laiwo Trading Co., Ltd. CA 92410",65593,"Shenzhen Laiwo Trading Co., Ltd.",APS,14.0,0.7857142857142857,0.7142857142857143,8.642857142857142,8.5,-0.14285714285714235,0.951110513145113,88.87142857142858,North Cincinnati,,,,,,,,,,,,,,,,,,,,,,False,False
312603,"Hangzhou Gesong E-commerce Co., Ltd. CA 91761",306702,"Hangzhou Gesong E-commerce Co., Ltd.",Wayfair,13.0,1.0,0.7692307692307693,8.923076923076923,8.538461538461538,-0.384615384615385,0.975407229158161,46.46923076923077,Romeoville Ncpc,,,,,,,,,,,,,,,,,,,,,,False,False
409504,WuYouDa-CA-06-NBYY,63465,"Ningbo Youyuan Import and Export Co., Ltd.",APS Home Improvement,13.0,0.7692307692307693,1.0,8.23076923076923,5.0,-3.23076923076923,0.9749968472929195,54.56923076923078,Toledo,,,,,,,,,,,,,,,,,,,,,,False,False
116386,EverDream Craft CA 91752,80897,EverDream Craft,Decor,13.0,0.5384615384615384,1.0,9.153846153846153,8.0,-1.1538461538461533,0.9688959378121871,55.00769230769231,Chicago,1.0,1.0,1.0,8.0,2.0,-6.0,0.9919127808773097,15.8,Mccook,,,,,,,,,,0.46153846153846156,0.0,-6.0,True,False
96558,"Shenyang Yefu Commercial and Trading Co.,Ltd CA 91730",95177,"Shenyang Yefu Commercial and Trading Co.,Ltd",APS Outdoor,13.0,0.38461538461538464,0.46153846153846156,8.153846153846153,9.384615384615385,1.2307692307692317,0.9640257751928275,69.51538461538462,Lansing,,,,,,,,,,,,,,,,,,,,,,False,False
324724,shanghaihuzidianzishangwuyouxiangongsi CA 91789 ,63929,Hong Kong HuaYa Trade Limited,APS Home Improvement,13.0,1.0,0.7692307692307693,7.6923076923076925,7.0,-0.6923076923076925,0.9656924682302417,73.24615384615385,Toledo,,,,,,,,,,,,,,,,,,,,,,False,False
302545,Tiny Land Inc_1 CA 92377,302022,Tiny Land Inc_1,APS,13.0,1.0,1.0,9.0,8.0,-1.0,0.980545326407658,40.55384615384616,Chicago,,,,,,,,,,,,,,,,,,,,,,False,False
431176,Vuebles Technology LLC CA 91752(2),81881,Vuebles Technology LLC,APS Decor,13.0,0.15384615384615385,0.8461538461538461,9.384615384615385,9.0,-0.384615384615385,0.9617418625524036,75.30769230769232,Romeoville Rsf,,,,,,,,,,,,,,,,,,,,,,False,False
278545,"Quanzhou Milien Technology Co., Ltd. CA 92410",233172,"Quanzhou Milien Technology Co., Ltd.",APS Bedroom,13.0,1.0,0.9230769230769231,9.307692307692308,7.923076923076923,-1.384615384615385,0.972719088722201,55.45384615384616,Romeoville Ncpc,,,,,,,,,,,,,,,,,,,,,,False,False
370390,Shenzhenshi Daman Shiye Youxiangongsi CA 91761,76761,Shenzhenshi Daman Shiye Youxiangongsi,APS K&D,13.0,1.0,1.0,8.923076923076923,6.769230769230769,-2.153846153846154,0.9624817284354779,79.3153846153846,Toledo,,,,,,,,,,,,,,,,,,,,,,False,False
190057,"Ningbo Tianqi Electronic Commerce Co.,Ltd CA 91761",68135,"Ningbo Tianqi Electronic Commerce Co.,Ltd",APS,13.0,0.7692307692307693,0.9230769230769231,8.0,7.615384615384615,-0.384615384615385,0.9488333564783255,87.13076923076923,North Kansas City Ncpc,,,,,,,,,,,,,,,,,,,,,,False,False
78170,Subrtex CA 90660,43872,Subrtex,APS K&D,13.0,0.8461538461538461,1.0,8.076923076923077,7.769230769230769,-0.3076923076923075,0.9691207126434769,67.41538461538462,Chicago,,,,,,,,,,,,,,,,,,,,,,False,False
440842,"Shenzhen Chunxin E-Commerce Co., Ltd. CA 92880",267074,HOME HARMONY HK LIMITED,APS K&D,13.0,1.0,0.9230769230769231,7.923076923076923,7.153846153846154,-0.7692307692307692,0.9622847057896003,77.15384615384616,Toledo,,,,,,,,,,,,,,,,,,,,,,False,False
288857,Yinuo Smart Furniture Inc CA 92336,73395,Yinuo Smart Furniture Inc,Upholstery,13.0,1.0,1.0,8.23076923076923,7.461538461538462,-0.7692307692307683,0.9344227410312277,139.3,South Chicago,,,,,,,,,,,,,,,,,,,,,,False,False
368151,MS-LTLCA,295478,Trading Sizzle Inc,APS Upholstery,13.0,1.0,1.0,9.384615384615385,8.923076923076923,-0.4615384615384617,0.9584350296559475,81.9076923076923,West Chester,,,,,,,,,,,,,,,,,,,,,,False,False
354196,DFG-W-ONT1,115530,ShenZhenshi YIWEN SHANGMAOYOUXIANGONGSI,APS K&D,13.0,0.8461538461538461,0.6923076923076923,7.3076923076923075,7.153846153846154,-0.1538461538461533,0.967885564038339,62.75384615384616,Romeoville Rsf,,,,,,,,,,,,,,,,,,,,,,False,False
231495,Chenxin Optoelectronic Co CA 91761,43881,"Chenxin Optoelectronic Co., Limited",APS Outdoor,13.0,0.8461538461538461,0.8461538461538461,7.769230769230769,7.615384615384615,-0.1538461538461542,0.9638504557045617,64.3,Columbus,,,,,,,,,,,,,,,,,,,,,,False,False
353136,"Ningbo Maowei E-commerce Co., Ltd. CA 91730 (2)",293239,"Ningbo Maowei E-commerce Co., Ltd.",APS Outdoor,13.0,0.9230769230769231,0.8461538461538461,9.538461538461538,9.076923076923077,-0.4615384615384617,0.9744434332203611,52.96923076923077,Greenwood,,,,,,,,,,,,,,,,,,,,,,False,False
189,Winsome,189,Winsome,Casegoods,13.0,1.0,0.7692307692307693,8.0,7.153846153846154,-0.8461538461538458,0.9645122016225508,77.52307692307691,Chicago,,,,,,,,,,,,,,,,,,,,,,False,False
62318,Yard Elements CA 92563,59760,Yard Elements,Fireplaces & Grills,13.0,0.23076923076923078,0.9230769230769231,9.0,8.461538461538462,-0.5384615384615383,0.9639739904110769,79.3153846153846,Chicago,,,,,,,,,,,,,,,,,,,,,,False,False
21884,NFusion CA 90220 South Anderson,3215,"GigaCloud Trading, Inc.",Outdoor Furniture,13.0,0.8461538461538461,1.0,8.76923076923077,8.076923076923077,-0.6923076923076934,0.9667227881794115,70.74615384615385,Chicago,,,,,,,,,,,,,,,,,,,,,,False,False
19934,Pangea Home CA 90249,8552,Pangea Home,Casegoods,13.0,1.0,0.9230769230769231,7.6923076923076925,7.3076923076923075,-0.384615384615385,0.9645249096554018,77.14615384615385,Chicago,,,,,,,,,,,,,,,,,,,,,,False,False
27468,Byron Anthony Home,27468,Byron Anthony Home,Decor,13.0,1.0,0.8461538461538461,8.153846153846153,7.615384615384615,-0.5384615384615383,0.9639540346896917,74.72307692307692,Chicago,,,,,,,,,,,,,,,,,,,,,,False,False
79806,HomeSeason Enterprise CA 91746,65343,HomeSeason Enterprise,Outdoor Furniture,13.0,0.6153846153846154,0.6923076923076923,9.461538461538462,9.615384615384615,0.1538461538461533,0.9692572118761776,63.93076923076923,Chicago,,,,,,,,,,,,,,,,,,,,,,False,False
39302,Classic Accessories WA 98032,759,Classic Accessories,Outdoor Furniture,13.0,0.8461538461538461,0.8461538461538461,8.076923076923077,7.0,-1.0769230769230766,0.9710487692272773,58.43076923076923,Chicago,,,,,,,,,,,,,,,,,,,,,,False,False
37678,Animetronix Inc. CA,21611,Animetronix Inc.,Kitchen & Small Electrics,13.0,1.0,0.5384615384615384,8.0,8.23076923076923,0.23076923076922995,0.967838614978369,64.9846153846154,Chicago,,,,,,,,,,,,,,,,,,,,,,False,False
118070,Woow Depot Inc. CA 91761,80763,Woow Depot Inc.,APS K&D,13.0,0.8461538461538461,0.9230769230769231,9.0,7.6923076923076925,-1.3076923076923075,0.9626929303376938,73.70769230769231,Maple Grove,,,,,,,,,,,,,,,,,,,,,,False,False
346062,"FUFU and GAGA Trade Co., Ltd. CA 91761 (3)",63305,"FUFU and GAGA Trade Co., Ltd.",APS Bedroom,13.0,0.6923076923076923,0.9230769230769231,8.153846153846153,8.0,-0.1538461538461533,0.9519304818932877,100.93076923076923,Romeoville Ncpc,,,,,,,,,,,,,,,,,,,,,,False,False
339293,JXY HOME LLC CA 91752,213037,JXY HOME LLC,APS Decor,13.0,1.0,1.0,9.461538461538462,7.3076923076923075,-2.153846153846154,0.988087709886827,23.861538461538462,Romeoville Rsf,,,,,,,,,,,,,,,,,,,,,,False,False
320647,Suzhouyidunyingbangjishuyouxiangongsi CA 91761,319531,Suzhouyidunyingbangjishuyouxiangongsi,Wayfair,13.0,0.6153846153846154,0.6153846153846154,8.923076923076923,9.076923076923077,0.1538461538461533,0.9756771867967028,48.93846153846154,Chicago,,,,,,,,,,,,,,,,,,,,,,False,False
337244,Starpower International LLC CA 91752,56999,Starpower International LLC,APS Outdoor,13.0,1.0,0.9230769230769231,9.153846153846153,8.153846153846153,-1.0,0.9530753036175609,85.54615384615386,Romeoville Ncpc,,,,,,,,,,,,,,,,,,,,,,False,False
348596,Eileen Grays LLC CA 91752,37865,Eileen Grays LLC,APS Home Improvement,13.0,0.38461538461538464,0.6923076923076923,8.384615384615385,8.538461538461538,0.1538461538461533,0.980436584269182,37.4923076923077,North St.Louis,,,,,,,,,,,,,,,,,,,,,,False,False
218909,Shenzhenshi Mingxinkeji Youxiangongsi CA 91733,218357,Shenzhenshi Mingxinkeji Youxiangongsi,APS Housewares & More,13.0,1.0,0.9230769230769231,8.076923076923077,7.615384615384615,-0.4615384615384617,0.9559969904473409,80.88461538461539,Maple Grove,,,,,,,,,,,,,,,,,,,,,,False,False
295140,AcanvaCo CA 91761,44764,AcanvaCo,APS,13.0,1.0,0.8461538461538461,8.0,7.153846153846154,-0.8461538461538458,0.9652979065569034,72.02307692307691,Romeoville Rsf,,,,,,,,,,,,,,,,,,,,,,False,False
252581,JXY HOME LLC CA 92335,213037,JXY HOME LLC,APS Decor,12.0,0.75,0.8333333333333334,8.583333333333334,7.333333333333333,-1.2500000000000009,0.9787056781508583,39.775,Maple Grove,,,,,,,,,,,,,,,,,,,,,,False,False
326372,Tmekeeper INC. CA 91761 (3),64494,Tmekeeper INC.,APS Bedroom,12.0,0.75,0.8333333333333334,8.916666666666666,7.75,-1.166666666666666,0.9676509052926318,66.45833333333333,Romeoville Rsf,,,,,,,,,,,,,,,,,,,,,,False,False
361298,US FAST LLC CA 91702,77540,US FAST LLC,APS Home Improvement,12.0,1.0,1.0,8.0,7.333333333333333,-0.666666666666667,0.9661296253509444,72.01666666666667,Toledo,,,,,,,,,,,,,,,,,,,,,,False,False
75533,Aspire Home Accents CA 93257,10722,Aspire Home Accents,Decor,12.0,1.0,0.9166666666666666,8.25,8.083333333333334,-0.16666666666666607,0.9692972548003174,69.425,Toledo,,,,,,,,,,,,,,,,,,,,,,False,False
250717,ningbonuowandianzishangwuyouxian CA 91710,157928,ningbonuowandianzishangwuyouxiangongsi (USA),APS Outdoor,12.0,0.5833333333333334,0.75,8.916666666666666,8.416666666666666,-0.5,0.9671286318461285,67.94166666666666,Romeoville Rsf,,,,,,,,,,,,,,,,,,,,,,False,False
254770,PRIMESTOK Jersey CA 91730,81358,PRIMESTOK INC,Casegoods,12.0,0.8333333333333334,0.8333333333333334,16.083333333333332,10.166666666666666,-5.916666666666666,0.9837081573082185,32.725,Chicago,2.0,0.0,0.0,8.5,13.0,4.5,0.6746075133448155,665.55,King Of Prussia,,,,,,,,,,-0.8333333333333334,-0.8333333333333334,2.833333333333334,True,False
347214,"FlySoar Trade Co., Ltd CA 91761(2)",61793,"FlySoar Trade Co., Ltd",APS Bedroom,12.0,1.0,0.75,9.0,7.666666666666667,-1.333333333333333,0.947486821452448,103.825,Toledo,,,,,,,,,,,,,,,,,,,,,,False,False
227808,Gatlei Limited CA 92880,119977,Gatlei Limited,APS,12.0,0.9166666666666666,0.9166666666666666,9.166666666666666,7.666666666666667,-1.4999999999999991,0.9364329408946125,114.27499999999999,Romeoville Rsf,,,,,,,,,,,,,,,,,,,,,,False,False
294743,Xiamen Juqiwu Dianzishangwu CA 91761,85925,"Xiamen Juqiwu Dianzishangwu CO,LTD",APS Youth,12.0,1.0,0.8333333333333334,9.0,7.666666666666667,-1.333333333333333,0.977865963046392,46.166666666666664,Ann Arbor,,,,,,,,,,,,,,,,,,,,,,False,False
98360,Shenzhen Eclair Lighting Co CA 91730,61190,"Shenzhen Eclair Lighting Co., Ltd.",APS Home Improvement,12.0,1.0,0.9166666666666666,9.333333333333334,8.0,-1.333333333333334,0.9538470179923338,83.36666666666666,Romeoville Ncpc,,,,,,,,,,,,,,,,,,,,,,False,False
102526,Lite Source CA 91762,265,Lite Source,Lighting,12.0,1.0,1.0,10.25,9.25,-1.0,0.9719927432190912,51.775000000000006,Maple Grove,,,,,,,,,,,,,,,,,,,,,,False,False
484625,  FANDING,95192,Eglinton Decor Inc,APS Outdoor,12.0,0.0,0.6666666666666666,8.666666666666666,8.583333333333334,-0.08333333333333215,0.9600812154254114,69.99166666666667,Chicago,,,,,,,,,,,,,,,,,,,,,,False,False
411130,"Hunan Shouhuzhe Information Technology Co., LTD CA 91761",370080,"Hunan Shouhuzhe Information Technology Co., LTD",APS Home Improvement,12.0,0.5,0.8333333333333334,8.25,7.416666666666667,-0.833333333333333,0.9674750348868367,65.16666666666666,Romeoville Rsf,,,,,,,,,,,,,,,,,,,,,,False,False
411517,NingBo KaiMeiChen DianZiShangWu You CA 91761 (6),83386,"Ningbo FanKai E-commerce Co., Ltd._1",APS Home Improvement,12.0,0.5,0.5833333333333334,7.5,6.916666666666667,-0.583333333333333,0.964894906773143,69.75833333333333,Northern Kentucky,,,,,,,,,,,,,,,,,,,,,,False,False
413445,"FOSHAN SWEET LEMON TRADING CO., LTD CA 92337",312751,"FOSHAN SWEET LEMON TRADING CO., LTD",APS Mattresses,12.0,1.0,0.9166666666666666,9.166666666666666,8.0,-1.166666666666666,0.9486975623819557,100.55833333333332,Romeoville Ncpc,,,,,,,,,,,,,,,,,,,,,,False,False
238723,Sangzhi CA 92410,213974,Sangzhi,Casegoods,12.0,0.8333333333333334,0.75,8.75,7.833333333333333,-0.916666666666667,0.9711658589521491,60.15833333333334,Chicago,,,,,,,,,,,,,,,,,,,,,,False,False
206202,Lexicon Home LLC CA 94538,206190,Lexicon Home LLC,Upholstery,12.0,1.0,1.0,9.0,7.583333333333333,-1.416666666666667,0.9738848938096246,57.26666666666667,East Carol Stream,,,,,,,,,,,,,,,,,,,,,,False,False
369029,Silverton Partners LLC CA 92337 (2),354157,Silverton Partners LLC,Upholstery,12.0,0.75,0.6666666666666666,8.25,8.5,0.25,0.968679285071952,53.86666666666667,Chicago,,,,,,,,,,,,,,,,,,,,,,False,False
315478,乐歌-CA-CAP,236680,Win Wood Furniture Co. Limited,APS,12.0,0.9166666666666666,0.8333333333333334,8.333333333333334,7.75,-0.5833333333333339,0.9447437802275117,104.60833333333335,North St.Louis,,,,,,,,,,,,,,,,,,,,,,False,False
352707,hu nan cai men wang luo ke ji you xian gong si OR 97007,339121,hu nan cai men wang luo ke ji you xian gong si,APS AEOF,12.0,1.0,0.8333333333333334,12.0,8.5,-3.5,0.9769196011547471,53.58333333333334,Chicago,,,,,,,,,,,,,,,,,,,,,,False,False
349503,guangzhoushihaiyanwangluokejiyouxiangong CA 91708,119983,PEAKLI LIGHT LLC,APS Home Improvement,12.0,0.9166666666666666,0.9166666666666666,10.0,7.916666666666667,-2.083333333333333,0.9732155346836985,54.208333333333336,Kansas City Local,,,,,,,,,,,,,,,,,,,,,,False,False
367182,Ningbo Xinxi Trading Co. CA 92337 (2),286011,Ningbo Xinxi Trading Co.,APS Bedroom,12.0,1.0,0.9166666666666666,8.916666666666666,7.916666666666667,-0.9999999999999991,0.9729374393124693,54.475,Chicago,,,,,,,,,,,,,,,,,,,,,,False,False
65036,Flora Bunda CA,32768,Flora Bunda,Decor,12.0,1.0,0.9166666666666666,8.25,7.25,-1.0,0.97120868443828,59.99166666666667,Chicago,,,,,,,,,,,,,,,,,,,,,,False,False
5929,Asia Direct Home Products,5929,Asia Direct Home Products,Casegoods,12.0,1.0,0.9166666666666666,8.416666666666666,8.083333333333334,-0.33333333333333215,0.9597676780668393,79.0,Maple Grove,,,,,,,,,,,,,,,,,,,,,,False,False
75188,Starpower International LLC CA 91761,56999,Starpower International LLC,APS Outdoor,12.0,0.9166666666666666,1.0,8.416666666666666,7.25,-1.166666666666666,0.9667268987928104,63.849999999999994,Romeoville Rsf,,,,,,,,,,,,,,,,,,,,,,False,False
172937,SPRINGVALLEY GLOBAL INC CA,86203,SPRINGVALLEY GLOBAL INC,Upholstery,11.0,1.0,0.8181818181818182,11.272727272727273,8.272727272727273,-3.0,0.9619652581777944,82.25454545454545,Romeoville Ncpc,,,,,,,,,,,,,,,,,,,,,,False,False
303125,B205-CA,295478,Trading Sizzle Inc,APS Upholstery,11.0,0.45454545454545453,0.7272727272727273,9.363636363636363,8.363636363636363,-1.0,0.9751720632752039,52.463636363636354,Chicago,,,,,,,,,,,,,,,,,,,,,,False,False
457260,LD-EOS-CA-11310CAN,313528,"Maizhe Intemnational Trade Co., Limited",APS AEOF,11.0,1.0,0.8181818181818182,8.909090909090908,8.272727272727273,-0.6363636363636349,0.9722872320960705,58.04545454545453,Chicago,,,,,,,,,,,,,,,,,,,,,,False,False
117984,"Ningbo le verde home furnishing co.,ltd. CA 91761",70401,"Ningbo le verde home furnishing co.,ltd.",APS Outdoor,11.0,0.8181818181818182,0.8181818181818182,8.818181818181818,8.272727272727273,-0.545454545454545,0.9681404356337651,68.47272727272727,Maple Grove,,,,,,,,,,,,,,,,,,,,,,False,False
301758,Homewise Solutions LLC CA 91761,277256,Homewise Solutions LLC,APS,11.0,0.6363636363636364,1.0,9.363636363636363,8.272727272727273,-1.09090909090909,0.9687790569938733,63.98181818181818,Romeoville Rsf,,,,,,,,,,,,,,,,,,,,,,False,False
300817,HALOPU LTD CA 91761,271608,HALOPU LTD,Hardware,11.0,0.45454545454545453,0.45454545454545453,7.2727272727272725,8.090909090909092,0.8181818181818192,0.9582138816627718,73.49090909090908,Romeoville Ncpc,,,,,,,,,,,,,,,,,,,,,,False,False
325362,taishanshijinfudajinshuzhipinyouxiangongs CA 92335,315043,taishanshijinfudajinshuzhipinyouxiangongsi,APS,11.0,0.9090909090909091,0.7272727272727273,9.272727272727273,8.181818181818182,-1.0909090909090917,0.950010472127822,83.57272727272726,Greenwood,,,,,,,,,,,,,,,,,,,,,,False,False
468576,shilijincheng dangerous CA 91762(2),63929,Hong Kong HuaYa Trade Limited,APS Home Improvement,11.0,0.9090909090909091,1.0,7.909090909090909,6.818181818181818,-1.0909090909090908,0.966624493901353,68.87272727272727,Toledo,,,,,,,,,,,,,,,,,,,,,,False,False
410553,Magics Innovate LLC CA 92337,280323,Magics Innovate LLC,Rugs,11.0,0.9090909090909091,1.0,8.636363636363637,7.0,-1.6363636363636367,0.9603887654317936,79.31818181818181,Chicago,,,,,,,,,,1.0,1.0,1.0,7.0,4.0,-3.0,0.813629781867439,399.0,East Chattanooga,,,,False,True
268309,XH DV CA 90201,66040,Shenzhen XinheTrade Limited Company,APS,11.0,0.9090909090909091,0.8181818181818182,8.181818181818182,7.7272727272727275,-0.45454545454545414,0.977114963641369,51.027272727272724,North St.Louis,,,,,,,,,,,,,,,,,,,,,,False,False
38229,KitchenBathCollection CA,19890,KitchenBathCollection,Plumbing,11.0,0.2727272727272727,0.18181818181818182,8.0,8.818181818181818,0.8181818181818183,0.9756374542151973,52.68181818181818,Chicago,,,,,,,,,,,,,,,,,,,,,,False,False
327116,ANHUI MORDEN LIVING CO LTD CA 91730(2),326409,ANHUI MORDEN LIVING CO LTD,Wayfair,11.0,0.9090909090909091,0.9090909090909091,9.090909090909092,9.363636363636363,0.2727272727272716,0.9776458892842986,47.08181818181818,Chicago,,,,,,,,,,,,,,,,,,,,,,False,False
315590,"Suzhou Tou Ju San Technology Co., Ltd. CA 91761 ",296657,"Suzhou Tou Ju San Technology Co., Ltd.",APS,11.0,0.45454545454545453,1.0,9.727272727272727,8.090909090909092,-1.636363636363635,0.9748717840648541,50.96363636363637,Chicago,,,,,,,,,,,,,,,,,,,,,,False,False
66226,VECELO CA 91708,39645,VECELO,APS Bedroom,11.0,0.6363636363636364,0.9090909090909091,8.636363636363637,8.272727272727273,-0.3636363636363633,0.9609501510399453,70.78181818181818,North St.Louis,,,,,,,,,,,,,,,,,,,,,,False,False
60151,First Op International Inc CA 90670,57245,First Op International Inc,APS,11.0,1.0,0.7272727272727273,7.545454545454546,7.454545454545454,-0.09090909090909172,0.9683461352309398,69.24545454545455,Chicago,,,,,,,,,,,,,,,,,,,,,,False,False
15050,Arthur Court Designs,15050,Arthur Court Designs,Tabletop,11.0,0.8181818181818182,0.8181818181818182,8.545454545454545,8.363636363636363,-0.18181818181818166,0.9695332477939865,67.86363636363636,Toledo,,,,,,,,,,,,,,,,,,,,,,False,False
450941,INNOMARK LIMITED CA 91768,450445,INNOMARK LIMITED,Wayfair,11.0,1.0,0.9090909090909091,10.181818181818182,9.181818181818182,-1.0,0.9649086950685823,73.76363636363637,Chicago,,,,,,,,,,,,,,,,,,,,,,False,False
431183,"JIANG SU RED SUN Textile Co., Ltd. USLAX9QY",266533,"JIANG SU RED SUN Textile Co., Ltd.",APS Decor,11.0,0.6363636363636364,0.9090909090909091,9.909090909090908,8.727272727272727,-1.1818181818181817,0.9815846120887269,37.35454545454545,Chicago,,,,,,,,,,,,,,,,,,,,,,False,False
57442,"Southwest Moulding, Inc.",57442,"Southwest Moulding, Inc.",Decor,11.0,1.0,0.9090909090909091,9.090909090909092,8.181818181818182,-0.9090909090909101,0.9646251454887943,67.69090909090909,North St.Louis,,,,,,,,,,,,,,,,,,,,,,False,False
71474,Clipper Corporation CA,17269,Clipper Corporation,Kitchen & Small Electrics,11.0,1.0,0.8181818181818182,8.090909090909092,7.7272727272727275,-0.3636363636363642,0.9767292697530447,48.44545454545455,Chicago,,,,,,,,,,,,,,,,,,,,,,False,False
64499,Sui Cheng Limited CA 92337,63203,Sui Cheng Limited,APS Home Improvement,11.0,0.8181818181818182,0.9090909090909091,7.7272727272727275,6.818181818181818,-0.9090909090909092,0.9796750538277109,40.081818181818186,Romeoville Ncpc,,,,,,,,,,,,,,,,,,,,,,False,False
331821,"Hefei Maxyoyo Trading Co., Ltd. CA 91761",67567,"Hefei Maxyoyo Trading Co., Ltd.",APS Youth,11.0,1.0,1.0,8.818181818181818,8.0,-0.8181818181818183,0.9672277352503941,57.81818181818182,South Chicago,,,,,,,,,,,,,,,,,,,,,,False,False
11582,Classic Slipcovers Inc.,11582,Classic Slipcovers Inc.,Upholstery,11.0,1.0,1.0,9.181818181818182,7.818181818181818,-1.3636363636363633,0.9560425560240017,89.62727272727274,Chicago,,,,,,,,,,,,,,,,,,,,,,False,False
148929,"Grove NA, INC. dba Chicology CA",10851,"Grove NA, INC. dba Chicology",Soft Home,11.0,0.7272727272727273,0.8181818181818182,9.727272727272727,10.818181818181818,1.0909090909090917,0.9170586303991008,148.9,Chicago,3.0,1.0,1.0,12.0,5.666666666666667,-6.333333333333333,0.9496823969504061,113.13333333333333,Niles,1.0,0.0,0.0,9.0,11.0,2.0,0.8427872417542588,347.0,Niles,0.2727272727272727,0.18181818181818177,-5.151515151515151,True,True
296279,FAVICLA CORP CA 92337,207670,FAVICLA CORP,APS Youth,11.0,1.0,1.0,15.636363636363637,11.181818181818182,-4.454545454545455,0.9694757786906969,62.80909090909092,Toledo,,,,,,,,,,,,,,,,,,,,,,False,False
352447,Shenzhenshiweilukejiyouxiangongsi CA 91761 ,104515,Shenzhenshiweilukejiyouxiangongsi,APS K&D,11.0,0.8181818181818182,0.7272727272727273,8.272727272727273,8.0,-0.2727272727272734,0.9731370618032001,58.127272727272725,Toledo,,,,,,,,,,,,,,,,,,,,,,False,False
276963, Los Angeles Y1,215836,TRINITY  INTERNATIONAL,APS Bedroom,11.0,1.0,1.0,9.454545454545455,7.454545454545454,-2.000000000000001,0.9643993549416993,70.5090909090909,New Brighton Ncpc,,,,,,,,,,,,,,,,,,,,,,False,False
23516,Continental Art Center,23516,Continental Art Center,Decor,11.0,1.0,0.9090909090909091,11.0,9.909090909090908,-1.0909090909090917,0.970286000670974,60.127272727272725,Chicago,,,,,,,,,,,,,,,,,,,,,,False,False
295480,Foshan Shunde LIDUN Hardware Furniture CA 90638,123084,Foshan Shunde LIDUN Hardware Furniture Factory,APS Outdoor,11.0,1.0,1.0,8.636363636363637,7.545454545454546,-1.0909090909090908,0.9594368556641407,83.50909090909092,Chicago,,,,,,,,,,,,,,,,,,,,,,False,False
290812,Barry Room Inc CA 92571,277709,Barry Room Inc,Wayfair,11.0,1.0,1.0,9.363636363636363,8.090909090909092,-1.2727272727272716,0.9679079170585179,64.71818181818182,Toledo,1.0,0.0,0.0,8.0,9.0,1.0,0.7525748387717779,514.1,Hagerstown,,,,,,,,,,-1.0,-1.0,0.9090909090909083,True,False
100349,Shenzhenshi hongyanzhiji keji CA 91761(6),67652,HK DANSHUO TRADING LIMITED,APS,11.0,1.0,0.9090909090909091,8.181818181818182,6.454545454545454,-1.7272727272727275,0.9582749636605342,85.14545454545454,Madison,,,,,,,,,,,,,,,,,,,,,,False,False
216469,SHENZHENSHI JULIBAIBIAN KEJIYOUXIAN CA 91748(2),64532,SHENZHENSHI JULIBAIBIAN KEJIYOUXIANGONGSI,APS,11.0,1.0,1.0,8.909090909090908,6.454545454545454,-2.454545454545454,0.9685563607416547,65.57272727272728,Northern Kentucky,,,,,,,,,,,,,,,,,,,,,,False,False
351119,Hermes and Fesius LLC CA 91752(2),69201,Hermes and Fesius LLC,APS Outdoor,11.0,0.9090909090909091,0.8181818181818182,8.454545454545455,7.636363636363637,-0.8181818181818183,0.9637209035476222,76.83636363636363,Columbus,,,,,,,,,,,,,,,,,,,,,,False,False
25716,Test Rite Products Corp CA 91761,25054,Test Rite Products Corp,Storage & Org - Frequency,11.0,1.0,0.9090909090909091,8.363636363636363,7.7272727272727275,-0.6363636363636358,0.9736285037181549,54.26363636363636,Romeoville Ncpc,,,,,,,,,,,,,,,,,,,,,,False,False
297823,"GWI.,INC. CA LASP (90670) ",149502,"GWI.,INC.",APS,11.0,1.0,0.9090909090909091,10.727272727272727,8.090909090909092,-2.636363636363635,0.962769755706443,77.52727272727273,Columbus,,,,,,,,,,,,,,,,,,,,,,False,False
268155,Yetta Inc CA 91761(11) WAYFAIR,57830,Yetta Inc,APS Outdoor,11.0,0.7272727272727273,0.8181818181818182,8.181818181818182,8.0,-0.18181818181818166,0.9793507324358395,43.12727272727273,Toledo,,,,,,,,,,,,,,,,,,,,,,False,False
35985,Armen Living CA91355,2502,Armen Living,Casegoods,11.0,0.9090909090909091,0.8181818181818182,9.454545454545455,7.363636363636363,-2.0909090909090917,0.9760233167047201,44.73636363636364,Chicago Loop,,,,,,,,,,,,,,,,,,,,,,False,False
462556,RAYMOON LIMITED CA 92337,445334,RAYMOON LIMITED,APS AEOF,11.0,1.0,1.0,9.818181818181818,8.909090909090908,-0.9090909090909101,0.9696862803400197,59.41818181818181,Chicago,,,,,,,,,,,,,,,,,,,,,,False,False
268993,Ningbo Ningshing Ubay Supply Chain CA 91762,238641,"Ningbo Ningshing Ubay Supply Chain Co.,Ltd.",APS Wayfair Professional,11.0,1.0,0.8181818181818182,9.090909090909092,8.545454545454545,-0.5454545454545467,0.9668002861602711,69.35454545454546,Chicago Loop,,,,,,,,,,,,,,,,,,,,,,False,False
134703,cellpak inc CA,69196,cellpak inc,Lighting,11.0,1.0,1.0,10.636363636363637,9.181818181818182,-1.454545454545455,0.9746539841035697,50.26363636363636,Chicago,,,,,,,,,,,,,,,,,,,,,,False,False
291097,Atlantic Furniture CA 91706,397,Atlantic Furniture,Youth Furniture & Decor,11.0,0.6363636363636364,0.9090909090909091,7.7272727272727275,7.545454545454546,-0.18181818181818166,0.9748874259857506,54.27272727272727,Toledo,,,,,,,,,,,,,,,,,,,,,,False,False
462006,"Henan Weiao Network Technology Co. , Ltd. CA 92316",403174,"Henan Weiao Network Technology Co. , Ltd.",Wayfair,10.0,0.9,0.8,9.1,8.6,-0.5,0.9769385547852731,45.21,Greenwood,,,,,,,,,,1.0,1.0,1.0,8.0,3.0,-5.0,0.6574155653450807,699.9,Woodbridge,,,,False,True
134225,"NINGBO  GAOLING  E-COMMERCE  CO,  LTD CA 91761",86528,"NINGBO  GAOLING  E-COMMERCE  CO,  LTD",APS Outdoor,10.0,1.0,0.9,8.0,5.2,-2.8,0.942602157932766,105.88,Chicago,,,,,,,,,,1.0,1.0,1.0,6.0,4.0,-2.0,0.6529414594256578,721.5,Fairless Hills,,,,False,True
322887,  BCF_CA_US,39138,Rose Home Fashion LLC,APS Soft Home,10.0,1.0,1.0,10.1,7.2,-2.8999999999999995,0.9636030621408151,81.8,Columbus,,,,,,,,,,,,,,,,,,,,,,False,False
94151,aibinka LLC CA 91748 (2),65788,aibinka LLC,APS,10.0,1.0,0.9,8.7,8.1,-0.5999999999999996,0.9695995175250098,63.53000000000001,Chicago,,,,,,,,,,,,,,,,,,,,,,False,False
350850,Hooray Depot CA 91746,66590,Hooray Depot,APS Home Improvement,10.0,1.0,1.0,15.0,7.3,-7.7,0.9853464315951829,27.330000000000002,Chicago,,,,,,,,,,,,,,,,,,,,,,False,False
269796,Mellow CA 95377,15616,Mellow,Mattress,10.0,1.0,1.0,8.4,6.1,-2.3000000000000007,0.9732605172139145,55.54,Mccook,,,,,,,,,,,,,,,,,,,,,,False,False
454833,W Appliance Co. CA 92545,34638,W Appliance Co.,Appliances,10.0,1.0,1.0,12.6,9.5,-3.0999999999999996,0.9773832945192433,48.36,Chicago,,,,,,,,,,,,,,,,,,,,,,False,False
197937,Hamiltion Inc CA 90040,64053,Hamiltion Inc,Decor,10.0,0.0,0.5,8.5,9.2,0.6999999999999993,0.9689021136524335,63.71,Chicago,,,,,,,,,,,,,,,,,,,,,,False,False
244994,COAST SEQUOIA INC. CA 91761,63881,COAST SEQUOIA INC.,APS Home Improvement,10.0,1.0,0.8,7.8,7.4,-0.39999999999999947,0.9822923237179134,33.39,Chicago,,,,,,,,,,,,,,,,,,,,,,False,False
269068,shenzhenshimaifengyunjikuajingdianshang CA 91748,238530,shenzhenshimaifengyunjikuajingdianshangyouxiangongsi,APS Home Improvement,10.0,1.0,1.0,9.0,7.8,-1.2000000000000002,0.9706914584201911,59.089999999999996,Northern Kentucky,,,,,,,,,,,,,,,,,,,,,,False,False
457395,Shanghaierfeifushiyouxiangongsi CA 91761,360944,Shanghaierfeifushiyouxiangongsi,APS Home Improvement,10.0,1.0,1.0,11.4,8.3,-3.0999999999999996,0.9682513705853157,59.660000000000004,Romeoville Ncpc,,,,,,,,,,,,,,,,,,,,,,False,False
342543,"Guangzhou Konda Import&Export Co., Ltd CA 91789",143731,"Guangzhou Konda Import&Export Co., Ltd",APS Youth,10.0,1.0,0.7,8.9,8.9,0.0,0.9636645026261602,72.97,South Chicago,,,,,,,,,,,,,,,,,,,,,,False,False
80961,Jersey 11750 CA 91730,23772,Direct Wicker,APS Outdoor,10.0,0.2,0.5,8.5,8.9,0.40000000000000036,0.9600649877959061,83.53,Chicago,,,,,,,,,,,,,,,,,,,,,,False,False
343281,Parker House CA 91761,1029,Parker House,Upholstery,10.0,0.2,0.6,8.7,8.8,0.10000000000000142,0.9725352571119898,57.31,Greenwood,,,,,,,,,,,,,,,,,,,,,,False,False
231410,legacy decor CA,39108,idecor,Casegoods,10.0,0.9,0.8,7.7,7.8,0.09999999999999964,0.9780296341343722,44.15,Chicago,,,,,,,,,,,,,,,,,,,,,,False,False
326429,Yantai Nanmudianzikeji Youxiangongsi CA 92337 (2),217589,Yantai Nanmudianzikeji Youxiangongsi,APS Rugs,10.0,0.9,0.9,8.9,7.2,-1.7000000000000002,0.9689795867531215,67.89999999999999,Toledo,,,,,,,,,,,,,,,,,,,,,,False,False
403160,"Zhengzhou Huanerxian Network Technology Co., Ltd CA 92337",210576,"Hong Kong Xintengfei Import and Export Trade Co., Limited_1",APS Housewares & More,10.0,1.0,0.9,8.0,6.6,-1.4000000000000004,0.953566368555484,92.39,North St.Louis,,,,,,,,,,,,,,,,,,,,,,False,False
227560,EHL01,95501,Bloddream Global Inc.,APS,10.0,0.7,1.0,8.1,7.3,-0.7999999999999998,0.9704232884977518,46.28,Chicago Loop,,,,,,,,,,,,,,,,,,,,,,False,False
21667,Artiva USA CA 91710,21335,Artiva USA,Lighting,10.0,0.8,0.8,8.3,8.2,-0.10000000000000142,0.979121598088693,43.98,Chicago,,,,,,,,,,,,,,,,,,,,,,False,False
3947,MaximLighting CA- 91746,1868,Maxim Lighting,Lighting,10.0,0.6,0.8,8.0,7.8,-0.20000000000000018,0.9664863725540304,68.23999999999998,Chicago,,,,,,,,,,,,,,,,,,,,,,False,False
471595,dingli technology inc CA  91762,103798,dingli technology inc,APS Home Improvement,10.0,1.0,1.0,10.1,8.3,-1.799999999999999,0.9646170243792712,75.82000000000001,South Chicago,,,,,,,,,,,,,,,,,,,,,,False,False
153927,YI LIGHTING CA 91744,95485,YI LIGHTING,Lighting,10.0,0.8,0.6,8.4,8.4,0.0,0.9529091049020423,100.75999999999999,Chicago,,,,,,,,,,,,,,,,,,,,,,False,False
329324,Prosper Trade Inc CA 92337,298676,Prosper Trade Inc,Wayfair Professional,10.0,0.8,1.0,9.3,5.1,-4.200000000000001,0.9764942497164195,49.01,Chicago,,,,,,,,,,,,,,,,,,,,,,False,False
224498,ACME - CA1,206109,"UPPER ECHELON PRODUCTS, LLC_1",Lighting,10.0,1.0,1.0,15.7,8.5,-7.199999999999999,0.9726751806083829,57.85,Chicago,,,,,,,,,,,,,,,,,,,,,,False,False
348623,MINDRAY INTERNATIONAL LIMITED CA 92337,307364,MINDRAY INTERNATIONAL LIMITED,APS Mattresses,10.0,0.8,1.0,8.0,6.9,-1.0999999999999996,0.975625706080773,48.93,New Brighton Ncpc,,,,,,,,,,,,,,,,,,,,,,False,False
3381,Oceanstar Design,3381,Oceanstar Design,Storage & Org - Frequency,10.0,1.0,0.8,8.6,7.9,-0.6999999999999993,0.9838361205370258,33.54,Northern Kentucky,,,,,,,,,,,,,,,,,,,,,,False,False
5804,Alno Inc.,5804,Alno Inc.,Hardware,10.0,1.0,0.9,7.4,6.8,-0.6000000000000005,0.977578391393221,43.220000000000006,Chicago,,,,,,,,,,,,,,,,,,,,,,False,False
366949,lishuimiyoukuajingdianzishangwuyouxiangongsi CA 92336,364592,lishuimiyoukuajingdianzishangwuyouxiangongsi,Wayfair,10.0,0.5,1.0,10.1,8.3,-1.799999999999999,0.9661349714702541,69.27000000000001,Toledo,,,,,,,,,,,,,,,,,,,,,,False,False
277654,忧达CAJW05 CA 91761,104050,"Ningbo Qiangbang Outdoor Leisure Products Co., Ltd",APS Outdoor,10.0,1.0,1.0,8.0,7.4,-0.5999999999999996,0.9695476104111233,55.11,Romeoville Rsf,,,,,,,,,,,,,,,,,,,,,,False,False
108005,FAFIAR DESIGN LTD CA 91761,92678,FAFIAR DESIGN LTD,APS Home Improvement,10.0,1.0,1.0,10.0,6.8,-3.2,0.9784573599519341,38.04,Cedar Rapids,,,,,,,,,,,,,,,,,,,,,,False,False
296095,MRS AWESOME INC CA 91752,38845,MRS AWESOME INC,Soft Home,10.0,1.0,0.9,8.2,6.8,-1.3999999999999995,0.9769755759839771,47.14,North St.Louis,,,,,,,,,,2.0,1.0,1.0,7.0,3.5,-3.5,0.5943048438246448,832.75,Austell,,,,False,True
5141,Safah International Inc.,5141,Safah International Inc.,Soft Home,10.0,0.3,0.8,8.1,7.7,-0.39999999999999947,0.9762939517119282,47.910000000000004,Chicago Loop,,,,,,,,,,,,,,,,,,,,,,False,False
7573,Urban Trends CA- 90058,1503,Urban Trends,Decor,10.0,1.0,0.9,10.0,9.0,-1.0,0.9813069873156138,41.02,Chicago,,,,,,,,,,,,,,,,,,,,,,False,False
480431,RONG RUIXIN HONG KONG LIMITED CA 91761,466547,RONG RUIXIN HONG KONG LIMITED,APS Home Improvement,10.0,1.0,0.9,8.9,6.6,-2.3000000000000007,0.9596203536045644,70.91,Romeoville Rsf,,,,,,,,,,,,,,,,,,,,,,False,False
332527, USLAX01,66461,"Aoodor (Ningbo) Tech CO.,LTD",APS,10.0,0.8,1.0,8.1,6.1,-2.0,0.9750852646044834,49.35,Chicago,,,,,,,,,,,,,,,,,,,,,,False,False
308654,Guangzhou Fengrui Network Technology CA 91762,67203,"HONG KONG FENGRUI E-COMMERCE CO., LIMITED",APS,10.0,0.9,0.9,8.6,7.5,-1.0999999999999996,0.9690180328544891,57.089999999999996,Chicago,,,,,,,,,,,,,,,,,,,,,,False,False
75071,Duhome Inc CA 91748,46855,Duhome Inc,APS,10.0,1.0,0.9,7.9,6.8,-1.1000000000000005,0.965787344366537,69.86000000000001,Chicago,,,,,,,,,,,,,,,,,,,,,,False,False
73797,REESE ELECTRONIC TECHNOLOGY INC CA 92337,65621,REESE ELECTRONIC TECHNOLOGY INC,APS Outdoor,10.0,0.6,0.8,8.5,7.7,-0.7999999999999998,0.9463990747835119,112.35999999999999,Chicago,,,,,,,,,,,,,,,,,,,,,,False,False
59504,Festival Depot CA 91761 (2),28867,Festival Depot,Outdoor Furniture,10.0,0.9,0.9,8.6,7.1,-1.5,0.9574476763652088,78.19,Chicago,,,,,,,,,,,,,,,,,,,,,,False,False
310962,Shenzhen Qili Technology CA 91708,78923,VelaNova Beauty Inc,APS,10.0,0.8,1.0,8.4,8.1,-0.3000000000000007,0.9822606080179908,39.83,Minot,,,,,,,,,,,,,,,,,,,,,,False,False
441096,SHENZHEN RONGYU SHIYE CO LTD CA 95054,441085,SHENZHEN RONGYU SHIYE CO LTD,Wayfair,10.0,1.0,1.0,9.5,8.0,-1.5,0.9411102723885628,125.75999999999999,Columbus,,,,,,,,,,,,,,,,,,,,,,False,False
366465,Eglinton Decor Inc CA 91708,95192,Eglinton Decor Inc,APS Outdoor,10.0,0.1,0.9,8.3,8.0,-0.3000000000000007,0.9594752175369242,85.08,Chicago,,,,,,,,,,,,,,,,,,,,,,False,False
308438,C-CA-3,221756,Ning Bo Hao Mi Xin Xi Ke Ji You Xian Gong Si,APS,10.0,0.1,1.0,8.9,7.9,-1.0,0.9714169541896176,58.160000000000004,Chicago Loop,,,,,,,,,,,,,,,,,,,,,,False,False
186355,Joy You Industrial Corporation CA,44128,Joy You Industrial Corporation,Tabletop,10.0,1.0,0.7,8.7,7.8,-0.8999999999999995,0.9804855984602397,45.839999999999996,Chicago,,,,,,,,,,,,,,,,,,,,,,False,False
333015,JumpOrange CA 91730,13472,JumpOrange,Recreation,10.0,0.9,1.0,8.5,7.9,-0.5999999999999996,0.9536406238820072,90.36999999999999,Chicago,,,,,,,,,,,,,,,,,,,,,,False,False
176469,NICE CHOICE INC CA 92503,64530,NICE CHOICE INC,Outdoor Furniture,10.0,0.4,0.7,8.4,8.6,0.1999999999999993,0.96929670256655,63.29,Chicago,,,,,,,,,,,,,,,,,,,,,,False,False
362945,Xingtai Shanhao Trading CoLtd CA 92335,242074,Xingtai Shanhao Trading CoLtd,APS Pet,10.0,1.0,0.8,8.5,7.9,-0.5999999999999996,0.9601489626236266,83.87999999999998,Chicago,,,,,,,,,,,,,,,,,,,,,,False,False
172378,Beacon Lighting America CA 91710,33375,Beacon Lighting America,Lighting,10.0,0.2,0.9,8.6,8.0,-0.5999999999999996,0.9639403579279456,66.31000000000002,Toledo,,,,,,,,,,,,,,,,,,,,,,False,False
272460,KC Group Enterprise LLC CA 91750,269520,KC Group Enterprise LLC,Upholstery,10.0,1.0,1.0,9.2,8.0,-1.1999999999999993,0.9786470716445799,44.190000000000005,Mccook,,,,,,,,,,,,,,,,,,,,,,False,False
185941,Adowam Magic LLC CA 91710,184014,Adowam Magic LLC,Upholstery,10.0,0.9,0.9,9.6,7.9,-1.6999999999999993,0.9698124213823214,57.95,Chicago,,,,,,,,,,,,,,,,,,,,,,False,False
27355,Crow Canyon Home,27355,Crow Canyon Home,Tabletop,10.0,0.1,0.1,8.2,10.1,1.9000000000000004,0.9679293715174593,74.74,Chicago,,,,,,,,,,,,,,,,,,,,,,False,False
100337,Ningbo Jiangdong Peter International CA 91761(2),53013,Ningbo Jiangdong Peter International Trading CoLTD,APS Outdoor,10.0,0.4,0.7,8.8,9.0,0.1999999999999993,0.969520286317701,56.95,Chicago,,,,,,,,,,,,,,,,,,,,,,False,False
196857,Costway CA92374(3),38830,Costway,APS Outdoor,10.0,1.0,1.0,8.5,6.9,-1.5999999999999996,0.9433641233252283,110.60999999999999,Greenwood,,,,,,,,,,,,,,,,,,,,,,False,False
88285,Mondawe CA-2090ETI-91761-88285,59167,Mondawe,APS Home Improvement,10.0,0.5,0.7,8.5,7.8,-0.7000000000000002,0.9729519495936966,56.970000000000006,Chicago,,,,,,,,,,,,,,,,,,,,,,False,False
286969,Enjoy Decor LLC CA,77713,Enjoy Decor LLC,Lighting,10.0,1.0,1.0,9.9,7.8,-2.1000000000000005,0.9430600315203866,118.16,Chicago,,,,,,,,,,,,,,,,,,,,,,False,False
36059,Winners Only CA,8875,Winners Only,Casegoods,10.0,1.0,0.9,7.0,6.2,-0.7999999999999998,0.985468572119859,28.97,Kansas City Local,,,,,,,,,,,,,,,,,,,,,,False,False
337985,"JIANG SU RED SUN Textile Co.,Ltd. LAX01",266533,"JIANG SU RED SUN Textile Co., Ltd.",APS Youth,10.0,1.0,1.0,9.3,6.8,-2.500000000000001,0.9619644026917842,76.85,Chicago,,,,,,,,,,,,,,,,,,,,,,False,False
332369,PROYIL CO CA 92410,308580,PROYIL CO,Outdoor Furniture,9.0,0.8888888888888888,0.7777777777777778,9.444444444444445,7.222222222222222,-2.2222222222222223,0.9638166632738709,70.17777777777776,Chicago,,,,,,,,,,,,,,,,,,,,,,False,False
74580,Fine Crafts Imports,74580,Fine Crafts Imports,Decor,9.0,0.0,0.1111111111111111,8.11111111111111,9.88888888888889,1.7777777777777786,0.9332177609649224,146.53333333333333,Toledo,,,,,,,,,,,,,,,,,,,,,,False,False
365218,Buriza Can Inc CA 91761 (2),297292,Buriza Can Inc,Upholstery,9.0,0.6666666666666666,0.7777777777777778,8.777777777777779,8.222222222222221,-0.5555555555555571,0.9511118032906454,89.99999999999999,Romeoville Rsf,,,,,,,,,,,,,,,,,,,,,,False,False
177991,GRANPA PIG INC CA 91762,81468,GRANPA PIG INC,APS Home Improvement,9.0,1.0,1.0,9.666666666666666,7.444444444444445,-2.2222222222222214,0.9741192357539555,53.455555555555556,Chicago Loop,,,,,,,,,,,,,,,,,,,,,,False,False
190978,Esbenshades Garden Center CA 93625,189369,Esbenshades Garden Center,Decor,9.0,0.5555555555555556,0.5555555555555556,8.444444444444445,7.333333333333333,-1.1111111111111116,0.982373767928359,38.699999999999996,Chicago,,,,,,,,,,,,,,,,,,,,,,False,False
74722,YBC TRADING INC.,74722,YBC TRADING INC.,Lighting,9.0,1.0,1.0,10.222222222222221,8.0,-2.2222222222222214,0.9494774491392763,104.47777777777779,Chicago,,,,,,,,,,,,,,,,,,,,,,False,False
74102,Foshan Sanying Lighting Limited CA 92841,63370,Foshan Sanying Lighting Limited,APS Home Improvement,9.0,0.4444444444444444,0.7777777777777778,8.11111111111111,8.11111111111111,0.0,0.9884696524126516,24.700000000000003,Toledo,,,,,,,,,,,,,,,,,,,,,,False,False
67963,Stone International CA91730,59904,Stone International,APS,9.0,1.0,0.8888888888888888,9.11111111111111,7.222222222222222,-1.8888888888888884,0.9523366438019519,99.74444444444445,Chicago,,,,,,,,,,,,,,,,,,,,,,False,False
71912,"Rubber-Cal, Inc. CA 92707",20754,"Rubber-Cal, Inc.",Flooring,9.0,0.6666666666666666,0.8888888888888888,9.11111111111111,8.11111111111111,-1.0,0.9515141206415443,102.50000000000001,Chicago,,,,,,,,,,,,,,,,,,,,,,False,False
314048,HOMEVER ARTS AND CRAFTS CA 90703,201013,HOMEVER ARTS AND CRAFTS FACTORY,APS Youth,9.0,1.0,1.0,9.11111111111111,7.222222222222222,-1.8888888888888884,0.9806560888719784,41.54444444444445,Romeoville Ncpc,,,,,,,,,,,,,,,,,,,,,,False,False
59907,Lorenzo Furniture,59907,Lorenzo Furniture,Upholstery,9.0,0.5555555555555556,0.7777777777777778,11.222222222222221,10.0,-1.2222222222222214,0.9619262492914424,72.1,Columbus,,,,,,,,,,,,,,,,,,,,,,False,False
14781,OfficeStar CA 92337 b,139,OfficeStar,Casegoods,9.0,1.0,1.0,8.11111111111111,7.555555555555555,-0.5555555555555554,0.9763810605520334,47.977777777777774,Romeoville Ncpc,,,,,,,,,,,,,,,,,,,,,,False,False
498,NoJo,498,NoJo,Youth Furniture & Decor,9.0,1.0,1.0,8.444444444444445,7.333333333333333,-1.1111111111111116,0.9695471366993237,63.611111111111114,Greenwood,,,,,,,,,,,,,,,,,,,,,,False,False
107593,LIEVOINC. CA,19159,LIEVOINC.,Casegoods,9.0,1.0,1.0,8.444444444444445,7.111111111111111,-1.333333333333334,0.9703382345450375,63.42222222222222,South Chicago,,,,,,,,,,,,,,,,,,,,,,False,False
254798,"Derry Furniture Co., Ltd CA 92337",254762,"Derry Furniture Co., Ltd",Wayfair,9.0,1.0,1.0,8.444444444444445,6.666666666666667,-1.7777777777777777,0.9412855408510544,108.53333333333333,North St.Louis,,,,,,,,,,,,,,,,,,,,,,False,False
352446,Shenzhen XinheTrade Limited Company CA 91761 (4),66040,Shenzhen XinheTrade Limited Company,APS K&D,9.0,0.8888888888888888,0.6666666666666666,7.0,7.444444444444445,0.44444444444444464,0.97087072445608,51.74444444444444,North Kansas City Ncpc,,,,,,,,,,,,,,,,,,,,,,False,False
8513,DorelCA92335,737,Dorel Juvenile,Youth Furniture & Decor,9.0,0.6666666666666666,0.6666666666666666,8.555555555555555,8.333333333333334,-0.22222222222222143,0.9574847529316006,84.32222222222222,Columbus,,,,,,,,,,,,,,,,,,,,,,False,False
151162,ZIMI AMERICA INC CA 91730,123417,ZIMI AMERICA INC,APS,9.0,1.0,1.0,15.222222222222221,7.444444444444445,-7.777777777777777,0.9700343872979802,59.833333333333336,Maple Grove,,,,,,,,,,,,,,,,,,,,,,False,False
329004,AUSLAX01,68009,Bestqi International LLC,APS AEOF,9.0,0.7777777777777778,0.7777777777777778,7.666666666666667,7.777777777777778,0.11111111111111072,0.9789352064925616,45.86666666666667,Toledo,,,,,,,,,,,,,,,,,,,,,,False,False
330328,SKC-YQN-CA-RWT,106632,"HONG KONG REST TRADING CO.,LIMITED",APS,9.0,1.0,1.0,9.666666666666666,8.222222222222221,-1.4444444444444446,0.964566785573808,72.28888888888889,Romeoville Rsf,,,,,,,,,,,,,,,,,,,,,,False,False
430712,shilijincheng CA 92316,63929,Hong Kong HuaYa Trade Limited,APS Home Improvement,9.0,1.0,1.0,8.444444444444445,6.888888888888889,-1.5555555555555554,0.9800744859201256,41.32222222222222,Maple Grove,,,,,,,,,,,,,,,,,,,,,,False,False
444505,Trimlite LLC WA 98371(2),42742,Trimlite LLC,Hardware,9.0,0.8888888888888888,1.0,16.0,10.222222222222221,-5.777777777777779,0.9691670791098341,70.53333333333335,Columbus,,,,,,,,,,,,,,,,,,,,,,False,False
368618,Guang Zhou Shi Le Ai Jia Trading Co. Ltd CA 92337,71369,SHUNMAY INTERNATIONAL LIMITED,APS Decor,9.0,0.8888888888888888,0.7777777777777778,9.666666666666666,9.0,-0.6666666666666661,0.9532395054665188,96.39999999999999,Romeoville Rsf,,,,,,,,,,,,,,,,,,,,,,False,False
167596,Warehouse CA 1,163297,Zhejiang Deodar Industry Co Ltd (USA),APS,9.0,0.7777777777777778,0.8888888888888888,8.444444444444445,8.555555555555555,0.11111111111111072,0.9630840851962275,65.87777777777778,Cedar Rapids,,,,,,,,,,1.0,0.0,1.0,7.0,5.0,-2.0,0.6513380887337481,689.2,Marietta,,,,False,True
366479,FORESTUP LTD CA 91761 (4),214055,FORESTUP LTD,APS Mattresses,9.0,1.0,1.0,9.777777777777779,7.777777777777778,-2.000000000000001,0.9478377971338313,99.0888888888889,Romeoville Rsf,,,,,,,,,,,,,,,,,,,,,,False,False
279327,guangzhoushidengerwangluokejiyouxian CA 90640,272061,guangzhoushidengerwangluokejiyouxiangongsi,APS Home Improvement,9.0,1.0,1.0,9.11111111111111,8.777777777777779,-0.33333333333333215,0.978131551677583,48.86666666666667,Columbus,,,,,,,,,,,,,,,,,,,,,,False,False
359398,Southern Enterprises Inc CA 95363,390,Augusta Home LLC,Casegoods,9.0,1.0,0.8888888888888888,8.222222222222221,7.777777777777778,-0.44444444444444375,0.9603966652695414,81.32222222222222,Cedar Rapids,,,,,,,,,,,,,,,,,,,,,,False,False
287099,Jinhuabaiweiyingtongyongpinyouxiangongsi CA 91730,287065,Jinhuabaiweiyingtongyongpinyouxiangongsi,Wayfair,9.0,1.0,1.0,8.777777777777779,7.222222222222222,-1.5555555555555562,0.9641898984087196,71.1,Columbus,,,,,,,,,,,,,,,,,,,,,,False,False
300444,shanghaizhongxinghuanchenxincaCA 91748,173799,shanghaizhongxinghuanchenxincailiaokejiLtd,APS Youth,9.0,1.0,1.0,9.11111111111111,8.333333333333334,-0.7777777777777768,0.9736404148336848,54.900000000000006,Toledo,,,,,,,,,,,,,,,,,,,,,,False,False
32085,Entrada Decor inc,32085,Entrada Decor inc,Decor,9.0,1.0,1.0,9.777777777777779,8.333333333333334,-1.4444444444444446,0.9622301953205127,67.87777777777778,Kansas City,,,,,,,,,,,,,,,,,,,,,,False,False
352511,YEEYOO INTERNATIONAL LIMITED CA 91710,108807,YEEYOO INTERNATIONAL LIMITED,APS Bedroom,9.0,0.8888888888888888,0.7777777777777778,10.11111111111111,7.888888888888889,-2.2222222222222214,0.9860872557401333,28.71111111111111,Chicago Loop,,,,,,,,,,,,,,,,,,,,,,False,False
285993,ZHU INTERNATIONAL TRADE INC CA 91710 (2),99086,ZHU INTERNATIONAL TRADE INC,Upholstery,9.0,1.0,1.0,8.333333333333334,6.888888888888889,-1.4444444444444446,0.9433639319858733,104.62222222222223,North St.Louis,,,,,,,,,,,,,,,,,,,,,,False,False
412313,shenzhenshiyishuodianzishangwuyouxiangongsi CA 91752,301402,shenzhenshiyishuodianzishangwuyouxiangongsi,APS Decor,9.0,0.2222222222222222,0.4444444444444444,10.88888888888889,11.88888888888889,1.0,0.9497858170133564,85.84444444444445,Cedar Rapids,,,,,,,,,,,,,,,,,,,,,,False,False
413561,Shinerich International CA 91761(2),10750,Shinerich International,Decor,9.0,0.2222222222222222,0.6666666666666666,9.222222222222221,9.222222222222221,0.0,0.9737368873593175,56.13333333333334,Romeoville Rsf,,,,,,,,,,,,,,,,,,,,,,False,False
77785,LTmate Global LLC CA 91761,50414,LTMATE GLOBAL INC.,APS Home Improvement,9.0,0.5555555555555556,1.0,9.555555555555555,8.11111111111111,-1.4444444444444446,0.9465178071521267,106.55555555555556,North St.Louis,,,,,,,,,,,,,,,,,,,,,,False,False
89980,Edis Home Limited CA 91708,86303,Edis Home Limited,APS Home Improvement,9.0,1.0,1.0,10.222222222222221,7.333333333333333,-2.8888888888888884,0.9686632172778419,63.8111111111111,Chicago Loop,,,,,,,,,,1.0,0.0,0.0,8.0,,,0.4532250987275121,1246.1,Arlington,,,,False,True
45193,Winward International Inc. CA 94588,8768,Winward International Inc.,Decor,9.0,0.8888888888888888,0.7777777777777778,10.666666666666666,9.333333333333334,-1.3333333333333321,0.9620640665348231,86.17777777777776,Toledo,,,,,,,,,,,,,,,,,,,,,,False,False
355777,hubeizhenpinmeijiajiajuyouxiangongsi CA 92374,353902,hubeizhenpinmeijiajiajuyouxiangongsi,Wayfair,9.0,1.0,0.8888888888888888,8.0,7.777777777777778,-0.22222222222222232,0.9855785612237723,28.799999999999997,Romeoville Ncpc,,,,,,,,,,,,,,,,,,,,,,False,False
414069,Hangzhou Daya Information Technology CA 91752,108072,"Hangzhou Daya Information Technology Co., Ltd.",APS K&D,9.0,0.8888888888888888,0.5555555555555556,7.444444444444445,8.222222222222221,0.7777777777777768,0.9687125884738776,56.96666666666666,North Cincinnati,,,,,,,,,,,,,,,,,,,,,,False,False
354614,JINGHONGYA 1,354182,Ward Cross border (Hong Kong) Limited,Wayfair,9.0,1.0,1.0,9.222222222222221,8.11111111111111,-1.1111111111111107,0.9770052230036949,47.855555555555554,North St.Louis,,,,,,,,,,,,,,,,,,,,,,False,False
340560,Hangzhou Yingpan Network Technology Co. CA 92508,94133,VABCHES INTERNATIONAL LIMITED_1,APS Bedroom,9.0,1.0,1.0,9.11111111111111,7.222222222222222,-1.8888888888888884,0.9744023444042313,53.333333333333336,Chicago,,,,,,,,,,,,,,,,,,,,,,False,False
134196,Home Choice International CA,22724,Home Choice International,APS,9.0,1.0,1.0,7.666666666666667,6.777777777777778,-0.8888888888888893,0.9707657190854362,64.05555555555556,Toledo,,,,,,,,,,,,,,,,,,,,,,False,False
44488,E Home International Inc. CA 91748,34449,E Home International Inc.,APS Youth,9.0,0.8888888888888888,0.8888888888888888,7.777777777777778,7.333333333333333,-0.44444444444444464,0.9477899051052039,108.94444444444444,Chicago,1.0,0.0,1.0,8.0,7.0,-1.0,0.7865614281581884,516.5,Columbus,,,,,,,,,,-0.8888888888888888,0.11111111111111116,-0.33333333333333304,True,False
339563,shanxidisikemaoyiyouxianzerengongsi CA 91761,329190,Lianhuan Tech Global Limited,APS Youth,9.0,1.0,1.0,8.666666666666666,7.111111111111111,-1.5555555555555554,0.9747798339062607,52.7888888888889,Columbus,,,,,,,,,,,,,,,,,,,,,,False,False
297288,Newacme LLC CA 95330,27159,Newacme LLC,APS,9.0,1.0,1.0,8.88888888888889,8.11111111111111,-0.7777777777777786,0.974678947413645,61.233333333333334,West Columbus,,,,,,,,,,,,,,,,,,,,,,False,False
117486,EP Designlab LLC CA,77904,EP Designlab LLC,APS Home Improvement,9.0,1.0,1.0,9.222222222222221,7.222222222222222,-1.9999999999999991,0.9808876231472072,43.388888888888886,Chicago,,,,,,,,,,,,,,,,,,,,,,False,False
325747,"YUANJING ELECTRONIC TECHNOLOGY CO.,CA 91761 (5)",56998,"YUANJING ELECTRONIC TECHNOLOGY CO.,LIMITED",APS,9.0,1.0,0.8888888888888888,8.555555555555555,7.111111111111111,-1.4444444444444446,0.9466667294437521,97.5,Northern Kentucky,,,,,,,,,,,,,,,,,,,,,,False,False
321185,YOUDENOVA HOME INC CA 92335,80562,YOUDENOVA HOME INC,APS Outdoor,9.0,0.8888888888888888,1.0,9.444444444444445,8.11111111111111,-1.333333333333334,0.9622731568293443,78.53333333333333,Toledo,,,,,,,,,,,,,,,,,,,,,,False,False
116049,Shenzhen Guli Wangluokeji youxiangon CA 91761,105677,Shenzhen Guli Wangluokeji youxiangongsi,APS,9.0,1.0,1.0,9.666666666666666,7.555555555555555,-2.1111111111111107,0.9731179415992683,56.64444444444444,Chicago,,,,,,,,,,,,,,,,,,,,,,False,False
347934,Ningbo Jiangbei Fufu CA 91761 (3),53997,Ningbo Jiangbei Fufu,APS Bedroom,9.0,1.0,0.8888888888888888,8.666666666666666,7.0,-1.666666666666666,0.9741824167210412,47.32222222222222,Kansas City Local,,,,,,,,,,,,,,,,,,,,,,False,False
25770,Jamie Young Company 331 West Victoria,10465,Jamie Young Company,PG Home Improvement,9.0,0.8888888888888888,0.5555555555555556,7.888888888888889,8.222222222222221,0.33333333333333215,0.9631945183439947,80.94444444444444,Chicago,,,,,,,,,,,,,,,,,,,,,,False,False
30662,In the Breeze,30662,In the Breeze,Decor,9.0,1.0,0.8888888888888888,7.444444444444445,6.0,-1.4444444444444446,0.9402611717719839,130.2111111111111,Chicago,,,,,,,,,,,,,,,,,,,,,,False,False
409542,MEET SUNNY CORPORATION CA 92316,68299,MEET SUNNY CORPORATION,APS Home Improvement,9.0,1.0,0.8888888888888888,10.88888888888889,7.222222222222222,-3.666666666666667,0.9601025485249859,73.24444444444444,Cedar Rapids,,,,,,,,,,,,,,,,,,,,,,False,False
96004,willwolfer inc CA 90040,94473,willwolfer inc,Decor,9.0,0.0,0.6666666666666666,9.555555555555555,9.88888888888889,0.3333333333333339,0.9818233742518147,39.08888888888888,Chicago,,,,,,,,,,,,,,,,,,,,,,False,False
98240,TRAVIS JOINER INTERNATIONAL LIMITED CA 91730,73582,TRAVIS JOINER INTERNATIONAL LIMITED,APS Youth,9.0,0.8888888888888888,0.8888888888888888,9.88888888888889,8.333333333333334,-1.5555555555555554,0.9668907066332919,66.84444444444446,Romeoville Ncpc,,,,,,,,,,,,,,,,,,,,,,False,False
104766,Shenzhen Aichi Technology Co Ltd CA 91761,98484,Shenzhen Aichi Technology Co Ltd,APS,9.0,1.0,1.0,9.444444444444445,7.777777777777778,-1.666666666666667,0.9672228293566013,63.233333333333334,Romeoville Rsf,,,,,,,,,,,,,,,,,,,,,,False,False
407470,MATTRESS KINGS LLC CA 91731,326877,MATTRESS KINGS LLC,Decor,9.0,1.0,1.0,10.11111111111111,6.888888888888889,-3.2222222222222214,0.9843124601328116,31.799999999999997,Chicago,,,,,,,,,,,,,,,,,,,,,,False,False
98216,EFCA 92337,64096,"NANJING HENGNING HOME FURNISHING CO., LTD.",APS,8.0,1.0,0.75,8.5,8.0,-0.5,0.9746069996189302,55.725,Columbus,,,,,,,,,,,,,,,,,,,,,,False,False
413579,Protons Link Inc CA 91764,286680,Protons Link Inc,Upholstery,8.0,1.0,1.0,10.375,5.375,-5.0,0.9537647613830538,89.7625,Champaign,,,,,,,,,,2.0,1.0,1.0,10.0,4.5,-5.5,0.6737289785354132,565.95,Houston,,,,False,True
92545,"ShenyangHaHaTradingCo.,Ltd (Mango-CA)",92472,"Shenyang Ha Ha Trading Co., Ltd limited company",APS Outdoor,8.0,0.875,0.875,11.375,9.25,-2.125,0.9685397892710927,66.05,Chicago,,,,,,,,,,,,,,,,,,,,,,False,False
225055,Shenzhen Meiyuan Keji Youxiangongsi CA 92337,147802,Shenzhen Meiyuan Keji Youxiangongsi,APS Outdoor,8.0,1.0,1.0,8.375,7.0,-1.375,0.941808184111799,112.4875,Romeoville Ncpc,,,,,,,,,,,,,,,,,,,,,,False,False
27366,AllStarRugs,27366,AllStarRugs,Rugs,8.0,1.0,0.875,8.625,8.125,-0.5,0.9579270138315952,82.85,Columbus,,,,,,,,,,,,,,,,,,,,,,False,False
288172,ningboxuxindianzishangwuyouxiangongsi CA 91702,286148,ningboxuxindianzishangwuyouxiangongsi,APS Outdoor,8.0,1.0,1.0,8.875,6.125,-2.75,0.9585974961785011,87.58749999999999,Chicago,,,,,,,,,,,,,,,,,,,,,,False,False
8941,Megaware Inc.,8941,Megaware Inc.,Casegoods,8.0,1.0,1.0,8.375,7.375,-1.0,0.9685761454898505,61.9125,Chicago Loop,,,,,,,,,,,,,,,,,,,,,,False,False
291250,"ShenZhen QianHaiYouMi E-Commerce Co.,Ltd CA 91748",88949,"ShenZhen QianHaiYouMi E-Commerce Co.,Ltd",APS,8.0,1.0,1.0,10.375,8.875,-1.5,0.9683746675803507,63.6875,Maple Grove,,,,,,,,,,,,,,,,,,,,,,False,False
295790,Guang zhou shi zhu sheng wang luo ke ji CA 91706,237238,MIFASO ECOM INC,APS Home Improvement,8.0,1.0,1.0,7.75,6.75,-1.0,0.9752454277389899,52.525,Chicago,,,,,,,,,,,,,,,,,,,,,,False,False
368154, MS-LTLCA,308220,Dwelling Dots Ltd,APS Upholstery,8.0,0.875,1.0,9.5,8.5,-1.0,0.97620511514063,51.75000000000001,Romeoville Rsf,,,,,,,,,,,,,,,,,,,,,,False,False
310906,Ningbo Free Trade Zone Top Green Industry CA 91752,266196,Ningbo Free Trade Zone Top Green Industry and Trade Co Ltd,APS,8.0,1.0,1.0,8.75,7.5,-1.25,0.9722920717325634,54.974999999999994,Chicago Loop,,,,,,,,,,,,,,,,,,,,,,False,False
248565,Limitless Digital Group Ltd CA 91761(2),208462,"Zhejiang Anji Honghua furniture Co., LTD",APS Youth,8.0,1.0,0.875,9.625,8.625,-1.0,0.9769519684218722,47.224999999999994,Chicago,,,,,,,,,,,,,,,,,,,,,,False,False
50017,Artdeco Home Inc CA 92518,46453,Artdeco Home Inc,Upholstery,8.0,1.0,0.75,8.25,8.375,0.125,0.9736464364156844,54.900000000000006,Chicago,,,,,,,,,,,,,,,,,,,,,,False,False
353111,McCoy Hall Jones LLC CA 92335,69208,McCoy Hall Jones LLC,APS K&D,8.0,1.0,1.0,9.0,7.25,-1.75,0.9524741470630993,95.8375,Romeoville Ncpc,,,,,,,,,,,,,,,,,,,,,,False,False
266940,Hong Kong Linsy International Trading Co CA 92376,102598,HONG KONG LINSYHOME INTERNATIONAL TRADING LIMITED,APS Bedroom,8.0,0.875,1.0,7.875,7.0,-0.875,0.9608672987969513,82.425,Chicago,,,,,,,,,,,,,,,,,,,,,,False,False
31092,Marwah Corporation CA91761,6042,Marwah Corporation,Soft Home,8.0,1.0,1.0,9.125,8.125,-1.0,0.9836557344115243,33.175,Bismarck,,,,,,,,,,,,,,,,,,,,,,False,False
324716,Stellweilan Tessberg LLC CA 91789,271648,Stellweilan Tessberg LLC,Storage & Org,8.0,1.0,0.875,7.5,6.75,-0.75,0.9421311437653812,125.93749999999999,Greenwood,,,,,,,,,,,,,,,,,,,,,,False,False
251390,K2AQUA LTD CA 91706(2),228869,TOMIC DECOR INC,APS Home Improvement,8.0,0.75,0.75,8.0,7.75,-0.25,0.9812852686902068,39.9625,Romeoville Rsf,,,,,,,,,,,,,,,,,,,,,,False,False
84986,LNC Lighting CA 91752,57585,LNC Lighting,Lighting,8.0,0.625,0.875,7.75,8.125,0.375,0.9384847067704176,107.3,Chicago,,,,,,,,,,,,,,,,,,,,,,False,False
211132,M4H WO,51878,Made4home,APS SEA,8.0,0.75,1.0,9.75,9.25,-0.5,0.9729189697034092,56.262499999999996,Chicago,,,,,,,,,,,,,,,,,,,,,,False,False
327383,杭州康浩一家家居科技有限公司 CA 91789,313251,"HANGZHOU KANGHAO YIJIA HOME TECHNOLOGY CO., LTD.",APS Mattresses,8.0,1.0,1.0,9.125,7.75,-1.375,0.9768826710601078,43.00000000000001,Chicago,,,,,,,,,,,,,,,,,,,,,,False,False
252578,凯尚（苏州）电器有限公司 CA 92571,212423,"KSR（Suzhou）Kitchen Appliance Co., Ltd.",APS Youth,8.0,1.0,0.875,8.125,7.375,-0.75,0.9890194260755681,21.6125,Chicago,,,,,,,,,,,,,,,,,,,,,,False,False
399498,COMFY ZONE US LLC CA 92324,63657,COMFY ZONE US LLC,APS AEOF,8.0,1.0,1.0,8.875,7.125,-1.75,0.974021468980487,57.6875,Toledo,,,,,,,,,,,,,,,,,,,,,,False,False
348547,Global Amiba Network Technology Inc. CA 91761,56236,Global Amiba Network Technology Inc.,APS Outdoor,8.0,1.0,1.0,9.5,9.0,-0.5,0.9572382137537025,86.9,North St.Louis,,,,,,,,,,,,,,,,,,,,,,False,False
485298,"Shenzhen Haoding Technology Co., Ltd CA 92879",352055,"Shenzhen Haoding Technology Co., Ltd",APS AEOF,8.0,1.0,1.0,8.875,8.125,-0.75,0.9636839190292977,79.0875,Chicago,,,,,,,,,,,,,,,,,,,,,,False,False
445711,Yichangshi jia tong shangmao you xiangongsi CA 94544,445065,Yichangshi jia tong shangmao you xiangongsi,Wayfair,8.0,1.0,1.0,16.375,9.875,-6.5,0.9764955955170644,54.375,Chicago,,,,,,,,,,,,,,,,,,,,,,False,False
359978,Zhongshan Shiyuemumu Dianzishangwuyouxiangongsi CA 92346,359111,Zhongshan Shiyuemumu Dianzishangwuyouxiangongsi,Wayfair,8.0,1.0,1.0,9.625,6.75,-2.875,0.9410886544671685,118.99999999999999,Greenwood,,,,,,,,,,,,,,,,,,,,,,False,False
222505,COPE-Los Angeles,212725,Yantai Luoming Xinxijishu Youxiangongsi,APS Bedroom,8.0,1.0,1.0,9.25,7.25,-2.0,0.9704839275378896,64.375,Cleveland,,,,,,,,,,,,,,,,,,,,,,False,False
122879,Outdeco USA CA 92056,38066,Outdeco USA,Outdoor Structures,8.0,0.875,0.875,8.375,8.125,-0.25,0.9491106955236385,96.375,Kansas City,,,,,,,,,,,,,,,,,,,,,,False,False
103053,USLA02,64607,HOMARY TECHNOLOGY INC,APS,8.0,1.0,0.75,8.25,7.75,-0.5,0.9767866052588979,50.3875,Columbus,,,,,,,,,,,,,,,,,,,,,,False,False
270457,MASAKA TRADING INC. CA 91752,156159,MASAKA TRADING INC.,Casegoods,8.0,1.0,1.0,9.5,8.75,-0.75,0.9854661710076761,27.337500000000002,Chicago,,,,,,,,,,,,,,,,,,,,,,False,False
438274,"Ningbo Yuxun E-commerce Co., Ltd. CA 92335",400043,"Ningbo Yuxun E-commerce Co., Ltd.",APS AEOF,8.0,1.0,1.0,9.75,6.25,-3.5,0.9325173588962111,127.31249999999999,New Brighton Ncpc,,,,,,,,,,,,,,,,,,,,,,False,False
369381,Festival Neo Corporation CA 91789,53394,Festival Neo Corporation,APS AEOF,8.0,1.0,1.0,9.25,7.5,-1.75,0.9837336298075656,35.0,Chicago,,,,,,,,,,,,,,,,,,,,,,False,False
431600,Stellweilan Tessberg LLC CA 92316,271648,Stellweilan Tessberg LLC,Storage & Org,8.0,1.0,1.0,8.125,6.25,-1.875,0.9665267640269467,74.05,Toledo,,,,,,,,,,,,,,,,,,,,,,False,False
369938,运去哪-RWT-美西-92880,236680,Win Wood Furniture Co. Limited,APS AEOF,8.0,0.75,0.875,8.5,8.125,-0.375,0.9777126054135518,47.43749999999999,Romeoville Rsf,,,,,,,,,,,,,,,,,,,,,,False,False
79443,LCUSCORPORATION CA 90620,61652,LC US CORPORATION,Plumbing,8.0,1.0,1.0,9.25,8.625,-0.625,0.9531981563365155,83.80000000000001,Kansas City,,,,,,,,,,,,,,,,,,,,,,False,False
46599,Wyndham Collection CA,8998,Wyndham Collection,Plumbing,8.0,1.0,0.75,9.25,8.75,-0.5,0.9734518259980846,56.8125,Chicago,,,,,,,,,,1.0,0.0,1.0,8.0,2.0,-6.0,0.9938647246608141,12.3,Carol Stream,,,,False,True
357508,"Shenzhen Litian Technology Co., Ltd CA  95304",254999,"Shenzhen Litian Technology Co., Ltd",APS Home Improvement,8.0,1.0,0.625,7.375,7.375,0.0,0.9891362594075025,23.925,Chicago,,,,,,,,,,,,,,,,,,,,,,False,False
45779,Tizo Design,45779,Tizo Design,PG Decor,8.0,1.0,0.625,8.0,7.875,-0.125,0.9765133251521265,50.0375,Chicago,,,,,,,,,,,,,,,,,,,,,,False,False
357496,SUPERNOVA INTERNATIONAL LLC CA 92374,92846,SUPERNOVA INTERNATIONAL LLC,APS Outdoor,8.0,1.0,0.875,8.375,4.875,-3.5,0.940514303752682,124.05,Romeoville Ncpc,1.0,0.0,1.0,7.0,5.0,-2.0,0.8610285308603629,313.2,Romeoville Rsf,2.0,1.0,1.0,7.5,3.5,-4.0,0.744221120583162,428.0,Romeoville Rsf,-1.0,0.125,0.125,True,True
238163,WP-W-11-003,115530,ShenZhenshi YIWEN SHANGMAOYOUXIANGONGSI,APS,8.0,0.75,0.625,8.0,7.5,-0.5,0.9741510436331793,53.037499999999994,Chicago,,,,,,,,,,,,,,,,,,,,,,False,False
357362,HONGKONG KINGSTONE INDUSTRIES LIMITED CA 92346,307173,HONGKONG KINGSTONE INDUSTRIES LIMITED,APS Housewares & More,8.0,1.0,1.0,9.875,8.875,-1.0,0.9827687729942721,34.8,Toledo,,,,,,,,,,,,,,,,,,,,,,False,False
316083,Equal Fitness Inc CA 92571 ,299881,Equal Fitness Inc,Decor,8.0,1.0,1.0,8.375,7.75,-0.625,0.9809929562751276,38.56249999999999,Maple Grove,,,,,,,,,,,,,,,,,,,,,,False,False
443420,ningbogangwanhuwaiyongpinyouxiegongsi CA 92880  ,203295,ningbogangwanhuwaiyongpinyouxiegongsi,APS Outdoor,8.0,1.0,1.0,10.5,8.375,-2.125,0.9343743130212379,131.4625,Columbus,,,,,,,,,,,,,,,,,,,,,,False,False
315038, B205-CA,308220,Dwelling Dots Ltd,APS Upholstery,8.0,0.875,0.875,8.875,8.375,-0.5,0.9666404050256091,66.5875,Romeoville Ncpc,,,,,,,,,,,,,,,,,,,,,,False,False
315822,AUTO DAYA INC CA 92374,315573,AUTO DAYA INC,Wayfair,8.0,1.0,1.0,9.75,7.25,-2.5,0.9607284436041936,84.875,Chicago,,,,,,,,,,,,,,,,,,,,,,False,False
319620,Redia Co Limited CA 91789,200591,Redia Co Limited,APS Rugs,8.0,0.75,1.0,8.25,7.25,-1.0,0.9330468831189596,117.175,Chicago,,,,,,,,,,,,,,,,,,,,,,False,False
304055,ZHUHAI PENGCHUANG KEJIYOUXIANGONGSI CA 91708,247578,SALAND GARDEN LLC_1,APS Housewares & More,8.0,0.75,0.625,9.625,8.625,-1.0,0.9759984258890904,50.4125,Toledo,,,,,,,,,,,,,,,,,,,,,,False,False
354249,Guangzhoushi Junhewangluokejiyouxian CA 90640,153700,BRIGHTCRAFT SOLUTIONS INC,APS Home Improvement,8.0,1.0,1.0,9.375,7.875,-1.5,0.9673701213001831,69.9875,Chicago,,,,,,,,,,,,,,,,,,,,,,False,False
450319,Zhongshan Shiyuemumu Dianzishangwuyouxiangongsi CA 92571,359111,Zhongshan Shiyuemumu Dianzishangwuyouxiangongsi,APS Decor,8.0,0.875,1.0,8.5,7.625,-0.875,0.9747086375702065,52.887499999999996,Chicago,,,,,,,,,,,,,,,,,,,,,,False,False
332151,Bestsign International CA 91746 (New IU CA),16936,Bestsign International,Outdoor Furniture,8.0,1.0,1.0,8.25,7.0,-1.25,0.9616822521149263,82.0,Toledo,,,,,,,,,,,,,,,,,,,,,,False,False
37484,Antique Revival (Stool International) CA,7693,Antique Revival Inc,Casegoods,8.0,1.0,0.75,8.625,7.75,-0.875,0.9843145388988757,36.775,Toledo,,,,,,,,,,,,,,,,,,,,,,False,False
196288,Island Universe Hardware Inc. CA,63740,Island Universe Hardware Inc.,Hardware,8.0,1.0,1.0,7.875,6.625,-1.25,0.9674450383977362,69.1375,Chicago Loop,,,,,,,,,,,,,,,,,,,,,,False,False
342001,zhengzhoushirupiaodianzishangwuyouxiangongsi CA 92337,339120,zhengzhoushirupiaodianzishangwuyouxiangongsi,Casegoods,8.0,1.0,0.875,8.25,7.625,-0.625,0.9737159409766765,54.2125,Romeoville Rsf,,,,,,,,,,,,,,,,,,,,,,False,False
359873,      JIAJING-ARM,66461,"Aoodor (Ningbo) Tech CO.,LTD",APS Home Improvement,8.0,1.0,0.875,9.5,7.375,-2.125,0.9618787871178025,73.2875,Chicago,,,,,,,,,,,,,,,,,,,,,,False,False
36691,Acme Furniture CA 91789,5674,Acme Furniture,Casegoods,8.0,1.0,0.875,8.5,7.875,-0.625,0.9877079958654602,24.65,Romeoville Ncpc,,,,,,,,,,,,,,,,,,,,,,False,False
33285,"Galt International Company, Inc.",33285,"Galt International Company, Inc.",Decor,8.0,1.0,1.0,9.625,7.125,-2.5,0.9720063159799738,59.19999999999999,Chicago,,,,,,,,,,,,,,,,,,,,,,False,False
204475,VST GLOBAL LLC CA 92618,203204,VST GLOBAL LLC,Lighting,8.0,1.0,1.0,8.625,7.375,-1.25,0.9880622793526267,25.262500000000003,Chicago,,,,,,,,,,,,,,,,,,,,,,False,False
41923,Masterpiece Art Gallery dba East Coast Graphics,41923,Masterpiece Art Gallery dba East Coast Graphics,Decor,8.0,1.0,1.0,12.875,9.5,-3.375,0.9744373695872253,42.3375,Chicago,,,,,,,,,,,,,,,,,,,,,,False,False
248405,Trinity CA 90745 (2),1634,Trinity,Storage & Org - Frequency,8.0,1.0,1.0,8.625,7.625,-1.0,0.975109020992656,53.3375,Chicago,,,,,,,,,,,,,,,,,,,,,,False,False
49121,Garden Winds,49121,Garden Winds,Outdoor Structures,8.0,1.0,0.875,8.625,7.5,-1.125,0.9747493850285893,56.625,Chicago Loop,,,,,,,,,,,,,,,,,,,,,,False,False
41200,AA Warehousing CA 93619(2),27395,AA Warehousing,Lighting,8.0,1.0,0.75,8.75,8.875,0.125,0.9728200524407181,58.3375,Chicago,,,,,,,,,,,,,,,,,,,,,,False,False
248863,NingboXinshengBaozhuangyinngsi CA 91761,248852,Ningbo Xinsheng Baozhuangyinwu Youxiangongsi,APS Bedroom,8.0,0.625,0.75,8.375,7.625,-0.75,0.9524961934294031,92.11250000000001,Fargo,,,,,,,,,,,,,,,,,,,,,,False,False
320655,Edvivi CA 91762,29965,Edvivi,Lighting,8.0,0.25,0.5,8.75,9.25,0.5,0.9666065113596132,66.425,Chicago,,,,,,,,,,,,,,,,,,,,,,False,False
97275,Daytek USA CA 90745,88223,Daytek USA,Storage & Org - Frequency,8.0,1.0,0.625,8.625,8.75,0.125,0.9594220794336711,83.13749999999999,Chicago,,,,,,,,,,,,,,,,,,,,,,False,False
301112,ARESON INC CA 91761(5),95840,ARESON INC,APS,8.0,0.875,0.5,8.375,8.75,0.375,0.9752702563857792,51.7375,Greenwood,,,,,,,,,,,,,,,,,,,,,,False,False
318931,Vanten LLC CA 92335,57966,Vanten LLC,APS,8.0,0.875,0.75,8.5,8.125,-0.375,0.9546361146904596,95.1375,Chicago,,,,,,,,,,,,,,,,,,,,,,False,False
313246,Sande Home Limited CA 91762,50030,Sande Home Limited,APS Home Improvement,8.0,0.25,0.875,8.5,8.25,-0.25,0.9776445972794621,44.6875,Milwaukee,,,,,,,,,,,,,,,,,,,,,,False,False
134457,Global Amiba Network Technology  CA 91710,56236,Global Amiba Network Technology Inc.,APS Youth,8.0,1.0,1.0,14.0,6.75,-7.25,0.9742274999831957,55.725,Chicago Loop,,,,,,,,,,,,,,,,,,,,,,False,False
286160,shenzhenshijinhongzhenkejiyouxiangongsi CA92336(2),139167,shenzhenshijinhongzhenkejiyouxiangongsi,APS K&D,8.0,1.0,1.0,8.625,7.0,-1.625,0.9663872877820566,71.16250000000001,Greenwood,,,,,,,,,,,,,,,,,,,,,,False,False
407783,Bell Union LLC. CA 91762,67098,Bell Union LLC.,Decor,8.0,0.875,0.875,11.625,9.625,-2.0,0.9660352806055368,71.1625,Chicago,,,,,,,,,,,,,,,,,,,,,,False,False
110715,HERVEY TEDROW LLC CA 91748,109117,HERVEY TEDROW LLC,APS Mattresses,8.0,0.5,1.0,8.375,7.375,-1.0,0.9637576908695804,72.1875,Chicago,,,,,,,,,,,,,,,,,,,,,,False,False
370331,North American Country Home CA 92336,31979,North American Country Home,Decor,8.0,0.75,1.0,15.125,12.375,-2.75,0.9654895189416601,61.15,Lenexa,,,,,,,,,,,,,,,,,,,,,,False,False
63386,HGmart Inc. CA 92881,60211,HGmart Inc.,Soft Home,8.0,1.0,0.875,9.0,7.5,-1.5,0.9683641684761619,63.1375,Cedar Rapids,,,,,,,,,,,,,,,,,,,,,,False,False
374098,Jixiang Holding Group Limited CA 91730(1),370451,Jixiang Holding Group Limited,Wayfair,8.0,0.625,0.75,9.25,8.625,-0.625,0.9755391083293125,47.375,Greenwood,,,,,,,,,,,,,,,,,,,,,,False,False
113112,LINHAI JUNCHENG LEISURE PRODUCTS CA 91730,44498,LINHAI JUNCHENG LEISURE PRODUCTS CO.LTD,APS Outdoor,8.0,1.0,1.0,8.5,7.75,-0.75,0.9832558025603124,34.35,Chicago,,,,,,,,,,,,,,,,,,,,,,False,False
403789,ningboxuxindianzishangwuyouxiangongsi CA 91761,286148,ningboxuxindianzishangwuyouxiangongsi,APS Outdoor,8.0,1.0,1.0,9.5,8.0,-1.5,0.980872467744837,37.612500000000004,Romeoville Rsf,,,,,,,,,,,,,,,,,,,,,,False,False
115934,MAKEWA INC CA 91766,68043,MAKEWA INC,APS,8.0,1.0,1.0,7.875,7.25,-0.625,0.9497578804098008,107.3625,Chicago,,,,,,,,,,,,,,,,,,,,,,False,False
404750,"Zhuji Yaliang E-commerce Co., Ltd. CA 91789",357765,"Zhuji Yaliang E-commerce Co., Ltd.",APS Soft Home,8.0,0.25,0.875,8.25,8.25,0.0,0.9522296512655514,96.075,Chicago,,,,,,,,,,,,,,,,,,,,,,False,False
404862,深圳市玄骊供应链有限公司 CA 91748,404857,"Shenzhen Xuanli Supply Chain Co., Ltd.",Wayfair,8.0,1.0,1.0,11.625,9.125,-2.5,0.9788897287786777,45.35,Columbus,,,,,,,,,,,,,,,,,,,,,,False,False
404368,义乌市运良电子商务有限公司 CA 91731,369479,义乌市运良电子商务有限公司,Wayfair,8.0,1.0,1.0,11.0,8.5,-2.5,0.958652128730309,93.31250000000001,Columbus,,,,,,,,,,,,,,,,,,,,,,False,False
272599,FTN1,130588,Pundarika LLC,APS Housewares & More,8.0,1.0,1.0,9.625,7.125,-2.5,0.972430331274633,58.449999999999996,Columbus,,,,,,,,,,,,,,,,,,,,,,False,False
370650,"Shenzhen Yimeiju Household Products Co., LTD. CA 90640",370631,"Shenzhen Yimeiju Household Products Co., LTD.",APS Housewares & More,8.0,1.0,0.875,10.25,8.5,-1.75,0.9698016391581258,63.0,Champaign,,,,,,,,,,,,,,,,,,,,,,False,False
327749,无忧达美西区CAJW02,234327,Hong Kong Baojia International Limited,APS,8.0,0.875,0.75,8.5,8.5,0.0,0.9633952869026277,71.7125,West Columbus,,,,,,,,,,,,,,,,,,,,,,False,False
312602,"Hangzhou Gesong E-commerce Co., Ltd. CA 92571",306702,"Hangzhou Gesong E-commerce Co., Ltd.",Wayfair,8.0,1.0,1.0,9.25,6.875,-2.375,0.9879781923514441,22.4,North St.Louis,,,,,,,,,,,,,,,,,,,,,,False,False
326846,Jiande Yimei Import and Export Trading CA 91752,287166,"Jiande Yimei Import and Export Trading Co., Ltd.",APS,8.0,1.0,1.0,8.25,7.625,-0.625,0.981548874453699,36.8125,Chicago,,,,,,,,,,,,,,,,,,,,,,False,False
432799,"Foshan Yiyuanhui Technology Co., Ltd. CA 92571",405749,"Foshan Yiyuanhui Technology Co., Ltd.",APS Outdoor,7.0,1.0,1.0,9.714285714285714,5.571428571428571,-4.142857142857142,0.9822020942723294,35.07142857142857,Chicago,,,,,,,,,,,,,,,,,,,,,,False,False
87142,YOHO Bedding INC CA 91761,72734,"VISION VORTEX CO.,LTD",APS Outdoor,7.0,1.0,1.0,7.714285714285714,6.857142857142857,-0.8571428571428577,0.9495302966776398,93.85714285714286,Toledo,,,,,,,,,,,,,,,,,,,,,,False,False
74513,Aroma Housewares Company CA,18389,Aroma Housewares Company,Kitchen & Small Electrics,7.0,1.0,0.5714285714285714,7.285714285714286,7.285714285714286,0.0,0.9558438114842875,79.35714285714286,Toledo,,,,,,,,,,,,,,,,,,,,,,False,False
88468,"Anji Longwei Furniture Co., Ltd CA91752",55782,"Anjixian Longwei Furniture Co.,Ltd.",APS,7.0,0.8571428571428571,1.0,8.714285714285714,7.571428571428571,-1.1428571428571423,0.961722902319231,79.8,New Brighton Ncpc,,,,,,,,,,,,,,,,,,,,,,False,False
50187,39f Inc. CA 91761,44345,39f Inc.,Casegoods,7.0,0.7142857142857143,0.7142857142857143,8.285714285714286,7.714285714285714,-0.5714285714285721,0.9803592485052375,42.55714285714286,Columbus,,,,,,,,,,,,,,,,,,,,,,False,False
326508,谷仓美西10号仓,234327,Hong Kong Baojia International Limited,APS,7.0,1.0,0.7142857142857143,8.0,7.857142857142857,-0.14285714285714324,0.9579082369986042,83.08571428571429,Greenwood,,,,,,,,,,,,,,,,,,,,,,False,False
74626,Coastline Imports CA,22008,Coastline Imports,Tabletop,7.0,0.8571428571428571,1.0,9.571428571428571,7.857142857142857,-1.7142857142857144,0.9802067765993685,41.92857142857143,Chicago,,,,,,,,,,,,,,,,,,,,,,False,False
412464,"Nexgrill Industries, Inc CA 92553",17763,"Nexgrill Industries, Inc",Grills,7.0,0.8571428571428571,1.0,9.571428571428571,9.0,-0.5714285714285712,0.9773688082676898,45.91428571428571,North St.Louis,,,,,,,,,,,,,,,,,,,,,,False,False
320354,Dong Guan Zhi  Shang Jia Ju You Xian CA 91710 (2),236991,Dong Guan Zhi  Shang Jia Ju You Xian Gong Si,APS,7.0,0.8571428571428571,0.42857142857142855,8.142857142857142,8.714285714285714,0.5714285714285712,0.9589488686294214,79.29999999999998,Chicago,,,,,,,,,,,,,,,,,,,,,,False,False
401817,kaicang Riverside CA（RIA）92509,64480,SHENZHEN SUFEILAN TRADING COMPANY,APS K&D,7.0,1.0,1.0,8.428571428571429,7.714285714285714,-0.7142857142857144,0.9601241772676538,82.1857142857143,Romeoville Ncpc,,,,,,,,,,,,,,,,,,,,,,False,False
29566,Minka George Kovacs CA 92551,698,Minka/Minka Aire,Lighting,7.0,0.14285714285714285,1.0,8.285714285714286,7.571428571428571,-0.7142857142857153,0.9769383332133977,44.4,Chicago,,,,,,,,,,,,,,,,,,,,,,False,False
475859,D.V. Kap CA 93711,41046,D.V. Kap,"PG Bedding, Bath & Window",7.0,0.8571428571428571,0.7142857142857143,15.714285714285714,14.428571428571429,-1.2857142857142847,0.9799994010415831,46.028571428571425,Columbus,,,,,,,,,,,,,,,,,,,,,,False,False
26540,Capital Technology,26540,Capital Technology,Kitchen & Small Electrics,7.0,1.0,1.0,8.857142857142858,7.428571428571429,-1.4285714285714288,0.9790337839198692,39.971428571428575,Romeoville Rsf,,,,,,,,,,,,,,,,,,,,,,False,False
92913,Lanqinglv-CA09,67551,"Suzhou lanqinglv Trading co,. ltd",APS,7.0,0.2857142857142857,0.8571428571428571,9.571428571428571,9.571428571428571,0.0,0.9846249762171972,32.44285714285714,Chicago,,,,,,,,,,,,,,,,,,,,,,False,False
93843,"ZHEJIANG XINXIN OUTDOOR PRODUCTS CO.,LTD CA 95776",87713,"ZHEJIANG XINXIN OUTDOOR PRODUCTS CO.,LTD",APS,7.0,1.0,0.8571428571428571,9.714285714285714,8.571428571428571,-1.1428571428571423,0.9593617273120066,85.45714285714287,Toledo,,,,,,,,,,,,,,,,,,,,,,False,False
471608,SODR INTELLIGENT TENCHNOLOGY LIMITED CA 91761,456486,SODR INTELLIGENT TENCHNOLOGY LIMITED,APS Housewares & More,7.0,0.8571428571428571,0.7142857142857143,9.285714285714286,8.714285714285714,-0.571428571428573,0.9661478300729209,70.58571428571427,Romeoville Rsf,,,,,,,,,,,,,,,,,,,,,,False,False
219191,Emson USA CA 92376 (DCG Renaissance),1303,Emson USA,Kitchen & Small Electrics,7.0,0.14285714285714285,0.42857142857142855,7.571428571428571,8.142857142857142,0.5714285714285712,0.9733063324414821,52.671428571428564,Chicago,,,,,,,,,,,,,,,,,,,,,,False,False
351118,Hermes and Fesius LLC CA 91708,69201,Hermes and Fesius LLC,APS Outdoor,7.0,1.0,1.0,9.142857142857142,8.0,-1.1428571428571423,0.98466261382013,31.142857142857146,Romeoville Rsf,,,,,,,,,,,,,,,,,,,,,,False,False
9616,SPI Home,9616,SPI Home,Decor,7.0,0.8571428571428571,0.7142857142857143,8.0,7.714285714285714,-0.2857142857142856,0.9724261142590438,52.699999999999996,Cedar Rapids,,,,,,,,,,,,,,,,,,,,,,False,False
297053,XYCA,266529,"Zhengzhou Tiaoda Network Technology Co., Ltd.",APS,7.0,0.8571428571428571,1.0,9.428571428571429,7.285714285714286,-2.1428571428571432,0.9806632940898641,42.285714285714285,Etna Rsf,,,,,,,,,,,,,,,,,,,,,,False,False
268558,Architectural Mailboxes CA 91761,653,Architectural Mailboxes,Decor,7.0,1.0,0.8571428571428571,7.571428571428571,7.0,-0.5714285714285712,0.9881111864870284,24.085714285714285,Maple Grove,,,,,,,,,,,,,,,,,,,,,,False,False
205877,Boxstar - ZhiRun - David,201670,shenzhenshiaijinmaoyiyouxiangongsi,Lighting,7.0,0.8571428571428571,0.8571428571428571,8.428571428571429,8.142857142857142,-0.2857142857142865,0.9605227241034583,86.14285714285714,Toledo,,,,,,,,,,,,,,,,,,,,,,False,False
344391,Shenzhenshi Daman Shiye Youxiangongsi CA 92410,76761,Shenzhenshi Daman Shiye Youxiangongsi,APS K&D,7.0,0.5714285714285714,0.5714285714285714,8.285714285714286,8.571428571428571,0.2857142857142847,0.9538527763618936,88.0,Greenwood,,,,,,,,,,,,,,,,,,,,,,False,False
209221,Foshanshiqizhengdianqiyouxiangongsi CA 91786,154584,Foshanshiqizhengdianqiyouxiangongsi,APS,7.0,1.0,0.8571428571428571,8.714285714285714,8.571428571428571,-0.14285714285714235,0.9632512912911368,80.2,Chicago,,,,,,,,,,,,,,,,,,,,,,False,False
209746,Zhejiang Anji Yanghao Network Technology CA 92337,133824,"Zhejiang Anji Yanghao Network Technology Co., Ltd.",APS K&D,7.0,0.8571428571428571,1.0,9.285714285714286,6.571428571428571,-2.7142857142857153,0.9674354278728355,68.77142857142857,Chicago,,,,,,,,,,,,,,,,,,,,,,False,False
46972,Kozyard CA 92336,38813,Kozyard,Outdoor Structures,7.0,1.0,0.8571428571428571,8.142857142857142,7.142857142857143,-0.9999999999999991,0.9597391129332115,80.1,Romeoville Ncpc,,,,,,,,,,,,,,,,,,,,,,False,False
48521,Treasure Garden CA91706,14922,Treasure Garden,Outdoor Furniture,7.0,0.8571428571428571,1.0,12.0,10.0,-2.0,0.9403520598803629,117.37142857142855,Toledo,,,,,,,,,,,,,,,,,,,,,,False,False
231122, TOPCA,75517,Amzmos,APS AEOF,7.0,0.7142857142857143,0.8571428571428571,8.428571428571429,7.571428571428571,-0.8571428571428577,0.9732467586032589,56.71428571428572,Northern Kentucky,,,,,,,,,,,,,,,,,,,,,,False,False
31363,LLYTech Inc. CA91746,10909,LLYTech Inc.,APS SEA,7.0,0.7142857142857143,0.5714285714285714,7.714285714285714,7.714285714285714,0.0,0.9739376566434771,53.357142857142854,Chicago,,,,,,,,,,,,,,,,,,,,,,False,False
210607,Hangzhou bingdan fushi youxiangongsi CA 91761,210592,Hangzhou bingdan fushi youxiangongsi,Decor,7.0,1.0,1.0,9.857142857142858,8.571428571428571,-1.2857142857142865,0.9815100942067942,37.81428571428571,Chicago,,,,,,,,,,,,,,,,,,,,,,False,False
347099,Guangzhoushibaisituowangluokejiyouxia CA 91789 (2),123104,Guangzhoushibaisituowangluokejiyouxiangongsi,APS Home Improvement,7.0,1.0,1.0,9.142857142857142,7.571428571428571,-1.5714285714285712,0.9651447702457412,71.28571428571429,Chicago Loop,,,,,,,,,,,,,,,,,,,,,,False,False
265604,"Best Cheer Stone, Inc._1 CA 92806",254797,"Best Cheer Stone, Inc._1",APS Home Improvement,7.0,1.0,1.0,9.571428571428571,7.571428571428571,-2.0,0.9769268237976952,50.771428571428565,Toledo,,,,,,,,,,,,,,,,,,,,,,False,False
21681,BestMasterFurniture,21681,BestMasterFurniture,Casegoods,7.0,1.0,0.8571428571428571,7.571428571428571,6.571428571428571,-1.0,0.9162707056866839,142.64285714285714,Chicago,,,,,,,,,,,,,,,,,,,,,,False,False
488196,TANYA DECOR INC CA 91708,270365,TANYA DECOR INC,APS Home Improvement,7.0,0.7142857142857143,0.7142857142857143,9.857142857142858,9.571428571428571,-0.2857142857142865,0.9595562981529184,83.95714285714287,Champaign,,,,,,,,,,,,,,,,,,,,,,False,False
492416,"Shenzhen Chunxin E-Commerce Co., Ltd. CA 92337(2)",267074,HOME HARMONY HK LIMITED,APS K&D,7.0,1.0,1.0,8.714285714285714,7.142857142857143,-1.5714285714285703,0.9539440225974571,92.32857142857142,Minot,,,,,,,,,,,,,,,,,,,,,,False,False
408759,"Shenzhen Tanggelao Technology Co.,Ltd 728 EASTVALE",62404,Join In Technology Limited,APS Upholstery,7.0,1.0,1.0,9.714285714285714,7.571428571428571,-2.1428571428571423,0.9353137534156296,126.42857142857143,Toledo,,,,,,,,,,,,,,,,,,,,,,False,False
292718,Arts Box Trading Inc CA 90201,279815,Arts Box Trading Inc,Upholstery,7.0,1.0,0.5714285714285714,8.0,7.571428571428571,-0.4285714285714288,0.9654089428289128,71.7,Chicago,,,,,,,,,,,,,,,,,,,,,,False,False
15909,Mercana Art Décor Inc WA 98230,11892,Mercana Furniture & Décor Ltd,Casegoods,7.0,0.5714285714285714,0.7142857142857143,10.857142857142858,10.285714285714286,-0.5714285714285712,0.9825014175890029,35.199999999999996,Chicago,,,,,,,,,,,,,,,,,,,,,,False,False
367696,Jonathan Adler CA 92571,6017,Jonathan Adler,PG Decor,7.0,1.0,1.0,13.0,9.714285714285714,-3.2857142857142865,0.9645066226042553,79.71428571428571,Toledo,,,,,,,,,,,,,,,,,,,,,,False,False
157452,CLEESINK LLC CA 92335,69845,CLEESINK LLC,APS,7.0,0.2857142857142857,0.5714285714285714,8.571428571428571,8.571428571428571,0.0,0.9446171246901829,100.65714285714286,North St.Louis,,,,,,,,,,,,,,,,,,,,,,False,False
276450,Hallmart Collectibles CA,871,Hallmart Collectibles,Soft Home,7.0,1.0,1.0,8.142857142857142,7.0,-1.1428571428571423,0.9730032420165664,58.48571428571428,Mccook,,,,,,,,,,,,,,,,,,,,,,False,False
267748,Curtain King INC CA 91746,67825,Curtain King INC,APS,7.0,1.0,0.8571428571428571,8.285714285714286,8.142857142857142,-0.14285714285714413,0.9625939152124033,77.15714285714286,Chicago,,,,,,,,,,,,,,,,,,,,,,False,False
301600,ZhongShanShiJiuWeiZhiNenZhaoMingKeJiYouXianGongSi CA 91730,301577,ZhongShanShiJiuWeiZhiNenZhaoMingKeJiYouXianGongSi,Wayfair,7.0,1.0,1.0,10.0,7.142857142857143,-2.8571428571428568,0.9613931417315642,78.39999999999999,Romeoville Rsf,,,,,,,,,,,,,,,,,,,,,,False,False
147209,New Decor LLC CA(7),55897,New Decor LLC,APS Home Improvement,7.0,0.42857142857142855,0.8571428571428571,8.142857142857142,7.285714285714286,-0.8571428571428568,0.9093274782746752,169.50000000000003,Chicago,,,,,,,,,,,,,,,,,,,,,,False,False
146896,Lilola Home CA,58780,Lilola Home,Upholstery,7.0,0.8571428571428571,0.8571428571428571,9.0,8.285714285714286,-0.7142857142857135,0.9633072978563427,63.142857142857146,Kansas City,,,,,,,,,,,,,,,,,,,,,,False,False
199951,Alipu Inc CA 91761(3),50463,Alipu Inc,APS Outdoor,7.0,0.8571428571428571,0.8571428571428571,8.428571428571429,8.285714285714286,-0.14285714285714235,0.9556688809965461,97.31428571428572,Toledo,,,,,,,,,,,,,,,,,,,,,,False,False
316132,Ezone Technology Inc. CA,66313,Ezone Technology Inc.,Outdoor Furniture,7.0,1.0,1.0,9.0,8.0,-1.0,0.9737856854262397,54.971428571428575,Chicago,,,,,,,,,,,,,,,,,,,,,,False,False
358766,Yantai Nanmudianzikeji Youxiangongsi CA 91762,217589,Yantai Nanmudianzikeji Youxiangongsi,APS Rugs,7.0,1.0,1.0,8.285714285714286,6.857142857142857,-1.4285714285714297,0.9596075775378142,86.35714285714286,North St.Louis,,,,,,,,,,,,,,,,,,,,,,False,False
56245,Outopee Inc CA 91762,53397,Outopee Inc,Casegoods,7.0,0.8571428571428571,0.8571428571428571,7.571428571428571,7.0,-0.5714285714285712,0.991034668342566,18.185714285714287,North St.Louis,,,,,,,,,,,,,,,,,,,,,,False,False
308663,JumpOrange CA 92335,13472,JumpOrange,Recreation,7.0,1.0,1.0,7.857142857142857,7.285714285714286,-0.5714285714285712,0.9616792520065417,84.15714285714284,Chicago,,,,,,,,,,,,,,,,,,,,,,False,False
310735,"General Printing & Design, Inc CA 92507",88065,"General Printing & Design, Inc",Lighting,7.0,0.5714285714285714,1.0,8.714285714285714,7.857142857142857,-0.8571428571428568,0.9688503331974845,65.97142857142858,Chicago,,,,,,,,,,,,,,,,,,,,,,False,False
356465,Soluwa LLC CA 91730 (2),58042,Soluwa LLC,APS Outdoor,7.0,1.0,0.8571428571428571,12.857142857142858,7.0,-5.857142857142858,0.9750087979153103,51.185714285714276,Northern Kentucky,,,,,,,,,,,,,,,,,,,,,,False,False
440533,LBE Design CA 90221,53209,LBE Design,Decor,7.0,0.0,1.0,9.0,8.857142857142858,-0.14285714285714235,0.9960589728880922,7.742857142857143,East Carol Stream,,,,,,,,,,,,,,,,,,,,,,False,False
240734,Shanghai ShangQuan WuLiu Co.Ltd CA 91752,68010,Shanghai ShangQuan WuLiu Co.Ltd,APS Outdoor,7.0,0.7142857142857143,0.7142857142857143,7.714285714285714,8.0,0.2857142857142856,0.9651145886104039,76.10000000000001,Toledo,,,,,,,,,,,,,,,,,,,,,,False,False
66028,Casper CA 92507,51858,Casper,Mattress,7.0,0.0,0.7142857142857143,8.0,8.714285714285714,0.7142857142857135,0.980238932971852,40.51428571428572,Chicago,,,,,,,,,,,,,,,,,,,,,,False,False
237776,OEC Warehouse,77498,ZHUJISHIJIANSHISHIPINYOUXIANGONGSI,APS,7.0,1.0,1.0,10.714285714285714,8.571428571428571,-2.1428571428571423,0.9258866974417607,151.34285714285716,Toledo,,,,,,,,,,,,,,,,,,,,,,False,False
85315,VINFUL TRADE INC CA 91761,73803,VINFUL TRADE INC,Upholstery,7.0,1.0,1.0,16.142857142857142,9.142857142857142,-7.0,0.976676180953975,43.771428571428565,Champaign,,,,,,,,,,,,,,,,,,,,,,False,False
287349,"Shenzhen Litian Technology Co., Ltd CA 92571",254999,"Shenzhen Litian Technology Co., Ltd",APS,7.0,0.7142857142857143,0.7142857142857143,7.428571428571429,7.714285714285714,0.2857142857142856,0.9737069304137885,56.300000000000004,Chicago,,,,,,,,,,,,,,,,,,,,,,False,False
238438,CSS Distributions Inc. CA 91706,233144,CSS Distributions Inc.,Plumbing,7.0,0.7142857142857143,0.8571428571428571,8.142857142857142,7.714285714285714,-0.42857142857142794,0.9869852813576786,25.45714285714286,Maple Grove,,,,,,,,,,,,,,,,,,,,,,False,False
413209,"ANJI JINLEI FURNITURE CO.,LTD CA 95304",250361,"ANJI JINLEI FURNITURE CO.,LTD",APS Upholstery,7.0,0.8571428571428571,0.8571428571428571,8.857142857142858,7.428571428571429,-1.4285714285714288,0.9600592404979469,81.48571428571428,Cedar Rapids,,,,,,,,,,,,,,,,,,,,,,False,False
184390,"Wisbeam Technology Co., Limited CA 95826",125350,"Wisbeam Technology Co.,Limited",APS Home Improvement,7.0,1.0,1.0,9.571428571428571,8.571428571428571,-1.0,0.9297393890248363,124.8,Lenexa,,,,,,,,,,,,,,,,,,,,,,False,False
246598,Tengjian Electronic Technology Shenzhen CA 91761,242916,Tengjian Electronic Technology Shenzhen Co LTD,APS,7.0,1.0,1.0,8.571428571428571,7.285714285714286,-1.2857142857142856,0.959660977262345,78.31428571428572,New Brighton Ncpc,,,,,,,,,,,,,,,,,,,,,,False,False
191746,Buffalo 9370 CA 91730,23772,Direct Wicker,APS Outdoor,7.0,1.0,0.5714285714285714,8.0,8.428571428571429,0.4285714285714288,0.9793512346849483,44.75714285714285,Toledo,,,,,,,,,,,,,,,,,,,,,,False,False
114707,ocean home fashion inc CA 90601,43431,ocean home fashion inc,APS,7.0,1.0,1.0,8.571428571428571,8.142857142857142,-0.4285714285714288,0.9568017744724118,89.68571428571428,Chicago,,,,,,,,,,,,,,,,,,,,,,False,False
319516,Foshanshikaerbeilikejiyouxiangongsi CA 90040,319441,Foshanshikaerbeilikejiyouxiangongsi,Wayfair,7.0,0.8571428571428571,1.0,9.571428571428571,8.0,-1.5714285714285712,0.9662407528654963,75.39999999999999,Romeoville Ncpc,,,,,,,,,,,,,,,,,,,,,,False,False
246946,Fourth Zodiac Inc CA 91748(2),227589,Fourth Zodiac Inc,APS Rugs,7.0,0.14285714285714285,1.0,9.142857142857142,8.571428571428571,-0.5714285714285712,0.9665543037413814,73.11428571428573,Toledo,,,,,,,,,,,,,,,,,,,,,,False,False
306691,"Xiamen Enjoy Industry Co.,Ltd. CA10",147909,"Xiamen Enjoy Industry Co.,Ltd.",APS,7.0,1.0,1.0,9.857142857142858,7.428571428571429,-2.428571428571429,0.9767816084016873,47.228571428571435,Romeoville Rsf,,,,,,,,,,,,,,,,,,,,,,False,False
251407,Yantai Jinglingshangmao Youxiangongsi CA 92337,229975,Yantai Jinglingshangmao Youxiangongsi,APS,7.0,1.0,1.0,8.0,6.571428571428571,-1.4285714285714288,0.9764799472326755,48.59999999999999,Chicago,,,,,,,,,,,,,,,,,,,,,,False,False
455923,VIASEARS BEAUTY INC CA 91752,103521,VIASEARS BEAUTY INC,APS Decor,7.0,1.0,0.8571428571428571,9.0,7.142857142857143,-1.8571428571428568,0.9757207280222036,52.42857142857143,Chicago,,,,,,,,,,,,,,,,,,,,,,False,False
204910,Nexoes Inc. CA 91789(4),56316,Nexoes Inc.,APS,7.0,1.0,1.0,8.857142857142858,7.428571428571429,-1.4285714285714288,0.9832043622637594,33.642857142857146,Maple Grove,,,,,,,,,,,,,,,,,,,,,,False,False
455360,SLM-CA2,66461,"Aoodor (Ningbo) Tech CO.,LTD",APS Home Improvement,7.0,1.0,1.0,8.428571428571429,6.285714285714286,-2.1428571428571432,0.9634042666927518,76.37142857142858,Cedar Rapids,,,,,,,,,,,,,,,,,,,,,,False,False
345531,Edyun-W28,56612,Artrage Limited,APS,7.0,1.0,1.0,9.714285714285714,7.142857142857143,-2.5714285714285703,0.9567658008170786,90.97142857142856,Greenwood,,,,,,,,,,,,,,,,,,,,,,False,False
371132,Gourmet Settings WA 98390 (2),2784,Gourmet Settings,Tabletop,7.0,1.0,0.8571428571428571,10.142857142857142,8.714285714285714,-1.4285714285714288,0.955602920184558,94.24285714285715,Chicago,,,,,,,,,,,,,,,,,,,,,,False,False
272762,YantaiLuomingXinxijishuYoungsi Y1-LOS CA 91761,212725,Yantai Luoming Xinxijishu Youxiangongsi,APS Bedroom,7.0,0.8571428571428571,1.0,8.142857142857142,6.714285714285714,-1.428571428571428,0.9741912301555994,53.042857142857144,Cleveland,,,,,,,,,,,,,,,,,,,,,,False,False
62840,Empire Art Direct CA 91762,19066,Empire Art Direct,Decor,7.0,1.0,1.0,9.142857142857142,8.142857142857142,-1.0,0.9664591155205731,73.15714285714286,Columbus,,,,,,,,,,,,,,,,,,,,,,False,False
110179,"Eway Trading(Hangzhou)Co .,Ltd CA 91730",83027,"Hangzhou Shinnwa Hometex Co.,Ltd",APS Outdoor,7.0,1.0,0.7142857142857143,8.142857142857142,8.142857142857142,0.0,0.9697195358512027,63.971428571428575,Chicago,,,,,,,,,,,,,,,,,,,,,,False,False
324111,LD-乐歌-CAP,313528,"Maizhe Intemnational Trade Co., Limited",APS AEOF,7.0,0.7142857142857143,0.5714285714285714,7.428571428571429,7.571428571428571,0.14285714285714235,0.9865551371974358,26.071428571428577,Greenwood,,,,,,,,,,,,,,,,,,,,,,False,False
405837,"Shenzhen Gaohe Intelligent Furniture Co., Ltd. CA 92337",367503,"Shenzhen Gaohe Intelligent Furniture Co., Ltd.",APS K&D,7.0,1.0,1.0,9.285714285714286,8.0,-1.2857142857142865,0.9660434448479076,70.72857142857143,Chicago,,,,,,,,,,,,,,,,,,,,,,False,False
110021,SwissMadison® CA 92570,32766,SwissMadison®,Plumbing,7.0,1.0,1.0,10.285714285714286,8.571428571428571,-1.7142857142857153,0.9599609045151486,87.81428571428572,Chicago,,,,,,,,,,,,,,,,,,,,,,False,False
406898,     JLCA6,103176,shenzhen jiejiegao wangluokejiyouxiangongsi,APS Upholstery,7.0,1.0,1.0,9.571428571428571,7.857142857142857,-1.7142857142857144,0.9723184130769711,49.957142857142856,Chicago Loop,,,,,,,,,,,,,,,,,,,,,,False,False
36871,Andrew Home Studio,36871,Andrew Home Studio,Casegoods,7.0,0.5714285714285714,0.14285714285714285,10.571428571428571,11.142857142857142,0.5714285714285712,0.9634164181260566,77.21428571428571,Chicago,,,,,,,,,,,,,,,,,,,,,,False,False
329671,huainanshiliyuhuwaiyongpinyouxiangongsi CA 90703,329668,huainanshiliyuhuwaiyongpinyouxiangongsi,Wayfair,7.0,0.42857142857142855,0.8571428571428571,9.0,7.571428571428571,-1.4285714285714288,0.9627123688045417,76.71428571428571,Champaign,,,,,,,,,,,,,,,,,,,,,,False,False
330129,"Foshan Lujiao Cross-border E-commerce Co., Ltd. CA 90638",330117,"Foshan Lujiao Cross-border E-commerce Co., Ltd.",Wayfair,7.0,1.0,1.0,9.571428571428571,8.285714285714286,-1.2857142857142847,0.9508319042198166,97.02857142857144,Columbus,,,,,,,,,,,,,,,,,,,,,,False,False
63834,M4H SRI,51878,Made4home,APS SEA,7.0,0.7142857142857143,1.0,9.428571428571429,8.428571428571429,-1.0,0.94250557476564,101.94285714285714,Chicago,,,,,,,,,,,,,,,,,,,,,,False,False
310855,Espiron Optimum Inc CA 92337(2),296653,Espiron Optimum Inc,Casegoods,7.0,1.0,0.8571428571428571,8.285714285714286,6.571428571428571,-1.7142857142857153,0.9336071442498526,119.08571428571427,East Cleveland,,,,,,,,,,,,,,,,,,,,,,False,False
225818,"YIWU QIANXIN IMPORTEXPORT CO.,LTD CA-Storm 91761 ",156977,"YIWU QIANXIN IMPORT&EXPORT CO.,LTD",APS,7.0,1.0,1.0,8.714285714285714,6.571428571428571,-2.1428571428571423,0.9761738303540296,50.557142857142864,Columbus Local,,,,,,,,,,,,,,,,,,,,,,False,False
221360,M & Y Traders Global LLC CA 90746,221359,M & Y Traders Global LLC,Youth Furniture & Decor,7.0,1.0,1.0,11.285714285714286,7.285714285714286,-4.000000000000001,0.9675730144900145,70.28571428571429,Chicago,,,,,,,,,,,,,,,,,,,,,,False,False
177898,Atlas International CA 92649,5377,"JG Group, Inc.",Plumbing,7.0,0.42857142857142855,0.8571428571428571,8.714285714285714,8.285714285714286,-0.42857142857142705,0.9811823067430897,39.114285714285714,Chicago,,,,,,,,,,,,,,,,,,,,,,False,False
348798,MagicAmazingInc. CA 90040,123700,MagicAmazingInc.,APS Home Improvement,7.0,1.0,1.0,9.0,8.428571428571429,-0.5714285714285712,0.9817857949604971,36.25714285714285,Chicago Loop,,,,,,,,,,,,,,,,,,,,,,False,False
366893,"Jiangmen Bohan trading Co., LTD CA 91762",284276,"Jiangmen Bohan trading Co., LTD",APS Home Improvement,7.0,1.0,1.0,9.571428571428571,6.857142857142857,-2.7142857142857144,0.9690421232875346,65.98571428571428,Chicago,,,,,,,,,,,,,,,,,,,,,,False,False
321983,"Qingdao Docool Technology Co., Ltd CA 91761 ",98174,"Qingdao Docool Technology Co., Ltd",APS,7.0,0.42857142857142855,1.0,10.142857142857142,8.0,-2.1428571428571423,0.9556895164590398,85.31428571428572,Romeoville Rsf,,,,,,,,,,,,,,,,,,,,,,False,False
449676,deconovo CA 90631,56072,deconovo,APS Soft Home,7.0,1.0,1.0,11.285714285714286,8.714285714285714,-2.571428571428573,0.9685278306086003,67.81428571428572,Chicago,,,,,,,,,,,,,,,,,,,,,,False,False
363215,ONT5,202881,fanfei zhejiang xincailiao youxian gongsi,APS Decor,7.0,1.0,0.8571428571428571,8.857142857142858,7.571428571428571,-1.2857142857142865,0.971345071645762,62.1857142857143,Toledo,,,,,,,,,,,,,,,,,,,,,,False,False
449192,"yiwu panting Electronic commerce co., LTD CA 91761",435218,"yiwu panting Electronic commerce co., LTD",APS Decor,7.0,1.0,1.0,10.714285714285714,8.571428571428571,-2.1428571428571423,0.9730268226872838,60.285714285714285,Toledo,,,,,,,,,,,,,,,,,,,,,,False,False
173496,COSUTE LLC CA,71264,COSUTE LLC,Soft Home,7.0,0.5714285714285714,0.7142857142857143,8.714285714285714,7.857142857142857,-0.8571428571428568,0.9792609529094074,44.97142857142857,Maple Grove,,,,,,,,,,,,,,,,,,,,,,False,False
57878,Signare USA,57878,Signare USA,Soft Home,7.0,1.0,0.8571428571428571,9.0,8.285714285714286,-0.7142857142857135,0.9831929727215913,35.91428571428571,Columbus,,,,,,,,,,,,,,,,,,,,,,False,False
363181,Henanshengxiaolanghuaxinxijishuyouxiangongsi CA 90660,361269,Henanshengxiaolanghuaxinxijishuyouxiangongsi,Wayfair,7.0,0.8571428571428571,0.7142857142857143,9.714285714285714,9.142857142857142,-0.5714285714285712,0.9434070695914657,119.11428571428573,Chicago,,,,,,,,,,,,,,,,,,,,,,False,False
293571,fuzhoutongtuomaoyiyouxiangongsi CA 91702,292376,fuzhoutongtuomaoyiyouxiangongsi,Wayfair,7.0,1.0,0.8571428571428571,9.142857142857142,7.857142857142857,-1.2857142857142856,0.959249377677606,85.35714285714286,Toledo,,,,,,,,,,,,,,,,,,,,,,False,False
363155,QingDaoPianKeZhiQianKeJiYouXianGongSi CA 91761,304357,QingDaoPianKeZhiQianKeJiYouXianGongSi,APS Youth,7.0,0.5714285714285714,0.7142857142857143,9.0,8.428571428571429,-0.5714285714285712,0.9785721429134376,43.771428571428565,Chicago,,,,,,,,,,,,,,,,,,,,,,False,False
349497,MagicAmazingInc. CA 91761,123700,MagicAmazingInc.,APS Home Improvement,7.0,1.0,1.0,9.142857142857142,7.857142857142857,-1.2857142857142856,0.9884412993437743,23.1,Greenwood,,,,,,,,,,,,,,,,,,,,,,False,False
349132,shen zhen shi qian bao ge mao yi you xian CA 92376,304209,"Puze Technology (Hong Kong) Co., Limited",APS Home Improvement,7.0,0.8571428571428571,0.8571428571428571,8.857142857142858,7.285714285714286,-1.571428571428572,0.9772779876286576,42.142857142857146,Greenwood,,,,,,,,,,,,,,,,,,,,,,False,False
224531,xiyou Fontana CA（LA4）92337,64480,SHENZHEN SUFEILAN TRADING COMPANY,APS,7.0,0.8571428571428571,0.7142857142857143,8.714285714285714,8.571428571428571,-0.14285714285714235,0.9754861514003006,49.800000000000004,Romeoville Ncpc,,,,,,,,,,,,,,,,,,,,,,False,False
224489,CAINIAO-CA,97936,Bing Sen Guo Ji You Xian Gong Si,APS Youth,7.0,1.0,0.8571428571428571,7.571428571428571,7.0,-0.5714285714285712,0.9632538256800219,80.44285714285715,Chicago,,,,,,,,,,,,,,,,,,,,,,False,False
363106,shenzhenshihuayuchuankejikaifayouxiangongsi CA 91746,359526,shenzhenshihuayuchuankejikaifayouxiangongsi,Casegoods,7.0,1.0,0.7142857142857143,8.857142857142858,8.0,-0.8571428571428577,0.9399183746113174,125.97142857142858,Chicago,,,,,,,,,,,,,,,,,,,,,,False,False
297788,"Lilys Living, Inc. CA",53555,"Lilys Living, Inc.",Casegoods,7.0,1.0,0.8571428571428571,7.142857142857143,7.0,-0.14285714285714324,0.9784999995022299,40.528571428571425,Chicago,,,,,,,,,,,,,,,,,,,,,,False,False
214262,LASP,41414,Universe Home Inc.,APS,7.0,0.7142857142857143,1.0,9.142857142857142,8.428571428571429,-0.7142857142857135,0.9706779727774126,58.01428571428572,Chicago,,,,,,,,,,,,,,,,,,,,,,False,False
13001,Koyal Wholesale,13001,Koyal Wholesale,Decor,7.0,1.0,0.7142857142857143,8.0,7.857142857142857,-0.14285714285714324,0.9568149713698767,72.44285714285715,Chicago,,,,,,,,,,,,,,,,,,,,,,False,False
297294,U-CA-2,221756,Ning Bo Hao Mi Xin Xi Ke Ji You Xian Gong Si,APS,6.0,0.8333333333333334,1.0,9.0,8.333333333333334,-0.6666666666666661,0.9515261439520349,102.28333333333335,Toledo,,,,,,,,,,,,,,,,,,,,,,False,False
233264,     TOPCA,79918,SEANNAL INC,Upholstery,6.0,1.0,1.0,10.5,8.166666666666666,-2.333333333333334,0.9603790433175107,86.96666666666665,Maple Grove,,,,,,,,,,,,,,,,,,,,,,False,False
233674,Ozeri Downey,15342,Ozeri,Kitchen & Small Electrics,6.0,1.0,1.0,8.166666666666666,7.666666666666667,-0.4999999999999991,0.9754566905598073,50.9,Chicago,,,,,,,,,,,,,,,,,,,,,,False,False
408512,"FOSHAN FEILING TRADING CO., LTD. CA 91789",62302,INSEUS INC_4,APS Upholstery,6.0,1.0,0.8333333333333334,9.5,8.5,-1.0,0.9933486917450397,12.200000000000001,Chicago,,,,,,,,,,,,,,,,,,,,,,False,False
1620,Zojirushi America Corp.,1620,Zojirushi America Corp.,Kitchen & Small Electrics,6.0,0.16666666666666666,0.8333333333333334,8.333333333333334,8.166666666666666,-0.16666666666666785,0.9839084174000335,35.1,Chicago,,,,,,,,,,,,,,,,,,,,,,False,False
178430,Strong Plum Blossom Inc. CA 91762,73766,Strong Plum Blossom Inc.,APS Home Improvement,6.0,1.0,1.0,8.666666666666666,7.166666666666667,-1.4999999999999991,0.9891178770568162,21.433333333333334,Maple Grove,,,,,,,,,,,,,,,,,,,,,,False,False
363942,"Hangzhou Yude Consulting Co., Ltd. CA 92337",363937,"Hangzhou Yude Consulting Co., Ltd.",Wayfair,6.0,0.6666666666666666,1.0,8.5,8.0,-0.5,0.9172486819150508,157.85,Romeoville Rsf,,,,,,,,,,,,,,,,,,,,,,False,False
50593,Home Accent LA,50593,Home Accent LA,APS Soft Home,6.0,1.0,0.8333333333333334,7.5,7.166666666666667,-0.33333333333333304,0.9834319514402429,33.449999999999996,Mccook,,,,,,,,,,,,,,,,,,,,,,False,False
360533,MEET SUNNY CORPORATION CA 92337(4),68299,MEET SUNNY CORPORATION,APS Home Improvement,6.0,1.0,1.0,12.0,9.0,-3.0,0.9732755022953556,59.76666666666666,Columbus,,,,,,,,,,,,,,,,,,,,,,False,False
363356,Ning Bo Jing Wei Dian Zi Shang Wu You Xian Gong Si CA 92316,110596,Ning Bo Jing Wei Dian Zi Shang Wu You Xian Gong Si,APS Outdoor,6.0,0.16666666666666666,0.5,9.166666666666666,10.666666666666666,1.5,0.954937294208526,91.46666666666665,Toledo,,,,,,,,,,,,,,,,,,,,,,False,False
223807,William meixi,92496,Luxuria Furniture Inc,Lighting,6.0,0.6666666666666666,0.6666666666666666,7.833333333333333,8.0,0.16666666666666696,0.9889826111325878,21.633333333333336,Chicago,,,,,,,,,,,,,,,,,,,,,,False,False
348624,Kuaicang2-CA,82169,"DALI FORTUNE TRADE CO.,LIMITED",APS Rugs,6.0,0.8333333333333334,0.8333333333333334,9.166666666666666,7.5,-1.666666666666666,0.9739726555254306,56.0,Toledo,,,,,,,,,,,,,,,,,,,,,,False,False
220897,Livwell Brands LLC CA 92337,220438,Livwell Brands LLC,Kitchen & Small Electrics,6.0,0.0,0.0,7.0,9.0,2.0,1.0,0.0,Minot,,,,,,,,,,,,,,,,,,,,,,False,False
116459,Wiando CA 91789,58611,WINADO INC,APS Outdoor,6.0,1.0,1.0,7.833333333333333,7.333333333333333,-0.5,0.9555483492836655,94.05000000000001,North St.Louis,,,,,,,,,,,,,,,,,,,,,,False,False
405366,ARTPLAN Trading LLC CA 91761,59788,ARTPLAN Trading LLC,APS Outdoor,6.0,1.0,1.0,8.833333333333334,7.0,-1.833333333333334,0.9619608267919348,78.13333333333334,Chicago,,,,,,,,,,,,,,,,,,,,,,False,False
405491,无忧达-CAJW07-92324,313331,KEYULONGYUDIANZISHANGWU LIMITED,APS Mattresses,6.0,0.3333333333333333,1.0,9.0,8.5,-0.5,0.9581686194409519,81.88333333333334,Chicago,,,,,,,,,,,,,,,,,,,,,,False,False
268306,XH WP_LSJ11 CA 92410,66040,Shenzhen XinheTrade Limited Company,APS,6.0,0.8333333333333334,0.8333333333333334,9.0,8.333333333333334,-0.6666666666666661,0.9715201819378384,64.16666666666667,Cleveland,,,,,,,,,,,,,,,,,,,,,,False,False
110130,YYBS Company Ltd CA 91710,90371,YYBS Company Ltd,APS,6.0,1.0,1.0,8.833333333333334,6.833333333333333,-2.000000000000001,0.9560379077874769,96.16666666666667,Greenwood,,,,,,,,,,,,,,,,,,,,,,False,False
399689,"Dongguan SheShang Furniture Trading Co.,Ltd CA 91761",299076,"Dongguan SheShang Furniture Trading Co.,Ltd",APS Upholstery,6.0,1.0,1.0,6.333333333333333,5.833333333333333,-0.5,0.9142433884839248,167.5666666666667,Olive Branch,,,,,,,,,,,,,,,,,,,,,,False,False
399951,Dayesmile Inc CA 92374,85804,Dayesmile Inc,APS Upholstery,6.0,1.0,1.0,10.333333333333334,6.666666666666667,-3.666666666666667,0.9976352511977664,5.083333333333333,West Columbus,,,,,,,,,,,,,,,,,,,,,,False,False
254841,Guangdong Shunde Shanyun Technology CA 91748,86674,"Guangdong Shunde Shanyun Technology Co.,Ltd",APS,6.0,1.0,1.0,9.5,8.333333333333334,-1.166666666666666,0.9434015174996918,125.90000000000002,Columbus,,,,,,,,,,,,,,,,,,,,,,False,False
290451,SZ TOPHAND CA,54022,SZ TOPHAND,Hardware,6.0,1.0,0.8333333333333334,7.166666666666667,7.166666666666667,0.0,0.9432499859631941,101.63333333333334,Kansas City,,,,,,,,,,,,,,,,,,,,,,False,False
460924,COLORLINK Decor Inc CA 92335,221053,COLORLINK Decor Inc,Upholstery,6.0,0.8333333333333334,0.8333333333333334,9.166666666666666,8.333333333333334,-0.8333333333333321,0.9872368550135046,26.850000000000005,Columbus,,,,,,,,,,,,,,,,,,,,,,False,False
286947,Tianjin Yuyao Technology Co. CA 91730,286842,LUMINOUS PATHWAY TRADING LIMITED,Wayfair,6.0,1.0,1.0,9.0,8.0,-1.0,0.973359703674479,56.18333333333334,Romeoville Ncpc,,,,,,,,,,,,,,,,,,,,,,False,False
271905,HomeAgain LLC CA 90040,271348,HomeAgain LLC,Wayfair,6.0,0.8333333333333334,0.8333333333333334,11.5,8.0,-3.5,0.9687660400996126,65.21666666666667,Chicago,,,,,,,,,,,,,,,,,,,,,,False,False
370541,"Shenzhen Xujin Technology Co., Ltd. CA 91752",370101,"Shenzhen Xujin Technology Co., Ltd.",Wayfair,6.0,1.0,1.0,9.666666666666666,7.0,-2.666666666666666,0.9702152545530969,61.48333333333333,Northern Kentucky,,,,,,,,,,,,,,,,,,,,,,False,False
153325,德威美国西仓,76761,Shenzhenshi Daman Shiye Youxiangongsi,APS K&D,6.0,0.5,0.5,7.666666666666667,8.5,0.833333333333333,0.9646211272853437,80.39999999999999,Columbus,,,,,,,,,,,,,,,,,,,,,,False,False
59126,GNSSale CA 92154,39757,GNSSale,Tabletop,6.0,1.0,1.0,9.5,7.666666666666667,-1.833333333333333,0.9725097062027505,61.666666666666664,North St.Louis,,,,,,,,,,,,,,,,,,,,,,False,False
435103,"Ningbo Maowei E-commerce Co., Ltd. CA 91708",293239,"Ningbo Maowei E-commerce Co., Ltd.",APS Outdoor,6.0,1.0,1.0,8.666666666666666,7.166666666666667,-1.4999999999999991,0.963728284073272,66.11666666666666,North Kansas City Ncpc,,,,,,,,,,,,,,,,,,,,,,False,False
276076,Naomi Home CA 90810,46174,Naomi Home,Upholstery,6.0,1.0,1.0,7.166666666666667,6.333333333333333,-0.8333333333333339,0.979636005955121,40.983333333333334,Maple Grove,,,,,,,,,,,,,,,,,,,,,,False,False
369848,"Qingdao Ouyida International Trade Co., Ltd CA 92337",312263,METALHUT TRADING LIMITED,APS AEOF,6.0,1.0,0.8333333333333334,8.833333333333334,8.166666666666666,-0.6666666666666679,0.9837487447288681,32.38333333333333,Cleveland,,,,,,,,,,,,,,,,,,,,,,False,False
328308,Vintagee Furnishings Inc CA 92880,271742,Vintagee Furnishings Inc,Casegoods,6.0,1.0,1.0,10.0,8.333333333333334,-1.666666666666666,0.9623608175640692,70.7,Romeoville Rsf,,,,,,,,,,,,,,,,,,,,,,False,False
373860,Shantoushichenghaiqileriyongbaihuoshanghang CA 94545,295661,Shantoushichenghaiqileriyongbaihuoshanghang,APS Housewares & More,6.0,1.0,1.0,10.0,6.666666666666667,-3.333333333333333,0.9639397088344398,85.81666666666666,Columbus,,,,,,,,,,,,,,,,,,,,,,False,False
445815,"Yiwu Youlian E-Commerce Co., Ltd. CA 91752-7404",66015,"Yiwu Youlian E-Commerce Co., Ltd.",APS Outdoor,6.0,1.0,1.0,9.0,7.333333333333333,-1.666666666666667,0.977320285988541,46.88333333333333,Chicago,,,,,,,,,,,,,,,,,,,,,,False,False
171902,Hangzhou Danzhu Dianzi Shangwu Co Ltd CA 91730,163209,Hangzhou Danzhu Dianzi Shangwu Co Ltd,APS,6.0,0.8333333333333334,0.8333333333333334,8.0,8.666666666666666,0.6666666666666661,0.9480305244537693,109.83333333333333,Maple Grove,,,,,,,,,,,,,,,,,,,,,,False,False
309339,Hubei Wokaiduo Shangmao Youxian Gongsi CA 91745,309337,Hubei Wokaiduo Shangmao Youxian Gongsi,Wayfair,6.0,1.0,1.0,8.833333333333334,8.166666666666666,-0.6666666666666679,0.9533026770777178,101.0,Toledo,,,,,,,,,,,,,,,,,,,,,,False,False
42889,US Pride Furniture Corp CA 91745,22449,US Pride Furniture Corp,Upholstery,6.0,0.8333333333333334,1.0,9.333333333333334,7.5,-1.833333333333334,0.9857125554891133,29.983333333333334,Chicago,,,,,,,,,,,,,,,,,,,,,,False,False
195873,Legend Furniture CA 90601,39181,Legend Furniture,APS Upholstery,6.0,1.0,1.0,7.0,7.0,0.0,0.9738781318290389,51.4,Chicago,,,,,,,,,,,,,,,,,,,,,,False,False
193083,RBROHANT INC CA 91761,65035,RBROHANT INC,APS,6.0,0.6666666666666666,0.8333333333333334,8.166666666666666,8.0,-0.16666666666666607,0.9879040888021408,24.83333333333333,Chicago,,,,,,,,,,,,,,,,,,,,,,False,False
38374,Simply Elegant Events and Crafts,38374,Simply Elegant Events and Crafts,Decor,6.0,1.0,0.8333333333333334,8.0,7.5,-0.5,0.9475925987443451,115.0,Greenwood,,,,,,,,,,,,,,,,,,,,,,False,False
413749, WPLA4-WPLA17,195189,GOLD LION INTERNATIONAL LTD.,APS Bedroom,6.0,0.6666666666666666,0.8333333333333334,7.833333333333333,7.166666666666667,-0.6666666666666661,0.9748262174174588,49.21666666666666,Chicago,,,,,,,,,,,,,,,,,,,,,,False,False
79898,Studio Designs Inc. CA,5161,Studio Designs Inc.,Casegoods,6.0,1.0,1.0,8.166666666666666,7.666666666666667,-0.4999999999999991,0.975951101214628,50.28333333333333,Des Moines,,,,,,,,,,,,,,,,,,,,,,False,False
414759,US AUTOFLY KAOLA LLC CA 91702,78357,US AUTOFLY KAOLA LLC,APS Home Improvement,6.0,0.8333333333333334,0.8333333333333334,9.666666666666666,9.666666666666666,0.0,0.9298013165605546,128.6,Chicago,,,,,,,,,,,,,,,,,,,,,,False,False
412825,LELELINKY INTERNATIONAL LIMITED CA 92337,408925,LELELINKY INTERNATIONAL LIMITED,Wayfair,6.0,0.8333333333333334,1.0,8.333333333333334,7.5,-0.8333333333333339,0.9611287138220974,75.96666666666665,Greenwood,,,,,,,,,,,,,,,,,,,,,,False,False
340568,"Yiwu Saiwang E-commerce Co., Ltd. CA 92335",323332,"Yiwu Saiwang E-commerce Co., Ltd.",APS,6.0,1.0,0.8333333333333334,8.666666666666666,8.0,-0.6666666666666661,0.9688597877043418,65.8,New Brighton Ncpc,,,,,,,,,,,,,,,,,,,,,,False,False
431040,洛杉矶-发光体-大件,271328,"Changzhou Dizeng E-commerce Co., LTD",APS Bedroom,6.0,1.0,1.0,9.0,7.833333333333333,-1.166666666666667,0.98118330384523,42.06666666666667,Toledo,,,,,,,,,,,,,,,,,,,,,,False,False
431175,Inspired Trends Inc CA 91752(2),300372,Inspired Trends Inc,Decor,6.0,0.5,0.6666666666666666,9.833333333333334,9.5,-0.3333333333333339,0.9611824130941796,78.33333333333333,Carol Stream,,,,,,,,,,,,,,,,,,,,,,False,False
369419,"Zhengyuan Kechuang (Shenzhen) Technology Co., Ltd. CA 92883",369416,"Zhengyuan Kechuang (Shenzhen) Technology Co., Ltd.",Wayfair,6.0,1.0,1.0,10.666666666666666,8.0,-2.666666666666666,0.9770674732707539,46.199999999999996,Carol Stream,,,,,,,,,,,,,,,,,,,,,,False,False
355239,JLCA6,103170,shenzhenshi bonaite dianzishangwu youxiangongsi,APS Housewares & More,6.0,1.0,1.0,9.833333333333334,9.166666666666666,-0.6666666666666679,0.9846371110633204,29.400000000000002,Chicago Loop,,,,,,,,,,,,,,,,,,,,,,False,False
343367,"Suzhou Zichen Trading Co., Ltd. CA 91706",148750,"Suzhou Zichen Trading Co., Ltd.",APS Bedroom,6.0,1.0,0.8333333333333334,10.333333333333334,9.333333333333334,-1.0,0.9854240848979784,30.05,Chicago,,,,,,,,,,,,,,,,,,,,,,False,False
340399,TALOYA AMMING LLC CA2,155413,"Jiangxi Taloya Technology Co.,Ltd",APS Home Improvement,6.0,1.0,1.0,8.666666666666666,7.5,-1.166666666666666,0.9579756144763917,86.81666666666666,Chicago,,,,,,,,,,,,,,,,,,,,,,False,False
286485,"Guangdong Ansiondarry Technology Co.,Ltd. CA 91710",240495,"Guangdong Ansiondarry Technology Co.,Ltd.",APS Home Improvement,6.0,0.8333333333333334,1.0,7.833333333333333,7.0,-0.833333333333333,0.9147290896149095,148.46666666666667,Kansas City,,,,,,,,,,,,,,,,,,,,,,False,False
342010,"SHENZHEN SEENDA TECHNOLOGY CO.,LTD. CA 92410",341998,"SHENZHEN SEENDA TECHNOLOGY CO.,LTD.",Wayfair,6.0,0.3333333333333333,0.3333333333333333,8.333333333333334,9.833333333333334,1.5,0.9459829421920863,109.46666666666665,Romeoville Ncpc,,,,,,,,,,,,,,,,,,,,,,False,False
460869,Healthcareco ltd CA 92374,150801,Healthcareco ltd,APS Mattresses,6.0,1.0,1.0,8.833333333333334,6.833333333333333,-2.000000000000001,0.9748858618661567,55.366666666666674,Greenwood,,,,,,,,,,,,,,,,,,,,,,False,False
458336,Guang Zhou Maifeng Wang Luo Ke Ji You Xian Gong Si CA 90040,350544,Guang Zhou Maifeng Wang Luo Ke Ji You Xian Gong Si,APS Home Improvement,6.0,0.8333333333333334,0.8333333333333334,9.166666666666666,8.5,-0.6666666666666661,0.9463606282064219,118.06666666666666,Columbus,,,,,,,,,,,,,,,,,,,,,,False,False
302863,DecoMust WA 98230,41928,DecoMust,Lighting,6.0,0.6666666666666666,0.6666666666666666,10.333333333333334,8.833333333333334,-1.5,0.9849401423233308,29.25,Romeoville Rsf,,,,,,,,,,,,,,,,,,,,,,False,False
359515,DBONILLA LIVE LLC CA 91762,307343,DBONILLA LIVE LLC,Casegoods,6.0,1.0,1.0,11.5,8.833333333333334,-2.666666666666666,0.990739517015964,19.95,Chicago,,,,,,,,,,,,,,,,,,,,,,False,False
278416,Mopio Inc. CA 92374,63903,Mopio Inc.,Casegoods,6.0,0.8333333333333334,0.8333333333333334,8.333333333333334,7.5,-0.8333333333333339,0.9682409423860564,63.81666666666666,New Brighton Ncpc,,,,,,,,,,,,,,,,,,,,,,False,False
361457,"Foshan Mengduoduo Furniture Co., Ltd CA 92335",350170,"Foshan Mengduoduo Furniture Co., Ltd",Mattress,6.0,0.5,0.6666666666666666,9.666666666666666,9.0,-0.6666666666666661,0.9862296174903094,29.28333333333333,Chicago,,,,,,,,,,,,,,,,,,,,,,False,False
185475,WallBeyond International Inc CA 91744,70454,WallBeyond International Inc,APS Youth,6.0,1.0,1.0,7.666666666666667,7.333333333333333,-0.3333333333333339,0.9675889473919362,72.89999999999999,Chicago Loop,,,,,,,,,,,,,,,,,,,,,,False,False
49190,Nordic Style LLC CA 91710,36086,Nordic Style LLC,Soft Home,6.0,0.6666666666666666,1.0,8.333333333333334,7.666666666666667,-0.666666666666667,0.9695337487307305,63.51666666666667,Toledo,,,,,,,,,,,,,,,,,,,,,,False,False
242477,Zhejiang Paide Network Technology Co Ltd CA 92410,103843,Zhejiang Paide Network Technology Co Ltd,APS,6.0,1.0,1.0,9.333333333333334,7.833333333333333,-1.5000000000000009,0.9686145270252363,59.35,Chicago,,,,,,,,,,,,,,,,,,,,,,False,False
304910,Enyibath Inc CA 91730,264893,Enyibath Inc,APS,6.0,1.0,0.8333333333333334,8.833333333333334,7.666666666666667,-1.166666666666667,0.9636351029040972,76.89999999999999,Chicago,,,,,,,,,,,,,,,,,,,,,,False,False
282345,LT and Fuin Trading Inc CA 92337,83163,LT and Fuin Trading Inc,APS Youth,6.0,1.0,1.0,9.5,7.666666666666667,-1.833333333333333,0.9575915304288315,81.71666666666665,Romeoville Ncpc,,,,,,,,,,,,,,,,,,,,,,False,False
306035,REDTECK INC CA 91750 ,89910,REDTECK INC.,APS,6.0,1.0,1.0,7.833333333333333,7.5,-0.33333333333333304,0.9763874852052675,48.96666666666667,Chicago,,,,,,,,,,,,,,,,,,,,,,False,False
306665,"Mallif Co., LTD CA-15950",109630,"Mallif Co., LTD",APS K&D,6.0,1.0,1.0,9.5,8.333333333333334,-1.166666666666666,0.9485188655104976,104.41666666666667,Columbus,,,,,,,,,,,,,,,,,,,,,,False,False
307550,S & Y FURNITURE LLC CA 90723,301650,S & Y FURNITURE LLC,Wayfair,6.0,1.0,0.8333333333333334,7.833333333333333,7.666666666666667,-0.16666666666666607,0.9561374532261567,88.78333333333335,North St.Louis,,,,,,,,,,,,,,,,,,,,,,False,False
279560,Wenzhouzhiyao-KaiHe-CA 91752,174821,Wenzhou Yiyao Maoyi Youxiangongsi,APS,6.0,1.0,1.0,10.0,8.333333333333334,-1.666666666666666,0.9811744137279946,39.583333333333336,Greenwood,,,,,,,,,,,,,,,,,,,,,,False,False
452414,Xiamen Dirui lmport and Export Co ltd CA 91761(2),266453,Xiamen Dirui lmport and Export Co ltd,APS Soft Home,6.0,0.8333333333333334,0.8333333333333334,8.5,8.833333333333334,0.3333333333333339,0.9725795904274525,52.666666666666664,North St.Louis,,,,,,,,,,,,,,,,,,,,,,False,False
112400,SHENZHEN AIBO OPTOELECTRONIC CA 91706,72103,SHENZHEN AIBO OPTOELECTRONIC LTD,APS Home Improvement,6.0,1.0,1.0,9.166666666666666,6.833333333333333,-2.333333333333333,0.9585927209666303,89.98333333333333,Romeoville Ncpc,,,,,,,,,,,,,,,,,,,,,,False,False
116118,Origami Group Inc. CA 91750,13145,Origami Group Inc.,Storage & Org - Frequency,6.0,0.8333333333333334,0.8333333333333334,11.5,9.5,-2.0,0.9686000897714656,65.69999999999999,Chicago,,,,,,,,,,,,,,,,,,,,,,False,False
409470,Shayingb EcomTsz LLC CA 91731,357689,Shayingb EcomTsz LLC,Soft Home,6.0,1.0,1.0,12.166666666666666,6.833333333333333,-5.333333333333333,0.9704290346352984,57.583333333333336,North St.Louis,,,,,,,,,,,,,,,,,,,,,,False,False
409818,5 Oaks Furniture CA 91730,46556,5 Oaks Furniture,Lighting,6.0,1.0,1.0,10.666666666666666,6.833333333333333,-3.833333333333333,0.9539347354923158,89.03333333333332,Columbus,,,,,,,,,,,,,,,,,,,,,,False,False
432697,EFFLIKE BLEALL GNARUSE INC CA 92337,430908,EFFLIKE BLEALL GNARUSE INC,Wayfair,6.0,1.0,1.0,10.0,7.333333333333333,-2.666666666666667,0.977570786576567,38.833333333333336,Chicago,,,,,,,,,,,,,,,,,,,,,,False,False
376061,"Whole Linens, Inc. CA 91761",44480,"Whole Linens, Inc.",Soft Home,6.0,1.0,1.0,9.666666666666666,7.666666666666667,-1.9999999999999991,0.970869472345706,53.23333333333333,Cedar Rapids,,,,,,,,,,,,,,,,,,,,,,False,False
135540,Yii Lighting CA 91789,61379,Eternadecor INC_1,APS Home Improvement,6.0,0.5,1.0,10.166666666666666,6.833333333333333,-3.333333333333333,0.9690565158211238,64.63333333333334,Toledo,,,,,,,,,,,,,,,,,,,,,,False,False
374771,qingdaojiaixinwangbangmaoyiyouxiangongsi_1 CA 91752,341200,qingdaojiaixinwangbangmaoyiyouxiangongsi_1,APS Decor,6.0,0.5,0.6666666666666666,11.333333333333334,11.0,-0.3333333333333339,0.9872218379073967,27.016666666666666,Chicago Loop,,,,,,,,,,,,,,,,,,,,,,False,False
426333,sichuan lufeijian kejiyouxiangongsi CA 91730,370727,sichuan lufeijian kejiyouxiangongsi,APS Housewares & More,6.0,1.0,1.0,9.833333333333334,8.166666666666666,-1.6666666666666679,0.9725025950241033,60.21666666666667,Ann Arbor,,,,,,,,,,,,,,,,,,,,,,False,False
252863,"ZHEJIANG SHUAISHUAI TECHNOLOGIES CO., LTD CA 92337",252852,"WENZHOU GOGOGO INTERNATIONAL TRADING CO., LTD.",APS,6.0,1.0,0.8333333333333334,9.166666666666666,6.833333333333333,-2.333333333333333,0.963958570889741,74.63333333333334,Chicago,,,,,,,,,,,,,,,,,,,,,,False,False
412787,NEW BKFARMHOUSE INC CA 92337,91036,NEW BKFARMHOUSE INC,APS Pet,6.0,0.0,0.6666666666666666,7.0,8.0,1.0,0.974559336270731,55.4,Toledo,,,,,,,,,,,,,,,,,,,,,,False,False
402503,Bella Depot Inc. CA 91761,34959,Bella Depot Inc.,APS Home Improvement,6.0,0.8333333333333334,0.8333333333333334,10.0,8.666666666666666,-1.333333333333334,0.9817647368498156,35.86666666666667,Chicago,,,,,,,,,,,,,,,,,,,,,,False,False
449386,TURVISION INC CA 92337,439102,TURVISION INC,APS Housewares & More,6.0,1.0,0.8333333333333334,7.333333333333333,7.166666666666667,-0.16666666666666607,0.9797989960686304,39.61666666666667,Columbus,,,,,,,,,,,,,,,,,,,,,,False,False
49293,Beme International LLC CA 90220,13216,Beme International LLC,Soft Home,6.0,1.0,0.8333333333333334,9.166666666666666,8.0,-1.166666666666666,0.9523974704916599,99.5,Chicago,,,,,,,,,,,,,,,,,,,,,,False,False
49570,2xhome inc.,49570,2xhome inc.,Casegoods,6.0,1.0,1.0,9.333333333333334,7.166666666666667,-2.166666666666667,0.9858498924612538,28.866666666666664,Chicago,,,,,,,,,,,,,,,,,,,,,,False,False
468588,shilijincheng CA 91761,63929,Hong Kong HuaYa Trade Limited,APS Home Improvement,6.0,0.8333333333333334,0.8333333333333334,8.833333333333334,7.666666666666667,-1.166666666666667,0.9612061654110838,83.83333333333333,Cedar Rapids,,,,,,,,,,,,,,,,,,,,,,False,False
345762,Forious Inc. CA 91791,62616,Forious Inc.,APS,6.0,1.0,1.0,10.166666666666666,8.166666666666666,-2.0,0.9575144544066946,85.78333333333335,Northern Kentucky,,,,,,,,,,,,,,,,,,,,,,False,False
207775,legend Furniture INC CA,74020,legend Furniture INC,Upholstery,6.0,1.0,1.0,9.0,8.0,-1.0,0.9906517212352134,21.1,Columbus,,,,,,,,,,,,,,,,,,,,,,False,False
232133,Dito Furn Inc CA 91710,232108,Dito Furn Inc,Wayfair,6.0,0.16666666666666666,0.8333333333333334,8.833333333333334,8.333333333333334,-0.5,0.9881846138043912,25.183333333333334,Chicago,,,,,,,,,,,,,,,,,,,,,,False,False
28342,Marmont Hill CA 93901,14785,Marmont Hill,Decor,6.0,1.0,0.8333333333333334,9.333333333333334,8.666666666666666,-0.6666666666666679,0.9807047790123943,43.916666666666664,Chicago,,,,,,,,,,,,,,,,,,,,,,False,False
353176,"Guangzhou Fengbi Trading Co.,Ltd CA 91762",87299,"HONG KONG FENGBI E-COMMERCE CO., LIMITED",APS Decor,6.0,1.0,1.0,9.166666666666666,8.166666666666666,-1.0,0.9830356611246183,35.699999999999996,Maple Grove,,,,,,,,,,,,,,,,,,,,,,False,False
267762,Velit operationes Inc CA 91761,82261,Velit operationes Inc,APS,6.0,0.8333333333333334,1.0,9.166666666666666,6.166666666666667,-2.999999999999999,0.9474255044448672,100.91666666666667,Champaign,,,,,,,,,,,,,,,,,,,,,,False,False
31464,Mind Reader CA 91752,12176,Mind Reader,Storage & Org - Frequency,6.0,1.0,1.0,9.666666666666666,8.333333333333334,-1.3333333333333321,0.9551292977462743,99.43333333333334,Columbus,,,,,,,,,,,,,,,,,,,,,,False,False
464125,"Shanghai Massfu E-commerce Co., Ltd. CA 91710",444437,"Shanghai Massfu E-commerce Co., Ltd.",APS Soft Home,6.0,1.0,1.0,9.833333333333334,7.833333333333333,-2.000000000000001,0.9371087047280019,120.31666666666666,Toledo,,,,,,,,,,,,,,,,,,,,,,False,False
233872,Somerset Street Inc CA 92301,59399,Somerset Street Inc,Tabletop,6.0,1.0,1.0,9.0,6.666666666666667,-2.333333333333333,0.9612015277237534,82.25,Chicago,,,,,,,,,,,,,,,,,,,,,,False,False
368661,GLERUS LTD CA 92337,276785,GLERUS LTD,Casegoods,6.0,0.8333333333333334,0.8333333333333334,7.666666666666667,7.0,-0.666666666666667,0.9244269424013246,140.23333333333335,Greenwood,,,,,,,,,,,,,,,,,,,,,,False,False
290920,ningboyaolindianzishangwuyouxiangongsi CA 91710,289320,ningboyaolindianzishangwuyouxiangongsi,Wayfair,6.0,1.0,0.8333333333333334,8.166666666666666,6.666666666666667,-1.4999999999999991,0.9683271109778805,65.51666666666667,Cincinnati,,,,,,,,,,,,,,,,,,,,,,False,False
291258,hangzhouxuandakejiyouxiangongsi CA 92337(2),200976,Maxup Holdings Limited,APS Upholstery,6.0,0.6666666666666666,0.5,8.666666666666666,9.0,0.3333333333333339,0.963002371243924,76.75,Greenwood,,,,,,,,,,,,,,,,,,,,,,False,False
295653,Guang Zhou Chang Feng Wang Luo Ke Ji You CA 91706 ,121218,Starsky Runo LLC,APS Home Improvement,6.0,1.0,1.0,8.166666666666666,7.5,-0.6666666666666661,0.9797588987704793,36.24999999999999,Columbus,,,,,,,,,,,,,,,,,,,,,,False,False
475451,Sunrise Outdoor Ltd CA 91706,34616,Sunrise Outdoor Ltd,Outdoor Structures,6.0,1.0,1.0,8.5,7.666666666666667,-0.833333333333333,0.972118446781106,57.50000000000001,Chicago,,,,,,,,,,,,,,,,,,,,,,False,False
10537,Taylor Linens,10537,Taylor Linens,"PG Bedding, Bath & Window",6.0,1.0,1.0,7.833333333333333,7.833333333333333,0.0,0.9241153538224678,149.9333333333333,Chicago,,,,,,,,,,,,,,,,,,,,,,False,False
1617,AICO (Amini Innovation corp.),1617,AICO (Amini Innovation corp.),Casegoods,6.0,1.0,1.0,7.833333333333333,6.5,-1.333333333333333,0.9515776795952614,93.11666666666667,Chicago,,,,,,,,,,,,,,,,,,,,,,False,False
17833,Homelegance Warehouse 1,211,Homelegance,Casegoods,6.0,1.0,1.0,8.0,7.666666666666667,-0.33333333333333304,0.9682527510405087,68.91666666666667,Toledo,,,,,,,,,,,,,,,,,,,,,,False,False
17646,Supreme Housewares,17646,Supreme Housewares,Tabletop,6.0,1.0,1.0,8.833333333333334,7.5,-1.333333333333334,0.9728487030428091,60.85,Chicago,,,,,,,,,,,,,,,,,,,,,,False,False
349413,GUCANG-LA-21,66442,EBOULDER INC.,APS Home Improvement,6.0,0.8333333333333334,1.0,8.166666666666666,7.333333333333333,-0.833333333333333,0.9795116328052783,41.199999999999996,Chicago,,,,,,,,,,,,,,,,,,,,,,False,False
296045,SONICLOUD INC CA 91730,108413,SONICLOUD INC,APS Housewares & More,6.0,1.0,1.0,9.0,6.333333333333333,-2.666666666666667,0.9676932538711002,70.58333333333333,Toledo,,,,,,,,,,,,,,,,,,,,,,False,False
296150, FTN1,47595,MANJUSRI LLC,Casegoods,6.0,1.0,0.6666666666666666,8.166666666666666,8.0,-0.16666666666666607,0.9521375938976084,93.91666666666664,Toledo,,,,,,,,,,,,,,,,,,,,,,False,False
10347,Sunny Designs CA 91730,7399,Sunny Designs,Casegoods,6.0,0.0,1.0,10.5,10.333333333333334,-0.16666666666666607,0.9793203365109809,41.949999999999996,Lenexa,,,,,,,,,,,,,,,,,,,,,,False,False
25807,Pacific Heritage Home Fashion DBA Decor Avenue,25807,Pacific Heritage Home Fashion DBA Decor Avenue,Soft Home,6.0,1.0,1.0,11.666666666666666,9.333333333333334,-2.333333333333332,0.9906121190963608,18.05,Maple Grove,,,,,,,,,,,,,,,,,,,,,,False,False
465706,"Quanzhou Xiaoqi Feng E-commerce Co., Ltd. CA 92324",465193,"Quanzhou Xiaoqi Feng E-commerce Co., Ltd.",Wayfair,6.0,1.0,1.0,15.166666666666666,7.5,-7.666666666666666,0.985402914555013,28.366666666666664,Maple Grove,,,,,,,,,,,,,,,,,,,,,,False,False
471878,"Ningbo Qiangbang Outdoor Leisure Products Co., Ltd CA 92324",104050,"Ningbo Qiangbang Outdoor Leisure Products Co., Ltd",APS Outdoor,6.0,1.0,1.0,8.833333333333334,7.166666666666667,-1.666666666666667,0.9662037272956242,68.73333333333333,Chicago,,,,,,,,,,,,,,,,,,,,,,False,False
471004,Ning bo Mu fan xin xi ke ji you xian gong si CA 92337,299810,Ning bo Mu fan xin xi ke ji you xian gong si,APS Housewares & More,6.0,0.6666666666666666,0.8333333333333334,9.5,9.166666666666666,-0.3333333333333339,0.9335883610521495,112.73333333333335,Chicago,1.0,1.0,1.0,10.0,3.0,-7.0,0.857451505330891,303.5,South Chicago,1.0,1.0,1.0,9.0,4.0,-5.0,0.9409987119785991,119.1,South Chicago,0.33333333333333337,0.16666666666666663,-6.166666666666666,True,True
21452,Creative Images International CA,8868,Creative Images International,Casegoods,6.0,1.0,1.0,8.166666666666666,6.833333333333333,-1.333333333333333,0.98259211987014,38.349999999999994,Chicago Loop,,,,,,,,,,,,,,,,,,,,,,False,False
324184,"LAMPLUX CO., LTD CA 92337",319357,"LAMPLUX CO., LTD",Wayfair,6.0,1.0,1.0,8.5,7.333333333333333,-1.166666666666667,0.9515454663292281,89.73333333333335,Chicago,,,,,,,,,,,,,,,,,,,,,,False,False
323064,"Foshan Youfanka Furniture Co., Ltd. CA 92376",322783,"Foshan Youfanka Furniture Co., Ltd.",Upholstery,6.0,1.0,1.0,9.333333333333334,7.333333333333333,-2.000000000000001,0.9814789104698508,37.9,Romeoville Ncpc,,,,,,,,,,,,,,,,,,,,,,False,False
17834,Homelegance Warehouse 2,211,Homelegance,Casegoods,5.0,0.8,1.0,10.0,9.0,-1.0,0.9886801606344175,21.119999999999997,Chicago,,,,,,,,,,,,,,,,,,,,,,False,False
18852,Teamson US Inc CA 90220,1383,Teamson US Inc.,Storage & Org - Frequency,5.0,1.0,0.2,9.0,9.8,0.8000000000000007,0.9857760992313714,29.939999999999998,Chicago,,,,,,,,,,,,,,,,,,,,,,False,False
478576,Riverstar Inc. CA 91752-3717,67198,Riverstar Inc.,APS Outdoor,5.0,0.2,0.8,8.4,8.4,0.0,0.962908535159898,81.7,Chicago Loop,,,,,,,,,,,,,,,,,,,,,,False,False
1224,BIA Cordon Bleu,1224,BIA Cordon Bleu,Tabletop,5.0,1.0,1.0,8.2,6.4,-1.799999999999999,0.954863393499565,89.85999999999999,Chicago,,,,,,,,,,,,,,,,,,,,,,False,False
3783,Anthony California,3783,Anthony California,Lighting,5.0,1.0,1.0,8.8,8.6,-0.20000000000000107,0.9858001250521962,27.879999999999995,Chicago Loop,,,,,,,,,,,,,,,,,,,,,,False,False
3959,Boyd CA- 92336,884,Boyd Sleep,Mattress,5.0,0.4,1.0,9.8,9.4,-0.40000000000000036,0.9782488930114457,37.739999999999995,Chicago,,,,,,,,,,,,,,,,,,,,,,False,False
490731,FORESTUP LTD CA 91761(5),214055,FORESTUP LTD,APS Mattresses,5.0,1.0,1.0,8.6,7.2,-1.3999999999999995,0.9524841658663986,86.44,Greenwood,,,,,,,,,,,,,,,,,,,,,,False,False
487744,"Bozhou Ranliansheng E-commerce Co., Ltd CA 91708",357398,"Bozhou Ranliansheng E-commerce Co., Ltd",APS Mattresses,5.0,1.0,1.0,9.4,7.2,-2.2,0.9864417793758345,25.46,Chicago,,,,,,,,,,,,,,,,,,,,,,False,False
293204,LC USLAX10 CA 92335,69201,Hermes and Fesius LLC,APS Outdoor,5.0,1.0,0.8,8.2,8.0,-0.1999999999999993,0.9605370668681577,74.84,Romeoville Ncpc,,,,,,,,,,,,,,,,,,,,,,False,False
8432,Woodbridge Lighting,8432,Woodbridge Lighting,Lighting,5.0,1.0,0.8,8.6,8.6,0.0,0.9352721875621643,137.44,Chicago,,,,,,,,,,,,,,,,,,,,,,False,False
482788,Shenzhenshi Youlihai Keji Youxian Gongsi CA 92335,64210,Shenzhenshi Youlihai Keji Youxian Gongsi,APS Decor,5.0,1.0,1.0,7.6,6.2,-1.3999999999999995,0.9673166477012931,59.8,North St.Louis,,,,,,,,,,,,,,,,,,,,,,False,False
483585,"Ningbo Detaike Trading Co., Ltd. CA 92316",279037,"Ningbo Detaike Trading Co., Ltd.",APS Outdoor,5.0,0.4,1.0,9.0,6.4,-2.5999999999999996,0.9639878132721289,74.17999999999999,Chicago,,,,,,,,,,,,,,,,,,,,,,False,False
106621,SCR Holding Co CA 90810,106019,SCR Holding Co,Storage & Org - Frequency,5.0,0.8,1.0,9.0,8.4,-0.5999999999999996,0.9665295899386832,78.2,Greenwood,,,,,,,,,,,,,,,,,,,,,,False,False
471420,"Guanhai Renxing (Hangzhou) E-commerce Co., LTD CA 91708",347436,"Guanhai Renxing (Hangzhou) E-commerce Co., LTD",APS Upholstery,5.0,1.0,1.0,12.8,9.0,-3.8000000000000007,0.9683481401429965,65.32000000000001,Chicago,,,,,,,,,,,,,,,,,,,,,,False,False
470888,LA1150 ,107049,Ningbo Linnuo International Trade Co.  Ltd.,APS Outdoor,5.0,1.0,1.0,10.4,7.8,-2.6000000000000005,0.9636001995943196,68.64000000000001,Romeoville Rsf,,,,,,,,,,,,,,,,,,,,,,False,False
470989,Shanghai Woyao Trading Co Ltd CA 92408,163583,Shanghai Woyao Trading Co Ltd,APS Decor,5.0,0.4,0.8,7.2,7.4,0.20000000000000018,0.9601052473300179,77.1,Chicago,,,,,,,,,,,,,,,,,,,,,,False,False
470991,Shanghai Woyao Trading Co Ltd CA 92571,163583,Shanghai Woyao Trading Co Ltd,APS Decor,5.0,0.6,1.0,8.8,7.8,-1.0000000000000009,0.9721371241878094,55.9,Chicago,,,,,,,,,,,,,,,,,,,,,,False,False
352513,HM DFG CA 91761,240005,Tianjin heman kejiyouxiangongsi,APS Bedroom,5.0,1.0,1.0,9.8,7.4,-2.4000000000000004,0.9821632558537345,37.4,Romeoville Ncpc,,,,,,,,,,,,,,,,,,,,,,False,False
352530,Martinique Decor Inc CA 91752,197877,Martinique Decor Inc,APS Bedroom,5.0,1.0,0.8,9.2,9.4,0.20000000000000107,0.960059941385164,83.44000000000001,Cedar Rapids Local,,,,,,,,,,,,,,,,,,,,,,False,False
349464,"Yiwu Binsai Import and Export Co., Ltd. CA 91708",273078,"Yiwu Binsai Import and Export Co., Ltd.",APS Outdoor,5.0,0.8,1.0,8.6,8.0,-0.5999999999999996,0.9648654809939998,69.8,Champaign,,,,,,,,,,,,,,,,,,,,,,False,False
12341,"TopNet, Inc.",12341,"TopNet, Inc.",Kitchen & Small Electrics,5.0,1.0,0.8,8.2,8.4,0.20000000000000107,0.977134896909409,46.82000000000001,Chicago,,,,,,,,,,,,,,,,,,,,,,False,False
291424,Soges CA 92335,56051,Soges,APS K&D,5.0,0.8,0.6,7.8,8.2,0.39999999999999947,0.9895554494469048,20.1,St. Paul Local,,,,,,,,,,,,,,,,,,,,,,False,False
494150,Global Girls LLC CA 91746,243683,Global Girls LLC,Decor,5.0,1.0,1.0,8.0,6.8,-1.2000000000000002,0.9702363850373803,58.68000000000001,Chicago,,,,,,,,,,,,,,,,,,,,,,False,False
482401,"Foshan Tangniang Trading Co., Ltd CA 91708",368963,"Foshan Tangniang Trading Co., Ltd",APS Housewares & More,5.0,1.0,1.0,11.4,7.0,-4.4,0.9384254575144189,108.38,Chicago,,,,,,,,,,,,,,,,,,,,,,False,False
58633,Green Store Inc. DBA Master Garden Products,58633,Green Store Inc. DBA Master Garden Products,Outdoor Structures,5.0,1.0,1.0,10.6,7.8,-2.8,0.9875522142942119,25.52,Chicago,,,,,,,,,,,,,,,,,,,,,,False,False
59051,Exotic Pebbles  Glass,59051,Exotic Pebbles  Glass,Decor,5.0,1.0,1.0,8.8,7.6,-1.200000000000001,0.9774898575021398,44.9,Romeoville Ncpc,,,,,,,,,,,,,,,,,,,,,,False,False
368633,Sapience Home Decor CA 91761(2),57284,Sapience Home Decor,APS Decor,5.0,0.8,0.6,9.0,8.2,-0.8000000000000007,0.9828674692854766,33.1,Chicago,,,,,,,,,,,,,,,,,,,,,,False,False
364920,BELOSD LTD CA 91761,277336,BELOSD LTD,Upholstery,5.0,0.8,1.0,12.2,9.8,-2.3999999999999986,0.9889571709063223,23.1,Cleveland,,,,,,,,,,,,,,,,,,,,,,False,False
365044,dongguanshishuihejiajuyongpinyouxiangongsi CA  92571,361432,dongguanshishuihejiajuyongpinyouxiangongsi,Wayfair,5.0,1.0,1.0,9.2,6.2,-2.999999999999999,0.9540981473319559,73.34,Niles,,,,,,,,,,,,,,,,,,,,,,False,False
365185,Central Power International Limited LLC CA 92410,348962,Central Power International Limited LLC,APS K&D,5.0,0.6,0.6,8.2,6.4,-1.799999999999999,0.9463754150717504,111.94000000000001,Fort Wayne,,,,,,,,,,,,,,,,,,,,,,False,False
366830,Manji（Jiaxing）Houseware Co. Ltd CA 91761,364573,Manji（Jiaxing）Houseware Co. Ltd,Wayfair,5.0,0.8,1.0,8.6,7.0,-1.5999999999999996,0.9422292406099209,127.5,Toledo,,,,,,,,,,,,,,,,,,,,,,False,False
360257,Vicks ByteFrame Innovations LLC CA 92509,360254,Vicks ByteFrame Innovations LLC,Wayfair,5.0,1.0,1.0,16.2,7.2,-9.0,0.9701308376096325,61.279999999999994,Chicago,,,,,,,,,,,,,,,,,,,,,,False,False
448759,Cahoon Wholesale 9SB LLC CA 92509,447154,Cahoon Wholesale 9SB LLC,Wayfair,5.0,1.0,1.0,15.2,8.4,-6.799999999999999,0.9795366519944633,47.1,North Cincinnati,,,,,,,,,,,,,,,,,,,,,,False,False
446913,"Shenzhen Nova Technology Co., Ltd. CA 91710",333046,"Shenzhen Nova Technology Co., Ltd.",APS Decor,5.0,1.0,0.8,8.4,8.0,-0.40000000000000036,0.9598626419147294,81.84,South Dayton,,,,,,,,,,,,,,,,,,,,,,False,False
308189,Zhejiang Anji Yanghao Network Technology CA 91752,133824,"Zhejiang Anji Yanghao Network Technology Co., Ltd.",APS K&D,5.0,1.0,0.8,8.6,7.0,-1.5999999999999996,0.9739800687504815,55.92,Chicago,,,,,,,,,,,,,,,,,,,,,,False,False
306897,Morandi Grey Inc CA 95826 ,108080,Morandi Grey Inc,APS Home Improvement,5.0,1.0,0.8,7.6,7.2,-0.39999999999999947,0.9871195869807649,25.98,Chicago Loop,,,,,,,,,,,,,,,,,,,,,,False,False
307387,Golden Bull Marketing CA 91752,35624,"Golden Bull Marketing, LLC",Outdoor Structures,5.0,0.0,0.4,10.0,11.2,1.1999999999999993,0.9509668755920455,103.66,Toledo,,,,,,,,,,,,,,,,,,,,,,False,False
279521,AlpineFurniture CA 90670 (2),3786,AlpineFurniture,Casegoods,5.0,1.0,1.0,8.2,7.8,-0.39999999999999947,0.9716897667649457,59.04,Chicago,,,,,,,,,,,,,,,,,,,,,,False,False
334019,"Zhejiang Huaaokang Furniture Co.,Ltd CA 92337",265603,"Hangzhou Vickks Furniture,Ltd",APS Outdoor,5.0,1.0,1.0,8.4,7.2,-1.2000000000000002,0.9819983748883381,34.760000000000005,Romeoville Rsf,,,,,,,,,,,,,,,,,,,,,,False,False
282129,HT Window Fashions Inc. CA,70236,HT Window Fashions Inc.,Soft Home,5.0,0.6,0.8,11.6,11.4,-0.1999999999999993,0.9688029384755884,71.02000000000001,Columbus,,,,,,,,,,,,,,,,,,,,,,False,False
285518,Man Xin Liu (Hangzhou) Cross Border E CA 91761,156906,Man Xin Liu (Hangzhou) Cross Border E-commerce LTD,APS Youth,5.0,1.0,1.0,9.2,6.6,-2.5999999999999996,0.9629909430663772,68.96,Chicago Loop,,,,,,,,,,,,,,,,,,,,,,False,False
43524,Fullest LLC CA,36331,Fullest LLC,APS,5.0,0.6,0.8,8.8,10.2,1.3999999999999986,0.9944124603681648,11.120000000000001,Chicago,,,,,,,,,,,,,,,,,,,,,,False,False
43750,Badeloft,43750,Badeloft,Plumbing,5.0,0.8,0.8,10.6,8.8,-1.799999999999999,0.8998619762487635,233.5,Cedar Rapids,,,,,,,,,,,,,,,,,,,,,,False,False
278412,Mopio Inc. CA 91761(2),63903,Mopio Inc.,Casegoods,5.0,0.8,1.0,8.4,7.6,-0.8000000000000007,0.9847443843051025,27.76,Duluth,,,,,,,,,,,,,,,,,,,,,,False,False
277543,Hangzhou aiou jiaju youxian gongsi CA 92337,246400,Aio Trading Limited,Casegoods,5.0,1.0,1.0,8.4,6.8,-1.6000000000000005,0.9745589689545499,53.339999999999996,Romeoville Rsf,,,,,,,,,,,,,,,,,,,,,,False,False
157990,Espriti Home LLC CA 91766,157516,Espriti Home LLC,Outdoor Furniture,5.0,1.0,1.0,8.2,7.6,-0.5999999999999996,0.979990453606155,43.239999999999995,Chicago,,,,,,,,,,,,,,,,,,,,,,False,False
156608,Nuk3y Corp CA 91761,149308,Nuk3y Corp,Hardware,5.0,1.0,1.0,9.6,8.2,-1.4000000000000004,0.9739125015898379,51.8,Chicago,,,,,,,,,,,,,,,,,,,,,,False,False
367890,Deny Designs LLC CA 90230,10299,Deny Designs LLC,Decor,5.0,0.8,0.4,14.0,12.8,-1.1999999999999993,0.9332121384549911,135.14000000000001,Chicago,,,,,,,,,,,,,,,,,,,,,,False,False
369435,"Golden Bull Marketing, LLC CA 91762",35624,"Golden Bull Marketing, LLC",Outdoor Structures,5.0,0.6,1.0,8.6,7.6,-1.0,0.9208028315485185,140.9,Chicago,,,,,,,,,,,,,,,,,,,,,,False,False
369713,AVC-SR.ca,329999,AVC.,APS SEA,5.0,1.0,1.0,9.2,7.8,-1.3999999999999995,0.9631403799267515,74.56,Chicago,,,,,,,,,,,,,,,,,,,,,,False,False
308494,SHIELD TRADING LIMITED CA 92335,265421,SHIELD TRADING LIMITED,APS K&D,5.0,0.6,0.8,8.8,8.6,-0.20000000000000107,0.9461341137358403,99.72,Columbus,,,,,,,,,,,,,,,,,,,,,,False,False
53301,Decalgeek,53301,Decalgeek,Decor,5.0,1.0,1.0,9.0,7.0,-2.0,0.9545178633368019,104.9,Columbus,,,,,,,,,,,,,,,,,,,,,,False,False
443555,Hall CodePulse Dynamics LLC CA 91731,362965,Hall CodePulse Dynamics LLC,Lighting,5.0,1.0,1.0,17.4,7.4,-9.999999999999998,0.9862406369119707,28.199999999999996,Chicago,,,,,,,,,,,,,,,,,,,,,,False,False
445473,JPARO TECHNOLOGY LLC CA 92336,295243,JPARO TECHNOLOGY LLC,Casegoods,5.0,1.0,1.0,12.0,9.2,-2.8000000000000007,0.9882448851916632,23.96,West Columbus,,,,,,,,,,,,,,,,,,,,,,False,False
454713,"Shenzhen Heibai Gezi Technology Co., Ltd._1 CA 94579",450932,"Shenzhen Heibai Gezi Technology Co., Ltd._1",Wayfair,5.0,1.0,0.8,8.6,7.6,-1.0,0.9537953319944069,99.03999999999999,Chicago,,,,,,,,,,,,,,,,,,,,,,False,False
46230,Coaster CA- 90670-4062,999,Coaster,Casegoods,5.0,1.0,0.8,7.2,6.4,-0.7999999999999998,0.9594581403711437,91.62,Toledo,,,,,,,,,,,,,,,,,,,,,,False,False
356514,"Guangzhou Jingrui Network Technology Co., Ltd. CA 91762",87298,"Guangzhou Jingrui Network Technology Co., Ltd.",APS Decor,5.0,1.0,1.0,8.6,6.6,-2.0,0.9790117399865979,40.1,Cedar Rapids,,,,,,,,,,,,,,,,,,,,,,False,False
356738,5 Oaks Furniture CA 91710,46556,5 Oaks Furniture,Lighting,5.0,1.0,1.0,11.4,7.2,-4.2,0.9570542938308682,86.26,Chicago,,,,,,,,,,,,,,,,,,,,,,False,False
192736,Hangzhou Heyushan Network Technology Co CA 91761,77915,Hangzhou Heyushan Network Technology Co. Ltd,Youth Furniture & Decor,5.0,1.0,1.0,8.8,7.2,-1.6000000000000005,0.9773695258586816,46.58,Ann Arbor,,,,,,,,,,,,,,,,,,,,,,False,False
199558,"Jay Franco and Sons, Inc. CA 91710",17988,"Jay Franco and Sons, Inc.",Soft Home,5.0,1.0,0.8,8.0,7.0,-1.0,0.9882368292107859,25.419999999999998,Northern Kentucky,,,,,,,,,,,,,,,,,,,,,,False,False
239943,Home capest INC CA 92571,80189,Home capest INC,Outdoor Furniture,5.0,1.0,1.0,8.8,8.2,-0.6000000000000014,0.965977541555222,75.52000000000001,Columbus,,,,,,,,,,,,,,,,,,,,,,False,False
38250,Top Fabric,38250,Top Fabric,PG Textiles,5.0,1.0,1.0,10.4,7.8,-2.6000000000000005,0.9728149078011299,52.14,Lenexa Local,,,,,,,,,,,,,,,,,,,,,,False,False
39808,Sirio North America Inc. CA95776,13728,Sirio North America Inc.,Outdoor Furniture,5.0,0.8,0.8,8.4,9.0,0.5999999999999996,0.957675952191682,91.44000000000001,Northern Kentucky,,,,,,,,,,,,,,,,,,,,,,False,False
150560,"WENZHOU KINGMAX PRODUCTS CO.,LTD CA 90058",90564,"WENZHOU KINGMAX PRODUCTS CO.,LTD",APS Decor,5.0,1.0,1.0,9.0,8.4,-0.5999999999999996,0.976828744872021,47.66,Chicago,,,,,,,,,,,,,,,,,,,,,,False,False
148839,XIAMEN GLOBAL SELECTION IMP  EXP CO LTD CA 91745,86362,XIAMEN GLOBAL SELECTION IMP  EXP CO LTD,APS Youth,5.0,0.0,1.0,10.2,9.4,-0.7999999999999989,0.9765771585032091,50.22,Chicago,,,,,,,,,,,,,,,,,,,,,,False,False
151219,"AMS Fireplace, Inc. CA 92009",126016,"AMS Fireplace, Inc.",Fireplaces & Grills,5.0,0.8,0.8,8.6,8.2,-0.40000000000000036,0.9200609110100813,129.92000000000002,Kansas City,,,,,,,,,,,,,,,,,,,,,,False,False
370465,YQN Warehouse-Northwest BCF,184037,Hompany Technologies Limited,Decor,5.0,0.6,0.8,8.2,5.6,-2.5999999999999996,0.9769562748675312,48.660000000000004,Toledo,,,,,,,,,,,,,,,,,,,,,,False,False
329973,"Tonglu Xinma e-commerce Co., Ltd CA 91710",327047,"Tonglu Xinma e-commerce Co., Ltd",APS,5.0,1.0,1.0,8.6,7.8,-0.7999999999999998,0.9698722802856878,65.38,Chicago,,,,,,,,,,,,,,,,,,,,,,False,False
329208,Penson & Co. CA 90660,173557,Penson & Co.,APS Housewares & More,5.0,1.0,1.0,8.6,6.8,-1.7999999999999998,0.960516575925066,83.74,Greenwood,,,,,,,,,,,,,,,,,,,,,,False,False
331236,EKO North America Inc. CA 92881,306263,EKO North America Inc.,APS Housewares & More,5.0,1.0,1.0,9.0,7.6,-1.4000000000000004,0.9454511638740165,91.4,Chicago,,,,,,,,,,,,,,,,,,,,,,False,False
329944,ENIBOS LTD CA 92879,287498,ENIBOS LTD,Casegoods,5.0,1.0,1.0,10.4,8.2,-2.200000000000001,0.9624034286846758,72.78,Champaign,,,,,,,,,,,,,,,,,,,,,,False,False
313561,HTW INC. CA 92571,313267,HTW INC.,APS SEA,5.0,1.0,1.0,8.8,7.6,-1.200000000000001,0.9556244733288901,95.61999999999999,Romeoville Rsf,,,,,,,,,,,,,,,,,,,,,,False,False
313318,DVS SOLUTION LLC CA 92571,304336,DVS SOLUTION LLC,Wayfair,5.0,1.0,1.0,10.0,9.2,-0.8000000000000007,0.9679838405908463,69.68,Chicago,,,,,,,,,,,,,,,,,,,,,,False,False
433790,"Ningbo Garden International Co, Ltd. CA 92879",53407,"Ningbo Garden International Co, Ltd.",APS Outdoor,5.0,1.0,0.6,9.2,9.0,-0.1999999999999993,0.9620929202442937,79.74000000000001,Toledo,,,,,,,,,,,,,,,,,,,,,,False,False
62364,lovemyfabric,62364,lovemyfabric,Soft Home,5.0,1.0,1.0,9.0,8.4,-0.5999999999999996,0.9854141424447856,28.339999999999996,Chicago,,,,,,,,,,,,,,,,,,,,,,False,False
271480,中恒 CA 91748 ,151238,"Shenzhen heshuntaida Cross-border E-commerce Co., Ltd.",APS Home Improvement,5.0,0.8,1.0,9.2,7.4,-1.799999999999999,0.9848120832452961,32.839999999999996,East Wheeling,,,,,,,,,,,,,,,,,,,,,,False,False
272690, LG-W01,56612,Artrage Limited,Outdoor Structures,5.0,0.8,0.8,9.0,7.8,-1.2000000000000002,0.9759994634241149,51.739999999999995,Toledo,,,,,,,,,,,,,,,,,,,,,,False,False
59555,EC EXPORT INC. CA 92336,59450,EC EXPORT INC. NJ 08831,APS,5.0,0.4,0.6,7.8,7.8,0.0,0.9786123757747285,48.0,Grand Rapids,,,,,,,,,,,,,,,,,,,,,,False,False
60039,"Sun-Mart International Co., LTD",60039,"Sun-Mart International Co., LTD",Outdoor Furniture,5.0,1.0,1.0,8.2,7.6,-0.5999999999999996,0.9515644119212461,93.74,St. Louis,,,,,,,,,,,,,,,,,,,,,,False,False
326787,Beco Industries CA 90746,25351,Beco Industries,Soft Home,5.0,1.0,1.0,10.0,8.6,-1.4000000000000004,0.973364066026412,53.279999999999994,North St.Louis,,,,,,,,,,,,,,,,,,,,,,False,False
327287,Spectre Link Inc CA 91702,286640,Spectre Link Inc,Casegoods,5.0,0.2,0.4,8.8,11.0,2.1999999999999993,0.8882913196830321,227.32,Toledo,,,,,,,,,,,,,,,,,,,,,,False,False
371459,"Ningbo JiaZhe Technology Co.,Ltd CA 91752",371446,"Ningbo JiaZhe Technology Co.,Ltd",Pet,5.0,1.0,0.8,9.0,8.8,-0.1999999999999993,0.97471900782255,57.8,North Milwaukee,,,,,,,,,,,,,,,,,,,,,,False,False
372187,Lifestyle Solutions CA 95206(3),326,Lifestyle Solutions,Upholstery,5.0,1.0,0.8,9.0,7.4,-1.5999999999999996,0.961627324435061,88.85999999999999,Champaign,,,,,,,,,,,,,,,,,,,,,,False,False
147005,Cusp Barn inc CA 91730,143543,Cusp Barn inc,APS Home Improvement,5.0,1.0,0.8,8.6,7.8,-0.7999999999999998,0.9591579688351519,83.44,South Chicago,,,,,,,,,,,,,,,,,,,,,,False,False
143446,"Shenzhen Quanyuanfa Trading Co., Ltd. CA 92337",117516,"Shenzhen Quanyuanfa Trading Co., Ltd.",APS K&D,5.0,0.6,0.6,8.0,7.6,-0.40000000000000036,0.9595000208835625,81.74,Romeoville Rsf,,,,,,,,,,,,,,,,,,,,,,False,False
272518,Nanjing Ruochi Network Technology Co CA 92337 (2) ,231315,"Nanjing Ruochi Network Technology Co.,LTD",APS Youth,5.0,1.0,1.0,10.4,8.4,-2.0,0.9743650105543928,53.88000000000001,Dayton,,,,,,,,,,,,,,,,,,,,,,False,False
272567,"Zhejiang Linya Co., Ltd CA 91752",88120,LINYA OUTDOOR LIVING LLC,APS Home Improvement,5.0,0.8,0.6,8.4,7.0,-1.4000000000000004,0.9575653972160575,86.26,Cedar Rapids,,,,,,,,,,,,,,,,,,,,,,False,False
316862,"Hangzhou Ruiz Trade Co.,Ltd. CA 92335",315124,"Hangzhou Ruiz Trade Co.,Ltd.",Wayfair,5.0,0.4,1.0,9.6,8.2,-1.4000000000000004,0.9556311066188894,94.53999999999999,Toledo,,,,,,,,,,,,,,,,,,,,,,False,False
431454,Haukkie Inc. CA 91761,55835,Haukkie Inc.,APS Housewares & More,5.0,0.6,0.8,9.0,8.4,-0.5999999999999996,0.975582464701873,48.54,Romeoville Rsf,,,,,,,,,,,,,,,,,,,,,,False,False
431884,谷仓LA-25[洛杉矶25号仓],361597,"Linyi Guangqi Furniture Co., Ltd",APS AEOF,5.0,1.0,0.8,7.8,7.0,-0.7999999999999998,0.9761087215379816,48.3,Chicago,,,,,,,,,,,,,,,,,,,,,,False,False
340432,dongguanzhizaozhibokejiyouxiangongsi CA 92337,339826,dongguanzhizaozhibokejiyouxiangongsi,Wayfair,5.0,1.0,1.0,9.2,7.0,-2.1999999999999993,0.9528795631320828,92.16,Chicago,,,,,,,,,,,,,,,,,,,,,,False,False
355213,WECA4,103170,shenzhenshi bonaite dianzishangwu youxiangongsi,APS Housewares & More,5.0,1.0,1.0,7.8,6.2,-1.5999999999999996,0.9726524667657124,51.760000000000005,Chicago,,,,,,,,,,1.0,0.0,0.0,4.0,7.0,3.0,0.4779446572276972,1213.1,West Dallas Ncpc,,,,False,True
201141,Davee Furniture Inc CA 92704,46584,Davee Furniture Inc,Casegoods,5.0,1.0,1.0,8.6,8.0,-0.5999999999999996,0.9766717350179421,51.54,Columbus,,,,,,,,,,,,,,,,,,,,,,False,False
354420,"GigaCloud Trading, Inc. CA 92337 (5) ",3215,"GigaCloud Trading, Inc.",Outdoor Furniture,5.0,0.2,0.4,8.2,11.0,2.8000000000000007,0.9483295687080588,98.4,Champaign,3.0,0.3333333333333333,1.0,8.666666666666666,4.666666666666667,-3.999999999999999,0.7430681186452256,580.6,Greensboro,1.0,0.0,1.0,11.0,5.0,-6.0,0.9945882901796128,11.6,Grand Rapids,0.1333333333333333,0.6,-6.333333333333333,True,True
204435,"Alliph International, Inc CA 92835",173838,"Alliph International, Inc",Outdoor Furniture,5.0,1.0,1.0,11.2,8.8,-2.3999999999999986,0.9827642421157708,36.339999999999996,Chicago,,,,,,,,,,,,,,,,,,,,,,False,False
37475,AC Pacific CA,8890,AC Pacific,Upholstery,5.0,1.0,1.0,7.6,7.0,-0.5999999999999996,0.946935278611679,92.35999999999999,Chicago,,,,,,,,,,,,,,,,,,,,,,False,False
35887,Troy Lighting CA,3027,Troy Lighting,Lighting,5.0,0.8,0.8,8.4,8.6,0.1999999999999993,0.9622076309383314,82.96000000000001,Chicago,,,,,,,,,,,,,,,,,,,,,,False,False
459326,Zhaoqing Jiang Xing Tian Xia Crafts Co. CA 91730,309423,Zhaoqing Jiang Xing Tian Xia Crafts Co.,APS Decor,5.0,1.0,1.0,12.4,7.4,-5.0,0.9601738943744504,89.66,Toledo,,,,,,,,,,,,,,,,,,,,,,False,False
299207,EVE AY CORP CA 91744,296827,EVE AY CORP,Wayfair,5.0,0.6,0.8,9.4,8.8,-0.5999999999999996,0.967489359312248,69.82000000000001,Chicago,,,,,,,,,,,,,,,,,,,,,,False,False
285760,GYM HERO TECHNOLOGY CO LTD CA 91730(3),142195,GYM HERO TECHNOLOGY CO LTD,APS,5.0,0.6,1.0,7.6,7.4,-0.1999999999999993,0.9142499439316676,154.64000000000001,Toledo,,,,,,,,,,,,,,,,,,,,,,False,False
129563,PAWZ Road CA,71027,HANG ZHOU SI YU E-COMMERCE CO LTD,APS,5.0,1.0,1.0,7.6,4.0,-3.5999999999999996,0.963593120411993,74.58,Chicago,,,,,,,,,,,,,,,,,,,,,,False,False
375172,FortyONE INC CA  91748,77611,FortyONE INC,APS Upholstery,5.0,1.0,0.8,8.6,8.6,0.0,0.9584387003654664,90.57999999999998,Chicago,,,,,,,,,,,,,,,,,,,,,,False,False
399490,"Nantong Shenglei Textile Co., Ltd. CA 91710",399352,"Nantong Shenglei Textile Co., Ltd.",Wayfair,5.0,0.8,1.0,9.2,7.8,-1.3999999999999995,0.9696454714649786,65.41999999999999,Chicago,,,,,,,,,,,,,,,,,,,,,,False,False
375668,"CGK HOLDINGS, INC. CA 92408",241365,"CGK HOLDINGS, INC.",Soft Home,5.0,0.4,0.4,7.4,6.4,-1.0,0.9626527601562043,73.22,West Columbus,1.0,1.0,1.0,9.0,3.0,-6.0,0.791212257773772,463.3,Lehigh Valley,,,,,,,,,,0.6,0.6,-3.4000000000000004,True,False
250825,BRBCA Machines LLC CA 93611,250823,BRBCA Machines LLC,Wayfair,5.0,1.0,1.0,11.4,9.6,-1.8000000000000007,0.9430520567221311,119.68000000000002,Toledo,,,,,,,,,,,,,,,,,,,,,,False,False
326296,"MEIYING HOUSEHOLD GROUP CO.,LIMITED CA 91761 (5)",56511,"MEIYING HOUSEHOLD GROUP CO.,LIMITED",APS,5.0,1.0,0.6,9.0,9.0,0.0,0.9906447827787922,18.66,Cincinnati,,,,,,,,,,,,,,,,,,,,,,False,False
252387,C A P,70454,WallBeyond International Inc,APS Youth,5.0,0.8,0.6,7.6,7.4,-0.1999999999999993,0.9799128768327318,34.76,Chicago,,,,,,,,,,,,,,,,,,,,,,False,False
66950,deconovo CA91748,56072,deconovo,APS,5.0,0.6,0.6,8.2,8.2,0.0,0.9663515025157622,64.08,North St.Louis,,,,,,,,,,,,,,,,,,,,,,False,False
421344,美西WPLA15,402563,MACRLET LLC,APS Decor,5.0,1.0,0.8,8.4,7.8,-0.6000000000000005,0.9789282460654105,45.32,Carol Stream,,,,,,,,,,,,,,,,,,,,,,False,False
71457,Mestar International Inc. CA,37057,Mestar International Inc.,Lighting,5.0,1.0,1.0,8.4,7.4,-1.0,0.9629106712984082,76.36,Mccook,,,,,,,,,,,,,,,,,,,,,,False,False
430175,NINGBO HOMING INTERNATIONAL TRADING CA 91761(2),95195,"NINGBO HOMING INTERNATIONAL TRADING CO.,LTD",APS Outdoor,5.0,0.8,1.0,7.4,7.2,-0.20000000000000018,0.9370990270599909,114.12,Romeoville Ncpc,,,,,,,,,,,,,,,,,,,,,,False,False
73733,Abbie Home Trading Inc,73733,Abbie Home Trading Inc,APS Decor,5.0,0.8,0.8,8.2,7.6,-0.5999999999999996,0.9833419414511985,35.1,Columbus,,,,,,,,,,,,,,,,,,,,,,False,False
326553,Nantongmijieshangmaoyouxiangongsi CA 92337(2),301805,Nantongmijieshangmaoyouxiangongsi,APS,5.0,0.8,0.8,8.0,8.4,0.40000000000000036,0.9593689915439947,86.17999999999999,Greenwood,,,,,,,,,,,,,,,,,,,,,,False,False
122115,Nature's Mark CA 92509,121821,Nature's Mark,Decor,5.0,1.0,1.0,8.4,6.8,-1.6000000000000005,0.9646739759966542,66.47999999999999,Cedar Rapids,,,,,,,,,,,,,,,,,,,,,,False,False
403602,ShenZhenShiYaoYiRuanZhuangJiaJuSheJiYouXianGongSi CA 91710,370110,ShenZhenShiYaoYiRuanZhuangJiaJuSheJiYouXianGongSi,APS Home Improvement,5.0,1.0,1.0,13.0,8.6,-4.4,0.9768938236229626,50.160000000000004,Toledo,,,,,,,,,,,,,,,,,,,,,,False,False
375505,奥米贝加州海外仓,361597,"Linyi Guangqi Furniture Co., Ltd",Casegoods,5.0,1.0,1.0,8.6,7.2,-1.3999999999999995,0.9621753679117073,85.82000000000001,Columbus,,,,,,,,,,,,,,,,,,,,,,False,False
374884,"Shenzhen Asisen international trade CO.,LTD CA 92376",374883,"Shenzhen Asisen international trade CO.,LTD",Wayfair,5.0,1.0,1.0,10.0,8.4,-1.5999999999999996,0.983160171602127,38.06,Columbus,,,,,,,,,,,,,,,,,,,,,,False,False
374378,"Ningbo Brand E-Commerce Co.,Ltd., CA 92374 (2)",64254,"Ningbo Brand E-Commerce Co.,Ltd.,",APS Decor,5.0,0.6,1.0,9.8,8.4,-1.4000000000000004,0.9715195787997887,62.459999999999994,Kalamazoo,,,,,,,,,,,,,,,,,,,,,,False,False
269120,WL_COPE_LA7_CA_92337,104515,Shenzhenshiweilukejiyouxiangongsi,APS,5.0,1.0,0.8,9.8,8.6,-1.200000000000001,0.9707258169975053,58.5,Cleveland,,,,,,,,,,,,,,,,,,,,,,False,False
320763,Shenzhenshiyundanfengqingkejiyouxiangongsi CA 91761,320212,Shenzhenshiyundanfengqingkejiyouxiangongsi,Wayfair,5.0,0.8,1.0,9.6,8.4,-1.1999999999999993,0.9533141884808485,89.93999999999998,Chicago,,,,,,,,,,,,,,,,,,,,,,False,False
320804,A05-发现,270004,"Hangzhou Comlax Leisure Products Co.,Ltd",APS Outdoor,5.0,1.0,1.0,8.6,7.6,-1.0,0.9795919624816054,44.8,Chicago,,,,,,,,,,,,,,,,,,,,,,False,False
320434,"Zhejiang Xingyang Furniture Co.,Ltd. CA 92335",61200,"Zhejiang Xingyang Furniture Co.,Ltd.",APS,5.0,0.8,0.8,9.6,8.8,-0.7999999999999989,0.973502212144308,56.96,New Brighton Ncpc,,,,,,,,,,,,,,,,,,,,,,False,False
85285,Pabin Inc CA 91730,76227,Pabin Inc,APS Outdoor,5.0,0.8,1.0,8.4,5.8,-2.6000000000000005,0.9565743209216375,91.12,Chicago,,,,,,,,,,,,,,,,,,,,,,False,False
91789,BELLE INVESTMENT CORPORATION,91789,BELLE INVESTMENT CORPORATION,Soft Home,5.0,1.0,1.0,10.0,9.8,-0.1999999999999993,0.9676707606512519,71.62,Toledo,,,,,,,,,,,,,,,,,,,,,,False,False
86103,"shenzhen tomile furniture co., LTD CA 91710",82806,"shenzhen tomile furniture co., LTD",APS,5.0,1.0,1.0,8.4,7.8,-0.6000000000000005,0.9725449091366724,58.46,Toledo,,,,,,,,,,,,,,,,,,,,,,False,False
90913,LOMA Company Ltd CA91761,87718,LOMA Company Ltd,APS Home Improvement,5.0,1.0,0.8,8.2,7.4,-0.7999999999999989,0.9574967184845482,88.32,Toledo,,,,,,,,,,,,,,,,,,,,,,False,False
83424,"OSC International, Inc. CA 92831",65588,"OSC International, Inc.",Plumbing,5.0,1.0,0.8,8.0,8.0,0.0,0.9847134608582131,28.759999999999998,Maple Grove,,,,,,,,,,,,,,,,,,,,,,False,False
80153,WE CA4,75517,Amzmos,APS AEOF,5.0,1.0,1.0,8.4,7.0,-1.4000000000000004,0.9785643695539253,44.44,Fargo,,,,,,,,,,,,,,,,,,,,,,False,False
209047,Carro USA CA 91786,49655,Carro USA,Lighting,5.0,1.0,1.0,8.4,7.6,-0.8000000000000007,0.955318796109837,90.94000000000001,Chicago Loop,,,,,,,,,,,,,,,,,,,,,,False,False
353661,shenzhenzhijingdianzishangwuyouxiangongsi WPLA16,209607,shenzhenzhijingdianzishangwuyouxiangongsi,APS Bedroom,5.0,0.4,0.8,8.6,9.0,0.40000000000000036,0.9726587841461722,57.2,Lenexa Local,,,,,,,,,,,,,,,,,,,,,,False,False
346555,得它万维（深圳）科技有限公司 CA 91764,341115,DetaWanweiShenzhenKejiYouxiangongsi_1,Wayfair,5.0,1.0,1.0,9.4,7.0,-2.4000000000000004,0.9843831408575605,31.580000000000002,Chicago,,,,,,,,,,,,,,,,,,,,,,False,False
227724,Smash sports group Inc CA 91761,106010,Smash sports group Inc,Kitchen & Small Electrics,5.0,1.0,1.0,7.8,6.8,-1.0,0.9632544051095072,62.86,North St.Louis,,,,,,,,,,,,,,,,,,,,,,False,False
469075,VOLIVO GROUP LIMITED CA 91768,350897,VOLIVO GROUP LIMITED,APS Home Improvement,5.0,1.0,1.0,9.8,8.8,-1.0,0.9896880985543304,20.58,Chicago,,,,,,,,,,,,,,,,,,,,,,False,False
467558,  CPF_CA_US,313197,"Shenzhen TongZhou xinchuang Trade Co., Ltd",APS Housewares & More,5.0,1.0,1.0,8.6,7.4,-1.1999999999999993,0.9634410534221205,73.8,North St.Louis,,,,,,,,,,,,,,,,,,,,,,False,False
467582,DLXCA-CA-15950,63641,"Zhejiang On Leap Furnishing Co.,Ltd.",APS Outdoor,5.0,1.0,1.0,8.8,7.0,-1.8000000000000007,0.9580426006248531,73.38000000000001,Cleveland,,,,,,,,,,,,,,,,,,,,,,False,False
30038,Ikee Design,30038,Ikee Design,Wayfair Professional,5.0,1.0,1.0,8.0,6.8,-1.2000000000000002,0.9682613521525308,66.82,South Chicago,,,,,,,,,,,,,,,,,,,,,,False,False
28958,"QGoods, Inc.",28958,"QGoods, Inc.",Tabletop,5.0,1.0,0.6,8.8,8.0,-0.8000000000000007,0.9665950241977443,53.06,Carol Stream,,,,,,,,,,,,,,,,,,,,,,False,False
33394,AONE International LLC,33394,AONE International LLC,Lighting,5.0,1.0,1.0,7.8,7.2,-0.5999999999999996,0.9891473109367637,22.560000000000002,Chicago Loop,,,,,,,,,,,,,,,,,,,,,,False,False
348421,Hangzhou Chuandiai Cultural Media Co. Ltd CA 91748,284231,Kaiyon International (Hong Kong) Limited_1,APS Rugs,5.0,0.8,1.0,8.2,7.8,-0.39999999999999947,0.9460736844049279,112.08,Chicago,,,,,,,,,,,,,,,,,,,,,,False,False
268036,GuangzhoushiYuanweiweiMaoyngsi FU,224327,Guangzhoushi Yuanweiwei Maoyi Youxian Gongsi,APS,5.0,1.0,1.0,9.6,6.4,-3.1999999999999993,0.9496080558991086,100.72,Cedar Rapids,,,,,,,,,,,,,,,,,,,,,,False,False
265257,247 Shop At Home CA 91789,39381,247 Shop At Home,Casegoods,5.0,0.8,1.0,8.4,8.0,-0.40000000000000036,0.9623873914886152,74.38,Chicago,,,,,,,,,,,,,,,,,,,,,,False,False
325829,"Sunrio Sports & Recreation, Inc CA 92081",323437,"Sunrio Sports & Recreation, Inc",Mattress,5.0,1.0,1.0,9.2,6.8,-2.3999999999999995,0.9808634149769843,41.599999999999994,Romeoville Ncpc,,,,,,,,,,,,,,,,,,,,,,False,False
113162,Saving  Mall LLC CA 91730,72675,Saving  Mall LLC,APS Outdoor,5.0,1.0,1.0,8.6,7.0,-1.5999999999999996,0.9472625185952506,106.85999999999999,Chicago,,,,,,,,,,,,,,,,,,,,,,False,False
116922,Forious USA Inc. CA 91710,62616,Forious Inc.,APS,5.0,0.6,0.8,9.8,9.0,-0.8000000000000007,0.9670774703758788,72.94,Columbus,,,,,,,,,,,,,,,,,,,,,,False,False
120066,Lightonline Inc CA 91710,87690,Lightonline Inc,Lighting,5.0,1.0,0.8,8.6,8.0,-0.5999999999999996,0.9521411973412913,104.47999999999999,Columbus,,,,,,,,,,,,,,,,,,,,,,False,False
125817,hunanfudiankang electrical equipment CA 91732,62741,hunan fudiankang electrical equipment co. ltd,APS Home Improvement,5.0,1.0,1.0,8.2,7.6,-0.5999999999999996,0.9743124546752482,56.2,Toledo,,,,,,,,,,,,,,,,,,,,,,False,False
107404,BLUEBELL INTERNATIONAL INC. CA 92337(2),64179,BLUEBELL INTERNATIONAL INC.,APS,5.0,1.0,0.6,8.2,9.8,1.6000000000000014,0.9785819818708141,47.239999999999995,Pontiac,,,,,,,,,,,,,,,,,,,,,,False,False
107654,Topower Smart Home Limited CA 91761(2),56819,Topower Smart Home Limited,APS,5.0,0.8,1.0,9.4,7.6,-1.8000000000000007,0.9358032557266984,134.78,Columbus,,,,,,,,,,,,,,,,,,,,,,False,False
405841,Dongguan Huaxin Lighting and Electrica CA 90023(2),331588,"Dongguan Huaxin Lighting and Electrical Appliance Co., LTD",APS Home Improvement,5.0,1.0,1.0,8.8,8.2,-0.6000000000000014,0.955977878594293,93.17999999999999,Greenwood,,,,,,,,,,,,,,,,,,,,,,False,False
109343,Sunvalleytek International CA 92835,90864,VAVA International Inc.,APS Housewares & More,5.0,0.8,0.8,10.4,7.4,-3.0,0.960575701936674,80.28,Chicago,,,,,,,,,,,,,,,,,,,,,,False,False
109338,SereneLife CA 90280,41785,SereneLife,Kitchen & Small Electrics,5.0,0.6,0.6,8.6,8.8,0.20000000000000107,0.9823357925631718,37.00000000000001,Greenwood,,,,,,,,,,,,,,,,,,,,,,False,False
254968,guangzhoushilingyingkejiyouxiangongsi CA 90640,234591,Meroy Odelia Wholesale LLC,APS Home Improvement,5.0,1.0,0.6,8.6,9.0,0.40000000000000036,0.9771930478326969,47.0,Greenwood,,,,,,,,,,,,,,,,,,,,,,False,False
255056,Aria Home CA 90201,254592,Modern Gallerie Inc.,Wayfair,5.0,1.0,1.0,8.2,7.0,-1.1999999999999993,0.9748884049943879,52.379999999999995,Chicago,,,,,,,,,,,,,,,,,,,,,,False,False
265529,Amity Home CA,2799,Amity Home,"PG Bedding, Bath & Window",5.0,1.0,0.8,8.0,7.8,-0.20000000000000018,0.9799825166481083,40.52,Chicago Loop,,,,,,,,,,,,,,,,,,,,,,False,False
267898,USCA,97933,HangZhou ChuangZhiShengWuJin YouXianGongSi,APS,5.0,0.8,1.0,8.8,6.2,-2.6000000000000005,0.9594644666434984,76.02000000000001,Chicago,,,,,,,,,,,,,,,,,,,,,,False,False
101309,Chengdu Xiaoduo Network Technology Co Ltd CA 92376,99251,Chengdu Xiaoduo Network Technology Co Ltd,APS Home Improvement,5.0,1.0,0.8,7.4,7.2,-0.20000000000000018,0.9565194238996593,89.53999999999999,Greenwood,,,,,,,,,,,,,,,,,,,,,,False,False
408777,Dongguanshipanhuakejiyouxiangongsi CA 92337,408410,Dongguanshipanhuakejiyouxiangongsi,Wayfair,5.0,1.0,1.0,9.8,4.2,-5.6000000000000005,0.9482396994318962,98.1,Champaign,,,,,,,,,,,,,,,,,,,,,,False,False
94641,Shenzhenshi xiangdeyizhang keji youxiang CA 92337,67653,"HONG KONG LIUXIN TECHNOLOGY CO., LIMITED",APS,5.0,1.0,0.8,8.2,7.8,-0.39999999999999947,0.9515009591095778,95.49999999999999,Greenwood,,,,,,,,,,,,,,,,,,,,,,False,False
348489,Yiwu Youxi Electronic Commerce Co. Ltd CA 91708,98141,Yiwu Youxi Electronic Commerce Co. Ltd,APS Outdoor,5.0,1.0,1.0,9.8,7.2,-2.6000000000000005,0.9596339275211424,72.24000000000001,Columbus,,,,,,,,,,,,,,,,,,,,,,False,False
351188,Foshan Lujiao Cross-border E-commerce CA 91761,330117,"Foshan Lujiao Cross-border E-commerce Co., Ltd.",APS Outdoor,5.0,0.4,0.6,8.2,8.0,-0.1999999999999993,0.9452889969541541,115.97999999999999,Chicago,,,,,,,,,,,,,,,,,,,,,,False,False
350472,Edis Home Limited CA 91761,86303,Edis Home Limited,APS Home Improvement,5.0,1.0,1.0,7.4,7.2,-0.20000000000000018,0.9738661452495082,55.5,Chicago,,,,,,,,,,,,,,,,,,,,,,False,False
216677,jml trading llc CA,40097,jml trading llc,APS,5.0,1.0,1.0,7.6,6.8,-0.7999999999999998,0.9708339565169586,61.68000000000001,Chicago,,,,,,,,,,,,,,,,,,,,,,False,False
213217,"SILICONDYNAMIC, LLC CA 95050",213192,"SILICONDYNAMIC, LLC",Fireplaces & Grills,5.0,1.0,1.0,10.0,7.0,-3.0,0.9911015392758145,19.98,Chicago,,,,,,,,,,,,,,,,,,,,,,False,False
290342,CYE-WAY Inc CA 92335,58073,CYE-WAY Inc,APS Outdoor,5.0,1.0,1.0,8.8,8.0,-0.8000000000000007,0.9841035111061963,31.860000000000003,Columbus,,,,,,,,,,,,,,,,,,,,,,False,False
289736,"Four-leaf Clover Overseas Trading Co., Limited CA 92503",282852,"Four-leaf Clover Overseas Trading Co., Limited",APS,5.0,1.0,0.6,9.0,8.2,-0.8000000000000007,0.970042686187327,59.25999999999999,Chicago,,,,,,,,,,1.0,1.0,1.0,7.0,3.0,-4.0,0.48370506161523574,1013.9,Savannah,,,,False,True
289826,W Appliance Co. CA 91752,34638,W Appliance Co.,Appliances,5.0,1.0,1.0,10.6,8.8,-1.799999999999999,0.9572391432815547,91.32,Chicago,,,,,,,,,,,,,,,,,,,,,,False,False
466454,        CA008,104050,"Ningbo Qiangbang Outdoor Leisure Products Co., Ltd",APS Outdoor,5.0,1.0,1.0,8.4,7.8,-0.6000000000000005,0.9746150903272722,54.620000000000005,Maple Grove,,,,,,,,,,,,,,,,,,,,,,False,False
26075,DK Brands,26075,DK Brands,Kitchen & Small Electrics,5.0,1.0,1.0,9.0,8.2,-0.8000000000000007,0.9615011040024781,74.62,South Chicago,,,,,,,,,,,,,,,,,,,,,,False,False
26400,WGV International,26400,WGV International,Decor,5.0,1.0,1.0,8.8,7.6,-1.200000000000001,0.9591078529070682,80.8,Toledo,,,,,,,,,,,,,,,,,,,,,,False,False
27564,Zinus Inc. CA,14373,Zinus Inc.,Mattress,5.0,1.0,0.8,8.0,7.4,-0.5999999999999996,0.9660165234208618,62.1,Mccook,,,,,,,,,,,,,,,,,,,,,,False,False
26660,"Best Quality Furniture, INC.",26660,"Best Quality Furniture, INC.",Casegoods,5.0,1.0,0.8,9.2,8.0,-1.1999999999999993,0.9934403820074452,12.6,New Brighton Ncpc,,,,,,,,,,,,,,,,,,,,,,False,False
21963,Amauri Outdoor Living,21963,Amauri Outdoor Living,Outdoor Furniture,5.0,1.0,0.8,8.4,8.0,-0.40000000000000036,0.9851735420854302,28.919999999999998,Maple Grove,,,,,,,,,,,,,,,,,,,,,,False,False
470441,Anysonic inc CA 91761,196515,Anysonic inc,Upholstery,5.0,1.0,1.0,8.8,7.0,-1.8000000000000007,0.9421459180841204,114.54,Romeoville Rsf,,,,,,,,,,,,,,,,,,,,,,False,False
291169,Hongkong Mengo Innovations Technology Co.Limited CA 91710,289783,Hongkong Mengo Innovations Technology Co.Limited,Wayfair,4.0,1.0,1.0,9.75,7.5,-2.25,0.9386772824609206,129.6,Columbus,,,,,,,,,,,,,,,,,,,,,,False,False
486313,Xiandangyingriyongpinyouxiangongsi CA 92316,371434,Xiandangyingriyongpinyouxiangongsi,APS Housewares & More,4.0,1.0,0.75,9.5,7.75,-1.75,0.97902244055505,43.95,Columbus,,,,,,,,,,,,,,,,,,,,,,False,False
484188,Business  Pleasure Co. CA 90221,44153,Business  Pleasure Co.,PG Outdoor,4.0,0.5,0.5,9.5,9.5,0.0,0.9766366930378352,49.400000000000006,Chicago,,,,,,,,,,,,,,,,,,,,,,False,False
290819,Sign Leader Incorporation CA 91766(2),109826,Sign Leader Incorporation,APS Youth,4.0,1.0,1.0,8.5,6.25,-2.25,0.9553445029943384,81.65,Chicago,,,,,,,,,,,,,,,,,,,,,,False,False
290488,Suzhou Suogesi Network Technology Co Ltd CA 92335,122810,Suzhou Suogesi Network Technology Co Ltd,APS,4.0,1.0,1.0,8.5,8.25,-0.25,0.9616684136641722,83.12500000000001,Columbus,,,,,,,,,,,,,,,,,,,,,,False,False
291841,Soluwa LLC CA 95304,58042,Soluwa LLC,APS Outdoor,4.0,0.5,0.5,7.0,7.5,0.5,0.9512115947864508,101.375,Greenwood,,,,,,,,,,,,,,,,,,,,,,False,False
11257,Comfort Classics,11257,Comfort Classics,Outdoor Furniture,4.0,1.0,1.0,9.25,7.0,-2.25,0.9857664446295988,27.95,Madison,,,,,,,,,,,,,,,,,,,,,,False,False
292527,WELLHOME INC CA 92501,62602,WELLHOME INC,APS Home Improvement,4.0,1.0,1.0,7.75,7.0,-0.75,0.953385552435664,99.375,Greenwood,,,,,,,,,,,,,,,,,,,,,,False,False
295771,Coding Decor CA 91762,59678,Coding Decor,Upholstery,4.0,1.0,1.0,9.75,8.0,-1.75,0.9622339867385614,78.85,Chicago,,,,,,,,,,,,,,,,,,,,,,False,False
24002,Transpac ImportsCA,9311,Transpac Imports,Decor,4.0,1.0,1.0,10.25,4.5,-5.75,0.9921567341253446,17.1,Fort Wayne,,,,,,,,,,,,,,,,,,,,,,False,False
466015,"Yiwu Fengyu Trading Co., Ltd. CA 92337",294521,"Yiwu Fengyu Trading Co., Ltd.",APS Decor,4.0,1.0,0.75,9.5,7.5,-2.0,0.9522757420667649,93.775,Chicago,,,,,,,,,,,,,,,,,,,,,,False,False
289071,浙江杰特智能科技有限公司 CA 91761,289054,"SZHEJIANG JIETE SMART TECHNOLOGY CO.,LTD",Wayfair,4.0,1.0,1.0,9.75,8.0,-1.75,0.9492574099328429,91.175,Romeoville Rsf,,,,,,,,,,,,,,,,,,,,,,False,False
30326,VIG Furniture CA 90058 Slauson,7238,Lima Trading LLC,Casegoods,4.0,1.0,1.0,8.0,7.5,-0.5,0.9495343755412304,109.125,Chicago,,,,,,,,,,,,,,,,,,,,,,False,False
27659,idh by St. Simons,27659,idh by St. Simons,Hardware,4.0,0.75,1.0,7.25,7.0,-0.25,0.9082849117723163,189.05,Toledo,,,,,,,,,,,,,,,,,,,,,,False,False
469786,Stellweilan CA 92316 202603,271648,Stellweilan Tessberg LLC,Storage & Org,4.0,1.0,1.0,7.0,6.25,-0.75,0.9114192075713109,185.54999999999998,North St.Louis,,,,,,,,,,,,,,,,,,,,,,False,False
466875,Neway International CA 91748-1114,9375,Neway International,Kitchen & Small Electrics,4.0,0.75,0.75,9.0,8.5,-0.5,0.9820923713116092,36.5,Chicago,,,,,,,,,,,,,,,,,,,,,,False,False
35836,PTS America INC CA 92374 ,13430,PTS America INC,Tabletop,4.0,0.0,0.5,8.75,9.0,0.25,0.9689754686471103,71.1,Greenwood Local,,,,,,,,,,,,,,,,,,,,,,False,False
35177,BellaterraHome CA95826,8977,BellaterraHome,Plumbing,4.0,1.0,1.0,8.5,7.25,-1.25,0.9868503352048336,28.6,Chicago Loop,,,,,,,,,,,,,,,,,,,,,,False,False
32610,Rockwell,32610,Rockwell,Hardware,4.0,1.0,1.0,7.5,7.0,-0.5,0.9093266242044713,150.67499999999998,Lenexa,,,,,,,,,,,,,,,,,,,,,,False,False
33074,Amwan Inc. CA,2783,Amwan Inc.,Youth Furniture & Decor,4.0,1.0,1.0,8.25,7.5,-0.75,0.9504747967173401,115.35000000000001,Columbus,,,,,,,,,,,,,,,,,,,,,,False,False
464582,西安云佳天海贸易有限公司 CA 91761,446057,西安云佳天海贸易有限公司,APS Housewares & More,4.0,1.0,1.0,11.25,6.75,-4.5,0.9853771848228848,29.75,Romeoville Ncpc,,,,,,,,,,,,,,,,,,,,,,False,False
298204,"Sunrinx (Xiamen) Sanitary Co., Ltd CA 90220",143311,"Sunrinx (Xiamen) Sanitary Co., Ltd",APS,4.0,0.75,1.0,8.25,8.0,-0.25,0.989225859735468,21.299999999999997,Des Moines,,,,,,,,,,,,,,,,,,,,,,False,False
344175,"DANDELION INTERNATIONAL, INC. CA 92508",42878,"DANDELION INTERNATIONAL, INC.",APS AEOF,4.0,0.75,0.75,9.0,7.0,-2.0,0.9889461860273109,20.725,Des Moines,,,,,,,,,,,,,,,,,,,,,,False,False
343541,GUANGZHOU TONGYAO KEJI YOUXIANGONGSI CA 91761,330283,GUANGZHOU TONGYAO KEJI YOUXIANGONGSI,Wayfair,4.0,1.0,1.0,11.75,7.5,-4.25,0.9405204450797906,137.025,Fort Wayne,,,,,,,,,,,,,,,,,,,,,,False,False
237362,"Wisbeam Technology Co., Limited LAX1",125350,"Wisbeam Technology Co.,Limited",APS Home Improvement,4.0,1.0,0.75,7.75,8.0,0.25,0.9827099503433074,33.375,Columbus,,,,,,,,,,,,,,,,,,,,,,False,False
208185,LL TRADE LLC CA 91762,208184,LL TRADE LLC,Lighting,4.0,1.0,0.75,8.0,7.5,-0.5,0.9738942895597119,49.75,Chicago,,,,,,,,,,,,,,,,,,,,,,False,False
208231,GAZDA LTD CA 90017,206182,GAZDA LTD,APS AEOF,4.0,0.5,0.75,9.5,9.25,-0.25,0.9717245601069744,59.975,Chicago,,,,,,,,,,,,,,,,,,,,,,False,False
206322,Ningbo Qiangbang Outdoor Leisure Products CA 92337,104050,"Ningbo Qiangbang Outdoor Leisure Products Co., Ltd",APS Outdoor,4.0,1.0,1.0,7.75,6.25,-1.5,0.9781521599927255,44.725,Chicago,,,,,,,,,,,,,,,,,,,,,,False,False
207487,XIAMEN XINTIANDA CORPORATION DEVELOPMENT CA 91789,64904,XIAMEN XINTIANDA CORPORATION DEVELOPMENT LTD. CO.,APS Mattresses,4.0,0.0,0.75,8.25,8.5,0.25,0.9403733642728432,131.8,Romeoville Ncpc,,,,,,,,,,,,,,,,,,,,,,False,False
345482,Yiwu Kylin Union Tcechnology Company Limited CA 92376,345470,Yiwu Kylin Union Tcechnology Company Limited,APS Upholstery,4.0,1.0,1.0,9.25,7.75,-1.5,0.9842854116310226,33.125,Chicago Loop,,,,,,,,,,,,,,,,,,,,,,False,False
353013,Zhejiang Qian Deng Culture media CA 91752,276859,"Zhejiang Qian Deng Culture media Co., LTD",APS Decor,4.0,1.0,1.0,9.5,7.25,-2.25,0.9619939384958707,80.14999999999999,Chicago,,,,,,,,,,,,,,,,,,,,,,False,False
352673,Inspired Trends Inc LAX01,300372,Inspired Trends Inc,Decor,4.0,1.0,1.0,10.75,8.0,-2.75,0.9712331354028563,57.55,Chicago,,,,,,,,,,,,,,,,,,,,,,False,False
210640,"FOSHAN WEIQUAN TRADING CO.,LTD CA 91789",210590,"FOSHAN WEIQUAN TRADING CO.,LTD",Upholstery,4.0,1.0,1.0,8.0,8.0,0.0,0.9961007130124777,7.0,St. Louis,,,,,,,,,,,,,,,,,,,,,,False,False
208063,Cheng’s International Corp CA 91768,201212,Cheng’s International Corp,Tabletop,4.0,1.0,1.0,9.0,6.5,-2.5,0.9844155051907632,29.75,Chicago,,,,,,,,,,,,,,,,,,,,,,False,False
228228,Grand Leisure Outdoor Product Co. CA 91730 (2),54838,Grand Leisure Outdoor Product Co.,APS Outdoor,4.0,0.25,1.0,9.0,7.0,-2.0,0.9845183795248332,31.049999999999997,Columbus,,,,,,,,,,,,,,,,,,,,,,False,False
345774,Older Homme INC CA 92374,182904,Older Homme INC,APS K&D,4.0,1.0,1.0,8.5,8.0,-0.5,0.9854500523681835,27.85,Chicago,,,,,,,,,,,,,,,,,,,,,,False,False
353650,"Hangzhou Guangjian Sports Development Co., Ltd CA 91752",353513,"Hangzhou Guangjian Sports Development Co., Ltd",Wayfair,4.0,1.0,1.0,8.0,8.0,0.0,0.979964270049752,40.324999999999996,Chicago,,,,,,,,,,,,,,,,,,,,,,False,False
352999,Guang Zhou Mambate Supply Chain MANAGEMEN CA 92337,61132,"Guang Zhou Mambate Supply Chain MANAGEMENT CO.,LTD",APS Housewares & More,4.0,1.0,1.0,11.0,8.25,-2.75,0.9703735271919883,59.849999999999994,Chicago,,,,,,,,,,,,,,,,,,,,,,False,False
299823,COCO-RE-WF-AK,50816,Akicon,APS Home Improvement,4.0,1.0,1.0,8.75,8.5,-0.25,0.9774733694807636,51.7,Columbus,,,,,,,,,,,,,,,,,,,,,,False,False
299996,"SHANGHAI SUNSHINE DEVELOPMENT CO.,LTD. CA 91730",267791,"SHANGHAI SUNSHINE DEVELOPMENT CO.,LTD.",APS,4.0,0.75,0.75,9.25,8.0,-1.25,0.9779502211198622,43.25,Maple Grove,,,,,,,,,,,,,,,,,,,,,,False,False
287068,福州群尚工艺品有限公司 CA 91761,286861,fu zhou qun shang gong yi pin you xian gong si,Wayfair,4.0,0.75,1.0,8.0,7.25,-0.75,0.9728530320921998,54.1,Chicago,,,,,,,,,,,,,,,,,,,,,,False,False
286121,"Hangzhou Saili Digital Technology co., Ltd CA 91761",285851,"Hangzhou Saili Digital Technology co., Ltd",APS K&D,4.0,0.5,0.5,10.0,10.25,0.25,0.941793232124285,112.17500000000001,Chicago,,,,,,,,,,,,,,,,,,,,,,False,False
299542,SHENZHENSHI AOJIA KEJIYOUXIANGONGSI CA 91748,289415,SHENZHENSHI AOJIA KEJIYOUXIANGONGSI,APS K&D,4.0,1.0,0.75,8.25,7.75,-0.5,0.9456804680076409,101.525,Grand Rapids,,,,,,,,,,,,,,,,,,,,,,False,False
457160,"FUFU and GAGA Trade Co., Ltd. CA 92880",63305,"FUFU and GAGA Trade Co., Ltd.",APS Bedroom,4.0,0.75,1.0,9.75,8.0,-1.75,0.9447302873722423,101.80000000000001,Champaign,,,,,,,,,,,,,,,,,,,,,,False,False
40151,Huji Inc,40151,Huji Inc,Decor,4.0,0.75,1.0,8.25,6.0,-2.25,0.9768009402010538,46.6,Munster,,,,,,,,,,,,,,,,,,,,,,False,False
38779,Vinnova CA 91761 ( 5695 E),21094,Vinnova,Plumbing,4.0,0.75,0.75,8.25,8.25,0.0,0.9873566274376796,25.5,Chicago,,,,,,,,,,,,,,,,,,,,,,False,False
38395,Cosmo Products CA 91710(2),18396,Cosmo Products,Appliances,4.0,0.5,0.75,8.0,7.75,-0.25,0.9681832693501524,66.25,Chicago,,,,,,,,,,,,,,,,,,,,,,False,False
37804,Noir Trading Inc. CA90248,10735,Noir Trading Inc.,PG Casegoods,4.0,1.0,1.0,10.25,9.5,-0.75,0.9883463462091316,23.450000000000003,Maple Grove,,,,,,,,,,,,,,,,,,,,,,False,False
300872,Garden Age CA,30721,Garden Age,Decor,4.0,0.75,0.75,8.25,7.25,-1.0,0.9308733809409868,130.325,Chicago,,,,,,,,,,,,,,,,,,,,,,False,False
457653,"Shenzhen Lehao ​​Industrial Co., Ltd. CA 92880",313462,"Shenzhen Lehao ​​Industrial Co., Ltd.",APS Bedroom,4.0,1.0,1.0,8.0,7.25,-0.75,0.9587482202010769,83.05,Chicago,,,,,,,,,,,,,,,,,,,,,,False,False
457163,Xiamen Dirui lmport and Export Co ltd CA 92509,266453,Xiamen Dirui lmport and Export Co ltd,APS Soft Home,4.0,1.0,1.0,9.0,8.0,-1.0,0.9638984986037704,71.225,Chicago,,,,,,,,,,,,,,,,,,,,,,False,False
457306,PINKTARO INC CA 91752,70758,PINKTARO INC,APS Mattresses,4.0,1.0,1.0,9.5,8.25,-1.25,0.971236718186554,57.675,Chicago,,,,,,,,,,,,,,,,,,,,,,False,False
305298,shanghai xin zhe dian zi shang wu you xian gong si CA 91730,304892,shanghai xin zhe dian zi shang wu you xian gong si,Wayfair,4.0,1.0,0.75,9.75,6.75,-3.0,0.9590235214162257,78.72500000000001,Chicago,,,,,,,,,,,,,,,,,,,,,,False,False
302962,  WPLA11.,267929,fuzhoulongshengruiyumaoyiyouxianggongsi,APS,4.0,0.5,0.5,8.0,8.25,0.25,0.9479999801987358,94.6,Toledo,,,,,,,,,,,,,,,,,,,,,,False,False
302798,"GSC, Inc. CA 91762",21765,"GSC, Inc.",Decor,4.0,1.0,1.0,8.0,7.25,-0.75,0.969585767527987,58.400000000000006,Cedar Rapids,,,,,,,,,,,,,,,,,,,,,,False,False
301627,Hangzhou Chuandiai Cultural Media CA 91752(2),284231,Kaiyon International (Hong Kong) Limited_1,Rugs,4.0,0.75,0.5,7.5,7.75,0.25,0.9641562537933852,72.95,Greenwood,,,,,,,,,,,,,,,,,,,,,,False,False
340460,杭州易贝趣网络科技有限公司 CA 91710,338976,"Hangzhou Ebayqu Network Technology Co.,Ltd",Wayfair,4.0,1.0,1.0,9.75,7.5,-2.25,0.9564765082758182,93.0,Maple Grove,,,,,,,,,,,,,,,,,,,,,,False,False
237867,FoshanShi Liou Furniture Limited Company CA 91710,237578,FoshanShi Liou Furniture Limited Company,Wayfair,4.0,1.0,1.0,12.75,7.75,-5.0,0.9861110369713835,29.05,Maple Grove,,,,,,,,,,,,,,,,,,,,,,False,False
338536,Zhongshan Kebaishi Electric Appliance CA 92337(2),92196,Zhongshan Kebaishi Electric Appliance Co Ltd,APS Home Improvement,4.0,0.5,0.5,8.5,9.25,0.75,0.968034327606961,63.45,West Columbus,,,,,,,,,,,,,,,,,,,,,,False,False
338760,INMEI INTERNATIONAL HOME FURNISHINGS (HK) LIMITED CA 91764,320154,INMEI INTERNATIONAL HOME FURNISHINGS (HK) LIMITED,APS Decor,4.0,1.0,1.0,9.75,7.25,-2.5,0.985010464787764,31.7,Chicago,,,,,,,,,,,,,,,,,,,,,,False,False
337949,"TongHuaZhen (Xiamen) Technology Co., LTD CA 92571",337934,"TongHuaZhen (Xiamen) Technology Co., LTD",Wayfair,4.0,1.0,1.0,8.25,7.25,-1.0,0.9572402584431687,94.125,North St.Louis,,,,,,,,,,,,,,,,,,,,,,False,False
338124,Starwell CA 92337 (2),59916,Starwell,APS Home Improvement,4.0,1.0,1.0,9.25,6.75,-2.5,0.953113944766935,96.775,Toledo,,,,,,,,,,,,,,,,,,,,,,False,False
200364,"Longzhaoxin Furniture Co., Ltd. CA 91744",59929,"Longzhaoxin Furniture Co., Ltd.",APS,4.0,1.0,1.0,9.25,8.75,-0.5,0.9729590721641497,60.275000000000006,Northern Kentucky,,,,,,,,,,,,,,,,,,,,,,False,False
201121,USCA1003-92880,116865,Huizhou Zhelin Furniture Co Ltd,APS K&D,4.0,1.0,1.0,10.75,10.0,-0.75,0.9909762655564027,17.975,New Brighton Ncpc,,,,,,,,,,,,,,,,,,,,,,False,False
353491,YDYUSW28,57016,ROOJER LIMITED,APS Upholstery,4.0,1.0,1.0,8.5,8.0,-0.5,0.9731968340588278,57.4,Escanaba,,,,,,,,,,,,,,,,,,,,,,False,False
353648,"Foshan Baogeli Furniture Co., LTD CA 92376",254771,"Foshan Baogeli Furniture Co., LTD",APS Upholstery,4.0,1.0,1.0,9.25,7.0,-2.25,0.9859073924520383,30.325000000000003,New Brighton Ncpc,,,,,,,,,,,,,,,,,,,,,,False,False
205231,Elysian Design CA 91733,70740,Goldark,Cabinetry,4.0,1.0,0.5,8.25,8.5,0.25,0.9737488431367114,56.224999999999994,Chicago Loop,,,,,,,,,,,,,,,,,,,,,,False,False
235283,Shang California,108080,Morandi Grey Inc,APS Home Improvement,4.0,1.0,1.0,8.75,7.75,-1.0,0.978986758177092,42.95,Chicago,,,,,,,,,,,,,,,,,,,,,,False,False
342572,Espiron Optimu CA 91762 342572,296653,Espiron Optimum Inc,Casegoods,4.0,1.0,0.75,8.5,7.75,-0.75,0.9616887917465727,86.45,Grand Rapids,,,,,,,,,,,,,,,,,,,,,,False,False
342856,qingdaojiaixinwangbangmaoyiyouxiangongsi_1 CA 92376,341200,qingdaojiaixinwangbangmaoyiyouxiangongsi_1,APS Decor,4.0,0.5,0.5,9.75,9.5,-0.25,0.9757486047406532,52.375,Chicago,,,,,,,,,,,,,,,,,,,,,,False,False
342470,YHC (YHCLA002),219605,guangzhoushifeizhuliupijuyouxiangongsi,APS Decor,4.0,0.75,0.75,9.5,11.25,1.75,0.961594812769973,84.07500000000002,Northern Kentucky,,,,,,,,,,,,,,,,,,,,,,False,False
356114,Bitwise Techie Inc CA 91761,300621,Bitwise Techie Inc,Youth Furniture & Decor,4.0,1.0,1.0,9.5,6.75,-2.75,0.9470473549825251,106.225,Toledo,,,,,,,,,,,,,,,,,,,,,,False,False
453788,J77279 - CA 92376,313761,zhengzhouyilaikenwangluokejiyouxiangongsi_1,APS AEOF,4.0,1.0,1.0,8.75,7.5,-1.25,0.9647006135051364,74.9,Chicago Loop,,,,,,,,,,,,,,,,,,,,,,False,False
44801,Vesync (US) Corporation,44801,Vesync (US) Corporation,Appliances,4.0,1.0,1.0,8.5,6.25,-2.25,0.9957872693873582,8.7,Chicago Loop,,,,,,,,,,,,,,,,,,,,,,False,False
455156,"Quanzhou Erqian Network Technology Co., Ltd CA 92376",355243,"Quanzhou Erqian Network Technology Co., Ltd",APS Decor,4.0,1.0,1.0,9.25,7.25,-2.0,0.9483088676585503,104.525,Northern Kentucky,,,,,,,,,,,,,,,,,,,,,,False,False
448768,"VISION VORTEX CO.,LTD CA 92374",72734,"VISION VORTEX CO.,LTD",APS Outdoor,4.0,0.5,0.5,7.75,8.25,0.5,0.9543881390417649,96.125,Maple Grove,,,,,,,,,,,,,,,,,,,,,,False,False
45194,Winward International Inc. CA 94538,8768,Winward International Inc.,Decor,4.0,1.0,0.75,15.75,16.5,0.75,0.9895351424857781,23.275,Chicago,,,,,,,,,,,,,,,,,,,,,,False,False
279564,RUNXIN HOMEDECOR CO LTD CA 91710,210549,RUNXIN HOMEDECOR CO LTD,APS Home Improvement,4.0,1.0,1.0,9.5,8.75,-0.75,0.9713377460100134,59.475,Columbus,,,,,,,,,,,,,,,,,,,,,,False,False
308782,"NTBAY CO., LLC CA 91768",45217,"NTBAY CO., LLC",APS,4.0,0.5,0.5,9.0,9.0,0.0,0.9820047248608423,36.1,Chicago,,,,,,,,,,,,,,,,,,,,,,False,False
450027,Nantongmijieshangmaoyouxiangsi CA 92337(3),301805,Nantongmijieshangmaoyouxiangongsi,APS AEOF,4.0,1.0,0.5,7.0,7.75,0.75,0.9442015748887703,100.17500000000001,Cedar Rapids,,,,,,,,,,,,,,,,,,,,,,False,False
50279,KANSTAR INC,50279,KANSTAR INC,Lighting,4.0,1.0,1.0,10.25,9.75,-0.5,0.9881637763680737,23.05,Chicago,,,,,,,,,,,,,,,,,,,,,,False,False
332518,foshanshi fujiamao yiyouxiangongsi CA 92316,104006,foshanshi fujiamao yiyouxiangongsi,APS,4.0,0.25,1.0,8.75,8.25,-0.5,0.9730366041875131,53.724999999999994,Chicago,,,,,,,,,,,,,,,,,,,,,,False,False
331629,ZhengZhouShengDeJiaJuYouXianGongSi CA 90022,331598,ZhengZhouShengDeJiaJuYouXianGongSi,Wayfair,4.0,0.75,1.0,6.25,3.75,-2.5,0.9736338186964935,52.825,Romeoville Rsf,,,,,,,,,,,,,,,,,,,,,,False,False
362332,Pricornus Inc. CA 90601,88617,Pricornus Inc.,APS Home Improvement,4.0,0.75,1.0,9.0,6.75,-2.25,0.9620759800124955,78.225,Chicago,,,,,,,,,,,,,,,,,,,,,,False,False
357432, USCAEA02,357398,"Bozhou Ranliansheng E-commerce Co., Ltd",APS Mattresses,4.0,1.0,1.0,10.25,7.75,-2.5,0.9752271662691381,50.825,Greenwood,,,,,,,,,,,,,,,,,,,,,,False,False
198375,BANGTON INC CA 91761,69838,BANGTON INC,APS,4.0,1.0,0.75,9.5,8.75,-0.75,0.9787909043310246,46.175000000000004,Ann Arbor,,,,,,,,,,,,,,,,,,,,,,False,False
196868,AgFabric CA 92881,196011,AgFabric,Outdoor Structures,4.0,1.0,1.0,7.75,6.75,-1.0,0.9838544048948916,32.5,Chicago,,,,,,,,,,,,,,,,,,,,,,False,False
192570,Pacific Coast Home Furnishings CA,2100,Pacific Coast Home Furnishings,Soft Home,4.0,1.0,1.0,16.5,9.25,-7.25,0.972438520318756,58.15,Maple Grove,,,,,,,,,,,,,,,,,,,,,,False,False
193393,HONESTAR INC CA 91752,115560,HONESTAR INC,APS Home Improvement,4.0,0.25,0.75,8.25,8.25,0.0,0.9664578304776832,69.19999999999999,Toledo,,,,,,,,,,,,,,,,,,,,,,False,False
337142,"Hangzhou Ruiwei Intelligent Home Technology Co., Ltd. CA 92335",337122,"Hangzhou Ruiwei Intelligent Home Technology Co., Ltd.",Wayfair,4.0,1.0,1.0,10.0,8.0,-2.0,0.9941797559532122,12.55,Chicago Loop,,,,,,,,,,,,,,,,,,,,,,False,False
358802,SHENZHEN ZHICHENGYIGE TRADING CO LTD CA 91730,358165,SHENZHEN ZHICHENGYIGE TRADING CO LTD,Wayfair,4.0,1.0,1.0,9.75,8.25,-1.5,0.9876614919304811,24.675,Columbus Local,,,,,,,,,,,,,,,,,,,,,,False,False
358982,"Zhengzhou Huanerxian Network Technology Co., Ltd CA 91761",210576,"Hong Kong Xintengfei Import and Export Trade Co., Limited_1",APS Housewares & More,4.0,1.0,1.0,8.25,7.0,-1.25,0.9501848343894086,105.17500000000001,Columbus,,,,,,,,,,,,,,,,,,,,,,False,False
438461,杭州韶哲科技有限公司 CA 92571,227295,"Hangzhou Shaozhe Technology Co., Ltd.",APS K&D,4.0,1.0,1.0,9.0,5.75,-3.25,0.9721883560077984,61.325,Chicago Loop,,,,,,,,,,,,,,,,,,,,,,False,False
309024,hang zhou xin ru shang mao CA 91730,302742,hang zhou xin ru shang mao you xian gong si,Pet,4.0,1.0,1.0,10.75,7.5,-3.25,0.9513962058264736,104.5,Greenwood Local,,,,,,,,,,,,,,,,,,,,,,False,False
280795,        WPLA15,280710,BIAK SERVICES INC,Wayfair,4.0,0.75,0.75,7.5,6.75,-0.75,0.9722643040197825,48.349999999999994,Chicago Loop,,,,,,,,,,,,,,,,,,,,,,False,False
281333,NEW BKFARMHOUSE INC AI CA 91761,91036,NEW BKFARMHOUSE INC,APS,4.0,1.0,1.0,10.0,8.75,-1.25,0.9809473850734116,39.775000000000006,Romeoville Ncpc,,,,,,,,,,,,,,,,,,,,,,False,False
53569,WarehouseofTiffany CA 90003,8462,"Home Accessories, Inc.",Lighting,4.0,0.5,0.75,10.0,8.5,-1.5,0.9890465387402759,22.700000000000003,Chicago,,,,,,,,,,,,,,,,,,,,,,False,False
444663,Yiwu Suya Trading Co Ltd. CA 91761,444650,Yiwu Suya Trading Co Ltd.,Wayfair,4.0,0.75,1.0,12.5,9.0,-3.5,0.983552201748271,33.75,Chicago Loop,,,,,,,,,,,,,,,,,,,,,,False,False
439261,ALG LIGHTING LLC DBA MW LIGHTING CA,67070,ALG LIGHTING LLC DBA MW LIGHTING,APS Home Improvement,4.0,1.0,1.0,8.75,7.0,-1.75,0.9757169374922694,50.65,Chicago,,,,,,,,,,,,,,,,,,,,,,False,False
58699,Adamax CA,17714,Adamax,Lighting,4.0,0.75,0.75,10.75,8.75,-2.0,0.9788034931902792,45.225,Chicago,,,,,,,,,,,,,,,,,,,,,,False,False
57864,"Apex Enterprise Co., Ltd.",57864,"Apex Enterprise Co., Ltd.",Outdoor Structures,4.0,1.0,1.0,8.0,7.25,-0.75,0.9656532773802421,73.275,Chicago,,,,,,,,,,,,,,,,,,,,,,False,False
445360,"Hangzhou Cloudyard Technology Co., Ltd CA 92337(3)",301389,"Hangzhou Cloudyard Technology Co., Ltd.",APS Outdoor,4.0,0.5,1.0,8.25,7.75,-0.5,0.9675187021883376,65.475,Northern Kentucky,,,,,,,,,,,,,,,,,,,,,,False,False
434169,"Hangzhou Beideluo E-Commerce Co., Ltd. CA 92337(2)",294266,"Hangzhou Beideluo E-Commerce Co., Ltd.",APS Mattresses,4.0,1.0,1.0,9.25,6.75,-2.5,0.9822951248562604,29.025,Lenexa Local,,,,,,,,,,,,,,,,,,,,,,False,False
60121,"Accent Decor, Inc. CA 92571",56239,"Accent Decor, Inc.",Decor,4.0,1.0,1.0,7.75,6.75,-1.0,0.9890041861753565,22.575,Chicago,,,,,,,,,,,,,,,,,,,,,,False,False
58579,58579 Factory Direct Partners 92154,47548,Factory Direct Partners,Wayfair Professional,4.0,1.0,1.0,17.0,8.75,-8.25,0.9629260960775042,82.975,Toledo,,,,,,,,,,,,,,,,,,,,,,False,False
58598,Club Nine Pets Inc,58598,Club Nine Pets Inc,Pet,4.0,0.75,0.5,7.25,8.5,1.25,0.9823579745528099,39.375,Chicago,,,,,,,,,,,,,,,,,,,,,,False,False
367059,Kurio King Inc. CA 91980,367054,Kurio King Inc.,Wayfair,4.0,1.0,1.0,20.5,9.0,-11.5,0.9919593848605861,16.875,Chicago,,,,,,,,,,,,,,,,,,,,,,False,False
331239,Swanky Soaps Inc LAX01,272378,Swanky Soaps Inc,APS Youth,4.0,1.0,1.0,9.25,6.75,-2.5,0.955257410969526,90.9,Chicago,,,,,,,,,,,,,,,,,,,,,,False,False
171590,TUOTENG E-BUSINESS INC CA,74234,TUOTENG E-BUSINESS INC,Decor,4.0,1.0,0.75,9.25,8.75,-0.5,0.9751766787226002,48.25,Columbus,,,,,,,,,,,,,,,,,,,,,,False,False
157577,FantasHome Inc. CA 91732,154087,FantasHome Inc.,Casegoods,4.0,0.75,0.75,11.25,8.5,-2.75,0.985872468086805,29.799999999999997,Cadillac,,,,,,,,,,,,,,,,,,,,,,False,False
157797,RCK Inc CA 91761,156600,RCK Inc,Decor,4.0,1.0,1.0,9.75,8.5,-1.25,0.9663704848889707,72.97500000000001,Toledo,,,,,,,,,,,,,,,,,,,,,,False,False
360629,Northobliq Digi Inc CA 92316,287325,Northobliq Digi Inc,Casegoods,4.0,1.0,1.0,9.25,7.75,-1.5,0.9508139877125164,88.92500000000001,Cedar Rapids,,,,,,,,,,,,,,,,,,,,,,False,False
359493,Sunon CA 91730,47789,"Sunon International Development Co., Limited_1",APS AEOF,4.0,0.75,0.75,8.0,6.75,-1.25,0.990095603842921,20.65,Chicago,,,,,,,,,,,,,,,,,,,,,,False,False
174449,AIVITUVIN INC CA 92571,70398,AIVITUVIN INC,APS,4.0,1.0,1.0,7.5,7.25,-0.25,0.9674012163744103,69.25,Greenwood,,,,,,,,,,,,,,,,,,,,,,False,False
173915,Costway WA 98387,38830,Costway,APS Outdoor,4.0,1.0,1.0,9.5,8.25,-1.25,0.9631086033495149,84.02499999999999,Columbus,,,,,,,,,,,,,,,,,,,,,,False,False
186884,"CAN_Ningbo Yanpu Technology Co., Ltd CA 91761",155497,"CAN_Ningbo Yanpu Technology Co., Ltd",APS,4.0,0.75,0.5,9.0,8.75,-0.25,0.9301255707406508,152.425,Chicago,,,,,,,,,,,,,,,,,,,,,,False,False
187118,Morandi Grey Inc CA 92337(2),108080,Morandi Grey Inc,APS Home Improvement,4.0,1.0,1.0,8.75,7.75,-1.0,0.9683372995495148,61.85,Columbus Local,,,,,,,,,,,,,,,,,,,,,,False,False
190262,"FlySoar Trade Co., Ltd CA 91761-AI",61793,"FlySoar Trade Co., Ltd",APS,4.0,1.0,1.0,6.25,6.25,0.0,0.9831084719091479,30.05,Rapid City,,,,,,,,,,,,,,,,,,,,,,False,False
276329,GuCang-CA-11629,63465,"Ningbo Youyuan Import and Export Co., Ltd.",APS Home Improvement,4.0,1.0,1.0,8.5,6.5,-2.0,0.9817405553147085,40.275,Columbus,,,,,,,,,,,,,,,,,,,,,,False,False
311525,HANGZHOU XINNAN RATTAN AND BAMBOO WORKS CA 91761,247392,"HANGZHOU XINNAN RATTAN AND BAMBOO WORKS CO., LTD.",APS,4.0,1.0,1.0,8.75,6.75,-2.0,0.9711345006122765,60.125,Chicago,,,,,,,,,,,,,,,,,,,,,,False,False
438185,LUMINOUS STREAM LLC CA 92376,438182,LUMINOUS STREAM LLC,Wayfair,4.0,0.5,1.0,9.75,8.75,-1.0,0.9882048027020307,22.25,New Brighton Ncpc,,,,,,,,,,,,,,,,,,,,,,False,False
433703,Baycheer International Limited CA 91762,94786,Baycheer International Limited,APS Home Improvement,4.0,1.0,1.0,9.0,7.75,-1.25,0.9756199159115281,49.1,Chicago Loop,,,,,,,,,,,,,,,,,,,,,,False,False
312605,"Hangzhou Gesong E-commerce Co., Ltd. CA 92337",306702,"Hangzhou Gesong E-commerce Co., Ltd.",Wayfair,4.0,0.75,0.75,8.75,8.5,-0.25,0.9596646475257494,79.425,New Brighton Ncpc,,,,,,,,,,,,,,,,,,,,,,False,False
63633,DYS CA 91710,63222,DYS,APS Home Improvement,4.0,1.0,1.0,7.75,7.0,-0.75,0.9395677255791252,108.65,Greenwood,,,,,,,,,,,,,,,,,,,,,,False,False
60505,"Shenzhen Qaya Commerce Co., LTD CA 92337",58415,HENGJIAN HOME FURNISHING (HONG KONG) LIMITED_1,APS,4.0,1.0,0.75,8.25,7.75,-0.5,0.9768185191365784,50.775,Rapid City,,,,,,,,,,,,,,,,,,,,,,False,False
61482,Andes Furniture CA 91789,56976,Andes Furniture,Upholstery,4.0,0.75,1.0,8.5,7.25,-1.25,0.9559487047368138,87.975,Nashville,,,,,,,,,,,,,,,,,,,,,,False,False
61646,Exquisite Rugs CA 90040,17690,Exquisite Rugs,PG Rugs,4.0,0.25,0.25,9.0,9.75,0.75,0.9684321929708121,65.65,Chicago,,,,,,,,,,,,,,,,,,,,,,False,False
433862,Zhejlang Kangfu Lesiure Products Co. CA 92879,53545,Zhejlang Kangfu Lesiure Products Co.,APS Outdoor,4.0,1.0,0.75,10.25,8.25,-2.0,0.9801883584490173,40.675,Chicago,,,,,,,,,,,,,,,,,,,,,,False,False
272278,WINCODE INC CA 92503,270560,WINCODE INC,Wayfair,4.0,1.0,0.75,8.75,9.0,0.25,0.9295659458682644,145.75,Chicago,,,,,,,,,,,,,,,,,,,,,,False,False
314057,LINGKEWU XINXI KEJI JIANGSU LTD CA 92410,97962,LINGKEWU XINXI KEJI JIANGSU LTD,APS,4.0,1.0,1.0,6.75,6.0,-0.75,0.9626999814380536,56.050000000000004,Rapid City,,,,,,,,,,,,,,,,,,,,,,False,False
71429,JABA USA CA 91702,24120,JABA USA,Soft Home,4.0,1.0,0.75,8.25,7.5,-0.75,0.9759540404197682,49.800000000000004,Chicago,,,,,,,,,,,,,,,,,,,,,,False,False
68319,Emark CA 95624,37871,Emark,Lighting,4.0,0.75,1.0,11.25,9.75,-1.5,0.9711536566775434,62.525,Chicago,,,,,,,,,,,,,,,,,,,,,,False,False
66333,Keurig CA 92374(2) STOCKING,36432,Keurig,Kitchen & Small Electrics,4.0,0.75,1.0,8.75,8.5,-0.25,0.9828704389853392,34.7,Chicago,,,,,,,,,,,,,,,,,,,,,,False,False
318503,MINDRAY INTERNATIONAL LIMITED CA 92376,307364,MINDRAY INTERNATIONAL LIMITED,APS Mattresses,4.0,1.0,1.0,8.75,7.0,-1.75,0.9821728368840855,32.625,North St.Louis,,,,,,,,,,,,,,,,,,,,,,False,False
428681,GOODS FOR HOME LLC CA 94545,354695,GOODS FOR HOME LLC,Wayfair,4.0,1.0,1.0,8.75,7.75,-1.0,0.9579459380822366,86.4,Chicago,,,,,,,,,,,,,,,,,,,,,,False,False
425349,TRINITY INTERNATIONAL CA 91762(3),215836,TRINITY  INTERNATIONAL,APS Bedroom,4.0,0.75,0.75,7.5,6.75,-0.75,0.9854428926569967,28.000000000000004,Maple Grove,,,,,,,,,,,,,,,,,,,,,,False,False
433292,Julia Outlet Inc. CA 91761(3),73782,HECARIM HOLDINGS LIMITED,APS AEOF,4.0,1.0,1.0,10.5,8.0,-2.5,0.9796054626610563,40.900000000000006,Chicago,,,,,,,,,,,,,,,,,,,,,,False,False
432815,"Hangzhou Tingyun International Trading Co., Ltd. CA 92571",431646,"Hangzhou Tingyun International Trading Co., Ltd.",Wayfair,4.0,1.0,1.0,8.5,7.25,-1.25,0.9838197658972324,36.225,West Columbus,,,,,,,,,,,,,,,,,,,,,,False,False
413952,VIBRANTBATH CA 91739,48618,VIBRANTBATH,APS Home Improvement,4.0,1.0,1.0,7.25,7.0,-0.25,0.938996827843173,119.80000000000001,Chicago,,,,,,,,,,,,,,,,,,,,,,False,False
319603,Eelin Outdoors LLC CA 91761 ,318933,Eelin Outdoors LLC,Wayfair,4.0,1.0,1.0,8.0,7.75,-0.25,0.9784201819760805,47.35,Cedar Rapids Local,,,,,,,,,,,,,,,,,,,,,,False,False
318492,"Styles I Love, Inc. CA 91744",155715,"Styles I Love, Inc.",Soft Home,4.0,0.25,0.25,10.25,11.0,0.75,0.936394767514107,122.875,Chicago,,,,,,,,,,,,,,,,,,,,,,False,False
414478,RICH SOURCE LIMITED CA 92324,268425,RICH SOURCE LIMITED,Lighting,4.0,0.75,1.0,8.0,7.25,-0.75,0.9664960125193921,67.125,Chicago,,,,,,,,,,,,,,,,,,,,,,False,False
83645,"Huizhou Zhenhong Technology Co.,LTD",83645,"Huizhou Zhenhong Technology Co.,LTD",APS Home Improvement,4.0,1.0,1.0,10.5,9.75,-0.75,0.9838135733519,31.875000000000004,Chicago,,,,,,,,,,,,,,,,,,,,,,False,False
250984,GuCang-West8,154568,"Xiamen Renzaiqiantu Network Technology Co., Ltd",APS Mattresses,4.0,1.0,1.0,12.0,6.0,-6.0,0.9967156224824937,5.3,Bismarck,,,,,,,,,,,,,,,,,,,,,,False,False
138375,CLEESINK LLC CA 91702,69845,CLEESINK LLC,APS,4.0,1.0,1.0,7.75,7.0,-0.75,0.9870724917180793,24.1,North St.Louis,,,,,,,,,,,,,,,,,,,,,,False,False
372618,SWEET NIGHT TECHNOLOGY INC. CA 91761,93029,SWEET NIGHT TECHNOLOGY INC.,APS Mattresses,4.0,0.75,1.0,9.75,7.75,-2.0,0.9709218032062802,60.64999999999999,New Brighton Ncpc,,,,,,,,,,,,,,,,,,,,,,False,False
372320,"TAISHAN KINGMAN LIGHTING CO.,LTD CA 91748",350434,"TAISHAN KINGMAN LIGHTING CO.,LTD",APS Home Improvement,4.0,0.25,0.25,8.75,9.25,0.5,0.971366887104383,57.525,North St.Louis,,,,,,,,,,,,,,,,,,,,,,False,False
371456,"Ningbo JiaZhe Technology Co.,Ltd CA 91761",371446,"Ningbo JiaZhe Technology Co.,Ltd",Pet,4.0,1.0,1.0,8.5,7.25,-1.25,0.9794934599466731,43.9,Columbus,,,,,,,,,,,,,,,,,,,,,,False,False
149231,Goalplus Lighting Inc  CA 92337,74069,Goalplus Lighting Inc,APS Home Improvement,4.0,1.0,1.0,10.75,6.5,-4.25,0.9805738433249879,34.275,Des Moines,,,,,,,,,,,,,,,,,,,,,,False,False
369855,zhang shu shi tai heng dian zi shang wu you xian gong si CA 92316,314240,zhang shu shi tai heng dian zi shang wu you xian gong si,APS K&D,4.0,0.25,0.5,9.5,9.5,0.0,0.9556822972391843,90.6,Romeoville Ncpc,,,,,,,,,,,,,,,,,,,,,,False,False
142566,YJ TONWIN INC CA 91730,124089,YJ TONWIN INC,Outdoor Furniture,4.0,1.0,0.75,9.5,8.25,-1.25,0.9859296071096717,28.725,Chicago,,,,,,,,,,,,,,,,,,,,,,False,False
330232,Estate Garden Inc CA 92335,267082,Estate Garden Inc,APS Home Improvement,4.0,1.0,1.0,9.75,8.25,-1.5,0.9883958971336997,22.775,Chicago,,,,,,,,,,,,,,,,,,,,,,False,False
330880,Voicoco LLC. CA 91710 (2),64895,Voicoco LLC.,APS Home Improvement,4.0,1.0,1.0,9.75,7.5,-2.25,0.9787186899887164,41.25,Maple Grove,,,,,,,,,,,,,,,,,,,,,,False,False
329164,Greenhome Trade Inc CA 91761,281985,Greenhome Trade Inc,Casegoods,4.0,1.0,1.0,9.0,7.75,-1.25,0.9794446129702272,41.25,Romeoville Rsf,,,,,,,,,,,,,,,,,,,,,,False,False
370213,运去哪-CA-CPF,236680,Win Wood Furniture Co. Limited,APS AEOF,4.0,0.75,1.0,8.25,6.75,-1.5,0.9864066285363549,25.7,Chicago,,,,,,,,,,,,,,,,,,,,,,False,False
153686,ASENSE INC. CA 91761,148583,ASENSE INC.,Upholstery,4.0,1.0,1.0,8.25,7.25,-1.0,0.9620630897998035,79.425,Chicago,,,,,,,,,,,,,,,,,,,,,,False,False
412093,RAYS LTD CA 92374,65792,RAYS LTD,APS Home Improvement,4.0,1.0,1.0,6.25,4.25,-2.0,0.9688726001699361,61.95,Chicago,,,,,,,,,,2.0,0.5,1.0,7.5,5.0,-2.5,0.6063794422998188,780.5,Fairless Hills,,,,False,True
96181,WANHENG TRADING LIMITED CA 91748,91611,WANHENG TRADING LIMITED,Other,4.0,1.0,1.0,15.5,5.0,-10.5,0.9708252645688674,61.099999999999994,Chicago,,,,,,,,,,,,,,,,,,,,,,False,False
96568,"Chengdushi Furong Technology Co., Ltd. CA 92376",89979,"Chengdushi Furong Technology Co., Ltd.",APS Home Improvement,4.0,1.0,1.0,8.25,7.5,-0.75,0.9682737772393553,70.65,Greenwood,,,,,,,,,,,,,,,,,,,,,,False,False
97044,hangzhou wentong crafts furniture CA 91766,67813,hangzhou wentong crafts furniture manufacturing co,APS Upholstery,4.0,1.0,0.75,9.25,8.25,-1.0,0.9479669199419729,111.22500000000001,Chicago,,,,,,,,,,,,,,,,,,,,,,False,False
411099,HUA KE ZHAO MING DIAN QI YOU XIAN GONG SI CA  90670 ,79075,HUA KE ZHAO MING DIAN QI YOU XIAN GONG SI,APS Home Improvement,4.0,1.0,1.0,9.0,7.5,-1.5,0.9742444415848789,52.449999999999996,Chicago,,,,,,,,,,,,,,,,,,,,,,False,False
410532,"HONGKONG SUICHENG CO,.LIMITED CA 91761",410430,"HONGKONG SUICHENG CO,.LIMITED",Wayfair,4.0,0.5,0.75,10.0,9.75,-0.25,0.9737784151210492,51.425,Chicago,,,,,,,,,,,,,,,,,,,,,,False,False
410730,ECOPOWER LIGHT LLC CA 90670,32221,ECOPOWER LIGHT LLC,APS Home Improvement,4.0,1.0,1.0,8.25,7.25,-1.0,0.9712346846591204,60.425000000000004,Chicago,,,,,,,,,,,,,,,,,,,,,,False,False
409334,"Shenzhen Laiwo Trading Co., Ltd. CA 92337 (5)",65593,"Shenzhen Laiwo Trading Co., Ltd.",APS K&D,4.0,0.75,0.75,7.5,7.5,0.0,0.9714533741811938,58.55,Greenwood,,,,,,,,,,,,,,,,,,,,,,False,False
322108,YEBUZO CO CA 91762 ,304194,YEBUZO CO,Soft Home,4.0,1.0,1.0,8.75,3.75,-5.0,0.9863801855883833,26.3,Chicago,,,,,,,,,,,,,,,,,,,,,,False,False
266794,"Anji Chelin Furniture Company.,Ltd CA 91752",60691,Zhejiangweinuokejiyouxiangongsi,APS K&D,4.0,1.0,0.75,9.25,8.0,-1.25,0.9664234312645306,71.5,Grand Rapids,,,,,,,,,,,,,,,,,,,,,,False,False
321299,hangzhousanchunjiafangyouxiangongsi CA 91710,306600,hangzhousanchunjiafangyouxiangongsi,Wayfair,4.0,1.0,1.0,11.25,6.75,-4.5,0.9767590280828423,47.4,Maple Grove,,,,,,,,,,,,,,,,,,,,,,False,False
321420,"Jilin Jiuyi Trading Co., Ltd CA 91730",313312,"Jilin Jiuyi Trading Co., Ltd",APS,4.0,0.25,0.25,7.25,8.5,1.25,0.9503377630203121,99.275,Chicago,,,,,,,,,,,,,,,,,,,,,,False,False
407408, USLAX10,241053,IWOOD FURNITURE INTERNATIONAL LIMITED,APS K&D,4.0,1.0,0.75,9.5,8.75,-0.75,0.9859762295418804,27.400000000000002,New Brighton Ncpc,,,,,,,,,,,,,,,,,,,,,,False,False
322864,BOTHWA HOME LLC CA 91761 ,296485,BOTHWA HOME LLC,APS,4.0,1.0,0.75,7.5,7.0,-0.5,0.9818439073261043,36.9,Chicago,,,,,,,,,,,,,,,,,,,,,,False,False
406911,     WECA4,103176,shenzhen jiejiegao wangluokejiyouxiangongsi,APS Upholstery,4.0,1.0,1.0,10.75,8.75,-2.0,0.9840206056999172,29.75,Columbus,,,,,,,,,,,,,,,,,,,,,,False,False
109852,DST BOUTIQUE INC CA 91801,71120,DST BOUTIQUE INC,Outdoor Furniture,4.0,1.0,0.75,9.0,8.75,-0.25,0.9739984410815364,56.05,Carol Stream,,,,,,,,,,,,,,,,,,,,,,False,False
406286,Yantaishi Xingyudianzishangwu Youxian CA 92337 (2),238729,Yantaishi Xingyudianzishangwu Youxiangongsi,APS Bedroom,4.0,1.0,0.75,8.5,7.75,-0.75,0.9736352408523389,53.47500000000001,North St.Louis,,,,,,,,,,,,,,,,,,,,,,False,False
408215,CA BCF,408212,"FOSHAN SMARTDRAWING FUTURE E-COMMERCE CO., LTD.",Wayfair,4.0,1.0,0.75,9.0,7.5,-1.5,0.9520350381767764,101.47500000000001,Toledo,,,,,,,,,,,,,,,,,,,,,,False,False
325215,Suofeinaite-networktech LLC CA 92337 ,88610,Suofeinaite-networktech LLC,APS AEOF,4.0,1.0,1.0,8.5,7.0,-1.5,0.9639394036484163,80.35,Chicago,,,,,,,,,,,,,,,,,,,,,,False,False
325344,Modern Stainless Hardware CA 91360,46449,Modern Stainless Hardware,Hardware,4.0,1.0,1.0,13.0,8.0,-5.0,0.9979512195121951,4.2,East Carol Stream,,,,,,,,,,,,,,,,,,,,,,False,False
406978,zhongshanshi xiangtiandengshi youxiangongsi CA 90670,79265,zhongshanshi xiangtiandengshi youxiangongsi,APS Home Improvement,4.0,1.0,1.0,9.25,7.5,-1.75,0.9534828569780672,96.15,Chicago,,,,,,,,,,,,,,,,,,,,,,False,False
325419,"Shenzhen Jize Furniture Co., Ltd CA 91762",318680,"Shenzhen Jize Furniture Co., Ltd",APS Bedroom,4.0,0.5,0.75,8.75,9.0,0.25,0.9713376081910559,49.2,Kansas City,,,,,,,,,,,,,,,,,,,,,,False,False
325667,Guangzhou Venace  Intelligent Technology CA 92410,277637,Guangzhou Venace  Intelligent Technology Inc.,APS AEOF,4.0,1.0,1.0,7.75,7.25,-0.5,0.9081361862172443,160.45,Chicago,,,,,,,,,,,,,,,,,,,,,,False,False
125733,Shenzhen Zhichen Trading Co. LTD. CA 91748,59517,Shenzhen Zhichen Trading Co. LTD.,APS K&D,4.0,1.0,1.0,8.5,7.0,-1.5,0.9675317989669089,68.2,Greenwood,,,,,,,,,,,,,,,,,,,,,,False,False
375580,"FUFU and GAGA Trade Co., Ltd. CA 92337",63305,"FUFU and GAGA Trade Co., Ltd.",APS Bedroom,4.0,1.0,1.0,7.5,7.25,-0.25,0.9458611890759971,109.925,Romeoville Ncpc,,,,,,,,,,,,,,,,,,,,,,False,False
374306,"Dongguan Baobo New Material Technology Co., Ltd CA 91761",308783,"Dongguan Baobo New Material Technology Co., Ltd",APS Home Improvement,4.0,1.0,1.0,10.5,8.75,-1.75,0.9588565320874191,68.89999999999999,Maple Grove,,,,,,,,,,,,,,,,,,,,,,False,False
403497,"Anji Chelin Furniture Company.,Ltd CA 92324",60691,Zhejiangweinuokejiyouxiangongsi,APS K&D,4.0,1.0,1.0,8.5,7.0,-1.5,0.978370717094266,44.025000000000006,Greenwood,,,,,,,,,,,,,,,,,,,,,,False,False
402512,Bella Depot Inc. CA 91730,34959,Bella Depot Inc.,APS Home Improvement,4.0,0.75,1.0,10.0,7.5,-2.5,0.954735299703757,97.30000000000001,Chicago,,,,,,,,,,,,,,,,,,,,,,False,False
402675,GUANGZHOUQINGYANGQIMOYOUXIANGONGSI CA 92337,402001,GUANGZHOUQINGYANGQIMOYOUXIANGONGSI,Wayfair,4.0,1.0,1.0,9.25,9.0,-0.25,0.9776685620674868,48.2,Toledo,,,,,,,,,,,,,,,,,,,,,,False,False
123445,Westco Furniture CA,69377,MONOTTI FURNITURE INC,Casegoods,4.0,0.75,0.75,8.5,7.25,-1.25,0.9493860947473581,109.675,Greenwood,,,,,,,,,,,,,,,,,,,,,,False,False
135962,AGM USA LLC CA 91761,130054,AGM USA LLC,APS Youth,4.0,1.0,1.0,9.25,8.0,-1.25,0.9784622657868969,43.875,Chicago,,,,,,,,,,,,,,,,,,,,,,False,False
131517,"Zhejiang Fuma Network Technology Co.,Ltd CA 91752",126573,"Zhejiang Fuma Network Technology Co.,Ltd",APS K&D,4.0,1.0,1.0,8.0,7.75,-0.25,0.9536783348204422,98.725,Chicago,,,,,,,,,,,,,,,,,,,,,,False,False
131748,KUSA CO CA 95330,114968,KUSA CO,Hardware,4.0,1.0,1.0,11.25,6.75,-4.5,0.9865009155791309,28.85,Chicago,,,,,,,,,,,,,,,,,,,,,,False,False
375476,Stellweilan Tessberg LLC CA 91761,271648,Stellweilan Tessberg LLC,Storage & Org,4.0,1.0,1.0,8.5,8.0,-0.5,0.9480486255028661,117.725,Toledo,,,,,,,,,,,,,,,,,,,,,,False,False
295975,"Qingdao Haoyu composite fabric Co., Ltd CA 91706 ",151554,POMUCENO LLC,APS Home Improvement,4.0,1.0,0.75,8.5,8.5,0.0,0.9726354946338398,54.85,Grand Rapids,,,,,,,,,,,,,,,,,,,,,,False,False
7993,Coco Mats N More,7993,Coco Mats N More,Decor,4.0,1.0,1.0,9.75,7.75,-2.0,0.9700604397690664,71.875,Toledo,,,,,,,,,,,,,,,,,,,,,,False,False
18842,Red Pomegranate,18842,Red Pomegranate,Tabletop,4.0,1.0,0.75,8.5,7.5,-1.0,0.9606229321552746,85.275,Chicago,,,,,,,,,,,,,,,,,,,,,,False,False
17558,Scanpan USA Inc.,17558,Scanpan USA Inc.,Kitchen & Small Electrics,4.0,1.0,1.0,8.0,7.75,-0.25,0.9739158884706525,51.10000000000001,Chicago,,,,,,,,,,,,,,,,,,,,,,False,False
14347,Legion Furniture CA 95828,1526,Legion Furniture,Plumbing,4.0,1.0,0.75,9.25,9.0,-0.25,0.9814126418861324,40.599999999999994,Chicago Loop,,,,,,,,,,,,,,,,,,,,,,False,False
21158,Crover Inc,21158,Crover Inc,Storage & Org - Frequency,4.0,1.0,0.75,7.25,7.5,0.25,0.9909098173258895,17.075,Chicago,,,,,,,,,,,,,,,,,,,,,,False,False
21844,Argo Furniture USA,21844,Argo Furniture USA,Upholstery,4.0,1.0,1.0,15.75,10.75,-5.0,0.9571293182300735,79.92500000000001,Chicago,,,,,,,,,,,,,,,,,,,,,,False,False
479687,Xingchen-CA07,82169,"DALI FORTUNE TRADE CO.,LIMITED",APS Rugs,4.0,1.0,1.0,9.5,8.0,-1.5,0.9646871139934059,77.875,Toledo,,,,,,,,,,,,,,,,,,,,,,False,False
479757,"Foshan Metalway Hardware Co.,Ltd CA 91730",288082,"Foshan Metalway Hardware Co.,Ltd",APS Mattresses,4.0,1.0,1.0,9.5,5.0,-4.5,0.9705202237945578,60.8,East Columbus,1.0,1.0,1.0,7.0,4.0,-3.0,0.8523301269381122,336.2,Romeoville Rsf,,,,,,,,,,0.0,0.0,-1.0,True,False
288146,"PREMIER CREATIVE CO., LIMITED CA 92335 ",96969,"PREMIER CREATIVE CO., LIMITED",APS Youth,4.0,1.0,0.5,9.25,9.75,0.5,0.9735120041335755,55.05,Escanaba,,,,,,,,,,,,,,,,,,,,,,False,False
296968,COLORLINK INC CA 92335,80076,COLORLINK INC,APS K&D,4.0,0.0,0.0,9.75,11.5,1.75,0.9747315673489901,54.824999999999996,West Columbus,,,,,,,,,,,,,,,,,,,,,,False,False
297060,anmei-CA01,59483,GOJOY LLC,APS Pet,4.0,1.0,0.75,8.75,8.0,-0.75,0.9753887823241669,49.2,Romeoville Ncpc,,,,,,,,,,,,,,,,,,,,,,False,False
471241,GTK GROUP CA 92316,67539,GTK GROUP,Storage & Org - Frequency,4.0,0.5,1.0,8.25,7.0,-1.25,0.9806374983906399,39.075,Chicago,,,,,,,,,,,,,,,,,,,,,,False,False
228715,"2220 Almond Ave.Redlands, CA, 92374",209042,VOLMAY FURNITURE INC,APS,4.0,1.0,1.0,9.0,7.5,-1.5,0.9528228721744021,100.69999999999999,Greenwood,,,,,,,,,,,,,,,,,,,,,,False,False
352534,Shijiazhuang Chushen Huanbao Technology CA6 ,200164,"Shijiazhuang New Cast Sun Trading Co., Ltd",APS AEOF,4.0,1.0,1.0,9.5,7.0,-2.5,0.9768545609657084,47.525,Chicago,,,,,,,,,,,,,,,,,,,,,,False,False
352320,"Hangzhou Zhongxi Technology Co., Ltd. CA 90201",344851,"Hangzhou Zhongxi Technology Co., Ltd.",APS Home Improvement,4.0,1.0,1.0,8.75,7.5,-1.25,0.9387623383181501,141.975,Chicago,,,,,,,,,,,,,,,,,,,,,,False,False
351431,Shen Zhen Shi Qi Wen Shang Mao You Xian CA 92571,281340,Qwtech Limited_2,APS Bedroom,4.0,1.0,1.0,7.75,6.75,-1.0,0.9629907899221923,85.425,Columbus,,,,,,,,,,,,,,,,,,,,,,False,False
3969,Uttermost CA- 92508,421,Uttermost,Decor,4.0,1.0,0.75,7.5,7.5,0.0,0.984647794004731,30.425,Columbus,,,,,,,,,,,,,,,,,,,,,,False,False
491167,REESE ELECTRONIC TECHNOLOGY INC CA 92337-7457,65621,REESE ELECTRONIC TECHNOLOGY INC,APS Outdoor,4.0,1.0,1.0,9.0,7.25,-1.75,0.9896575890963479,20.325000000000003,Chicago,,,,,,,,,,,,,,,,,,,,,,False,False
494257,"ADVANCED INFO SERVICES, LLC CA 91746",365568,"ADVANCED INFO SERVICES, LLC",Casegoods,3.0,1.0,1.0,9.0,8.0,-1.0,0.9571609500367716,86.33333333333333,Chicago,,,,,,,,,,,,,,,,,,,,,,False,False
9103,Picnic At Ascot,9103,Picnic At Ascot,Tabletop,3.0,1.0,1.0,7.333333333333333,6.0,-1.333333333333333,0.9822732021711112,35.300000000000004,Chicago,,,,,,,,,,,,,,,,,,,,,,False,False
293777,Dongguan Shangku Toys Trading Co CA 92410,290837,HIFYOBRO HONGKONG LIMITED,Wayfair,3.0,1.0,0.6666666666666666,7.666666666666667,7.666666666666667,0.0,0.9242944769573646,166.76666666666668,Chicago,,,,,,,,,,,,,,,,,,,,,,False,False
210523,Maison Bretonne LLC CA 92780,210521,Maison Bretonne LLC dba I Dream of France,Tabletop,3.0,1.0,1.0,9.0,8.0,-1.0,0.9687202451508466,68.96666666666668,Chicago Loop,,,,,,,,,,,,,,,,,,,,,,False,False
210280,langfangouluolashangmaoyouxiangongsi CA2,209850,langfangouluolashangmaoyouxiangongsi,Casegoods,3.0,0.6666666666666666,0.6666666666666666,8.333333333333334,6.0,-2.333333333333334,0.9595580911093694,82.46666666666665,Romeoville Ncpc,,,,,,,,,,1.0,1.0,1.0,7.0,6.0,-1.0,0.7335592921912141,605.3,East Chattanooga,,,,False,True
208284,Forward Home Collection LLC CA 91706,208259,Forward Home Collection LLC,Storage & Org - Frequency,3.0,1.0,1.0,8.0,6.0,-2.0,0.9517432766595371,112.63333333333334,Chicago Loop,,,,,,,,,,,,,,,,,,,,,,False,False
345137,ARTICLE-ET TECHNOLOGY DEVELOPMENT INC CA 92410,202904,ARTICLE-ET TECHNOLOGY DEVELOPMENT INC,APS Bedroom,3.0,0.3333333333333333,1.0,8.333333333333334,7.0,-1.333333333333334,0.9916637904442265,17.7,Roseville,,,,,,,,,,,,,,,,,,,,,,False,False
344658,Shenzhenshi Daman Shiye Youxiangongsi CA 92335(3),76761,Shenzhenshi Daman Shiye Youxiangongsi,APS K&D,3.0,1.0,1.0,8.333333333333334,6.666666666666667,-1.666666666666667,0.9816383575275346,36.4,Cleveland,,,,,,,,,,,,,,,,,,,,,,False,False
343374, PB3,270173,Suzhou Zhenyingxiang keji you xian gong si,APS Youth,3.0,1.0,1.0,9.333333333333334,9.0,-0.3333333333333339,0.977984628214054,43.56666666666666,Chicago,,,,,,,,,,,,,,,,,,,,,,False,False
236668,WP_LA11,104515,Shenzhenshiweilukejiyouxiangongsi,APS,3.0,0.6666666666666666,0.6666666666666666,7.0,7.333333333333333,0.33333333333333304,0.9849678112614914,27.566666666666663,Chicago,,,,,,,,,,,,,,,,,,,,,,False,False
237679,"Yiwu Xunyin Trading Co.,Ltd CA 91761",237562,"Yiwu Xunyin Trading Co.,Ltd",APS Home Improvement,3.0,0.3333333333333333,0.3333333333333333,12.0,12.333333333333334,0.3333333333333339,0.9657338896947688,69.86666666666666,Chicago,,,,,,,,,,,,,,,,,,,,,,False,False
286934,E335-CA-11310CAN,248836,HONGWOODS LIMITED,APS AEOF,3.0,0.6666666666666666,0.6666666666666666,8.666666666666666,8.333333333333334,-0.33333333333333215,0.9841960639740469,32.233333333333334,Greenwood,,,,,,,,,,,,,,,,,,,,,,False,False
286306,SHENZHENSHIYIYOUYIKEJIYOUXIANGONGSI CA 91748 (2),208377,SHENZHENSHIYIYOUYIKEJIYOUXIANGONGSI,APS K&D,3.0,1.0,1.0,9.333333333333334,6.666666666666667,-2.666666666666667,0.9681530965673103,68.23333333333333,Chicago,,,,,,,,,,,,,,,,,,,,,,False,False
227850,AI-2,50414,LTMATE GLOBAL INC.,APS Home Improvement,3.0,1.0,1.0,10.0,9.333333333333334,-0.6666666666666661,0.9690970426007591,65.86666666666666,Toledo,,,,,,,,,,,,,,,,,,,,,,False,False
346900,FOSHANSHISHUNDEQUZHIZHENLEDIANZISHANGWUYOUXIANGONGSI CA 92337,346561,FOSHANSHISHUNDEQUZHIZHENLEDIANZISHANGWUYOUXIANGONGSI,Wayfair,3.0,1.0,1.0,9.0,7.0,-2.0,0.9509854087916185,96.0,North Cincinnati,,,,,,,,,,,,,,,,,,,,,,False,False
347118,Ning Xia Jin Si Lu Wai Mao You Xian Gong Si CA 91710,347116,Ning Xia Jin Si Lu Wai Mao You Xian Gong Si,Wayfair,3.0,1.0,1.0,15.666666666666666,8.0,-7.666666666666666,0.9667257533287997,69.5,Chicago,,,,,,,,,,,,,,,,,,,,,,False,False
353120,Silveria Glass Inc CA 91748 (2),206247,Silveria Glass Inc,APS AEOF,3.0,0.6666666666666666,0.6666666666666666,8.666666666666666,12.333333333333334,3.666666666666668,0.9648362007248753,75.0,Rolla,,,,,,,,,,,,,,,,,,,,,,False,False
352658,PURELIFE INC YSC 91710,96231,PURELIFE INC,APS K&D,3.0,1.0,1.0,13.666666666666666,9.0,-4.666666666666666,0.9691717894647013,69.46666666666667,Northern Kentucky,,,,,,,,,,,,,,,,,,,,,,False,False
352712,Live Comfortably CA 92551,344938,Live Comfortably,Mattress,3.0,1.0,1.0,8.333333333333334,7.0,-1.333333333333334,0.9658081802585353,69.7,Maple Grove,,,,,,,,,,,,,,,,,,,,,,False,False
301635,WHALL GLOBAL BUSINESS LIMITED CA 94538,298036,WHALL GLOBAL BUSINESS LIMITED,Wayfair,3.0,1.0,1.0,7.666666666666667,5.666666666666667,-2.0,0.9961955246865326,8.166666666666666,Chicago,2.0,0.5,1.0,7.0,5.0,-2.0,0.5855222780079934,773.95,East Chattanooga,2.0,0.5,1.0,7.0,4.0,-3.0,0.5699964774777514,885.3499999999999,Chattanooga,-0.5,0.0,-0.666666666666667,True,True
301711,Foshan Sleep Sheep Home Co. Ltd. CA 92336,59352,Foshan Sleep Sheep Home Co. Ltd.,APS Mattresses,3.0,1.0,0.6666666666666666,8.0,7.666666666666667,-0.33333333333333304,0.9105765413878247,178.20000000000002,Columbus,,,,,,,,,,,,,,,,,,,,,,False,False
458350,Guangzhou Huantao Wangluo Keji Youxiangongsi CA 90040,63284,Guangzhou Huantao Wangluo Keji Youxiangongsi,APS Home Improvement,3.0,1.0,1.0,9.0,7.666666666666667,-1.333333333333333,0.9589050523162701,92.36666666666667,Columbus,,,,,,,,,,,,,,,,,,,,,,False,False
457469,"Hangzhou Mucheng International Trade Co., Ltd CA 91710",132375,"Hangzhou Mucheng International Trade Co., Ltd",APS Outdoor,3.0,1.0,1.0,9.666666666666666,8.0,-1.666666666666666,0.9751443543720931,52.86666666666667,Dubuque,,,,,,,,,,,,,,,,,,,,,,False,False
456884,Plagoods LLC CA 91761,452807,Plagoods LLC,Wayfair,3.0,1.0,1.0,9.333333333333334,6.333333333333333,-3.000000000000001,0.9750985081438452,50.800000000000004,Chicago,,,,,,,,,,,,,,,,,,,,,,False,False
456466,shenzhenfeitianyunshiyeyouxiangongsi CA 92335,324487,shenzhenfeitianyunshiyeyouxiangongsi,APS Decor,3.0,0.6666666666666666,0.6666666666666666,9.333333333333334,9.666666666666666,0.33333333333333215,0.9634691229989393,67.46666666666667,Chicago,,,,,,,,,,,,,,,,,,,,,,False,False
301571,MRK Desirant Luxe Collection CA 92346,271675,MRK Desirant Luxe Collection LLC_1,"PG Bedding, Bath & Window",3.0,1.0,1.0,10.333333333333334,7.333333333333333,-3.000000000000001,0.9853937869390768,30.166666666666668,North St.Louis,,,,,,,,,,,,,,,,,,,,,,False,False
300280,ZHEJIANG XINGHUA FURNITURE CO LTD CA 91761,202245,ZHEJIANG XINGHUA FURNITURE CO LTD,APS,3.0,1.0,1.0,8.0,7.333333333333333,-0.666666666666667,0.9762833472610107,50.23333333333333,New Brighton Ncpc,,,,,,,,,,,,,,,,,,,,,,False,False
354401,"Xuzhou Abosi Network Technology Co., Ltd CA 91761",354350,"Xuzhou Abosi Network Technology Co., Ltd",APS Decor,3.0,0.3333333333333333,0.6666666666666666,8.333333333333334,8.666666666666666,0.33333333333333215,0.9880402058683889,25.0,West Columbus,,,,,,,,,,,,,,,,,,,,,,False,False
340415,guangdonghuanqiulihuakejijituanyouxiangongsi CA 91730,247153,guangdonghuanqiulihuakejijituanyouxiangongsi,APS,3.0,1.0,0.6666666666666666,7.666666666666667,7.666666666666667,0.0,0.9520520225262116,100.13333333333333,Chicago,,,,,,,,,,,,,,,,,,,,,,False,False
238782,Zhongshanshi Puzhizhaomingyouxiangongsi CA 90640,238736,JIAWIG TRADE INC.,APS Home Improvement,3.0,0.3333333333333333,1.0,8.333333333333334,8.333333333333334,0.0,0.9930831597516218,13.033333333333331,Chicago,,,,,,,,,,,,,,,,,,,,,,False,False
238365,"ZhongShan DaPai Mirror Co., Ltd CA 90040 ",224386,"ZhongShan DaPai Mirror Co., Ltd",APS,3.0,1.0,1.0,9.0,8.0,-1.0,0.9559397506797899,89.89999999999999,Columbus,,,,,,,,,,,,,,,,,,,,,,False,False
281748,XHD-CA2,211038,Huizhoushipengyingjiajukejiyouxiangongsi_1,APS,3.0,1.0,0.6666666666666666,9.666666666666666,9.333333333333334,-0.33333333333333215,0.9574534666283872,92.0,Chicago,,,,,,,,,,,,,,,,,,,,,,False,False
305737,"GigaCloud Trading, Inc. CA 92337 (3)",3215,"GigaCloud Trading, Inc.",Outdoor Furniture,3.0,0.6666666666666666,1.0,9.666666666666666,8.333333333333334,-1.3333333333333321,0.982824179084084,36.333333333333336,Chicago Loop,,,,,,,,,,,,,,,,,,,,,,False,False
304926,Zhongshan Shuoda Hardware & Electrical co. Ltd CA 91730,304913,Zhongshan Shuoda Hardware & Electrical co. Ltd,Wayfair,3.0,1.0,0.6666666666666666,7.666666666666667,7.666666666666667,0.0,0.9432570522546125,110.60000000000001,Cedar Rapids,,,,,,,,,,,,,,,,,,,,,,False,False
302990,"HONG KONG LINGXIU TECHNOLOGY CO., LIMITED CA 90640",296453,"HONG KONG LINGXIU TECHNOLOGY CO., LIMITED",APS,3.0,1.0,1.0,9.0,8.333333333333334,-0.6666666666666661,0.9721651679447297,55.56666666666667,Mccook,,,,,,,,,,,,,,,,,,,,,,False,False
111995,  KSCA,103176,shenzhen jiejiegao wangluokejiyouxiangongsi,APS,3.0,1.0,0.6666666666666666,8.0,9.0,1.0,0.9834672528621681,28.366666666666664,Fort Wayne,,,,,,,,,,,,,,,,,,,,,,False,False
403171,"Shenzhen Dingye E-commerce Co., Ltd CA 90040",330005,"Shenzhen Dingye E-commerce Co., Ltd",APS Upholstery,3.0,0.6666666666666666,1.0,8.666666666666666,8.0,-0.6666666666666661,0.9738350130142671,54.0,Maple Grove,,,,,,,,,,,,,,,,,,,,,,False,False
325766,Youmi Electronic Technology Co. CA 91761 (3),84702,"Youmi Electronic Technology Co., Limited",APS Bedroom,3.0,1.0,1.0,7.666666666666667,7.333333333333333,-0.3333333333333339,0.9757720387961498,49.6,Evansville,,,,,,,,,,,,,,,,,,,,,,False,False
324792,Shenzhen Like Keji Youxiangongsi CA 92376,62368,Shenzhen Like Keji Youxiangongsi,APS Bedroom,3.0,1.0,1.0,9.666666666666666,6.666666666666667,-2.999999999999999,0.981923234104673,35.46666666666667,Romeoville Ncpc,,,,,,,,,,,,,,,,,,,,,,False,False
324974,SMG Brands LLC CA 92570,194744,SMG Brands LLC,Storage & Org - Frequency,3.0,1.0,1.0,9.666666666666666,8.666666666666666,-1.0,0.9579870940608696,86.2,Niles,,,,,,,,,,,,,,,,,,,,,,False,False
324557,AOGES INDUSTRY INC CA 91710,66232,AOGES INDUSTRY INC,APS,3.0,0.0,1.0,10.0,8.666666666666666,-1.333333333333334,0.9649944947258459,72.63333333333334,Northern Kentucky,,,,,,,,,,,,,,,,,,,,,,False,False
265862,"Chacivagarhspace Co., Ltd CA 91730",243503,"Chacivagarhspace Co., Ltd",APS Home Improvement,3.0,0.3333333333333333,1.0,9.333333333333334,8.666666666666666,-0.6666666666666679,0.9590763961269203,88.0,North St.Louis,,,,,,,,,,,,,,,,,,,,,,False,False
255255,SAN BERNARDINO WAREHOUSE,35652,Living Source International,Outdoor Furniture,3.0,0.3333333333333333,1.0,8.333333333333334,7.666666666666667,-0.666666666666667,0.9576958197827586,83.13333333333333,Maple Grove,,,,,,,,,,,,,,,,,,,,,,False,False
120161,Altair Design Inc. CA 91761,60456,Altair Design Inc.,Plumbing,3.0,1.0,0.6666666666666666,8.666666666666666,8.333333333333334,-0.33333333333333215,0.9852646833624811,29.766666666666666,Chicago,,,,,,,,,,,,,,,,,,,,,,False,False
400747,MAY FLORIDA SERVICE LLC CA 90040,323343,MAY FLORIDA SERVICE LLC,Lighting,3.0,1.0,1.0,9.0,7.666666666666667,-1.333333333333333,0.9876414441742867,25.100000000000005,Northern Kentucky,,,,,,,,,,,,,,,,,,,,,,False,False
399885,YQN_BCF_CA_US,236437,"Zhejiang Yifeng new material Technology Co., LTD",APS Outdoor,3.0,1.0,1.0,11.333333333333334,7.333333333333333,-4.000000000000001,0.9405211932225354,123.0,Chicago,,,,,,,,,,,,,,,,,,,,,,False,False
399414,Kuaicang2-CARL,82169,"DALI FORTUNE TRADE CO.,LIMITED",APS Rugs,3.0,1.0,1.0,10.666666666666666,10.0,-0.6666666666666661,0.9865155590889491,29.166666666666668,Greenwood,,,,,,,,,,,,,,,,,,,,,,False,False
403785,ningbodeqizhinengkejiyouxiangongsi CA 91708,403684,ningbodeqizhinengkejiyouxiangongsi,APS Upholstery,3.0,1.0,1.0,9.0,8.666666666666666,-0.3333333333333339,0.9420389399035226,120.5,Murfreesboro,,,,,,,,,,,,,,,,,,,,,,False,False
404083,ROSRIVER INC. CA 91745,374887,ROSRIVER INC.,APS Home Improvement,3.0,1.0,1.0,7.0,6.333333333333333,-0.666666666666667,0.9620332412633895,82.63333333333334,Chicago,,,,,,,,,,,,,,,,,,,,,,False,False
115434,Chengdu Yaotong Wangluo Keji YouxianGongsi CA91761,97942,Chengdu Yaotong Wangluo Keji Youxian Gongsi,APS Housewares & More,3.0,1.0,1.0,9.333333333333334,8.333333333333334,-1.0,0.9741792862743198,55.9,Mansfield,,,,,,,,,,,,,,,,,,,,,,False,False
114882,Greenington WA 98188,2116,Greenington,Casegoods,3.0,1.0,0.6666666666666666,7.333333333333333,7.0,-0.33333333333333304,0.9729170673345823,57.26666666666667,Champaign,,,,,,,,,,,,,,,,,,,,,,False,False
295780,Eurus Home CA 91710,36677,Eurus Home,APS Home Improvement,3.0,1.0,0.6666666666666666,9.333333333333334,9.666666666666666,0.33333333333333215,0.9681508357986651,68.23333333333333,Chicago,,,,,,,,,,,,,,,,,,,,,,False,False
295436,Mossy Laundromat Inc CA 91761,266772,Mossy Laundromat Inc,APS,3.0,1.0,1.0,8.666666666666666,8.0,-0.6666666666666661,0.9282620115230903,144.73333333333335,South Chicago,,,,,,,,,,,,,,,,,,,,,,False,False
133871,"Ningbo le verde home furnishing co.,ltd. CA 92571",70401,"Ningbo le verde home furnishing co.,ltd.",APS Outdoor,3.0,1.0,1.0,9.0,8.0,-1.0,0.9931335042917092,12.800000000000002,Chicago Loop,,,,,,,,,,,,,,,,,,,,,,False,False
375337,"ZHENGZHOU OUQUN TRADE CO.,LTD CA 92316",284759,"ZHENGZHOU OUQUN TRADE CO.,LTD",APS Pet,3.0,0.3333333333333333,1.0,9.0,7.0,-2.0,0.9657797597206924,77.66666666666667,Toledo,4.0,1.0,1.0,9.25,5.25,-4.0,0.5626772416010881,876.9250000000001,Fairless Hills,1.0,1.0,1.0,10.0,6.0,-4.0,0.805339700455828,448.4,Fairless Hills,0.6666666666666667,0.0,-1.75,True,True
375351,shenzhengeyijishuyouxiangongsi OR 97401,375336,shenzhengeyijishuyouxiangongsi,Wayfair,3.0,1.0,1.0,11.666666666666666,7.0,-4.666666666666666,0.9836510017741409,32.86666666666667,Chicago,,,,,,,,,,,,,,,,,,,,,,False,False
375576,OPNIVE LTD CA 90745,284371,OPNIVE LTD,Casegoods,3.0,0.3333333333333333,0.0,10.0,16.0,6.0,0.9737056752914283,59.599999999999994,Bedford Park,,,,,,,,,,,,,,,,,,,,,,False,False
374784,GLERUS LTD CA 91762 (2),276785,GLERUS LTD,Casegoods,3.0,1.0,1.0,8.666666666666666,8.0,-0.6666666666666661,0.9850941377380259,28.066666666666663,North St.Louis,,,,,,,,,,,,,,,,,,,,,,False,False
402135,"YiQiyin (Hangzhou) Trading Co., Ltd CA 91789",402089,"YiQiyin (Hangzhou) Trading Co., Ltd",Wayfair,3.0,0.0,0.6666666666666666,10.0,14.666666666666666,4.666666666666666,0.9028361486027964,218.9666666666667,Greenwood,,,,,,,,,,,,,,,,,,,,,,False,False
18597,Darlee,18597,Darlee,Outdoor Furniture,3.0,1.0,0.3333333333333333,8.666666666666666,9.333333333333334,0.6666666666666679,0.978781394462219,41.46666666666667,Maple Grove,,,,,,,,,,,,,,,,,,,,,,False,False
19031,Dawn USA,19031,Dawn USA,Plumbing,3.0,1.0,1.0,7.333333333333333,7.333333333333333,0.0,0.9499043141667545,109.56666666666666,Chicago,,,,,,,,,,,,,,,,,,,,,,False,False
15786,Botanical Splash Inc.,15786,Botanical Splash Inc.,Decor,3.0,1.0,1.0,10.666666666666666,7.666666666666667,-2.999999999999999,0.9450875275817804,100.66666666666667,Chicago,,,,,,,,,,,,,,,,,,,,,,False,False
13250,Plutus Partners LLC CA 91502,13106,Plutus Partners LLC,Soft Home,3.0,0.3333333333333333,0.3333333333333333,16.0,15.666666666666666,-0.3333333333333339,0.9094265121129975,209.70000000000002,Toledo,,,,,,,,,,,,,,,,,,,,,,False,False
475740,Sol Home LLC CA 91730,211640,Sol Home LLC,Outdoor Furniture,3.0,1.0,1.0,9.666666666666666,7.333333333333333,-2.333333333333333,0.9189871519620224,147.73333333333332,Chicago,,,,,,,,,,,,,,,,,,,,,,False,False
475963,Lucky Lighting CA 91708,303633,Lucky Lighting,APS Home Improvement,3.0,0.3333333333333333,0.3333333333333333,10.0,9.666666666666666,-0.3333333333333339,0.9595544286876444,83.93333333333334,New Brighton Ncpc,,,,,,,,,,,,,,,,,,,,,,False,False
473014,MINDRAY INTERNATIONAL LIMITED CA 92880,307364,MINDRAY INTERNATIONAL LIMITED,APS Mattresses,3.0,0.6666666666666666,0.3333333333333333,7.333333333333333,7.333333333333333,0.0,0.9435750615419063,98.93333333333334,Green Bay,,,,,,,,,,,,,,,,,,,,,,False,False
473132,Consdan Home Inc. CA 91761,107568,Consdan Home Inc.,Storage & Org,3.0,1.0,1.0,9.0,6.333333333333333,-2.666666666666667,0.9645466150350703,66.56666666666668,Cedar Rapids,,,,,,,,,,,,,,,,,,,,,,False,False
413754,Bella Depot Inc. CA 91731,34959,Bella Depot Inc.,APS Home Improvement,3.0,0.6666666666666666,0.6666666666666666,8.666666666666666,8.333333333333334,-0.33333333333333215,0.9721381908068348,59.73333333333333,New Brighton Ncpc,,,,,,,,,,,,,,,,,,,,,,False,False
87092,"Wuhan Gojin Technology Co., Ltd. CA 92337",86671,"Wuhan Gojin Technology Co., Ltd.",APS,3.0,1.0,1.0,8.333333333333334,6.333333333333333,-2.000000000000001,0.9557812075762695,82.26666666666667,Champaign,,,,,,,,,,,,,,,,,,,,,,False,False
88410,WholesaleMart LLC WA,26026,WholesaleMart LLC,Decor,3.0,1.0,1.0,8.666666666666666,8.666666666666666,0.0,0.965149983984257,76.13333333333333,Chicago,,,,,,,,,,,,,,,,,,,,,,False,False
88654,Yiimo CA 92337,40130,Yiimo,APS Bedroom,3.0,1.0,1.0,10.333333333333334,6.333333333333333,-4.000000000000001,0.9634681113640616,83.36666666666667,Columbus,,,,,,,,,,,,,,,,,,,,,,False,False
86896,DJ-B2726-CA2-91789,57457,"Lefun Trading co.,ltd.",APS Mattresses,3.0,1.0,0.6666666666666666,9.333333333333334,8.666666666666666,-0.6666666666666679,0.8779760142356219,250.56666666666663,Chicago,,,,,,,,,,,,,,,,,,,,,,False,False
85103,Ksana LLC. CA 91752,62098,Ksana LLC.,Lighting,3.0,0.0,0.3333333333333333,8.333333333333334,9.333333333333334,1.0,0.987861854076112,22.733333333333334,Chicago,,,,,,,,,,,,,,,,,,,,,,False,False
413435,hangzhoudongmeidianzishangwuyouxiangongsi CA 92324,203629,hangzhoudongmeidianzishangwuyouxiangongsi,APS Upholstery,3.0,1.0,1.0,8.666666666666666,7.333333333333333,-1.333333333333333,0.9732115947371228,53.099999999999994,South Chicago,,,,,,,,,,,,,,,,,,,,,,False,False
411757,bazhoushinuolijiajuyouxiangongsi CA 92337,251331,bazhoushinuolijiajuyouxiangongsi,APS Bedroom,3.0,1.0,1.0,10.0,8.0,-2.0,0.9435550708810138,117.36666666666666,Columbus,,,,,,,,,,,,,,,,,,,,,,False,False
411111,Zhongshan Jikai Dengshichang CA 90670,79095,Zhongshan Jikai Dengshichang,APS Home Improvement,3.0,1.0,1.0,8.666666666666666,7.333333333333333,-1.333333333333333,0.9362813339513885,137.4,Chicago,,,,,,,,,,,,,,,,,,,,,,False,False
411389,Visco Link Inc CA 91702,270346,Visco Link Inc,Outdoor Furniture,3.0,1.0,1.0,9.0,8.666666666666666,-0.3333333333333339,0.8889266483165486,220.5,Chicago,,,,,,,,,,,,,,,,,,,,,,False,False
410091,"FOSHAN ZHONGYANG FURNITURE CO., LTD. CA 92316",268501,"FOSHAN ZHONGYANG FURNITURE CO., LTD.",APS AEOF,3.0,1.0,1.0,8.666666666666666,8.333333333333334,-0.33333333333333215,0.9479830168917212,87.26666666666667,Chicago,,,,,,,,,,,,,,,,,,,,,,False,False
410102,Sarlai Home Inc CA 92571,65706,Sarlai Home Inc,APS Home Improvement,3.0,1.0,1.0,9.0,8.333333333333334,-0.6666666666666661,0.962517607927096,76.33333333333333,Greenwood,,,,,,,,,,,,,,,,,,,,,,False,False
97541,"Shenzhenshi Yiyibushe Technology Co., Ltd. CA91710",86804,"Shenzhenshi Yiyibushe Technology Co., Ltd.",APS Home Improvement,3.0,1.0,1.0,8.0,7.666666666666667,-0.33333333333333304,0.9363876721734169,139.56666666666666,Toledo,,,,,,,,,,,,,,,,,,,,,,False,False
409185,Lanora Lighting CA 91761-3616,53471,Lanora Lighting,Lighting,3.0,1.0,1.0,11.666666666666666,9.0,-2.666666666666666,0.9791923564045343,43.23333333333333,Effingham,,,,,,,,,,,,,,,,,,,,,,False,False
409291,LONSHIRE SPARK INC CA 90670,104574,LONSHIRE SPARK INC,APS K&D,3.0,0.3333333333333333,1.0,8.333333333333334,7.333333333333333,-1.0000000000000009,0.9506783290618586,106.0,Maple Grove,,,,,,,,,,,,,,,,,,,,,,False,False
413750,WPLA11.,195189,GOLD LION INTERNATIONAL LTD.,APS Bedroom,3.0,0.6666666666666666,1.0,8.333333333333334,8.0,-0.3333333333333339,0.9806894307358509,39.766666666666666,Chicago,,,,,,,,,,,,,,,,,,,,,,False,False
102658,BOUNCY SPORT LLC CA 91748,102017,BOUNCY SPORT LLC,APS Mattresses,3.0,1.0,1.0,8.333333333333334,6.666666666666667,-1.666666666666667,0.9604865204717711,77.26666666666667,Chicago,,,,,,,,,,,,,,,,,,,,,,False,False
101025,Shenzhenshi Jiushangding Technology Co Ltd CA 91710,99246,Shenzhenshi Jiushangding Technology Co Ltd,APS Home Improvement,3.0,1.0,1.0,7.333333333333333,6.0,-1.333333333333333,0.9512197118363491,99.63333333333333,Dayton,,,,,,,,,,,,,,,,,,,,,,False,False
323100,langfangshituruiqimaoyiyouxiangongsi CA 92337(3),323094,langfangshituruiqimaoyiyouxiangongsi,Wayfair,3.0,1.0,1.0,8.666666666666666,6.0,-2.666666666666666,0.9904088791511776,20.2,North Cincinnati,,,,,,,,,,,,,,,,,,,,,,False,False
323124,Foshan MJL Intelligent Home Products CA 91752,214365,"WSIDSY CO., LIMITED",APS Bedroom,3.0,0.3333333333333333,0.6666666666666666,8.333333333333334,8.666666666666666,0.33333333333333215,0.9765213249027337,46.333333333333336,Columbus,,,,,,,,,,,,,,,,,,,,,,False,False
323087,"Sleemon-Xilinmen Furniture co.,Ltd CA 92376",88620,"Sleemon-Xilinmen Furniture co.,Ltd",APS,3.0,1.0,1.0,8.0,7.0,-1.0,0.9899550020453617,22.100000000000005,West Columbus,,,,,,,,,,,,,,,,,,,,,,False,False
322119,Emson USA CA 92392 (Fellowship West),1303,Emson USA,Kitchen & Small Electrics,3.0,1.0,1.0,8.0,6.666666666666667,-1.333333333333333,0.966774191839839,69.0,Chicago,,,,,,,,,,,,,,,,,,,,,,False,False
266593,USWE-GC,222883,"Shenzhen Lefton Sanitary Co., Ltd.",APS,3.0,1.0,1.0,9.0,7.666666666666667,-1.333333333333333,0.9569868323412779,88.33333333333333,Maple Grove,,,,,,,,,,,,,,,,,,,,,,False,False
321240, CAJW06,203629,hangzhoudongmeidianzishangwuyouxiangongsi,APS Upholstery,3.0,0.6666666666666666,1.0,8.0,7.666666666666667,-0.33333333333333304,0.9834587858999301,32.766666666666666,Champaign,,,,,,,,,,,,,,,,,,,,,,False,False
407477,Dream On Me CA 92408,1461,Dream On Me,Youth Furniture & Decor,3.0,0.6666666666666666,0.6666666666666666,9.0,8.333333333333334,-0.6666666666666661,0.9685566705225545,66.89999999999999,Chicago,,,,,,,,,,,,,,,,,,,,,,False,False
406999,"Shenzhenshi Meijiajia Technology Co., Ltd CA  92324",277710,"Shenzhenshi Meijiajia Technology Co., Ltd",APS Home Improvement,3.0,1.0,1.0,8.333333333333334,8.0,-0.3333333333333339,0.9648132374407208,74.3,Chicago,,,,,,,,,,,,,,,,,,,,,,False,False
406919,    WECA4,103159,shenzhenshi hongmu jinchukoumaoyi youxiangongsi,APS AEOF,3.0,1.0,1.0,8.0,7.0,-1.0,0.9675849348948603,68.69999999999999,Greenwood,,,,,,,,,,,,,,,,,,,,,,False,False
110938,DingFar Company Ltd. CA 91710,90375,DingFar Company Ltd.,APS Home Improvement,3.0,1.0,1.0,8.666666666666666,8.0,-0.6666666666666661,0.9754613186154463,53.06666666666667,East Columbus,,,,,,,,,,,,,,,,,,,,,,False,False
106515,POP-Maison Inc CA 91761(2),102811,POP-Maison Inc,APS,3.0,0.3333333333333333,0.3333333333333333,8.0,8.666666666666666,0.6666666666666661,0.9765852822450659,48.86666666666667,Chicago,,,,,,,,,,,,,,,,,,,,,,False,False
405232,HAULLISUM INTERNATIONAL CO.，LIMITED CA 92337,299536,HAULLISUM INTERNATIONAL CO.，LIMITED,APS Decor,3.0,0.3333333333333333,0.6666666666666666,9.333333333333334,11.0,1.666666666666666,0.957243287208894,86.23333333333333,Chicago,,,,,,,,,,,,,,,,,,,,,,False,False
407833,gazepo inc CA-EASTVALE,71757,gazepo inc,APS Upholstery,3.0,1.0,1.0,9.0,8.0,-1.0,0.97077559899043,62.43333333333334,Chicago,,,,,,,,,,,,,,,,,,,,,,False,False
407987,TRINITY  INTERNATIONAL CA 92337 (3),215836,TRINITY  INTERNATIONAL,APS Bedroom,3.0,1.0,1.0,8.0,7.333333333333333,-0.666666666666667,0.9698359924758654,65.63333333333333,Greenwood,,,,,,,,,,,,,,,,,,,,,,False,False
327596,WORMOT LTD CA 91702,293939,WORMOT LTD,Outdoor Furniture,3.0,0.0,0.0,8.333333333333334,9.333333333333334,1.0,0.990005394041126,19.766666666666666,Columbus,,,,,,,,,,,,,,,,,,,,,,False,False
326716,"NINGBO YOUSUN IMP. AND EXP.CO.,LTD CA 91761",302478,"NINGBO YOUSUN IMP. AND EXP.CO.,LTD",APS Housewares & More,3.0,1.0,1.0,7.333333333333333,6.666666666666667,-0.6666666666666661,0.9281251559138112,138.66666666666666,New Brighton Ncpc,,,,,,,,,,,,,,,,,,,,,,False,False
251888,OPTIONS TRADING LLC CAN2,89747,OPTIONS TRADING LLC,APS,3.0,1.0,1.0,8.666666666666666,7.333333333333333,-1.333333333333333,0.9677890524422214,69.36666666666667,Columbus,,,,,,,,,,,,,,,,,,,,,,False,False
318995,"Yiwu Binsai Import and Export Co., Ltd. CA 91752",273078,"Yiwu Binsai Import and Export Co., Ltd.",APS Outdoor,3.0,1.0,1.0,9.0,8.0,-1.0,0.9895886314116896,21.099999999999998,Chicago Loop,,,,,,,,,,,,,,,,,,,,,,False,False
415106,Y-CA-3,221756,Ning Bo Hao Mi Xin Xi Ke Ji You Xian Gong Si,APS Home Improvement,3.0,0.6666666666666666,1.0,7.666666666666667,6.666666666666667,-1.0,0.9575160351179868,78.96666666666667,Champaign,,,,,,,,,,,,,,,,,,,,,,False,False
414458,MAY FLORIDA SERVICE LLC CA 92324,323343,MAY FLORIDA SERVICE LLC,Lighting,3.0,1.0,1.0,7.666666666666667,7.0,-0.666666666666667,0.9734449671642181,53.96666666666667,Chicago,,,,,,,,,,,,,,,,,,,,,,False,False
81751,And Beyond Inc. CA 95688,53088,And Beyond Inc.,APS Mattresses,3.0,1.0,0.3333333333333333,7.333333333333333,8.0,0.666666666666667,0.9630575895841379,83.43333333333334,Toledo,,,,,,,,,,,,,,,,,,,,,,False,False
81368,RM IMPORTERS INC CA91761,67908,RM IMPORTERS INC,Kitchen & Small Electrics,3.0,1.0,1.0,9.666666666666666,7.666666666666667,-1.9999999999999991,0.9885292102061399,24.166666666666668,West Columbus,,,,,,,,,,,,,,,,,,,,,,False,False
137884,SECKRS LLC CA 91710,69206,SECKRS LLC,Plumbing,3.0,1.0,0.6666666666666666,10.0,10.0,0.0,0.9606472297546436,90.30000000000001,Columbus,,,,,,,,,,,,,,,,,,,,,,False,False
138597,"Naxa Electronics, Inc. CA 90058",133756,"Naxa Electronics, Inc.",Wayfair Professional,3.0,1.0,1.0,9.666666666666666,8.333333333333334,-1.3333333333333321,0.9557672266414629,98.33333333333333,Columbus,,,,,,,,,,,,,,,,,,,,,,False,False
372287,Line Apparel ecommerce Inc CA 91752,291170,Line Apparel ecommerce Inc,Decor,3.0,0.3333333333333333,0.3333333333333333,8.666666666666666,10.333333333333334,1.6666666666666679,0.9716835584600143,55.43333333333334,Cedar Rapids Local,,,,,,,,,,,,,,,,,,,,,,False,False
371619,Shenzhen Zhongqi Century Technology Co. CA 91745,91093,Light-Year E-commerce Limited,APS Home Improvement,3.0,0.6666666666666666,0.6666666666666666,9.333333333333334,8.333333333333334,-1.0,0.9624142069401058,79.2,South Chicago,,,,,,,,,,,,,,,,,,,,,,False,False
370635,"Hangzhou Zhuoli Furniture Co., Ltd. CA 92337",82112,"Hangzhou Zhuoli Furniture Co., Ltd.",APS Upholstery,3.0,1.0,1.0,10.666666666666666,8.333333333333334,-2.333333333333332,0.9861142180523501,27.633333333333336,Ann Arbor,,,,,,,,,,,,,,,,,,,,,,False,False
370783,"Ningxia Xingchenxin Trading Co., Ltd._1 CA 92571",364966,"Ningxia Xingchenxin Trading Co., Ltd._1",APS Upholstery,3.0,1.0,1.0,9.0,5.666666666666667,-3.333333333333333,0.9335094209917703,123.8,Champaign,,,,,,,,,,,,,,,,,,,,,,False,False
329399,"(US)Yangjiang LiNice E-commerce Co., Ltd. CA 91710",317660,"(US)Yangjiang LiNice E-commerce Co., Ltd.",APS Housewares & More,3.0,1.0,1.0,9.0,7.0,-2.0,0.9748709158012997,51.76666666666666,Chicago Loop,,,,,,,,,,,,,,,,,,,,,,False,False
327117,ANHUI MORDEN LIVING CO LTD CA 91730(1),326409,ANHUI MORDEN LIVING CO LTD,Wayfair,3.0,1.0,1.0,9.0,6.666666666666667,-2.333333333333333,0.9667703209056026,73.66666666666667,Chicago,,,,,,,,,,,,,,,,,,,,,,False,False
330215,kaylastudio Inc CA 92335,254953,kaylastudio Inc,APS Home Improvement,3.0,1.0,1.0,9.333333333333334,8.666666666666666,-0.6666666666666679,0.9855259658808685,26.133333333333336,Chicago,,,,,,,,,,,,,,,,,,,,,,False,False
370324,DaFangGuang-CA-ONT1,63465,"Ningbo Youyuan Import and Export Co., Ltd.",APS Home Improvement,3.0,0.3333333333333333,0.6666666666666666,9.333333333333334,8.333333333333334,-1.0,0.9517740577731336,96.89999999999999,Cedar Rapids,,,,,,,,,,,,,,,,,,,,,,False,False
370163,Foshan Jidian Furniture Co Ltd CA 91761,370151,Foshan Jidian Furniture Co Ltd,APS Upholstery,3.0,0.3333333333333333,0.3333333333333333,9.333333333333334,8.666666666666666,-0.6666666666666679,0.9915849444565339,16.933333333333334,Chicago,,,,,,,,,,,,,,,,,,,,,,False,False
151931,Freeland Exceed INC CA 91730,101101,AMERICA CAMPHOME INC,Outdoor Furniture,3.0,1.0,1.0,11.333333333333334,10.0,-1.333333333333334,0.9734141923537206,56.866666666666674,Chicago,,,,,,,,,,,,,,,,,,,,,,False,False
151108,Westbrass CA,24575,Westbrass,Plumbing,3.0,1.0,1.0,7.0,6.333333333333333,-0.666666666666667,0.9805385237194423,42.76666666666667,Chicago,,,,,,,,,,,,,,,,,,,,,,False,False
150030, Winmore master INC CA 91730,66594,Winmore master INC,Outdoor Furniture,3.0,1.0,1.0,10.0,5.0,-5.0,0.9911616317246992,19.533333333333335,Cleveland,,,,,,,,,,,,,,,,,,,,,,False,False
370066,Lucky Lighting CA 94545,303633,Lucky Lighting,APS Home Improvement,3.0,1.0,1.0,10.333333333333334,8.666666666666666,-1.6666666666666679,0.9887623462335272,26.26666666666667,Columbus,,,,,,,,,,,,,,,,,,,,,,False,False
374507,"TAIZHOU BOLVDA CRAFT CO.,LTD CA 91764",205975,"TAIZHOU BOLVDA CRAFT CO.,LTD",APS Outdoor,3.0,0.6666666666666666,0.6666666666666666,8.666666666666666,9.0,0.3333333333333339,0.9584600217257719,82.66666666666667,Chicago Loop,,,,,,,,,,,,,,,,,,,,,,False,False
320598,美西7仓,320592,GTS PRO TRADING INC,Wayfair,3.0,1.0,1.0,9.0,7.0,-2.0,0.9331956050972036,147.36666666666665,Toledo,,,,,,,,,,,,,,,,,,,,,,False,False
320138,"Freestyle Outdoor Living Co., Ltd CA 91752 (2)",57760,Orange Casual Co Ltd_1,APS Outdoor,3.0,1.0,1.0,8.666666666666666,7.666666666666667,-0.9999999999999991,0.9734314958672168,60.666666666666664,Chicago,,,,,,,,,,,,,,,,,,,,,,False,False
270437,MetLife CA 91752,36568,JM & Rancho Trading Inc.,APS,3.0,1.0,1.0,10.0,7.333333333333333,-2.666666666666667,0.9956374476210682,7.3,New Brighton Ncpc,,,,,,,,,,,,,,,,,,,,,,False,False
270497,深圳市树伦科技有限公司 CA 91730,268729,"Shenzhen Shulun Technology Co.,LTD.",Lighting,3.0,1.0,1.0,9.0,8.333333333333334,-0.6666666666666661,0.9832308681252715,29.7,North St.Louis,,,,,,,,,,,,,,,,,,,,,,False,False
269233,PP-BCF_CA_US,201334,WuHanPangPangPingPingDianZiShangWuYouXianGongSi,APS,3.0,0.6666666666666666,0.6666666666666666,8.333333333333334,7.666666666666667,-0.666666666666667,0.9698689905529436,57.4,Maple Grove,,,,,,,,,,,,,,,,,,,,,,False,False
268830,Kindred Home CA,76232,Kindred Home,Soft Home,3.0,1.0,1.0,9.666666666666666,9.0,-0.6666666666666661,0.9740320940309984,56.73333333333333,Columbus,,,,,,,,,,,,,,,,,,,,,,False,False
269059,XH COPE_LSJ7 CA 92337,66040,Shenzhen XinheTrade Limited Company,APS,3.0,0.3333333333333333,0.0,7.666666666666667,9.333333333333334,1.666666666666667,0.9520516047828823,85.93333333333334,Lenexa,,,,,,,,,,,,,,,,,,,,,,False,False
319346,Impressions Vanity Company CA 91708,77733,Impressions Vanity Company,Casegoods,3.0,1.0,1.0,9.333333333333334,7.0,-2.333333333333334,0.9203616248602647,119.56666666666666,Lenexa,,,,,,,,,,,,,,,,,,,,,,False,False
432819,"Wenzhou EDonkey Technology Co., Ltd. CA 91752",432402,"Wenzhou EDonkey Technology Co., Ltd.",Wayfair,3.0,1.0,1.0,10.666666666666666,8.333333333333334,-2.333333333333332,0.9737606535961754,56.70000000000001,New Brighton Ncpc,,,,,,,,,,,,,,,,,,,,,,False,False
432954,Vintage Lighting Limited CA 92324,120155,Vintage Lighting Limited,APS Home Improvement,3.0,1.0,1.0,8.333333333333334,7.333333333333333,-1.0000000000000009,0.974153878026641,56.599999999999994,Toledo,,,,,,,,,,,,,,,,,,,,,,False,False
276920,QUANZHOU AUTO FURNITURE CO LTD DP-CA1 91761,103768,QUANZHOU AUTO FURNITURE CO LTD,APS K&D,3.0,0.6666666666666666,0.6666666666666666,10.0,10.666666666666666,0.6666666666666661,0.9486700319667533,108.43333333333334,Chicago,,,,,,,,,,,,,,,,,,,,,,False,False
276096,YantaiAifengdianzi 92337(6),226548,Hong Kong Kaituo Limited_1,APS,3.0,0.6666666666666666,0.6666666666666666,7.0,7.333333333333333,0.33333333333333304,0.9655670186022691,77.03333333333335,Cleveland,,,,,,,,,,,,,,,,,,,,,,False,False
276323,Ningbo Jiangdong Peter International CA 91730(3) ,53013,Ningbo Jiangdong Peter International Trading CoLTD,APS Outdoor,3.0,0.6666666666666666,1.0,10.333333333333334,8.333333333333334,-2.0,0.9240647191375911,157.9,Cedar Rapids,,,,,,,,,,,,,,,,,,,,,,False,False
276793,"GigaCloud Trading, Inc. CA8 92337",3215,"GigaCloud Trading, Inc.",Outdoor Furniture,3.0,0.3333333333333333,0.6666666666666666,8.0,8.333333333333334,0.3333333333333339,0.9701467455260794,61.199999999999996,Mccook,,,,,,,,,,,,,,,,,,,,,,False,False
275267,Foshan Yingke Tongda Furniture Co LTD CA 92337,251210,TOSTA LIMITED_1,APS Bedroom,3.0,1.0,0.6666666666666666,8.0,8.0,0.0,0.9669042715802675,72.56666666666668,Greenwood,,,,,,,,,,,,,,,,,,,,,,False,False
275816,Home Dynamix CA 92376,977,Home Dynamix,Rugs,3.0,1.0,0.6666666666666666,6.666666666666667,6.333333333333333,-0.3333333333333339,0.9760078965054984,41.166666666666664,Rapid City,,,,,,,,,,,,,,,,,,,,,,False,False
272966,HONG KONG INNOVATE LIMITED CA 92377,267148,HONG KONG INNOVATE LIMITED,APS,3.0,1.0,1.0,8.333333333333334,8.0,-0.3333333333333339,0.9888347050941677,20.833333333333332,Greenwood,,,,,,,,,,,,,,,,,,,,,,False,False
271774,Yantai Jinglingshangmao Youxiangongsi CA 92337(3),229975,Yantai Jinglingshangmao Youxiangongsi,APS,3.0,1.0,1.0,9.333333333333334,6.0,-3.333333333333334,0.9518397357367304,89.7,Chicago,,,,,,,,,,,,,,,,,,,,,,False,False
314260,FSFE335CA-11310CAN,307339,dongguanshifushengfajiajuyouxiangongsi,APS AEOF,3.0,0.6666666666666666,0.6666666666666666,10.333333333333334,9.0,-1.333333333333334,0.9650163804882591,77.16666666666666,Columbus,,,,,,,,,,,,,,,,,,,,,,False,False
58137,Ningbo Jiangbei Fufu CA 92337,53997,Ningbo Jiangbei Fufu,APS,3.0,1.0,1.0,8.666666666666666,8.0,-0.6666666666666661,0.9104486349229578,170.36666666666667,Chicago,,,,,,,,,,,,,,,,,,,,,,False,False
65180,Canary Products CA 92590,18347,Canary Products,Decor,3.0,1.0,1.0,7.333333333333333,7.333333333333333,0.0,0.9901732671347262,21.1,Chicago,,,,,,,,,,,,,,,,,,,,,,False,False
65250,Comptree Inc CA 91730,8574,Comptree Inc,APS,3.0,0.0,0.6666666666666666,7.666666666666667,7.666666666666667,0.0,0.951512547266352,97.13333333333333,Chicago,,,,,,,,,,,,,,,,,,,,,,False,False
63269,MM CASA CA 91761,57099,MM CASA,APS,3.0,0.3333333333333333,0.3333333333333333,8.666666666666666,9.666666666666666,1.0,0.9698896714652445,68.13333333333333,Columbus,,,,,,,,,,,,,,,,,,,,,,False,False
433863,Saving  Mall LLC CA 92879,72675,Saving  Mall LLC,APS Outdoor,3.0,1.0,1.0,10.666666666666666,8.0,-2.666666666666666,0.9951188192386287,10.233333333333333,Chicago,,,,,,,,,,1.0,0.0,0.0,9.0,12.0,3.0,0.5336207349771305,887.1,Orlando,,,,False,True
416536,Shenzhen KBOOS Creative Ltd. CA 91010,219963,Shenzhen KBOOS Creative Ltd.,APS AEOF,3.0,1.0,1.0,9.0,7.333333333333333,-1.666666666666667,0.9743561991445029,57.5,Chicago Loop,,,,,,,,,,,,,,,,,,,,,,False,False
414756,US AUTOFLY KAOLA LLC CA 92374,78357,US AUTOFLY KAOLA LLC,APS Home Improvement,3.0,1.0,1.0,7.666666666666667,7.0,-0.666666666666667,0.9274213986333808,140.20000000000002,Chicago,,,,,,,,,,,,,,,,,,,,,,False,False
69987,Flyingstar LLC,69987,Flyingstar LLC,APS Soft Home,3.0,1.0,1.0,14.666666666666666,11.333333333333334,-3.333333333333332,0.9904975927821976,19.133333333333333,Chicago,,,,,,,,,,,,,,,,,,,,,,False,False
66167,Technivorm OR 97224,24856,Technivorm Moccamaster USA Inc,Kitchen & Small Electrics,3.0,1.0,1.0,8.333333333333334,8.333333333333334,0.0,0.9886219591255349,25.366666666666664,Chicago,,,,,,,,,,,,,,,,,,,,,,False,False
431250,HANMU INTERNATIONAL LIMITED CA 90660,431035,HANMU INTERNATIONAL LIMITED,Wayfair,3.0,1.0,1.0,9.333333333333334,9.333333333333334,0.0,0.9776987403967032,48.699999999999996,Columbus,,,,,,,,,,,,,,,,,,,,,,False,False
431180,Swanky Soaps Inc USLAX9QY,272378,Swanky Soaps Inc,APS Decor,3.0,0.0,0.6666666666666666,10.0,8.666666666666666,-1.333333333333334,0.9722306692810919,60.46666666666667,Lenexa Local,,,,,,,,,,,,,,,,,,,,,,False,False
316868,"Xiamen Dahonghuo Technology Co., Ltd CA 91789",315778,"Xiamen Dahonghuo Technology Co., Ltd",Wayfair,3.0,1.0,0.6666666666666666,8.0,8.0,0.0,0.9785578892112891,45.56666666666666,Chicago,,,,,,,,,,,,,,,,,,,,,,False,False
316554,"FoShan XiNiu Outdoor Product Co., Ltd CA 91752 (2)",47589,SUMMER BELLA INC,APS,3.0,1.0,0.6666666666666666,8.666666666666666,8.333333333333334,-0.33333333333333215,0.9659041983748097,65.46666666666667,Minneapolis,,,,,,,,,,,,,,,,,,,,,,False,False
414208,SLM Warehousing CA3 (Ontario),288386,"Hainan Chuangshiji Technology Co., Ltd",APS Bedroom,3.0,0.6666666666666666,0.6666666666666666,7.333333333333333,5.0,-2.333333333333333,0.9403817762373059,116.96666666666665,Champaign,,,,,,,,,,,,,,,,,,,,,,False,False
414231,"Shenzhen Zhuoyuan Technology Co., Ltd. CA 91761(2)",334320,"Shenzhen Zhuoyuan Technology Co., Ltd.",APS Housewares & More,3.0,1.0,1.0,9.333333333333334,7.333333333333333,-2.000000000000001,0.9602319835797036,80.73333333333333,Chicago,,,,,,,,,,,,,,,,,,,,,,False,False
414040,US FAST LLC CA 92374,77540,US FAST LLC,APS Home Improvement,3.0,1.0,1.0,8.666666666666666,7.666666666666667,-0.9999999999999991,0.9802311278365169,38.7,Chicago,,,,,,,,,,,,,,,,,,,,,,False,False
430351,DJ-CA9-91764,57457,"Lefun Trading co.,ltd.",APS Mattresses,3.0,1.0,1.0,7.666666666666667,7.0,-0.666666666666667,0.9438068819688179,101.93333333333332,Romeoville Rsf,,,,,,,,,,,,,,,,,,,,,,False,False
430503,"Longzhaoxin Furniture Co., Ltd. CA 90670",59929,"Longzhaoxin Furniture Co., Ltd.",APS K&D,3.0,1.0,1.0,8.0,7.666666666666667,-0.33333333333333304,0.9536933797518699,106.16666666666667,Columbus,,,,,,,,,,,,,,,,,,,,,,False,False
75023,Farm On Table Inc CA91730,74031,Farm On Table Inc,APS,3.0,1.0,1.0,8.333333333333334,6.0,-2.333333333333334,0.9686416105796306,63.666666666666664,N.  Kentucky Local,,,,,,,,,,,,,,,,,,,,,,False,False
419501,SUMIJ LTD CA 92337-8200,274919,SUMIJ LTD,APS Bedroom,3.0,0.0,0.3333333333333333,9.333333333333334,13.0,3.666666666666666,0.9403477554597677,134.86666666666667,West Columbus,,,,,,,,,,,,,,,,,,,,,,False,False
416026,"Zhongshan Jufu Trading Co., Ltd CA 91761",363184,"Zhongshan Jufu Trading Co., Ltd",APS Home Improvement,3.0,1.0,1.0,9.333333333333334,7.666666666666667,-1.666666666666667,0.9560982791671303,93.86666666666667,North St.Louis,,,,,,,,,,,,,,,,,,,,,,False,False
434538,"Hong Kong Baihui International Trade Co., Limited CA 91752",432848,"Hong Kong Baihui International Trade Co., Limited",APS Soft Home,3.0,1.0,1.0,14.333333333333334,11.333333333333334,-3.0,0.94987265051952,93.89999999999999,Cedar Rapids,,,,,,,,,,,,,,,,,,,,,,False,False
59353,AlisPark Corporation,59353,AlisPark Corporation,Lighting,3.0,1.0,1.0,10.0,6.666666666666667,-3.333333333333333,0.9899070361526937,18.966666666666665,Chicago,,,,,,,,,,,,,,,,,,,,,,False,False
58055,Organize Ventures Inc,58055,Organize Ventures Inc,Appliances,3.0,0.6666666666666666,0.6666666666666666,8.0,8.0,0.0,0.9928725507622413,13.9,Carol Stream,,,,,,,,,,,,,,,,,,,,,,False,False
446998,Ningbo Linnuo International Trade CA 92337(4),107049,Ningbo Linnuo International Trade Co.  Ltd.,APS Outdoor,3.0,0.3333333333333333,0.6666666666666666,10.0,9.333333333333334,-0.6666666666666661,0.990493415699493,19.8,Mokena,,,,,,,,,,,,,,,,,,,,,,False,False
446692,Walraime Inc. CA 92880-0001,67689,Walraime Inc.,APS Upholstery,3.0,1.0,1.0,9.0,7.333333333333333,-1.666666666666667,0.9771778095375258,50.666666666666664,Chicago,,,,,,,,,,,,,,,,,,,,,,False,False
56438,Costway CA 92337B,38830,Costway,APS Outdoor,3.0,1.0,1.0,8.333333333333334,7.333333333333333,-1.0000000000000009,0.9778693313215318,47.333333333333336,Dayton,,,,,,,,,,,,,,,,,,,,,,False,False
53888,Artisan Floral Decor,53888,Artisan Floral Decor,,3.0,1.0,1.0,9.0,7.666666666666667,-1.333333333333333,0.954121554262542,101.93333333333334,Columbus,,,,,,,,,,,,,,,,,,,,,,False,False
54222,Cozzy Design,54222,Cozzy Design,Casegoods,3.0,1.0,1.0,11.333333333333334,8.0,-3.333333333333334,0.9798346643747667,41.1,Chicago,,,,,,,,,,,,,,,,,,,,,,False,False
366490,"Shenzhen Laiwo Trading Co., Ltd. CA 91748",65593,"Shenzhen Laiwo Trading Co., Ltd.",APS K&D,3.0,1.0,1.0,7.333333333333333,6.666666666666667,-0.6666666666666661,0.955377544543896,91.53333333333335,Cleveland,,,,,,,,,,,,,,,,,,,,,,False,False
332145,深圳市骏壹达科技有限公司 CA 91761,331112,shenzhenshijunyidakejiyouxiangongsi,Wayfair,3.0,1.0,0.6666666666666666,8.666666666666666,8.333333333333334,-0.33333333333333215,0.9786536456574625,44.13333333333333,Romeoville Rsf,,,,,,,,,,,,,,,,,,,,,,False,False
250228,"Xiamen Enjoy Industry Co.,Ltd.CA6",147909,"Xiamen Enjoy Industry Co.,Ltd.",APS,3.0,1.0,1.0,7.666666666666667,6.666666666666667,-1.0,0.9920730261779726,13.766666666666666,Niles,,,,,,,,,,,,,,,,,,,,,,False,False
246782,"Light 4 Life, Inc. CA 90302",244155,"Light 4 Life, Inc.",PG Decor,3.0,1.0,1.0,11.666666666666666,8.0,-3.666666666666666,0.957148421025969,90.60000000000001,Greenwood,,,,,,,,,,,,,,,,,,,,,,False,False
331046,Starwell CA 91752,59916,Starwell,APS Home Improvement,3.0,1.0,1.0,8.333333333333334,7.666666666666667,-0.666666666666667,0.9698210715643909,59.53333333333333,Greenwood,,,,,,,,,,,,,,,,,,,,,,False,False
331260,JANSPORT MUCY TRADING INC CA 92571,83379,JANSPORT MUCY TRADING INC,APS Mattresses,3.0,1.0,0.6666666666666666,9.0,7.333333333333333,-1.666666666666667,0.9694195803593648,64.63333333333334,Chicago,,,,,,,,,,,,,,,,,,,,,,False,False
435715,"Xiamen Fanyijie Trading Co., Ltd CA 90040",370589,"HONG KONG JIEYIQI TRADING CO., LIMITED",APS Decor,3.0,0.6666666666666666,0.3333333333333333,11.333333333333334,11.0,-0.3333333333333339,0.9572439926047439,84.7,Chicago,,,,,,,,,,,,,,,,,,,,,,False,False
434526,TANYA DECOR INC CA 92324,270365,TANYA DECOR INC,Lighting,3.0,1.0,1.0,9.0,8.333333333333334,-0.6666666666666661,0.9776919766424782,45.5,Greenwood,,,,,,,,,,,,,,,,,,,,,,False,False
183037,"Jili Creation Technology Co., Ltd CA 92335",64134,"Jili Creation Technology Co., Ltd",APS,3.0,1.0,1.0,7.333333333333333,7.333333333333333,0.0,0.9766072416098112,48.76666666666666,Chicago,,,,,,,,,,,,,,,,,,,,,,False,False
174756,Zhejiang Paide Network Technology Co Ltd CA 92571,103843,Zhejiang Paide Network Technology Co Ltd,APS,3.0,1.0,1.0,7.333333333333333,6.333333333333333,-1.0,0.9918542735422862,16.599999999999998,Chicago,,,,,,,,,,,,,,,,,,,,,,False,False
172521,Enova Floral Inc CA 91731,172101,Enova Floral Inc,Decor,3.0,0.3333333333333333,0.6666666666666666,8.333333333333334,8.333333333333334,0.0,0.9700100885882023,59.666666666666664,Mccook,,,,,,,,,,,,,,,,,,,,,,False,False
369019,"Qingdao Ouyida International Trade Co., Ltd CA 92410",312263,METALHUT TRADING LIMITED,APS AEOF,3.0,1.0,1.0,8.0,8.0,0.0,0.9734591299096708,53.9,Chicago,,,,,,,,,,,,,,,,,,,,,,False,False
368462,Ironwood Furnishing LLC CA 91761,57183,Ironwood Furnishing LLC,APS Upholstery,3.0,0.0,1.0,8.666666666666666,8.666666666666666,0.0,0.9720390654174446,56.4,Chicago,,,,,,,,,,,,,,,,,,,,,,False,False
166239,Shandong Homechoice International Trade CA 92337,163344,"Shandong Homechoice International Trade Co.,Ltd",APS,3.0,1.0,1.0,10.333333333333334,8.0,-2.333333333333334,0.981377517128544,39.266666666666666,Columbus,,,,,,,,,,,,,,,,,,,,,,False,False
156617,Shenzhenshi Qiyin Shangmaoyouxiangongsi CA 91766,155752,Shenzhenshi Qiyin Shangmaoyouxiangongsi,APS Home Improvement,3.0,1.0,1.0,8.0,7.333333333333333,-0.666666666666667,0.9770243051486611,47.800000000000004,Columbus Local,,,,,,,,,,,,,,,,,,,,,,False,False
155834,"Yinchuan guoqu E-Commerce Co., Ltd CA 91733",88051,"Yinchuan guoqu E-Commerce Co., Ltd",APS,3.0,1.0,0.6666666666666666,9.0,8.666666666666666,-0.3333333333333339,0.9298132803245526,125.26666666666667,Dayton,,,,,,,,,,,,,,,,,,,,,,False,False
312069,Kuka Home CA 92336,24672,KUKA (HK) E-COMMERCE LIMITED,Upholstery,3.0,1.0,1.0,9.666666666666666,4.0,-5.666666666666666,0.9669088760426523,64.53333333333333,Chicago,,,,,,,,,,,,,,,,,,,,,,False,False
435578,zhengzhouwuxiadaowangluokejiyouxiangongsi CA 92376,424522,zhengzhouwuxiadaowangluokejiyouxiangongsi,Casegoods,3.0,1.0,1.0,8.666666666666666,7.666666666666667,-0.9999999999999991,0.9660083196530714,74.5,Columbus,,,,,,,,,,,,,,,,,,,,,,False,False
192139,XIAPU Warehouse CA 91706,157231,"Foshan Baogang Network Technology Co., Ltd",APS Home Improvement,3.0,1.0,0.6666666666666666,7.666666666666667,7.666666666666667,0.0,0.9925256195899657,15.366666666666667,Chicago,,,,,,,,,,,,,,,,,,,,,,False,False
361848,"Hangzhou Mucheng International Trade Co., Ltd CA 91789",132375,"Hangzhou Mucheng International Trade Co., Ltd",APS Outdoor,3.0,0.6666666666666666,0.6666666666666666,9.666666666666666,9.666666666666666,0.0,0.9839108233020304,31.433333333333334,Peoria,,,,,,,,,,,,,,,,,,,,,,False,False
361867,KYT9425-CA,295478,Trading Sizzle Inc,APS Upholstery,3.0,1.0,1.0,11.0,8.0,-3.0,0.9192659539292406,146.5,Romeoville Ncpc,,,,,,,,,,,,,,,,,,,,,,False,False
361317,US FAST LLC CA 91752,77540,US FAST LLC,APS Home Improvement,3.0,1.0,1.0,7.333333333333333,6.333333333333333,-1.0,0.9743643142414539,49.56666666666666,Bismarck,,,,,,,,,,,,,,,,,,,,,,False,False
361429,Hangzhou Yuzhe Information Consulting Co. CA 91730,80876,HANG ZHOU YU ZE XIN XI ZI XUN YOU XIAN GONG SI,APS AEOF,3.0,1.0,1.0,9.0,7.0,-2.0,0.967997376303638,69.36666666666666,Toledo,,,,,,,,,,,,,,,,,,,,,,False,False
360500,"Qianhai Qianyi (Shenzhen) Technology Co., Ltd. CA 91766",87721,"Shenzhen Huanqiu Huizhi Technology Co., Ltd.",APS Home Improvement,3.0,1.0,1.0,8.333333333333334,7.0,-1.333333333333334,0.9977108519724577,4.566666666666666,Bemidji,,,,,,,,,,,,,,,,,,,,,,False,False
243122,"HL Home Furnishings, Inc. CA 95330",240306,"HL Home Furnishings, Inc.",Upholstery,3.0,1.0,1.0,9.666666666666666,8.333333333333334,-1.3333333333333321,0.9721590096598902,61.86666666666667,Chicago Loop,,,,,,,,,,,,,,,,,,,,,,False,False
332682,Winix CA 92376,20740,Winix,Appliances,3.0,1.0,0.6666666666666666,8.0,8.0,0.0,0.9830296038803154,31.8,Greenwood,,,,,,,,,,,,,,,,,,,,,,False,False
332320,shen zhen shi mei di sen zhao ming ke ji you xin gong si CA 91706,277700,QUANTUM SKY MEDIA Inc.,Lighting,3.0,1.0,1.0,12.333333333333334,8.666666666666666,-3.666666666666668,0.992161471926522,16.333333333333332,Maple Grove,,,,,,,,,,,,,,,,,,,,,,False,False
191317,Moda Furnishings CA 91730,39355,Moda Furnishings,Outdoor Furniture,3.0,0.6666666666666666,0.6666666666666666,8.333333333333334,9.0,0.6666666666666661,0.9859059260280931,24.066666666666663,Lenexa,,,,,,,,,,,,,,,,,,,,,,False,False
192004,changshashilingmindadianzishangwuyouxian CA 91732,177805,changshashilingmindadianzishangwuyouxiangongsi,APS Home Improvement,3.0,1.0,1.0,9.666666666666666,7.666666666666667,-1.9999999999999991,0.9397462018514183,118.76666666666667,Chicago,,,,,,,,,,,,,,,,,,,,,,False,False
279062,BIG PHECDA LLC CA 91708,186972,BIG PHECDA LLC,Decor,3.0,1.0,1.0,9.333333333333334,7.333333333333333,-2.000000000000001,0.9659033118837731,77.03333333333335,Maple Grove,,,,,,,,,,,,,,,,,,,,,,False,False
308358,Gourmia CA 92570 ,58497,Gourmia,Kitchen & Small Electrics,3.0,1.0,1.0,9.0,7.666666666666667,-1.333333333333333,0.9464868720096543,107.76666666666667,Niles,,,,,,,,,,,,,,,,,,,,,,False,False
450363,eChamp CO.LTD CA 92337-4321,92672,eChamp CO.LTD,APS Upholstery,3.0,1.0,1.0,9.0,5.333333333333333,-3.666666666666667,0.9885444686024759,21.066666666666666,Minneapolis,,,,,,,,,,,,,,,,,,,,,,False,False
335333,PetPals Group Inc. CA,9512,PetPals Group Inc.,Pet,3.0,1.0,1.0,7.333333333333333,6.333333333333333,-1.0,0.9756143110591039,51.1,Chicago,,,,,,,,,,,,,,,,,,,,,,False,False
333921,LCLAX01,286922,Ning bo chu sheng dian zi shang wu you xian gong si,APS Youth,3.0,0.6666666666666666,0.6666666666666666,7.666666666666667,7.333333333333333,-0.3333333333333339,0.9689845931112845,63.43333333333334,Chicago,,,,,,,,,,,,,,,,,,,,,,False,False
244651,langfangyuemingqishangmaoyouxiangongsi CA 91789,240536,langfangyuemingqishangmaoyouxiangongsi,Wayfair,3.0,0.6666666666666666,0.6666666666666666,8.0,8.0,0.0,0.9221558129498479,151.29999999999998,Greenwood,,,,,,,,,,,,,,,,,,,,,,False,False
244943,Revel Home CA 91761,64941,Revel Home,Lighting,3.0,1.0,1.0,9.0,6.666666666666667,-2.333333333333333,0.9584604304519365,83.53333333333333,Chicago,,,,,,,,,,,,,,,,,,,,,,False,False
243625,Edis Home Limited CA 91706(2),86303,Edis Home Limited,APS Home Improvement,3.0,1.0,1.0,7.666666666666667,7.0,-0.666666666666667,0.9453074507256578,109.23333333333335,Mccook,,,,,,,,,,,,,,,,,,,,,,False,False
243648,Yantaishi ningxinshangmao (Cope LA) CA 92337,231205,Yantaishi ningxinshangmao youxiangongsi,APS Mattresses,3.0,1.0,1.0,9.666666666666666,8.333333333333334,-1.3333333333333321,0.9435652643172072,107.56666666666666,Duluth,,,,,,,,,,,,,,,,,,,,,,False,False
243946,SUZHOU MAXTOWN TRADING LIMITED CA 91748,243774,SUZHOU MAXTOWN TRADING LIMITED,Wayfair,3.0,1.0,1.0,15.666666666666666,7.666666666666667,-7.999999999999999,0.9908190128170512,19.2,Chicago,,,,,,,,,,,,,,,,,,,,,,False,False
242167,kemo CA003 92337,233860,Hong Kong NeoSphere E-Commerce Trading Limited,APS,3.0,1.0,1.0,8.666666666666666,8.0,-0.6666666666666661,0.9650703935182556,75.13333333333334,Columbus,,,,,,,,,,,,,,,,,,,,,,False,False
336761,Suzhou Mase Wangluokeji Youxiangongsi CA 91761,247349,Suzhou Mase Wangluokeji Youxiangongsi,APS,3.0,1.0,1.0,11.0,10.0,-1.0,0.959090309242071,93.0,Toledo,,,,,,,,,,,,,,,,,,,,,,False,False
337274,SHEN ZHEN SHI YONG KE TU KE JI YOU XIAN GONG SI CA 91708,333777,SHEN ZHEN SHI YONG KE TU KE JI YOU XIAN GONG SI,Recreation,3.0,1.0,1.0,8.666666666666666,7.0,-1.666666666666666,0.974218809662112,51.800000000000004,Chicago,,,,,,,,,,,,,,,,,,,,,,False,False
336101,Shenzhen Zhongqi Century Technology Co CA 91730(2),91093,Light-Year E-commerce Limited,APS Home Improvement,3.0,1.0,0.6666666666666666,8.0,8.0,0.0,0.9278157444740991,118.73333333333335,Chicago Loop,,,,,,,,,,,,,,,,,,,,,,False,False
358900,BERETIX CO CA 91010,283154,BERETIX CO,APS Bedroom,3.0,1.0,1.0,10.666666666666666,8.333333333333334,-2.333333333333332,0.9797421816358655,39.666666666666664,Chicago,,,,,,,,,,,,,,,,,,,,,,False,False
358991,"Hangzhou Beideluo E-Commerce Co., Ltd. CA 92337",294266,"Hangzhou Beideluo E-Commerce Co., Ltd.",APS Mattresses,3.0,1.0,1.0,8.0,7.333333333333333,-0.666666666666667,0.949101891591162,106.73333333333333,Toledo,,,,,,,,,,,,,,,,,,,,,,False,False
199187,Pillie Fur INC CA 91748,182900,Pillie Fur INC,Outdoor Furniture,3.0,1.0,1.0,8.333333333333334,8.333333333333334,0.0,0.991087726082199,19.3,Oak Park,,,,,,,,,,,,,,,,,,,,,,False,False
192865,Furniture Connexion OR 97211,28499,Furniture Connexion,Upholstery,3.0,1.0,1.0,9.333333333333334,9.333333333333334,0.0,0.986674169591626,29.233333333333334,Chicago,,,,,,,,,,,,,,,,,,,,,,False,False
356700,shanghaihuzidianzishangwuyouxiangongs CA 91752 (2),63929,Hong Kong HuaYa Trade Limited,APS Home Improvement,3.0,1.0,1.0,9.0,5.666666666666667,-3.333333333333333,0.969248861718956,64.5,Cedar Rapids,,,,,,,,,,,,,,,,,,,,,,False,False
54276,"Artscape, Inc",54276,"Artscape, Inc",Decor,3.0,1.0,1.0,11.333333333333334,8.333333333333334,-3.0,0.9488544987161189,112.46666666666665,Chicago,,,,,,,,,,,,,,,,,,,,,,False,False
53074,Carstens Home Decor WA 98233,23474,Carstens Home Decor,Soft Home,3.0,1.0,1.0,10.333333333333334,9.0,-1.333333333333334,0.9481477955105834,119.19999999999999,Chicago,,,,,,,,,,,,,,,,,,,,,,False,False
441183,C.Q. US GROUP INC CA 91761,69150,C.Q. US GROUP INC,Flooring,3.0,1.0,0.6666666666666666,9.333333333333334,7.666666666666667,-1.666666666666667,0.9581574097563679,91.60000000000001,Chicago,,,,,,,,,,,,,,,,,,,,,,False,False
439110,"HONG KONG BANNER TRADING CO., LIMITED CA 91746",439104,"HONG KONG BANNER TRADING CO., LIMITED",Wayfair,3.0,1.0,1.0,12.333333333333334,6.0,-6.333333333333334,0.9753724488930704,54.26666666666667,Cedar Rapids,,,,,,,,,,,,,,,,,,,,,,False,False
437529,"Quanzhou Sien Trading Co., Ltd. CA 91761",313309,"Quanzhou Sien Trading Co., Ltd.",APS Bedroom,3.0,1.0,1.0,10.666666666666666,8.666666666666666,-2.0,0.9813787358637147,36.666666666666664,Maple Grove,,,,,,,,,,,,,,,,,,,,,,False,False
310154,Global Outdoors Group Inc. CA 91730(2),166262,Global Outdoors Group Inc.,Grills,3.0,1.0,1.0,7.0,7.0,0.0,0.921392576651677,154.8,Romeoville Rsf,,,,,,,,,,,,,,,,,,,,,,False,False
310045,BENSON KITCHEN AND BATHROOM INC CA 91730,67673,BENSON KITCHEN AND BATHROOM INC,Plumbing,3.0,1.0,1.0,16.333333333333332,7.333333333333333,-9.0,0.985537880679506,28.8,Chicago,,,,,,,,,,,,,,,,,,,,,,False,False
280766,Longtrace Integration Inc CA 91710,214024,Longtrace Integration Inc,Upholstery,3.0,1.0,1.0,9.333333333333334,8.333333333333334,-1.0,0.9215594585352248,128.46666666666667,Chicago,,,,,,,,,,,,,,,,,,,,,,False,False
205574,"Shanghai Daiyue Arts & Crafts Co., Ltd. CA 91730",203264,"Shanghai Daiyue Arts & Crafts Co., Ltd.",APS Youth,3.0,0.6666666666666666,0.6666666666666666,8.333333333333334,8.666666666666666,0.33333333333333215,0.9738634882506348,53.300000000000004,Columbus,,,,,,,,,,1.0,0.0,0.0,8.0,18.0,10.0,0.5558105882939972,890.2,Fairless Hills,,,,False,True
203856,Guang Zhou Yun Sen Toy Limited CA 90201,203260,Guang Zhou Yun Sen Toy Limited,Outdoor Furniture,3.0,1.0,1.0,8.333333333333334,7.333333333333333,-1.0000000000000009,0.9672450734177666,67.63333333333334,Columbus,,,,,,,,,,,,,,,,,,,,,,False,False
204128,THAT DUTCH GIRL CA 92867,203779,THAT DUTCH GIRL,Soft Home,3.0,1.0,1.0,28.0,21.0,-7.0,0.9376026677348251,135.06666666666666,Chicago,,,,,,,,,,,,,,,,,,,,,,False,False
204275,US_HK LOST HORIZON INTERNATIONAL ELECTRONIC COMMERCE LIMITED CA 92337,202994,US_HK LOST HORIZON INTERNATIONAL ELECTRONIC COMMERCE LIMITED,APS,3.0,1.0,1.0,7.666666666666667,2.6666666666666665,-5.0,0.9322553689412221,137.9,Chicago,2.0,0.0,0.5,7.0,7.0,0.0,0.7363800120929653,539.8499999999999,Carol Stream,4.0,1.0,1.0,7.0,3.5,-3.5,0.847775512282629,306.225,Mccook,-1.0,-0.5,4.333333333333334,True,True
201289,Viee Made INC CA 92337,183524,Viva Home INC,Mattress,3.0,1.0,1.0,10.333333333333334,9.666666666666666,-0.6666666666666679,0.9844685557864059,32.63333333333333,Chicago,,,,,,,,,,,,,,,,,,,,,,False,False
203040,Yiwu Youxi Electronic Commerce Co. Ltd CA 91766,98141,Yiwu Youxi Electronic Commerce Co. Ltd,APS Outdoor,3.0,1.0,1.0,9.0,8.666666666666666,-0.3333333333333339,0.980048183005909,44.4,Northern Kentucky,,,,,,,,,,,,,,,,,,,,,,False,False
200580,Like-It CA 90033,156986,Like-It,Storage & Org - Frequency,3.0,1.0,1.0,11.333333333333334,8.666666666666666,-2.666666666666668,0.983465838181704,29.400000000000002,Lenexa,,,,,,,,,,,,,,,,,,,,,,False,False
355584,X MAX LOGISTICS LLC,267936,EVERGREEN DECOR INC,APS Home Improvement,3.0,1.0,1.0,10.0,8.333333333333334,-1.666666666666666,0.9453063316584629,116.13333333333333,Maple Grove,,,,,,,,,,,,,,,,,,,,,,False,False
307767,"Anji Guyou Furniture Co.,Ltd CA 92376",216580,"Anji Guyou Furniture Co.,Ltd",APS,3.0,0.6666666666666666,0.6666666666666666,8.333333333333334,8.0,-0.3333333333333339,0.9856030216894061,22.46666666666667,Chicago,,,,,,,,,,,,,,,,,,,,,,False,False
283674,Pom Pom At Home CA 91504,7415,Pom Pom At Home,"PG Bedding, Bath & Window",3.0,1.0,0.3333333333333333,10.333333333333334,9.666666666666666,-0.6666666666666679,0.9272232797417234,149.46666666666667,Madison,,,,,,,,,,,,,,,,,,,,,,False,False
283813,(US)changsha lanqi dianzishangwu youxiang CA 92571,265853,(US)changsha lanqi dianzishangwu youxiangongsi,APS,3.0,0.3333333333333333,1.0,7.0,6.0,-1.0,0.9644134441758573,67.66666666666667,Chicago,,,,,,,,,,,,,,,,,,,,,,False,False
282437,WPM NEW WAREHOUSE CA 91761,67682,"Worldproductsmart, Inc.",Soft Home,3.0,1.0,1.0,8.666666666666666,8.333333333333334,-0.33333333333333215,0.974709793566681,54.9,Fort Wayne Fwaa,,,,,,,,,,,,,,,,,,,,,,False,False
236571,CHUTIAN,75703,Wuhan Xarpeteur Technology Co.， Ltd.,APS,3.0,1.0,1.0,11.666666666666666,8.666666666666666,-3.0,0.9502525560795957,109.66666666666667,Toledo,,,,,,,,,,,,,,,,,,,,,,False,False
235001,ZHUHAI PEITIANLI DECORATIVE MATERIAL CA 91710,69694,"ZHUHAI PEITIANLI DECORATIVE MATERIAL CO.,LTD",APS,3.0,1.0,1.0,8.666666666666666,8.0,-0.6666666666666661,0.9750721368642897,48.699999999999996,Niles,,,,,,,,,,,,,,,,,,,,,,False,False
355851,Casper CA 92504,51858,Casper,Mattress,3.0,0.3333333333333333,1.0,10.666666666666666,8.333333333333334,-2.333333333333332,0.9899352453143523,20.466666666666665,Green Bay,,,,,,,,,,,,,,,,,,,,,,False,False
204781,foshanshi shundequ funianmei jiaju you CA 91752,202192,foshanshi shundequ funianmei jiaju youxiangongsi,APS,3.0,0.3333333333333333,0.3333333333333333,8.0,8.666666666666666,0.6666666666666661,0.9703120424236836,64.33333333333333,North St.Louis,,,,,,,,,,,,,,,,,,,,,,False,False
44329,Calhome Inc CA,30629,Calhome Inc,Hardware,3.0,0.6666666666666666,0.3333333333333333,10.666666666666666,11.333333333333334,0.6666666666666679,0.9586141880515111,80.96666666666667,Grand Forks,,,,,,,,,,,,,,,,,,,,,,False,False
42881,Mattress Furniture Supply LLC CA  95202,39627,Mattress Furniture Supply LLC,Casegoods,3.0,1.0,1.0,7.333333333333333,6.333333333333333,-1.0,0.9595299037245825,89.26666666666667,Chicago,,,,,,,,,,,,,,,,,,,,,,False,False
40973,Nine Stars U.S.A. CA,629,Nine Stars U.S.A.,Storage & Org - Frequency,3.0,0.0,0.0,9.333333333333334,10.666666666666666,1.3333333333333321,0.9892346826344743,21.166666666666668,Chicago,,,,,,,,,,,,,,,,,,,,,,False,False
454692,Delight Deco LLC CA 90221,49410,Delight Deco LLC,Decor,3.0,1.0,1.0,9.333333333333334,8.666666666666666,-0.6666666666666679,0.963471988723545,73.39999999999999,Chicago,,,,,,,,,,,,,,,,,,,,,,False,False
454102,LAX01,358951,"Taizhou Chenyue Crafts Co., Ltd",APS Outdoor,3.0,0.0,0.3333333333333333,8.333333333333334,10.0,1.666666666666666,0.9753676983613899,50.23333333333334,Chicago,,,,,,,,,,,,,,,,,,,,,,False,False
453559,TURVISION INC CA 92337 (2),439102,TURVISION INC,APS Housewares & More,3.0,1.0,1.0,9.333333333333334,8.333333333333334,-1.0,0.9691262042186813,66.16666666666667,Greenwood,,,,,,,,,,,,,,,,,,,,,,False,False
450970,LELELINKY INTERNATIONAL LIMITED CA 92335,408925,LELELINKY INTERNATIONAL LIMITED,APS AEOF,3.0,1.0,1.0,8.0,7.0,-1.0,0.9473431009762959,106.83333333333333,North St.Louis,,,,,,,,,,,,,,,,,,,,,,False,False
451425,zhongshanshixuanyudengshiyouxiangongsi CA 91730,347841,zhongshanshixuanyudengshiyouxiangongsi,APS Home Improvement,3.0,1.0,1.0,12.0,9.666666666666666,-2.333333333333334,0.9821261930456674,36.0,Omaha,,,,,,,,,,,,,,,,,,,,,,False,False
450194,Ningbobaishengtongguojimaoyiyouxiangongsi CA 91730,129988,Ningbobaishengtongguojimaoyiyouxiangongsi,APS Outdoor,3.0,1.0,1.0,9.666666666666666,7.666666666666667,-1.9999999999999991,0.9690065170781739,67.3,Toledo,,,,,,,,,,,,,,,,,,,,,,False,False
50679,"Sweet Us, Inc.",50679,"Sweet Us, Inc.",Tabletop,3.0,0.3333333333333333,0.6666666666666666,8.666666666666666,9.333333333333334,0.6666666666666679,0.959556698452821,88.83333333333333,Chicago,,,,,,,,,,,,,,,,,,,,,,False,False
49257,Whynter LLC CA,10736,Whynter LLC,Appliances,3.0,0.6666666666666666,1.0,8.0,8.0,0.0,0.9815797706279454,42.0,Chicago,,,,,,,,,,,,,,,,,,,,,,False,False
47274,"Nexgrill Industries, Inc CA",17763,"Nexgrill Industries, Inc",Fireplaces & Grills,3.0,1.0,1.0,7.666666666666667,6.0,-1.666666666666667,0.9712509233103356,56.333333333333336,Romeoville Ncpc,,,,,,,,,,,,,,,,,,,,,,False,False
46900,Avanquest Streamline Bath,34913,Atlantic Coast Import Distributors Inc.,Plumbing,3.0,1.0,1.0,10.666666666666666,8.666666666666666,-2.0,0.9515224535486118,89.43333333333334,Cedar Rapids,,,,,,,,,,,,,,,,,,,,,,False,False
37920,Kingwin Home Decor Inc. WA98188,25753,Kingwin Home Decor Inc.,Decor,3.0,1.0,1.0,11.0,7.0,-4.0,0.9897429181739744,23.46666666666667,Greenwood,,,,,,,,,,,,,,,,,,,,,,False,False
38104,Step N Sort CA 90703,24016,1729897 ONTARIO INC.,Storage & Org - Frequency,3.0,0.6666666666666666,0.6666666666666666,8.333333333333334,8.0,-0.3333333333333339,0.9435206551213802,129.20000000000002,Toledo,,,,,,,,,,,,,,,,,,,,,,False,False
45987,Top Sun Processing USA LLC,45987,Top Sun Processing USA LLC,Tabletop,3.0,1.0,1.0,13.333333333333334,11.0,-2.333333333333334,0.9548412090679644,107.36666666666667,Toledo,,,,,,,,,,,,,,,,,,,,,,False,False
12860,Yosemite Home Decor CA 93722,3426,Yosemite Home Decor,Casegoods,3.0,1.0,1.0,8.666666666666666,7.0,-1.666666666666666,0.9896615182064853,21.866666666666664,Chicago,,,,,,,,,,,,,,,,,,,,,,False,False
12759,Leftbank Art,12759,Leftbank Art,PG Wall Art,3.0,1.0,1.0,24.0,23.333333333333332,-0.6666666666666679,0.9718987253810752,60.0,Greenwood,,,,,,,,,,,,,,,,,,,,,,False,False
482524,   CAJW05,357915,"Suzhou Yi Xiang Ji Clothing,Co.,LTD",APS AEOF,3.0,1.0,1.0,9.0,8.0,-1.0,0.976258601215835,51.800000000000004,Northern Kentucky,,,,,,,,,,,,,,,,,,,,,,False,False
294134,hebeixiongananglangongyinglianyouxian CA 92410,280601,hebeixiongananglangongyinglianyouxiangongsi,APS Mattresses,3.0,0.6666666666666666,0.3333333333333333,8.666666666666666,9.333333333333334,0.6666666666666679,0.970064223405649,68.10000000000001,Chicago,,,,,,,,,,,,,,,,,,,,,,False,False
294254,LHLYCLXLighting.LLC WPLA15/92335,78023,LHLYCLX Lighting.LLC,APS Bedroom,3.0,0.3333333333333333,0.3333333333333333,7.0,8.666666666666666,1.666666666666666,0.9524801222893658,97.56666666666668,Lenexa Local,,,,,,,,,,,,,,,,,,,,,,False,False
294486,CA9 CA 91764,70737,KARLIE FAMILY WHOLESALE INC,Upholstery,3.0,0.6666666666666666,0.6666666666666666,9.666666666666666,13.666666666666666,4.0,0.9600226263318432,81.5,New Brighton Ncpc,,,,,,,,,,,,,,,,,,,,,,False,False
294490,CA5 CA  91761,70737,KARLIE FAMILY WHOLESALE INC,Upholstery,3.0,1.0,0.6666666666666666,10.666666666666666,8.333333333333334,-2.333333333333332,0.9716739527016073,56.26666666666667,Romeoville Rsf,,,,,,,,,,,,,,,,,,,,,,False,False
490841,   LA1150,323279,HOP TUU IRON PRODUCTSMANUFACTURING COMPANY,APS K&D,3.0,1.0,0.6666666666666666,9.0,7.666666666666667,-1.333333333333333,0.9534715020550278,93.13333333333333,New Brighton Ncpc,,,,,,,,,,,,,,,,,,,,,,False,False
27067,Dovetail,27067,Dovetail,PG Casegoods,3.0,0.6666666666666666,0.3333333333333333,7.0,7.666666666666667,0.666666666666667,0.9942173875204016,11.166666666666666,Columbus,,,,,,,,,,,,,,,,,,,,,,False,False
25185,Pulse Shower Spas CA 95076,6499,Pulse Shower Spas,Plumbing,3.0,1.0,1.0,8.333333333333334,8.0,-0.3333333333333339,0.9705088305136611,68.33333333333333,Greenwood,,,,,,,,,,,,,,,,,,,,,,False,False
289419,"Anji Aomei Furniture Co., Ltd CA 92337 (2)",289413,"Anji Aomei Furniture Co., Ltd",Wayfair,3.0,0.6666666666666666,1.0,8.0,7.333333333333333,-0.666666666666667,0.9874705717695772,23.266666666666666,Chicago,,,,,,,,,,,,,,,,,,,,,,False,False
288315,Fuzhou Xingqixing Home Decoration Co CA 92571,288166,Fuzhou Xingqixing Home Decoration Co,Wayfair,3.0,0.6666666666666666,1.0,9.0,8.333333333333334,-0.6666666666666661,0.958901064647351,87.7,Columbus,,,,,,,,,,,,,,,,,,,,,,False,False
287783,"Dwell Home, Inc. CA 92336",8154,"Dwell Home, Inc.",Casegoods,3.0,1.0,1.0,9.0,8.333333333333334,-0.6666666666666661,0.9866614877820115,23.566666666666666,Olathe,,,,,,,,,,,,,,,,,,,,,,False,False
11896,Epoch Hometex,11896,Epoch Hometex,Mattress,3.0,1.0,1.0,7.666666666666667,5.333333333333333,-2.333333333333334,0.9833114703600693,33.9,Chicago,,,,,,,,,,,,,,,,,,,,,,False,False
292688,HS MX 91789,136341,zhengzhouzhongshiwangluokejiyouxiangongsi,APS,3.0,1.0,0.6666666666666666,8.666666666666666,8.333333333333334,-0.33333333333333215,0.9501438422376299,105.16666666666667,Champaign,,,,,,,,,,,,,,,,,,,,,,False,False
11395,Luma Comfort Corporation CA 90630,11233,NewAir,Appliances,3.0,0.0,0.0,8.333333333333334,9.666666666666666,1.3333333333333321,0.9528623699328254,78.36666666666666,Kansas City,,,,,,,,,,,,,,,,,,,,,,False,False
36634,Jenny Silks,36634,Jenny Silks,,3.0,1.0,1.0,8.0,7.666666666666667,-0.33333333333333304,0.9649386488489126,75.76666666666667,Ann Arbor,,,,,,,,,,,,,,,,,,,,,,False,False
33280,Midwood Designs LLC,33280,Midwood Designs LLC,Casegoods,3.0,1.0,1.0,8.666666666666666,7.0,-1.666666666666666,0.9642316320351272,73.26666666666667,Chicago,,,,,,,,,,,,,,,,,,,,,,False,False
463527,"Alvime, Inc. CA 92376",363344,"Alvime, Inc.",APS Home Improvement,3.0,1.0,0.6666666666666666,7.666666666666667,7.666666666666667,0.0,0.9606760008701177,84.46666666666667,Maple Grove,,,,,,,,,,,,,,,,,,,,,,False,False
462590,"HK ZI XUAN CO., LIMITED CA 90040",462221,"HK ZI XUAN CO., LIMITED",Wayfair,3.0,1.0,1.0,11.0,11.0,0.0,0.9514084567025144,112.53333333333335,Toledo,,,,,,,,,,,,,,,,,,,,,,False,False
462720,"Zhengzhou Bevi Import  Export Trading Co., Ltd. CA 92316",61515,"HONGKONG OUSHENG NETWORK TECHNOLOGY CO.,LIMITED",APS Bedroom,3.0,1.0,1.0,11.0,10.666666666666666,-0.3333333333333339,0.9372863047708623,131.26666666666665,Toledo,,,,,,,,,,,,,,,,,,,,,,False,False
31388,PDAE Inc. CA 91710,30663,PDAE Inc.,Upholstery,3.0,1.0,1.0,9.0,8.666666666666666,-0.3333333333333339,0.9478038232510638,107.73333333333333,Northern Kentucky,,,,,,,,,,,,,,,,,,,,,,False,False
27713,The Stock Market CA 92571,7141,The Stock Market,Plumbing,3.0,1.0,0.3333333333333333,7.666666666666667,8.0,0.33333333333333304,0.9959007328018159,8.1,Niles,,,,,,,,,,,,,,,,,,,,,,False,False
469784,Stellweilan CA 91761 202603,271648,Stellweilan Tessberg LLC,Storage & Org,3.0,1.0,1.0,8.666666666666666,8.0,-0.6666666666666661,0.9628144304355857,78.53333333333335,Columbus,,,,,,,,,,,,,,,,,,,,,,False,False
236245,QINGDAOSAIBOSIFANGSHUIGONGCHENGYOUXIANGONGSI CA 91789,236147,QINGDAOSAIBOSIFANGSHUIGONGCHENGYOUXIANGONGSI,Wayfair,3.0,1.0,1.0,10.666666666666666,8.333333333333334,-2.333333333333332,0.9421422586567029,131.43333333333334,Chicago,,,,,,,,,,,,,,,,,,,,,,False,False
236511,Walcut 1720 CA,51623,BEST MART INC,APS,3.0,1.0,1.0,8.0,6.333333333333333,-1.666666666666667,0.9699777722601719,66.0,Chicago,,,,,,,,,,,,,,,,,,,,,,False,False
461107,Dongguan Shi Jiapeng Jinshu zhiping youxian gongsi CA 92335,101432,Dongguan Shi Jiapeng Jinshu zhiping youxian gongsi,APS Outdoor,3.0,0.6666666666666666,1.0,11.0,10.0,-1.0,0.979089940690821,37.56666666666667,Chicago,,,,,,,,,,,,,,,,,,,,,,False,False
461301,Crafty Woodwork Inc CA 91710,287727,Crafty Woodwork Inc,APS K&D,3.0,1.0,1.0,10.666666666666666,6.666666666666667,-3.999999999999999,0.9827691870598182,34.13333333333333,Chicago,,,,,,,,,,,,,,,,,,,,,,False,False
461406,XCCA02,276152,SKYLINK(HK)TECHNOLOGY LIMITED,APS Home Improvement,3.0,1.0,1.0,9.333333333333334,8.666666666666666,-0.6666666666666679,0.9482385436152388,103.0,North Kansas City Ncpc,,,,,,,,,,,,,,,,,,,,,,False,False
461697,Eurica Enterprise Inc. CA 91786,24271,Eurica Enterprise Inc.,APS Home Improvement,3.0,1.0,1.0,10.333333333333334,7.666666666666667,-2.666666666666667,0.9411394465185313,135.8,Columbus,,,,,,,,,,1.0,0.0,0.0,7.0,8.0,1.0,0.5174947686018785,991.5,Orlando,,,,False,True
458764,NEW BKFARMHOUSE INC CA 91761 (4),91036,NEW BKFARMHOUSE INC,APS Pet,3.0,1.0,1.0,8.333333333333334,7.333333333333333,-1.0000000000000009,0.957986551008902,89.23333333333333,Romeoville Rsf,,,,,,,,,,,,,,,,,,,,,,False,False
459756,Stellweilan Tessberg LLC CA 92337,271648,Stellweilan Tessberg LLC,Storage & Org,3.0,1.0,1.0,7.333333333333333,6.333333333333333,-1.0,0.9660573208249651,70.46666666666665,New Brighton Ncpc,,,,,,,,,,,,,,,,,,,,,,False,False
296829,"Kids2, Inc. CA 92507",65742,"Kids2, Inc.",Youth Furniture & Decor,3.0,1.0,1.0,7.0,5.666666666666667,-1.333333333333333,0.9605810263928912,75.03333333333333,Cedar Rapids,,,,,,,,,,,,,,,,,,,,,,False,False
23446,Justice Design Group CA,3564,Justice Design Group,Lighting,3.0,0.6666666666666666,0.6666666666666666,12.666666666666666,11.666666666666666,-1.0,0.9608932851563878,81.86666666666667,Chicago,,,,,,,,,,,,,,,,,,,,,,False,False
22154,Westclox,22154,Westclox,Decor,3.0,1.0,0.6666666666666666,8.666666666666666,7.0,-1.666666666666666,0.9634820782357855,68.86666666666666,Cedar Rapids,,,,,,,,,,,,,,,,,,,,,,False,False
19446,Three Star Im/Ex Inc.,19446,Three Star Im/Ex Inc.,Decor,3.0,1.0,0.3333333333333333,7.666666666666667,8.0,0.33333333333333304,0.9494054919320639,107.96666666666665,Chicago,,,,,,,,,,,,,,,,,,,,,,False,False
469546,DLXCA-15950,265603,"Hangzhou Vickks Furniture,Ltd",APS Outdoor,3.0,1.0,1.0,10.0,8.666666666666666,-1.333333333333334,0.9793595449221794,44.4,Romeoville Rsf,,,,,,,,,,,,,,,,,,,,,,False,False
478568,"ZHONGSHAN SILJOY LIGHTING CO.,LTD.,BCF_CA,92337",91784,"ZHONGSHAN SILJOY LIGHTING CO.,LTD",APS Home Improvement,3.0,1.0,1.0,10.666666666666666,8.333333333333334,-2.333333333333332,0.983306657599028,36.76666666666667,Romeoville Ncpc,,,,,,,,,,,,,,,,,,,,,,False,False
476892,Hangzhou Zhenlong Electronic Technology CA3 ,302423,hangzhouzhenlongdianzishangwuyouxiangongsi,APS Spa,3.0,1.0,1.0,10.0,7.333333333333333,-2.666666666666667,0.939622618466114,116.0,Romeoville Rsf,,,,,,,,,,,,,,,,,,,,,,False,False
18379,Mark Roberts,18379,Mark Roberts,PG Decor,3.0,1.0,1.0,8.333333333333334,8.333333333333334,0.0,0.9911554414420384,17.099999999999998,North St.Louis,,,,,,,,,,,,,,,,,,,,,,False,False
219010,西邮美西洛杉矶AL仓,76761,Shenzhenshi Daman Shiye Youxiangongsi,APS K&D,3.0,0.6666666666666666,0.3333333333333333,8.333333333333334,8.666666666666666,0.33333333333333215,0.9622072352006555,75.13333333333333,Maple Grove,,,,,,,,,,,,,,,,,,,,,,False,False
351115,  Y-CA-1,139176,XIANGGANGJIDIANGUOJIMAOYIYOUXIANGONGSI,APS Outdoor,3.0,1.0,1.0,8.0,7.666666666666667,-0.33333333333333304,0.9919328970442917,16.733333333333334,Chicago,,,,,,,,,,,,,,,,,,,,,,False,False
350367,Dongguan Huaxin Lighting and Electrical CA 91761,331588,"Dongguan Huaxin Lighting and Electrical Appliance Co., LTD",APS Home Improvement,3.0,0.6666666666666666,0.6666666666666666,10.0,11.333333333333334,1.333333333333334,0.9888293666552815,17.566666666666666,Lenexa,,,,,,,,,,,,,,,,,,,,,,False,False
348342,GNSSale CA 92570,39757,GNSSale,Tabletop,3.0,1.0,1.0,10.0,10.0,0.0,0.9856459159037921,31.0,Maple Grove,,,,,,,,,,,,,,,,,,,,,,False,False
231812,BAF_CA_US,59517,Shenzhen Zhichen Trading Co. LTD.,APS K&D,3.0,0.6666666666666666,0.3333333333333333,8.333333333333334,9.333333333333334,1.0,0.966255196358051,77.2,Cleveland,,,,,,,,,,,,,,,,,,,,,,False,False
231815,Baldwin Park,84547,MCOCOD INC,Plumbing,3.0,1.0,0.6666666666666666,7.333333333333333,6.333333333333333,-1.0,0.9862491444538962,28.333333333333332,North St.Louis,,,,,,,,,,,,,,,,,,,,,,False,False
228964,MYK美西6仓,76761,Shenzhenshi Daman Shiye Youxiangongsi,APS K&D,3.0,1.0,1.0,9.0,7.666666666666667,-1.333333333333333,0.9585422502993551,89.73333333333333,Toledo,,,,,,,,,,,,,,,,,,,,,,False,False
288161,Prime Digital CA 92335,96506,"Prime Digital Technology Co., Ltd",APS Youth,3.0,1.0,1.0,9.666666666666666,8.0,-1.666666666666666,0.9812044382848866,42.06666666666666,Toledo,,,,,,,,,,,,,,,,,,,,,,False,False
223057,Renist Kitchen  Bath LLC CA 91730 (2),64870,Renist Kitchen  Bath LLC,Plumbing,3.0,1.0,1.0,10.0,9.666666666666666,-0.3333333333333339,0.9787390733293,43.96666666666667,Chicago Loop,,,,,,,,,,,,,,,,,,,,,,False,False
223304,中仓美西新仓,151238,"Shenzhen heshuntaida Cross-border E-commerce Co., Ltd.",APS Home Improvement,3.0,1.0,1.0,10.333333333333334,8.0,-2.333333333333334,0.9786880804828577,45.46666666666667,Chicago Loop,,,,,,,,,,,,,,,,,,,,,,False,False
220719,BEINGNEXT INC CA4 91730,133238,BEINGNEXT INC,Soft Home,3.0,1.0,1.0,9.0,8.0,-1.0,0.9911871530728663,16.400000000000002,Chicago,,,,,,,,,,,,,,,,,,,,,,False,False
348883,无忧达-CAJW06-91752,313331,KEYULONGYUDIANZISHANGWU LIMITED,APS Mattresses,3.0,1.0,0.3333333333333333,9.666666666666666,9.0,-0.6666666666666661,0.913717871240408,184.76666666666665,Chicago,,,,,,,,,,,,,,,,,,,,,,False,False
348847,"Suzhou Zichen Trading Co., Ltd. CA 90040",148750,"Suzhou Zichen Trading Co., Ltd.",APS Bedroom,3.0,1.0,1.0,10.333333333333334,6.0,-4.333333333333334,0.9465787537872375,85.53333333333335,Chicago,,,,,,,,,,,,,,,,,,,,,,False,False
348242,"Chongqing Yixun Trading Co., Ltd. CA 92337",295833,"Chongqing Yixun Trading Co., Ltd.",APS Decor,3.0,1.0,1.0,11.0,11.0,0.0,0.9697884505893493,67.33333333333333,Cleveland,,,,,,,,,,,,,,,,,,,,,,False,False
352531,"ONSON ROBOTIC TECHNOLOGY CO., LIMITED CA 90022",316910,"ONSON ROBOTIC TECHNOLOGY CO., LIMITED",APS Housewares & More,3.0,1.0,0.6666666666666666,9.0,9.333333333333334,0.3333333333333339,0.9942537491407784,11.433333333333332,Chicago,,,,,,,,,,,,,,,,,,,,,,False,False
352047,"Shenzhen Jinjiachuang Trading Co., Ltd. CA 92335",111397,"Shenzhen Jinjiachuang Trading Co., Ltd.",APS K&D,3.0,1.0,0.6666666666666666,8.666666666666666,6.666666666666667,-1.9999999999999991,0.9809095124669183,38.699999999999996,Chicago,,,,,,,,,,,,,,,,,,,,,,False,False
491638,   CPF_CA_US,114900,"Zhengzhou Tianran Household Co., Ltd",APS Rugs,3.0,1.0,1.0,9.0,7.666666666666667,-1.333333333333333,0.9734616232220293,50.166666666666664,Carol Stream,,,,,,,,,,,,,,,,,,,,,,False,False
489617,"Shanxi Lerui E-commerce Co., Ltd CA 91762",435853,"Shanxi Lerui E-commerce Co., Ltd",APS AEOF,3.0,1.0,1.0,10.666666666666666,7.0,-3.666666666666666,0.9733317840225723,49.833333333333336,Cedar Rapids,,,,,,,,,,,,,,,,,,,,,,False,False
490067,Foshanshimulianshangmaoyouxiangongsi CA 92571,315161,Foshanshimulianshangmaoyouxiangongsi,APS Bedroom,3.0,1.0,0.6666666666666666,8.333333333333334,8.0,-0.3333333333333339,0.99200862506519,15.833333333333334,Chicago,,,,,,,,,,,,,,,,,,,,,,False,False
488742,Silveria Glass Inc CA 91761-2805,206247,Silveria Glass Inc,APS AEOF,3.0,1.0,1.0,8.333333333333334,7.666666666666667,-0.666666666666667,0.9757614077779196,48.53333333333333,Rochester,,,,,,,,,,,,,,,,,,,,,,False,False
5322,Proman Products,5322,Proman Products,Casegoods,3.0,1.0,1.0,7.333333333333333,7.0,-0.33333333333333304,0.991903341931498,16.833333333333332,Chicago,,,,,,,,,,,,,,,,,,,,,,False,False
1959,ORE International,1959,ORE International,Lighting,3.0,0.0,0.3333333333333333,8.666666666666666,9.666666666666666,1.0,0.9570981632576853,90.43333333333334,Cincinnati,,,,,,,,,,,,,,,,,,,,,,False,False
321,Dale Tiffany,321,Dale Tiffany,Lighting,3.0,1.0,1.0,8.333333333333334,7.666666666666667,-0.666666666666667,0.9800683484038766,35.76666666666667,Chicago Loop,,,,,,,,,,,,,,,,,,,,,,False,False
224073,Boritar CA 92606,50815,Boritar,Storage & Org - Frequency,3.0,0.6666666666666666,0.6666666666666666,8.0,8.0,0.0,0.9442673929075581,108.16666666666667,Champaign,,,,,,,,,,,,,,,,,,,,,,False,False
142,"American Furniture Alliance, Inc.",142,"American Furniture Alliance, Inc.",Outdoor Furniture,2.0,1.0,1.0,8.0,7.0,-1.0,0.9731954795951369,56.650000000000006,North St.Louis,,,,,,,,,,,,,,,,,,,,,,False,False
481726,"XIAMEN WECO KITCHEN AND BATH INDUSTRY CO.,LTD CA 91710",67411,"XIAMEN WECO KITCHEN AND BATH INDUSTRY CO.,LTD",APS Home Improvement,2.0,1.0,1.0,13.0,7.0,-6.0,0.9543078623675199,101.39999999999999,Chicago,,,,,,,,,,,,,,,,,,,,,,False,False
10224,Primo International CA 91764 ,2755,Primo International,Casegoods,2.0,1.0,1.0,10.5,8.0,-2.5,0.9651563254616757,60.7,Fargo,,,,,,,,,,,,,,,,,,,,,,False,False
479609,"Quanzhou Jianyi Horticulture Co., Ltd CA 91752",236373,"Quanzhou Jianyi Horticulture Co., Ltd",APS Decor,2.0,1.0,1.0,11.0,10.5,-0.5,0.9908175116322013,18.0,Carol Stream,,,,,,,,,,,,,,,,,,,,,,False,False
480285,Innovations Spaces Inc CA8,302031,Innovations Spaces Inc,Upholstery,2.0,0.0,0.5,9.0,9.5,0.5,0.986584795406422,26.75,Chicago,,,,,,,,,,,,,,,,,,,,,,False,False
480286,Craft Home Inc CA8,266300,Craft Home Inc,Upholstery,2.0,0.0,1.0,8.5,8.5,0.0,0.9253337597562361,124.5,Chicago,,,,,,,,,,,,,,,,,,,,,,False,False
478577,langfangmofanshangmaoyouxiangongsi CA 92324,202190,langfangmofanshangmaoyouxiangongsi,APS K&D,2.0,1.0,1.0,8.0,7.0,-1.0,0.9832649030715659,32.2,New Brighton Ncpc,,,,,,,,,,,,,,,,,,,,,,False,False
17887,Moe's Home Collection WA 98031 (2),7922,Moe's Home Collection,Casegoods,2.0,0.0,1.0,12.5,9.5,-3.0,0.9632468289184707,82.0,North St.Louis,,,,,,,,,,,,,,,,,,,,,,False,False
17897,Emerald Home Furnishings WA,7689,Emerald Home Furnishings,Upholstery,2.0,1.0,0.5,7.0,6.5,-0.5,0.9338810604669472,118.95,Cedar Rapids,,,,,,,,,,,,,,,,,,,,,,False,False
17973,RefinedKind Pet Products CA 92337,1353,RefinedKind Pet Products (The Refined Feline),Pet,2.0,1.0,1.0,8.0,7.0,-1.0,0.991725768321513,16.1,South Chicago,,,,,,,,,,,,,,,,,,,,,,False,False
18162,Flovery LLC,18162,Flovery LLC,,2.0,1.0,1.0,16.5,8.5,-8.0,0.9626970224545304,72.55,Minneapolis,,,,,,,,,,,,,,,,,,,,,,False,False
476157,HM SL CA 91761,240005,Tianjin heman kejiyouxiangongsi,APS Bedroom,2.0,1.0,1.0,8.5,5.0,-3.5,0.9293506488235955,133.1,Champaign,,,,,,,,,,,,,,,,,,,,,,False,False
294754,Shen zhen shi tian jian shi ye fa zhan yo CA 90502,200887,"HONG KONG TIANJIAN INDUSTRIAL DEVELOPMENT CO., LIMITED",APS,2.0,0.0,0.5,8.5,9.0,0.5,0.9922579702142171,15.299999999999999,Maple Grove,,,,,,,,,,,,,,,,,,,,,,False,False
293546,PushpLinen LLC CA 91789,293129,PushpLinen LLC,WGS India,2.0,1.0,1.0,33.5,21.5,-12.0,0.9502436791039661,102.65,Indianapolis,,,,,,,,,,,,,,,,,,,,,,False,False
293798,DJ - CA4,120004,"GOODLUX TRADING CO.,LTD.",APS Home Improvement,2.0,1.0,1.0,8.0,6.5,-1.5,0.8948000318034999,187.3,Lenexa,,,,,,,,,,,,,,,,,,,,,,False,False
293954,MC,282642,Suzhou Qizhiyun Modern Logistics Technology Co,APS Youth,2.0,1.0,0.5,7.5,8.0,0.5,0.9366325497981225,112.4,Columbus,,,,,,,,,,,,,,,,,,,,,,False,False
294129,Rainbow International Group CA 91730,293626,Rainbow International Group,Wayfair,2.0,0.5,1.0,14.5,6.5,-8.0,0.9817316088331498,37.7,Chicago,,,,,,,,,,,,,,,,,,,,,,False,False
493633,Botanical Splash Inc. WA 99016,15786,Botanical Splash Inc.,Decor,2.0,1.0,1.0,7.5,6.5,-1.0,0.8820801852461702,214.14999999999998,Chicago,,,,,,,,,,,,,,,,,,,,,,False,False
293223,Cozayh LLC CA 92337(2),57235,Cozayh LLC,APS,2.0,1.0,1.0,10.5,7.0,-3.5,0.9319405489597115,135.1,North St.Louis,,,,,,,,,,,,,,,,,,,,,,False,False
14551,Old California,14551,Old California,Decor,2.0,1.0,1.0,31.0,24.5,-6.5,0.9757048937262879,53.400000000000006,Maple Grove,,,,,,,,,,,,,,,,,,,,,,False,False
14558,"LCM Home Fashions, Inc.",14558,"LCM Home Fashions, Inc.",Soft Home,2.0,1.0,1.0,8.0,8.0,0.0,0.9917611726414373,16.1,Chicago Loop,,,,,,,,,,,,,,,,,,,,,,False,False
475260,Homesmart HK Limited CA 92337,302515,Homesmart HK Limited,APS Mattresses,2.0,1.0,1.0,8.0,6.5,-1.5,0.9866869841155581,26.950000000000003,New Brighton Ncpc,,,,,,,,,,,,,,,,,,,,,,False,False
475482, Xiaoma LA1150,269751,Emperic Design Inc,Outdoor Structures,2.0,0.5,0.5,7.5,8.5,1.0,0.9736687595796506,57.95,Northern Kentucky,,,,,,,,,,,,,,,,,,,,,,False,False
475966,"DECORATIVE ARTS, INC CA 91708",277295,"DECORATIVE ARTS, INC",Upholstery,2.0,0.5,0.5,8.5,9.5,1.0,0.945018831661429,101.30000000000001,Champaign,,,,,,,,,,,,,,,,,,,,,,False,False
474452,YQN-CA-4,92472,"Shenyang Ha Ha Trading Co., Ltd limited company",APS Outdoor,2.0,1.0,1.0,10.0,7.5,-2.5,0.9827749392114171,37.1,Columbus,,,,,,,,,,,,,,,,,,,,,,False,False
474500,Alex Smart Home Inc CA 92337,70609,Alex Smart Home Inc,APS Housewares & More,2.0,1.0,1.0,11.0,7.5,-3.5,0.9658958099693049,77.65,Chicago,,,,,,,,,,,,,,,,,,,,,,False,False
472690,TOMIC DECOR INC CA 92324,228869,TOMIC DECOR INC,APS Home Improvement,2.0,1.0,1.0,9.5,7.5,-2.0,0.9529328464889191,106.85,Toledo,,,,,,,,,,,,,,,,,,,,,,False,False
471612,"BengbuShi Junkai Furniture Co.,Ltd. CA 92316",354399,"BengbuShi Junkai Furniture Co.,Ltd.",APS Outdoor,2.0,1.0,1.0,10.5,10.0,-0.5,0.8950917924482134,221.15,Chicago,,,,,,,,,,,,,,,,,,,,,,False,False
471717,shenzhenjinshoushikejiyouxiangongsi CA 91710,343150,shenzhenjinshoushikejiyouxiangongsi,APS Home Improvement,2.0,1.0,1.0,10.5,8.5,-2.0,0.9613107331532366,87.0,Columbus,,,,,,,,,,,,,,,,,,,,,,False,False
469979,  LA15,469099,"Shenzhen Yiju E-commerce Co., Ltd.",Wayfair,2.0,1.0,1.0,10.0,7.5,-2.5,0.987891455192035,23.75,Chicago,,,,,,,,,,,,,,,,,,,,,,False,False
470201,Beneouya International Trade Limited CA 91708,309436,Beneouya International Trade Limited,APS Home Improvement,2.0,0.0,1.0,10.5,9.5,-1.0,0.9540327504849795,80.6,Chicago,,,,,,,,,,,,,,,,,,,,,,False,False
470280,Dongguan Xiangjia Furnishing Co Ltd CA 91708,361865,Dongguan Xiangjia Furnishing Co Ltd,APS Decor,2.0,1.0,1.0,10.0,9.5,-0.5,0.9866569391983344,24.35,Omaha,,,,,,,,,,,,,,,,,,,,,,False,False
470544,"Ganzhou Saikai Home Furnishings Co.,Ltd CA 90670",470511,"Ganzhou Saikai Home Furnishings Co.,Ltd",Wayfair,2.0,1.0,1.0,10.5,10.0,-0.5,0.9620340702556661,79.2,North Cincinnati,,,,,,,,,,,,,,,,,,,,,,False,False
470788,"Changzhou Yanjian Electronic Commerce Co., Ltd. CA 92346",469243,"Changzhou Yanjian Electronic Commerce Co., Ltd.",Wayfair,2.0,0.5,1.0,9.5,9.0,-0.5,0.9650302211879205,75.35,Greenwood,,,,,,,,,,,,,,,,,,,,,,False,False
22867,Skywalker Trampolines CA 91730,1411,Skywalker Trampolines,Recreation,2.0,0.0,1.0,7.5,7.5,0.0,0.9285764008233663,105.75,Lenexa,,,,,,,,,,,,,,,,,,,,,,False,False
288515,HY DF ,50278,"US_INSONG TRADING CO., LIMITED",APS Youth,2.0,0.5,0.5,8.0,9.0,1.0,0.9608248048233923,89.0,Chicago,,,,,,,,,,,,,,,,,,,,,,False,False
289387,Qingju Kitchen and bathroom Technology CA 91761,214780,"Qingju Kitchen and bathroom Technology Co., Ltd",APS,2.0,0.0,0.0,8.0,15.0,7.0,0.9842166305279613,31.3,Romeoville Ncpc,,,,,,,,,,,,,,,,,,,,,,False,False
296656,"Shenzhen Laiwo Trading Co., Ltd. CA 92376 (3)",65593,"Shenzhen Laiwo Trading Co., Ltd.",APS,2.0,1.0,1.0,9.5,9.5,0.0,0.9792435613318329,44.3,Omaha,,,,,,,,,,,,,,,,,,,,,,False,False
296673,"Suzhou Tou Ju San Technology Co., Ltd. CA 95826",296657,"Suzhou Tou Ju San Technology Co., Ltd.",Wayfair,2.0,1.0,1.0,11.0,8.0,-3.0,0.9983903224232964,3.3,Chicago Loop,,,,,,,,,,,,,,,,,,,,,,False,False
287887,LUNER HOMME INC CA 92335,184021,LUNER HOMME INC,Upholstery,2.0,1.0,1.0,9.5,8.5,-1.0,0.9870788387397471,25.95,Cleveland,,,,,,,,,,,,,,,,,,,,,,False,False
288098,"Foshancity Kaiwei sanitary Co., Ltd CA 92337",251956,Hong Kong K&V Technology Limited,APS,2.0,0.5,0.5,9.5,10.0,0.5,0.988618223031944,22.450000000000003,Chicago,,,,,,,,,,,,,,,,,,,,,,False,False
295786,洛阳弘奈商贸有限公司 CA 91710,295683,Luoyanghongnaishangmaoyouxiangongsi,Wayfair,2.0,1.0,1.0,11.5,6.5,-5.0,0.9595550617810193,76.3,Chicago,,,,,,,,,,,,,,,,,,,,,,False,False
292463,         WPLA15,279736,"SHADE SYSTEMS, INC.",Decor,2.0,1.0,1.0,9.0,8.5,-0.5,0.9597826350895675,84.7,Greenwood,,,,,,,,,,,,,,,,,,,,,,False,False
292875,"Shenzhen yihengfeng Technology Co.,Ltd. CA 92501",139259,"Shenzhen yihengfeng Technology Co.,Ltd.",APS Home Improvement,2.0,1.0,1.0,10.0,9.0,-1.0,0.976877676185439,49.650000000000006,Cincinnati,,,,,,,,,,,,,,,,,,,,,,False,False
295502,shenzhenshixunlongguangdiankeji CA 91761(2),291823,shenzhenshixunlongguangdiankejiyouxiangongsi,Upholstery,2.0,0.5,1.0,9.0,8.5,-0.5,0.968296385525331,64.5,Romeoville Rsf,,,,,,,,,,,,,,,,,,,,,,False,False
19263,Cal-Mil,19263,Cal-Mil,Wayfair Professional,2.0,1.0,1.0,7.5,5.5,-2.0,0.9359667250477699,120.0,Kansas City,,,,,,,,,,,,,,,,,,,,,,False,False
468456,HONG KONG SUXIANG TECHNOLOGY LIMITED CA 91752,370112,HONG KONG SUXIANG TECHNOLOGY LIMITED,APS Housewares & More,2.0,1.0,1.0,9.5,8.5,-1.0,0.933922879027955,141.8,Northern Kentucky,,,,,,,,,,,,,,,,,,,,,,False,False
468575,shilijincheng CA 92337(2),63929,Hong Kong HuaYa Trade Limited,APS Home Improvement,2.0,1.0,1.0,8.5,6.0,-2.5,0.9219340932813533,160.55,North St.Louis,,,,,,,,,,,,,,,,,,,,,,False,False
468908,Edenic Covenant Group CA 92627,266858,Edenic Covenant Group,Decor,2.0,0.0,1.0,13.5,9.5,-4.0,0.9629303325534623,85.05,Greenwood,,,,,,,,,,,,,,,,,,,,,,False,False
467479,Elfin Estate Ltd CA 91761,302976,Elfin Estate Ltd,Casegoods,2.0,1.0,1.0,10.0,8.5,-1.5,0.9357958638220709,115.89999999999999,Champaign,,,,,,,,,,,,,,,,,,,,,,False,False
468002,"NANTONG BLUE FLAME INTERNATIONAL TRADE CO.,LTD CA 92337",365330,"NANTONG BLUE FLAME INTERNATIONAL TRADE CO.,LTD",APS Housewares & More,2.0,0.5,1.0,7.0,6.5,-0.5,0.9751238114416542,50.7,Chicago,,,,,,,,,,,,,,,,,,,,,,False,False
26779,The Decal Guru,26779,The Decal Guru,Decor,2.0,1.0,1.0,12.0,9.5,-2.5,0.9962832149164237,9.05,Columbus,,,,,,,,,,,,,,,,,,,,,,False,False
27440,Rio Home Fashions CA,13483,Rio Home Fashions,Mattress,2.0,0.0,1.0,9.0,8.0,-1.0,0.9302138224051381,133.64999999999998,Cedar Rapids,,,,,,,,,,,,,,,,,,,,,,False,False
27577,Huntington Brass,27577,Huntington Brass,Plumbing,2.0,1.0,1.0,8.5,7.5,-1.0,0.9871671595785992,25.9,North St.Louis,,,,,,,,,,,,,,,,,,,,,,False,False
466435,"Shenzhen Ju Dexin Information Technology Co., Ltd. CA 91789",98424,"Shenzhen Ju Dexin Information Technology Co., Ltd.",APS Home Improvement,2.0,1.0,1.0,10.5,7.5,-3.0,0.9702130545576093,66.1,Northern Kentucky,,,,,,,,,,,,,,,,,,,,,,False,False
26508,Paragon Industries CA 92780,13378,Bedrosians,Flooring,2.0,0.5,1.0,7.5,7.5,0.0,0.9400240556691691,117.5,Kansas City,,,,,,,,,,,,,,,,,,,,,,False,False
26582,Magic Bullet CA  92374,21946,Capital Brands Distribution,Kitchen & Small Electrics,2.0,1.0,0.5,9.0,9.5,0.5,0.9908283058035533,17.95,Chicago,,,,,,,,,,,,,,,,,,,,,,False,False
465342,WY-CA5-91761,305803,ning bo lian gou dian zi shang wu you xian gong si,APS Youth,2.0,1.0,1.0,9.0,8.5,-0.5,0.9725165833406635,63.65,Toledo,,,,,,,,,,,,,,,,,,,,,,False,False
465715,Bring Bliss Limited CA 92376,358928,Bring Bliss Limited,APS Wayfair Professional,2.0,1.0,1.0,8.5,7.0,-1.5,0.988432249585153,25.7,Columbus,,,,,,,,,,,,,,,,,,,,,,False,False
463570,ningboxuxindianzishangwuyouxiangongsi CA 92337,286148,ningboxuxindianzishangwuyouxiangongsi,APS Outdoor,2.0,1.0,1.0,9.5,8.5,-1.0,0.9654499883080327,69.45,Romeoville Ncpc,,,,,,,,,,,,,,,,,,,,,,False,False
463652,dongguanzhizaozhibokejiyouxiangongsi CA 92376,339826,dongguanzhizaozhibokejiyouxiangongsi,APS Decor,2.0,1.0,1.0,12.0,6.5,-5.5,0.9687240792147649,67.25,Chicago,,,,,,,,,,,,,,,,,,,,,,False,False
463689,Nicaragua Innovation Technology Corporation CA 92806,80183,"Xijian Muxingren Hong Kong Co., Limited",APS Home Improvement,2.0,1.0,1.0,11.0,6.5,-4.5,0.9505198276631843,107.15,Greenwood,,,,,,,,,,,,,,,,,,,,,,False,False
463836,Zhejiang Fuma Network Technology CA 91708,126573,"Zhejiang Fuma Network Technology Co.,Ltd",APS K&D,2.0,1.0,1.0,10.0,9.5,-0.5,0.9612245778276357,76.25,Maple Grove,,,,,,,,,,,,,,,,,,,,,,False,False
29632,Nichols Bros. Stoneworks,29632,Nichols Bros. Stoneworks,Decor,2.0,1.0,1.0,11.0,6.0,-5.0,0.9364158164786942,124.8,Chicago,,,,,,,,,,,,,,,,,,,,,,False,False
30029,PASB CA90040,2554,Pem America,Soft Home,2.0,1.0,1.0,9.0,7.5,-1.5,0.9837713200255066,32.75,Greenwood,,,,,,,,,,,,,,,,,,,,,,False,False
30725,Shelter Logic CA92337,1902,Shelter Logic,Outdoor Structures,2.0,1.0,1.0,9.0,7.5,-1.5,0.9609116594498006,90.55,Rosemount,,,,,,,,,,,,,,,,,,,,,,False,False
462820,zhengzhoushixiubenshangmaoyouxiangongsi CA 92337,445538,zhengzhoushixiubenshangmaoyouxiangongsi,APS Bedroom,2.0,1.0,1.0,12.0,8.5,-3.5,0.97006993006993,64.2,Greenwood,,,,,,,,,,,,,,,,,,,,,,False,False
286668,Yantaishi Xingyudianzishangwu Youxiangong CA 92337,238729,Yantaishi Xingyudianzishangwu Youxiangongsi,APS Mattresses,2.0,1.0,1.0,9.5,5.5,-4.0,0.9428583927755033,113.95,North St.Louis,,,,,,,,,,,,,,,,,,,,,,False,False
299341,HANGZHOU XINNAN RATTAN AND BAMBOO WORKS CA 92376,247392,"HANGZHOU XINNAN RATTAN AND BAMBOO WORKS CO., LTD.",APS,2.0,1.0,1.0,11.0,9.0,-2.0,0.986517670629733,24.0,Chicago Loop,,,,,,,,,,,,,,,,,,,,,,False,False
298098,"Amorho Charming Mirror Company, LLC CA 91730",120304,"Amorho Charming Mirror Company, LLC",APS Youth,2.0,1.0,1.0,9.5,9.0,-0.5,0.9376565741934371,126.35000000000001,North St.Louis,,,,,,,,,,,,,,,,,,,,,,False,False
299050,Shenzhen Jiahengxin Technology Co CA 91730(2),125143,"HONG KONG LANCAI TECHNOLOGY CO., LIMITED",APS Home Improvement,2.0,1.0,0.5,9.5,9.5,0.0,0.9818606364955698,39.7,Dayton,,,,,,,,,,,,,,,,,,,,,,False,False
299148,shandongbeilienjiajukejiyouxiangongsi CA 92336,298823,shandongbeilienjiajukejiyouxiangongsi,Wayfair,2.0,1.0,1.0,10.5,9.5,-1.0,0.9561994502396394,86.39999999999999,Columbus,,,,,,,,,,,,,,,,,,,,,,False,False
290323,Dongguan Shi Jiapeng Jinshu zhiping you CA 91744,101432,Dongguan Shi Jiapeng Jinshu zhiping youxian gongsi,APS Outdoor,2.0,1.0,1.0,10.0,8.5,-1.5,0.9730119507658446,54.699999999999996,Chicago Loop,,,,,,,,,,,,,,,,,,,,,,False,False
297886,Forious Inc. CA 91752,62616,Forious Inc.,APS,2.0,1.0,1.0,9.5,9.5,0.0,0.9958883379324912,6.75,North St.Louis,,,,,,,,,,,,,,,,,,,,,,False,False
460576,BaZhuaYu-CA-01,63465,"Ningbo Youyuan Import and Export Co., Ltd.",APS Home Improvement,2.0,1.0,1.0,7.0,6.5,-0.5,0.9918292573838685,16.4,Maple Grove,,,,,,,,,,,,,,,,,,,,,,False,False
460871,"Tang Sheng (Shenzhen) International Trade Co., Ltd CA 92374",176369,"Tang Sheng (Shenzhen) International Trade Co., Ltd",APS Home Improvement,2.0,1.0,1.0,10.5,7.0,-3.5,0.9609059276834626,82.8,Greenwood,,,,,,,,,,,,,,,,,,,,,,False,False
461199,"Chengdu Mengxiangzhijia Information Technology Co., Ltd CA 92374",358986,"Chengdu Mengxiangzhijia Information Technology Co., Ltd",APS Bedroom,2.0,1.0,1.0,12.5,9.0,-3.5,0.9696831543627384,61.3,Fort Wayne,,,,,,,,,,,,,,,,,,,,,,False,False
461700,Flag Stars Inc CA 91752,454050,Flag Stars Inc,Wayfair,2.0,1.0,0.5,9.0,9.0,0.0,0.9624950953197265,78.2,Chicago,,,,,,,,,,,,,,,,,,,,,,False,False
37343,Teak Smith,37343,Teak Smith,Outdoor Furniture,2.0,1.0,1.0,16.5,10.0,-6.5,0.9312901462353234,156.4,Columbus,,,,,,,,,,,,,,,,,,,,,,False,False
458506,shilijincheng CA 92337,63929,Hong Kong HuaYa Trade Limited,APS Home Improvement,2.0,1.0,1.0,9.0,7.5,-1.5,0.9847435286848079,34.4,Grand Rapids,,,,,,,,,,,,,,,,,,,,,,False,False
459925,"JOANNA VARGAS, LTD CA 91710",447536,"JOANNA VARGAS, LTD",Wayfair,2.0,1.0,1.0,10.0,7.0,-3.0,0.9678351047043707,64.05,Chicago,,,,,,,,,,,,,,,,,,,,,,False,False
35153,Direct Wicker CA 91761(4),23772,Direct Wicker,APS Outdoor,2.0,0.0,1.0,8.0,7.0,-1.0,0.9924263674614305,13.5,Cedar Rapids Local,,,,,,,,,,,,,,,,,,,,,,False,False
457269,JANSPORT MUCY TRADING INC CA 91752,83379,JANSPORT MUCY TRADING INC,APS Mattresses,2.0,1.0,1.0,9.5,8.5,-1.0,0.920865450148991,155.25,Maple Grove,,,,,,,,,,,,,,,,,,,,,,False,False
457992,Line Apparel ecommerce Inc CA 91730,291170,Line Apparel ecommerce Inc,Decor,2.0,1.0,0.5,9.0,9.0,0.0,0.9504338219070751,98.75,Cedar Rapids,,,,,,,,,,,,,,,,,,,,,,False,False
458375,YDY-WEST-7,127621,Shenzhenshi Yiboya Maoyiyouxiangongsi,APS Upholstery,2.0,1.0,1.0,9.0,7.0,-2.0,0.9798192035182018,41.3,Greenwood,,,,,,,,,,,,,,,,,,,,,,False,False
456286,Furnihome Inc WA 98188,430825,Furnihome Inc,Casegoods,2.0,1.0,1.0,14.5,8.5,-6.0,0.9714094072272994,68.2,Greenwood,,,,,,,,,,,,,,,,,,,,,,False,False
40464,BabyTrend Inc.,40464,BabyTrend Inc.,Youth Furniture & Decor,2.0,1.0,1.0,11.0,8.5,-2.5,0.9944524960264067,10.15,Fort Wayne,,,,,,,,,,,,,,,,,,,,,,False,False
40505,StoreBound CA,8471,StoreBound,Kitchen & Small Electrics,2.0,1.0,1.0,7.0,5.5,-1.5,0.9530401325905133,90.60000000000001,Cedar Rapids,,,,,,,,,,,,,,,,,,,,,,False,False
38413,High Shine Inc,38413,High Shine Inc,Decor,2.0,1.0,0.5,7.5,8.5,1.0,0.9614127614397984,86.75,Columbus,,,,,,,,,,,,,,,,,,,,,,False,False
38880,Statra CA 92683,35319,Statra,Flooring,2.0,0.0,0.5,9.5,10.0,0.5,0.9238677893722087,120.25,Kansas City,,,,,,,,,,,,,,,,,,,,,,False,False
43573,"Milton Greens Stars, INC CA",14529,"Milton Greens Stars, INC",Upholstery,2.0,1.0,1.0,7.0,7.0,0.0,0.9919505897838302,15.9,Chicago,,,,,,,,,,,,,,,,,,,,,,False,False
43735,Watkins Mfg. CA,31277,Watkins Mfg.,Outdoor Structures,2.0,1.0,1.0,22.0,8.5,-13.5,0.9971592243038926,6.05,Greenwood,,,,,,,,,,,,,,,,,,,,,,False,False
45841,MGR Design International Inc,45841,MGR Design International Inc,Decor,2.0,1.0,1.0,9.0,8.5,-0.5,0.9618602999344231,89.45,Toledo,,,,,,,,,,,,,,,,,,,,,,False,False
455508,"Dongguan Chenjiang Home Furnishings Co., Ltd. CA 91710",444723,"Dongguan Chenjiang Home Furnishings Co., Ltd.",Wayfair,2.0,1.0,1.0,11.0,8.5,-2.5,0.9846892981954065,34.2,Columbus,,,,,,,,,,,,,,,,,,,,,,False,False
40522,Impact Canopies USA CA 92883,8435,Impact Canopies USA,Outdoor Structures,2.0,1.0,1.0,8.5,8.0,-0.5,0.9530919971539775,103.65,Columbus,,,,,,,,,,,,,,,,,,,,,,False,False
40547,Pacific Currents Inc. CA 91765,21733,Pacific Currents Inc.,Outdoor Structures,2.0,1.0,1.0,9.0,6.5,-2.5,0.9125747494553591,181.55,Chicago,,,,,,,,,,,,,,,,,,,,,,False,False
41585,GE sp Appliances CA 91789,41548,GE sp Appliances,Appliances,2.0,0.0,1.0,9.0,8.5,-0.5,0.9782908639370482,48.1,Chicago Loop,,,,,,,,,,,,,,,,,,,,,,False,False
455501,Dream CitySpace Inc CA 92879,266293,Dream CitySpace Inc,Flooring,2.0,1.0,1.0,8.0,6.5,-1.5,0.9625259668456997,67.65,Chicago,,,,,,,,,,,,,,,,,,,,,,False,False
454219,"Ningbo Youhua Information Technology Co., Ltd. CA 92337",323954,"Ningbo Youhua Information Technology Co., Ltd.",APS Outdoor,2.0,1.0,1.0,9.0,9.0,0.0,0.9841153364699787,36.8,Gaylord,,,,,,,,,,,,,,,,,,,,,,False,False
454395,Shenzhenkaibaishikejiyouxiangongsi CA 92879,413446,Shenzhenkaibaishikejiyouxiangongsi,APS Outdoor,2.0,0.5,1.0,10.0,9.0,-1.0,0.9555389350154446,82.0,Romeoville Ncpc,,,,,,,,,,,,,,,,,,,,,,False,False
454585,"Changchun Kelite Trading CO.,LTD CA 92316",408906,"Changchun Kelite Trading CO.,LTD",APS Housewares & More,2.0,1.0,1.0,9.5,8.0,-1.5,0.9285177344295272,149.95,Mccook,,,,,,,,,,,,,,,,,,,,,,False,False
304385,shenzhenshixinhuilaikejiyouxiangongsi CA 92337,287182,shenzhenshixinhuilaikejiyouxiangongsi,APS Rugs,2.0,1.0,1.0,10.0,9.0,-1.0,0.9747624186118163,54.9,Chicago,,,,,,,,,,,,,,,,,,,,,,False,False
302071,"Jiaxing Aofeisi Imp. Exp. Co., Ltd CA11",77629,"WANSHENG ENTERPRISE CO., LIMITED",APS,2.0,1.0,1.0,9.5,9.0,-0.5,0.9792446530408,45.5,Sioux Falls,,,,,,,,,,,,,,,,,,,,,,False,False
301041,CA5--CA 91761,271401,Amorphous Biz Inc,Decor,2.0,1.0,1.0,10.0,8.0,-2.0,0.9729806319081957,60.5,New Brighton Ncpc,,,,,,,,,,,,,,,,,,,,,,False,False
301343,suzhou ebizplus ecommerce Ltd CA 91731,65185,"Robotime Technology (Suzhou) Co.,Ltd",APS,2.0,1.0,0.5,9.0,9.0,0.0,0.9546169645588429,103.85,Cincinnati,,,,,,,,,,,,,,,,,,,,,,False,False
286896,bazhoushidetaijiajuyouxiangongsi CA 92337,286653,bazhoushidetaijiajuyouxiangongsi,Wayfair,2.0,0.0,1.0,9.0,9.0,0.0,0.9956097809995406,8.6,Chicago,,,,,,,,,,,,,,,,,,,,,,False,False
287064,dongguanshiyimuyijiamuyeyouxiangongsi CA 91752,93740,OKD INTERNATIONAL TRADING COMPANY LIMITED,APS,2.0,1.0,1.0,10.5,10.0,-0.5,0.9923936663924475,15.549999999999999,Columbus,,,,,,,,,,,,,,,,,,,,,,False,False
287365,GCWE-8,286922,Ning bo chu sheng dian zi shang wu you xian gong si,Wayfair,2.0,1.0,1.0,8.5,7.5,-1.0,0.9849448935199138,30.450000000000003,Chicago,,,,,,,,,,,,,,,,,,,,,,False,False
452027,Guangzhou Pangwei Technology Co. CA 91761,283221,Guangzhou Pangwei Technology Co.,APS Outdoor,2.0,1.0,1.0,8.0,7.5,-0.5,0.9488281131529511,108.5,Greenwood,,,,,,,,,,,,,,,,,,,,,,False,False
450458,"BaySquirrel (Zhongshan) Cross-border E-commerce Co., Ltd. CA 91761",450183,"BaySquirrel (Zhongshan) Cross-border E-commerce Co., Ltd.",Wayfair,2.0,0.5,0.5,9.0,10.5,1.5,0.9533100737252764,103.0,Maple Grove,,,,,,,,,,,,,,,,,,,,,,False,False
450960,LELELINKY INTERNATIONAL LIMITED CA 92509,408925,LELELINKY INTERNATIONAL LIMITED,APS AEOF,2.0,1.0,1.0,7.5,6.5,-1.0,0.966800655271488,70.85000000000001,Greenwood,,,,,,,,,,,,,,,,,,,,,,False,False
449892,Nantongmijieshangmaoyouxiangongsi CA  91762,301805,Nantongmijieshangmaoyouxiangongsi,APS AEOF,2.0,1.0,1.0,7.5,7.0,-0.5,0.9684476464459024,67.0,Greenwood,,,,,,,,,,,,,,,,,,,,,,False,False
449907,tianjinaimijifangzhipinyouxiangongsi CA 91733,436252,tianjinaimijifangzhipinyouxiangongsi,Wayfair,2.0,1.0,1.0,12.0,8.5,-3.5,0.9943081222507835,10.35,Chicago Loop,,,,,,,,,,,,,,,,,,,,,,False,False
48566,"Plycraft Industries, Inc.CA92154",15804,"Plycraft Industries, Inc.",Casegoods,2.0,1.0,1.0,12.0,9.5,-2.5,0.9941395145418762,13.4,Olathe,,,,,,,,,,,,,,,,,,,,,,False,False
449488,"QUANZHOU CHUMOSHI E-COMMERCE CO., LTD CA 92401",412050,"QUANZHOU CHUMOSHI E-COMMERCE CO., LTD",APS Housewares & More,2.0,1.0,1.0,8.0,6.0,-2.0,0.9873821050744127,27.25,Northern Kentucky,,,,,,,,,,,,,,,,,,,,,,False,False
449237,Vancen Industrial Limited CA 90201,440343,Vancen Industrial Limited,Recreation,2.0,1.0,1.0,11.0,10.0,-1.0,0.9858964824346454,31.95,Columbus,,,,,,,,,,,,,,,,,,,,,,False,False
46708,US livings,46708,US livings,Casegoods,2.0,1.0,1.0,10.0,8.5,-1.5,0.9371680830836755,134.0,Greenwood,,,,,,,,,,,,,,,,,,,,,,False,False
46871,MANDY LI COLLECTION,46871,MANDY LI COLLECTION,Casegoods,2.0,1.0,1.0,7.0,7.0,0.0,0.950899920886076,99.3,Chicago,,,,,,,,,,,,,,,,,,,,,,False,False
447093,ZORIX LLC CA 90703,445714,ZORIX LLC,Wayfair,2.0,0.5,0.5,9.5,8.5,-1.0,0.9886858484429841,24.75,Northern Kentucky,,,,,,,,,,,,,,,,,,,,,,False,False
448133,"Neost International Trade Co., Limited CA 92337(2)",407741,"Neost International Trade Co., Limited",APS AEOF,2.0,1.0,1.0,11.0,6.5,-4.5,0.9354964331473854,138.85,Northern Kentucky,,,,,,,,,,,,,,,,,,,,,,False,False
448168,Red Now Limited CA 91761,446435,Red Now Limited,Wayfair,2.0,1.0,1.0,11.0,8.0,-3.0,0.9499877908739662,104.4,Northern Kentucky,,,,,,,,,,,,,,,,,,,,,,False,False
449179,Hangzhou Jinyi Ecommerce CoLtd CA 92337,274868,Hangzhou Jinyi Ecommerce CoLtd,APS AEOF,2.0,1.0,1.0,10.0,10.0,0.0,0.9987213444150151,2.8,North St.Louis,,,,,,,,,,,,,,,,,,,,,,False,False
446618, Best-CA02-91761,336512,Shenzhen Kunhong Technology Co._1,APS Home Improvement,2.0,0.5,1.0,9.5,7.5,-2.0,0.9563080979190178,86.05000000000001,Champaign,,,,,,,,,,,,,,,,,,,,,,False,False
446667,Red Now Limited CA 92337,446435,Red Now Limited,Wayfair,2.0,1.0,1.0,8.0,7.5,-0.5,0.976682323527182,47.349999999999994,Greenwood,,,,,,,,,,,,,,,,,,,,,,False,False
57307,Silk Home CA 94080,45842,Silk Home,Soft Home,2.0,1.0,0.5,9.0,9.5,0.5,0.974071139206276,59.349999999999994,Columbus,,,,,,,,,,,,,,,,,,,,,,False,False
445476,Ricoeur LLC CA 91761(4),69202,Ricoeur LLC,APS K&D,2.0,1.0,1.0,10.5,10.0,-0.5,0.9899399453878367,20.6,Maple Grove,,,,,,,,,,,,,,,,,,,,,,False,False
54173,Encore Surfaces,54173,Encore Surfaces,Flooring,2.0,1.0,0.5,10.5,9.5,-1.0,0.9918793075490331,15.100000000000001,East Columbus,,,,,,,,,,,,,,,,,,,,,,False,False
54340,LM Treasures,54340,LM Treasures,Decor,2.0,1.0,1.0,9.5,6.0,-3.5,0.9770525582684882,50.4,Chicago,,,,,,,,,,,,,,,,,,,,,,False,False
56145,ihubdeal CA 91710,50699,XP Group LLC.,Outdoor Furniture,2.0,1.0,1.0,8.5,8.0,-0.5,0.9867292544997981,26.6,Chicago,,,,,,,,,,,,,,,,,,,,,,False,False
445075,"Xuzhou Abosi Network Technology Co., CA 91730 (2)",354350,"Xuzhou Abosi Network Technology Co., Ltd",APS Decor,2.0,1.0,1.0,11.0,8.5,-2.5,0.9679785054711196,71.4,Toledo,,,,,,,,,,,,,,,,,,,,,,False,False
51786,NeoChair CA 90723,50192,NEO CHAIR INC,Casegoods,2.0,1.0,0.5,5.5,6.5,1.0,0.9954157893403841,9.3,Greenwood,,,,,,,,,,,,,,,,,,,,,,False,False
444359,"Zhejiang Jinmei Furniture Co., Ltd CA 91761",321426,"Zhejiang Jinmei Furniture Co., Ltd",APS Upholstery,2.0,1.0,1.0,9.0,8.0,-1.0,0.9119262638488036,189.2,Toledo,,,,,,,,,,,,,,,,,,,,,,False,False
444680,shanghaixiaaowangluokejiyouxiangongsi CA 91710,438765,shanghaixiaaowangluokejiyouxiangongsi,Wayfair,2.0,1.0,1.0,10.0,8.5,-1.5,0.9507507096172356,107.19999999999999,South Chicago,,,,,,,,,,,,,,,,,,,,,,False,False
443312,Maxwood Furniture CA 90640 (2),1954,Maxwood Furniture,Youth Furniture & Decor,2.0,0.5,0.0,8.0,9.0,1.0,0.9773098269670257,41.7,Waterloo,,,,,,,,,,,,,,,,,,,,,,False,False
443969,nanjingxiaoxiangjiajukejiyouxiangongsi CA 91730,323868,nanjingxiaoxiangjiajukejiyouxiangongsi,APS Rugs,2.0,1.0,1.0,10.0,8.0,-2.0,0.9805240727608708,42.3,Northern Kentucky,,,,,,,,,,,,,,,,,,,,,,False,False
444036,"Hongkong Ting Han trading Co.,Limited CA 91746 ",436423,"Hongkong Ting Han trading Co.,Limited",APS Decor,2.0,1.0,1.0,8.0,6.5,-1.5,0.952659685898828,91.9,Chicago,,,,,,,,,,,,,,,,,,,,,,False,False
444205,"Shenzhen Xingfu Zhizao Trading Co.,Ltd CA 91730(2)",332963,"Shenzhen Xingfu Zhizao Trading Co., Ltd.",APS Home Improvement,2.0,1.0,1.0,9.5,8.5,-1.0,0.9933191601068289,11.8,Olathe,,,,,,,,,,,,,,,,,,,,,,False,False
284626,STONECREST CLASSIC HOME DECOR INC CA 94579 ,114493,STONECREST CLASSIC HOME DECOR INC,APS,2.0,1.0,1.0,7.5,5.0,-2.5,0.9892997672822103,22.05,Rosemount,,,,,,,,,,,,,,,,,,,,,,False,False
284862,Shenzhenshi Yiboya Maoyiyouxiangongsi CA 91702,127621,Shenzhenshi Yiboya Maoyiyouxiangongsi,APS,2.0,1.0,1.0,8.0,5.0,-3.0,0.9520065599073896,99.5,Chicago,,,,,,,,,,,,,,,,,,,,,,False,False
285214,Ryan Roberts trade Inc CA 91761,282123,Hermitage Bath Inc.,Wayfair,2.0,0.0,0.0,10.0,11.0,1.0,0.9958686985974357,8.15,Chicago,,,,,,,,,,,,,,,,,,,,,,False,False
283546,Sapience Home Decor CA 91761,57284,Sapience Home Decor,Decor,2.0,0.5,0.5,8.0,8.0,0.0,0.9798749810522451,35.1,Lenexa,,,,,,,,,,,,,,,,,,,,,,False,False
282038,Zhengzhou hanzhouboyan XY-CA 92410 ,64001,Zhengzhou hanzhouboyang jinchukoumaoyiyouxiangongs,APS Housewares & More,2.0,0.0,0.5,11.0,12.0,1.0,0.9586706986256854,80.45,Chicago,,,,,,,,,,,,,,,,,,,,,,False,False
304923,Vanityfair LLC CA 91730,63129,Vanityfair LLC,APS,2.0,1.0,0.5,7.5,8.0,0.5,0.9897482333087113,19.75,Chicago,,,,,,,,,,,,,,,,,,,,,,False,False
304924,Dornberg Inc CA 91730,63702,Dornberg Inc,APS,2.0,0.5,0.5,10.5,10.5,0.0,0.9576632340793714,92.9,Chicago,,,,,,,,,,,,,,,,,,,,,,False,False
304927,S&S Kitchen and Bath Inc CA 91730,241984,S&S Kitchen and Bath Inc,APS,2.0,0.5,1.0,9.5,8.0,-1.5,0.9676282656175279,65.6,North St.Louis,,,,,,,,,,,,,,,,,,,,,,False,False
305195,CTM International Giftware Inc CA 91730,204424,CTM International Giftware Inc,Decor,2.0,0.5,0.5,10.5,9.0,-1.5,0.9838080754593279,32.0,Des Moines,,,,,,,,,,,,,,,,,,,,,,False,False
305279,HANGZHOU ESKIMOS BEDDING CO LTD CA 92410,65284,HANGZHOU ESKIMOS BEDDING CO LTD,APS,2.0,1.0,1.0,9.0,7.0,-2.0,0.9485464082532272,99.25,North St.Louis,,,,,,,,,,,,,,,,,,,,,,False,False
441529,"Yushi Lighting (Shenzhen) Co., Ltd. CA 91761  ",331930,yushidengshi(shenzhen)youxiangongsi,APS Home Improvement,2.0,0.5,1.0,11.5,8.0,-3.5,0.9531048055544671,89.55,Cedar Rapids,,,,,,,,,,,,,,,,,,,,,,False,False
441822,"Hangzhou Loutu Trading Co., Limited CA 91730",266734,"Hangzhou Loutu Trading Co., Limited",APS Soft Home,2.0,1.0,0.5,8.0,8.5,0.5,0.9889949880828559,22.700000000000003,Cincinnati,,,,,,,,,,,,,,,,,,,,,,False,False
441907,ENSHINES INC CA 92337,413571,ENSHINES INC,APS Bedroom,2.0,1.0,0.5,9.0,9.0,0.0,0.9800028283912086,42.900000000000006,Manitowoc,,,,,,,,,,,,,,,,,,,,,,False,False
439648,JUSTMAE INC CA 91752,81490,JUSTMAE INC,APS AEOF,2.0,1.0,1.0,10.0,8.5,-1.5,0.9576360834008633,88.35,New Brighton Ncpc,,,,,,,,,,,,,,,,,,,,,,False,False
440105,"Shenzhen Xiaozhu Technology Co., Ltd. CA 91730(2)",60250,"Shenzhen Xiaozhu Technology Co., Ltd.",APS Home Improvement,2.0,1.0,1.0,7.0,6.5,-0.5,0.9951077587716481,9.65,Chicago,,,,,,,,,,,,,,,,,,,,,,False,False
440282,Homewise Solutions LLC CA 91761(2),277256,Homewise Solutions LLC,APS SEA,2.0,1.0,1.0,8.0,7.5,-0.5,0.9839091701786495,29.549999999999997,Kansas City Local,,,,,,,,,,,,,,,,,,,,,,False,False
440908,guangzhoushilinggepinpaiguanliyouxiangongsi CA 91750,436375,guangzhoushilinggepinpaiguanliyouxiangongsi,Wayfair,2.0,1.0,0.5,9.0,8.0,-1.0,0.987195465793623,26.8,Mokena,,,,,,,,,,,,,,,,,,,,,,False,False
441144,"Foshan Tongxin cross border Information Co., Ltd CA 91789",81914,"Foshan Tongxin cross border Information Co., Ltd",APS Home Improvement,2.0,1.0,1.0,7.5,7.5,0.0,0.9743487489810514,46.7,Maple Grove,,,,,,,,,,,,,,,,,,,,,,False,False
441145,"Foshan Xinyu Technology Co., Ltd CA 91789",202149,"Foshan Xinyu Technology Co., Ltd",APS Home Improvement,2.0,1.0,1.0,9.5,8.0,-1.5,0.998659653027161,2.65,Dickinson,,,,,,,,,,,,,,,,,,,,,,False,False
439524,"LINHAI BOXING ARTS AND CRAFTS CO.,LTD. CA 92337",374227,"LINHAI BOXING ARTS AND CRAFTS CO.,LTD.",APS Outdoor,2.0,1.0,1.0,8.0,7.0,-1.0,0.9748885158392024,46.85,Cedar Rapids,,,,,,,,,,,,,,,,,,,,,,False,False
438301,"Ningbo Yuxun E-commerce Co., Ltd. CA 91761(2)",400043,"Ningbo Yuxun E-commerce Co., Ltd.",APS AEOF,2.0,1.0,1.0,7.5,6.0,-1.5,0.928235076134899,148.6,Murfreesboro,,,,,,,,,,,,,,,,,,,,,,False,False
438305,"Ningbo Yuxun E-commerce Co., Ltd. CA 91761(3)",400043,"Ningbo Yuxun E-commerce Co., Ltd.",APS AEOF,2.0,0.0,1.0,8.0,8.0,0.0,0.9522591275691614,110.1,Toledo,,,,,,,,,,,,,,,,,,,,,,False,False
438866,Shenzhenshi Damengyuan Technology CA 91730(2),67212,"Shenzhenshi Damengyuan Technology Co., Ltd",APS Upholstery,2.0,1.0,1.0,8.5,7.5,-1.0,0.9660774272841771,67.65,Chicago,,,,,,,,,,,,,,,,,,,,,,False,False
437352,4CASA INTERNATIONAL INC CA 91761(5),81348,4CASA INTERNATIONAL INC,Decor,2.0,1.0,1.0,12.0,10.5,-1.5,0.962790052851376,78.75,North St.Louis,,,,,,,,,,,,,,,,,,,,,,False,False
438279,anjigufengjiajuyouxiangongsi CA 92508,335216,anjigufengjiajuyouxiangongsi,APS Upholstery,2.0,0.5,1.0,8.5,6.5,-2.0,0.9589616884221225,90.3,New Brighton Ncpc,,,,,,,,,,,,,,,,,,,,,,False,False
438290,AMEZIEL INC CA 92337,22539,AMEZIEL INC,APS AEOF,2.0,1.0,0.5,9.0,9.0,0.0,0.9490658260428141,98.2,Grand Rapids,,,,,,,,,,,,,,,,,,,,,,False,False
64483,Malouf Fine Linens CA 93215,14913,"EVERREST US, LLC",Mattress,2.0,1.0,0.5,7.5,7.5,0.0,0.9794321713597045,44.85,St. Louis,,,,,,,,,,,,,,,,,,,,,,False,False
58341,"Ningbo-Guangbo Imp  Exp Co., Ltd CA 91761",57799,Peachtree press inc_1,APS Wayfair Professional,2.0,1.0,1.0,7.0,7.0,0.0,0.9918282246788509,13.85,Columbus,,,,,,,,,,,,,,,,,,,,,,False,False
58508,"Guangzhou Yanjun Trade Co., Ltd. CA 91730",47716,"Guangzhou Yanjun Trade Co., Ltd.",APS,2.0,1.0,1.0,7.5,5.0,-2.5,0.9837343286337659,31.200000000000003,Maple Grove,,,,,,,,,,,,,,,,,,,,,,False,False
59667,Innoware International Inc,59667,Innoware International Inc,Tabletop,2.0,1.0,0.5,9.0,9.0,0.0,0.985741291703035,29.7,Chicago,,,,,,,,,,,,,,,,,,,,,,False,False
434073,shenzhenshi xiaanjiaju shenghuomaoyi youxiangongsi CA 94545,431717,shenzhenshi xiaanjiaju shenghuomaoyi youxiangongsi,APS Decor,2.0,1.0,1.0,10.5,7.5,-3.0,0.991328702666368,19.35,Columbus,,,,,,,,,,,,,,,,,,,,,,False,False
280169,Kaslen Textiles CA 90040,27638,Kaslen Textiles,Upholstery,2.0,1.0,1.0,9.5,8.0,-1.5,0.9365022612377032,134.95,Chicago,,,,,,,,,,,,,,,,,,,,,,False,False
280282,"Shenzhenshi Meijiajia Technology Co., Ltd CA 92571",277710,"Shenzhenshi Meijiajia Technology Co., Ltd",APS,2.0,1.0,1.0,8.0,6.5,-1.5,0.9688634373793698,57.35,Cedar Rapids,,,,,,,,,,,,,,,,,,,,,,False,False
308502,guang dong bao lai wo zhao ming dian qi CA 91730,244173,guang dong bao lai wo zhao ming dian qi you xian gong si,APS Home Improvement,2.0,1.0,1.0,11.5,7.0,-4.5,0.9896117634008204,22.45,North Cincinnati,,,,,,,,,,,,,,,,,,,,,,False,False
278537,Yayi Technology Hong Kong GUCANG-CA10 ,224134,Yayi Technology Hong Kong Company Limited,APS,2.0,1.0,1.0,9.5,6.5,-3.0,0.9892579785049578,21.35,North Cincinnati,,,,,,,,,,,,,,,,,,,,,,False,False
278689,S-美西,276335,"Shanghai Aojing Cultural Communication Co., Ltd",APS K&D,2.0,1.0,1.0,8.0,7.0,-1.0,0.7837300314364534,337.1,Maple Grove,,,,,,,,,,,,,,,,,,,,,,False,False
307860,CX GLOBAL TRADING INC CA 91768,244508,CX GLOBAL TRADING INC,Upholstery,2.0,1.0,0.5,8.0,8.0,0.0,0.9509967460701565,103.95,Cedar Rapids,,,,,,,,,,,,,,,,,,,,,,False,False
285322,DW-LAX,276264,HANG ZHOU SHENG KE YUAN QU GUAN LI YOU XIAN GO,Casegoods,2.0,1.0,1.0,10.5,8.0,-2.5,0.9805644510417464,43.7,Toledo,,,,,,,,,,,,,,,,,,,,,,False,False
285560,Guangzhou Yixue Notebook Technology Co. CA 91752,75929,Guangzhou Yixue Notebook Technology Co. LTD,APS,2.0,0.5,0.5,8.5,9.0,0.5,0.989030249577461,22.4,Northern Kentucky,,,,,,,,,,,,,,,,,,,,,,False,False
306879,"Eisho Co., LTD YJ02",46219,"Eisho Co., LTD",APS Housewares & More,2.0,1.0,1.0,9.0,8.0,-1.0,0.9737012920914807,50.9,Chicago,,,,,,,,,,,,,,,,,,,,,,False,False
60330,World Wide Fabric Inc,60330,World Wide Fabric Inc,Upholstery,2.0,0.5,1.0,11.0,9.5,-1.5,0.9580485627740003,90.8,Chicago,,,,,,,,,,,,,,,,,,,,,,False,False
60702,Flash ESales,60702,Flash ESales,Tabletop,2.0,1.0,1.0,8.0,8.0,0.0,0.9942641046552776,12.35,Niles,,,,,,,,,,,,,,,,,,,,,,False,False
63684,Sefinn Four CA 91748,62885,Easeetop LLC,APS Home Improvement,2.0,0.5,0.5,9.5,8.5,-1.0,0.9900593683411649,20.700000000000003,Chicago,,,,,,,,,,,,,,,,,,,,,,False,False
433943,GUTINNEEN_1 CA 92571(1),433803,GUTINNEEN_1,Wayfair,2.0,1.0,1.0,7.0,7.0,0.0,1.0,0.0,West Columbus,,,,,,,,,,,,,,,,,,,,,,False,False
433532,hangzhou wentong crafts furniture manufacturing co CA 91752,67813,hangzhou wentong crafts furniture manufacturing co,APS Upholstery,2.0,1.0,1.0,8.0,7.5,-0.5,0.964566163797816,80.5,Romeoville Rsf,,,,,,,,,,,,,,,,,,,,,,False,False
433582,BIFANUO TECHNOLOGY INC CA 91789,99447,BIFANUO TECHNOLOGY INC,APS Outdoor,2.0,1.0,0.5,9.0,9.0,0.0,0.9529653199247003,105.69999999999999,Northern Kentucky,,,,,,,,,,,,,,,,,,,,,,False,False
70946,Furniture of the West CA,57712,Furniture of the West,Decor,2.0,1.0,1.0,10.0,9.5,-0.5,0.9829068093392397,32.2,Chicago,,,,,,,,,,,,,,,,,,,,,,False,False
432149,"ZHONGSHAN SILJOY LIGHTING CO.,LTD CA 91761(2)",91784,"ZHONGSHAN SILJOY LIGHTING CO.,LTD",APS Home Improvement,2.0,1.0,1.0,9.5,7.0,-2.5,0.9126108499241131,181.15,Northern Kentucky,,,,,,,,,,,,,,,,,,,,,,False,False
432670,shenzhenshiyonganlaikejiyouxiangongsi CA 92376,403416,shenzhenshiyonganlaikejiyouxiangongsi,APS Housewares & More,2.0,1.0,1.0,8.0,6.5,-1.5,0.9311373077191877,120.05,Chicago,,,,,,,,,,,,,,,,,,,,,,False,False
69749,wonderland shower inc CA 91768,51794,wonderland shower inc,APS,2.0,0.5,0.5,8.0,8.5,0.5,0.9555567604217657,100.95,Chicago,,,,,,,,,,,,,,,,,,,,,,False,False
432135,"Jiaxing Taishi Technology Co., Ltd CA 92410",431889,"Jiaxing Taishi Technology Co., Ltd",APS Housewares & More,2.0,1.0,1.0,10.5,9.0,-1.5,0.9648630889847682,73.55,Greenwood,,,,,,,,,,,,,,,,,,,,,,False,False
431316,"JingRun Technology Beijing CO., LTD. CA 92571",273341,"JingRun Technology Beijing CO., LTD.",APS K&D,2.0,0.0,1.0,9.0,9.0,0.0,1.0,0.0,Greenwood Local,,,,,,,,,,,,,,,,,,,,,,False,False
431559,高信达(厦门)电子商务有限公司 CA 91730,431424,gaoxinda(xiamen)dianzishangwuyouxiangongsi,APS Bedroom,2.0,0.5,0.0,8.5,9.5,1.0,0.9931149544130087,14.65,Cincinnati,,,,,,,,,,,,,,,,,,,,,,False,False
431601,Stellweilan Tessberg LLC IL 60542,271648,Stellweilan Tessberg LLC,Storage & Org,2.0,1.0,1.0,7.0,3.0,-4.0,0.9599856942054641,78.25,Chicago,1.0,1.0,1.0,7.0,3.0,-4.0,0.701839110875893,450.7,Carol Stream,,,,,,,,,,0.0,0.0,0.0,True,False
76662,AISUNG INC CA 92337(3),67650,AISUNG INC,APS,2.0,1.0,1.0,8.0,8.0,0.0,0.97810698731839,44.1,Greenwood,,,,,,,,,,,,,,,,,,,,,,False,False
74214,Eileen Grays LLC CA 91311,37865,Eileen Grays LLC,APS Home Improvement,2.0,0.0,0.5,8.0,8.0,0.0,0.9865902472323611,26.0,Chicago,,,,,,,,,,,,,,,,,,,,,,False,False
75410,Probrico AZ 85043,47380,Pro Décor LLC,APS,2.0,1.0,1.0,9.0,7.0,-2.0,0.9479201893811295,107.8,Chicago,,,,,,,,,,,,,,,,,,,,,,False,False
430299,And Beyond Inc. CA 91730,53088,And Beyond Inc.,APS Rugs,2.0,1.0,1.0,8.5,8.5,0.0,0.9399829130726374,101.75,Lenexa,,,,,,,,,,,,,,,,,,,,,,False,False
71915,Yiwu Youlian E-Commerce Co CA 91710,66015,"Yiwu Youlian E-Commerce Co., Ltd.",APS Outdoor,2.0,1.0,0.5,10.0,11.5,1.5,0.9637400621947759,67.5,Cleveland,,,,,,,,,,,,,,,,,,,,,,False,False
72966,Royal Gourmet Corp CA 92507,27234,Royal Gourmet Corp,APS,2.0,0.0,1.0,8.5,8.5,0.0,0.9806890347768429,38.25,Chicago,,,,,,,,,,,,,,,,,,,,,,False,False
429921,运去哪 CPF_CA_US,421902,Shenzhen Shi Liqi Ke Ji You Xian Gong Si,Wayfair,2.0,1.0,0.5,9.5,7.5,-2.0,0.9881315053620741,23.4,Greenwood,,,,,,,,,,,,,,,,,,,,,,False,False
273447,德威CA,237565,Red Bud (HK) Limited,APS Home Improvement,2.0,1.0,1.0,10.0,8.0,-2.0,0.9310160885321543,154.0,Chicago,,,,,,,,,,,,,,,,,,,,,,False,False
274572,"ZHONGSHAN QIAOLA LIGHTING CO.,LTD CA 91748",274570,"ZHONGSHAN QIAOLA LIGHTING CO.,LTD",Wayfair,2.0,1.0,1.0,9.5,8.5,-1.0,0.9709023750487991,58.3,Chicago,,,,,,,,,,,,,,,,,,,,,,False,False
274923,Vintage Lighting Limited CA 91708,120155,Vintage Lighting Limited,APS Home Improvement,2.0,1.0,1.0,8.0,7.5,-0.5,0.9625981215835429,80.85,Romeoville Rsf,,,,,,,,,,,,,,,,,,,,,,False,False
274941,"Guangzhou Tuosen Import and Export Co., Ltd. CA 91730",274887,"Guangzhou Tuosen Import and Export Co., Ltd.",Wayfair,2.0,1.0,1.0,9.0,8.0,-1.0,0.9857174891537894,31.2,Niles,,,,,,,,,,,,,,,,,,,,,,False,False
310860,WPLA15.,195189,GOLD LION INTERNATIONAL LTD.,APS,2.0,1.0,1.0,8.0,7.5,-0.5,0.9722899907587091,59.05,Greenwood,,,,,,,,,,,,,,,,,,,,,,False,False
311051,Kraus CA 91761,2146,Kraus,Plumbing,2.0,1.0,1.0,7.0,7.0,0.0,0.9953358208955224,7.0,Omaha,,,,,,,,,,,,,,,,,,,,,,False,False
311285,"Shenzhen GuoMai Technology Co.,Ltd CA 92335",265360,"Shenzhen GuoMai Technology Co.,Ltd",APS,2.0,1.0,1.0,7.5,6.0,-1.5,0.8582885502939513,234.85000000000002,Billings,,,,,,,,,,,,,,,,,,,,,,False,False
310248,DDU HOUSTON INC USTX01,265358,Victory Relax Furniture LLC,APS,2.0,0.0,0.0,5.0,9.0,4.0,0.9738268835296318,42.0,Springfield,,,,,,,,,,,,,,,,,,,,,,False,False
310533,Shanghaiyiweierkejiyouxiangongsi CA 91761,306974,Shanghaiyiweierkejiyouxiangongsi,APS Home Improvement,2.0,1.0,1.0,8.0,7.5,-0.5,0.9583268936378689,96.4,Columbus,,,,,,,,,,,,,,,,,,,,,,False,False
310021,JAFFE MURPHY HOUSE INC NJ 08505,72736,JAFFE MURPHY HOUSE INC,APS,2.0,1.0,1.0,10.5,3.5,-7.0,0.9779878666681585,45.15,Greenwood,,,,,,,,,,,,,,,,,,,,,,False,False
421347,美西WPLA17,402563,MACRLET LLC,APS Decor,2.0,1.0,0.5,8.0,8.5,0.5,0.9600306365432543,74.0,Chicago,,,,,,,,,,,,,,,,,,,,,,False,False
414795,"Kunming Wuhua District Lvchenman Trading Co., Ltd CA 91761",365856,"Kunming Wuhua District Lvchenman Trading Co., Ltd",APS Housewares & More,2.0,1.0,1.0,11.5,9.0,-2.5,0.9577724204479159,81.8,New Brighton Ncpc,,,,,,,,,,,,,,,,,,,,,,False,False
82433,ASP0565- Serene Valley CA 90703,65659,Serene Valley Hardware,APS,2.0,1.0,1.0,9.5,4.0,-5.5,0.9557773570742002,90.39999999999999,Chicago,,,,,,,,,,,,,,,,,,,,,,False,False
414334,SHENZHENSHI JULIBAIBIAN KEJIYOUXIANGONGSI CA 92410,64532,SHENZHENSHI JULIBAIBIAN KEJIYOUXIANGONGSI,APS K&D,2.0,1.0,1.0,8.5,8.0,-0.5,0.9782990822946047,47.849999999999994,Columbus,,,,,,,,,,,,,,,,,,,,,,False,False
80141,SHENZHEN TIANSHUXING TECHNOLOGY CA3-92337,79674,SHENZHEN TIANSHUXING TECHNOLOGY CO LTD,APS,2.0,1.0,1.0,9.5,8.5,-1.0,0.9611456791625169,86.95,Columbus,,,,,,,,,,,,,,,,,,,,,,False,False
80468,Snail Solution Inc CA 91761,58094,Castle Rock Inc,APS,2.0,0.5,0.5,9.5,9.0,-0.5,0.9850579902154204,29.65,Chicago,,,,,,,,,,,,,,,,,,,,,,False,False
414071,Hangzhou Daya Information Technology CA 92337(3),108072,"Hangzhou Daya Information Technology Co., Ltd.",APS K&D,2.0,1.0,1.0,9.5,8.0,-1.5,0.9286246936850561,163.54999999999998,New Brighton Ncpc,,,,,,,,,,,,,,,,,,,,,,False,False
414207,SIFBY LTD CA 91730,306970,SIFBY LTD,Lighting,2.0,1.0,1.0,9.0,6.5,-2.5,0.9816711222473078,36.2,Romeoville Ncpc,,,,,,,,,,,,,,,,,,,,,,False,False
414230,TopBuy Inc CA 92337,88651,TopBuy Inc,APS Outdoor,2.0,1.0,1.0,8.5,5.5,-3.0,0.9708822549389038,59.7,Greenwood,,,,,,,,,,,,,,,,,,,,,,False,False
413711,   WPLA4-WPLA17,279736,"SHADE SYSTEMS, INC.",Casegoods,2.0,1.0,1.0,9.5,6.5,-3.0,0.9203613515600828,155.89999999999998,Chicago,,,,,,,,,,,,,,,,,,,,,,False,False
413760,WPLA4-WPLA17.,272054,Sophisticated Sips Inc,APS AEOF,2.0,1.0,1.0,7.5,6.0,-1.5,0.9909159154963136,17.15,New Brighton Ncpc,,,,,,,,,,,,,,,,,,,,,,False,False
413763,          WPLA15,272054,Sophisticated Sips Inc,APS AEOF,2.0,1.0,1.0,8.5,7.5,-1.0,0.9872991828366955,28.15,Columbus,,,,,,,,,,,,,,,,,,,,,,False,False
413838,SHENZHEN WUXIAN FURNITURE CO LTD CA 92324,367883,SHENZHEN WUXIAN FURNITURE CO LTD,APS Bedroom,2.0,1.0,0.5,8.0,8.5,0.5,0.9768820750758693,44.0,New Brighton Ncpc,,,,,,,,,,,,,,,,,,,,,,False,False
91569,VIVOSUN INC CA 91761,91242,VIVOSUN INC,APS,2.0,1.0,1.0,7.5,7.0,-0.5,0.9905705742704212,19.05,Chicago Loop,,,,,,,,,,,,,,,,,,,,,,False,False
86423,haoqingnianus inc CA 92337,77714,haoqingnianus inc,APS,2.0,1.0,1.0,9.5,8.5,-1.0,0.978167619772508,48.75,North Chicago,,,,,,,,,,,,,,,,,,,,,,False,False
86636,Godear Design CA 91789,37116,"Calendar Enterprises Co., Ltd.",APS,2.0,1.0,1.0,9.5,8.0,-1.5,0.9454588983927605,116.44999999999999,Chicago Loop,,,,,,,,,,,,,,,,,,,,,,False,False
413402,"Hangzhou Xinjie Down Products Co., LTD. CA 92376",412044,"Hangzhou Xinjie Down Products Co., LTD.",Wayfair,2.0,0.5,0.5,8.0,8.0,0.0,0.9643421995047863,81.80000000000001,Columbus,,,,,,,,,,,,,,,,,,,,,,False,False
83884,Spot Color Art CA,37133,Spot Color Art,Decor,2.0,1.0,1.0,8.5,7.5,-1.0,0.9776888723845574,44.6,Toledo,,,,,,,,,,,,,,,,,,,,,,False,False
86065,JULI LLC CA 92835,53040,JULI LLC,APS,2.0,0.5,1.0,9.5,7.5,-2.0,0.9349608715739691,143.95,Columbus,,,,,,,,,,,,,,,,,,,,,,False,False
412183,CAN1-CA 91731,208407,hunanhaoshengtongdianzishangwuyouxiangongsi,APS Housewares & More,2.0,0.5,0.0,10.5,15.5,5.0,0.9915138605407844,16.95,Chicago,,,,,,,,,,,,,,,,,,,,,,False,False
412593,"FlySoar Trade Co., Ltd CA 92337",61793,"FlySoar Trade Co., Ltd",APS Bedroom,2.0,1.0,1.0,9.0,7.0,-2.0,0.9850633294646012,29.6,Romeoville Rsf,,,,,,,,,,,,,,,,,,,,,,False,False
272377,"Zhejiang Xijia Technology Co., Ltd CA 92571",272060,"Zhejiang Xijia Technology Co., Ltd",Wayfair,2.0,1.0,1.0,7.0,7.0,0.0,0.9869248918600079,26.6,Greenwood,,,,,,,,,,,,,,,,,,,,,,False,False
313464,"ZHONGSHAN KEZI TRADING CO,.LTD CA 91761",313286,COZY N BATH MIDUCHA PHONIS INC,Wayfair,2.0,1.0,1.0,9.0,8.0,-1.0,0.9533279343745525,99.60000000000001,Chicago Loop,,,,,,,,,,,,,,,,,,,,,,False,False
313468,"Shenzhen Lehao ​​Industrial Co., Ltd. CA 92337",313462,"Shenzhen Lehao ​​Industrial Co., Ltd.",APS Bedroom,2.0,1.0,1.0,7.5,7.0,-0.5,0.993116841835735,13.45,Chicago,,,,,,,,,,,,,,,,,,,,,,False,False
277645,"VISION VORTEX CO.,LTD CA 92337(2)",72734,"VISION VORTEX CO.,LTD",APS Outdoor,2.0,0.5,1.0,7.5,7.0,-0.5,0.8520246812221891,194.05,Lenexa,,,,,,,,,,,,,,,,,,,,,,False,False
312189,Shenzhen Haiqi Technology Industrial CA 91730,231261,"Shenzhen Haiqi Technology Industrial Co.,LTD",APS Home Improvement,2.0,1.0,1.0,9.5,6.5,-3.0,0.9903193247257838,16.65,Madison,,,,,,,,,,,,,,,,,,,,,,False,False
313264,Beneouya International Trade Limited  CA 91710 ,309436,Beneouya International Trade Limited,APS Home Improvement,2.0,1.0,1.0,10.0,8.5,-1.5,0.8804604272754291,200.0,Lenexa,,,,,,,,,,,,,,,,,,,,,,False,False
275483,WPLA3-CA-91761,245288,beijingchuangheliandongkejiyouxiangongsi,Casegoods,2.0,1.0,1.0,8.5,6.5,-2.0,0.9676399063918393,67.95,Greenwood,,,,,,,,,,,,,,,,,,,,,,False,False
277640,WuYouDa-CA05 91761,63465,"Ningbo Youyuan Import and Export Co., Ltd.",APS Home Improvement,2.0,0.5,1.0,7.0,7.0,0.0,0.9295030952850636,111.05,North Kansas City Ncpc,,,,,,,,,,,,,,,,,,,,,,False,False
410679,JueQiGongYingLian(GuangDong)You XianGongSi CA 91730.,320740,JueQiGongYingLian(GuangDong)You XianGongSi,APS Upholstery,2.0,1.0,0.5,7.0,7.5,0.5,0.9892958253441596,21.35,North Milwaukee,,,,,,,,,,,,,,,,,,,,,,False,False
410864,"Jiangsu Meideni Textile CO.,LTD CA 91752",72667,"Jiangsu Meideni Textile CO.,LTD",APS Soft Home,2.0,1.0,1.0,10.0,8.5,-1.5,0.986853608988729,25.900000000000002,Chicago,,,,,,,,,,,,,,,,,,,,,,False,False
411102,HUHONGTAO NNA INC CA 91702,408549,HUHONGTAO NNA INC,Decor,2.0,1.0,1.0,8.0,6.5,-1.5,0.9886505737798527,22.6,Chicago,,,,,,,,,,,,,,,,,,,,,,False,False
411396,"Hefei Yilaike International Trade Co., Ltd. CA 91761",411307,"Hefei Yilaike International Trade Co., Ltd.",Wayfair,2.0,1.0,1.0,9.5,7.5,-2.0,0.9587038299498127,71.45,Chicago Loop,,,,,,,,,,,,,,,,,,,,,,False,False
409952,Guangzhou Hansong Household Products CA 92508,101344,Guangzhou Hansong Household Products Co Ltd,APS Decor,2.0,1.0,1.0,10.5,8.0,-2.5,0.9841351025721887,31.25,Greenwood,,,,,,,,,,,,,,,,,,,,,,False,False
409954,"Quanzhou Yuze trading Co., LTD CA 91730(3)",294744,"Quanzhou Yuze trading Co., LTD",APS Decor,2.0,1.0,1.0,8.0,7.0,-1.0,0.9602150184446405,77.05,Niles,,,,,,,,,,,,,,,,,,,,,,False,False
97681,AMERI-ZAN INC. CA 91730,64236,AMERI-ZAN INC.,Hardware,2.0,1.0,1.0,8.0,5.0,-3.0,0.9289793990092448,129.85,Olive Branch,,,,,,,,,,,,,,,,,,,,,,False,False
409433,Cusp Barn inc CA 91761,143543,Cusp Barn inc,APS Home Improvement,2.0,1.0,1.0,11.0,9.5,-1.5,0.9914080431764781,17.85,Greenwood,,,,,,,,,,,,,,,,,,,,,,False,False
409436,Charming Collections LLC CA 92316,281098,Charming Collections LLC,Outdoor Structures,2.0,0.0,0.5,8.5,9.5,1.0,0.8968100956759861,201.0,Fargo,,,,,,,,,,,,,,,,,,,,,,False,False
96192,UBRT RETAIL LLC CA 91748,91623,UBRT RETAIL LLC,Rugs,2.0,0.5,1.0,10.0,9.5,-0.5,0.9582700626577714,87.89999999999999,Greenwood,,,,,,,,,,,,,,,,,,,,,,False,False
97304,CA-NUU GARDEN CORPORATION CA92507,39276,NUU GARDEN CORPORATION,APS Outdoor,2.0,1.0,1.0,8.5,7.0,-1.5,0.9818834987743326,35.75,South Chicago,,,,,,,,,,,,,,,,,,,,,,False,False
409189,"FUZHOU HOMEBROAD ARTS & CRAFTS CO., LTD. CA 91730-4864",163523,"FUZHOU HOMEBROAD ARTS & CRAFTS CO., LTD.",APS AEOF,2.0,1.0,1.0,11.0,9.0,-2.0,0.9563515421044124,95.95,Chicago,,,,,,,,,,,,,,,,,,,,,,False,False
92073,Topower Smart Home Limited CA91766,56819,Topower Smart Home Limited,APS,2.0,1.0,1.0,9.5,9.0,-0.5,0.9829141711178067,33.3,Maple Grove,,,,,,,,,,,,,,,,,,,,,,False,False
92267,All-In furniture Inc CA 91730,81878,All-In furniture Inc,Upholstery,2.0,1.0,1.0,14.0,7.0,-7.0,0.9926239341825202,13.100000000000001,North St.Louis,,,,,,,,,,,,,,,,,,,,,,False,False
408532,URBAN NATURAL HOME INC CA 91731,335563,URBAN NATURAL HOME INC,Outdoor Furniture,2.0,1.0,1.0,11.5,8.0,-3.5,0.9809570453203914,39.85,Chicago,,,,,,,,,,,,,,,,,,,,,,False,False
409087,  WPLA4-WPLA17,190899,Mopio Inc,Casegoods,2.0,1.0,1.0,8.5,6.5,-2.0,0.9942101792978442,11.399999999999999,Chicago,,,,,,,,,,,,,,,,,,,,,,False,False
407878,Eileen Grays LLC CA 92324,37865,Eileen Grays LLC,APS Home Improvement,2.0,1.0,1.0,8.0,6.5,-1.5,0.938506911359421,127.25,South Chicago,,,,,,,,,,,,,,,,,,,,,,False,False
98585,Negotium Est Bombus Inc CA 91746,76813,Negotium Est Bombus Inc,APS,2.0,1.0,1.0,9.0,7.0,-2.0,0.976736304414457,51.65,Romeoville Rsf,,,,,,,,,,,,,,,,,,,,,,False,False
100635,A&T artwork inc. CA 91709,99509,A&T artwork inc.,Decor,2.0,1.0,0.5,9.5,9.0,-0.5,0.9260414082115997,121.55,Rosemount,,,,,,,,,,,,,,,,,,,,,,False,False
406976,ZHONGSHAN SHITIANYU DENGSHI YOUXIANGONGSI CA 90670,81517,ZHONGSHAN SHITIANYU DENGSHI YOUXIANGONGSI,APS Home Improvement,2.0,1.0,1.0,8.0,6.5,-1.5,0.9694926652037601,60.75,Chicago,,,,,,,,,,,,,,,,,,,,,,False,False
407005,Hangzhouxiangjukejiyouxiangongsi CA 92571,266444,Hangzhouxiangjukejiyouxiangongsi,APS AEOF,2.0,1.0,1.0,10.5,7.0,-3.5,0.9559982917722756,84.35000000000001,Chicago,,,,,,,,,,,,,,,,,,,,,,False,False
406546,hangzhoumeisengoukejiyouxiangongsi CA 92316,341337,hangzhoumeisengoukejiyouxiangongsi,APS Bedroom,2.0,1.0,1.0,11.0,7.5,-3.5,0.9320275361808037,143.75,Greenwood,,,,,,,,,,,,,,,,,,,,,,False,False
406814,"Shanxi anda heli anzhuang co.,ltd CA 92337",100824,"Shanxi anda heli anzhuang co.,ltd",APS AEOF,2.0,0.0,0.5,9.0,9.5,0.5,0.9712663057248614,59.05,Chicago Loop,,,,,,,,,,,,,,,,,,,,,,False,False
108991,Ningbo NSC FOREIGN TRADE & SERVICE CO CA 91730,99467,"Ningbo NSC FOREIGN TRADE & SERVICE CO., LTD.",APS,2.0,0.0,1.0,8.5,7.0,-1.5,0.9475013747566434,99.95,New Brighton Ncpc,,,,,,,,,,,,,,,,,,,,,,False,False
110058,ROSECRANS WICKE LLC CA 91748,109133,ROSECRANS WICKE LLC,APS Mattresses,2.0,1.0,1.0,10.5,8.0,-2.5,0.9743003715019456,47.5,Cedar Rapids,,,,,,,,,,,,,,,,,,,,,,False,False
110582,BLUE FISH PLUMBING SUPPLY INC. CA,64593,PURELY HOME LIMITED,APS,2.0,1.0,1.0,8.0,7.0,-1.0,0.9318900529231924,108.85,Lenexa,,,,,,,,,,,,,,,,,,,,,,False,False
316560,Suzhou Yuanrun Trading Co. CA 92337 (3),302479,Suzhou Yuanrun Trading Co.,APS K&D,2.0,1.0,1.0,8.0,7.5,-0.5,0.960895921813289,87.1,Romeoville Rsf,,,,,,,,,,,,,,,,,,,,,,False,False
316904,"Ningbo Wending Electronic Technology Co., CA 92337",251120,"Ningbo Wending Electronic Technology Co., Ltd.",APS,2.0,1.0,1.0,8.5,8.0,-0.5,0.9731981183671172,60.2,East Columbus,,,,,,,,,,,,,,,,,,,,,,False,False
317145,Goldian Home LLC CA 91762,54123,Goldian Home LLC,APS Home Improvement,2.0,0.5,1.0,10.0,9.5,-0.5,0.979260098861366,41.9,Greenwood,,,,,,,,,,,,,,,,,,,,,,False,False
315477,Nanjing Xiangmeng Dianzishangwu CA 91752,105714,Nanjing Xiangmeng Dianzishangwu Youxiangongsi,APS,2.0,0.5,0.5,9.0,10.0,1.0,0.9493238982724206,119.39999999999999,Columbus,,,,,,,,,,,,,,,,,,,,,,False,False
273160,Shenzhen Siweilai Dianzishangwu Co Ltd CA 91752,214715,Shenzhen Siweilai Dianzishangwu Co Ltd,APS Youth,2.0,1.0,0.5,8.0,6.5,-1.5,0.9486566514466868,101.60000000000001,Dayton,,,,,,,,,,,,,,,,,,,,,,False,False
272655,DP-CA1,207606,"QUANZHOU SIKE TRADE CO.,LTD",APS,2.0,1.0,1.0,9.0,8.5,-0.5,0.9864048272806563,28.799999999999997,North  Indianapolis,,,,,,,,,,,,,,,,,,,,,,False,False
272744,CHIHIROS INC CA6,83379,JANSPORT MUCY TRADING INC,APS Mattresses,2.0,0.0,0.5,7.5,8.0,0.5,0.9598453482262623,80.64999999999999,Northern Kentucky,,,,,,,,,,,,,,,,,,,,,,False,False
272895,PONY-LA2,107044,"Suzhou Yiyong Trading Co., Ltd.",APS Youth,2.0,0.0,1.0,10.0,10.0,0.0,0.942902182301324,117.80000000000001,Maple Grove,,,,,,,,,,,,,,,,,,,,,,False,False
108477,Vizzo Inc. CA 91766,104259,Vizzo Inc.,Outdoor Furniture,2.0,1.0,1.0,9.5,8.5,-1.0,0.9719130274998122,59.1,Chicago Loop,,,,,,,,,,,,,,,,,,,,,,False,False
405365,Carefree Home LLC. CA 91761,63303,Carefree Home LLC.,APS Outdoor,2.0,1.0,1.0,8.5,6.5,-2.0,0.9718892790931309,62.35,Hammond,,,,,,,,,,,,,,,,,,,,,,False,False
405555,foshanshiboyimaoyiyouxiangongsi CA 91761,104722,foshanshiboyimaoyiyouxiangongsi,APS Other,2.0,1.0,1.0,11.0,8.0,-3.0,0.9675215356358322,70.35,Cedar Rapids,,,,,,,,,,,,,,,,,,,,,,False,False
403928,KERCEDES FURNITURE INC CA 92618,402659,KERCEDES FURNITURE INC,APS K&D,2.0,1.0,1.0,10.0,10.0,0.0,0.9886340169412384,25.15,North Cincinnati,,,,,,,,,,,,,,,,,,,,,,False,False
404081,Shanghai ShangQuan WuLiu Co.Ltd CA 92335,68010,Shanghai ShangQuan WuLiu Co.Ltd,APS Outdoor,2.0,1.0,1.0,9.0,8.0,-1.0,0.9508167397241503,108.0,Greenwood,,,,,,,,,,,,,,,,,,,,,,False,False
404282,COPE-W-001-AUK,115530,ShenZhenshi YIWEN SHANGMAOYOUXIANGONGSI,APS K&D,2.0,1.0,1.0,11.5,6.5,-5.0,0.9813468316246927,38.25,Oak Park,,,,,,,,,,,,,,,,,,,,,,False,False
116704,TULUCE CA 91730,116497,TULUCE,APS Home Improvement,2.0,0.0,0.5,10.0,11.0,1.0,0.9423406660941571,118.65,Chicago,,,,,,,,,,,,,,,,,,,,,,False,False
111908,C A Marketing Inc. CA 92507,24844,C A Marketing Inc.,Appliances,2.0,1.0,1.0,8.0,5.5,-2.5,0.9858386205985956,27.05,Chicago,,,,,,,,,,,,,,,,,,,,,,False,False
403047,"Shanghai Shenwei Plastic Product Co.,Ltd CA 95304",298687,"Shanghai Shenwei Plastic Product Co.,Ltd",APS Housewares & More,2.0,1.0,1.0,7.0,6.5,-0.5,0.988145310471388,24.7,East Louisville,,,,,,,,,,,,,,,,,,,,,,False,False
401955,"Crafted Palm, LLC CA 91768",342780,"Crafted Palm, LLC",Casegoods,2.0,1.0,1.0,10.0,8.5,-1.5,0.9821989522391987,36.949999999999996,Greenwood,,,,,,,,,,,,,,,,,,,,,,False,False
401962,泉州市众之恒贸易有限公司 CA 90040,401958,"Quanzhou Zhongzhiheng Trading Co., Ltd",Wayfair,2.0,0.5,0.5,9.0,9.5,0.5,0.9145824613589628,161.55,Chicago,,,,,,,,,,,,,,,,,,,,,,False,False
121892,QuanzhouGuanyuElectronicCommerceCoLtd CA 91710(2),98170,Quanzhou Guanyu Electronic Commerce Co Ltd,APS Decor,2.0,0.5,1.0,10.5,8.0,-2.5,0.9458874470284864,116.10000000000001,Columbus,,,,,,,,,,,,,,,,,,,,,,False,False
401276,Anji Junmei Furniture Partnership CA 91730,108449,Anji Junmei Furniture Partnership,APS Upholstery,2.0,1.0,1.0,12.0,9.0,-3.0,0.9797187942545014,40.1,Romeoville Ncpc,,,,,,,,,,,,,,,,,,,,,,False,False
119958,Nova CA 91761,1811,Nova,Lighting,2.0,1.0,1.0,9.5,9.0,-0.5,0.9795196768910768,35.4,Chicago,,,,,,,,,,,,,,,,,,,,,,False,False
120463,TMS CA 90670,1931,TMS,Casegoods,2.0,0.0,1.0,9.5,9.5,0.0,0.9591192396059012,86.65,Greenwood,,,,,,,,,,,,,,,,,,,,,,False,False
121314,XIN SHENG LONG BUSINESS TECHNOLOGY CO LTD CA 91730,114010,"XIN SHENG LONG BUSINESS TECHNOLOGY CO., LTD",APS Youth,2.0,0.5,0.5,10.0,8.5,-1.5,0.9795266878194182,40.5,Romeoville Ncpc,,,,,,,,,,,,,,,,,,,,,,False,False
400033,"Shenzhen Jiahengxin Technology Co., Ltd. CA 91745",125143,"HONG KONG LANCAI TECHNOLOGY CO., LIMITED",APS Home Improvement,2.0,1.0,1.0,9.0,7.5,-1.5,0.9205432750899811,173.3,Mccook,,,,,,,,,,,,,,,,,,,,,,False,False
400655,"Changsha Yuefeng Zhisheng E-commerce Co., Ltd CA 90220",314245,"Changsha Yuefeng Zhisheng Technical Service Co., Ltd.",APS Youth,2.0,1.0,0.5,9.0,9.5,0.5,0.9583516113319368,98.6,Columbus,,,,,,,,,,,,,,,,,,,,,,False,False
400825,shen zhen shi wei da cheng gang cai you xian gong si LA 70518,369173,shen zhen shi wei da cheng gang cai you xian gong si,Wayfair,2.0,1.0,1.0,17.0,10.0,-7.0,0.9946221341636003,11.4,Chicago,,,,,,,,,,,,,,,,,,,,,,False,False
401171,Leafy Bliss Inc CA 92324,288156,Leafy Bliss Inc,APS Upholstery,2.0,1.0,1.0,9.5,8.5,-1.0,0.9641666381900942,73.65,North St.Louis,,,,,,,,,,2.0,0.0,0.5,8.0,10.0,2.0,0.7708753991331297,515.55,Hagerstown,,,,False,True
376125,大方广-CA-ONT1,363958,"Shenzhen Yuanshen Import & Export Co., Ltd.",APS AEOF,2.0,1.0,1.0,10.5,10.0,-0.5,0.9096543386853724,194.2,Greenwood,,,,,,,,,,,,,,,,,,,,,,False,False
399506,MBT CREATIVE INC CA 91761 (5),294952,MBT CREATIVE INC,Outdoor Furniture,2.0,1.0,1.0,10.0,7.0,-3.0,0.9961308628175917,9.0,Cleveland,,,,,,,,,,,,,,,,,,,,,,False,False
399692,hangzhoukuajingyiwangluokejiyouxiangongsi CA 92867,287864,hangzhoukuajingyiwangluokejiyouxiangongsi,APS Home Improvement,2.0,1.0,1.0,10.0,7.5,-2.5,0.9138941228006003,165.89999999999998,Champaign,,,,,,,,,,,,,,,,,,,,,,False,False
375978,huozhoushi leyikeji youxiangongsi CA 91761,94795,huozhoushi leyikeji youxiangongsi,APS Youth,2.0,1.0,1.0,8.5,8.0,-0.5,0.9670684095769071,63.75,Chicago,,,,,,,,,,,,,,,,,,,,,,False,False
269072,HM COPE_LSJ7 CA 92337,240005,Tianjin heman kejiyouxiangongsi,APS Bedroom,2.0,1.0,0.5,8.0,7.5,-0.5,0.9602116747845513,81.5,Chicago,,,,,,,,,,,,,,,,,,,,,,False,False
319225,shen zhen shi zhuo er da mao yi you CA 91761(3),120514,shen zhen shi zhuo er da mao yi you xian gong si,APS,2.0,1.0,0.5,7.5,8.0,0.5,0.9772305331413149,46.150000000000006,Chicago,,,,,,,,,,,,,,,,,,,,,,False,False
319627,"Captivate Brands USA, Inc. CA 91710(2)",99717,"Captivate Brands USA, Inc.",Grills,2.0,1.0,1.0,9.0,7.0,-2.0,0.9901687915245106,21.9,West Columbus,,,,,,,,,,,,,,,,,,,,,,False,False
319913,IBF (XIAMEN) SUPPLY CHAIN MANAGEMENT CO CA 92571,64057,"IBF (XIAMEN) SUPPLY CHAIN MANAGEMENT CO.,LTD.",APS,2.0,1.0,1.0,7.5,6.5,-1.0,0.9958074515407248,7.75,Chicago Loop,,,,,,,,,,,,,,,,,,,,,,False,False
318210,"Zhongshan Pashengte E-Commerce Co., Ltd. CA 91762",121578,"Zhongshan Pashengte E-Commerce Co., Ltd.",APS Home Improvement,2.0,1.0,1.0,9.0,7.5,-1.5,0.9603657579403859,79.6,Chicago,,,,,,,,,,,,,,,,,,,,,,False,False
318495,Curtain King INC CA 90670 ,67825,Curtain King INC,APS,2.0,0.0,1.0,8.5,8.5,0.0,0.9689756002161312,61.099999999999994,Chicago,,,,,,,,,,,,,,,,,,,,,,False,False
318611,Bindel Home Inc CA 91730 ,206735,Bindel Home Inc,APS,2.0,1.0,0.5,9.0,9.5,0.5,0.991763953962095,15.25,North Canton,,,,,,,,,,,,,,,,,,,,,,False,False
317522,Nova California CA 90220,1811,Nova,Lighting,2.0,1.0,1.0,8.0,8.0,0.0,0.9963865509187856,8.2,Detroit,,,,,,,,,,,,,,,,,,,,,,False,False
317613,Wellfor Group Inc CA 91010 ,294041,Wellfor Group Inc,Plumbing,2.0,1.0,1.0,8.0,7.0,-1.0,0.9765490916303139,49.8,Romeoville Rsf,,,,,,,,,,,,,,,,,,,,,,False,False
133855,D A290 CA01,69725,"HANGZHOU DUVET TEXTILE CO., LTD.",APS Mattresses,2.0,0.0,1.0,7.0,7.0,0.0,0.9847934053027558,29.299999999999997,New Brighton Ncpc,,,,,,,,,,,,,,,,,,,,,,False,False
134927,Audio-Visual Direct CA,28424,Audio-Visual Direct,Casegoods,2.0,1.0,1.0,8.0,6.5,-1.5,0.961450820101984,82.6,Chicago Loop,,,,,,,,,,,,,,,,,,,,,,False,False
375031,"Hangzhou Ruiwei Intelligent Home Technology Co., Ltd. CA 91730",337122,"Hangzhou Ruiwei Intelligent Home Technology Co., Ltd.",APS Upholstery,2.0,1.0,1.0,6.0,5.0,-1.0,0.725782868283173,450.1,Billings,,,,,,,,,,,,,,,,,,,,,,False,False
126838,"Jiangsu Meideni Textile CO.,LTD CA 91706",72667,"Jiangsu Meideni Textile CO.,LTD",APS,2.0,1.0,1.0,9.0,7.0,-2.0,0.9938911031745727,11.600000000000001,Chicago Loop,,,,,,,,,,,,,,,,,,,,,,False,False
127109,XCH GROUP INC. CA 91702,62082,XCH GROUP INC.,APS,2.0,1.0,1.0,12.0,10.5,-1.5,0.9459591749455782,116.94999999999999,Toledo,,,,,,,,,,,,,,,,,,,,,,False,False
127611,Shenzhen Zhichen Trading Co. LTD. CA 90201,59517,Shenzhen Zhichen Trading Co. LTD.,APS K&D,2.0,1.0,1.0,6.0,6.0,0.0,0.9169380670519005,152.2,Kokomo,,,,,,,,,,,,,,,,,,,,,,False,False
374720,TwentyTwo INC CA 91746,342537,TwentyTwo INC,APS Home Improvement,2.0,1.0,1.0,16.0,5.5,-10.5,0.9769118375975985,44.05,Champaign,,,,,,,,,,,,,,,,,,,,,,False,False
374773,qingdaojiaixinwangbangmaoyiyouxiangongsi_1 CA 91766,341200,qingdaojiaixinwangbangmaoyiyouxiangongsi_1,APS Decor,2.0,1.0,1.0,9.0,8.0,-1.0,0.9724716029032017,52.9,Chicago,,,,,,,,,,,,,,,,,,,,,,False,False
148084,Wuxihongseyingdidianzishangwuyouxiangongs CA 91730,147458,Wuxihongseyingdidianzishangwuyouxiangongs,APS Outdoor,2.0,1.0,1.0,8.0,7.0,-1.0,0.9365339452367153,122.85,Chicago,,,,,,,,,,,,,,,,,,,,,,False,False
374029,HONG KONG SUXIANG TECHNOLOGY LIMITED CA 91768,370112,HONG KONG SUXIANG TECHNOLOGY LIMITED,Wayfair,2.0,1.0,1.0,14.0,8.0,-6.0,0.9879716069375765,25.450000000000003,Chicago Loop,,,,,,,,,,,,,,,,,,,,,,False,False
143591,Sams Pets CA 92570,63415,Sams Pets,Pet,2.0,1.0,0.0,9.0,10.0,1.0,0.9774639269872023,44.2,Chicago,,,,,,,,,,,,,,,,,,,,,,False,False
148069,LAZYTIME HOME DECOR INC CA 92841,108069,LAZYTIME HOME DECOR INC,Lighting,2.0,1.0,1.0,7.5,6.5,-1.0,0.9884657921771347,22.65,Chicago Loop,,,,,,,,,,,,,,,,,,,,,,False,False
139383,Anji Xuanxian Commercial and Trading Co CA 91761,91619,"Anji Xuanxian Commercial and Trading Co.,Ltd",APS,2.0,1.0,1.0,8.0,7.5,-0.5,0.9873405234685174,25.0,Romeoville Rsf,,,,,,,,,,,,,,,,,,,,,,False,False
372794,foshanshitianyaojinchukoumaoyiyouxiangongsi CA 91752,357706,foshanshitianyaojinchukoumaoyiyouxiangongsi,APS AEOF,2.0,1.0,1.0,10.5,9.0,-1.5,0.9186008065262368,134.15,North St.Louis,,,,,,,,,,,,,,,,,,,,,,False,False
372804,"Xuzhou Abosi Network Technology Co., Ltd CA 91752",354350,"Xuzhou Abosi Network Technology Co., Ltd",APS Decor,2.0,1.0,1.0,11.0,9.0,-2.0,0.9351608737980686,126.75,Columbus,,,,,,,,,,,,,,,,,,,,,,False,False
371669,JTJ INTERNATIONAL INC. CA 91761(3),104462,JTJ INTERNATIONAL INC.,APS AEOF,2.0,1.0,1.0,9.5,7.5,-2.0,0.9630062603533436,76.25,Greenwood,,,,,,,,,,,,,,,,,,,,,,False,False
372255,"zhejiang pioneer metal products co.,ltd CA 91761",353683,"zhejiang pioneer metal products co.,ltd",APS Home Improvement,2.0,1.0,1.0,10.0,8.5,-1.5,0.9424144242642885,120.35000000000001,Romeoville Rsf,,,,,,,,,,,,,,,,,,,,,,False,False
371104,"Wallabaga, LLC CA 90021",369913,"Wallabaga, LLC",Wayfair,2.0,1.0,1.0,8.0,7.0,-1.0,0.9452672428586674,101.3,Olive Branch,,,,,,,,,,,,,,,,,,,,,,False,False
371134,LLYTech Inc. CA 93725,10909,LLYTech Inc.,APS SEA,2.0,1.0,1.0,9.0,9.0,0.0,0.9330412862467514,133.35,Columbus,,,,,,,,,,,,,,,,,,,,,,False,False
371179,Rug Tycoon CA 92154,27167,Rug Tycoon,Rugs,2.0,1.0,1.0,18.0,11.0,-7.0,0.9461123134403604,111.95,Greenwood,,,,,,,,,,,,,,,,,,,,,,False,False
370225,"Shenzhen Litian Technology Co., Ltd CA 91752",254999,"Shenzhen Litian Technology Co., Ltd",APS Home Improvement,2.0,1.0,0.5,8.5,9.0,0.5,0.9634618453283094,77.0,Greenwood,,,,,,,,,,,,,,,,,,,,,,False,False
153498,LG-CAP2,147876,ningbotanluzheguojimaoyiyouxiangongsi,APS Outdoor,2.0,1.0,0.5,6.0,6.5,0.5,0.9624464075563417,65.25,Rapid City,,,,,,,,,,,,,,,,,,,,,,False,False
154469,KY Fashion Inc. CA 91750,148771,KY Fashion Inc.,Soft Home,2.0,1.0,1.0,9.0,9.0,0.0,0.960347888496873,78.55,Fargo,,,,,,,,,,,,,,,,,,,,,,False,False
370076,GLERUS LTD CA 92337(2),276785,GLERUS LTD,Casegoods,2.0,1.0,1.0,7.5,7.0,-0.5,0.9972819372374598,5.5,Greenwood,,,,,,,,,,,,,,,,,,,,,,False,False
370086,"Putian Momin Trading Co., Ltd. CA 91762",313437,HONG KONG GDAKE LIMITED,APS Rugs,2.0,1.0,1.0,8.0,6.0,-2.0,0.9782747826134914,36.2,Chicago,,,,,,,,,,,,,,,,,,,,,,False,False
266636,SalonDepot Inc CA 91761,266278,SalonDepot Inc,Wayfair,2.0,0.5,0.5,11.0,11.0,0.0,0.9846428789362645,29.05,Maple Grove,,,,,,,,,,,,,,,,,,,,,,False,False
266919,M-CA-2,221756,Ning Bo Hao Mi Xin Xi Ke Ji You Xian Gong Si,APS,2.0,0.5,1.0,9.0,7.5,-1.5,0.941658896044191,118.05000000000001,Romeoville Ncpc,,,,,,,,,,,,,,,,,,,,,,False,False
267353,Gold Ruipu Trading Co CA 91733,267350,Gold Ruipu Trading Co,Wayfair,2.0,1.0,1.0,8.0,7.0,-1.0,0.9954781220907035,10.2,Des Moines,,,,,,,,,,,,,,,,,,,,,,False,False
267370,YULONGGE Inc CA 91761,83935,YULONGGE Inc,APS,2.0,1.0,0.5,10.0,10.0,0.0,0.9825698168312662,30.450000000000003,Jefferson City,,,,,,,,,,,,,,,,,,,,,,False,False
267552,"Li Lux Co., Ltd. CA 91789",267538,"Li Lux Co., Ltd.",APS AEOF,2.0,1.0,1.0,8.5,7.5,-1.0,0.9583416770583928,93.3,Chicago Loop,,,,,,,,,,,,,,,,,,,,,,False,False
320720,"Foshan Reqiqiu E-commerce Co., Ltd CA 90638",163515,"Foshan Reqiqiu E-commerce Co., Ltd",APS,2.0,1.0,1.0,8.5,7.0,-1.5,0.9814965109043726,37.45,Chicago,,,,,,,,,,,,,,,,,,,,,,False,False
321007,Ningbo Yinyi Wangluo Keji Youxiangongsi CA 92337,79204,Ningbo Yinyi Wangluo Keji Youxiangongsi,APS,2.0,1.0,1.0,9.5,8.5,-1.0,0.9596542457960564,90.5,Escanaba,,,,,,,,,,,,,,,,,,,,,,False,False
266294,"Gladstone Fulfillment, Inc.",111953,"KING CHUNE INDUSTRIAL CO., LTD.",APS,2.0,1.0,1.0,9.0,6.0,-3.0,0.9696730608018147,61.5,North Milwaukee,,,,,,,,,,,,,,,,,,,,,,False,False
320075,HESUNG INNOVATION LIMITED_1 CA 91761,317077,DREO TECH LIMITED,Wayfair,2.0,0.5,1.0,9.5,8.0,-1.5,0.9733870679102145,53.95,Chicago,,,,,,,,,,,,,,,,,,,,,,False,False
320215,"Yueqing Ralyeah Hardware Co.,Ltd CA",75392,"Yueqing Ralyeah Hardware Co.,Ltd",APS,2.0,1.0,1.0,8.0,8.0,0.0,0.9594848545040713,92.8,Columbus,,,,,,,,,,,,,,,,,,,,,,False,False
320576,Nanping Jianyang District Shanye Laity CA 92337,207644,Nanping Jianyang District Shanye Laity Tea Co. LTD,APS Home Improvement,2.0,1.0,1.0,9.5,9.0,-0.5,0.9822608505613266,34.8,Romeoville Rsf,,,,,,,,,,,,,,,,,,,,,,False,False
270461,DL FOREVER COMPANY CA 91730(2),216403,DL FOREVER COMPANY,Casegoods,2.0,1.0,1.0,9.0,8.0,-1.0,0.9888193317032006,21.4,Chicago,,,,,,,,,,,,,,,,,,,,,,False,False
270491,TGC - USA 1 - IRWINDALE (CA),190588,The Gears Clock Inc.,Decor,2.0,1.0,1.0,10.0,8.0,-2.0,0.9928651360503618,14.35,Indianapolis,,,,,,,,,,,,,,,,,,,,,,False,False
270494,Hangzhou Pentagon Import & Export CA 91761,214567,"Hangzhou Pentagon Import & Export Co., Ltd.",APS,2.0,1.0,1.0,10.0,7.5,-2.5,0.91449114803021,187.70000000000002,Columbus,,,,,,,,,,,,,,,,,,,,,,False,False
270751,TANYA DECOR INC CA 91730,270365,TANYA DECOR INC,Wayfair,2.0,1.0,1.0,8.5,8.0,-0.5,0.9935737642759355,11.55,Chicago Loop,,,,,,,,,,,,,,,,,,,,,,False,False
151178,"Ningbo Zhiyou E-Commerce Co., Ltd CA 91752",142703,"Ningbo Zhiyou E-Commerce Co., Ltd",APS,2.0,1.0,0.5,8.5,8.5,0.0,0.9835136317435511,34.9,Fargo,,,,,,,,,,,,,,,,,,,,,,False,False
369412,"Xuzhou Abosi Network Technology Co., Ltd CA 92570",354350,"Xuzhou Abosi Network Technology Co., Ltd",APS Decor,2.0,1.0,1.0,11.0,7.0,-4.0,0.9834053153777554,35.0,Maple Grove,,,,,,,,,,,,,,,,,,,,,,False,False
369829,Tru GadgetGear Inc CA 91730 (3),295433,Tru GadgetGear Inc,Lighting,2.0,0.5,0.5,11.5,8.5,-3.0,0.9897890367805366,19.799999999999997,Chicago,,,,,,,,,,,,,,,,,,,,,,False,False
370065,LD-运去哪-CA-CPF,313528,"Maizhe Intemnational Trade Co., Limited",APS AEOF,2.0,1.0,1.0,10.0,6.5,-3.5,0.9688346595113606,66.75,Greenwood,,,,,,,,,,,,,,,,,,,,,,False,False
368459,洛杉矶-环美星途-CA3,271328,"Changzhou Dizeng E-commerce Co., LTD",APS Bedroom,2.0,1.0,1.0,9.0,8.0,-1.0,0.9786572723693554,46.8,North St.Louis,,,,,,,,,,,,,,,,,,,,,,False,False
369227,"DECORATIVE ARTS, INC CA 94545",277295,"DECORATIVE ARTS, INC",Upholstery,2.0,1.0,1.0,11.5,8.5,-3.0,0.9483452216014612,120.6,Champaign,,,,,,,,,,,,,,,,,,,,,,False,False
158006,Jamesdar CA 91752,34783,Jamesdar,Casegoods,2.0,0.5,0.5,8.0,8.5,0.5,0.9754155389561145,54.45,Chicago,,,,,,,,,,,,,,,,,,,,,,False,False
163546,Hangzhou Daya Information Technology CA 91762,108072,"Hangzhou Daya Information Technology Co., Ltd.",APS K&D,2.0,1.0,1.0,9.0,7.5,-1.5,0.9914238603166878,16.8,Columbus,,,,,,,,,,,,,,,,,,,,,,False,False
172476,Forclover International LLC CA 92337,63078,Forclover International LLC,APS Youth,2.0,1.0,1.0,8.5,7.0,-1.5,0.9536702977389155,90.65,Chicago,,,,,,,,,,,,,,,,,,,,,,False,False
155761,Kittrich CA,5479,Kittrich,Storage & Org - Frequency,2.0,1.0,1.0,10.0,9.0,-1.0,0.9902014698002388,19.6,Mccook,,,,,,,,,,,,,,,,,,,,,,False,False
156411,"Taizhou Boxiao Network Technology Co., Lt CA 91730",131844,"Taizhou Boxiao Network Technology Co., Ltd.",APS,2.0,1.0,0.5,10.0,8.0,-2.0,0.995634780322044,9.399999999999999,South Dayton,,,,,,,,,,,,,,,,,,,,,,False,False
367807,RIDGEPOLE BUSSINESS INC CA 91761,343379,RIDGEPOLE BUSSINESS INC,APS Home Improvement,2.0,1.0,1.0,9.5,9.0,-0.5,0.8739731580014495,194.8,North Kansas City Ncpc,,,,,,,,,,,,,,,,,,,,,,False,False
368026,Silverton Partners LLC CA 91761,354157,Silverton Partners LLC,Upholstery,2.0,1.0,1.0,8.0,7.0,-1.0,0.9696477211884502,57.05,Ottumwa,,,,,,,,,,,,,,,,,,,,,,False,False
368244,"Beijing Baobeimi Technology Co., Ltd CA 92337",105709,"Beijing Baobeimi Technology Co., Ltd",Casegoods,2.0,1.0,1.0,10.0,7.0,-3.0,0.9471750156241714,103.85000000000001,Chicago Loop,,,,,,,,,,,,,,,,,,,,,,False,False
154675,Modket Inc CA 91733,86770,Modket Inc,Hardware,2.0,1.0,1.0,9.5,7.5,-2.0,0.995765111033984,8.5,Chicago Loop,,,,,,,,,,,,,,,,,,,,,,False,False
366503,QingDaoPianKeZhiQianKeJiYouXianGongSi CA 92336,304357,QingDaoPianKeZhiQianKeJiYouXianGongSi,APS Youth,2.0,0.5,1.0,9.5,8.0,-1.5,0.9843525067523926,32.0,Chicago,,,,,,,,,,,,,,,,,,,,,,False,False
366872,LD-运去哪-美西-RWT,313528,"Maizhe Intemnational Trade Co., Limited",APS AEOF,2.0,1.0,1.0,10.0,9.0,-1.0,0.9593051352668757,81.2,New Brighton Ncpc,,,,,,,,,,,,,,,,,,,,,,False,False
324180,Dongguanshi Yaxin Dianzi Keji CA 92337,85042,Dongguanshi Yaxin Dianzi Keji Youxiangongsi,APS Home Improvement,2.0,1.0,1.0,10.5,8.0,-2.5,0.987521724285043,24.65,Chicago,,,,,,,,,,,,,,,,,,,,,,False,False
324269,CANVASPATH INC CA 91708,324268,CANVASPATH INC,Wayfair,2.0,1.0,1.0,7.0,6.0,-1.0,0.9415519511189011,115.7,Chicago Loop,,,,,,,,,,,,,,,,,,,,,,False,False
253505,General Sherman International Inc. CA92337(3),49636,General Sherman International Inc.,APS,2.0,1.0,1.0,9.5,8.0,-1.5,0.9489746645670519,116.89999999999999,Columbus,,,,,,,,,,,,,,,,,,,,,,False,False
323793,Beacon Dwelling Ltd CA 91761 ,303022,Beacon Dwelling Ltd,APS Upholstery,2.0,0.5,0.5,9.0,9.0,0.0,0.9550391200972139,76.3,Cedar Rapids,,,,,,,,,,,,,,,,,,,,,,False,False
323955,GIROMET CO CA 91752,291403,GIROMET CO,Casegoods,2.0,1.0,0.5,7.0,7.5,0.5,0.9924124691798606,14.75,Romeoville Rsf,,,,,,,,,,,,,,,,,,,,,,False,False
324088,aifei(shanghai)kejiyouxiangongsi CA 91761,232557,aifei(shanghai)kejiyouxiangongsi,APS K&D,2.0,1.0,1.0,8.5,6.5,-2.0,0.9476344505381866,114.8,Chicago,,,,,,,,,,,,,,,,,,,,,,False,False
321924,Samtons Lighting CA 91762,50194,Samtons Lighting,APS Home Improvement,2.0,1.0,1.0,7.5,6.0,-1.5,0.9579589422555141,70.0,Cedar Rapids,,,,,,,,,,,,,,,,,,,,,,False,False
322379,"Sleemon-Xilinmen Furniture co.,Ltd CA 91752",88620,"Sleemon-Xilinmen Furniture co.,Ltd",APS,2.0,1.0,1.0,9.0,8.5,-0.5,0.9909349283870863,19.3,North  Indianapolis,,,,,,,,,,,,,,,,,,,,,,False,False
267930,  WPLA4-WPLA17.,267929,fuzhoulongshengruiyumaoyiyouxianggongsi,Wayfair,2.0,0.5,1.0,7.5,7.0,-0.5,0.9590254429050451,78.25,New Brighton Ncpc,,,,,,,,,,,,,,,,,,,,,,False,False
268016,Sleemon-XilinmenFurnitureco. LA02 CA 91761,88620,"Sleemon-Xilinmen Furniture co.,Ltd",APS,2.0,1.0,1.0,9.5,8.5,-1.0,0.9860447336739115,25.6,Greenwood,,,,,,,,,,,,,,,,,,,,,,False,False
268280,Golden Just Co. CA 91761(2),67410,Golden Just Co.,APS,2.0,1.0,1.0,7.0,7.0,0.0,0.9036764605554715,176.6,Champaign,,,,,,,,,,,,,,,,,,,,,,False,False
268287,FreshSa LLC CA 91761,91462,FreshSa,Plumbing,2.0,1.0,1.0,10.5,8.5,-2.0,0.986342567893169,27.1,Chicago,,,,,,,,,,,,,,,,,,,,,,False,False
176018,Shenzhenshi Sumaer Shangmaoyouxiangongsi CA 91710,173932,Shenzhenshi Sumaer Shangmaoyouxiangongsi,APS Home Improvement,2.0,1.0,1.0,8.5,7.5,-1.0,0.991803469754027,16.25,Chicago,,,,,,,,,,,,,,,,,,,,,,False,False
183043,Ningbo Aobang CA 91766,67181,Ningbo Aobang,Casegoods,2.0,1.0,1.0,11.5,8.0,-3.5,0.9486201015640446,99.8,Fargo,,,,,,,,,,,,,,,,,,,,,,False,False
174385,V-Shangs CA 92336,57965,V-Shangs,APS,2.0,1.0,1.0,10.0,10.0,0.0,0.9148960654666018,204.15,Chicago,,,,,,,,,,,,,,,,,,,,,,False,False
174433,SHENZHENSHI JULIBAIBIAN KEJIYOUXIANGONGSI CA 90201,64532,SHENZHENSHI JULIBAIBIAN KEJIYOUXIANGONGSI,APS,2.0,0.5,0.5,9.0,9.0,0.0,0.9850374442927567,28.549999999999997,Escanaba,,,,,,,,,,,,,,,,,,,,,,False,False
174755,   DJCA7,103159,shenzhenshi hongmu jinchukoumaoyi youxiangongsi,APS,2.0,0.5,1.0,8.5,7.5,-1.0,0.947577626740949,112.69999999999999,Toledo,,,,,,,,,,,,,,,,,,,,,,False,False
366225,Bindel Home Inc CA 91752,206735,Bindel Home Inc,APS Home Improvement,2.0,1.0,1.0,8.0,6.0,-2.0,0.9869979927638111,24.7,Maple Grove,,,,,,,,,,,,,,,,,,,,,,False,False
365006,无忧达-CA-06-NBYY,363958,"Shenzhen Yuanshen Import & Export Co., Ltd.",Wayfair,2.0,1.0,1.0,8.0,6.5,-1.5,0.9855871763975609,30.15,Columbus,,,,,,,,,,,,,,,,,,,,,,False,False
364549,Odiot LLC CA 92337 (2) Wayfair,70496,Odiot LLC,APS Outdoor,2.0,1.0,0.5,7.5,8.0,0.5,0.8948580480108712,200.85000000000002,North St.Louis,,,,,,,,,,,,,,,,,,,,,,False,False
364685,Weilianda Home LLC CA 91761,213266,Weilianda Home LLC,APS Upholstery,2.0,1.0,1.0,9.0,9.0,0.0,0.9655981581510671,77.7,Toledo,,,,,,,,,,,,,,,,,,,,,,False,False
363837,Myth Realm International Inc. CA 91762,65171,Myth Realm International Inc.,APS Home Improvement,2.0,0.0,1.0,9.0,8.5,-0.5,0.992673871322883,14.100000000000001,Chicago Loop,,,,,,,,,,,,,,,,,,,,,,False,False
364257,LALA  WONZ INC. CA 91731,56227,LALA  WONZ INC.,APS Bedroom,2.0,1.0,1.0,12.0,7.5,-4.5,0.9858306221747615,31.4,Omaha,,,,,,,,,,,,,,,,,,,,,,False,False
363171,MIM Home Furnishings INC. WA 98424,62825,MIM Home Furnishings INC.,APS Upholstery,2.0,1.0,1.0,7.0,7.0,0.0,0.9926737744952052,12.3,St. Paul,,,,,,,,,,,,,,,,,,,,,,False,False
363199,XING KE OR 97007,363191,XING KE,Wayfair,2.0,1.0,1.0,21.5,8.5,-13.0,0.9760461113105259,56.1,Chicago,,,,,,,,,,,,,,,,,,,,,,False,False
363355,"Ningbo Yiyue electronic Commerce Co., LTD CA 92316",304845,"Ningbo Yiyue electronic Commerce Co., LTD",APS Outdoor,2.0,1.0,1.0,10.5,8.5,-2.0,0.9869450120805021,25.6,North St.Louis,,,,,,,,,,,,,,,,,,,,,,False,False
362514,AVC-WO.ca,329999,AVC.,APS SEA,2.0,0.5,0.5,10.5,11.0,0.5,0.9626714502335054,79.65,Greenwood,,,,,,,,,,,,,,,,,,,,,,False,False
362522,GOODSILO LLC CA 91761,124692,GOODSILO LLC,Casegoods,2.0,1.0,1.0,9.0,8.0,-1.0,0.9939475993013156,12.0,Chicago,,,,,,,,,,,,,,,,,,,,,,False,False
362875,蚌埠市君楷家具有限公司 CA 92881,354399,"BengbuShi Junkai Furniture Co.,Ltd.",Wayfair,2.0,1.0,1.0,10.5,10.5,0.0,0.964612473317922,72.75,Chicago,,,,,,,,,,,,,,,,,,,,,,False,False
362959,"Guangdong Sanying Trading Co, Ltd CA 91789",338973,"Guangdong Sanying Trading Co, Ltd",APS Upholstery,2.0,1.0,0.5,8.5,7.0,-1.5,0.9950946761357738,10.05,Louisville,,,,,,,,,,,,,,,,,,,,,,False,False
326085,US-AS-CA,110346,Povison e-commerce Inc.,APS,2.0,1.0,1.0,12.0,8.5,-3.5,0.9924206005118288,14.3,Romeoville Rsf,,,,,,,,,,,,,,,,,,,,,,False,False
326241,FlexiSpot Inc CA 92518(2),30987,FlexiSpot Inc,APS,2.0,1.0,1.0,11.0,7.0,-4.0,0.9608656849620706,87.7,Toledo,,,,,,,,,,,,,,,,,,,,,,False,False
250381,"ANJI JINLEI FURNITURE CO.,LTD CA 92571",250361,"ANJI JINLEI FURNITURE CO.,LTD",Wayfair,2.0,1.0,1.0,9.0,8.0,-1.0,0.9644206424718775,81.75,Columbus,,,,,,,,,,,,,,,,,,,,,,False,False
325856,Gujia Cloud CA7 92337,232560,Gujia Furniture LLC,APS,2.0,1.0,1.0,8.5,8.0,-0.5,0.975805769217387,46.900000000000006,Romeoville Ncpc,,,,,,,,,,,,,,,,,,,,,,False,False
254247,ROCKET SOCKET TECHNOLOGY INC,254247,ROCKET SOCKET TECHNOLOGY INC,Lighting,2.0,1.0,0.5,7.5,7.5,0.0,0.9967615604759752,6.45,Chicago,,,,,,,,,,,,,,,,,,,,,,False,False
265125,(US)Guangzhou Yikedashu Trading Company Limited CA 91702,248401,(US)Guangzhou Yikedashu Trading Company Limited,APS,2.0,1.0,1.0,11.0,7.5,-3.5,0.9748296325854666,57.199999999999996,Madison,,,,,,,,,,,,,,,,,,,,,,False,False
191439,T.V.L. Global Logistics Corp. CA 92805,189876,TRI-GREAT USA CORP.,Recreation,2.0,1.0,1.0,9.0,8.5,-0.5,0.9633891313865839,76.9,Greenwood,,,,,,,,,,,,,,,,,,,,,,False,False
192358,SHJY TRADING CORP. CA 91710,66708,SHJY TRADING CORP.,APS,2.0,1.0,1.0,9.5,6.0,-3.5,0.9638982443619123,83.6,Etna Rsf,,,,,,,,,,,,,,,,,,,,,,False,False
183604,Soges CA 91761,56051,Soges,APS K&D,2.0,0.0,1.0,10.0,8.5,-1.5,0.9379715792549683,112.69999999999999,Champaign,,,,,,,,,,,,,,,,,,,,,,False,False
185006,"Wayright, LLC CA 91761",93513,"Wayright, LLC",APS,2.0,1.0,1.0,9.0,9.0,0.0,0.98628874816611,29.3,Grand Rapids,,,,,,,,,,,,,,,,,,,,,,False,False
361452,"Foshan MJL Intelligent Home Products Co., Ltd. CA 92337",214365,"WSIDSY CO., LIMITED",APS Bedroom,2.0,1.0,0.5,8.5,9.0,0.5,0.9568988108000872,85.80000000000001,New Brighton Ncpc,,,,,,,,,,,,,,,,,,,,,,False,False
361600,Z-HOM LIVING COMPANY LIMITED CA 91789,352705,Z-HOM LIVING COMPANY LIMITED,Wayfair,2.0,1.0,1.0,8.5,4.5,-4.0,0.9879431304401316,24.05,Chicago,,,,,,,,,,,,,,,,,,,,,,False,False
361927,"Zhuhai Huixi Electronic Technology Co., Ltd. CA 91761",361838,"Zhuhai Huixi Electronic Technology Co., Ltd.",Wayfair,2.0,1.0,1.0,9.5,6.5,-3.0,0.9638068812971957,89.7,Columbus,,,,,,,,,,,,,,,,,,,,,,False,False
361072,"Ganzhou Hailang Technology Co., Ltd. CA 92880",354959,"Ganzhou Hailang Technology Co., Ltd.",Wayfair,2.0,1.0,1.0,8.0,7.5,-0.5,0.9733921355011075,47.55,Kansas City Local,,,,,,,,,,,,,,,,,,,,,,False,False
361215,Loftland Inc CA 92336,68839,Loftland Inc,APS Home Improvement,2.0,0.0,1.0,9.0,9.0,0.0,0.9925429535950018,14.8,Chicago,,,,,,,,,,,,,,,,,,,,,,False,False
361230,"International Abccanopy, INC CA 92571",56997,"International Abccanopy, INC",APS Home Improvement,2.0,1.0,1.0,13.0,7.5,-5.5,0.9950418731850814,10.05,South Bend,,,,,,,,,,,,,,,,,,,,,,False,False
359975,"Ningbo Tengyu Metal Product Co.,Ltd CA 92337",61595,"Ningbo Tengyu Metal Product Co.,Ltd",APS Home Improvement,2.0,1.0,1.0,10.5,7.5,-3.0,0.9891554932172606,22.15,Greenwood,,,,,,,,,,,,,,,,,,,,,,False,False
360795,GC-WEST-20,111397,"Shenzhen Jinjiachuang Trading Co., Ltd.",APS K&D,2.0,1.0,1.0,9.0,7.0,-2.0,0.9909851669997876,17.75,Chicago,,,,,,,,,,,,,,,,,,,,,,False,False
358606,SHENZHEN TIANSHUXING TECHNOLOGY CO LTD CA9-91764,79674,SHENZHEN TIANSHUXING TECHNOLOGY CO LTD,APS Youth,2.0,1.0,1.0,7.5,7.0,-0.5,0.9485411528679335,92.7,Columbus,,,,,,,,,,,,,,,,,,,,,,False,False
358617,LUNER HOMME INC CA 91752,184021,LUNER HOMME INC,Upholstery,2.0,1.0,1.0,10.0,8.5,-1.5,0.9468959604990599,110.0,Mccook,,,,,,,,,,,,,,,,,,,,,,False,False
358950,"Rizhao JJ Manufacturing Co., Ltd. CA 92081",50457,"Rizhao JJ Manufacturing Co., Ltd.",APS Pet,2.0,1.0,1.0,10.0,10.0,0.0,0.9772759822408937,47.6,Munster,,,,,,,,,,,,,,,,,,,,,,False,False
357368,Ele Lighting LLC CA 91761,69460,Ele Lighting LLC,APS Home Improvement,2.0,1.0,1.0,7.5,7.0,-0.5,0.9640240947982787,74.5,Chicago,,,,,,,,,,,,,,,,,,,,,,False,False
196986,Libbey CA 91761,17460,Libbey,Tabletop,2.0,1.0,1.0,8.0,5.5,-2.5,0.9808352805759604,39.5,Chicago,,,,,,,,,,,,,,,,,,,,,,False,False
197000,Shenzhenshi Weisifu Keji Youxiangongsi CA 91710,79111,Shenzhenshi Weisifu Keji Youxiangongsi,APS,2.0,1.0,0.5,8.5,8.5,0.0,0.9365117878022706,118.94999999999999,Brainerd,,,,,,,,,,,,,,,,,,,,,,False,False
197299,Peakhome Furnishings Inc CA 91789,60739,Peakhome Furnishings Inc,APS Outdoor,2.0,0.5,1.0,9.0,8.0,-1.0,0.9837702671785962,35.4,Romeoville Ncpc,,,,,,,,,,,,,,,,,,,,,,False,False
197341,Sunon CA90201,47789,"Sunon International Development Co., Limited_1",APS,2.0,1.0,1.0,10.0,7.0,-3.0,0.9901801682075507,18.900000000000002,Chicago,,,,,,,,,,,,,,,,,,,,,,False,False
194815,Shen Zhen Ke Man Di Ke Ji You Xian Gong CA91730(2),135266,Shen Zhen Ke Man Di Ke Ji You Xian Gong Si,APS,2.0,1.0,1.0,8.0,6.0,-2.0,0.9898056861422488,20.1,Chicago,,,,,,,,,,,,,,,,,,,,,,False,False
194822,Hasha Lear INC CA 91762,182870,Hasha Lear INC,Lighting,2.0,1.0,1.0,7.5,7.0,-0.5,0.9270810206677917,116.19999999999999,Greenwood,,,,,,,,,,,,,,,,,,,,,,False,False
195077,Cargozone,80013,National Distribution Warehouse Inc. dba DE World,Outdoor Structures,2.0,1.0,1.0,9.5,8.5,-1.0,0.9861567031026213,27.7,Chicago,,,,,,,,,,,,,,,,,,,,,,False,False
195081,Real Relax Massage CA 91763,44579,Real Relax Massage,APS,2.0,1.0,1.0,8.0,7.0,-1.0,0.9912852893597036,16.7,Maple Grove,,,,,,,,,,,,,,,,,,,,,,False,False
195125,Ocean Rock USA LLC CA 92879,36771,Ocean Rock USA LLC,Fireplaces & Grills,2.0,0.5,0.5,8.0,8.5,0.5,0.9904955920176076,17.0,Olathe,,,,,,,,,,,,,,,,,,,,,,False,False
195866,Foshan Wenhua Electronic Commerce Co CA 92337,174085,"Foshan Wenhua Electronic Commerce Co., Ltd.",APS Youth,2.0,0.5,1.0,8.0,7.5,-0.5,0.9390552834020648,132.1,Chicago,,,,,,,,,,,,,,,,,,,,,,False,False
357091,WIZ FAUCET CA 91710,246858,WIZ FAUCET,Plumbing,2.0,1.0,1.0,9.5,8.0,-1.5,0.9906572487726681,18.65,Chicago,,,,,,,,,,,,,,,,,,,,,,False,False
357284,Ober International Trade INC. CA 92626,245979,Ober International Trade INC.,Casegoods,2.0,0.5,0.5,10.5,13.0,2.5,0.9844556161249836,28.9,Olathe,,,,,,,,,,,,,,,,,,,,,,False,False
356714,  GC-WE-21,269279,nanchangxiewendianzichanpinyouxiangongsi,APS AEOF,2.0,1.0,1.0,7.0,6.0,-1.0,0.9351580642283759,128.85000000000002,Chicago,,,,,,,,,,,,,,,,,,,,,,False,False
356899,Stellweilan Tessberg LLC CA 91752(2),271648,Stellweilan Tessberg LLC,Storage & Org,2.0,1.0,1.0,8.5,6.5,-2.0,0.9931452286273448,13.45,Columbus Local,,,,,,,,,,,,,,,,,,,,,,False,False
356921,Anley Inc CA 91762,46752,Anley Inc,Decor,2.0,1.0,1.0,8.5,8.5,0.0,0.9582649823748397,87.65,Chicago,,,,,,,,,,,,,,,,,,,,,,False,False
355746,YIGOBUY INC CA 91761 (2),70264,YIGOBUY INC,APS Upholstery,2.0,1.0,1.0,7.5,7.0,-0.5,0.9584274467894635,82.2,North Kansas City Ncpc,,,,,,,,,,,,,,,,,,,,,,False,False
355904,Sorfey Inc CA 92374,136871,Sorfey Inc,Storage & Org,2.0,1.0,1.0,9.0,9.0,0.0,0.9718335343787696,46.7,Minot,,,,,,,,,,,,,,,,,,,,,,False,False
356457,Velit operationes Inc CA  91746 ,82261,Velit operationes Inc,APS Home Improvement,2.0,1.0,1.0,10.5,9.5,-1.0,0.9550240655738769,101.4,Toledo,,,,,,,,,,,,,,,,,,,,,,False,False
356631,YSN Imports CA 92507,37288,YSN Imports,Grills,2.0,1.0,1.0,8.5,8.5,0.0,0.9578527891590989,88.8,Maple Grove,,,,,,,,,,,,,,,,,,,,,,False,False
327745,NUU GARDEN CORPORATION CA 91752,39276,NUU GARDEN CORPORATION,APS Outdoor,2.0,1.0,1.0,9.0,6.0,-3.0,0.9756680184434199,43.8,North St.Louis,,,,,,,,,,,,,,,,,,,,,,False,False
328076,Tmekeeper INC. CA 92880,64494,Tmekeeper INC.,APS Bedroom,2.0,1.0,1.0,9.0,7.0,-2.0,0.9714409210810022,64.25,Northern Kentucky,,,,,,,,,,,,,,,,,,,,,,False,False
328143,RWCA,95177,"Shenyang Yefu Commercial and Trading Co.,Ltd",APS Outdoor,2.0,1.0,1.0,11.0,8.5,-2.5,0.9805764869616688,40.25,Escanaba,,,,,,,,,,,,,,,,,,,,,,False,False
328837,Swanky Soaps Inc USLAX01,272378,Swanky Soaps Inc,APS Youth,2.0,1.0,1.0,9.0,8.5,-0.5,0.9695463464463018,69.85,Toledo,,,,,,,,,,,,,,,,,,,,,,False,False
327593,STIRPO LTD CA 91702 ,293949,STIRPO LTD,Outdoor Furniture,2.0,1.0,0.5,8.5,8.5,0.0,0.9926194257075229,14.7,Chicago,,,,,,,,,,,,,,,,,,,,,,False,False
327671,SOHO CA02,266821,"Hangzhou Yisibai Supply Chain Management Co.,Ltd.",APS Youth,2.0,0.5,1.0,10.0,7.5,-2.5,0.9811033953231033,32.95,Chicago,,,,,,,,,,,,,,,,,,,,,,False,False
252846,ENVIWE MIRROR LLC CA 92337,252845,ENVIWE MIRROR LLC,Wayfair,2.0,1.0,1.0,7.5,7.0,-0.5,0.9618903482100836,86.15,Chicago,,,,,,,,,,,,,,,,,,,,,,False,False
251762,CAN 2,201517,HIKING GARDEN LIMITED,APS,2.0,1.0,1.0,10.0,7.5,-2.5,0.981091534207901,34.7,Cedar Rapids,,,,,,,,,,,,,,,,,,,,,,False,False
204622,"Nanjing Zamx Furnishing Co.,Ltd CA 91761",204398,"Nanjing Zamx Furnishing Co.,Ltd",APS,2.0,1.0,1.0,9.0,8.5,-0.5,0.9505799102280619,102.1,Rosemount,,,,,,,,,,,,,,,,,,,,,,False,False
200583,Orfeld Technologies LLC CA 90022,184037,Hompany Technologies Limited,Kitchen & Small Electrics,2.0,1.0,1.0,6.5,3.0,-3.5,0.9877706058089288,24.1,Cedar Rapids,,,,,,,,,,,,,,,,,,,,,,False,False
354780,"Jiangxi Juyuecehong Technology Co., Ltd CA 90040",354596,"Jiangxi Juyuecehong Technology Co., Ltd",Wayfair,2.0,1.0,1.0,7.0,7.0,0.0,0.9931520543836849,13.7,Chicago,,,,,,,,,,,,,,,,,,,,,,False,False
354402,NEWNICE DESIGN LLC CA 92374,94732,NEWNICE DESIGN LLC,APS Outdoor,2.0,1.0,0.5,7.5,7.5,0.0,0.9495536583104286,116.1,Columbus,,,,,,,,,,,,,,,,,,,,,,False,False
353506,ROBERT WORLDWIDE CORP CA 92335,73786,ROBERT WORLDWIDE CORP,APS Decor,2.0,1.0,1.0,9.0,6.5,-2.5,0.9308943089430894,123.25,North St.Louis,,,,,,,,,,,,,,,,,,,,,,False,False
353686,J77279- CA 92346,313761,zhengzhouyilaikenwangluokejiyouxiangongsi_1,APS AEOF,2.0,1.0,1.0,10.0,9.0,-1.0,0.918800817637264,165.10000000000002,Greenwood,,,,,,,,,,,,,,,,,,,,,,False,False
353777,Nanjing zhihuo wangluokejiyouxiangongsi CA 92571,353757,Nanjing zhihuo wangluokejiyouxiangongsi,Wayfair,2.0,1.0,1.0,11.0,5.5,-5.5,0.982512341565762,33.65,Romeoville Rsf,,,,,,,,,,,,,,,,,,,,,,False,False
353001,Starwell CA 92337 (3),59916,Starwell,APS Home Improvement,2.0,1.0,1.0,8.5,8.5,0.0,0.9735719080172399,52.05,Romeoville Ncpc,,,,,,,,,,,,,,,,,,,,,,False,False
353015,Zhejiang Qian Deng Culture media CA 92335,276859,"Zhejiang Qian Deng Culture media Co., LTD",APS Decor,2.0,1.0,1.0,8.0,6.0,-2.0,0.9867814042901095,26.099999999999998,Romeoville Ncpc,,,,,,,,,,,,,,,,,,,,,,False,False
353131,shenzhenshi linenmaoyi youxiangongsi CA 91748,172676,shenzhenshi linenmaoyi youxiangongsi,APS K&D,2.0,1.0,1.0,7.0,5.5,-1.5,0.9902666981414667,17.5,North St.Louis,,,,,,,,,,,,,,,,,,,,,,False,False
353199,Kulamoon INC. CA 91752 (2),63742,"Ningbo Yizhou Supply Chain Management Co., Ltd.",Recreation,2.0,0.5,0.5,8.5,9.0,0.5,0.9814202793893277,35.25,Chicago,,,,,,,,,,,,,,,,,,,,,,False,False
353439,ChooChoo Furniture CA 91761(2),65006,ChooChoo Furniture,APS AEOF,2.0,0.5,1.0,9.5,9.0,-0.5,0.9769543053454722,45.85,Chicago,,,,,,,,,,,,,,,,,,,,,,False,False
210938,Mont Alpi CA 92618(2),30508,Mont Alpi,Fireplaces & Grills,2.0,1.0,1.0,8.0,7.0,-1.0,0.9647211128126434,81.25,Columbus,,,,,,,,,,,,,,,,,,,,,,False,False
207645,Bonlicht CA,57794,Bonlicht,APS Home Improvement,2.0,0.5,0.5,8.5,9.0,0.5,0.9773061136631722,51.35,Chicago,,,,,,,,,,,,,,,,,,,,,,False,False
208441,FET INFINITY LLC OR 97008,208439,FET INFINITY LLC,Casegoods,2.0,1.0,1.0,28.0,21.0,-7.0,0.987692458566245,25.1,North St.Louis,,,,,,,,,,,,,,,,,,,,,,False,False
208515,PO FAI INTERNATIONAL LTD CA 91710,208251,PO FAI INTERNATIONAL LTD,Casegoods,2.0,1.0,1.0,15.0,9.0,-6.0,0.9724345587947095,51.85,Chicago,,,,,,,,,,,,,,,,,,,,,,False,False
208683,KINGHOSE INDUSTRY LLC CA 91761,89762,KINGHOSE INDUSTRY LLC,APS,2.0,1.0,1.0,8.0,7.0,-1.0,0.993204270315403,14.5,Columbus,,,,,,,,,,,,,,,,,,,,,,False,False
208767,Taranjeet Chopra LLC CA 91311,208644,Taranjeet Chopra LLC,Tabletop,2.0,1.0,1.0,8.0,7.5,-0.5,0.9826774663250916,38.2,North St.Louis,,,,,,,,,,,,,,,,,,,,,,False,False
210411,Caprilla LLC CA 94579,72376,Caprilla LLC,APS,2.0,1.0,0.5,8.0,7.5,-0.5,0.9758027791674783,56.35,Chicago,,,,,,,,,,,,,,,,,,,,,,False,False
249259,Sterling Rivers CA 91752,49575,Sterling Rivers,Plumbing,2.0,1.0,1.0,9.0,8.0,-1.0,0.9777003574024385,46.5,Chicago,,,,,,,,,,,,,,,,,,,,,,False,False
249445,Westco Furniture CA 92337,69377,MONOTTI FURNITURE INC,Casegoods,2.0,1.0,0.0,10.0,12.0,2.0,0.9912906559071003,17.7,Greenwood,,,,,,,,,,,,,,,,,,,,,,False,False
248620,Snail Ware house,237238,MIFASO ECOM INC,APS Home Improvement,2.0,1.0,1.0,8.5,8.0,-0.5,0.9569562285842401,85.64999999999999,Chicago,,,,,,,,,,,,,,,,,,,,,,False,False
248784,General Sherman International Inc. CA 91731 (2),49636,General Sherman International Inc.,APS,2.0,1.0,0.5,6.5,8.0,1.5,0.9674782780638789,50.25,Rapid City,,,,,,,,,,,,,,,,,,,,,,False,False
331043,Zhongshan Kebaishi Electric Appliance CA 91752,92196,Zhongshan Kebaishi Electric Appliance Co Ltd,APS Home Improvement,2.0,1.0,1.0,8.5,6.5,-2.0,0.9941236117919257,11.0,East Cleveland,,,,,,,,,,,,,,,,,,,,,,False,False
331426,Cozayh LLC CA 91710 (2),57235,Cozayh LLC,APS,2.0,1.0,1.0,8.5,7.0,-1.5,0.9571295718937529,94.9,Columbus,,,,,,,,,,,,,,,,,,,,,,False,False
246995,Novel LLC CA 91730 ,74148,Novel LLC,Plumbing,2.0,1.0,1.0,11.0,9.5,-1.5,0.9600843796280202,80.2,Northern Kentucky,,,,,,,,,,,,,,,,,,,,,,False,False
330149,Rossy Sprouts Inc CA 91710,320772,Rossy Sprouts Inc,APS Home Improvement,2.0,0.5,1.0,8.5,7.5,-1.0,0.975633514257557,55.6,Chicago,,,,,,,,,,,,,,,,,,,,,,False,False
206970,"FoShan XiNiu Outdoor Product Co., Ltd CA 93725",47589,SUMMER BELLA INC,APS,2.0,1.0,1.0,8.5,7.0,-1.5,0.9322787535382273,117.39999999999999,Grand Rapids,,,,,,,,,,,,,,,,,,,,,,False,False
352330,"Shenzhen Haoding Technology Co., Ltd CA 92337",352055,"Shenzhen Haoding Technology Co., Ltd",Wayfair,2.0,1.0,0.5,8.0,8.0,0.0,0.9921482986646282,15.5,Chicago,,,,,,,,,,,,,,,,,,,,,,False,False
351627,MATCH LAND INTERNATIONAL LIMITED CA 92337,351196,MATCH LAND INTERNATIONAL LIMITED,APS Home Improvement,2.0,1.0,1.0,8.0,6.5,-1.5,0.9641789667332578,77.2,Greenwood,,,,,,,,,,,,,,,,,,,,,,False,False
351723,W-LG,84083,PLUTO LIMITED,APS Home Improvement,2.0,1.0,1.0,11.0,7.0,-4.0,0.944560760708366,127.1,Toledo,,,,,,,,,,,,,,,,,,,,,,False,False
215127,MERYT INC CA 91706,213497,MERYT INC,Casegoods,2.0,1.0,1.0,11.5,9.0,-2.5,0.9835028261798158,36.65,Toledo,,,,,,,,,,,,,,,,,,,,,,False,False
217931,Canyon Home Furniture Inc. CA 94545,47658,Canyon Home Furniture Inc.,Lighting,2.0,0.5,1.0,8.0,7.5,-0.5,0.9860150178166651,32.7,Chicago,,,,,,,,,,,,,,,,,,,,,,False,False
213404,FANDIAN INC CA 91710,213229,FANDIAN INC,Lighting,2.0,1.0,1.0,12.5,7.5,-5.0,0.9803687323126552,43.7,Bedford Park,,,,,,,,,,,,,,,,,,,,,,False,False
213860,UTOPIA FULFILLMENT INC CA 92571,213857,UTOPIA FULFILLMENT INC,Wayfair,2.0,1.0,1.0,9.0,8.0,-1.0,0.9881833425956398,23.55,Greenwood,,,,,,,,,,,,,,,,,,,,,,False,False
214002,Forever Homeware LLC CA 91745,213961,Forever Homeware LLC,APS Upholstery,2.0,1.0,1.0,8.0,5.0,-3.0,0.9570089281559357,83.45,Chicago,,,,,,,,,,,,,,,,,,,,,,False,False
214406,LINKSTYLE.LIFE CA 94538,214182,LINKSTYLE.LIFE,APS Decor,2.0,0.0,0.5,10.0,8.5,-1.5,0.9798509814298515,44.6,Chicago Loop,,,,,,,,,,,,,,,,,,,,,,False,False
214928,Greemotion USA Inc CA 91789,204689,Greemotion USA Inc,Casegoods,2.0,1.0,1.0,8.0,7.0,-1.0,0.9640153163345228,82.7,West Columbus,,,,,,,,,,,,,,,,,,,,,,False,False
351121,"Hangzhou Runxin E-commerce Co., Ltd CA 92337",345861,"Hangzhou Runxin E-commerce Co., Ltd",APS Upholstery,2.0,1.0,0.5,8.0,8.5,0.5,0.9930985662479414,13.049999999999999,Green Bay,,,,,,,,,,,,,,,,,,,,,,False,False
212487,Evenflo CLN1,6592,Evenflo,Youth Furniture & Decor,2.0,1.0,1.0,6.0,5.5,-0.5,0.8693030948136122,230.05,Billings,,,,,,,,,,,,,,,,,,,,,,False,False
213085,Induslyfe Decor Inc CA 91761,213083,Induslyfe Decor Inc,Decor,2.0,1.0,1.0,10.0,8.0,-2.0,0.9522555584595833,87.3,New Brighton Ncpc,,,,,,,,,,,,,,,,,,,,,,False,False
350475,LYS HOME FURNISHINGS CA 91730(2),99683,LYS HOME FURNISHINGS,APS Upholstery,2.0,1.0,1.0,12.0,7.5,-4.5,0.9829131952466923,37.2,Eagle River,,,,,,,,,,,,,,,,,,,,,,False,False
350822,An Yang Shi Qi En Shang Mao You Xian Gong Si CA 92410,349032,An Yang Shi Qi En Shang Mao You Xian Gong Si,Wayfair,2.0,0.5,0.5,8.0,8.0,0.0,0.983995371725472,32.2,Chicago,,,,,,,,,,,,,,,,,,,,,,False,False
349642,"Shenzhen Dachen Times Technology Co., Ltd CA 91764",300115,"Shenzhen Dachen Times Technology Co., Ltd.",APS Mattresses,2.0,1.0,1.0,7.5,6.5,-1.0,0.9525882872668747,96.25,Rapid City,,,,,,,,,,,,,,,,,,,,,,False,False
349651,Rossy Sprouts Inc CA 92337,320772,Rossy Sprouts Inc,APS Home Improvement,2.0,1.0,1.0,8.5,8.0,-0.5,0.9710897461682888,50.15,Lenexa,,,,,,,,,,,,,,,,,,,,,,False,False
244852,AI 003 Warehouse,182901,Coul Curter INC,Casegoods,2.0,1.0,0.5,8.5,8.0,-0.5,0.9360101893001587,100.89999999999999,Lenexa,,,,,,,,,,,,,,,,,,,,,,False,False
245504,General Sherman International Inc. CA 91730(4),49636,General Sherman International Inc.,APS,2.0,1.0,1.0,8.0,7.5,-0.5,0.8961116785753112,201.9,Champaign,,,,,,,,,,,,,,,,,,,,,,False,False
245759,Abay Tech LLC CA 91761,245661,Abay Tech LLC,APS,2.0,1.0,1.0,13.5,7.0,-6.5,0.9671984775580007,64.15,Romeoville Rsf,,,,,,,,,,,,,,,,,,,,,,False,False
243294,TOV Furniture CA 91752,14483,TOV Furniture,Upholstery,2.0,1.0,1.0,9.0,9.0,0.0,0.8194068013295832,353.15,Mccook,,,,,,,,,,,,,,,,,,,,,,False,False
243826,shenzhenshimaifengyunjikuajingdianshang CA 91731,238530,shenzhenshimaifengyunjikuajingdianshangyouxiangongsi,APS Home Improvement,2.0,1.0,1.0,9.0,8.5,-0.5,0.9726409335871302,59.8,Romeoville Ncpc,,,,,,,,,,,,,,,,,,,,,,False,False
332464,E-CLOVER LLC CA 91767,202312,E-CLOVER LLC,Wayfair Professional,2.0,1.0,0.5,9.0,9.0,0.0,0.9851482026836119,30.0,Cedar Rapids,,,,,,,,,,,,,,,,,,,,,,False,False
332699,JZ Home Decor LLC CA 92337 (2),46785,JZ Home Decor LLC,APS Bedroom,2.0,0.5,1.0,10.0,8.0,-2.0,0.926751082249234,146.6,Greenwood,,,,,,,,,,,,,,,,,,,,,,False,False
332854,foshanshi zuonenghengda maoyiyouxian CA 92410,325893,foshanshizuonenghengdamaoyiyouxiangongsi,Mattress,2.0,1.0,1.0,8.5,8.0,-0.5,0.9922734827725619,17.2,Munster,,,,,,,,,,,,,,,,,,,,,,False,False
332873,"Captivate Brands USA, Inc. CA 92508",99717,"Captivate Brands USA, Inc.",Grills,2.0,0.0,0.0,7.0,10.0,3.0,0.9587688734030196,92.3,Toledo,,,,,,,,,,,,,,,,,,,,,,False,False
332121,Interfocus Inc. CA 92337,306715,Interfocus Inc.,APS Youth,2.0,1.0,1.0,9.0,8.5,-0.5,0.9923269035790778,14.5,Romeoville Rsf,,,,,,,,,,,,,,,,,,,,,,False,False
332268,"Jili Creation Technology Co., Ltd CA 91744",64134,"Jili Creation Technology Co., Ltd",APS K&D,2.0,1.0,1.0,9.0,6.0,-3.0,0.9734931762258017,52.9,Romeoville Rsf,,,,,,,,,,,,,,,,,,,,,,False,False
223690,zhengzhoushisatingmaoyiyouxiangongsi CA 91730,124034,zhengzhoushisatingmaoyiyouxiangongsi,APS,2.0,1.0,1.0,8.5,8.0,-0.5,0.9702138394541386,60.4,Chicago,,,,,,,,,,,,,,,,,,,,,,False,False
225047,SHENZHEN QIANHAI BOKAIMAI KEJI YOUXIAN CA 91761,91831,SHENZHEN QIANHAI BOKAIMAI KEJI YOUXIAN GONGSI,APS Home Improvement,2.0,1.0,1.0,10.5,9.0,-1.5,0.9869939197523923,24.8,Cedar Rapids,,,,,,,,,,,,,,,,,,,,,,False,False
225973,QUEYUE CA 92337,110026,_YIWUSHIQUEYUEMAOYIYOUXIANGONG,APS,2.0,0.5,0.5,9.0,8.0,-1.0,0.9666105158542643,70.75,Greenwood,,,,,,,,,,,,,,,,,,,,,,False,False
349385,"Yiwu Guali Electronic Commerce Co., Ltd. CA 91761",153269,"Yiwu Guali Electronic Commerce Co., Ltd.",APS Upholstery,2.0,1.0,1.0,6.0,5.0,-1.0,0.961792565470031,48.0,Rapid City,,,,,,,,,,,,,,,,,,,,,,False,False
221597,DV_West,104515,Shenzhenshiweilukejiyouxiangongsi,APS,2.0,0.5,0.5,7.0,7.0,0.0,0.975146104190225,55.85,Chicago,,,,,,,,,,,,,,,,,,,,,,False,False
223656,PFG-1,138085,Prosperity Forest Furniture Corporation,Casegoods,2.0,1.0,1.0,10.0,7.5,-2.5,0.9538190058095579,104.0,Columbus,,,,,,,,,,,,,,,,,,,,,,False,False
349263,TOMIC DECOR INC CA 91708,228869,TOMIC DECOR INC,APS Home Improvement,2.0,1.0,1.0,10.5,8.0,-2.5,0.9026398048099491,198.1,Cedar Rapids,,,,,,,,,,,,,,,,,,,,,,False,False
233361,"nanjingshi zhuoyipi e-commerce co.,ltd CA 92408",202150,"nanjingshi zhuoyipi e-commerce co.,ltd",APS,2.0,1.0,1.0,8.0,7.5,-0.5,0.9702760583944099,68.5,Columbus,,,,,,,,,,,,,,,,,,,,,,False,False
230765,GT LIFE STYLE INTERNATIONAL LIMITED CA 91730,230670,GT LIFE STYLE INTERNATIONAL LIMITED,Wayfair,2.0,1.0,1.0,9.5,9.0,-0.5,0.962111311852246,67.15,North St.Louis,,,,,,,,,,,,,,,,,,,,,,False,False
347542,anjidexunkejiyouxiangongsi CA 92337 (3),272359,anjidexunkejiyouxiangongsi,APS K&D,2.0,1.0,1.0,9.5,7.5,-2.0,0.9053611787246243,157.85,North St.Louis,,,,,,,,,,,,,,,,,,,,,,False,False
345863,"Fuzhou Gulou District Huakang Shangpin Trading Co., Ltd CA 91789",345857,"Fuzhou Gulou District Huakang Shangpin Trading Co., Ltd",Wayfair,2.0,1.0,1.0,8.0,7.5,-0.5,0.9570985546567947,83.65,Chicago,,,,,,,,,,,,,,,,,,,,,,False,False
347154,Fuzhou Gulou District Huakang CA 91752,345857,"Fuzhou Gulou District Huakang Shangpin Trading Co., Ltd",Casegoods,2.0,1.0,1.0,8.0,7.5,-0.5,0.9231732056637796,131.35,Columbus,,,,,,,,,,,,,,,,,,,,,,False,False
344919,NOAH AND PAW LLC CA 92374,344918,NOAH AND PAW LLC,Wayfair,2.0,0.0,0.0,8.5,9.5,1.0,0.9229427252619,159.35,North St.Louis,,,,,,,,,,,,,,,,,,,,,,False,False
345136,Fu Jian Sheng Ji Mu Shan Mao Yi You Xian Gong Si CA 92336,229656,Fu Jian Sheng Ji Mu Shan Mao Yi You Xian Gong Si,APS,2.0,0.0,1.0,10.5,10.5,0.0,0.9749626601568164,49.55,Chicago,,,,,,,,,,,,,,,,,,,,,,False,False
345342,Hans-Mills Corp CA 91710,58630,Hans-Mills Corp,Tabletop,2.0,1.0,1.0,9.0,9.0,0.0,0.8280161761401932,306.2,Chicago,,,,,,,,,,,,,,,,,,,,,,False,False
344317,Shenzhenshi Daman Shiye Youxiangongsi NJ 08873,76761,Shenzhenshi Daman Shiye Youxiangongsi,APS K&D,2.0,1.0,1.0,7.5,3.5,-4.0,0.9531734311022049,73.75,Lenexa,,,,,,,,,,,,,,,,,,,,,,False,False
344373,Shenzhen Guangjianyuan Technology Co Ltd CA 92374,101346,Shenzhen Guangjianyuan Technology Co Ltd,APS,2.0,1.0,0.0,8.0,9.0,1.0,0.9934090448184952,13.0,Chicago,,,,,,,,,,,,,,,,,,,,,,False,False
344796,NATCOMMERCE INC. CA 91761,3737,NATCOMMERCE INC.,Plumbing,2.0,0.5,1.0,8.0,7.5,-0.5,0.9207664080149192,157.15,Cedar Rapids,,,,,,,,,,,,,,,,,,,,,,False,False
344808,Best CA 91710,339212,guangzhoushixingxingkuajingdianshangyouxiangongsi,Decor,2.0,1.0,0.5,9.0,8.5,-0.5,0.9406116496912721,114.3,North St.Louis,,,,,,,,,,,,,,,,,,,,,,False,False
237361,"Shenzhen Quanyuanfa Trading Co., Ltd. CA 92410",117516,"Shenzhen Quanyuanfa Trading Co., Ltd.",APS K&D,2.0,1.0,1.0,9.0,8.0,-1.0,0.9850180875611871,29.85,Chicago,,,,,,,,,,,,,,,,,,,,,,False,False
343539,"YOLO VIETNAM SERVICE TRADE CO.,LTD CA 92410",338326,"YOLO VIETNAM SERVICE TRADE CO.,LTD",APS Bedroom,2.0,1.0,1.0,9.5,8.5,-1.0,0.9494398462945517,102.3,North St.Louis,,,,,,,,,,,,,,,,,,,,,,False,False
343898,Yantaishi Xingyudianzishangwu Youxiangongsi CA 91762,238729,Yantaishi Xingyudianzishangwu Youxiangongsi,APS Bedroom,2.0,1.0,1.0,9.0,8.0,-1.0,0.9890261467818326,22.2,Maple Grove,,,,,,,,,,,,,,,,,,,,,,False,False
344130,Shenzhenshi Daman Shiye Youxiangongsi CA 92509,76761,Shenzhenshi Daman Shiye Youxiangongsi,APS K&D,2.0,1.0,1.0,8.0,7.0,-1.0,0.9558630913781834,94.30000000000001,New Brighton Ncpc,,,,,,,,,,,,,,,,,,,,,,False,False
235941,Factory Direct Wholesale LLC FOA,46367,Factory Direct Wholesale LLC,Casegoods,2.0,1.0,1.0,7.5,6.0,-1.5,0.9523714833769781,108.8,Maple Grove,,,,,,,,,,,,,,,,,,,,,,False,False
236032,"Ningbo Juxingpin E-commerce Co., Ltd. CA",61105,"Ningbo Juxingpin E-commerce Co., Ltd.",APS Other,2.0,1.0,1.0,8.5,4.0,-4.5,0.9704878661639439,58.8,Chicago,,,,,,,,,,,,,,,,,,,,,,False,False
236142,Irvine Warehouse,141066,DIAMOND FALCON LLC,Storage & Org - Frequency,2.0,1.0,1.0,8.0,6.5,-1.5,0.9754645923560215,51.65,Northern Kentucky,,,,,,,,,,,,,,,,,,,,,,False,False
334570,KYT25,225765,KRCMORE INC,APS Home Improvement,2.0,1.0,1.0,9.5,7.5,-2.0,0.974367808418489,57.550000000000004,Columbus,,,,,,,,,,,,,,,,,,,,,,False,False
335544,"Lancai (Shenzhen) Technology Co., Ltd CA 91710(2)",91085,Global Bright Zone Limited,APS Home Improvement,2.0,1.0,1.0,8.0,7.0,-1.0,0.9861366864839269,26.35,Rosemount,,,,,,,,,,,,,,,,,,,,,,False,False
334238,RUNTO INC. CA 91752,323073,RUNTO INC.,Lighting,2.0,0.0,1.0,8.0,8.0,0.0,0.9934738651600379,12.7,Chicago,,,,,,,,,,,,,,,,,,,,,,False,False
334568,"Anji Wuyeqianxing Furniture Co., Ltd CA 92508",279049,"Anji Wuyeqianxing Furniture Co., Ltd",APS Home Improvement,2.0,1.0,1.0,9.5,7.0,-2.5,0.9342249747441472,149.75,Greenwood,,,,,,,,,,,,,,,,,,,,,,False,False
246006,"SCRIST, Inc. RST Brands LLC CA 93725",1399,"SCRIST, Inc. DBA RST Brands",Outdoor Furniture,2.0,0.5,1.0,8.0,6.0,-2.0,0.9160556884197284,194.60000000000002,Cedar Rapids,,,,,,,,,,,,,,,,,,,,,,False,False
246307,Chris Youngs Inc CA 91752,240893,Chris Youngs Inc,Outdoor Furniture,2.0,1.0,1.0,10.5,10.0,-0.5,0.9854977960636673,29.45,Columbus,,,,,,,,,,,,,,,,,,,,,,False,False
333357,YQN-BCF-7,333356,Climb Away Inc,APS AEOF,2.0,1.0,0.5,8.5,8.5,0.0,0.9629234112107984,77.5,Greenwood,,,,,,,,,,,,,,,,,,,,,,False,False
234136,A BEST CHOOSE INC CA-LC2-91761,191899,A BEST CHOOSE INC,Upholstery,2.0,1.0,1.0,12.0,6.5,-5.5,0.9594147888416356,85.6,Kansas City,,,,,,,,,,,,,,,,,,,,,,False,False
234991,"Pujiang Wenxin Home Textile Co.,ltd CA 90040",233859,"Pujiang Wenxin Home Textile Co.,ltd",APS,2.0,0.5,0.5,8.0,7.5,-0.5,0.930812192666266,158.05,Columbus,,,,,,,,,,,,,,,,,,,,,,False,False
235705,JOY-CA1,69210,Right Way Light LLC,Casegoods,2.0,1.0,1.0,9.0,5.0,-4.0,0.9387774824836916,126.7,Chicago,,,,,,,,,,,,,,,,,,,,,,False,False
343247,J Sing LLC CA 91752(2),56360,J Sing LLC,APS,2.0,0.0,0.0,10.0,12.0,2.0,0.9810306350172449,37.4,Romeoville Ncpc,,,,,,,,,,,,,,,,,,,,,,False,False
341325,Deelight Inc CA 91730,208375,Deelight Inc,Plumbing,2.0,0.5,1.0,11.5,11.0,-0.5,0.9220499023903903,125.60000000000001,Greenwood,,,,,,,,,,,,,,,,,,,,,,False,False
341844,Langfangbaobolijiajuyouxiangongsi CA 91761 (3),284461,Langfangbaobolijiajuyouxiangongsi,APS K&D,2.0,0.5,1.0,8.5,8.0,-0.5,0.9518489635355041,87.05,New Brighton Ncpc,,,,,,,,,,,,,,,,,,,,,,False,False
240958,zhongshanshishangchuangdengshiyouxiangongsi CA 90640,240506,MAK BORDEN INC,APS Home Improvement,2.0,1.0,1.0,11.0,8.0,-3.0,0.9603696798616626,86.35,Escanaba,,,,,,,,,,,,,,,,,,,,,,False,False
241785,Ai-CA-003,102193,Coomo Inc,Appliances,2.0,1.0,0.5,8.0,8.5,0.5,0.9726140199809054,48.95,Rapid City,,,,,,,,,,,,,,,,,,,,,,False,False
340506,Soluwa LLC CA 92337 (2),58042,Soluwa LLC,APS Outdoor,2.0,1.0,1.0,13.5,7.5,-6.0,0.9544127341942215,91.1,North St.Louis,,,,,,,,,,,,,,,,,,,,,,False,False
239237,Xia Men Shangyi Xing Trading INC CA 90606,73465,Xia Men Shangyi Xing Trading INC,APS Home Improvement,2.0,0.0,1.0,10.5,9.5,-1.0,0.9793655039371945,44.35,Chicago,,,,,,,,,,,,,,,,,,,,,,False,False
240470,Curtain King INC CA 91748,67825,Curtain King INC,APS,2.0,1.0,1.0,8.0,7.0,-1.0,0.994619100530175,10.7,Chicago,,,,,,,,,,,,,,,,,,,,,,False,False
240742,Andeworld CA 91762,39328,Andeworld,APS,2.0,1.0,1.0,10.5,8.5,-2.0,0.9552196154731334,97.5,North St.Louis,,,,,,,,,,,,,,,,,,,,,,False,False
238513,Zipto CA1,238288,Zhongshan Orange Xuan trade technology Co.LTD,Wayfair,2.0,1.0,1.0,11.5,8.5,-3.0,0.9929803555639409,13.899999999999999,Chicago,,,,,,,,,,,,,,,,,,,,,,False,False
239141,Shenzhenshi Yilaitake Kejiyouxiangongsi CA 92408,229868,Shenzhenshi Yilaitake Kejiyouxiangongsi,Appliances,2.0,1.0,1.0,9.0,6.5,-2.5,0.964015637609724,83.75,West Columbus,,,,,,,,,,,,,,,,,,,,,,False,False
339911,"Jiangmen Senxin Electronic Commerce Co., LTD CA 90640",150524,"Jiangmen Senxin Electronic Commerce Co., LTD",APS Youth,2.0,1.0,0.5,7.0,7.5,0.5,0.9881306632372661,24.5,Carol Stream,,,,,,,,,,,,,,,,,,,,,,False,False
337637,OKD-YQN-CA-RWT,93740,OKD INTERNATIONAL TRADING COMPANY LIMITED,APS,2.0,1.0,1.0,9.0,7.5,-1.5,0.9740679132977644,54.650000000000006,North  Indianapolis,,,,,,,,,,,,,,,,,,,,,,False,False
337989,"JIANG SU RED SUN Textile Co.,Ltd. USLAX01",266533,"JIANG SU RED SUN Textile Co., Ltd.",APS Youth,2.0,1.0,1.0,9.5,8.5,-1.0,0.9832865669471449,36.0,Mokena,,,,,,,,,,,,,,,,,,,,,,False,False
338533,ILOT LLC CA 91789,171668,ILOT LLC,Decor,2.0,1.0,1.0,8.0,8.0,0.0,0.9901060997837994,18.15,Des Moines,,,,,,,,,,,,,,,,,,,,,,False,False
338738,乐歌LG-CAP,234327,Hong Kong Baojia International Limited,APS,2.0,1.0,1.0,9.0,7.0,-2.0,0.9872598080842767,26.450000000000003,Greenwood,,,,,,,,,,,,,,,,,,,,,,False,False
486452,AFC-美西-LA03仓,408925,LELELINKY INTERNATIONAL LIMITED,APS AEOF,2.0,0.0,0.5,8.5,9.5,1.0,0.9590325737244411,86.7,Chicago,,,,,,,,,,,,,,,,,,,,,,False,False
587,itouchless,587,itouchless,Storage & Org - Frequency,2.0,1.0,0.5,8.0,8.5,0.5,0.9711185547041916,67.9,Greenwood,,,,,,,,,,,,,,,,,,,,,,False,False
485084,Linyibaisenjiajuyongpinyouxiangongsi CA 92337,412232,Linyibaisenjiajuyongpinyouxiangongsi,APS Upholstery,2.0,1.0,1.0,9.0,8.0,-1.0,0.9673449237544494,74.2,New Brighton Ncpc,,,,,,,,,,,,,,,,,,,,,,False,False
484672,MINDRAY INTERNATIONAL LIMITED CA 91710,307364,MINDRAY INTERNATIONAL LIMITED,APS Mattresses,2.0,1.0,1.0,12.0,6.0,-6.0,0.9602142306859613,80.25,Chicago,,,,,,,,,,,,,,,,,,,,,,False,False
11135,M S International CA 92865,10633,MSI,Flooring,2.0,0.0,0.0,8.0,11.5,3.5,0.9804083405734145,45.1,Rapid City,,,,,,,,,,,,,,,,,,,,,,False,False
12278,Merchilla,12278,Merchilla,Tabletop,2.0,1.0,0.5,8.5,9.0,0.5,0.962173104067022,94.05000000000001,Columbus,,,,,,,,,,,,,,,,,,,,,,False,False
490847,"Changsha Yuefeng Zhisheng E-commerce Co., Ltd CA 91761-2927",314245,"Changsha Yuefeng Zhisheng Technical Service Co., Ltd.",APS Youth,2.0,1.0,1.0,10.0,8.5,-1.5,0.9077635777974684,185.6,Chicago,,,,,,,,,,,,,,,,,,,,,,False,False
491009,"LISTER TECHNOLOGIES, INC CA 92337",80379,"LISTER TECHNOLOGIES, INC",APS Outdoor,2.0,1.0,1.0,11.0,8.0,-3.0,0.9733185285381332,61.0,Columbus,,,,,,,,,,,,,,,,,,,,,,False,False
492225,Evelyne Collection CA,56267,Evelyne Collection,Kitchen & Small Electrics,2.0,1.0,1.0,9.5,7.0,-2.5,0.9630504000161216,86.64999999999999,Columbus,,,,,,,,,,,,,,,,,,,,,,False,False
492586,A BEST CHOOSE INC CA 91761(4),191899,A BEST CHOOSE INC,Upholstery,2.0,1.0,1.0,8.0,7.0,-1.0,0.8444292735834455,236.1,Greenwood,,,,,,,,,,,,,,,,,,,,,,False,False
488217,TANYA DECOR INC CA 91706,270365,TANYA DECOR INC,APS Home Improvement,2.0,1.0,1.0,9.5,7.0,-2.5,0.983366336940712,30.8,Cedar Rapids,,,,,,,,,,,,,,,,,,,,,,False,False
489808,Shenzhen Weiruida Technology Co Ltd CA 92410,221796,Shenzhen Weiruida Technology Co Ltd,APS Upholstery,2.0,1.0,1.0,10.0,9.0,-1.0,0.9939823352421624,12.4,Wausau,,,,,,,,,,,,,,,,,,,,,,False,False
490151,ZT TRADING INC. CA 92410,99993,ZT TRADING INC.,APS Outdoor,2.0,1.0,1.0,12.0,8.5,-3.5,0.9768246333024699,51.1,Chicago,,,,,,,,,,,,,,,,,,,,,,False,False
490272,taishanshijinfudajinshuzhipinyouxiangongsi CA 92376,315043,taishanshijinfudajinshuzhipinyouxiangongsi,APS Housewares & More,2.0,1.0,1.0,8.5,7.5,-1.0,0.9677427209767193,73.45,Columbus,,,,,,,,,,,,,,,,,,,,,,False,False
490425,hangzhou wentong crafts furniture manufacturing co CA 92376,67813,hangzhou wentong crafts furniture manufacturing co,APS Upholstery,2.0,0.0,1.0,9.5,8.5,-1.0,0.9035372906596286,202.60000000000002,Chicago,,,,,,,,,,,,,,,,,,,,,,False,False
6790,Koverton,6790,Koverton,Decor,2.0,0.5,1.0,11.5,9.0,-2.5,0.9793668325642237,46.25,Chicago Loop,,,,,,,,,,,,,,,,,,,,,,False,False
7351,Stoneman Sports,7351,Stoneman Sports,Storage & Org,2.0,1.0,0.5,8.0,8.0,0.0,0.9737014271896747,59.15,Toledo,,,,,,,,,,,,,,,,,,,,,,False,False
7532,Fantasy Furniture Inc,7532,Fantasy Furniture Inc,Youth Furniture & Decor,2.0,1.0,1.0,10.0,9.0,-1.0,0.9451328242878698,120.0,Chicago,,,,,,,,,,,,,,,,,,,,,,False,False
7568,CooperLighting,7568,CooperLighting,Lighting,2.0,1.0,1.0,10.0,5.5,-4.5,0.9888865344398264,21.25,Maple Grove,,,,,,,,,,,,,,,,,,,,,,False,False
487874,GIROMET CO CA 92316,291403,GIROMET CO,Casegoods,2.0,1.0,1.0,9.0,9.0,0.0,0.956695811493246,89.65,Northern Kentucky,,,,,,,,,,,,,,,,,,,,,,False,False
1685,Bey-Berk,1685,Bey-Berk,Decor,2.0,1.0,1.0,8.0,7.5,-0.5,0.9691125099473508,65.0,Columbus,,,,,,,,,,,,,,,,,,,,,,False,False
1789,Old Modern Handicrafts,1789,Old Modern Handicrafts,Decor,2.0,1.0,0.0,5.5,7.0,1.5,0.9694664947415078,60.9,Jonesboro,,,,,,,,,,,,,,,,,,,,,,False,False
2974,AFG International Products Inc.,2974,AFG International Products Inc.,Youth Furniture & Decor,2.0,0.5,0.5,8.0,8.5,0.5,0.9846958949836162,28.35,North Milwaukee,,,,,,,,,,,,,,,,,,,,,,False,False
494827,Westclox CA 92553,22154,Westclox,Decor,1.0,1.0,0.0,7.0,8.0,1.0,0.9451639812091144,124.9,West Columbus,,,,,,,,,,,,,,,,,,,,,,False,False
942,Picnic Time,942,Picnic Time,Tabletop,1.0,1.0,1.0,8.0,7.0,-1.0,0.9972041455772475,5.8,Chicago Loop,,,,,,,,,,,,,,,,,,,,,,False,False
1514,A19,1514,A19,Lighting,1.0,1.0,1.0,10.0,10.0,0.0,0.9595892237930115,90.9,Toledo,,,,,,,,,,,,,,,,,,,,,,False,False
1907,Aqua Sports Technology,1907,Aqua Sports Technology,Recreation,1.0,1.0,1.0,8.0,7.0,-1.0,0.9870271882300313,26.1,Chicago,,,,,,,,,,,,,,,,,,,,,,False,False
3032,Corbett Lighting,3032,Corbett Lighting,Lighting,1.0,1.0,1.0,8.0,4.0,-4.0,0.9425872811789141,116.1,Chicago Loop,,,,,,,,,,,,,,,,,,,,,,False,False
3975,ET2 CA- 91746,3230,ET2,Lighting,1.0,0.0,1.0,7.0,7.0,0.0,0.9959961963865672,8.0,Chicago Loop,,,,,,,,,,,,,,,,,,,,,,False,False
7056,"International E-Z Up, Inc.",7056,"International E-Z Up, Inc.",Outdoor Structures,1.0,1.0,1.0,7.0,7.0,0.0,0.9961847593854919,7.5,Chicago Loop,,,,,,,,,,,,,,,,,,,,,,False,False
293908,4 JAMP CA 92867,293907,4 JAMP,Wayfair,1.0,0.0,0.0,9.0,10.0,1.0,0.9860738088132895,28.0,Chicago,,,,,,,,,,,,,,,,,,,,,,False,False
294083,Joytex Home Fashions Inc. CA 95688 ,44480,"Whole Linens, Inc.",Soft Home,1.0,1.0,0.0,7.0,10.0,3.0,0.9819382666127511,40.2,Greenwood,,,,,,,,,,,,,,,,,,,,,,False,False
294144,huanjingzejiajukeji youxiangongsi CA 90640,294140,huanjingzejiajukeji youxiangongsi,Wayfair,1.0,1.0,1.0,12.0,6.0,-6.0,0.9969142605245758,5.6,St. Louis,,,,,,,,,,,,,,,,,,,,,,False,False
294152,Four Lamps Limited CA 91761,214650,Four Lamps Limited,Casegoods,1.0,1.0,1.0,8.0,7.0,-1.0,0.9888894551755772,21.8,Chicago,,,,,,,,,,,,,,,,,,,,,,False,False
294528,XIA MEN XIN TIAN DA JIN SHU ZHI ZAO YOU XIAN GONG SI CA 91789,289993,XIA MEN XIN TIAN DA JIN SHU ZHI ZAO YOU XIAN GONG SI,Wayfair,1.0,0.0,1.0,8.0,7.0,-1.0,0.9697474747474747,59.9,Chicago,,,,,,,,,,,,,,,,,,,,,,False,False
294753,xiamenbanglindianzishangwuyouxiangongsi CA 91731,293968,Zhangzhouyuzunmaoyiyouxiangongsi,APS Youth,1.0,1.0,1.0,10.0,7.0,-3.0,0.9929221872167796,16.4,Cleveland,,,,,,,,,,,,,,,,,,,,,,False,False
294946,ARESON INC CA 91761(4),95840,ARESON INC,APS,1.0,1.0,1.0,12.0,5.0,-7.0,0.9774467492691077,48.6,Northern Kentucky,,,,,,,,,,,,,,,,,,,,,,False,False
294978,TIANJIN HELI SCIENCE AND TECHNOLOGY CA 92571,58602,"TIANJIN HELI SCIENCE AND TECHNOLOGY CO., LIMITED",APS,1.0,1.0,1.0,11.0,6.0,-5.0,0.923652837386743,160.1,Toledo,,,,,,,,,,,,,,,,,,,,,,False,False
16009,Cook Pro Inc.,16009,Cook Pro Inc.,Kitchen & Small Electrics,1.0,1.0,1.0,8.0,6.0,-2.0,0.9980737060881026,3.8,Chicago Loop,,,,,,,,,,,,,,,,,,,,,,False,False
492854,shen zhen shi ruiyixin dian zi shang wu you xian gong si CA 92407,361477,shen zhen shi ruiyixin dian zi shang wu you xian gong si,APS K&D,1.0,1.0,1.0,7.0,7.0,0.0,0.9346868771149122,140.9,Greenwood,,,,,,,,,,,,,,,,,,,,,,False,False
493374,"Zhejiang Linya Co., Ltd CA 91761-8078",88120,LINYA OUTDOOR LIVING LLC,APS Home Improvement,1.0,0.0,1.0,8.0,7.0,-1.0,0.977380037333919,41.2,North St.Louis,,,,,,,,,,,,,,,,,,,,,,False,False
292988,Williams Import Co. CA 91746,9301,Williams Import Co.,Casegoods,1.0,1.0,1.0,7.0,7.0,0.0,0.9931300794755511,15.3,West Columbus,,,,,,,,,,,,,,,,,,,,,,False,False
292990,TOMIC DECOR INC CA 91710(2),228869,TOMIC DECOR INC,APS Home Improvement,1.0,0.0,1.0,9.0,8.0,-1.0,0.9744266287801907,50.4,Romeoville Rsf,,,,,,,,,,,,,,,,,,,,,,False,False
293438,Etan Pet Supplies Inc. CA 92336,54001,Etan Pet Supplies Inc.,APS,1.0,1.0,1.0,7.0,7.0,0.0,0.8597231600270088,249.3,Chicago,,,,,,,,,,,,,,,,,,,,,,False,False
293493,CA10--CA 91761,271401,Amorphous Biz Inc,Decor,1.0,1.0,1.0,12.0,8.0,-4.0,0.8472703160686658,207.3,North Kansas City Ncpc,,,,,,,,,,,,,,,,,,,,,,False,False
293567,RW Flame PA 18466,44926,Rowan Global Life Inc_1,APS Home Improvement,1.0,1.0,0.0,7.0,9.0,2.0,0.9581601108623814,78.5,Fargo - Hd,,,,,,,,,,,,,,,,,,,,,,False,False
475987,XY-LA11 92410,295162,beijun(tianjin)kejifazhanyouxiangongsi,APS Home Improvement,1.0,1.0,1.0,10.0,7.0,-3.0,0.8878425062704084,237.0,Northern Kentucky,,,,,,,,,,,,,,,,,,,,,,False,False
13404,OBEX,13404,OBEX,Wayfair Professional,1.0,1.0,1.0,21.0,18.0,-3.0,0.9871565113500598,25.8,Milwaukee,,,,,,,,,,,,,,,,,,,,,,False,False
13573,Little Tikes CA 92345,470,Little Tikes,Recreation,1.0,1.0,1.0,8.0,7.0,-1.0,0.9943628676637722,12.4,Ann Arbor,,,,,,,,,,,,,,,,,,,,,,False,False
14178,Wantech International Corporation,14178,Wantech International Corporation,Lighting,1.0,1.0,0.0,10.0,11.0,1.0,0.9961013645224172,8.0,Minneapolis,,,,,,,,,,,,,,,,,,,,,,False,False
14771,Epoch Design LLC,14771,Epoch Design LLC,Decor,1.0,0.0,0.0,7.0,10.0,3.0,0.9905085706190679,20.1,Chicago,,,,,,,,,,,,,,,,,,,,,,False,False
15072,Rug Factory Plus,15072,Rug Factory Plus,Rugs,1.0,1.0,1.0,9.0,8.0,-1.0,0.9877197632299672,27.8,Columbus,,,,,,,,,,,,,,,,,,,,,,False,False
15278,Roma Moulding CA 91702,11655,Roma Moulding,Decor,1.0,1.0,0.0,13.0,14.0,1.0,0.934745556367178,134.0,Northern Kentucky,,,,,,,,,,,,,,,,,,,,,,False,False
15712,ZENIX USA,15712,ZENIX USA,Decor,1.0,1.0,1.0,8.0,8.0,0.0,0.9494024294670846,103.3,Chicago,,,,,,,,,,,,,,,,,,,,,,False,False
473987,奥米贝美西海外仓新仓,361597,"Linyi Guangqi Furniture Co., Ltd",APS AEOF,1.0,0.0,0.0,10.0,14.0,4.0,0.9031672715275487,176.1,Chicago Loop,,,,,,,,,,,,,,,,,,,,,,False,False
473999,"FoshanchengyuejujiajuCo.,ltd CA 91761",444666,"FoshanchengyuejujiajuCo.,ltd",APS AEOF,1.0,1.0,1.0,11.0,7.0,-4.0,0.9926799726157248,13.9,New Brighton Ncpc,,,,,,,,,,,,,,,,,,,,,,False,False
474222,美西 WPLA11 Unit A,453083,PHEAKDEY LLC,Rugs,1.0,1.0,1.0,10.0,8.0,-2.0,0.9846559899794219,34.3,Columbus,,,,,,,,,,,,,,,,,,,,,,False,False
474236,VECELO CA 91730,39645,VECELO,APS Bedroom,1.0,1.0,1.0,9.0,7.0,-2.0,0.9975106227735095,5.8,North Canton,,,,,,,,,,,,,,,,,,,,,,False,False
475100,shenzhenshikuerduokejiyouxiangongsi CA 92335,464346,shenzhenshikuerduokejiyouxiangongsi,APS Bedroom,1.0,1.0,1.0,9.0,9.0,0.0,0.942871022589264,117.6,Romeoville Ncpc,,,,,,,,,,,,,,,,,,,,,,False,False
475218,"Ningbo Maowei E-commerce Co., Ltd. GA 30297",293239,"Ningbo Maowei E-commerce Co., Ltd.",APS Outdoor,1.0,0.0,1.0,9.0,6.0,-3.0,0.940523842673164,136.7,Columbus,,,,,,,,,,,,,,,,,,,,,,False,False
475258,Shen Zhen Shi Wei Bai Ke Ji You Xian Gong Si CA 91761,80274,Shen Zhen Shi Wei Bai Ke Ji You Xian Gong Si,APS Bedroom,1.0,1.0,1.0,8.0,6.0,-2.0,0.9862134088762984,21.9,Kansas City Local,,,,,,,,,,,,,,,,,,,,,,False,False
475581,Fuleadture Inc CA 92337,72178,Fuleadture Inc,APS Housewares & More,1.0,1.0,1.0,8.0,7.0,-1.0,0.996062327726838,7.0,St. Louis,,,,,,,,,,,,,,,,,,,,,,False,False
240966,Twin Star Home WA 98032,1384,Twin Star Home,Casegoods,1.0,1.0,1.0,7.0,6.0,-1.0,0.985560938538995,30.4,North St.Louis,,,,,,,,,,,,,,,,,,,,,,False,False
241134,Oriental Tree INC CA 92881,88782,Oriental Tree INC,APS Home Improvement,1.0,1.0,1.0,10.0,9.0,-1.0,0.9863989316979079,27.5,Greenwood,,,,,,,,,,1.0,0.0,1.0,7.0,4.0,-3.0,0.7101622466332674,630.6,King Of Prussia,,,,False,True
242055,21 Tech Solutions LLC OR 97008,241911,21 Tech Solutions LLC,Wayfair,1.0,1.0,1.0,36.0,24.0,-12.0,0.9414046999691371,132.9,Northern Kentucky,,,,,,,,,,,,,,,,,,,,,,False,False
340751,"Shenzhen Saitu Information Technology Co., Ltd. CA 91761",156196,"Shenzhen Saitu Information Technology Co., Ltd.",APS,1.0,1.0,1.0,7.0,7.0,0.0,0.9522591275691614,110.1,Toledo,,,,,,,,,,,,,,,,,,,,,,False,False
340846,American Eco Living Inc CA 90201,64600,American Eco Living Inc,APS Outdoor,1.0,1.0,1.0,11.0,10.0,-1.0,0.9355087358684482,150.6,Columbus,,,,,,,,,,,,,,,,,,,,,,False,False
340871,Yantaishi ningxinshangmao(LA Y3 ) CA 92880,231205,Yantaishi ningxinshangmao youxiangongsi,APS Mattresses,1.0,1.0,1.0,11.0,10.0,-1.0,0.9984884474195639,2.8,Dubuque,,,,,,,,,,,,,,,,,,,,,,False,False
341160,MAKE MNY LLC CA 91731,314563,MAKE MNY LLC,Wayfair,1.0,1.0,0.0,7.0,8.0,1.0,0.9713444997736531,63.3,Columbus,,,,,,,,,,,,,,,,,,,,,,False,False
341265,Glamour Home Decor CA 91761,26099,Glamour Home Decor,Casegoods,1.0,0.0,1.0,8.0,8.0,0.0,0.9109842913455316,151.3,Lenexa,,,,,,,,,,,,,,,,,,,,,,False,False
238006,LTI-W-6-001,115530,ShenZhenshi YIWEN SHANGMAOYOUXIANGONGSI,APS,1.0,1.0,1.0,7.0,7.0,0.0,0.9278971271112926,141.3,Romeoville Ncpc,,,,,,,,,,,,,,,,,,,,,,False,False
238391,Geneva Home CA 90638,19693,Geneva Home,Soft Home,1.0,1.0,1.0,10.0,10.0,0.0,0.9842553393901917,33.1,Greenwood,,,,,,,,,,,,,,,,,,,,,,False,False
238727,ASASIANS LLC CA 91761,217714,ASASIANS LLC,Tabletop,1.0,1.0,1.0,11.0,9.0,-2.0,0.9944068561118629,12.4,Columbus,,,,,,,,,,,,,,,,,,,,,,False,False
239161,EMG GA 31407,806,EMG,Kitchen & Small Electrics,1.0,0.0,1.0,8.0,6.0,-2.0,0.9975247524752475,4.9,Chicago,,,,,,,,,,,,,,,,,,,,,,False,False
239663,YOHO Bedding INC CA 92410,72734,"VISION VORTEX CO.,LTD",APS Outdoor,1.0,1.0,1.0,11.0,8.0,-3.0,0.9936215076436479,12.1,New Brighton Ncpc,,,,,,,,,,,,,,,,,,,,,,False,False
239851,QK-WPLA,212870,LUNLING HOUSEHOLD INC,APS,1.0,1.0,1.0,7.0,7.0,0.0,0.9731234499164854,53.1,Romeoville Rsf,,,,,,,,,,,,,,,,,,,,,,False,False
239910,Speed InTech LLC CA 92614,239903,Speed InTech LLC,Tabletop,1.0,1.0,1.0,12.0,10.0,-2.0,0.9732910076076843,48.8,North St.Louis,,,,,,,,,,,,,,,,,,,,,,False,False
240724,bazhoushiderongjiajuyouxiangongsi CA4,227111,bazhoushiderongjiajuyouxiangongsi,APS,1.0,1.0,1.0,9.0,7.0,-2.0,0.9918964190320974,17.9,Columbus,,,,,,,,,,,,,,,,,,,,,,False,False
338942,hangzhou wentong crafts furniture NJ 08016 (2),67813,hangzhou wentong crafts furniture manufacturing co,APS Upholstery,1.0,1.0,1.0,6.0,5.0,-1.0,0.9535702549176095,98.9,Chicago,,,,,,,,,,,,,,,,,,,,,,False,False
338949,Nanping Jianyang District Shanye Laity CA 91761(2),207644,Nanping Jianyang District Shanye Laity Tea Co. LTD,APS Home Improvement,1.0,1.0,1.0,11.0,10.0,-1.0,0.9973092349088694,5.3,Romeoville Rsf,,,,,,,,,,,,,,,,,,,,,,False,False
339097,COCO-RE-WF-NX,77609,nauxus inc,Plumbing,1.0,1.0,1.0,10.0,10.0,0.0,0.9318939717828131,159.3,Columbus,,,,,,,,,,,,,,,,,,,,,,False,False
339209,"Shenzhen Dayu Shuchuang Technology Co., Ltd CA 91761",338662,"Shenzhen Dayu Shuchuang Technology Co., Ltd",Wayfair,1.0,1.0,1.0,10.0,8.0,-2.0,0.9518505909245659,99.0,Greenwood,,,,,,,,,,,,,,,,,,,,,,False,False
340344,SOILDPAL TECH LIMITED CA 92880,337617,SOILDPAL TECH LIMITED,Wayfair,1.0,0.0,1.0,9.0,8.0,-1.0,0.991597907023546,16.7,Chicago,,,,,,,,,,,,,,,,,,,,,,False,False
237893,Ash Moonshine Inc CA 92626,237892,Ash Moonshine Inc,Wayfair,1.0,0.0,0.0,8.0,10.0,2.0,0.7860108366758145,304.1,Kansas City,,,,,,,,,,,,,,,,,,,,,,False,False
237895,Kitchen Mama LLC CA 91767,237148,Kitchen Mama LLC,Kitchen & Small Electrics,1.0,1.0,1.0,11.0,10.0,-1.0,0.9568690095846646,91.8,Toledo,,,,,,,,,,,,,,,,,,,,,,False,False
237964,Jishi-CA-LA0001,53013,Ningbo Jiangdong Peter International Trading CoLTD,APS Outdoor,1.0,1.0,1.0,9.0,6.0,-3.0,0.979941242022085,39.6,Romeoville Rsf,,,,,,,,,,,,,,,,,,,,,,False,False
486922,hangzhoudongmeidianzishangwuyouxiangongsi CA 92316,203629,hangzhoudongmeidianzishangwuyouxiangongsi,APS Upholstery,1.0,1.0,1.0,9.0,8.0,-1.0,0.9827927884383006,35.6,Kalamazoo,,,,,,,,,,,,,,,,,,,,,,False,False
486943,Moonlight INC. CA 91761	,63567,Moonlight INC.,Casegoods,1.0,0.0,1.0,9.0,9.0,0.0,0.9893617021276596,17.0,North Kansas City Ncpc,,,,,,,,,,,,,,,,,,,,,,False,False
338128,Climb Away Inc CA 92337,333356,Climb Away Inc,APS AEOF,1.0,1.0,1.0,7.0,6.0,-1.0,0.9310344827586208,162.6,West Columbus,,,,,,,,,,1.0,1.0,1.0,8.0,5.0,-3.0,0.6793516919012295,631.1,East Chattanooga,,,,False,True
338464,苏州匠茂晟科技有限公司 CA 90670,338344,jiangmaoshengkeji,APS Housewares & More,1.0,0.0,1.0,9.0,9.0,0.0,0.9387923147301006,133.8,Greenwood,,,,,,,,,,,,,,,,,,,,,,False,False
338521,foshan haohan zhinengjiaju youxiangongsi CA 91752,292836,foshan haohan zhinengjiaju youxiangongsi,APS Youth,1.0,1.0,1.0,12.0,12.0,0.0,0.9647712388780995,78.0,Toledo,,,,,,,,,,,,,,,,,,,,,,False,False
338538,Shenzhenshi yingteke keji youxian gongsi CA 91762,214733,Shenzhenshi yingteke keji youxian gongsi,APS Youth,1.0,1.0,1.0,9.0,8.0,-1.0,0.9315027755749405,138.2,South Chicago,,,,,,,,,,,,,,,,,,,,,,False,False
338886,ASOPIX CO CA 91762,282495,ASOPIX CO,Casegoods,1.0,1.0,1.0,11.0,8.0,-3.0,0.9092469953397105,185.0,Columbus,,,,,,,,,,,,,,,,,,,,,,False,False
338894,"Hebei Xiong'an Benq Trading Co., Ltd CA 92410",249169,"Hebei Xiong'an Benq Trading Co., Ltd",APS Mattresses,1.0,0.0,0.0,7.0,8.0,1.0,0.9921295826139941,15.5,Chicago,,,,,,,,,,,,,,,,,,,,,,False,False
334239,Blu Aired Merch Inc CA 92880,277348,Blu Aired Merch Inc,Outdoor Furniture,1.0,1.0,1.0,9.0,8.0,-1.0,0.988953050464474,22.0,Chicago Loop,,,,,,,,,,,,,,,,,,,,,,False,False
334342,Lux Home CA 91730,38814,Lux Home,Plumbing,1.0,1.0,1.0,8.0,7.0,-1.0,0.987108103477814,30.1,Gaylord,,,,,,,,,,,,,,,,,,,,,,False,False
334612,"XinghuaFeixiTradingCo.,Ltd CA3-92337",334599,"Xinghua Feixi Trading Co., Ltd",Wayfair,1.0,1.0,1.0,8.0,8.0,0.0,0.9826648175805419,32.5,Maple Grove,,,,,,,,,,,,,,,,,,,,,,False,False
334619,SUN EAST FURNITURE INC CA 92374,73762,SUN EAST FURNITURE INC,APS Bedroom,1.0,1.0,1.0,7.0,7.0,0.0,0.963119167264896,82.2,Toledo,,,,,,,,,,,,,,,,,,,,,,False,False
334854,Cottage Chic Ltd CA 92376,304307,Cottage Chic Ltd,Soft Home,1.0,1.0,0.0,,5.0,,0.9332669794777004,140.8,Greenwood,,,,,,,,,,,,,,,,,,,,,,False,False
334882,West 2,334320,"Shenzhen Zhuoyuan Technology Co., Ltd.",APS Housewares & More,1.0,1.0,1.0,7.0,6.0,-1.0,0.9971863621317445,5.1,Fargo,,,,,,,,,,,,,,,,,,,,,,False,False
334962,"Minhou Minxing Weaving CO.,Ltd CA 91764",62617,"Minhou Minxing Weaving CO.,Ltd",APS,1.0,1.0,1.0,10.0,10.0,0.0,0.9625668449197862,82.6,Toledo,,,,,,,,,,,,,,,,,,,,,,False,False
335941,foshanwangbaoguodianzishangwuyou CA 91752,320578,foshanwangbaoguodianzishangwuyouxiangongsi,APS,1.0,1.0,1.0,7.0,7.0,0.0,0.9954964072462301,8.9,Chicago Loop,,,,,,,,,,,,,,,,,,,,,,False,False
246232,DELTA FURNITURE INC. CA 91761,80044,DELTA FURNITURE INC.,Casegoods,1.0,1.0,1.0,10.0,9.0,-1.0,0.950139935414424,115.8,Toledo,,,,,,,,,,,,,,,,,,,,,,False,False
246314,"CURLS RX BEAUTY, LLC CA 91710",240976,"CURLS RX BEAUTY, LLC",Upholstery,1.0,1.0,1.0,11.0,8.0,-3.0,0.9774467492691077,48.6,Northern Kentucky,,,,,,,,,,,,,,,,,,,,,,False,False
333050,foshanshi zuonenghengda CA 92376,325893,foshanshizuonenghengdamaoyiyouxiangongsi,Mattress,1.0,0.0,0.0,9.0,12.0,3.0,0.9945755237045203,12.3,Sterling Heights,,,,,,,,,,,,,,,,,,,,,,False,False
333170,COPE-W-7-001,115530,ShenZhenshi YIWEN SHANGMAOYOUXIANGONGSI,APS K&D,1.0,1.0,1.0,11.0,5.0,-6.0,0.9629316858527045,83.4,Toledo,,,,,,,,,,,,,,,,,,,,,,False,False
333519,JZ Home Decor LLC CA 91730,46785,JZ Home Decor LLC,APS Bedroom,1.0,1.0,1.0,11.0,8.0,-3.0,0.9911521824616595,18.0,Greenwood,,,,,,,,,,,,,,,,,,,,,,False,False
333736,[GC-W-3-001],115530,ShenZhenshi YIWEN SHANGMAOYOUXIANGONGSI,APS K&D,1.0,1.0,1.0,7.0,6.0,-1.0,0.9876825456072411,26.4,Northern Kentucky,,,,,,,,,,,,,,,,,,,,,,False,False
333753,WPLA11 92410,333603,"HONG KONG SECOND CUBIC INTERNATIONAL TRADING CO., LIMITED",Wayfair,1.0,1.0,1.0,11.0,9.0,-2.0,0.9793956043956044,40.5,Mccook,,,,,,,,,,,,,,,,,,,,,,False,False
334018,luoyangrishengmaoyiyouxiangongsi CA 91730,332562,luoyangrishengmaoyiyouxiangongsi,APS AEOF,1.0,1.0,1.0,11.0,8.0,-3.0,0.9839290240811153,31.7,Romeoville Ncpc,,,,,,,,,,,,,,,,,,,,,,False,False
343143,Tuo meng INC CA 91761(5),73813,Tuo meng INC,Casegoods,1.0,1.0,1.0,9.0,8.0,-1.0,0.9424606189535532,113.6,Maple Grove,,,,,,,,,,,,,,,,,,,,,,False,False
233974,BURDOCK PROPERTY LIMITED CA 91730,221637,BURDOCK PROPERTY LIMITED,DE Furniture,1.0,1.0,1.0,13.0,7.0,-6.0,0.9775641025641026,51.1,Cadillac,,,,,,,,,,,,,,,,,,,,,,False,False
233988,ningpomaijia Ecommerce CoLtd CA 91710,233934,ningpomaijia Ecommerce CoLtd,Other,1.0,1.0,1.0,8.0,7.0,-1.0,0.9882643235435724,19.5,Des Moines,,,,,,,,,,,,,,,,,,,,,,False,False
234726,guangzhoushilingyingkejiyouxiangongsi CA 90670,234591,Meroy Odelia Wholesale LLC,Wayfair,1.0,1.0,1.0,9.0,7.0,-2.0,0.8280391823792537,303.7,Chicago,,,,,,,,,,,,,,,,,,,,,,False,False
235166,WH05,80820,Park Haven Inc,APS,1.0,0.0,0.0,11.0,17.0,6.0,0.9909219285858382,18.0,Chicago,,,,,,,,,,,,,,,,,,,,,,False,False
235279,Shenzhen Zhichen Trading Co. LTD. CA 92509,59517,Shenzhen Zhichen Trading Co. LTD.,APS K&D,1.0,1.0,1.0,7.0,6.0,-1.0,0.9675828409966607,63.1,New Brighton Ncpc,,,,,,,,,,,,,,,,,,,,,,False,False
235653,1234buy.com Inc-WH Level,52951,1234buy.com Inc,Appliances,1.0,1.0,1.0,7.0,7.0,0.0,0.9339700392689193,136.2,Northern Kentucky,,,,,,,,,,,,,,,,,,,,,,False,False
246214,Hadda Kella INC CA 92337,182898,Hadda Kella INC,Decor,1.0,1.0,1.0,8.0,7.0,-1.0,0.9766424009646733,52.3,Toledo,,,,,,,,,,,,,,,,,,,,,,False,False
341796,"DALI FORTUNE TRADE CO.,LIMITED CA 91789(2)",82169,"DALI FORTUNE TRADE CO.,LIMITED",APS Rugs,1.0,1.0,1.0,7.0,7.0,0.0,0.9671954826566282,73.2,Toledo,,,,,,,,,,,,,,,,,,,,,,False,False
341799,suzhou ebizplus ecommerce Ltd CA 91748,65185,"Robotime Technology (Suzhou) Co.,Ltd",APS Youth,1.0,1.0,1.0,9.0,7.0,-2.0,0.9841782729805013,28.4,North St.Louis,,,,,,,,,,,,,,,,,,,,,,False,False
341961,"Qingdao Jinhuayuan International Trading Co., Ltd. CA 91761",341065,Qingdaojinhuiyuanguojimaoyiyouxiangongsi,Wayfair,1.0,1.0,1.0,10.0,9.0,-1.0,0.9346240755957272,127.3,New Brighton Ncpc,,,,,,,,,,,,,,,,,,,,,,False,False
342441,angeloHOME CA 90670,30471,angeloHOME,Decor,1.0,1.0,1.0,12.0,7.0,-5.0,0.9947384096098482,10.6,Chicago,,,,,,,,,,,,,,,,,,,,,,False,False
342458,"Zhongshan Geyang Lighting Co., Ltd CA 91730",327048,"Zhongshan Geyang Lighting Co., Ltd",APS Home Improvement,1.0,1.0,1.0,9.0,5.0,-4.0,0.9750543945757223,49.3,Chicago,,,,,,,,,,,,,,,,,,,,,,False,False
342545,"ROOM FULL OF ROOMS, LLC CA 91761",203102,"ROOM FULL OF ROOMS, LLC",Casegoods,1.0,1.0,1.0,9.0,7.0,-2.0,0.9122876074263596,133.7,North Kansas City Ncpc,,,,,,,,,,,,,,,,,,,,,,False,False
342640,LALA  WONZ INC. CA 91789,56227,LALA  WONZ INC.,APS Bedroom,1.0,0.0,0.0,9.0,11.0,2.0,0.9928953819982989,14.2,Wheeling,,,,,,,,,,,,,,,,,,,,,,False,False
343091,Silveria Glass Inc CA 91702,206247,Silveria Glass Inc,APS,1.0,1.0,1.0,11.0,10.0,-1.0,0.9916353618832957,16.7,Mccook,,,,,,,,,,,,,,,,,,,,,,False,False
345658,weifangchunshengdianzishangwuyouxiangongsi CA 91710,345338,weifangchunshengdianzishangwuyouxiangongsi,Wayfair,1.0,1.0,1.0,8.0,6.0,-2.0,0.9925731319153236,14.7,Munster,,,,,,,,,,,,,,,,,,,,,,False,False
345799,SPRINGDIAL (HK) E-COMMERCE LIMITED CA 92337 (6),68916,SPRINGDIAL (HK) E-COMMERCE LIMITED,APS,1.0,1.0,1.0,7.0,5.0,-2.0,0.9833061150426419,36.8,Toledo,,,,,,,,,,,,,,,,,,,,,,False,False
346082,"Fuzhou Xiamu Trading Co., Ltd. CA 91730",342902,"Fuzhou Xiamu Trading Co., Ltd.",Wayfair,1.0,1.0,1.0,9.0,6.0,-3.0,0.986603462489695,26.0,Mccook,,,,,,,,,,,,,,,,,,,,,,False,False
346147,"Hangzhou Fangke Shenlin Technology Co., LTD CA 92509",346145,"Hangzhou Fangke Shenlin Technology Co., LTD",Wayfair,1.0,1.0,1.0,8.0,6.0,-2.0,0.9712197762540599,63.8,Toledo,,,,,,,,,,,,,,,,,,,,,,False,False
346468,"Chenggu Hengxin Trading Co., Ltd. CA 91761",326423,"Chenggu Hengxin Trading Co., Ltd.",APS Bedroom,1.0,1.0,1.0,12.0,8.0,-4.0,0.8799917767384489,233.5,Murfreesboro,,,,,,,,,,,,,,,,,,,,,,False,False
346554,得它万维（深圳）科技有限公司 CA 91761(2),341115,DetaWanweiShenzhenKejiYouxiangongsi_1,Wayfair,1.0,1.0,1.0,12.0,8.0,-4.0,0.9298203128783842,144.9,Northern Kentucky,,,,,,,,,,,,,,,,,,,,,,False,False
346556,得它万维（深圳）科技有限公司 CA 91761(1),341115,DetaWanweiShenzhenKejiYouxiangongsi_1,Wayfair,1.0,1.0,1.0,9.0,7.0,-2.0,0.9865591397849462,26.5,Mccook,,,,,,,,,,,,,,,,,,,,,,False,False
347065,Vintage Home Co.Ltd CA 92316,254237,Vintage Home Co.Ltd,APS Home Improvement,1.0,1.0,1.0,8.0,7.0,-1.0,0.9814891416752844,35.8,Chicago,,,,,,,,,,,,,,,,,,,,,,False,False
344282,The Home Biz LLC CA 92626 ,275756,The Home Biz LLC,Casegoods,1.0,0.0,0.0,9.0,17.0,8.0,0.9901812014638935,22.0,West Columbus,,,,,,,,,,,,,,,,,,,,,,False,False
344311,shenzhenfuduosishangmaoyouxiangongsi CA 92335,325706,shenzhenfuduosishangmaoyouxiangongsi,APS Housewares & More,1.0,1.0,0.0,7.0,10.0,3.0,0.9284450390574424,165.8,Columbus,,,,,,,,,,,,,,,,,,,,,,False,False
344363,"Xuchang Suoteng Network Technology Co.,Ltd CA 92337",72498,"SOOTEN INTERNATIONAL TRADING CO., LIMITED_1",APS Bedroom,1.0,1.0,1.0,11.0,7.0,-4.0,0.9874236275253089,28.2,Saginaw,,,,,,,,,,,,,,,,,,,,,,False,False
344784,ningbosanheyongshengkejiyouxiangongsi CA 92337 (2),219040,ningbosanheyongshengkejiyouxiangongsi,APS,1.0,1.0,1.0,10.0,7.0,-3.0,0.8908395865779414,231.3,New Brighton Ncpc,,,,,,,,,,,,,,,,,,,,,,False,False
344800,"he jin(shen zhen)chuang xin ke ji Co., Ltd CA 90670",343557,"he jin(shen zhen)chuang xin ke ji Co., Ltd",Wayfair,1.0,1.0,1.0,12.0,11.0,-1.0,0.9271325405875006,134.2,Maple Grove,,,,,,,,,,,,,,,,,,,,,,False,False
344812,Jiufang 17,329334,"Jiangmen Allred Lighting Technology Co., Ltd.",APS Home Improvement,1.0,0.0,0.0,7.0,8.0,1.0,0.8992612163021674,205.9,Chicago,,,,,,,,,,,,,,,,,,,,,,False,False
345117,zhongshanshishengchangzhaomingyouxiangongsi CA 91710,344173,zhongshanshishengchangzhaomingyouxiangongsi,Wayfair,1.0,1.0,1.0,11.0,9.0,-2.0,0.9971748562203613,5.6,Chicago Loop,,,,,,,,,,,,,,,,,,,,,,False,False
345518,anjigufengjiajuyouxiangongsi CA 92337,335216,anjigufengjiajuyouxiangongsi,APS,1.0,1.0,1.0,11.0,8.0,-3.0,0.9715808973026702,62.9,Toledo,,,,,,,,,,,,,,,,,,,,,,False,False
235815,Rayman Light Inc CAJW,64300,Rayman Light Inc,APS Home Improvement,1.0,0.0,0.0,8.0,9.0,1.0,0.9778030734206034,35.1,Lenexa,,,,,,,,,,,,,,,,,,,,,,False,False
235972,shanxikunzeyujiadianzishangwuyouxiang GOODCANG,94755,shanxikunzeyujiadianzishangwuyouxiangongsi,APS Youth,1.0,1.0,1.0,9.0,9.0,0.0,0.9953830542871639,9.1,Carol Stream,,,,,,,,,,,,,,,,,,,,,,False,False
236467,True Innovations & Design (USA) LLC CA 91752,14383,True Innovations & Design (USA) LLC,Upholstery,1.0,1.0,1.0,9.0,8.0,-1.0,0.9915340160194667,16.7,Mccook,,,,,,,,,,,,,,,,,,,,,,False,False
236615,Rogersound CA10.,186944,Yiwu Dai Bo E-commerce Co.,APS Wayfair Professional,1.0,1.0,1.0,20.0,7.0,-13.0,0.8933020314296665,222.7,Romeoville Rsf,,,,,,,,,,,,,,,,,,,,,,False,False
237107,浣熊美西新A ontario,67813,hangzhou wentong crafts furniture manufacturing co,APS Upholstery,1.0,1.0,1.0,12.0,6.0,-6.0,0.9963359226146856,7.5,Louisville,,,,,,,,,,,,,,,,,,,,,,False,False
343372,shenzhenshifeihuangxinxijishuyouxiangongsi CA 92337,294559,shenzhenshifeihuangxinxijishuyouxiangongsi,APS Decor,1.0,1.0,1.0,8.0,6.0,-2.0,0.9835199181678695,29.0,South St. Louis,,,,,,,,,,,,,,,,,,,,,,False,False
343550,"Wuhan Shichuang enterprise management Co., Ltd. CA 91750",342271,"Wuhan Shichuang enterprise management Co., Ltd.",Wayfair,1.0,1.0,1.0,9.0,7.0,-2.0,0.9905827609129182,17.0,North St.Louis,,,,,,,,,,,,,,,,,,,,,,False,False
343855,Shenzhen Jiahengxin Technology Co. CA 91710(3),125143,"HONG KONG LANCAI TECHNOLOGY CO., LIMITED",APS Home Improvement,1.0,1.0,1.0,10.0,8.0,-2.0,0.9793127986174647,40.7,Chicago,,,,,,,,,,,,,,,,,,,,,,False,False
336080,"Yiwu Guali Electronic Commerce Co., Ltd. CA 91752",153269,"Yiwu Guali Electronic Commerce Co., Ltd.",APS,1.0,1.0,1.0,9.0,8.0,-1.0,0.9579608814939375,95.0,Toledo,,,,,,,,,,,,,,,,,,,,,,False,False
336098,Shenzhen Zhongqi Century Technology Co CA 91710(2),91093,Light-Year E-commerce Limited,APS Home Improvement,1.0,1.0,1.0,9.0,7.0,-2.0,0.9773304869370744,44.6,South Chicago,,,,,,,,,,,,,,,,,,,,,,False,False
336547,Bureau Office Inc CA 93725,332945,Bureau Office Inc,Wayfair Professional,1.0,1.0,1.0,8.0,7.0,-1.0,0.9932986170394401,15.7,Lansing,,,,,,,,,,,,,,,,,,,,,,False,False
336632,Shenzhen Tanggelao Technology CAN1,62404,Join In Technology Limited,APS,1.0,1.0,1.0,9.0,7.0,-2.0,0.9929191985135339,14.1,Mccook,,,,,,,,,,,,,,,,,,,,,,False,False
336746,shenzhenshiqishanghongyuekngsi CAN2 91761,333931,shenzhenshiqishanghongyuekejiyouxiangongsi,Soft Home,1.0,1.0,1.0,14.0,7.0,-7.0,0.9788330386461227,41.9,North Chicago,,,,,,,,,,,,,,,,,,,,,,False,False
337002,LN-ROCKOMS-CA,303837,nanjingwuhaizhinengjiajuyouxiangongsi,APS Wayfair Professional,1.0,1.0,1.0,10.0,6.0,-4.0,0.93877373658367,140.9,West Columbus,,,,,,,,,,,,,,,,,,,,,,False,False
337553,Gourmia CA 91761,58497,Gourmia,Kitchen & Small Electrics,1.0,1.0,1.0,8.0,7.0,-1.0,0.9850857568978374,32.0,North Cincinnati,,,,,,,,,,,,,,,,,,,,,,False,False
337605,"Shenzhen Chitado Technology CO.,LTD CA 92316",302484,"Shenzhen Chitado Technology CO.,LTD",APS,1.0,1.0,1.0,10.0,10.0,0.0,0.9900189882662253,20.5,North  Indianapolis,,,,,,,,,,,,,,,,,,,,,,False,False
348552,"Luoyang Xingman Furniture Co., Ltd. CA 91710",348540,"Luoyang Xingman Furniture Co., Ltd.",Wayfair,1.0,1.0,1.0,9.0,6.0,-3.0,0.997258604934511,5.4,Romeoville Rsf,,,,,,,,,,,,,,,,,,,,,,False,False
348594,Ju Liang Yun ( Shen Zhen ) Ke Ji You Xian CA 92337,341112,Ju Liang Yun ( Shen Zhen ) Ke Ji You Xian Gong Si,Upholstery,1.0,1.0,1.0,9.0,8.0,-1.0,0.9319232661091982,138.4,Romeoville Rsf,,,,,,,,,,,,,,,,,,,,,,False,False
348640,"Ningbo Xin Su Da Trading Co., Ltd. CA 91702 (2)",79381,HONGKONG AODK UNIVERSAL LIMITED,APS AEOF,1.0,1.0,1.0,9.0,8.0,-1.0,0.9901664145234493,22.1,Columbus,,,,,,,,,,,,,,,,,,,,,,False,False
348797,BIGHOUSE LIGHTING INC CA 92316,200844,BIGHOUSE LIGHTING INC,APS Home Improvement,1.0,1.0,1.0,10.0,4.0,-6.0,0.9158578783019664,199.4,Columbus,,,,,,,,,,,,,,,,,,,,,,False,False
348970,"Hangzhou Yugu Trading Co., Ltd CA 91708",79076,"Hangzhou Yugu Trading Co., Ltd",APS Home Improvement,1.0,1.0,1.0,11.0,10.0,-1.0,0.9846739245322904,29.0,Maple Grove,,,,,,,,,,,,,,,,,,,,,,False,False
348979,       WPLA15,190899,Mopio Inc,Casegoods,1.0,0.0,1.0,9.0,9.0,0.0,0.989834108840785,20.1,Chicago,,,,,,,,,,,,,,,,,,,,,,False,False
349225,Cathy15,82169,"DALI FORTUNE TRADE CO.,LIMITED",APS Rugs,1.0,1.0,1.0,7.0,7.0,0.0,0.9869567406959762,25.9,Chicago,,,,,,,,,,,,,,,,,,,,,,False,False
349236,Golden Just Co. CA 91763,67410,Golden Just Co.,APS AEOF,1.0,1.0,1.0,9.0,7.0,-2.0,0.9475909789851359,122.7,Columbus,,,,,,,,,,,,,,,,,,,,,,False,False
230436,YAD International CA,52920,YAD International,Casegoods,1.0,0.0,0.0,7.0,10.0,3.0,0.991156119690235,19.3,Cincinnati,,,,,,,,,,,,,,,,,,,,,,False,False
230566,Yantai Aifengdianzishangwu Youxiangongsi 美国洛杉矶仓,226548,Hong Kong Kaituo Limited_1,APS,1.0,1.0,1.0,8.0,8.0,0.0,0.9951192145862552,8.7,St. Louis,,,,,,,,,,,,,,,,,,,,,,False,False
231059,G Debrekht CA,2417,"IVIS Home & Holiday Décor, LLC",Decor,1.0,1.0,1.0,14.0,9.0,-5.0,0.9965358539120107,7.0,Chicago,,,,,,,,,,,,,,,,,,,,,,False,False
231674,RJS CA warehouse,201937,Zhong Shan Tian Le Wei Yu You Xian Gong Si,APS Youth,1.0,1.0,0.0,7.0,8.0,1.0,0.9872909210430209,17.4,Wichita,,,,,,,,,,,,,,,,,,,,,,False,False
232547,KSCA,103170,shenzhenshi bonaite dianzishangwu youxiangongsi,APS Housewares & More,1.0,1.0,1.0,9.0,7.0,-2.0,0.9411216260314205,126.3,Greenwood,,,,,,,,,,,,,,,,,,,,,,False,False
233131,"QINGDAO THEODORE TRADING CO.,LTD CA2",211665,LAIHAMEUS INDUSTRIAL LIMITED,APS,1.0,1.0,1.0,11.0,11.0,0.0,0.9825953416943947,34.0,Chicago,,,,,,,,,,,,,,,,,,,,,,False,False
233275,Gucang-USWE,106286,Zhongshanshihuaqizhaomingyouxiangongs,APS Home Improvement,1.0,1.0,1.0,11.0,8.0,-3.0,0.9831715526071899,34.5,Greenwood,,,,,,,,,,,,,,,,,,,,,,False,False
233494,MK CA5 92337,66334,Modland Inc,APS Home Improvement,1.0,1.0,1.0,13.0,8.0,-5.0,0.985083683066188,29.5,Chicago,,,,,,,,,,,,,,,,,,,,,,False,False
348170,Gaomon Innovation Inc CA 92337 (2),334372,Gaomon Innovation Inc,Casegoods,1.0,1.0,1.0,9.0,9.0,0.0,0.8684823193498792,299.4,Toledo,,,,,,,,,,,,,,,,,,,,,,False,False
348194,Foshan Shi Le Yi Jia Ju Chang CA 92410,271583,Foshan Shi Le Yi Jia Ju Chang,APS Home Improvement,1.0,1.0,1.0,10.0,6.0,-4.0,1.0,0.0,Jefferson City,,,,,,,,,,,,,,,,,,,,,,False,False
348232,运去哪儿 - CA美西仓,266821,"Hangzhou Yisibai Supply Chain Management Co.,Ltd.",APS Decor,1.0,1.0,1.0,8.0,7.0,-1.0,0.9431856611430505,117.6,Romeoville Rsf,,,,,,,,,,,,,,,,,,,,,,False,False
348236,Ningbo Youzi Jinchukou Youxiangongsi CA 91708,81688,Ningbo Youzi Jinchukou Youxiangongsi,APS Upholstery,1.0,0.0,1.0,9.0,9.0,0.0,0.98422632676945,31.0,East Carol Stream,,,,,,,,,,,,,,,,,,,,,,False,False
227728,LA2,166668,COVERCO INDUSTRIAL CO. LIMITED,APS,1.0,1.0,1.0,8.0,8.0,0.0,0.9931510632421983,12.4,St. Louis,,,,,,,,,,,,,,,,,,,,,,False,False
228060,YOUZI CA5,91946,shao xing you zi qi che yong pin you xian gong si,Tabletop,1.0,1.0,1.0,11.0,8.0,-3.0,0.9434706210088715,131.9,Toledo,,,,,,,,,,,,,,,,,,,,,,False,False
228493,Chaozhou Xingning Chu Wei Ke Ji You Xian CA5,217063,Chaozhou Xingning Chu Wei Ke Ji You Xian Gong Si,Plumbing,1.0,1.0,1.0,10.0,9.0,-1.0,0.9704628185127405,56.8,Chicago,,,,,,,,,,,,,,,,,,,,,,False,False
229619,ShipOut-CA,133448,"Zhongshan xiaobailong Lighting Engineering Co.,Ltd_1",APS Home Improvement,1.0,1.0,1.0,10.0,7.0,-3.0,0.9526552742411774,97.8,Northern Kentucky,,,,,,,,,,,,,,,,,,,,,,False,False
347217,Edenbrook Home Inc CA 92626,271339,Edenbrook Home Inc,Upholstery,1.0,1.0,0.0,8.0,9.0,1.0,0.9948563232602997,10.4,Chicago Loop,,,,,,,,,,,,,,,,,,,,,,False,False
347227,The Home Biz LLC CA 91761 (2),275756,The Home Biz LLC,Casegoods,1.0,1.0,1.0,9.0,8.0,-1.0,0.9739024883673882,51.6,Romeoville Ncpc,,,,,,,,,,,,,,,,,,,,,,False,False
347245,beijingqiyankejiyouxiangongsi CA 92376,347092,beijingqiyankejiyouxiangongsi,Wayfair,1.0,0.0,0.0,9.0,11.0,2.0,0.9789527985555843,40.8,Champaign,,,,,,,,,,,,,,,,,,,,,,False,False
347418,Global Retail Brands USA LLC CA 90021,122293,Global Retail Brands USA LLC,Kitchen & Small Electrics,1.0,1.0,1.0,10.0,9.0,-1.0,0.9724201636315651,62.7,Toledo,,,,,,,,,,,,,,,,,,,,,,False,False
347536,ningbogangwanhuwaiyongpinyouxiegongsi CA 91761(2),203295,ningbogangwanhuwaiyongpinyouxiegongsi,APS Outdoor,1.0,1.0,1.0,9.0,9.0,0.0,0.9497114223077266,112.4,Toledo,,,,,,,,,,,,,,,,,,,,,,False,False
347725,FEEDING JOY LLC CA 92337,347123,FEEDING JOY LLC,Wayfair,1.0,1.0,1.0,7.0,7.0,0.0,0.9983299003507209,3.0,Fargo,,,,,,,,,,,,,,,,,,,,,,False,False
347970,Fabdivine LLC IL 60611 (2),231459,Fabdivine LLC,Soft Home,1.0,1.0,1.0,27.0,11.0,-16.0,0.9897969491867865,20.2,Chicago Loop,,,,,,,,,,,,,,,,,,,,,,False,False
348107,"wuhanjishixingTechnologyco.,limited CA 92410",348106,"wuhanjishixingTechnologyco.,limited",Wayfair,1.0,1.0,1.0,10.0,9.0,-1.0,0.9958089274893961,8.3,Chicago,,,,,,,,,,,,,,,,,,,,,,False,False
333019,Foshan Qida Maoyiyouxiangongsi CA 92410,329343,Foshan Qida Maoyiyouxiangongsi,Mattress,1.0,1.0,1.0,10.0,9.0,-1.0,0.8909422663048564,233.1,Toledo,,,,,,,,,,,,,,,,,,,,,,False,False
333031,河南省晴天庭院家具有限公司 CA 92880,316074,Henan Sheng Qingtian Tingyuan Jiaju Youxian Gongsi_1,Youth Furniture & Decor,1.0,1.0,1.0,9.0,7.0,-2.0,0.9793721070637955,41.0,South Chicago,,,,,,,,,,,,,,,,,,,,,,False,False
242583,Ningbo Jiangbei Fufu CA 91761-AI,53997,Ningbo Jiangbei Fufu,APS,1.0,1.0,1.0,7.0,6.0,-1.0,0.9874181669394436,24.6,Chicago,,,,,,,,,,,,,,,,,,,,,,False,False
242755,"ZHONGSHAN SILJOY LIGHTING CO.,LTD CA 92337",91784,"ZHONGSHAN SILJOY LIGHTING CO.,LTD",APS Home Improvement,1.0,1.0,1.0,7.0,7.0,0.0,0.9936855398863397,12.0,New Brighton Ncpc,,,,,,,,,,,,,,,,,,,,,,False,False
243016,zhangzhoukailelongmaoyiyouxiangongsi CA 91761,241110,zhangzhoukailelongmaoyiyouxiangongsi,Casegoods,1.0,1.0,1.0,8.0,7.0,-1.0,0.9880042516576403,23.7,Romeoville Rsf,,,,,,,,,,,,,,,,,,,,,,False,False
243426,Fune Corp INC CA 92337,183523,Fune Corp INC,Mattress,1.0,1.0,1.0,12.0,8.0,-4.0,0.9790969494155876,43.1,Greenwood,,,,,,,,,,,,,,,,,,,,,,False,False
244092,Nicetree Consultant Inc CA 91730,215251,Nicetree Consultant Inc,APS Upholstery,1.0,1.0,0.0,11.0,12.0,1.0,0.9828565004777696,30.5,North St.Louis,,,,,,,,,,,,,,,,,,,,,,False,False
244218,Foshan Zanchuang Furniture Co CA 92410,48879,Foshan Zanchuang Furniture Co,APS,1.0,1.0,1.0,9.0,6.0,-3.0,0.995049783428025,8.8,North St.Louis,,,,,,,,,,,,,,,,,,,,,,False,False
332125,Yii Lighting CA 91752,61379,Eternadecor INC_1,APS Home Improvement,1.0,1.0,1.0,8.0,7.0,-1.0,0.9557522123893806,98.5,Toledo,,,,,,,,,,,,,,,,,,,,,,False,False
332180,DREO TECH LIMITED CA 90040,317077,DREO TECH LIMITED,APS,1.0,1.0,1.0,8.0,8.0,0.0,0.989315492535823,21.4,Chicago,,,,,,,,,,,,,,,,,,,,,,False,False
332281,POP-Maison Inc CA 91744,102811,POP-Maison Inc,APS K&D,1.0,1.0,1.0,7.0,7.0,0.0,0.949550053620553,108.2,Greenwood,,,,,,,,,,,,,,,,,,,,,,False,False
332283,Shenzhen Dachen Times Technology CA 91761 (2),300115,"Shenzhen Dachen Times Technology Co., Ltd.",APS Mattresses,1.0,1.0,1.0,7.0,7.0,0.0,0.9889312008123889,21.8,Romeoville Rsf,,,,,,,,,,,,,,,,,,,,,,False,False
332387,Ningbo Yiyue electronic Commerce CA 91761(3),304845,"Ningbo Yiyue electronic Commerce Co., LTD",APS,1.0,1.0,1.0,9.0,8.0,-1.0,0.9720040281973817,55.6,South Chicago,,,,,,,,,,,,,,,,,,,,,,False,False
332623,HENGCHUANG HOME FURNISHING (HONG KONG) LIMITED CA 92337,329019,HENGCHUANG HOME FURNISHING (HONG KONG) LIMITED,APS AEOF,1.0,1.0,0.0,8.0,9.0,1.0,0.9894546277438334,23.3,Toledo,,,,,,,,,,,,,,,,,,,,,,False,False
332775,"Guangzhou Zhengsheng Electric Co., Ltd. CA 91761",329993,"WEIHENG INTERNATIONAL TRADING CO., LIMITED",Outdoor Furniture,1.0,1.0,1.0,11.0,10.0,-1.0,0.9430509104422148,122.6,Greenwood,,,,,,,,,,,,,,,,,,,,,,False,False
333014,BeiHe-CA-006,305997,Ning Bo Rui Yi Ri Yong Pin You Xian Gong Si,APS Housewares & More,1.0,1.0,1.0,8.0,8.0,0.0,0.9852225020990764,26.4,North St.Louis,,,,,,,,,,,,,,,,,,,,,,False,False
222353,Snail Warehouse,121218,Starsky Runo LLC,APS Home Improvement,1.0,1.0,1.0,9.0,8.0,-1.0,0.993264641598644,15.1,Columbus,,,,,,,,,,,,,,,,,,,,,,False,False
223806,YQN-BCF_CA,92496,Luxuria Furniture Inc,Lighting,1.0,1.0,0.0,7.0,10.0,3.0,0.900396208435729,198.6,Chicago,,,,,,,,,,,,,,,,,,,,,,False,False
223902,"Blue Ridge Home Fashion, Inc. CA 91706",14578,"Blue Ridge Home Fashion, Inc.",Mattress,1.0,1.0,1.0,8.0,8.0,0.0,0.9844033170410236,28.4,North St.Louis,,,,,,,,,,,,,,,,,,,,,,False,False
225499,Bathin INC. CA 92337,222876,Bathin INC.,APS Home Improvement,1.0,0.0,1.0,9.0,8.0,-1.0,0.986874113115751,25.9,Chicago,,,,,,,,,,,,,,,,,,,,,,False,False
226324,Toolkiss Home LLC CA 91761(3),57122,Toolkiss Home LLC,APS,1.0,1.0,1.0,8.0,8.0,0.0,0.9944506104328524,10.0,North St.Louis,,,,,,,,,,,,,,,,,,,,,,False,False
227217,DJ-CA5-91761,57457,"Lefun Trading co.,ltd.",APS Mattresses,1.0,1.0,1.0,10.0,6.0,-4.0,0.997989747713338,4.0,Bedford Park,,,,,,,,,,,,,,,,,,,,,,False,False
331824,"Fuzhou Gewuhan E-commerce Co., Ltd CA 92346",295513,"Fuzhou Gewuhan E-commerce Co., Ltd",APS,1.0,0.0,0.0,6.0,9.0,3.0,0.941909002365382,83.5,Omaha,,,,,,,,,,,,,,,,,,,,,,False,False
331985,US-anjifeinikesiyouxiangongsi CA 92571,202043,US-anjifeinikesiyouxiangongsi,APS,1.0,1.0,1.0,8.0,7.0,-1.0,0.9555778702242623,92.9,Greenwood,,,,,,,,,,,,,,,,,,,,,,False,False
349238,Vaczon LLC CA 91752,266157,Vaczon LLC,APS Home Improvement,1.0,1.0,0.0,10.0,11.0,1.0,0.9523415522091676,86.4,Cedar Rapids,,,,,,,,,,,,,,,,,,,,,,False,False
349259,FLINT GARDEN INC CA 91752,46805,FLINT GARDEN INC,APS Home Improvement,1.0,1.0,1.0,9.0,8.0,-1.0,0.9353837054561586,131.1,Romeoville Ncpc,,,,,,,,,,,,,,,,,,,,,,False,False
349375,guangzhoubentekuajingdianshangyouxiang CA 91789,284749,guangzhoubentekuajingdianshangyouxiangongsi,APS Housewares & More,1.0,1.0,1.0,9.0,8.0,-1.0,0.9027878913970664,186.9,North St.Louis,,,,,,,,,,,,,,,,,,,,,,False,False
349379,shenzhenfuduosishangmaoyouxiangongsi CA 91748,325706,shenzhenfuduosishangmaoyouxiangongsi,APS Housewares & More,1.0,1.0,1.0,12.0,6.0,-6.0,0.9296871150529686,142.7,Northern Kentucky,,,,,,,,,,,,,,,,,,,,,,False,False
219601,Lens Depot LLC CA 95826,219598,Lens Depot LLC,Decor,1.0,1.0,1.0,12.0,8.0,-4.0,0.9683125672973389,61.8,Rolla,,,,,,,,,,,,,,,,,,,,,,False,False
220234, B-NJ-1,139176,XIANGGANGJIDIANGUOJIMAOYIYOUXIANGONGSI,APS Outdoor,1.0,0.0,1.0,9.0,3.0,-6.0,0.8893360160965795,220.0,Toledo,,,,,,,,,,,,,,,,,,,,,,False,False
221634,LA02,156202,ShenZhenShiYingZeZhiNengWeiYuYouXianGongSi,APS,1.0,1.0,1.0,11.0,10.0,-1.0,0.9931214218576434,16.1,Cleveland,,,,,,,,,,,,,,,,,,,,,,False,False
222330,LECANG CAP,56556,Global Shade Corporation,Outdoor Structures,1.0,1.0,1.0,8.0,7.0,-1.0,0.9351232356368973,150.3,Columbus,,,,,,,,,,,,,,,,,,,,,,False,False
216541,ningbolubikejiyouxiangongsi CA 91761,216162,ningbolubikejiyouxiangongsi,Pet,1.0,1.0,1.0,7.0,6.0,-1.0,0.9927077046871857,14.5,Chicago,,,,,,,,,,,,,,,,,,,,,,False,False
218282,GigaCloud Technology USA Inc CA 92337,218268,GigaCloud Technology USA Inc,APS,1.0,1.0,1.0,10.0,7.0,-3.0,0.9934899806733801,12.8,North Chicago,,,,,,,,,,,,,,,,,,,,,,False,False
219008,Qingdao Jimi Kitchen Supply Co.ltd CAP,68305,Qingdao Jimi Kitchen Supply Co.ltd,APS Youth,1.0,1.0,0.0,10.0,11.0,1.0,0.9939658232341159,11.9,Niles,,,,,,,,,,,,,,,,,,,,,,False,False
219576,宁波高玮进出口有限公司 CA 92374,214378,HONEYJOY COMPANY,APS AEOF,1.0,0.0,0.0,7.0,8.0,1.0,0.9926073926073926,11.1,Omaha,,,,,,,,,,,,,,,,,,,,,,False,False
219591,Union Home LLC CO METROPOLITAN WAREHOUSE,51683,Union Home LLC,Casegoods,1.0,0.0,0.0,10.0,16.0,6.0,0.9919505897838302,15.9,Chicago,,,,,,,,,,,,,,,,,,,,,,False,False
351454,  B-CA-6,221756,Ning Bo Hao Mi Xin Xi Ke Ji You Xian Gong Si,APS Home Improvement,1.0,0.0,0.0,7.0,12.0,5.0,0.9168896412384645,152.2,Romeoville Ncpc,,,,,,,,,,,,,,,,,,,,,,False,False
351490,zhongshanshiguzhenzhensongboyuandengshichang CA 91730,350557,zhongshanshiguzhenzhensongboyuandengshichang,Wayfair,1.0,0.0,0.0,9.0,11.0,2.0,0.9879742622587088,27.1,Toledo Local,,,,,,,,,,,,,,,,,,,,,,False,False
351832,Onesox LLC CA 90606,151034,Onesox LLC,APS AEOF,1.0,1.0,1.0,10.0,6.0,-4.0,0.9972894287722116,5.4,Romeoville Rsf,,,,,,,,,,,,,,,,,,,,,,False,False
351031,"Jiaxing Aofeisi Imp. Exp.Co., Ltd CA8",77629,"WANSHENG ENTERPRISE CO., LIMITED",APS Upholstery,1.0,0.0,1.0,9.0,8.0,-1.0,0.9816745818707413,35.5,Chicago,,,,,,,,,,,,,,,,,,,,,,False,False
351195,MCCA2,225765,KRCMORE INC,APS Home Improvement,1.0,1.0,1.0,7.0,7.0,0.0,0.9904777908474767,17.0,North St.Louis,,,,,,,,,,,,,,,,,,,,,,False,False
351405,Crawford & Burke CA 91761(2),21131,Crawford & Burke,Casegoods,1.0,1.0,1.0,9.0,7.0,-2.0,0.9831887989922968,34.7,Greenwood,,,,,,,,,,,,,,,,,,,,,,False,False
212648,"Anji Yibo Furniture Co., Ltd CA 92879 ",212644,"Anji Yibo Furniture Co., Ltd",Casegoods,1.0,1.0,0.0,9.0,10.0,1.0,0.9894546277438334,23.3,Toledo,,,,,,,,,,,,,,,,,,,,,,False,False
213141,凯尚（苏州）电器有限公司 CA 91744,212423,"KSR（Suzhou）Kitchen Appliance Co., Ltd.",APS Youth,1.0,0.0,1.0,8.0,8.0,0.0,0.9944612520363043,11.9,Cincinnati,,,,,,,,,,,,,,,,,,,,,,False,False
214066,Zhejiang Jiansheng Leisure Products CA 92337,214059,"Zhejiang Jiansheng Leisure Products Co., Ltd",Outdoor Structures,1.0,1.0,1.0,8.0,7.0,-1.0,0.9963233416739008,7.2,Chicago,,,,,,,,,,,,,,,,,,,,,,False,False
214292,Phantom Interiors Inc CA 91730,205866,Phantom Interiors Inc,Fireplaces & Grills,1.0,1.0,1.0,14.0,6.0,-8.0,0.9571355672733458,75.6,North St.Louis,,,,,,,,,,,,,,,,,,,,,,False,False
216375,"Anwil Technology Co., Ltd. CA 91761",216370,"Anwil Technology Co., Ltd.",Plumbing,1.0,1.0,1.0,8.0,8.0,0.0,0.9883079414890925,23.1,Chicago,,,,,,,,,,,,,,,,,,,,,,False,False
350112,"JingRun Technology Beijing CO., LTD. CA 91752(2)",273341,"JingRun Technology Beijing CO., LTD.",APS K&D,1.0,1.0,1.0,12.0,5.0,-7.0,0.965471623230586,78.3,Toledo,,,,,,,,,,,,,,,,,,,,,,False,False
350375,"Fangzhen (Nanjing) Technology Co.,LTD. CA 92337",350371,"Fangzhen (Nanjing) Technology Co.,LTD.",Wayfair,1.0,1.0,1.0,11.0,11.0,0.0,0.993809160647795,13.8,Oak Park,,,,,,,,,,,,,,,,,,,,,,False,False
350430,hangzhougetelandedianzishangwuyouxianzerengongsi CA 92316,350368,hangzhougetelandedianzishangwuyouxianzerengongsi,Wayfair,1.0,1.0,1.0,8.0,8.0,0.0,0.9291935245780643,143.9,Northern Kentucky,,,,,,,,,,,,,,,,,,,,,,False,False
350465,Shinely Homes Style Inc CA 91761,201348,Shinely Homes Style Inc,APS Youth,1.0,1.0,1.0,17.0,8.0,-9.0,0.9942847537401244,10.2,St. Louis,,,,,,,,,,,,,,,,,,,,,,False,False
350468,Home Sweet Dream Joy Inc CA 90220,201347,Home Sweet Dream Joy Inc,Youth Furniture & Decor,1.0,1.0,1.0,9.0,9.0,0.0,0.9882799181725196,27.5,Cleveland,,,,,,,,,,,,,,,,,,,,,,False,False
350477,Home Sweet Dream Joy Inc CA 91761,201347,Home Sweet Dream Joy Inc,Youth Furniture & Decor,1.0,1.0,1.0,9.0,9.0,0.0,0.9806623156876964,40.0,Greenwood,,,,,,,,,,,,,,,,,,,,,,False,False
350481,Home Sweet Dream Joy Inc CA 91764,201347,Home Sweet Dream Joy Inc,Youth Furniture & Decor,1.0,1.0,1.0,10.0,8.0,-2.0,0.9830764581444545,33.6,Romeoville Rsf,,,,,,,,,,,,,,,,,,,,,,False,False
350878,hangzhougetelandedianzishangwuyouxianzerengongsi CA 91761,350368,hangzhougetelandedianzishangwuyouxianzerengongsi,Wayfair,1.0,1.0,1.0,9.0,7.0,-2.0,0.9531134759245601,89.0,Chicago,,,,,,,,,,,,,,,,,,,,,,False,False
244315,HM DV CA 90201,240005,Tianjin heman kejiyouxiangongsi,APS Bedroom,1.0,0.0,1.0,8.0,8.0,0.0,0.9453709275337403,127.1,Toledo,,,,,,,,,,,,,,,,,,,,,,False,False
244355,FORKING INC. CA 91730,79744,FORKING INC.,APS,1.0,0.0,1.0,7.0,7.0,0.0,0.9740476551828806,51.3,Chicago,,,,,,,,,,,,,,,,,,,,,,False,False
245505,General Sherman International Inc. CA 91730(3),49636,General Sherman International Inc.,APS,1.0,1.0,1.0,7.0,7.0,0.0,0.9891596170406767,21.4,Romeoville Rsf,,,,,,,,,,,,,,,,,,,,,,False,False
227271,ShenzhenXinheTradeLim NJ08057,66040,Shenzhen XinheTrade Limited Company,APS,1.0,1.0,1.0,5.0,4.0,-1.0,0.9473058637083994,119.7,Etna Rsf,,,,,,,,,,,,,,,,,,,,,,False,False
349519,weifangaiyanshangmaoyouxiangongsi CA 90670 (2),212536,weifangaiyanshangmaoyouxiangongsi,APS Outdoor,1.0,1.0,1.0,7.0,7.0,0.0,0.9778672032193159,42.9,Maple Grove,,,,,,,,,,,,,,,,,,,,,,False,False
349520,"Guangzhou Xiangkai Technology Co., Ltd CA 91010",334593,"Guangzhou Xiangkai Technology Co., Ltd",APS Home Improvement,1.0,1.0,0.0,7.0,8.0,1.0,0.9457050947661276,124.9,West Columbus,,,,,,,,,,,,,,,,,,,,,,False,False
349601,ningbosanheyongshengkejiyouxiangongsi CA 91789(2),219040,ningbosanheyongshengkejiyouxiangongsi,APS Home Improvement,1.0,1.0,1.0,8.0,8.0,0.0,0.9902079596684279,20.2,North  Indianapolis,,,,,,,,,,,,,,,,,,,,,,False,False
350036,Smash sports group Inc CA 91731,106010,Smash sports group Inc,APS Upholstery,1.0,1.0,1.0,8.0,8.0,0.0,0.9434559319396172,109.0,Maple Grove,,,,,,,,,,,,,,,,,,,,,,False,False
331208,"ZHEJIANG KEYUAN CHAIR INDUSTRY CO.,LTD. CA 91752",269029,"ZHEJIANG KEYUAN CHAIR INDUSTRY CO.,LTD.",APS K&D,1.0,1.0,1.0,9.0,5.0,-4.0,0.9826067314208268,30.8,North St.Louis,,,,,,,,,,,,,,,,,,,,,,False,False
331257,"CHAOXI INTERNATIONAL CO., LIMITED CA 91761",313704,"CHAOXI INTERNATIONAL CO., LIMITED",APS,1.0,1.0,1.0,9.0,8.0,-1.0,0.9781956391278256,43.6,Chicago,,,,,,,,,,,,,,,,,,,,,,False,False
246576,HUNANAOLAIFUKUAJINGDIANZISHANGWUYOUXIANGO CA 91710,238018,HUNANAOLAIFUKUAJINGDIANZISHANGWUYOUXIANGONGSI,APS,1.0,0.0,0.0,9.0,11.0,2.0,0.7819446436254124,304.1,Kansas City,,,,,,,,,,,,,,,,,,,,,,False,False
246581,YF-CA4,242069,"Foshan City You Jiang Fang Furniture co.,ltd",Casegoods,1.0,1.0,0.0,8.0,9.0,1.0,0.9729953155139156,58.8,North Cincinnati,,,,,,,,,,,,,,,,,,,,,,False,False
246621,YOUDENOVA HOME INC GA 30122,80562,YOUDENOVA HOME INC,APS Outdoor,1.0,1.0,0.0,4.0,6.0,2.0,0.9572539554840439,79.7,New Brighton Ncpc,,,,,,,,,,,,,,,,,,,,,,False,False
247942,Allied Home CA,19618,Allied Home,Mattress,1.0,1.0,1.0,9.0,9.0,0.0,0.9724158240895259,56.2,Mccook,,,,,,,,,,,,,,,,,,,,,,False,False
248254,He Shan AI DU Hardware Technology CA 91731(2),199473,He Shan AI DU Hardware Technology Co Ltd,APS,1.0,1.0,0.0,9.0,,,0.9833156913150864,33.1,South Chicago,,,,,,,,,,,,,,,,,,,,,,False,False
248468,ganzhouningsupeidianzishangwuyouxiangongsi CA 91762,247776,ganzhouningsupeidianzishangwuyouxiangongsi,Wayfair,1.0,0.0,1.0,7.0,7.0,0.0,0.9300759298185406,163.0,West Columbus,,,,,,,,,,,,,,,,,,,,,,False,False
207393,Shanghai Shiyou International Trade CA 90022,200287,"Shanghai Shiyou International Trade Co., Ltd",Casegoods,1.0,1.0,1.0,11.0,7.0,-4.0,0.9879053279115838,23.2,Maple Grove,,,,,,,,,,,,,,,,,,,,,,False,False
329553,Hangzhou Leyu E Commerce Co Ltd CA 92626,329552,Hangzhou Leyu E Commerce Co Ltd,Wayfair,1.0,0.0,0.0,7.0,9.0,2.0,0.9964039556487864,7.2,Chicago,,,,,,,,,,,,,,,,,,,,,,False,False
329921,shenzhenwannengdakejiyouxiangongsi CA 91731,296339,shenzhenwannengdakejiyouxiangongsi,APS,1.0,1.0,1.0,9.0,9.0,0.0,0.9485958604605966,105.8,Northern Kentucky,,,,,,,,,,,,,,,,,,,,,,False,False
330225,zhe jiang nuo de wu jin you xian gong si CA 91789,241481,zhe jiang nuo de wu jin you xian gong si,APS,1.0,1.0,1.0,9.0,3.0,-6.0,0.9148711767364773,169.5,Champaign,,,,,,,,,,1.0,1.0,1.0,8.0,3.0,-5.0,0.4426429479034308,1096.6,South Houston,,,,False,True
330243,ZhangzhoushiXiangchengquXiaoluobo CA 91761,241051,ZhangzhoushiXiangchengquXiaoluoboDianzishangwuyouxiangongsi,APS,1.0,1.0,1.0,9.0,7.0,-2.0,0.9764251836696737,50.7,Northern Kentucky,,,,,,,,,,,,,,,,,,,,,,False,False
330444,taizhoushixinggaodianzishangwumaoyiyouxia CA 91752,131808,taizhoushixinggaodianzishangwumaoyiyouxiangongsi,APS,1.0,1.0,1.0,8.0,8.0,0.0,0.9251771032628368,144.7,Romeoville Ncpc,,,,,,,,,,,,,,,,,,,,,,False,False
330653,"Shenzhen Andelian Technology Co., Ltd. CA 91761",330652,Qidian Experiential Education Technology Limited,Wayfair,1.0,1.0,1.0,7.0,7.0,0.0,0.9800582911489493,39.0,Chicago,,,,,,,,,,,,,,,,,,,,,,False,False
330903,PROYIL CO CA 92337,308580,PROYIL CO,Outdoor Furniture,1.0,0.0,1.0,9.0,8.0,-1.0,0.9927226704635342,13.8,St. Paul Local,,,,,,,,,,,,,,,,,,,,,,False,False
352301,Skunk Pro Inc CA 92337,273296,Skunk Pro Inc,Casegoods,1.0,1.0,1.0,19.0,9.0,-10.0,0.9224600270663125,154.7,Romeoville Ncpc,,,,,,,,,,,,,,,,,,,,,,False,False
352306,Shenzhen Guli Wangluokeji youxiangongsi CA 91789,105677,Shenzhen Guli Wangluokeji youxiangongsi,APS Upholstery,1.0,1.0,1.0,10.0,7.0,-3.0,0.9860583603520149,30.1,Northern Kentucky,,,,,,,,,,,,,,,,,,,,,,False,False
352452,awztoo inc CA 91710 (2),75510,awztoo inc,APS Home Improvement,1.0,1.0,1.0,10.0,9.0,-1.0,0.9357621834023833,150.4,Columbus,,,,,,,,,,,,,,,,,,,,,,False,False
352507,Guang Zhou Maifeng Wang Luo Ke Ji You Xian Gong Si CA 91789,350544,Guang Zhou Maifeng Wang Luo Ke Ji You Xian Gong Si,Wayfair,1.0,1.0,1.0,9.0,5.0,-4.0,0.9891567386448249,23.3,Chicago,,,,,,,,,,,,,,,,,,,,,,False,False
352556,Atlas International CA 90040,5377,"JG Group, Inc.",Plumbing,1.0,0.0,1.0,9.0,8.0,-1.0,0.9844433399602386,31.3,Chicago,,,,,,,,,,,,,,,,,,,,,,False,False
352567,WORMOT LTD CA 91748,293939,WORMOT LTD,Casegoods,1.0,1.0,1.0,11.0,7.0,-4.0,0.9856421761076837,25.6,North St.Louis,,,,,,,,,,,,,,,,,,,,,,False,False
352591,"HOMEGARD INTERNATIONAL CO.,LTD CA 90201",340891,"HOMEGARD INTERNATIONAL CO.,LTD",Wayfair,1.0,1.0,1.0,11.0,10.0,-1.0,0.9523694972335819,99.0,Greenwood,,,,,,,,,,,,,,,,,,,,,,False,False
206432,"Guangzhou Hengli supply chain Co., Ltd CA 91761",89748,"Guangzhou Hengli supply chain Co., Ltd",APS,1.0,1.0,1.0,8.0,7.0,-1.0,0.9891557909337368,17.2,Lenexa,,,,,,,,,,,,,,,,,,,,,,False,False
351837,Shenzhen Guli Wangluokeji youxiangong CA 91761 (2),105677,Shenzhen Guli Wangluokeji youxiangongsi,APS Upholstery,1.0,1.0,1.0,11.0,6.0,-5.0,0.9818940137389597,36.9,Greenwood,,,,,,,,,,,,,,,,,,,,,,False,False
351849,"Zhongshan City Junhong lighting Co., LTD CA 92337",296516,"Zhongshan City Junhong lighting Co., LTD",APS Home Improvement,1.0,1.0,1.0,8.0,8.0,0.0,0.9942831521129918,10.2,North St.Louis,,,,,,,,,,,,,,,,,,,,,,False,False
351854,Guangzhou Liangguan Zhineng Keji Youxian CA 91746,69667,"HONGKONG GENKENT TECHNOLOGY CO., LIMITED",APS Home Improvement,1.0,1.0,1.0,9.0,9.0,0.0,0.9804001633319722,38.4,Chicago,,,,,,,,,,,,,,,,,,,,,,False,False
351864,quanzhoushilipobaowangluokejiyouxian CA 91761,234304,quanzhoushilipobaowangluokejiyouxiangongsi,APS Upholstery,1.0,1.0,1.0,8.0,4.0,-4.0,0.9963359226146856,7.5,Louisville,,,,,,,,,,,,,,,,,,,,,,False,False
352049,"Shenzhen Jinjiachuang Trading Co., Ltd. CA 91752",111397,"Shenzhen Jinjiachuang Trading Co., Ltd.",APS K&D,1.0,1.0,1.0,11.0,9.0,-2.0,0.993113881788304,13.2,La Crosse,,,,,,,,,,,,,,,,,,,,,,False,False
352135,Ningbo Youzi Jinchukou Youxiangongsi CA 92335,81688,Ningbo Youzi Jinchukou Youxiangongsi,APS Upholstery,1.0,1.0,1.0,8.0,8.0,0.0,1.0,0.0,West Columbus,,,,,,,,,,,,,,,,,,,,,,False,False
352273,"Ningbo Chuangjiuyi Technology Co., Ltd CA 91730",86525,"Ningbo Chuangjiuyi Technology Co., Ltd",APS Upholstery,1.0,0.0,1.0,8.0,7.0,-1.0,0.9772350535970825,41.2,North St.Louis,,,,,,,,,,,,,,,,,,,,,,False,False
352280, CM-WE-1,276613,huizhoushizhikaidianzishangwuyouxiangongsi,APS K&D,1.0,1.0,1.0,11.0,9.0,-2.0,0.9776891625864419,44.2,Romeoville Ncpc,,,,,,,,,,,,,,,,,,,,,,False,False
353676,INFINITY FURNITURE INDUSTRY SDN BHD CA 91730(2),285182,INFINITY FURNITURE INDUSTRY SDN BHD,APS SEA,1.0,1.0,1.0,5.0,5.0,0.0,0.9991429016674459,1.1,Rapid City,,,,,,,,,,,,,,,,,,,,,,False,False
353758, WPLA16-92376,333603,"HONG KONG SECOND CUBIC INTERNATIONAL TRADING CO., LIMITED",APS Mattresses,1.0,0.0,0.0,9.0,10.0,1.0,0.9956260251503554,8.8,Milwaukee,,,,,,,,,,,,,,,,,,,,,,False,False
354036,guang zhou lin he mu yu ke ji you xian gong si CA 92337,354020,guang zhou lin he mu yu ke ji you xian gong si,Wayfair,1.0,1.0,1.0,11.0,8.0,-3.0,0.9342508365932978,139.5,Toledo,,,,,,,,,,,,,,,,,,,,,,False,False
354039,Elegance Plexi Home Inc CA 91761,268722,Elegance Plexi Home Inc,APS K&D,1.0,1.0,1.0,8.0,8.0,0.0,0.9918330308529946,16.2,Chicago,,,,,,,,,,,,,,,,,,,,,,False,False
354090,Northobliq Digi Inc CA 92346,287325,Northobliq Digi Inc,Casegoods,1.0,0.0,0.0,9.0,14.0,5.0,0.9890089243776421,23.4,Fort Wayne,,,,,,,,,,,,,,,,,,,,,,False,False
354104,Abay Tech LLC CA 92337,245661,Abay Tech LLC,APS Home Improvement,1.0,1.0,1.0,11.0,9.0,-2.0,0.9847417218543046,28.8,New Brighton Ncpc,,,,,,,,,,,,,,,,,,,,,,False,False
354141,ADVOSON Ltd. WA 98188,285818,ADVOSON Ltd.,Kitchen & Small Electrics,1.0,1.0,1.0,14.0,8.0,-6.0,0.9063507109004739,197.6,North St.Louis,,,,,,,,,,,,,,,,,,,,,,False,False
354296,Guangzhoushi Junhewangluokejiyouxian CA 91748,153700,BRIGHTCRAFT SOLUTIONS INC,APS Home Improvement,1.0,1.0,0.0,7.0,8.0,1.0,0.937566947207345,122.4,Chicago,,,,,,,,,,,,,,,,,,,,,,False,False
352950,HomaaPack LLC CA 92337,87111,HomaaPack LLC,Casegoods,1.0,1.0,1.0,10.0,9.0,-1.0,0.9253832516425071,143.1,New Brighton Ncpc,,,,,,,,,,,,,,,,,,,,,,False,False
352976,McCoy Hall Jones LLC CA 91752,69208,McCoy Hall Jones LLC,APS K&D,1.0,1.0,1.0,10.0,9.0,-1.0,0.7967006307617661,335.2,Lenexa,,,,,,,,,,,,,,,,,,,,,,False,False
353016,Shenzhen Yusheng Network Technology Co CA 92335,56290,SUSU INTERNALTIONAL LIMITED,APS Housewares & More,1.0,1.0,1.0,10.0,4.0,-6.0,0.986874113115751,25.9,Chicago Loop,,,,,,,,,,,,,,,,,,,,,,False,False
353387,"Hangzhou Shengwantai Down Products Co.,Ltd CA 9231",289944,"Hangzhou Shengwantai Down Products Co.,Ltd",APS Mattresses,1.0,0.0,0.0,8.0,9.0,1.0,0.9912975508077123,16.7,Madison,,,,,,,,,,,,,,,,,,,,,,False,False
353454,Yiwu Guali Electronic Commerce CA 91730,153269,"Yiwu Guali Electronic Commerce Co., Ltd.",APS Upholstery,1.0,1.0,1.0,6.0,5.0,-1.0,1.0,0.0,Dickinson,,,,,,,,,,,,,,,,,,,,,,False,False
353505,Foshan Shi Lu Xun Cross-border CA 91761 (3),58094,Castle Rock Inc,APS Home Improvement,1.0,1.0,1.0,11.0,9.0,-2.0,0.9886683955350096,20.1,North St.Louis,,,,,,,,,,,,,,,,,,,,,,False,False
353525,Guangzhou Huantao Wangluo Keji Youxiangon CA 91789,63284,Guangzhou Huantao Wangluo Keji Youxiangongsi,APS Home Improvement,1.0,1.0,1.0,11.0,11.0,0.0,0.9895548118852043,20.6,Quincy,,,,,,,,,,,,,,,,,,,,,,False,False
353589,"Cixi Xianling Electrical Technology Co., Ltd CA 91761",351468,"Cixi Xianling Electrical Technology Co., Ltd",Wayfair,1.0,1.0,0.0,10.0,11.0,1.0,0.9926645419132898,14.5,Chicago,,,,,,,,,,,,,,,,,,,,,,False,False
250186,CAP4,245107,"Qingdao Egles International Trade Co., Ltd.",APS Other,1.0,1.0,1.0,8.0,8.0,0.0,0.9971593791214366,5.6,Chicago Loop,,,,,,,,,,,,,,,,,,,,,,False,False
207885,KINNLS INC_1 CA 90638,207853,KINNLS INC_1,Casegoods,1.0,1.0,1.0,12.0,6.0,-6.0,0.9484777517564403,107.8,Chicago,,,,,,,,,,,,,,,,,,,,,,False,False
208386,WILLAMSPACE LLC CA 91761,68923,WILLAMSPACE LLC,APS,1.0,1.0,1.0,10.0,9.0,-1.0,0.9917078916372203,17.6,Kalamazoo,,,,,,,,,,,,,,,,,,,,,,False,False
211024,LOCTEK-CA 92571,210587,Ningbojuetengwangluokejiyouxiangongsi,Kitchen & Small Electrics,1.0,1.0,0.0,8.0,13.0,5.0,0.9970603142422707,5.8,Chicago Loop,,,,,,,,,,,,,,,,,,,,,,False,False
211275,Balin Designs LLC CA 92337,185379,Balin Designs LLC,Storage & Org - Frequency,1.0,1.0,1.0,12.0,10.0,-2.0,0.9875531847336001,19.6,Lenexa,,,,,,,,,,,,,,,,,,,,,,False,False
352593,jiu jiang bao ku dian zi shang wu you xian gong si_1 OR 97007,331381,jiu jiang bao ku dian zi shang wu you xian gong si_1,APS Housewares & More,1.0,1.0,1.0,14.0,11.0,-3.0,0.9891954022988506,18.8,St. Paul,,,,,,,,,,,,,,,,,,,,,,False,False
352659,"Office Furniture Concepts, Inc. CA 90220",324170,"Office Furniture Concepts, Inc.",Youth Furniture & Decor,1.0,1.0,1.0,17.0,5.0,-12.0,0.985236437354017,33.5,Columbus,,,,,,,,,,,,,,,,,,,,,,False,False
352821,Chet Connect Inc CA 91761,299761,Chet Connect Inc,Upholstery,1.0,1.0,1.0,18.0,7.0,-11.0,0.9840892793115812,35.5,Columbus,,,,,,,,,,,,,,,,,,,,,,False,False
248642,Impact Outdoor Supplies Ltd. CA 91761,220960,Impact Outdoor Supplies Ltd.,Casegoods,1.0,1.0,1.0,9.0,7.0,-2.0,0.9795427196149219,44.2,Northern Kentucky,,,,,,,,,,,,,,,,,,,,,,False,False
248847,CA 6,201517,HIKING GARDEN LIMITED,APS,1.0,1.0,1.0,7.0,7.0,0.0,0.984822934232715,28.8,Maple Grove,,,,,,,,,,,,,,,,,,,,,,False,False
248854,E335-CA-2090ETI,248836,HONGWOODS LIMITED,APS AEOF,1.0,1.0,1.0,9.0,9.0,0.0,0.9945918822479929,9.7,North St.Louis,,,,,,,,,,,,,,,,,,,,,,False,False
249595,COMPHOME.CORP CA 91730 (6),39423,COMPHOME.CORP,Youth Furniture & Decor,1.0,1.0,1.0,10.0,10.0,0.0,0.9308271327219242,159.9,Columbus,,,,,,,,,,,,,,,,,,,,,,False,False
249856,Avanity Corporation CA 90670 (2),3203,Avanity Corporation,Plumbing,1.0,0.0,1.0,12.0,12.0,0.0,0.9871104270873412,26.8,Greenwood,,,,,,,,,,,,,,,,,,,,,,False,False
249887,HYE,3737,NATCOMMERCE INC.,Plumbing,1.0,1.0,1.0,9.0,6.0,-3.0,0.9751067250651438,44.9,North St.Louis,,,,,,,,,,,,,,,,,,,,,,False,False
250119,COMPHOME.CORP CA 91731,39423,COMPHOME.CORP,Youth Furniture & Decor,1.0,1.0,1.0,10.0,10.0,0.0,0.99785648170702,4.4,Indianapolis,,,,,,,,,,,,,,,,,,,,,,False,False
250150,Empire Art Direct CA 92316,19066,Empire Art Direct,Decor,1.0,1.0,1.0,9.0,8.0,-1.0,0.9878435997459856,26.8,West Columbus,,,,,,,,,,,,,,,,,,,,,,False,False
251392,K2AQUA LTD CA 91706,228869,TOMIC DECOR INC,APS Home Improvement,1.0,1.0,1.0,11.0,10.0,-1.0,1.0,0.0,North St.Louis,,,,,,,,,,,,,,,,,,,,,,False,False
251655,KINGHOSE INDUSTRY LLC CA 91761(4),89762,KINGHOSE INDUSTRY LLC,APS,1.0,1.0,1.0,9.0,8.0,-1.0,0.9411461244142556,136.9,Columbus,,,,,,,,,,,,,,,,,,,,,,False,False
252100,"Zhejiang Jiexiu Hardware Co., LTD CA 91762",252099,"JieXiu BaiPin Hardware Co., Limited",Wayfair,1.0,1.0,1.0,9.0,5.0,-4.0,0.9816999395039323,36.3,Romeoville Rsf,,,,,,,,,,,,,,,,,,,,,,False,False
252544,Liangcang CA10,63465,"Ningbo Youyuan Import and Export Co., Ltd.",APS Home Improvement,1.0,1.0,1.0,8.0,7.0,-1.0,0.9930279952804891,13.0,Rosemount Local,,,,,,,,,,,,,,,,,,,,,,False,False
252806,Kangyan QPM Enterprise CA 91748,252754,Kangyan QPM Enterprise,APS,1.0,1.0,1.0,11.0,9.0,-2.0,0.9939088849735717,12.1,Chicago Loop,,,,,,,,,,,,,,,,,,,,,,False,False
253161,CA （you）,55893,WonderfulCo,APS,1.0,1.0,1.0,11.0,8.0,-3.0,0.9592240696753762,92.7,Toledo,,,,,,,,,,,,,,,,,,,,,,False,False
253171,Sofa Template Inc CA 95776,74029,Sofa Template Inc,APS,1.0,1.0,1.0,14.0,9.0,-5.0,0.9852984560920444,29.9,Chicago,,,,,,,,,,,,,,,,,,,,,,False,False
253229,Hebei Xiong an Aibike Technology Co Ltd CA8,135780,Hebei Xiong an Aibike Technology Co Ltd,APS K&D,1.0,1.0,1.0,14.0,8.0,-6.0,0.968754865832771,60.2,Evansville,,,,,,,,,,,,,,,,,,,,,,False,False
202295,RUNCYUN INC CA 92656,202131,RUNCYUN INC,Decor,1.0,1.0,1.0,9.0,7.0,-2.0,0.9672625648760147,73.8,Toledo,,,,,,,,,,,,,,,,,,,,,,False,False
204052,NingboTianqiElec CA 92571,68135,"Ningbo Tianqi Electronic Commerce Co.,Ltd",APS,1.0,1.0,1.0,8.0,7.0,-1.0,0.9466107556631506,123.5,Toledo,,,,,,,,,,,,,,,,,,,,,,False,False
204425,CTM International Giftware Inc CA 90040,204424,CTM International Giftware Inc,Fireplaces & Grills,1.0,1.0,1.0,12.0,6.0,-6.0,0.9209315980037186,161.6,Chicago,,,,,,,,,,,,,,,,,,,,,,False,False
204608,MC-JulieLX,203626,zhe jiang lin xin zhi neng jia ju you xian gong si,APS,1.0,1.0,0.0,11.0,,,0.4133930925388874,1112.5,Austell,,,,,,,,,,,,,,,,,,,,,,False,False
205544,"MLILYUSA, INC. CA 92337(2)",83026,"MLILYUSA, INC.",APS Mattresses,1.0,1.0,1.0,9.0,6.0,-3.0,0.9237925321779024,179.4,West Columbus,,,,,,,,,,,,,,,,,,,,,,False,False
205557,BOSSA NOVA INDUSTRIAL LIMITED CA 91766,133735,BOSSA NOVA INDUSTRIAL LIMITED,APS,1.0,1.0,1.0,9.0,8.0,-1.0,0.9709912795871152,65.2,Toledo,,,,,,,,,,,,,,,,,,,,,,False,False
250894,"Huizhou Jiade Smart Home Co., LTD CA 92337 (2)",235183,"Huizhou Jiade Smart Home Co., LTD",APS,1.0,1.0,1.0,8.0,6.0,-2.0,0.9153107428969498,170.2,Romeoville Ncpc,,,,,,,,,,,,,,,,,,,,,,False,False
251255,YF-CAN2,242069,"Foshan City You Jiang Fang Furniture co.,ltd",APS,1.0,1.0,1.0,9.0,7.0,-2.0,0.9625668449197862,82.6,Toledo,,,,,,,,,,,,,,,,,,,,,,False,False
355583,FLINT GARDEN INC CA 91789(2),46805,FLINT GARDEN INC,APS Home Improvement,1.0,1.0,1.0,11.0,9.0,-2.0,0.951233429900799,111.1,Toledo,,,,,,,,,,,,,,,,,,,,,,False,False
355661, DJCA7,75517,Amzmos,APS AEOF,1.0,1.0,1.0,12.0,7.0,-5.0,0.9438937722087152,120.0,Greenwood,,,,,,,,,,,,,,,,,,,,,,False,False
200375,"Shenzhenshi Damengyuan Technology Co., Ltd CA91730",67212,"Shenzhenshi Damengyuan Technology Co., Ltd",APS,1.0,1.0,1.0,11.0,7.0,-4.0,0.998325383132041,3.3,Chicago Loop,,,,,,,,,,,,,,,,,,,,,,False,False
201118,"CUBESPACE CO., LTD. CA 92337",88115,"CUBESPACE CO., LTD.",APS Wayfair Professional,1.0,0.0,0.0,7.0,8.0,1.0,0.8620986115290376,320.8,Toledo,,,,,,,,,,,,,,,,,,,,,,False,False
201605,PRIMESTOK INC CA 91730,81358,PRIMESTOK INC,Casegoods,1.0,1.0,1.0,19.0,11.0,-8.0,0.986137779234768,29.6,North Cincinnati,,,,,,,,,,,,,,,,,,,,,,False,False
201609,KEEHOOM INC CA 91730,91801,KEEHOOM INC,APS,1.0,1.0,1.0,6.0,5.0,-1.0,0.9262793981594195,151.4,Northern Kentucky,,,,,,,,,,,,,,,,,,,,,,False,False
201615,B&R HOME FASHIONS LLC CA 91733,149504,B&R HOME FASHIONS LLC,Soft Home,1.0,1.0,1.0,9.0,8.0,-1.0,0.899618320610687,210.4,Chicago,,,,,,,,,,,,,,,,,,,,,,False,False
202092,O&K FURNITURE COMPANY INC CA 91748,57010,XIAMEN RONGSHUCHENG WANGLUO KEJIYOUXIANGONGSI,APS,1.0,1.0,1.0,10.0,6.0,-4.0,0.9938993647272361,12.1,Niles,,,,,,,,,,,,,,,,,,,,,,False,False
354398,yiwuxinyaomaoyiyouxiangongsi CA 91761,353905,yiwuxinyaomaoyiyouxiangongsi,Wayfair,1.0,1.0,1.0,13.0,11.0,-2.0,0.966691442906253,71.7,Northern Kentucky,,,,,,,,,,,,,,,,,,,,,,False,False
354415,"Honghe Lewang E-commerce Co., Ltd CA 91789(2)",313421,"Honghe Lewang E-commerce Co., Ltd",APS Upholstery,1.0,1.0,1.0,11.0,7.0,-4.0,0.9780207703719984,40.0,North St.Louis,,,,,,,,,,,,,,,,,,,,,,False,False
354416,Vintage Lighting Limited CA 91789,120155,Vintage Lighting Limited,APS Home Improvement,1.0,1.0,1.0,7.0,6.0,-1.0,0.8493881012964983,248.6,Maple Grove,,,,,,,,,,,,,,,,,,,,,,False,False
354898,Kunpeng Inc CA6,85208,Kunpeng Inc.,APS Youth,1.0,1.0,0.0,7.0,8.0,1.0,0.9496866220012967,116.4,West Columbus,,,,,,,,,,,,,,,,,,,,,,False,False
355111,            CA6,315544,shenzhenshiyibeilekuajingdianshangyouxiangongsi,APS Youth,1.0,1.0,1.0,8.0,7.0,-1.0,0.9821056377408367,35.2,Chicago Loop,,,,,,,,,,,,,,,,,,,,,,False,False
355237,Forest Aurora Inc CA 91761,120310,Forest Aurora Inc,APS Mattresses,1.0,1.0,1.0,8.0,7.0,-1.0,0.979958266608434,41.3,Greenwood,,,,,,,,,,,,,,,,,,,,,,False,False
355328,Heininger Holdings LLC CA 94538,9667,Heininger Holdings LLC,Outdoor Furniture,1.0,1.0,0.0,8.0,9.0,1.0,0.9936502767828069,15.6,West Columbus,,,,,,,,,,,,,,,,,,,,,,False,False
355408,MEITIEN FURNITURE LLC CA 94538,355337,MEITIEN FURNITURE LLC,Wayfair,1.0,0.0,0.0,8.0,9.0,1.0,0.9883923895967883,26.6,Greenwood,,,,,,,,,,,,,,,,,,,,,,False,False
357273,HONG KONG INNOVATE LIMITED CA 92377 (2),267148,HONG KONG INNOVATE LIMITED,APS Bedroom,1.0,1.0,1.0,8.0,8.0,0.0,0.9829563223183571,32.7,New Brighton Ncpc,,,,,,,,,,,,,,,,,,,,,,False,False
357307,TAPLONG INC  CA 92336,87851,TAPLONG INC ,APS Home Improvement,1.0,1.0,1.0,10.0,7.0,-3.0,0.9003014972660842,195.1,North St.Louis,,,,,,,,,,,,,,,,,,,,,,False,False
357346,dong guan shi su bei ya dian zi shang wu you xian gong si CA 91761,357343,dong guan shi su bei ya dian zi shang wu you xian gong si,Wayfair,1.0,1.0,1.0,9.0,9.0,0.0,1.0,0.0,Decatur,,,,,,,,,,,,,,,,,,,,,,False,False
357357,Calorful International LLC CA 92374,88779,Calorful International LLC,APS Outdoor,1.0,1.0,1.0,8.0,7.0,-1.0,0.9880665227878634,18.8,Lenexa,,,,,,,,,,,,,,,,,,,,,,False,False
194533,Envelor Inc CA 92879,25315,Envelor Inc,Decor,1.0,1.0,1.0,12.0,7.0,-5.0,0.9813244498283868,37.0,Chicago,,,,,,,,,,1.0,1.0,1.0,8.0,5.0,-3.0,0.9013100032402906,213.2,Mccook,,,,False,True
194628,RedStone Sourcing & Logistics Ltd. CA 92878,117256,RedStone Sourcing & Logistics Ltd.,Storage & Org - Frequency,1.0,1.0,1.0,9.0,8.0,-1.0,0.9986846099362542,2.6,Eau Claire,,,,,,,,,,,,,,,,,,,,,,False,False
195836,Pabin Inc CA 90745,76227,Pabin Inc,APS Outdoor,1.0,0.0,1.0,10.0,7.0,-3.0,0.9936003199840008,12.8,Romeoville Ncpc,,,,,,,,,,,,,,,,,,,,,,False,False
196060,Bluemoon Products Pty Ltd CA 93063,80014,Bluemoon Products Pty Ltd,Casegoods,1.0,0.0,1.0,9.0,8.0,-1.0,0.9871461438431529,25.7,Chicago,,,,,,,,,,,,,,,,,,,,,,False,False
355986,"Shenzhen Yaqi Furniture Co., Ltd. CA 91730",336370,"Shenzhen Yaqi Furniture Co., Ltd.",APS Bedroom,1.0,0.0,0.0,8.0,15.0,7.0,0.9423427663705359,98.0,North St.Louis,,,,,,,,,,,,,,,,,,,,,,False,False
356102,Bitwise Techie Inc CA 91730,300621,Bitwise Techie Inc,Youth Furniture & Decor,1.0,1.0,1.0,19.0,9.0,-10.0,0.9955940443634154,8.7,Bedford Park,,,,,,,,,,,,,,,,,,,,,,False,False
356740,Lanora Lighting CA 91752,53471,Lanora Lighting,Lighting,1.0,1.0,0.0,9.0,10.0,1.0,0.9451639812091144,124.9,West Columbus,,,,,,,,,,,,,,,,,,,,,,False,False
356745,Nicetree Consultant Inc CA 91752 (2),215251,Nicetree Consultant Inc,APS Upholstery,1.0,1.0,1.0,10.0,10.0,0.0,0.9848484848484848,32.8,Grand Rapids,,,,,,,,,,,,,,,,,,,,,,False,False
356746,Cusp Barn inc CA 91706,143543,Cusp Barn inc,APS Home Improvement,1.0,1.0,1.0,9.0,6.0,-3.0,0.981056577014638,37.4,Chicago Loop,,,,,,,,,,,,,,,,,,,,,,False,False
356748,Cusp Barn inc CA 91752,143543,Cusp Barn inc,APS Home Improvement,1.0,1.0,1.0,10.0,6.0,-4.0,0.9780684104627767,43.6,Chicago,,,,,,,,,,,,,,,,,,,,,,False,False
356809,YQN-TX,92472,"Shenyang Ha Ha Trading Co., Ltd limited company",APS Outdoor,1.0,1.0,1.0,4.0,3.0,-1.0,0.9633622114939487,55.4,Lenexa,,,,,,,,,,,,,,,,,,,,,,False,False
357039,AMZURI PRODUCTIONS LLC CA 91731,244828,AMZURI PRODUCTIONS LLC,APS Youth,1.0,1.0,1.0,7.0,7.0,0.0,0.9880057286072322,26.8,West Columbus,,,,,,,,,,,,,,,,,,,,,,False,False
327721,"Captivate Brands USA, Inc. CA 92337",99717,"Captivate Brands USA, Inc.",Grills,1.0,1.0,1.0,8.0,8.0,0.0,0.9109842913455316,151.3,Lenexa,,,,,,,,,,,,,,,,,,,,,,False,False
327725,"Xiamenshi XingLan Trading Co., Ltd. CA 92337",291064,"Xiamenshi XingLan Trading Co., Ltd.",APS Mattresses,1.0,1.0,1.0,9.0,7.0,-2.0,0.9731701890989988,60.3,Columbus,,,,,,,,,,,,,,,,,,,,,,False,False
327750,  CAP,323287,"Shenzhen Qianjing Technology Co., Ltd.",APS Outdoor,1.0,1.0,1.0,7.0,7.0,0.0,0.861027527025521,249.4,St. Paul,,,,,,,,,,,,,,,,,,,,,,False,False
327976,SHEN JUN TRADING LIMITED NJ 08810,327975,SHEN JUN TRADING LIMITED,APS,1.0,1.0,0.0,8.0,13.0,5.0,0.9921383647798742,12.5,Olathe,,,,,,,,,,,,,,,,,,,,,,False,False
328839,Vuebles Technology LLC USLAX01,81881,Vuebles Technology LLC,APS Youth,1.0,1.0,1.0,11.0,7.0,-4.0,0.9883388243454135,26.9,Gaylord,,,,,,,,,,,,,,,,,,,,,,False,False
328841,Foshanshiqizhengdianqiyouxiangongsi CA 91724,154584,Foshanshiqizhengdianqiyouxiangongsi,APS Home Improvement,1.0,1.0,1.0,7.0,7.0,0.0,0.9521535217933824,111.2,Toledo,,,,,,,,,,,,,,,,,,,,,,False,False
205840,Yii Lighting CA 91706,61379,Eternadecor INC_1,APS Home Improvement,1.0,1.0,1.0,9.0,7.0,-2.0,0.9768187052520904,46.3,Chicago Loop,,,,,,,,,,,,,,,,,,,,,,False,False
355811,shenzhenheimaokejiyouxiangongsi CA 91761 (4),321015,shenzhenheimaokejiyouxiangongsi,APS Upholstery,1.0,1.0,1.0,11.0,11.0,0.0,0.8685063860763682,198.7,North Kansas City Ncpc,,,,,,,,,,,,,,,,,,,,,,False,False
253344,AB-CA2 CA 91752,224969,"Ningbo Lingyi E-commerce Co., Ltd",APS Outdoor,1.0,0.0,0.0,9.0,10.0,1.0,0.9642222542381021,74.5,Greenwood,,,,,,,,,,,,,,,,,,,,,,False,False
253356,"ROOM FULL OF ROOMS, LLC CA 91730",203102,"ROOM FULL OF ROOMS, LLC",Mattress,1.0,1.0,1.0,12.0,9.0,-3.0,0.9896785875961973,22.8,Columbus,,,,,,,,,,,,,,,,,,,,,,False,False
326599,Estate Splendor Ltd CA 91748 ,303026,Estate Splendor Ltd,Soft Home,1.0,1.0,1.0,9.0,8.0,-1.0,0.9918625678119348,16.2,Chicago,,,,,,,,,,,,,,,,,,,,,,False,False
326883,Good Deed Furniture Inc CA 91731,202210,Good Deed Furniture Inc,Casegoods,1.0,1.0,1.0,16.0,5.0,-11.0,0.9882418247880501,23.3,Chicago,,,,,,,,,,,,,,,,,,,,,,False,False
327290,"Amzchef Co., Ltd. CA 91730 ",82154,"Amzchef Co., Ltd.",APS,1.0,1.0,1.0,8.0,7.0,-1.0,0.9925546765937645,11.2,Omaha,,,,,,,,,,,,,,,,,,,,,,False,False
327379,LIFVIA LTD CA 91702,298360,LIFVIA LTD,Outdoor Furniture,1.0,0.0,1.0,8.0,7.0,-1.0,0.9972559780478244,5.6,North Milwaukee,,,,,,,,,,,,,,,,,,,,,,False,False
327591,LEJOMA CO CA 91702,297130,LEJOMA CO,Outdoor Furniture,1.0,1.0,1.0,9.0,7.0,-2.0,0.9908895229513941,18.2,Mccook,,,,,,,,,,,,,,,,,,,,,,False,False
327601,Visco Link Inc CA 91764,270346,Visco Link Inc,Outdoor Furniture,1.0,1.0,1.0,11.0,8.0,-3.0,0.9214039066123795,152.5,Romeoville Rsf,,,,,,,,,,,,,,,,,,,,,,False,False
361324,"ZHEJIANG KEYUAN CHAIR INDUSTRY CO.,LTD. CA 91761",269029,"ZHEJIANG KEYUAN CHAIR INDUSTRY CO.,LTD.",APS K&D,1.0,1.0,1.0,11.0,6.0,-5.0,0.96497830514478,79.1,Toledo,,,,,,,,,,,,,,,,,,,,,,False,False
361450,"Foshan Mengduoduo Furniture Co., Ltd CA 92376",350170,"Foshan Mengduoduo Furniture Co., Ltd",Mattress,1.0,1.0,1.0,10.0,8.0,-2.0,0.9786782538399353,42.2,Romeoville Rsf,,,,,,,,,,,,,,,,,,,,,,False,False
361540,"YQN NJ,07064",95875,"QUANZHOU QISHUANG CO.,LTD",APS Upholstery,1.0,1.0,1.0,7.0,5.0,-2.0,0.9395303166680303,147.8,Etna Rsf,,,,,,,,,,,,,,,,,,,,,,False,False
361854,"SHENZHEN SHI SICHUANG  LIWEI KEJI Co., LTD CA 91761",361852,"SHENZHEN SHI SICHUANG  LIWEI KEJI Co., LTD",Wayfair,1.0,1.0,1.0,11.0,7.0,-4.0,0.9856204010560018,25.6,North St.Louis,,,,,,,,,,,,,,,,,,,,,,False,False
361945,Bovn Pool Entertainment (Onyx) CA 91746,75107,Bovn Pool Entertainment (Onyx),APS Decor,1.0,1.0,1.0,10.0,8.0,-2.0,0.9909979141508398,16.4,South St. Louis,,,,,,,,,,,,,,,,,,,,,,False,False
361972,H2O Furnishings CA 95215,65344,H2O Furnishings,Casegoods,1.0,1.0,1.0,10.0,5.0,-5.0,0.9935797230906654,11.5,Lenexa,,,,,,,,,,,,,,,,,,,,,,False,False
183536,Emson USA CA 91752,1303,Emson USA,Kitchen & Small Electrics,1.0,1.0,1.0,9.0,9.0,0.0,0.9332008136094675,144.5,Greenwood,,,,,,,,,,,,,,,,,,,,,,False,False
183789,LumiSource CA 92407,821,"Lumi Brands, LLC",Casegoods,1.0,0.0,1.0,9.0,9.0,0.0,0.9956586826347306,8.7,Milwaukee,,,,,,,,,,,,,,,,,,,,,,False,False
359824,"CHAOXI INTERNATIONAL CO., LIMITED CA 91710",313704,"CHAOXI INTERNATIONAL CO., LIMITED",APS Upholstery,1.0,1.0,1.0,11.0,11.0,0.0,0.9906460399856093,18.2,Carol Stream,,,,,,,,,,,,,,,,,,,,,,False,False
359930,COFVIAL LTD CA 92335,304188,COFVIAL LTD,Soft Home,1.0,1.0,1.0,7.0,6.0,-1.0,0.8320244589652898,280.2,Lenexa,,,,,,,,,,,,,,,,,,,,,,False,False
359936,ANHUI MORDEN LIVING CO LTD CA 91761,326409,ANHUI MORDEN LIVING CO LTD,APS Outdoor,1.0,0.0,1.0,9.0,8.0,-1.0,0.937442143727162,128.4,Northern Kentucky,,,,,,,,,,,,,,,,,,,,,,False,False
360342,"Guangzhou youbao Technology Co. , Ltd. CA 91710",347069,"Guangzhou youbao Technology Co. , Ltd.",Storage & Org,1.0,1.0,1.0,12.0,6.0,-6.0,0.9277981828726077,149.4,Northern Kentucky,,,,,,,,,,,,,,,,,,,,,,False,False
360624,hangzhouxuyaowangluokejiyouxiangongsi CA 92571,322707,hangzhouxuyaowangluokejiyouxiangongsi,APS Wayfair Professional,1.0,1.0,1.0,5.0,5.0,0.0,1.0,0.0,Rapid City,,,,,,,,,,,,,,,,,,,,,,False,False
360994,fo shan shi pin zhi dian zi shang wu you xian gong si_1 CA 92337,350037,fo shan shi pin zhi dian zi shang wu you xian gong si_1,Wayfair,1.0,1.0,1.0,8.0,7.0,-1.0,0.9902302861130495,21.0,Northern Kentucky,,,,,,,,,,,,,,,,,,,,,,False,False
361136,SHEN ZHEN SHI FENG QIAO MAO YI YOU XIAN GONG SI CA 90022,326443,SHEN ZHEN SHI FENG QIAO MAO YI YOU XIAN GONG SI,APS Upholstery,1.0,1.0,1.0,11.0,9.0,-2.0,0.9732221246707639,48.8,North St.Louis,,,,,,,,,,,,,,,,,,,,,,False,False
361208,Bring Bliss Limited CA 92880,358928,Bring Bliss Limited,APS Wayfair Professional,1.0,1.0,1.0,11.0,9.0,-2.0,0.8965729990464972,184.4,Champaign,,,,,,,,,,,,,,,,,,,,,,False,False
358256,FUJIANJIABEISIKEJIYOUXIANGONGSI CA 92571,210579,FUJIANJIABEISIKEJIYOUXIANGONGSI,APS K&D,1.0,0.0,1.0,7.0,6.0,-1.0,0.9890314679729514,20.6,Minneapolis,,,,,,,,,,,,,,,,,,,,,,False,False
358400,"Zhengzhou Tianran Household Co., Ltd CA 92337",114900,"Zhengzhou Tianran Household Co., Ltd",APS Rugs,1.0,1.0,1.0,8.0,8.0,0.0,0.9926349811900598,13.9,New Brighton Ncpc,,,,,,,,,,,,,,,,,,,,,,False,False
358621,FAFIAR DESIGN LTD CA 91752,92678,FAFIAR DESIGN LTD,APS Home Improvement,1.0,1.0,1.0,11.0,11.0,0.0,0.9951501954768149,9.8,North Milwaukee,,,,,,,,,,,,,,,,,,,,,,False,False
358705,BIFANUO TECHNOLOGY INC CA 92337,99447,BIFANUO TECHNOLOGY INC,APS Outdoor,1.0,1.0,1.0,5.0,5.0,0.0,1.0,0.0,Rapid City,,,,,,,,,,,,,,,,,,,,,,False,False
358803,Shen Zhen Shi Wei Bai Ke Ji You Xian Gong Si CA 91710,80274,Shen Zhen Shi Wei Bai Ke Ji You Xian Gong Si,APS Bedroom,1.0,1.0,1.0,7.0,6.0,-1.0,0.9618977834768272,62.4,Kansas City,,,,,,,,,,,,,,,,,,,,,,False,False
359131,"Shenzhen Haoding Technology Co., Ltd CA 92410",352055,"Shenzhen Haoding Technology Co., Ltd",Casegoods,1.0,1.0,1.0,9.0,6.0,-3.0,0.9142254511366299,183.0,Chicago,,,,,,,,,,,,,,,,,,,,,,False,False
359181,Patio Crafty Furn Inc CA 91761.,207418,Patio Crafty Furn Inc,APS Youth,1.0,1.0,1.0,8.0,5.0,-3.0,0.9208219856400098,159.9,Northern Kentucky,,,,,,,,,,,,,,,,,,,,,,False,False
359643,Shenzhen Guangjianyuan Technology Co Ltd CA 91730,101346,Shenzhen Guangjianyuan Technology Co Ltd,APS Bedroom,1.0,1.0,1.0,8.0,6.0,-2.0,0.9004504945646852,203.3,Chicago,,,,,,,,,,,,,,,,,,,,,,False,False
198282,GWLinens CA 95050,195320,GWLinens,Tabletop,1.0,1.0,1.0,10.0,7.0,-3.0,0.9722268487674884,66.7,Toledo,,,,,,,,,,,,,,,,,,,,,,False,False
198801,Maple Trade Corporation_1 CA 94545,198791,Maple Trade Corporation,Tabletop,1.0,1.0,1.0,8.0,6.0,-2.0,0.9939665715450469,14.8,Columbus,,,,,,,,,,,,,,,,,,,,,,False,False
199008,YDT furniture inc CA 92337,178597,YDT furniture inc,Mattress,1.0,1.0,1.0,23.0,7.0,-16.0,0.947354211663067,117.0,Toledo,,,,,,,,,,,,,,,,,,,,,,False,False
199020,Topower Smart Home Limited CA 91752 ,56819,Topower Smart Home Limited,APS,1.0,1.0,1.0,11.0,7.0,-4.0,0.9376991323954709,127.1,Northern Kentucky,,,,,,,,,,,,,,,,,,,,,,False,False
357509,"Shenzhenshi Meijiajia Technology Co., Ltd CA  95304",277710,"Shenzhenshi Meijiajia Technology Co., Ltd",APS Home Improvement,1.0,1.0,0.0,7.0,8.0,1.0,0.8965997322623829,193.1,Lenexa,,,,,,,,,,,,,,,,,,,,,,False,False
357523,Hudson and Canal CA 93215,36253,Hudson and Canal,Casegoods,1.0,1.0,1.0,6.0,6.0,0.0,0.9375529411764706,132.7,Northern Kentucky,,,,,,,,,,,,,,,,,,,,,,False,False
358013,shenzhenshiweijingchengdianzishangwuyouxiangongsi CA 92879,296564,shenzhenshiweijingchengdianzishangwuyouxiangongsi,APS K&D,1.0,1.0,1.0,7.0,7.0,0.0,0.9818345323741007,40.4,West Columbus,,,,,,,,,,,,,,,,,,,,,,False,False
358018,shenzhenshiweijingchengdianzishangwuyouxiangongsi CA 92335,296564,shenzhenshiweijingchengdianzishangwuyouxiangongsi,APS K&D,1.0,1.0,1.0,5.0,4.0,-1.0,0.9991429016674459,1.1,Rapid City,,,,,,,,,,,,,,,,,,,,,,False,False
324429,zhongshanshijinggongtuohaishangmaoyou CA 91762,213971,zhongshanshijinggongtuohaishangmaoyouxiangongsi,APS Decor,1.0,1.0,1.0,10.0,8.0,-2.0,0.9830192482112264,33.7,Romeoville Ncpc,,,,,,,,,,,,,,,,,,,,,,False,False
324625,shenzhenwujiexingchuangkejiyouxiangongsi CA 92346 ,290293,shenzhenwujiexingchuangkejiyouxiangongsi,APS Bedroom,1.0,1.0,1.0,9.0,9.0,0.0,0.9886334933063905,22.5,Chicago,,,,,,,,,,,,,,,,,,,,,,False,False
324756,"Shenzhen Yake Huichuang Technology Co., CA 91752",72336,"Shenzhen Yake Huichuang Technology Co., Ltd.",APS Mattresses,1.0,1.0,1.0,12.0,7.0,-5.0,0.9822283707566244,33.4,New Brighton Ncpc,,,,,,,,,,,,,,,,,,,,,,False,False
324877,Shen zhen shi wan hui qi zhi neng ke ji you xian gong si CA 91789,324873,Shen zhen shi wan hui qi zhi neng ke ji you xian gong si,Wayfair,1.0,1.0,1.0,11.0,6.0,-5.0,0.9208841463414634,155.7,Chicago,,,,,,,,,,,,,,,,,,,,,,False,False
325043,"XIANJU EVERGREEN TRADING CO.,LTD. CA 91761",324939,"XIANJU EVERGREEN TRADING CO.,LTD.",Wayfair,1.0,1.0,1.0,9.0,7.0,-2.0,0.9916793505834601,16.4,Chicago,,,,,,,,,,,,,,,,,,,,,,False,False
325225,"Wayright, LLC CA 92880",93513,"Wayright, LLC",APS,1.0,1.0,1.0,11.0,10.0,-1.0,0.9129432429465364,158.6,Champaign,,,,,,,,,,,,,,,,,,,,,,False,False
325266,shenzhenshichenxidianzishangwuyouxiangongsi CA 92376,324333,shenzhenshichenxidianzishangwuyouxiangongsi,Wayfair,1.0,1.0,1.0,8.0,5.0,-3.0,0.9408214585079631,105.9,New Brighton Ncpc,,,,,,,,,,,,,,,,,,,,,,False,False
325749,shenzhenshijinmanningkejiyouxiangongsi CA 91789,315215,shenzhenshijinmanningkejiyouxiangongsi,Casegoods,1.0,1.0,1.0,12.0,7.0,-5.0,0.9833306957851982,31.6,Maple Grove,,,,,,,,,,,,,,,,,,,,,,False,False
264831,"Enchante Accessories, Inc. CA 91739",14413,"Enchante Accessories, Inc.",Decor,1.0,1.0,1.0,9.0,8.0,-1.0,0.9959499822811725,8.0,Chicago Loop,,,,,,,,,,,,,,,,,,,,,,False,False
265247,"Guangdong Shunde Shanyun Technology Co.,CA 90040",86674,"Guangdong Shunde Shanyun Technology Co.,Ltd",APS,1.0,1.0,1.0,9.0,7.0,-2.0,0.9648679033164699,75.0,Northern Kentucky,,,,,,,,,,,,,,,,,,,,,,False,False
265269,ATLAS CG COMPANY LLC CA 91730(2),189543,ATLAS CG COMPANY LLC,Casegoods,1.0,1.0,1.0,7.0,7.0,0.0,0.8644373135168609,240.8,Romeoville Ncpc,,,,,,,,,,,,,,,,,,,,,,False,False
265574,FORESTUP LTD CA 91730(2),214055,FORESTUP LTD,Mattress,1.0,1.0,1.0,8.0,8.0,0.0,0.9868688925081434,25.8,Chicago,,,,,,,,,,,,,,,,,,,,,,False,False
265806,LEELAY INC. CA 91761(3),149864,LEELAY INC.,APS,1.0,1.0,1.0,9.0,8.0,-1.0,0.9926482089785703,14.1,New Brighton Ncpc,,,,,,,,,,,,,,,,,,,,,,False,False
265978,"Dongguan Boao Handicraft CO., LTD CA 91761",104948,"Dongguan Boao Handicraft CO., LTD",APS Youth,1.0,1.0,1.0,13.0,11.0,-2.0,0.9384825378894851,130.7,Greenwood,,,,,,,,,,,,,,,,,,,,,,False,False
266098,Soges CA 92410,56051,Soges,APS K&D,1.0,1.0,1.0,11.0,9.0,-2.0,0.967361863488624,72.3,Lansing,,,,,,,,,,,,,,,,,,,,,,False,False
324415,Dongguan gaodeng import and export CA 91761(2),203069,Dongguan gaodeng import and export CoLTD,APS AEOF,1.0,1.0,1.0,11.0,10.0,-1.0,0.9903179725940426,18.3,New Brighton Ncpc,,,,,,,,,,,,,,,,,,,,,,False,False
189903,Aaron USA LLC CA 91754,186656,Aaron USA LLC,Fireplaces & Grills,1.0,1.0,1.0,9.0,7.0,-2.0,0.9892521949742659,21.3,Romeoville Rsf,,,,,,,,,,,,,,,,,,,,,,False,False
190551,Sylph Like INC CA 91748,185390,Sylph Like INC,APS K&D,1.0,1.0,0.0,7.0,8.0,1.0,0.9944693324484265,10.0,North St.Louis,,,,,,,,,,,,,,,,,,,,,,False,False
190833,SUNTONE UNIVERSAL CA 91761,37882,SUNTONE UNIVERSAL,APS Outdoor,1.0,1.0,1.0,7.0,7.0,0.0,0.9906248033725539,14.9,Kansas City Local,,,,,,,,,,,,,,,,,,,,,,False,False
254232,COMPHOME.CORP CA 91761(3),39423,COMPHOME.CORP,Youth Furniture & Decor,1.0,1.0,1.0,8.0,6.0,-2.0,0.9842166305279613,31.3,Romeoville Rsf,,,,,,,,,,,,,,,,,,,,,,False,False
254296,"Guangzhou Fred Home Furnishings Co., Ltd CA 92880",254285,"Guangzhou Fred Home Furnishings Co., Ltd",Wayfair,1.0,1.0,1.0,11.0,6.0,-5.0,0.9860722764442099,26.4,Maple Grove,1.0,1.0,1.0,6.0,3.0,-3.0,0.9945649438880781,10.8,Hammond,,,,,,,,,,0.0,0.0,-3.0,True,False
254683,Shaoxing ShangYa FangZhi YouXian GongSi CA 90058,254438,Shaoxing ShangYa FangZhi YouXian GongSi,Wayfair,1.0,1.0,1.0,11.0,11.0,0.0,0.9880044223327805,21.7,North St.Louis,,,,,,,,,,,,,,,,,,,,,,False,False
254967,GigaCloud Technology USA Inc CA 92337(2),218268,GigaCloud Technology USA Inc,APS,1.0,1.0,1.0,9.0,9.0,0.0,0.9597252990695613,90.9,Toledo,,,,,,,,,,,,,,,,,,,,,,False,False
255308,DavyLine CA 91710,66342,DavyLine,Kitchen & Small Electrics,1.0,1.0,1.0,9.0,7.0,-2.0,0.9894227227279904,20.1,Maple Grove,,,,,,,,,,,,,,,,,,,,,,False,False
183882,Ning Bo Jing Wei Dian Zi Shang Wu CA 92571,110596,Ning Bo Jing Wei Dian Zi Shang Wu You Xian Gong Si,APS,1.0,1.0,0.0,7.0,8.0,1.0,0.9894156420332108,16.7,Olathe,,,,,,,,,,,,,,,,,,,,,,False,False
184147,Craft Master Growlers WA 98409,137139,Craft Master Growlers,Tabletop,1.0,1.0,1.0,10.0,7.0,-3.0,0.992583256580542,15.3,Romeoville Ncpc,,,,,,,,,,,,,,,,,,,,,,False,False
184285,Faymart Lighting LLC CA 95826,73327,Faymart Lighting LLC,APS Home Improvement,1.0,1.0,1.0,12.0,9.0,-3.0,0.9510938854607578,95.9,Champaign,,,,,,,,,,,,,,,,,,,,,,False,False
184851,HARVEST GRANDE INTL LLC DBA ARC IMPORT CA 94544,67487,HARVEST GRANDE INTL LLC DBA ARC IMPORT CORP,APS Housewares & More,1.0,1.0,0.0,10.0,11.0,1.0,0.9782741471075822,49.8,Greenwood,,,,,,,,,,,,,,,,,,,,,,False,False
185409,Top Greener Inc. CA 92614,182393,Top Greener Inc.,Lighting,1.0,0.0,0.0,10.0,11.0,1.0,0.9597044120843296,92.7,Toledo,,,,,,,,,,,,,,,,,,,,,,False,False
185781,LTmate Global LLC CA 91708,50414,LTMATE GLOBAL INC.,APS Home Improvement,1.0,1.0,1.0,10.0,8.0,-2.0,0.9455328310010764,126.5,Columbus,,,,,,,,,,,,,,,,,,,,,,False,False
186311,Kadehome Inc CA 92374,56395,Kadehome Inc,Casegoods,1.0,1.0,1.0,11.0,3.0,-8.0,0.9171147604514848,171.1,Van Buren Rsf,,,,,,,,,,,,,,,,,,,,,,False,False
186459,Revman International UT 84074,1748,Revman International,Soft Home,1.0,1.0,1.0,6.0,4.0,-2.0,1.0,0.0,Maple Grove,,,,,,,,,,,,,,,,,,,,,,False,False
364991,谷仓-USWE-20-11629,363958,"Shenzhen Yuanshen Import & Export Co., Ltd.",Wayfair,1.0,1.0,1.0,8.0,7.0,-1.0,0.9840893854748604,35.6,Columbus,,,,,,,,,,,,,,,,,,,,,,False,False
365001,无忧达-CA-05-NBYY,363958,"Shenzhen Yuanshen Import & Export Co., Ltd.",Wayfair,1.0,1.0,1.0,9.0,9.0,0.0,0.9107142857142857,191.5,Toledo,,,,,,,,,,,,,,,,,,,,,,False,False
365024,BLISS STAR LLC CA 91762,359638,BLISS STAR LLC,APS Home Improvement,1.0,1.0,1.0,7.0,7.0,0.0,0.9979692338934864,4.0,Mokena,,,,,,,,,,,,,,,,,,,,,,False,False
365129,RAYS LTD CA 91761,65792,RAYS LTD,APS Home Improvement,1.0,1.0,1.0,6.0,4.0,-2.0,0.9280833618038947,168.4,Etna Rsf,,,,,,,,,,,,,,,,,,,,,,False,False
365327,foshanshihuanlingshangmaoyouxiangongsi_1 CA 91764,347202,foshanshihuanlingshangmaoyouxiangongsi_1,APS Wayfair Professional,1.0,1.0,1.0,7.0,7.0,0.0,0.9819201050451998,35.8,Romeoville Rsf,,,,,,,,,,,,,,,,,,,,,,False,False
365464,"Anji Guyou Furniture Co.,Ltd CA 92337",216580,"Anji Guyou Furniture Co.,Ltd",APS AEOF,1.0,1.0,1.0,9.0,8.0,-1.0,0.9975247524752475,4.9,Chicago,,,,,,,,,,,,,,,,,,,,,,False,False
365529,NABBIE INC CA 91745,364953,NABBIE INC,Wayfair,1.0,1.0,1.0,10.0,9.0,-1.0,0.9887097680166265,20.1,North St.Louis,,,,,,,,,,,,,,,,,,,,,,False,False
365532,SICOTAS INC CA 91761(5),94468,SICOTAS INC,APS Bedroom,1.0,1.0,1.0,8.0,7.0,-1.0,0.9767648496157092,52.3,Toledo,,,,,,,,,,,,,,,,,,,,,,False,False
363990,"Dongguan Diwanmei Electronic Technology Co., Ltd. CA 91748 ",351974,"Dongguan Diwanmei Electronic Technology Co., Ltd.",Decor,1.0,1.0,1.0,10.0,7.0,-3.0,0.9266267700606878,174.1,Columbus,,,,,,,,,,,,,,,,,,,,,,False,False
363991,BlueBird Warehouse,157231,"Foshan Baogang Network Technology Co., Ltd",APS Home Improvement,1.0,0.0,1.0,6.0,4.0,-2.0,0.945720887648777,124.5,Etna Rsf,,,,,,,,,,,,,,,,,,,,,,False,False
364252,LEJOMA CO CA 91764,297130,LEJOMA CO,Outdoor Furniture,1.0,1.0,1.0,9.0,7.0,-2.0,0.9579515779223653,95.0,Toledo,,,,,,,,,,,,,,,,,,,,,,False,False
364268,Los Angeles Warehouse No.17,329011,(US)Shenzhenshibochengshangwuyouxiangongsi,APS Home Improvement,1.0,1.0,1.0,8.0,8.0,0.0,0.9613003785348474,86.9,Toledo,,,,,,,,,,,,,,,,,,,,,,False,False
364368,Layriar INC. CA 95304,61235,Layriar INC.,APS Outdoor,1.0,1.0,1.0,8.0,6.0,-2.0,0.9736258162683067,41.6,Bismarck,,,,,,,,,,,,,,,,,,,,,,False,False
364902,LC-CA008,320790,hang zhou gong lian jin chu kou you xian gong si,APS Outdoor,1.0,1.0,1.0,10.0,7.0,-3.0,0.9126833033187548,169.7,Chicago,,,,,,,,,,,,,,,,,,,,,,False,False
364930,Hokua-WPLA17,83544,"QuanZhou Hash Furniture Co., Ltd",APS AEOF,1.0,1.0,1.0,8.0,8.0,0.0,0.9729926674864507,59.3,Toledo,,,,,,,,,,,,,,,,,,,,,,False,False
364939,Forest Aurora Inc CA 91764,120310,Forest Aurora Inc,APS Mattresses,1.0,1.0,1.0,9.0,7.0,-2.0,0.9031047265987026,209.1,Toledo,,,,,,,,,,,,,,,,,,,,,,False,False
363012,"Yiwu Zeyi E-commerce Co., Ltd CA 91731",348609,"Yiwu Zeyi E-commerce Co., Ltd",APS Home Improvement,1.0,1.0,1.0,9.0,8.0,-1.0,0.9685143288084463,66.8,Duluth,,,,,,,,,,,,,,,,,,,,,,False,False
363018,"Yiwu Zeyi E-commerce Co., Ltd CA 91761",348609,"Yiwu Zeyi E-commerce Co., Ltd",APS Home Improvement,1.0,1.0,1.0,9.0,5.0,-4.0,0.9543832683756931,83.1,Cedar Rapids,,,,,,,,,,,,,,,,,,,,,,False,False
363166,Fairchild Quality Trade Inc CA 91746,95557,Fairchild Quality Trade Inc,APS Decor,1.0,1.0,1.0,7.0,7.0,0.0,0.9672153448510407,48.2,Salina,,,,,,,,,,,,,,,,,,,,,,False,False
363209,"Foshan Jinghong Network Technology Co., Ltd CA 92337",363189,"Foshan Jinghong Network Technology Co., Ltd",Wayfair,1.0,1.0,1.0,9.0,9.0,0.0,0.9495410684867027,107.2,Greenwood,,,,,,,,,,,,,,,,,,,,,,False,False
363216,PURE ERA INC CA 91763,95496,PURE ERA INC,APS Rugs,1.0,1.0,1.0,11.0,10.0,-1.0,0.971445195363201,63.8,Toledo,,,,,,,,,,,,,,,,,,,,,,False,False
363248,"Ningbo Xiangni Technology Co., Ltd. CA 92374",363210,"Ningbo Xiangni Technology Co., Ltd.",Wayfair,1.0,1.0,1.0,8.0,7.0,-1.0,0.9838284497617358,31.9,Romeoville Ncpc,,,,,,,,,,,,,,,,,,,,,,False,False
363574,"Hangzhou Sunward Tech Co., Ltd. CA 91710",275340,"Hangzhou Sunward Tech Co., Ltd.",APS AEOF,1.0,1.0,1.0,8.0,7.0,-1.0,0.9911040145985401,19.5,West Columbus,,,,,,,,,,,,,,,,,,,,,,False,False
363842,"Shenzhen Jiayou Home Products Co., Ltd. CA 92376",362602,"Shenzhen Jiayou Home Products Co., Ltd.",APS Decor,1.0,1.0,1.0,11.0,9.0,-2.0,0.9885938032005448,20.1,North St.Louis,,,,,,,,,,,,,,,,,,,,,,False,False
326203,tong zhou lu zhi run fang zhi pin chang CA 91710,326198,tong zhou lu zhi run fang zhi pin chang,Wayfair,1.0,1.0,1.0,9.0,8.0,-1.0,0.9013519007928441,194.1,North St.Louis,,,,,,,,,,,,,,,,,,,,,,False,False
326495,Minlikeji shanghai youxiangongsi CA 92376,211220,Minlikeji shanghai youxiangongsi,APS,1.0,0.0,0.0,8.0,10.0,2.0,0.9975247524752475,4.9,Chicago,,,,,,,,,,,,,,,,,,,,,,False,False
250237,weixianzhouhuxiubaihuodian CA 91730,250236,weixianzhouhuxiubaihuodian,Wayfair,1.0,1.0,1.0,9.0,6.0,-3.0,0.9912835151391579,17.1,Chicago,,,,,,,,,,,,,,,,,,,,,,False,False
250389,Hermes and Fesius LLC CA 91761,69201,Hermes and Fesius LLC,APS Outdoor,1.0,1.0,1.0,11.0,7.0,-4.0,0.9903066170093363,19.0,Romeoville Ncpc,,,,,,,,,,,,,,,,,,,,,,False,False
250568,"SCRIST, Inc. RST Brands LLC GA 30103",1399,"SCRIST, Inc. DBA RST Brands",Outdoor Furniture,1.0,1.0,1.0,11.0,10.0,-1.0,0.9818099547511313,40.2,Greenwood,,,,,,,,,,,,,,,,,,,,,,False,False
362543,FUZHOU YUNZUO HOME DECOR. CO. LTD CA 91730,350838,FUZHOU YUNZUO HOME DECOR. CO. LTD,Wayfair,1.0,1.0,1.0,10.0,7.0,-3.0,0.9145159023841866,182.5,Chicago,,,,,,,,,,,,,,,,,,,,,,False,False
362896,"Ningbo Baihui Furniture Co., Ltd CA 91730 ",253241,"Ningbo Baihui Furniture Co., Ltd",APS Wayfair Professional,1.0,1.0,1.0,11.0,11.0,0.0,0.9082727911881884,195.7,Toledo,,,,,,,,,,,,,,,,,,,,,,False,False
362936,"NINGBO YOUSUN IMP. AND EXP.CO.,LTD CA 91752",302478,"NINGBO YOUSUN IMP. AND EXP.CO.,LTD",APS Housewares & More,1.0,1.0,1.0,8.0,7.0,-1.0,0.8609836901121305,218.2,North St.Louis,,,,,,,,,,,,,,,,,,,,,,False,False
268657,COMPHOME.CORP CA 91764,39423,COMPHOME.CORP,Youth Furniture & Decor,1.0,1.0,1.0,8.0,7.0,-1.0,0.9953889029642767,9.1,Romeoville Rsf,,,,,,,,,,,,,,,,,,,,,,False,False
322096,XH Easy Go LLA CA 90660,100809,XH Easy Go LLA,APS Youth,1.0,1.0,1.0,10.0,9.0,-1.0,0.9783770033070466,42.5,Chicago,,,,,,,,,,,,,,,,,,,,,,False,False
322144,"Guangzhou Xianyan Trading Co., Ltd CA 91730",314819,"Guangzhou Xianyan Trading Co., Ltd",APS,1.0,1.0,0.0,10.0,11.0,1.0,0.9916247906197655,16.5,Chicago,,,,,,,,,,,,,,,,,,,,,,False,False
322190,Janfree Inc CA 92335,221062,Janfree Inc,APS Pet,1.0,1.0,1.0,7.0,6.0,-1.0,0.993425107869324,12.8,South Chicago,,,,,,,,,,,,,,,,,,,,,,False,False
322404,fushanshikangzhibaojiajuyouxiangongsi CA 92337,319244,fushanshikangzhibaojiajuyouxiangongsi,Mattress,1.0,1.0,1.0,9.0,5.0,-4.0,0.9054851454666735,184.2,North St.Louis,,,,,,,,,,,,,,,,,,,,,,False,False
322497,Whiz Core Inc CA 91761,311885,Whiz Core Inc,Casegoods,1.0,1.0,1.0,7.0,7.0,0.0,0.9907819652599235,14.7,Kansas City Local,,,,,,,,,,,,,,,,,,,,,,False,False
323142,SS-WPLA14,323133,"Sansu Wood Industry (Xia Men) Co., LTD",Wayfair,1.0,1.0,1.0,12.0,7.0,-5.0,1.0,0.0,North St.Louis,,,,,,,,,,,,,,,,,,,,,,False,False
323333,"Yiwu Saiwang E-commerce Co., Ltd. CA 95304",323332,"Yiwu Saiwang E-commerce Co., Ltd.",Wayfair,1.0,1.0,1.0,9.0,6.0,-3.0,0.8586024862348868,249.1,New Brighton Ncpc,,,,,,,,,,,,,,,,,,,,,,False,False
182277,"Cheetah Sourcing, LLC CA 91761",76044,"Cheetah Sourcing, LLC",Lighting,1.0,1.0,1.0,12.0,12.0,0.0,0.9897430689550116,20.2,Chicago,,,,,,,,,,,,,,,,,,,,,,False,False
182508,Richmond Engineering dba Yard Butler CA 92064,132725,Richmond Engineering dba Yard Butler,Decor,1.0,1.0,1.0,9.0,8.0,-1.0,0.994716432380029,10.9,Niles,,,,,,,,,,,,,,,,,,,,,,False,False
182999,LT Home Living Inc. CA 92337,47561,LT Home Living Inc.,Upholstery,1.0,0.0,1.0,12.0,12.0,0.0,0.981099839829151,35.4,Maple Grove,,,,,,,,,,,,,,,,,,,,,,False,False
267884,Longtrace Integration Inc CA 91761,214024,Longtrace Integration Inc,Upholstery,1.0,1.0,1.0,9.0,8.0,-1.0,0.9950758066606193,11.4,Cleveland,,,,,,,,,,,,,,,,,,,,,,False,False
267975,James Ke-CA,146893,AMARTIZ,APS Home Improvement,1.0,1.0,1.0,10.0,10.0,0.0,0.9843087790110999,31.1,Romeoville Ncpc,,,,,,,,,,,,,,,,,,,,,,False,False
268218,LCG Florals IL 60160,21603,LCG Florals,Decor,1.0,1.0,1.0,6.0,3.0,-3.0,0.9932782894040436,12.7,St. Paul,,,,,,,,,,,,,,,,,,,,,,False,False
268270,GigaCloud Technology USA Inc CA 91761(2),218268,GigaCloud Technology USA Inc,APS,1.0,1.0,1.0,11.0,6.0,-5.0,0.9933734573530305,10.9,Des Moines,,,,,,,,,,,,,,,,,,,,,,False,False
268295,OK FURNITURE COMPANY INC 91761,57010,XIAMEN RONGSHUCHENG WANGLUO KEJIYOUXIANGONGSI,APS,1.0,1.0,1.0,9.0,8.0,-1.0,0.9891098910989111,24.2,Columbus,,,,,,,,,,,,,,,,,,,,,,False,False
173916,"NINGBO JOYS IMP. EXP. CO.,LTD WA 98387",61691,Gymax LLC,APS Outdoor,1.0,1.0,1.0,8.0,8.0,0.0,1.0,0.0,Madison,,,,,,,,,,,,,,,,,,,,,,False,False
174585,TopBuy Inc WA 98387,88651,TopBuy Inc,APS Outdoor,1.0,1.0,1.0,8.0,6.0,-2.0,0.9923905408569421,13.0,Rosemount Local,,,,,,,,,,,,,,,,,,,,,,False,False
174696,Yinchuan Huisi e commerce Co Ltd CA 91710(2),139237,Yinchuan Huisi e commerce Co Ltd,APS,1.0,1.0,1.0,25.0,11.0,-14.0,0.9965811965811966,6.8,Chicago,,,,,,,,,,,,,,,,,,,,,,False,False
175484,Shenzhen Oumeifeng Fashion Design Co Ltd. CA 92336,108440,"Shenzhen Oumeifeng Fashion Design Co., Ltd.",APS,1.0,1.0,1.0,13.0,12.0,-1.0,0.8560030109145653,191.3,Lenexa,1.0,1.0,0.0,5.0,6.0,1.0,0.48732822707817075,910.3,Fairless Hills,,,,,,,,,,0.0,-1.0,-6.0,True,False
175959,WPNJ4,62368,Shenzhen Like Keji Youxiangongsi,APS,1.0,1.0,0.0,3.0,5.0,2.0,0.9897738535003154,22.7,West Columbus,,,,,,,,,,,,,,,,,,,,,,False,False
177989,"Zhejiang Sans Furniture Co.,Ltd. CA 92337",77162,"Zhejiang Shanshi Furniture Co.,Ltd",APS K&D,1.0,1.0,1.0,9.0,5.0,-4.0,0.9828464759598405,34.0,Chicago,,,,,,,,,,,,,,,,,,,,,,False,False
178155,"Shenzhen Xiao Hailuo Shangmao Co., Ltd. CA 92337",120229,"Shenzhen Xiao Hailuo Shangmao Co., Ltd.",APS,1.0,1.0,1.0,10.0,6.0,-4.0,0.9950830790098338,8.7,Cedar Rapids Local,,,,,,,,,,,,,,,,,,,,,,False,False
182132,"GWC., JSC. CA3",149502,"GWI.,INC.",APS,1.0,1.0,0.0,8.0,9.0,1.0,0.9374863769126814,143.4,West Columbus,,,,,,,,,,,,,,,,,,,,,,False,False
365610,Xiamenshimeijiahuanchuangmaoyiyouxiangongsi CA 91752,365560,Xiamenshimeijiahuanchuangmaoyiyouxiangongsi,Wayfair,1.0,1.0,1.0,8.0,8.0,0.0,0.9250062235499129,120.5,Sioux Falls,,,,,,,,,,,,,,,,,,,,,,False,False
365614,SKC-LG-CA-CAP,106632,"HONG KONG REST TRADING CO.,LIMITED",APS AEOF,1.0,1.0,1.0,7.0,7.0,0.0,0.9857294429708222,26.9,Maple Grove,,,,,,,,,,,,,,,,,,,,,,False,False
365675,"Foshan Chunfeng Fulin Outdoor Furniture Co., Ltd. CA 92316",244204,"Foshan Chunfeng Fulin Outdoor Furniture Co., Ltd.",APS Outdoor,1.0,0.0,0.0,7.0,18.0,11.0,0.645770466270807,727.8,Fairless Hills,,,,,,,,,,,,,,,,,,,,,,False,False
365860,杭州伶动电子商务有限公司 CA 92335,356538,"Hangzhou Lingdong E-commerce Co., Ltd",Wayfair,1.0,1.0,1.0,12.0,11.0,-1.0,0.9920159680638723,12.0,Omaha,,,,,,,,,,,,,,,,,,,,,,False,False
365867,OKD-LG-CA-CAP,93740,OKD INTERNATIONAL TRADING COMPANY LIMITED,APS AEOF,1.0,1.0,1.0,11.0,8.0,-3.0,0.9883868996078032,22.8,Romeoville Ncpc,,,,,,,,,,,,,,,,,,,,,,False,False
366233,"ANJI  WANJUN   TECHNOLOGY  CO.,LTD CA 91761(3)",365545,"ANJI  WANJUN   TECHNOLOGY  CO.,LTD",Wayfair,1.0,1.0,1.0,10.0,7.0,-3.0,0.8829914359689305,235.0,North St.Louis,,,,,,,,,,,,,,,,,,,,,,False,False
366270,     WPLA16,365555,"Nanjing Longyu Home Technology Co., Ltd.",Wayfair,1.0,1.0,1.0,7.0,6.0,-1.0,0.9930448222565686,15.3,Toledo,,,,,,,,,,,,,,,,,,,,,,False,False
366462,FUJIAN XINIUNIU JIAJU YOUXIANGONGSI CA 92509,365174,FUJIAN XINIUNIU JIAJU YOUXIANGONGSI,Wayfair,1.0,1.0,1.0,8.0,8.0,0.0,0.9208154506437768,184.5,Columbus,,,,,,,,,,,,,,,,,,,,,,False,False
154811,"Taizhou Boxiao Network Technology Co., Ltd. CA 91748",131844,"Taizhou Boxiao Network Technology Co., Ltd.",APS,1.0,1.0,1.0,10.0,8.0,-2.0,0.9843248523187126,33.7,Northern Kentucky,,,,,,,,,,,,,,,,,,,,,,False,False
155401,Wenzhou Lisheng Import and Export CA 91730,82169,"DALI FORTUNE TRADE CO.,LIMITED",APS Rugs,1.0,1.0,1.0,9.0,9.0,0.0,0.9651882928778344,69.7,Romeoville Ncpc,,,,,,,,,,,,,,,,,,,,,,False,False
155999,NJ-CA 91761,142677,"Hangzhou Flint E-commerce Co.,Ltd",APS,1.0,1.0,1.0,6.0,6.0,0.0,0.9996974464480213,0.5,Minot,,,,,,,,,,,,,,,,,,,,,,False,False
156324,Smash sports group Inc CA 92337,106010,Smash sports group Inc,Kitchen & Small Electrics,1.0,1.0,1.0,15.0,8.0,-7.0,0.9978453803929616,4.2,East Carol Stream,,,,,,,,,,,,,,,,,,,,,,False,False
156325,Smash sports group Inc CA 91730,106010,Smash sports group Inc,Kitchen & Small Electrics,1.0,1.0,1.0,12.0,6.0,-6.0,0.9769657627473562,44.0,Maple Grove,,,,,,,,,,,,,,,,,,,,,,False,False
156456,"Minhou Minxing Weaving CO.,Ltd CA 91730",62617,"Minhou Minxing Weaving CO.,Ltd",APS,1.0,1.0,1.0,9.0,8.0,-1.0,0.9922471910112359,13.8,North St.Louis,,,,,,,,,,,,,,,,,,,,,,False,False
156830,DH Sales WA,39733,DH Sales,Casegoods,1.0,1.0,1.0,9.0,7.0,-2.0,0.9325618894052926,142.2,Champaign,,,,,,,,,,,,,,,,,,,,,,False,False
157449,Walcut Inc CA 92507,65816,Walcut Inc,APS Other,1.0,1.0,1.0,8.0,8.0,0.0,0.9960901797501777,7.7,Niles,,,,,,,,,,,,,,,,,,,,,,False,False
367508,Forest Aurora Inc CA 91730,120310,Forest Aurora Inc,APS Mattresses,1.0,1.0,1.0,8.0,7.0,-1.0,0.991725768321513,16.1,South Chicago,,,,,,,,,,,,,,,,,,,,,,False,False
367516,Sanctuary Vogue Ltd CA 91761,304293,Sanctuary Vogue Ltd,Soft Home,1.0,1.0,1.0,9.0,7.0,-2.0,0.9857981632960305,28.3,Romeoville Rsf,,,,,,,,,,,,,,,,,,,,,,False,False
367700,Home Enter Hub Inc CA 91789,266442,Home Enter Hub Inc,Casegoods,1.0,1.0,1.0,18.0,7.0,-11.0,0.9591610970269647,88.6,Northern Kentucky,,,,,,,,,,,,,,,,,,,,,,False,False
367769,Silverton Partners LLC CA 92337,354157,Silverton Partners LLC,Upholstery,1.0,1.0,1.0,7.0,7.0,0.0,0.944376871257485,118.9,Greenwood,,,,,,,,,,,,,,,,,,,,,,False,False
367774,Silverton Partners LLC CA 91731,354157,Silverton Partners LLC,Upholstery,1.0,1.0,1.0,8.0,8.0,0.0,0.9933575692293882,14.8,Columbus,,,,,,,,,,,,,,,,,,,,,,False,False
367813, KYT9425-CA,308220,Dwelling Dots Ltd,APS Upholstery,1.0,1.0,1.0,9.0,6.0,-3.0,0.971901501992439,55.0,Romeoville Rsf,,,,,,,,,,,,,,,,,,,,,,False,False
368238,"WenZhou Limu Furniture Co,.ltd CA 92374",361185,"WenZhou Limu Furniture Co,.ltd",APS AEOF,1.0,1.0,1.0,10.0,8.0,-2.0,0.9913633280578793,19.1,West Columbus,,,,,,,,,,,,,,,,,,,,,,False,False
154546,Fairway Furniture LLC CA 91761,153866,Fairway Furniture LLC,Casegoods,1.0,1.0,1.0,8.0,7.0,-1.0,0.9295604182804028,145.5,Northern Kentucky,,,,,,,,,,,,,,,,,,,,,,False,False
366509,大健云仓CA3仓,320592,GTS PRO TRADING INC,APS AEOF,1.0,0.0,1.0,8.0,6.0,-2.0,0.99024279555253,17.2,North St.Louis,,,,,,,,,,,,,,,,,,,,,,False,False
366909,"Shenzhen Sanjin Technology Co., Ltd. CA 91762",354905,HONG KONG QUNJINDA LIMITED,APS Rugs,1.0,1.0,1.0,7.0,7.0,0.0,0.9579608814939375,95.0,Toledo,,,,,,,,,,,,,,,,,,,,,,False,False
367250,"Zhejiang On Leap Furnishing Co.,Ltd. CA 92879",63641,"Zhejiang On Leap Furnishing Co.,Ltd.",APS Outdoor,1.0,1.0,1.0,9.0,9.0,0.0,0.9739571538566059,57.5,Toledo,,,,,,,,,,,,,,,,,,,,,,False,False
367285,shenzhenshijinxundadianzishangwuyouxiangongsi CA 92337,337940,shenzhenshijinxundadianzishangwuyouxiangongsi,APS Home Improvement,1.0,1.0,1.0,10.0,10.0,0.0,0.9890314679729514,20.6,Minneapolis,,,,,,,,,,,,,,,,,,,,,,False,False
367348,Envelor Inc CA 90040,25315,Envelor Inc,Decor,1.0,1.0,1.0,8.0,8.0,0.0,0.9886420300293645,20.5,North St.Louis,,,,,,,,,,,,,,,,,,,,,,False,False
367357,TRIVOB LTD. CA 92337 ,289998,TRIVOB LTD.,Mattress,1.0,1.0,1.0,14.0,5.0,-9.0,0.9813244498283868,37.0,Chicago,1.0,0.0,1.0,8.0,6.0,-2.0,0.8153944719018854,403.4,East Chattanooga,,,,,,,,,,-1.0,0.0,1.0,True,False
367381,"Hefei Maxyoyo Trading Co., Ltd. NJ 08518",67567,"Hefei Maxyoyo Trading Co., Ltd.",APS Upholstery,1.0,1.0,1.0,4.0,4.0,0.0,0.9973384950399226,5.5,Duluth,,,,,,,,,,,,,,,,,,,,,,False,False
367474,24 LOUISE STREET LLC CA 91730 (2),316843,24 LOUISE STREET LLC,Casegoods,1.0,1.0,1.0,9.0,8.0,-1.0,0.9607957345759218,87.5,Toledo,,,,,,,,,,,,,,,,,,,,,,False,False
323344,MAY FLORIDA SERVICE LLC FL 33182,323343,MAY FLORIDA SERVICE LLC,Wayfair,1.0,1.0,1.0,7.0,6.0,-1.0,0.9502453385672227,101.4,Greenwood,,,,,,,,,,,,,,,,,,,,,,False,False
323867,JYYQ Inc CA 91762,264884,JYYQ Inc,Lighting,1.0,1.0,1.0,6.0,5.0,-1.0,0.9995366079703429,0.6,Rapid City,,,,,,,,,,,,,,,,,,,,,,False,False
324106,Homewise Solutions LLC CA 90040 ,277256,Homewise Solutions LLC,APS SEA,1.0,1.0,1.0,9.0,9.0,0.0,0.9947781977322459,10.5,Chicago,,,,,,,,,,,,,,,,,,,,,,False,False
324183,Foshan Miaoyuan Intelligent Technology Co CA 92337,319358,"Foshan Miaoyuan Intelligent Technology Co., Ltd",APS AEOF,1.0,1.0,1.0,10.0,7.0,-3.0,0.9196558836846607,159.7,Romeoville Ncpc,,,,,,,,,,,,,,,,,,,,,,False,False
324401,Foshan Sleep Sheep Home Co. Ltd. CA 91752,59352,Foshan Sleep Sheep Home Co. Ltd.,APS Mattresses,1.0,1.0,1.0,8.0,7.0,-1.0,0.985524728588661,32.4,Toledo,,,,,,,,,,,,,,,,,,,,,,False,False
254012,GC-CA-5/6/23,91035,NINGBOZHENHAIAIBODADIANZISHANGWUYOUXIANGONGSI,APS Outdoor,1.0,1.0,1.0,8.0,8.0,0.0,0.9968037129471518,7.3,Mansfield,,,,,,,,,,,,,,,,,,,,,,False,False
254103,Bella Depot Inc. CA 91706,34959,Bella Depot Inc.,APS Home Improvement,1.0,1.0,1.0,9.0,7.0,-2.0,0.998097431532569,3.8,Niles,,,,,,,,,,,,,,,,,,,,,,False,False
183428,易达云美西3仓 183428 92337,141533,TIMBERLINE OUTDOOR FURNITURE INC,APS Outdoor,1.0,1.0,1.0,12.0,6.0,-6.0,0.8586361860101603,289.4,St. Paul,,,,,,,,,,,,,,,,,,,,,,False,False
271139,Comptree Inc CA 91761(3),8574,Comptree Inc,APS,1.0,1.0,1.0,8.0,6.0,-2.0,0.9192521269550156,158.5,Romeoville Rsf,,,,,,,,,,,,,,,,,,,,,,False,False
319964,Magics Radiance LLC CA 91730 (2),250721,Magics Radiance LLC,Pet,1.0,0.0,1.0,8.0,7.0,-1.0,0.9812832842148803,36.2,Chicago,,,,,,,,,,,,,,,,,,,,,,False,False
319965,ASCREATE INC. CA 92337,271202,ASCREATE INC.,Upholstery,1.0,1.0,1.0,8.0,8.0,0.0,0.9729926674864507,59.3,Toledo,,,,,,,,,,,,,,,,,,,,,,False,False
319967,Dream CitySpace Inc CA 91730 (2),266293,Dream CitySpace Inc,Flooring,1.0,1.0,0.0,7.0,9.0,2.0,0.9252687660546095,157.1,Toledo,,,,,,,,,,,,,,,,,,,,,,False,False
320076,HESUNG INNOVATION LIMITED_1 CA 91789,317077,DREO TECH LIMITED,Wayfair,1.0,1.0,1.0,12.0,9.0,-3.0,0.9545028374043918,92.2,South Chicago,,,,,,,,,,,,,,,,,,,,,,False,False
320162,"Shanghai Aolong Industrial Co., Ltd CA 92509 ",229554,"Shanghai Aolong Industrial Co., Ltd",APS Bedroom,1.0,1.0,1.0,9.0,8.0,-1.0,0.961452342275102,87.8,Toledo,,,,,,,,,,,,,,,,,,,,,,False,False
320347,Dong Guan Zhi  Shang Jia Ju You Xian Gong CA 91748,236991,Dong Guan Zhi  Shang Jia Ju You Xian Gong Si,APS,1.0,1.0,1.0,9.0,8.0,-1.0,0.9261562047525764,173.4,West Columbus,,,,,,,,,,,,,,,,,,,,,,False,False
320652,MSI CA 92865 (2),10633,MSI,Flooring,1.0,1.0,1.0,10.0,7.0,-3.0,0.9807739953421535,38.8,Romeoville Ncpc,,,,,,,,,,,,,,,,,,,,,,False,False
150928,Lanbo Appliances CA 91761,51824,Lanbo Appliances,Appliances,1.0,0.0,1.0,9.0,9.0,0.0,0.9968618717416612,6.2,Chicago,,,,,,,,,,,,,,,,,,,,,,False,False
150963,Eomez LLC CA 90040,132345,Eomez LLC,Recreation,1.0,0.0,0.0,8.0,11.0,3.0,0.980343083581,37.7,Maple Grove,,,,,,,,,,,,,,,,,,,,,,False,False
151087,"Fence4ever, Inc. CA",62923,"Fence4ever, Inc.",Outdoor Structures,1.0,0.0,1.0,9.0,8.0,-1.0,0.9887634813142714,22.4,Mccook,,,,,,,,,,,,,,,,,,,,,,False,False
151150,AB-CA01,91035,NINGBOZHENHAIAIBODADIANZISHANGWUYOUXIANGONGSI,APS Outdoor,1.0,1.0,1.0,8.0,8.0,0.0,0.9361417751596456,129.0,New Brighton Ncpc,,,,,,,,,,,,,,,,,,,,,,False,False
151153,LC-CA08,91035,NINGBOZHENHAIAIBODADIANZISHANGWUYOUXIANGONGSI,APS Outdoor,1.0,1.0,1.0,10.0,3.0,-7.0,0.9870795734208367,25.2,Terre Haute,,,,,,,,,,,,,,,,,,,,,,False,False
151250,LEELAY INC. CA 92571,149864,LEELAY INC.,APS,1.0,1.0,1.0,11.0,10.0,-1.0,0.9970443797744635,6.5,Toledo,,,,,,,,,,,,,,,,,,,,,,False,False
270125,Shenzhen Yousi Internet Digital Marketing CA 91761,255424,"Shenzhen Yousi Internet Digital Marketing C o., Ltd.",Plumbing,1.0,1.0,1.0,11.0,11.0,0.0,0.9939249392493925,13.5,West Columbus,,,,,,,,,,,,,,,,,,,,,,False,False
270308,Vuebles Technology LLC LAX01,81881,Vuebles Technology LLC,APS Youth,1.0,1.0,1.0,9.0,8.0,-1.0,0.9394446303111408,126.7,Chicago,,,,,,,,,,,,,,,,,,,,,,False,False
369188,"Laohekou City Chuozhang Trading Co., Ltd CA 94545",320619,"Laohekou City Chuozhang Trading Co., Ltd",APS Home Improvement,1.0,1.0,1.0,10.0,9.0,-1.0,0.9933917132895483,16.3,Columbus,,,,,,,,,,,,,,,,,,,,,,False,False
369240,bazhoushijuhongjiajuyouxiangongsi CA 92337,357807,bazhoushijuhongjiajuyouxiangongsi,APS AEOF,1.0,1.0,1.0,9.0,7.0,-2.0,0.9224995711099675,180.7,Columbus,,,,,,,,,,,,,,,,,,,,,,False,False
369451,繁体字（无锡）供应链管理有限公司 CA 91730,369448,"RICHWORD(WUXI) SUPPLY CHAIN MANAGEMENT CO.,LTD",Wayfair,1.0,1.0,1.0,8.0,7.0,-1.0,0.9420237340338798,128.0,Toledo,,,,,,,,,,,,,,,,,,,,,,False,False
369633,"Ganzhou Sidawo Electronic Commerce Co., Ltd. CA 91761",66328,"Ganzhou Sidawo Electronic Commerce Co., Ltd.",APS Outdoor,1.0,1.0,1.0,8.0,8.0,0.0,0.9814408033352758,41.4,West Columbus,,,,,,,,,,,,,,,,,,,,,,False,False
369735,Trimark Technology CA 92316,60485,Trimark Technology,APS K&D,1.0,0.0,0.0,7.0,8.0,1.0,0.9871393424289868,23.0,North St.Louis,,,,,,,,,,,,,,,,,,,,,,False,False
369872,Foshanshiyidadengshiyouxiangongsi CA 91730,363446,Foshanshiyidadengshiyouxiangongsi,Wayfair,1.0,1.0,1.0,13.0,2.0,-11.0,0.9845635700252596,33.0,Chicago,,,,,,,,,,,,,,,,,,,,,,False,False
149481,SHELANDY IMPORT CORPORATION CA 91789,149195,SHELANDY IMPORT CORPORATION,APS,1.0,1.0,1.0,11.0,9.0,-2.0,0.9961179732795563,7.7,Niles,,,,,,,,,,,,,,,,,,,,,,False,False
149975,"Sonicgrace, Inc. CA 91710",149143,"Sonicgrace, Inc.",Lighting,1.0,1.0,1.0,10.0,9.0,-1.0,0.9502456106220515,102.3,Northern Kentucky,,,,,,,,,,,,,,,,,,,,,,False,False
157865,Natus Sports Recreation Inc CA 92335,19626,Natus Sports & Recreation Inc,Recreation,1.0,0.0,0.0,7.0,8.0,1.0,0.983676800652928,32.0,Chicago,,,,,,,,,,,,,,,,,,,,,,False,False
157958,Shenzhenshi Baishengyuncang Kejiyouxiangongsi CA 91710,156895,Shenzhenshi Baishengyuncang Kejiyouxiangongsi,APS Home Improvement,1.0,1.0,1.0,9.0,8.0,-1.0,0.9926175170751306,14.7,Chicago Loop,,,,,,,,,,,,,,,,,,,,,,False,False
163374,Huizhou Jiushengchen Furniture CA 91761,104481,"Taining Zhitaiou Technology Co., Ltd.",Casegoods,1.0,1.0,1.0,11.0,8.0,-3.0,0.8779591014405158,242.3,Toledo,,,,,,,,,,,,,,,,,,,,,,False,False
171185,Midea America Corp. CA 92508,35582,Midea America Corp.,Appliances,1.0,1.0,1.0,8.0,8.0,0.0,0.9994728240813959,1.0,St. Paul Local,,,,,,,,,,,,,,,,,,,,,,False,False
368634,LEJOMA CO CA 92337 (3),297130,LEJOMA CO,Outdoor Furniture,1.0,1.0,1.0,12.0,12.0,0.0,0.9417259405261805,136.0,Toledo,,,,,,,,,,,,,,,,,,,,,,False,False
368716,西邮美西仓（WPLA11）,151238,"Shenzhen heshuntaida Cross-border E-commerce Co., Ltd.",APS Home Improvement,1.0,1.0,1.0,12.0,11.0,-1.0,0.9313917402721413,143.7,Chicago,,,,,,,,,,,,,,,,,,,,,,False,False
368944,"HOSIM TRADING, INC. CA 91761",93957,"HOSIM TRADING, INC.",APS Other,1.0,0.0,1.0,8.0,7.0,-1.0,0.942365880601316,120.0,Chicago,,,,,,,,,,,,,,,,,,,,,,False,False
369008,"KUA BAO INTERNATIONAL TRADING CO.,LIMITED CA 92336",369002,"KUA BAO INTERNATIONAL TRADING CO.,LIMITED",Wayfair,1.0,1.0,1.0,7.0,6.0,-1.0,0.9884175691937426,23.1,Munster,,,,,,,,,,,,,,,,,,,,,,False,False
370741,Myhomekeepers Limited CA 91761,212607,Myhomekeepers Limited,APS Bedroom,1.0,1.0,1.0,8.0,8.0,0.0,0.8635247578775066,200.1,Kansas City,,,,,,,,,,,,,,,,,,,,,,False,False
370753,ChooChoo Furniture CA 92337,65006,ChooChoo Furniture,APS AEOF,1.0,1.0,0.0,8.0,9.0,1.0,0.9176288659793814,159.8,Romeoville Ncpc,,,,,,,,,,,,,,,,,,,,,,False,False
370852,Yiwu Binsai Import and Export CA 91761(4),273078,"Yiwu Binsai Import and Export Co., Ltd.",APS Outdoor,1.0,1.0,1.0,9.0,8.0,-1.0,0.9946076254520079,8.5,Olathe,,,,,,,,,,,,,,,,,,,,,,False,False
371110,guangzhouhangfankejiyouxiangongsi CA 91761,331923,guangzhouhangfankejiyouxiangongsi,APS Housewares & More,1.0,1.0,1.0,11.0,6.0,-5.0,0.8800764767932489,181.9,Kansas City,,,,,,,,,,,,,,,,,,,,,,False,False
371122,"NINGBO HOMING INTERNATIONAL TRADING CO.,LTD CA 91730",95195,"NINGBO HOMING INTERNATIONAL TRADING CO.,LTD",APS Outdoor,1.0,1.0,1.0,8.0,7.0,-1.0,0.999532382511106,0.6,Rapid City,,,,,,,,,,,,,,,,,,,,,,False,False
371167,"Bazhou Yunna Furniture Co., Ltd CA 92336",369960,"Bazhou Yunna Furniture Co., Ltd",APS Bedroom,1.0,1.0,1.0,8.0,8.0,0.0,0.9932183787193776,12.9,Peoria,,,,,,,,,,,,,,,,,,,,,,False,False
371238,Jiangxi Juyuecehong Technology NJ 08837 (2),354596,"Jiangxi Juyuecehong Technology Co., Ltd",APS Upholstery,1.0,1.0,1.0,7.0,4.0,-3.0,0.9909740885350642,17.8,Mccook,,,,,,,,,,,,,,,,,,,,,,False,False
371469,"Hongkong Cachin Co., Limited CA  91761",342486,"Hongkong Cachin Co., Limited",APS Home Improvement,1.0,0.0,1.0,8.0,7.0,-1.0,0.8701540095592141,195.6,Kansas City,,,,,,,,,,,,,,,,,,,,,,False,False
370344,Aiwen Lighting CA 91752(2),53835,Aiwen Lighting,APS Home Improvement,1.0,1.0,1.0,11.0,10.0,-1.0,0.9883854166666667,22.3,St. Paul Local,,,,,,,,,,,,,,,,,,,,,,False,False
370375,"Xuzhou Abosi Network Technology Co., Ltd CA 91748",354350,"Xuzhou Abosi Network Technology Co., Ltd",APS Decor,1.0,0.0,0.0,11.0,12.0,1.0,0.9576853160977581,83.8,St. Paul,,,,,,,,,,,,,,,,,,,,,,False,False
370387,Imtec Global Inc_1 CA 91746,367634,Imtec Global Inc_1,Wayfair,1.0,1.0,1.0,12.0,12.0,0.0,0.9907407407407407,17.7,Maple Grove,,,,,,,,,,,,,,,,,,,,,,False,False
370408,hangzhoudongmeidianzishangwuyouxiangongsi CA 91761,203629,hangzhoudongmeidianzishangwuyouxiangongsi,APS Upholstery,1.0,1.0,1.0,11.0,11.0,0.0,0.9922022540359428,12.8,Des Moines,,,,,,,,,,,,,,,,,,,,,,False,False
370458,Shenzhenshi Daman Shiye Youxiangongsi CA 92337(3),76761,Shenzhenshi Daman Shiye Youxiangongsi,APS K&D,1.0,1.0,1.0,8.0,7.0,-1.0,1.0,0.0,Greenwood Local,,,,,,,,,,,,,,,,,,,,,,False,False
370512,"Hefei Maxyoyo Trading Co., Ltd. CA 90022",67567,"Hefei Maxyoyo Trading Co., Ltd.",APS Upholstery,1.0,1.0,1.0,9.0,8.0,-1.0,0.9043318684502826,198.1,Chicago,,,,,,,,,,,,,,,,,,,,,,False,False
370515,"Zhongshan Yongzhen Network Technology Co., Ltd CA 91761",71612,"Zhongshan Yongzhen Network Technology Co., Ltd",APS Mattresses,1.0,1.0,1.0,11.0,6.0,-5.0,0.9892597821702299,21.3,Chicago,,,,,,,,,,,,,,,,,,,,,,False,False
370647,"Hangzhou Shenke Creative Design Co., Ltd CA 91763",369990,"Hangzhou Shenke Creative Design Co., Ltd",Wayfair,1.0,1.0,1.0,9.0,7.0,-2.0,0.9525809094633347,92.6,Chicago,,,,,,,,,,,,,,,,,,,,,,False,False
153258,Burnaby Manufacturing Ltd WA 98230,152374,Burnaby Manufacturing Ltd,Fireplaces & Grills,1.0,1.0,1.0,7.0,7.0,0.0,0.9473684210526315,108.4,Chicago,,,,,,,,,,,,,,,,,,,,,,False,False
154309,"FLOURISHING CO., LIMITED CA 91744 ",154085,"FLOURISHING CO., LIMITED",Lighting,1.0,1.0,1.0,9.0,7.0,-2.0,0.9907140233985625,17.7,Maple Grove,,,,,,,,,,,,,,,,,,,,,,False,False
370159,KX-CA 91730,142677,"Hangzhou Flint E-commerce Co.,Ltd",APS Pet,1.0,1.0,1.0,8.0,6.0,-2.0,0.9009369556005461,210.4,Chicago,,,,,,,,,,,,,,,,,,,,,,False,False
370169,SAINTS BASE LLC CA 91752,67984,SAINTS BASE LLC,Lighting,1.0,0.0,0.0,10.0,12.0,2.0,0.928100361977488,145.0,Northern Kentucky,,,,,,,,,,,,,,,,,,,,,,False,False
370189,Shenzhen Shi Ji Xing Shi Dai Technology Co. CA 91761,60844,Shenzhen Shi Ji Xing Shi Dai Technology Co.,APS K&D,1.0,1.0,1.0,14.0,8.0,-6.0,0.9581718915110955,95.0,Toledo,,,,,,,,,,,,,,,,,,,,,,False,False
370200,"HaoHan Shenzhen Trading Co., Ltd CA 92337",370198,"HaoHan Shenzhen Trading Co., Ltd",Wayfair,1.0,1.0,1.0,12.0,6.0,-6.0,0.9804255733554073,40.2,Greenwood,,,,,,,,,,,,,,,,,,,,,,False,False
370259,zhongshanshixuanyudengshiyouxiangongsi CA 90601,347841,zhongshanshixuanyudengshiyouxiangongsi,APS Home Improvement,1.0,0.0,1.0,9.0,9.0,0.0,0.9704871341583187,60.1,Chicago,,,,,,,,,,,,,,,,,,,,,,False,False
370282,ShenZhenShiYaoYiRuanZhuangJiaJuSheJiYouXianGongSi CA 91765,370110,ShenZhenShiYaoYiRuanZhuangJiaJuSheJiYouXianGongSi,Wayfair,1.0,1.0,1.0,14.0,11.0,-3.0,0.9810872089808107,34.2,North St.Louis,,,,,,,,,,,,,,,,,,,,,,False,False
320721,GALMUD LTD CA 91789,295484,GALMUD LTD,Casegoods,1.0,1.0,1.0,12.0,6.0,-6.0,0.8824955908289241,213.2,Maple Grove,,,,,,,,,,,,,,,,,,,,,,False,False
320726,ZHE JIANG YONG SHENG JIA JU YOU XIAN GONG SI CA 90201,320644,"Hebei Ou Nuo De Industrial Co., Ltd.",Wayfair,1.0,1.0,1.0,9.0,7.0,-2.0,0.993978590544157,13.5,West Columbus,,,,,,,,,,,,,,,,,,,,,,False,False
321741,PR-LASP,299801,zhangzhou juli gongyinglian guanli youxian gongsi,APS K&D,1.0,1.0,1.0,8.0,8.0,0.0,0.9842842122738088,28.4,North St.Louis,,,,,,,,,,,,,,,,,,,,,,False,False
266190,Fu Jian Sheng Ji Mu Shan Mao Yi Yong Si 飞洋美西,229656,Fu Jian Sheng Ji Mu Shan Mao Yi You Xian Gong Si,APS,1.0,1.0,1.0,9.0,7.0,-2.0,0.974649581348013,54.8,Northern Kentucky,,,,,,,,,,,,,,,,,,,,,,False,False
266520,Zhongshanshiyichenggongyipinyouxiangongsi CA 91710,208670,Zhongshanshiyichenggongyipinyouxiangongsi,APS Youth,1.0,1.0,1.0,11.0,8.0,-3.0,0.9295604182804028,145.5,Northern Kentucky,,,,,,,,,,,,,,,,,,,,,,False,False
266770,zenco inc CA 91708,266356,zenco inc,Wayfair,1.0,1.0,1.0,16.0,9.0,-7.0,0.9842931937172775,33.6,Grand Rapids,,,,,,,,,,,,,,,,,,,,,,False,False
267653,zhejiangguoyua CA 91761,175101,Hangzhou Guoyuan Yanglao Keji Youxiangongsi,Plumbing,1.0,1.0,1.0,12.0,6.0,-6.0,0.9674850991904635,73.1,Toledo,,,,,,,,,,,,,,,,,,,,,,False,False
152577,NUWATT Inc. CA,76363,NUWATT Inc.,Lighting,1.0,1.0,1.0,7.0,7.0,0.0,0.9379332933020361,113.7,North St.Louis,,,,,,,,,,,,,,,,,,,,,,False,False
148472,Casual Elements CA,5231,Casual Elements,Casegoods,1.0,1.0,1.0,7.0,6.0,-1.0,0.9737132537373332,52.4,Rosemount,,,,,,,,,,,,,,,,,,,,,,False,False
373834,Zhongshanshi shemei dengshizhaoming youxiangongsi CA 94545,344817,"Zhongshan Taidiheng Lighting Co., Ltd.",APS Home Improvement,1.0,1.0,1.0,8.0,8.0,0.0,0.9895588728614558,24.9,Northern Kentucky,,,,,,,,,,,,,,,,,,,,,,False,False
373854,"Xuzhou Abosi Network Technology Co., Ltd CA 92881",354350,"Xuzhou Abosi Network Technology Co., Ltd",APS Decor,1.0,1.0,1.0,11.0,6.0,-5.0,0.985222946376718,22.9,Lenexa Local,,,,,,,,,,,,,,,,,,,,,,False,False
374046,DAZZLE BRIGHT INC CA 91761,374040,DAZZLE BRIGHT INC,APS Decor,1.0,1.0,1.0,10.0,6.0,-4.0,0.988914198936978,21.9,Chicago,,,,,,,,,,,,,,,,,,,,,,False,False
374135,ELATEP LIMITED CA 92337 (2),269987,ELATEP LIMITED,APS AEOF,1.0,1.0,1.0,21.0,8.0,-13.0,0.8912915390054207,184.5,New Brighton Ncpc,,,,,,,,,,,,,,,,,,,,,,False,False
374180,Mart Curtains Inc CA 90670 (3),235652,Mart Curtains Inc,Soft Home,1.0,1.0,1.0,10.0,10.0,0.0,0.9923950181858261,13.8,North St.Louis,,,,,,,,,,,,,,,,,,,,,,False,False
374396,Grand Leisure Outdoor Product Co. CA 91762,54838,Grand Leisure Outdoor Product Co.,APS Outdoor,1.0,1.0,1.0,9.0,9.0,0.0,0.9778977645455922,43.8,Romeoville Ncpc,,,,,,,,,,,,,,,,,,,,,,False,False
374502,XY WEST 15,111396,"Ganjiang New Area Haofan Electronic Technology Co., Ltd.",APS AEOF,1.0,1.0,1.0,8.0,6.0,-2.0,0.971901501992439,55.0,Romeoville Ncpc,,,,,,,,,,,,,,,,,,,,,,False,False
142254,Eternal Group CA 92407,142143,Eternal Group,Casegoods,1.0,1.0,1.0,7.0,7.0,0.0,0.995409141358087,9.1,Chicago,,,,,,,,,,,,,,,,,,,,,,False,False
142499,Spirich LLC CA 91789,58924,Spirich LLC,APS Housewares & More,1.0,1.0,1.0,9.0,6.0,-3.0,0.9854007299635018,29.2,South Chicago,,,,,,,,,,,,,,,,,,,,,,False,False
143623,Smart Sunnyhome Inc CA 92336,120280,Smart Sunnyhome Inc,Wayfair Professional,1.0,1.0,1.0,9.0,5.0,-4.0,0.9887833468067906,22.2,Chicago,,,,,,,,,,,,,,,,,,,,,,False,False
143658,X065-CA-15950-92337,92612,"SHENZHEN LAWRENCE ELECTRONIC MATERIALS CO., LTD..",APS Upholstery,1.0,1.0,1.0,10.0,8.0,-2.0,1.0,0.0,Columbus Local,,,,,,,,,,,,,,,,,,,,,,False,False
146819,"Ningbo Angela Leisure Products Co.,ltd CA 91730",79788,"Ningbo Angela Leisure Products Co.,ltd",APS Outdoor,1.0,1.0,1.0,16.0,9.0,-7.0,0.9879284328519078,28.0,East Cleveland,,,,,,,,,,,,,,,,,,,,,,False,False
147881,Cuckoo America CA 90703,32953,Cuckoo America,Kitchen & Small Electrics,1.0,1.0,1.0,9.0,7.0,-2.0,0.9421543846004278,119.0,Chicago,,,,,,,,,,,,,,,,,,,,,,False,False
147886,Step Up LLC dba Step Up Products CA 91752,62452,Step Up LLC dba Step Up Products,Storage & Org - Frequency,1.0,0.0,0.0,8.0,9.0,1.0,0.9346736138419189,132.9,Northern Kentucky,,,,,,,,,,,,,,,,,,,,,,False,False
147944,孟菲斯仓Foxridge LLC,108807,YEEYOO INTERNATIONAL LIMITED,APS,1.0,1.0,1.0,7.0,5.0,-2.0,0.9289248136018395,102.0,Salina,,,,,,,,,,,,,,,,,,,,,,False,False
372742,"Shenzhen Yaqi Furniture Co., Ltd. GA 31407",336370,"Shenzhen Yaqi Furniture Co., Ltd.",APS Bedroom,1.0,1.0,1.0,8.0,6.0,-2.0,0.9903407281604925,18.2,St. Paul,,,,,,,,,,,,,,,,,,,,,,False,False
372753,dongguanshiqiandengkejiyouxiangongsi CA 92337,370795,dongguanshiqiandengkejiyouxiangongsi,Wayfair,1.0,1.0,1.0,8.0,8.0,0.0,0.9858031583984687,26.7,Maple Grove,,,,,,,,,,,,,,,,,,,,,,False,False
372773,Onlyfire Outdoor LLC CA  91761,48663,Onlyfire Outdoor LLC,APS Housewares & More,1.0,1.0,1.0,8.0,7.0,-1.0,0.9816073756751723,39.5,Northern Kentucky,,,,,,,,,,,,,,,,,,,,,,False,False
372864,Maison Eclat House Of Brilliance CA 92335,364757,Maison Eclat House Of Brilliance,Upholstery,1.0,1.0,1.0,12.0,6.0,-6.0,0.9957272810805843,9.3,Lansing,,,,,,,,,,,,,,,,,,,,,,False,False
136894,Sanders Collection NJ 10913,17662,Sanders Collection,Soft Home,1.0,1.0,1.0,8.0,5.0,-3.0,0.9891681475839892,25.6,North Cincinnati,,,,,,,,,,,,,,,,,,,,,,False,False
137601,3AM Technology Inc CA 91761,75618,3AM Technology Inc,Casegoods,1.0,1.0,1.0,9.0,8.0,-1.0,0.9160037093074334,172.1,Rosemount,,,,,,,,,,,,,,,,,,,,,,False,False
138393,NUUK LLC CA 91730,107826,NUUK LLC,APS K&D,1.0,1.0,1.0,8.0,7.0,-1.0,0.9934597444737375,12.9,Chicago,,,,,,,,,,,,,,,,,,,,,,False,False
139378,"JARDER HOME NINGBO CO.,LTD CA 92571",79156,"JARDER HOME NINGBO CO.,LTD",APS Outdoor,1.0,1.0,1.0,9.0,8.0,-1.0,0.9338792577750674,151.8,Columbus,,,,,,,,,,,,,,,,,,,,,,False,False
371667,Hooray Depot CA 91761 (2),66590,Hooray Depot,APS Home Improvement,1.0,1.0,1.0,8.0,7.0,-1.0,0.9824763299680912,33.5,Maple Grove,,,,,,,,,,,,,,,,,,,,,,False,False
371999,湖州青岚家具有限公司 CA 92335,322284,huzhouqinglanjiajuyouxiangongsi,APS Upholstery,1.0,1.0,1.0,8.0,4.0,-4.0,0.9931069437404968,13.6,Chicago,,,,,,,,,,,,,,,,,,,,,,False,False
372022,"CHAOXI INTERNATIONAL CO., LIMITED CA 91710 (2)",313704,"CHAOXI INTERNATIONAL CO., LIMITED",APS Upholstery,1.0,1.0,1.0,9.0,9.0,0.0,0.9816073756751723,39.5,Northern Kentucky,,,,,,,,,,,,,,,,,,,,,,False,False
372049,Huizhoushi Linshang Jiaju Keji Youxian Gongsi CA 91761,372040,Huizhoushi Linshang Jiaju Keji Youxian Gongsi,Wayfair,1.0,1.0,1.0,12.0,7.0,-5.0,0.9599813866914845,94.6,Saginaw,,,,,,,,,,,,,,,,,,,,,,False,False
372263,anjiheyuekejiyouxiangongsi CA 92335,329081,anjiheyuekejiyouxiangongsi,APS K&D,1.0,1.0,1.0,8.0,8.0,0.0,0.9577364534211229,95.0,Toledo,,,,,,,,,,,,,,,,,,,,,,False,False
372286,Azalea Havens Inc CA 92880,281835,Azalea Havens Inc,Casegoods,1.0,1.0,1.0,9.0,8.0,-1.0,0.983689149190755,25.9,North Kansas City Ncpc,,,,,,,,,,,,,,,,,,,,,,False,False
372527,shen shen shi shi guang ji ke ji you xian gong si CA 91748,325863,shen shen shi shi guang ji ke ji you xian gong si,APS Home Improvement,1.0,1.0,1.0,10.0,10.0,0.0,0.991671942726343,17.1,Greenwood,,,,,,,,,,,,,,,,,,,,,,False,False
372637,"Hangzhou Yude Consulting Co., Ltd. CA 90201",363937,"Hangzhou Yude Consulting Co., Ltd.",APS Outdoor,1.0,1.0,1.0,7.0,7.0,0.0,0.9868141592920353,29.8,Ann Arbor,,,,,,,,,,,,,,,,,,,,,,False,False
318984,"The Air Lab, Inc. (DBA Windmill) OR 97062",190381,"The Air Lab, Inc. (DBA Windmill)",Appliances,1.0,1.0,1.0,8.0,5.0,-3.0,1.0,0.0,South Dayton,,,,,,,,,,,,,,,,,,,,,,False,False
318991, 鹏城海美西1651SAR仓,201456,hangzhou jinghang crafts furniture manufacturing co,APS,1.0,0.0,1.0,9.0,9.0,0.0,0.9912404349577124,17.4,Chicago,,,,,,,,,,,,,,,,,,,,,,False,False
319428,Martinique Decor Inc CA 92376 ,197877,Martinique Decor Inc,APS Bedroom,1.0,1.0,0.0,7.0,8.0,1.0,0.9818255454867615,35.9,Romeoville Ncpc,,,,,,,,,,,,,,,,,,,,,,False,False
319622,Lancai (Shenzhen) Technology Co CA 91730,91085,Global Bright Zone Limited,APS Home Improvement,1.0,0.0,1.0,10.0,10.0,0.0,0.8658103975535167,219.4,Lenexa,,,,,,,,,,,,,,,,,,,,,,False,False
268718,"GAOSHENG home art SHENZHEN CO.,Ltd CA 92316",268711,"GAOSHENG home art SHENZHEN CO.,Ltd",Wayfair,1.0,1.0,1.0,13.0,6.0,-7.0,0.9973129182721557,5.3,Chicago Loop,,,,,,,,,,,,,,,,,,,,,,False,False
268880,Dong Guan Zhi  Shang Jia Ju You Xian CA 91730(2),236991,Dong Guan Zhi  Shang Jia Ju You Xian Gong Si,APS,1.0,1.0,1.0,11.0,9.0,-2.0,0.9740476551828806,51.3,Chicago,,,,,,,,,,,,,,,,,,,,,,False,False
269010,"Ningbo Junda Import Export Co., Ltd. CAP 92571",156982,"Ningbo Junda Import & Export Co., Ltd.",APS,1.0,1.0,1.0,7.0,7.0,0.0,0.9497029895802902,103.3,Chicago,,,,,,,,,,,,,,,,,,,,,,False,False
269091,Shenzhen Chunxin E-Commerce Co CA 92410,267074,HOME HARMONY HK LIMITED,Wayfair,1.0,0.0,0.0,8.0,9.0,1.0,0.9904397705544933,19.0,Chicago,,,,,,,,,,,,,,,,,,,,,,False,False
317809,Foshan Weixun Furniture CA 91764,200281,Foshan Weixun Furniture,APS Wayfair Professional,1.0,1.0,1.0,9.0,8.0,-1.0,0.9891559732514007,24.0,West Columbus,,,,,,,,,,,,,,,,,,,,,,False,False
317864,MEDUNJESS INC. CA 91762 ,173407,foshanshimeidunjiesiweiyuyouxiangongsi,APS Home Improvement,1.0,1.0,0.0,10.0,11.0,1.0,0.9863116915735276,21.8,North Kansas City Ncpc,,,,,,,,,,,,,,,,,,,,,,False,False
318058,SDK Mirror Inc CA 91761 ,282199,SDK Mirror Inc,Casegoods,1.0,1.0,1.0,14.0,8.0,-6.0,0.9971115769857909,6.2,Grand Rapids,,,,,,,,,,,,,,,,,,,,,,False,False
318203,shenzhendefuxinnengyuankejiyouxiangongsi CA 91761,296347,shenzhendefuxinnengyuankejiyouxiangongsi,APS K&D,1.0,1.0,1.0,12.0,9.0,-3.0,1.0,0.0,Greenwood Local,,,,,,,,,,,,,,,,,,,,,,False,False
318212,CAP West America,275337,INISATA LTD,APS Mattresses,1.0,1.0,1.0,7.0,4.0,-3.0,0.9930448222565686,15.3,Toledo Local,,,,,,,,,,,,,,,,,,,,,,False,False
318501,MINDRAY INTERNATIONAL LIMITED CA 92410,307364,MINDRAY INTERNATIONAL LIMITED,APS Mattresses,1.0,1.0,1.0,11.0,7.0,-4.0,0.9854176328129026,28.3,Mccook,,,,,,,,,,,,,,,,,,,,,,False,False
318779,shenzhenshixidikejiyouxiangongsi CA 92337,303624,shenzhenshixidikejiyouxiangongsi,APS,1.0,0.0,1.0,9.0,9.0,0.0,0.9909845668007946,17.7,Chicago,,,,,,,,,,,,,,,,,,,,,,False,False
318932,Zhongshanyijieyaxinxikejiyouxiangongsi CA 91733,286228,Zhongshanyijieyaxinxikejiyouxiangongsi,APS,1.0,1.0,1.0,7.0,7.0,0.0,0.9911095146154191,19.8,Columbus,,,,,,,,,,,,,,,,,,,,,,False,False
131314,Ningbo Hongju Gongyinglianguanli CA 91761,77212,Ningbo Hongju Gongyinglianguanli Youxiangongsi,APS,1.0,1.0,1.0,8.0,8.0,0.0,0.9809493057797869,35.4,New Brighton Ncpc,,,,,,,,,,,,,,,,,,,,,,False,False
131548,Guangzhou Tekaopu Trading CA 91730,57686,Guangzhou Tekaopu Trading co.,APS,1.0,1.0,1.0,7.0,7.0,0.0,0.9917854064195527,16.2,Chicago,,,,,,,,,,,,,,,,,,,,,,False,False
132129,Shenzhenshi Yiboya Maoyiyouxiangongsi CA 92336,127621,Shenzhenshi Yiboya Maoyiyouxiangongsi,APS,1.0,1.0,0.0,6.0,9.0,3.0,0.9894611254722608,15.9,Omaha,,,,,,,,,,,,,,,,,,,,,,False,False
132194,"HONG KONG ROOMIE TEC CO., LIMITED CA 91761",130937,"HONG KONG ROOMIE TEC CO., LIMITED",Appliances,1.0,1.0,1.0,10.0,9.0,-1.0,0.9623393488871972,84.1,Toledo,,,,,,,,,,,,,,,,,,,,,,False,False
133852,West Frames Inc CA 92683,125987,West Frames Inc,Decor,1.0,1.0,1.0,15.0,3.0,-12.0,0.9858085259715063,25.6,North St.Louis,,,,,,,,,,,,,,,,,,,,,,False,False
135491,Jasmin Decor Inc. CA 92128,122078,Jasmin Decor Inc.,Decor,1.0,0.0,0.0,7.0,13.0,6.0,0.998383779018513,3.3,Chicago Loop,,,,,,,,,,,,,,,,,,,,,,False,False
317628,Ornate Oasis Ltd CA 91748,299807,Ornate Oasis Ltd,Soft Home,1.0,1.0,1.0,9.0,8.0,-1.0,0.9904709363558855,19.0,Chicago,,,,,,,,,,,,,,,,,,,,,,False,False
317803,CEVA,24068,Root and Stock Co.,Decor,1.0,1.0,1.0,13.0,11.0,-2.0,0.9510534846029173,120.8,Columbus,,,,,,,,,,,,,,,,,,,,,,False,False
374569,LUOYANG STEELCUBE CAT 95304,78198,LUOYANG STEELCUBE TRADING CO.LTD,APS Wayfair Professional,1.0,1.0,1.0,8.0,8.0,0.0,0.9174030436917036,134.6,Pierre,,,,,,,,,,,,,,,,,,,,,,False,False
374797,"Ningbo OuterPro Leisure Products Co.,Ltd. CA 91752",251334,OUTERPRO CORPORATION,APS Outdoor,1.0,1.0,1.0,9.0,9.0,0.0,0.9472659629693718,121.9,Toledo,,,,,,,,,,,,,,,,,,,,,,False,False
374809,shenzhenshimingjingxingkejiyouxiangongsi CA 90670,354295,shenzhenshimingjingxingkejiyouxiangongsi,APS Housewares & More,1.0,0.0,0.0,25.0,45.0,20.0,0.9108872151031986,182.2,Chicago,,,,,,,,,,,,,,,,,,,,,,False,False
374825,"Ningbo Jimarkde Trading Co., Ltd. CA 91752",89483,"Ningbo Jimarkde Trading Co., Ltd.",APS Outdoor,1.0,1.0,1.0,11.0,6.0,-5.0,0.9238274646186543,157.7,Chicago,,,,,,,,,,1.0,1.0,1.0,7.0,5.0,-2.0,0.8019357370187906,454.3,Fairless Hills,,,,False,True
375013,"FUZHOU SANYANG TRADING CO.,LTD CA 91761",299012,"FUZHOU SANYANG TRADING CO.,LTD",APS AEOF,1.0,1.0,1.0,9.0,8.0,-1.0,0.9690212673611112,57.1,Maple Grove,,,,,,,,,,,,,,,,,,,,,,False,False
126293,Modern Depo LLC CA 91789,60796,Modern Depo LLC,Casegoods,1.0,1.0,1.0,11.0,11.0,0.0,0.9669282262712241,74.6,Toledo,,,,,,,,,,,,,,,,,,,,,,False,False
127435,"Ningbo New Image Gifts Trade Co., Ltd. CA",67554,"Ningbo New Image Gifts Trade Co., Ltd.",APS Home Improvement,1.0,1.0,1.0,7.0,7.0,0.0,0.9598523985239853,81.6,Chicago,,,,,,,,,,,,,,,,,,,,,,False,False
128357,Lynns Concepts Inc. CA,8839,Lynns Concepts Inc.,Wayfair Professional,1.0,0.0,0.0,10.0,11.0,1.0,0.9933088611124018,14.4,Northern Kentucky,,,,,,,,,,,,,,,,,,,,,,False,False
120217,"Dongguan Boao Handicraft CO., LTD MA 01453",104948,"Dongguan Boao Handicraft CO., LTD",APS Youth,1.0,1.0,1.0,11.0,9.0,-2.0,0.9882911690021631,24.9,Northern Kentucky,,,,,,,,,,,,,,,,,,,,,,False,False
121656,Suzhou Dienna Trading Company Limited CA 91761,99791,Suzhou Dienna Trading Company Limited,APS Home Improvement,1.0,1.0,1.0,11.0,6.0,-5.0,0.97551057292608,54.2,Toledo,,,,,,,,,,,,,,,,,,,,,,False,False
121852,Kobe Range Hoods CA 90670,13077,Kobe Range Hoods,Appliances,1.0,1.0,1.0,12.0,10.0,-2.0,0.9631732392205002,72.0,Maple Grove,,,,,,,,,,,,,,,,,,,,,,False,False
121907,"Huzhou Shenzhou Home Furnishing Co,Ltd CA 91761(3)",63585,"Huzhou Shenzhou Home Furnishing Co.,Ltd",APS,1.0,1.0,1.0,9.0,7.0,-2.0,0.9939805131867572,11.8,Romeoville Rsf,,,,,,,,,,,,,,,,,,,,,,False,False
123444,Dynateck America Inc CA 91761,123278,Dynateck America Inc,Outdoor Furniture,1.0,1.0,1.0,9.0,9.0,0.0,0.9847352024922118,34.3,Columbus,,,,,,,,,,,,,,,,,,,,,,False,False
124225,QUALIMAX MARKETING INC CA 91733,121847,QUALIMAX MARKETING INC,Upholstery,1.0,1.0,1.0,10.0,10.0,0.0,1.0,0.0,Fargo,,,,,,,,,,,,,,,,,,,,,,False,False
125728,VS CA 91762,69612,"Fuzhou Maihe Network Co., Ltd.",Upholstery,1.0,1.0,1.0,8.0,6.0,-2.0,0.9904393816110659,18.8,Chicago Loop,,,,,,,,,,,,,,,,,,,,,,False,False
401357,Arlo Belle LLC CA 91761,270997,Arlo Belle LLC,Decor,1.0,1.0,1.0,9.0,9.0,0.0,0.9598560961698768,91.5,Toledo,,,,,,,,,,,,,,,,,,,,,,False,False
399945,Sunshine Home Product Vietnam Company Limited CA 91744,284839,Sunshine Home Product Vietnam Company Limited,APS Home Improvement,1.0,1.0,1.0,9.0,9.0,0.0,0.9363303297356175,128.6,St. Paul,,,,,,,,,,,,,,,,,,,,,,False,False
400558,Global Leisure Inc CA 92316,295302,Global Leisure Inc,Outdoor Structures,1.0,1.0,1.0,10.0,10.0,0.0,0.9925400291120815,16.4,Toledo Local,,,,,,,,,,,,,,,,,,,,,,False,False
400650,"Hangzhou Langting Network Technology Co., Ltd. CA 92337",399949,"Hangzhou Langting Network Technology Co., Ltd.",Wayfair,1.0,1.0,1.0,10.0,7.0,-3.0,0.9665619389587073,74.5,Toledo,,,,,,,,,,,,,,,,,,,,,,False,False
401265,huizhoushihuijushengkejiyouxiangongsi CA 91739,234041,huizhoushihuijushengkejiyouxiangongsi,APS Bedroom,1.0,1.0,1.0,9.0,9.0,0.0,0.9901687915245106,21.9,West Columbus,,,,,,,,,,,,,,,,,,,,,,False,False
118474,Outopee Inc CA 91748,53397,Outopee Inc,Casegoods,1.0,1.0,1.0,9.0,8.0,-1.0,0.9701552642176384,66.7,Toledo,,,,,,,,,,,,,,,,,,,,,,False,False
119419,American Home Fashion CA 91355,20272,American Home Fashion,Soft Home,1.0,1.0,1.0,8.0,8.0,0.0,0.9451357466063348,116.4,Chicago,,,,,,,,,,,,,,,,,,,,,,False,False
119769,Magnussen Furniture CA 92507,271,Magnussen Furniture,Casegoods,1.0,0.0,0.0,8.0,9.0,1.0,0.9823815620998719,34.4,Romeoville Ncpc,,,,,,,,,,,,,,,,,,,,,,False,False
120135,"VM MP, LLC WA 98446",47495,Spreetail,Storage & Org - Frequency,1.0,1.0,1.0,9.0,7.0,-2.0,0.9939436060365369,12.2,Escanaba,,,,,,,,,,,,,,,,,,,,,,False,False
375833,WANYITONG USWC5,271328,"Changzhou Dizeng E-commerce Co., LTD",APS Bedroom,1.0,1.0,1.0,9.0,9.0,0.0,0.9741087344028521,58.1,Toledo,,,,,,,,,,,,,,,,,,,,,,False,False
375839,yantaishenghesuyeyouxiangongsi CA 92337,348337,yantaishenghesuyeyouxiangongsi,APS Home Improvement,1.0,1.0,1.0,8.0,5.0,-3.0,0.9800464527027027,37.8,Rosemount,,,,,,,,,,,,,,,,,,,,,,False,False
375868,Chris Youngs Inc CA 92316,240893,Chris Youngs Inc,APS Home Improvement,1.0,0.0,1.0,9.0,9.0,0.0,0.9964767156862745,6.9,Carol Stream,,,,,,,,,,,,,,,,,,,,,,False,False
376070,NABBIE INC CA 92337,364953,NABBIE INC,APS Home Improvement,1.0,1.0,1.0,7.0,3.0,-4.0,0.9041027072285794,171.8,Champaign,,,,,,,,,,,,,,,,,,,,,,False,False
376119,"Shenzhen Wuseqiao Trading Co., Ltd. CA 91752",321435,"Shenzhen Wuseqiao Trading Co., Ltd.",APS Rugs,1.0,1.0,1.0,12.0,3.0,-9.0,0.9308271327219242,159.9,Columbus,,,,,,,,,,,,,,,,,,,,,,False,False
399397,Shanghai Kasituo Keji Youxiangong CA 92509,331083,"Shanghai Castor Technology Co., Ltd.",APS Bedroom,1.0,1.0,1.0,11.0,7.0,-4.0,0.979045401629802,41.4,Romeoville Ncpc,,,,,,,,,,,,,,,,,,,,,,False,False
399478,Rosemead Home and Garden CA 91761 (2),57288,Rosemead Home and Garden,Decor,1.0,1.0,1.0,10.0,10.0,0.0,0.9647244647244647,80.4,Toledo,,,,,,,,,,,,,,,,,,,,,,False,False
399672,WP-W-17-001,115530,ShenZhenshi YIWEN SHANGMAOYOUXIANGONGSI,APS K&D,1.0,0.0,1.0,7.0,7.0,0.0,0.9785030189464918,41.3,St. Paul Local,,,,,,,,,,,,,,,,,,,,,,False,False
269186,COMPHOME.CORP CA 91761,39423,COMPHOME.CORP,Youth Furniture & Decor,1.0,1.0,1.0,11.0,11.0,0.0,0.9937657961246841,11.1,Mason City,,,,,,,,,,,,,,,,,,,,,,False,False
269250,"Hangzhou Tengyue Network Technology Co., Ltd CA 92335",269187,"Hangzhou Tengyue Network Technology Co., Ltd",APS Decor,1.0,1.0,1.0,10.0,7.0,-3.0,0.9579529316291336,82.9,Romeoville Rsf,,,,,,,,,,,,,,,,,,,,,,False,False
269408,Waterstone CA 92562,245719,Waterstone,PG Home Improvement,1.0,1.0,1.0,24.0,15.0,-9.0,0.9819803421914816,29.7,Kansas City,,,,,,,,,,,,,,,,,,,,,,False,False
269618,"Mallif Co., LTD NJ-2605",109630,"Mallif Co., LTD",APS K&D,1.0,1.0,1.0,10.0,6.0,-4.0,0.9249425717185747,140.5,Champaign,,,,,,,,,,,,,,,,,,,,,,False,False
269757,BCFCA,205595,Tigers Lawn Inc,Casegoods,1.0,1.0,1.0,14.0,9.0,-5.0,0.9649512737220037,82.0,Saginaw,,,,,,,,,,,,,,,,,,,,,,False,False
135584,"Ningbo Chuangjiuyi Technology Co., Ltd CA 91761",86525,"Ningbo Chuangjiuyi Technology Co., Ltd",APS,1.0,0.0,1.0,9.0,7.0,-2.0,0.9811396873424104,37.4,South Chicago,,,,,,,,,,,,,,,,,,,,,,False,False
136348,ZHEJIANG SHENGZHOUYUN ELECTRONIC BUSINESS CA 91763,134403,ZHEJIANG SHENGZHOUYUN ELECTRONIC BUSINESS INFORMATION TECHNOLOGY INDUSTRY PARK CO LTD,APS,1.0,1.0,1.0,10.0,9.0,-1.0,0.9889782092117904,21.8,Chicago Loop,,,,,,,,,,,,,,,,,,,,,,False,False
375745,shenzhenqianshumaoyiyouxiangongsi OR 97401,375742,shenzhenqianshumaoyiyouxiangongsi,Wayfair,1.0,1.0,1.0,12.0,9.0,-3.0,0.8809810273021749,257.2,Chicago,,,,,,,,,,,,,,,,,,,,,,False,False
116595,"QUEEN LIFE WAY, INC CA 90670",65339,"QUEEN LIFE WAY, INC",APS,1.0,1.0,1.0,9.0,9.0,0.0,0.9199680060223958,170.1,Chicago Loop,,,,,,,,,,,,,,,,,,,,,,False,False
116686,Hangzhou Daya Information Technology CA 92337.,108072,"Hangzhou Daya Information Technology Co., Ltd.",APS K&D,1.0,1.0,1.0,8.0,8.0,0.0,0.9741739288307916,56.9,Toledo,,,,,,,,,,,,,,,,,,,,,,False,False
116980,  DJCA7,79918,SEANNAL INC,Upholstery,1.0,1.0,1.0,12.0,7.0,-5.0,0.9845615151997454,29.1,New Brighton Ncpc,,,,,,,,,,,,,,,,,,,,,,False,False
403935,AMEZIEL INC WA 98390,22539,AMEZIEL INC,APS AEOF,1.0,1.0,1.0,11.0,6.0,-5.0,0.9793522754635203,34.3,Maple Grove,,,,,,,,,,,,,,,,,,,,,,False,False
404181,Cozy Fox Desk Inc CA 91762,198876,Cozy Fox Desk Inc,Casegoods,1.0,1.0,1.0,8.0,7.0,-1.0,0.9939262079593871,13.4,Toledo,,,,,,,,,,,,,,,,,,,,,,False,False
404426,"Shenzhen Putian Technology Co., Ltd CA 92571",224382,"Shenzhen Putian Technology Co., Ltd",Pet,1.0,1.0,1.0,11.0,10.0,-1.0,0.9853433243790942,31.1,Green Bay,,,,,,,,,,,,,,,,,,,,,,False,False
404486,"Hengshui Chenqing Technology Co., Ltd. CA 91761",404485,"Hengshui Chenqing Technology Co., Ltd.",Wayfair,1.0,1.0,1.0,9.0,9.0,0.0,0.9846326645223873,30.1,Chicago,,,,,,,,,,,,,,,,,,,,,,False,False
404634,"Yuchenyijia (Anji) Furniture Co.,Ltd CA 92337-8200",108447,"Yuchenyijia (Anji) Furniture Co.,Ltd",APS Upholstery,1.0,1.0,1.0,14.0,9.0,-5.0,0.9840552870500022,35.3,West Columbus,,,,,,,,,,,,,,,,,,,,,,False,False
403552,ShenZhenShiShengLiYaMaoYiYouXianGongSi CA 91731,402154,ShenZhenShiShengLiYaMaoYiYouXianGongSi,Wayfair,1.0,1.0,1.0,8.0,7.0,-1.0,0.984022038567493,31.9,Romeoville Rsf,,,,,,,,,,,,,,,,,,,,,,False,False
111799,Chengdushi Fengteng Technology Co Ltd CA 91761,97940,Chengdushi Fengteng Technology Co Ltd,APS Home Improvement,1.0,1.0,1.0,7.0,7.0,0.0,0.9398303728596575,112.8,North St.Louis,,,,,,,,,,,,,,,,,,,,,,False,False
112838,"Wenzhou Qiji Sanitary Ware Co.,Ltd CA 91761",111697,"Wenzhou Qiji Sanitary Ware Co.,Ltd",APS,1.0,1.0,1.0,7.0,7.0,0.0,0.946969696969697,107.8,Chicago,,,,,,,,,,,,,,,,,,,,,,False,False
113080,"Zhejiang Kangfu Import  Export Co.,ltd CA 91730",82615,"Zhejiang Kangfu Import  Export Co.,ltd",APS Outdoor,1.0,1.0,1.0,8.0,8.0,0.0,0.9989340642606974,2.1,Niles,,,,,,,,,,,,,,,,,,,,,,False,False
113140,"Ningbo Garden International Co, Ltd. CA 91730",53407,"Ningbo Garden International Co, Ltd.",APS Outdoor,1.0,1.0,1.0,8.0,7.0,-1.0,1.0,0.0,Olathe,,,,,,,,,,,,,,,,,,,,,,False,False
113148,Zhejlang Kangfu Lesiure Products Co. CA 91730,53545,Zhejlang Kangfu Lesiure Products Co.,APS Outdoor,1.0,1.0,1.0,14.0,8.0,-6.0,0.9297262341021771,163.0,West Columbus,,,,,,,,,,,,,,,,,,,,,,False,False
114102,CC GARDEN HOUSEWARE INC CA 91761,113700,CC GARDEN HOUSEWARE INC,APS,1.0,0.0,1.0,6.0,6.0,0.0,0.9616660888514684,77.4,Romeoville Rsf,,,,,,,,,,,,,,,,,,,,,,False,False
114337,CheviotProducts  Blaine,26364,CheviotProducts,Plumbing,1.0,1.0,1.0,12.0,9.0,-3.0,0.9262472885032538,146.2,Chicago,,,,,,,,,,,,,,,,,,,,,,False,False
402308,JIUJIANGSHI HUASHAO DIANZI SHANGWU YOUXIAN GONGSI CA 91761,341261,JIUJIANGSHI HUASHAO DIANZI SHANGWU YOUXIAN GONGSI,APS Outdoor,1.0,1.0,1.0,9.0,6.0,-3.0,0.9226771577055709,159.2,Northern Kentucky,,,,,,,,,,,,,,,,,,,,,,False,False
402364,GXFCBoutique LLC CA 92571,255183,GXFCBoutique LLC,Casegoods,1.0,1.0,1.0,9.0,8.0,-1.0,0.9578011164727032,89.2,Toledo,,,,,,,,,,,,,,,,,,,,,,False,False
402442,Abani Home LLC CA 91752,44362,Abani Home LLC,Rugs,1.0,0.0,1.0,9.0,9.0,0.0,0.9934597444737375,12.9,Chicago,,,,,,,,,,,,,,,,,,,,,,False,False
402622,  CAJW04,147876,ningbotanluzheguojimaoyiyouxiangongsi,APS Outdoor,1.0,1.0,1.0,12.0,5.0,-7.0,0.9901694741692694,19.2,Chicago,,,,,,,,,,,,,,,,,,,,,,False,False
402683,Tianjin Waydoor Wood Industry Co Ltd CA 92324,100627,Tianjin Waydoor Wood Industry Co Ltd,APS Home Improvement,1.0,1.0,1.0,8.0,8.0,0.0,0.9729925247166626,56.0,Greenwood,,,,,,,,,,,,,,,,,,,,,,False,False
403053,"HONG KONG LINGXIU TECHNOLOGY CO., LIMITED CA 92335",296453,"HONG KONG LINGXIU TECHNOLOGY CO., LIMITED",APS Pet,1.0,1.0,1.0,10.0,9.0,-1.0,0.8596292306820115,247.6,Chicago,,,,,,,,,,,,,,,,,,,,,,False,False
403179,Magics Innovate LLC CA 92374,280323,Magics Innovate LLC,Rugs,1.0,1.0,1.0,11.0,11.0,0.0,0.9775065563849102,44.6,Chicago,,,,,,,,,,,,,,,,,,,,,,False,False
403427,"Caoxian Zhongzhou Household Products Co., Ltd. CA 92337",292220,Pedilok Limited,APS Bedroom,1.0,1.0,1.0,7.0,7.0,0.0,0.9904777103947228,17.9,St. Paul Local,,,,,,,,,,,,,,,,,,,,,,False,False
401614,Anji Junmei Furniture Partnership CA 91731(2),108449,Anji Junmei Furniture Partnership,APS Upholstery,1.0,1.0,1.0,11.0,8.0,-3.0,0.9711481261154075,58.2,Romeoville Ncpc,,,,,,,,,,,,,,,,,,,,,,False,False
401644,"NINGBO YOUSUN IMP. AND EXP.CO.,LTD CA 92324",302478,"NINGBO YOUSUN IMP. AND EXP.CO.,LTD",APS Housewares & More,1.0,1.0,1.0,11.0,6.0,-5.0,0.9943528348768919,10.0,St. Louis,,,,,,,,,,,,,,,,,,,,,,False,False
401738,"Anji Xuanxian Commercial and Trading Co.,Ltd CA 90220",91619,"Anji Xuanxian Commercial and Trading Co.,Ltd",APS Upholstery,1.0,1.0,1.0,9.0,7.0,-2.0,0.9779976297212346,42.7,Maple Grove,,,,,,,,,,,,,,,,,,,,,,False,False
401763,BOSSA NOVA INDUSTRIAL LIMITED CA 92324,133735,BOSSA NOVA INDUSTRIAL LIMITED,APS K&D,1.0,1.0,0.0,8.0,9.0,1.0,0.9883239571170789,22.0,New Brighton Ncpc,,,,,,,,,,,,,,,,,,,,,,False,False
401985,Fastwealth Trade Inc. CA 91752,271268,Fastwealth Trade Inc.,Storage & Org - Frequency,1.0,1.0,1.0,8.0,7.0,-1.0,0.9799893842887473,37.7,Maple Grove,,,,,,,,,,,,,,,,,,,,,,False,False
402161,Bravo Trades Inc CA 91710,280472,Bravo Trades Inc,Casegoods,1.0,1.0,1.0,10.0,9.0,-1.0,0.9967377666248431,6.5,East Wheeling,,,,,,,,,,,,,,,,,,,,,,False,False
402208,"LISTER TECHNOLOGIES, INC CA 91761",80379,"LISTER TECHNOLOGIES, INC",APS Outdoor,1.0,1.0,1.0,8.0,7.0,-1.0,0.9896917686487585,20.3,Chicago,,,,,,,,,,,,,,,,,,,,,,False,False
402259,Anji Yifeng Furniture Co Ltd CA 91761 (3) ,109086,Anji Yifeng Furniture Co Ltd,APS Upholstery,1.0,1.0,1.0,19.0,7.0,-12.0,0.9968630370055295,5.9,Rosemount Local,,,,,,,,,,,,,,,,,,,,,,False,False
314963,"Changsha Yuefeng Zhisheng E-commerce Co., Ltd CA 91761",314245,"Changsha Yuefeng Zhisheng Technical Service Co., Ltd.",Wayfair,1.0,1.0,1.0,12.0,8.0,-4.0,0.994734443825629,10.4,Romeoville Rsf,,,,,,,,,,,,,,,,,,,,,,False,False
315040,Xiamen Mingpinzhijia E Commerce Co Ltd CA 91764,286742,Xiamen Mingpinzhijia E Commerce Co Ltd,APS,1.0,1.0,1.0,12.0,10.0,-2.0,0.9975688816855753,4.8,Mccook,,,,,,,,,,,,,,,,,,,,,,False,False
315525,Rugolution LLC NV 89147,315388,Rugolution LLC,Rugs,1.0,0.0,1.0,16.0,14.0,-2.0,0.8748119672405148,299.6,Toledo,,,,,,,,,,,,,,,,,,,,,,False,False
315559,Pu Shi (Foshan) Jia Ju You Xian CA 91761,295516,POCCI HOME INC,APS,1.0,1.0,1.0,9.0,9.0,0.0,0.9969767207497733,6.0,Chicago Loop,,,,,,,,,,,,,,,,,,,,,,False,False
316070,"Shandong Muye Home Furniture Co., Ltd. CA 91761 ",83569,"Shandong Muye Home Furniture Co., Ltd.",APS,1.0,1.0,1.0,14.0,10.0,-4.0,0.9709123354896275,65.2,Toledo,,,,,,,,,,,,,,,,,,,,,,False,False
316085,FRANK TSE INC CA 91761,38682,FRANK TSE INC,Upholstery,1.0,1.0,1.0,9.0,7.0,-2.0,0.9084974551892011,165.4,Olive Branch,,,,,,,,,,,,,,,,,,,,,,False,False
316109,"Quanzhou Jinchuancheng Crafts Co., Ltd. CA 91764",316099,"Quanzhou Jinchuancheng Crafts Co., Ltd.",Wayfair,1.0,1.0,1.0,11.0,6.0,-5.0,0.9953321852623945,10.3,East Columbus,,,,,,,,,,,,,,,,,,,,,,False,False
316383,Wayside Craft Inc CA 92337,299299,Wayside Craft Inc,Casegoods,1.0,0.0,1.0,11.0,11.0,0.0,0.9555614806914634,100.0,Toledo,,,,,,,,,,,,,,,,,,,,,,False,False
272885,OPTIONS TRADING LLC CA10,89747,OPTIONS TRADING LLC,APS,1.0,1.0,1.0,9.0,8.0,-1.0,0.9654419066534261,69.6,Romeoville Rsf,,,,,,,,,,,,,,,,,,,,,,False,False
272909,GXFCBoutique LLC GX-CAT 95304,255183,GXFCBoutique LLC,Casegoods,1.0,1.0,1.0,8.0,6.0,-2.0,0.9799261203460679,41.3,St. Paul Local,,,,,,,,,,,,,,,,,,,,,,False,False
273059,Yantaishi ningxinshangmao (LA Y1) CA 92337,231205,Yantaishi ningxinshangmao youxiangongsi,APS Mattresses,1.0,1.0,1.0,10.0,10.0,0.0,0.9404320314204669,109.2,New Brighton Ncpc,,,,,,,,,,,,,,,,,,,,,,False,False
273087,"Dongguan Skyline Home Technology Co., Ltd CA 90670",273083,"Dongguan Skyline Home Technology Co., Ltd",Wayfair,1.0,1.0,1.0,10.0,7.0,-3.0,0.9188411838265945,194.7,Columbus,,,,,,,,,,,,,,,,,,,,,,False,False
273267,GETPRO E-COMMERCE INC CA 91768,65333,GETPRO E-COMMERCE INC.,APS,1.0,1.0,1.0,11.0,7.0,-4.0,0.9742844252844755,51.3,Chicago,,,,,,,,,,,,,,,,,,,,,,False,False
273288,Gujia Cloud CA3 92337,232560,Gujia Furniture LLC,Upholstery,1.0,1.0,0.0,8.0,9.0,1.0,0.9879122044321917,22.8,Maple Grove,,,,,,,,,,,,,,,,,,,,,,False,False
314810,Xiamenchaoshengmaoyiyouxiangongsi CA 92571,314495,Xiamenchaoshengmaoyiyouxiangongsi,Wayfair,1.0,1.0,1.0,11.0,7.0,-4.0,0.9142254511366299,183.0,Chicago,,,,,,,,,,,,,,,,,,,,,,False,False
314840,"Yiwu Longfei Trading Co.,Ltd CA 91789",93985,"Yiwu Longfei Trading Co.,Ltd",APS,1.0,1.0,1.0,11.0,6.0,-5.0,0.9847300204649211,29.1,Maple Grove,,,,,,,,,,,,,,,,,,,,,,False,False
106189,Knlnny Lighting CA3,66187,Knlnny Lighting,APS,1.0,1.0,1.0,12.0,9.0,-3.0,0.9938861464607581,13.5,West Columbus,,,,,,,,,,,,,,,,,,,,,,False,False
106217,Zhengzhou A Mazhuo Wangluo Keji Youxian Gongsi CA 92337,104525,Zhengzhou A Mazhuo Wangluo Keji Youxian Gongsi,APS,1.0,1.0,1.0,11.0,8.0,-3.0,0.9855107461965709,30.0,South Bend,,,,,,,,,,,,,,,,,,,,,,False,False
106473, KSCA,103159,shenzhenshi hongmu jinchukoumaoyi youxiangongsi,APS,1.0,1.0,1.0,9.0,8.0,-1.0,0.9543899657924744,88.0,Romeoville Rsf,,,,,,,,,,,,,,,,,,,,,,False,False
107729,"Ningbo Sandinrayli impexp co.,Ltd CA",58456,"Ningbo Sandinrayli impexp co.,Ltd",APS,1.0,0.0,1.0,8.0,8.0,0.0,0.9603719082866943,87.8,Toledo,,,,,,,,,,,,,,,,,,,,,,False,False
108155,GHOMEG PRODUCTS INC CA 91761,64033,GHOMEG PRODUCTS INC,Plumbing,1.0,1.0,1.0,9.0,5.0,-4.0,0.9918330308529946,16.2,Chicago,,,,,,,,,,,,,,,,,,,,,,False,False
272544,NANTONG WELL TEXTILE SCIENCE AND TECHNO CA 92376,241908,"NANTONG WELL TEXTILE SCIENCE AND TECHNOLOGY CO., LTD",APS,1.0,1.0,1.0,10.0,10.0,0.0,0.8620986115290376,320.8,Toledo,,,,,,,,,,,,,,,,,,,,,,False,False
272706,xiyou San Bernardino LA11 92410,64480,SHENZHEN SUFEILAN TRADING COMPANY,APS,1.0,1.0,1.0,8.0,8.0,0.0,0.9942595885191771,11.3,Chicago,,,,,,,,,,,,,,,,,,,,,,False,False
272759,Xiyou LA11,154580,Hangzhou Violet Home Co.,APS,1.0,1.0,1.0,9.0,8.0,-1.0,0.9652631578947369,79.2,Columbus,,,,,,,,,,,,,,,,,,,,,,False,False
404747,WELLFORT LLC CA 91761,404700,WELLFORT LLC,Wayfair,1.0,1.0,1.0,7.0,6.0,-1.0,0.9705020608829518,59.4,Chicago,,,,,,,,,,,,,,,,,,,,,,False,False
404868,RAY POWER TECHNOLOGY TRADING LIMITED CA 92324,400001,RAY POWER TECHNOLOGY TRADING LIMITED,Wayfair,1.0,1.0,1.0,9.0,6.0,-3.0,0.9915279727290957,16.9,Hammond,,,,,,,,,,,,,,,,,,,,,,False,False
405106,"shaoxing hanse digital textile co.,ltd CA 94545",287982,"shaoxing hanse digital textile co.,ltd",APS Soft Home,1.0,1.0,1.0,10.0,10.0,0.0,0.9693960885450248,71.2,Greenwood,,,,,,,,,,,,,,,,,,,,,,False,False
405170,Hu Nan Sui Huo Dian Zi Shang Wu You Xian Ze Ren Gong Si CA 91752,405132,Hu Nan Sui Huo Dian Zi Shang Wu You Xian Ze Ren Gong Si,Wayfair,1.0,1.0,1.0,11.0,5.0,-6.0,0.9454654757815184,127.0,Columbus,,,,,,,,,,,,,,,,,,,,,,False,False
405558,fuzhougaoxinquxizhiguangshangmaoyouxiangongsi CA 91730,405543,fuzhougaoxinquxizhiguangshangmaoyouxiangongsi,APS Youth,1.0,1.0,1.0,8.0,7.0,-1.0,0.9729113924050633,53.5,Chicago,,,,,,,,,,,,,,,,,,,,,,False,False
405847,"Wuhan Tingkunke Trading Co., Ltd CA 91789",371448,"Wuhan Tingkunke Trading Co., Ltd",APS Housewares & More,1.0,1.0,1.0,8.0,7.0,-1.0,0.9484656600097419,105.8,Northern Kentucky,,,,,,,,,,,,,,,,,,,,,,False,False
405898,"Xuzhou Abosi Network Technology Co., Ltd CA 91762",354350,"Xuzhou Abosi Network Technology Co., Ltd",APS Decor,1.0,1.0,1.0,11.0,10.0,-1.0,0.9468794356746527,123.5,Toledo,,,,,,,,,,,,,,,,,,,,,,False,False
406383,Lanshan Lighting CA 92880,406297,Lanshan Lighting,Wayfair,1.0,1.0,1.0,8.0,7.0,-1.0,0.9917032183057655,15.7,Maple Grove,,,,,,,,,,,,,,,,,,,,,,False,False
407694,Arts Box Trading Inc CA 91730,279815,Arts Box Trading Inc,Upholstery,1.0,1.0,1.0,11.0,6.0,-5.0,0.944560760708366,127.1,Toledo,,,,,,,,,,,,,,,,,,,,,,False,False
98547,JAFFE MURPHY HOUSE INC CA 91766,72736,JAFFE MURPHY HOUSE INC,APS,1.0,1.0,1.0,9.0,8.0,-1.0,0.9031047265987026,209.1,Toledo,,,,,,,,,,,,,,,,,,,,,,False,False
98752,ZMT-CA,94785,LINIO HOME PRODUCTS INC,Casegoods,1.0,1.0,1.0,9.0,9.0,0.0,0.9833518312985572,33.0,Chicago,,,,,,,,,,,,,,,,,,,,,,False,False
99307,Rosemead Home and Garden CA 91761,57288,Rosemead Home and Garden,Decor,1.0,0.0,0.0,9.0,12.0,3.0,0.9741471215351812,48.5,Maple Grove,,,,,,,,,,,,,,,,,,,,,,False,False
102374,Wansone Inc. CA 91789 ,76219,Wansone Inc.,APS,1.0,1.0,0.0,7.0,8.0,1.0,0.9856414801684024,32.4,Toledo,,,,,,,,,,,,,,,,,,,,,,False,False
103068,GRAND KEVAN LLC CA 91748,102446,GRAND KEVAN LLC,APS Mattresses,1.0,1.0,1.0,7.0,7.0,0.0,0.9610262784090908,87.8,Toledo,,,,,,,,,,,,,,,,,,,,,,False,False
103092,Shenzhenshi Yixunqi Keji Youxian Gongsi OR 97124,96882,Shenzhenshi Yixunqi Keji Youxian Gongsi,Pet,1.0,1.0,1.0,11.0,8.0,-3.0,0.992304228580785,18.8,Columbus,,,,,,,,,,,,,,,,,,,,,,False,False
103304,YXSUN COMPANY LTD CA 91761,87823,YXSUN COMPANY LTD,APS Home Improvement,1.0,1.0,0.0,9.0,10.0,1.0,0.998789697908598,2.5,Green Bay,,,,,,,,,,,,,,,,,,,,,,False,False
406899,shenzhenshi shuilongyin kejiyouxiangongsi CA-EASTV,107820,shenzhenshi shuilongyin kejiyouxiangongsi,APS K&D,1.0,1.0,1.0,11.0,8.0,-3.0,0.9517384024426278,98.0,Romeoville Ncpc,,,,,,,,,,,,,,,,,,,,,,False,False
406987,guangdonghuanqiulihuakejijituanyouxiangongsi CA 92509,247153,guangdonghuanqiulihuakejijituanyouxiangongsi,APS Home Improvement,1.0,1.0,0.0,8.0,9.0,1.0,0.9422189851905802,119.0,Romeoville Ncpc,,,,,,,,,,,,,,,,,,,,,,False,False
407304,"ForeverYoung, LLC CA 92337",95461,"ForeverYoung, LLC",APS Other,1.0,0.0,1.0,9.0,8.0,-1.0,0.9308271327219242,159.9,Columbus,,,,,,,,,,,,,,,,,,,,,,False,False
407320,Shenzhen Gushan Snow Exploration CA-EASTVALE,107574,"Shenzhen Gushan Snow Exploration Technology Co., Ltd.",APS Upholstery,1.0,0.0,1.0,8.0,7.0,-1.0,0.9541489251220272,88.3,Chicago,,,,,,,,,,,,,,,,,,,,,,False,False
407392,Hunan Lamer Data Trading Co LTD CA 90040,103772,Hunan Lamer Data Trading Co LTD,APS Housewares & More,1.0,1.0,1.0,19.0,10.0,-9.0,0.9124208207105481,190.8,Toledo,,,,,,,,,,,,,,,,,,,,,,False,False
407459,KIKO HOME INC CA 91710,89292,KIKO HOME INC,APS Home Improvement,1.0,1.0,1.0,7.0,7.0,0.0,0.9813456431010497,29.5,Kansas City,,,,,,,,,,,,,,,,,,,,,,False,False
407584,无忧达美西区CAJW06,234327,Hong Kong Baojia International Limited,APS Home Improvement,1.0,1.0,1.0,9.0,8.0,-1.0,0.9848862729449321,30.3,North Milwaukee,,,,,,,,,,,,,,,,,,,,,,False,False
407685,LD-运去哪-美东-EAS,313528,"Maizhe Intemnational Trade Co., Limited",APS AEOF,1.0,1.0,1.0,4.0,4.0,0.0,0.8873266318870086,177.1,Olathe,,,,,,,,,,,,,,,,,,,,,,False,False
110558,ALLEMANG ALIYA LLC CA 91748,109119,ALLEMANG ALIYA LLC,APS Mattresses,1.0,1.0,1.0,11.0,10.0,-1.0,0.9949720670391061,9.9,St. Cloud,,,,,,,,,,,,,,,,,,,,,,False,False
406400,ZT TRADING INC. CA 92337 (2),99993,ZT TRADING INC.,APS Outdoor,1.0,1.0,1.0,8.0,8.0,0.0,0.9891265506151412,21.3,Romeoville Ncpc,,,,,,,,,,,,,,,,,,,,,,False,False
406403,Kulamoon INC. CA 92374,63742,"Ningbo Yizhou Supply Chain Management Co., Ltd.",Recreation,1.0,1.0,1.0,7.0,6.0,-1.0,0.9758771929824561,47.3,North Chicago,,,,,,,,,,,,,,,,,,,,,,False,False
406474,Right Way Light LLC CA 92509,69210,Right Way Light LLC,APS Home Improvement,1.0,1.0,1.0,9.0,8.0,-1.0,0.9519665854507483,110.4,Toledo,,,,,,,,,,,,,,,,,,,,,,False,False
406493,Ningbo Daiwei Electronic Commerce CA 91752(2),97951,"Ningbo Daiwei Electronic Commerce Co., Ltd.",APS Outdoor,1.0,1.0,1.0,8.0,8.0,0.0,0.9431857339765678,131.9,Toledo,,,,,,,,,,,,,,,,,,,,,,False,False
406554,WPLA4/LA2/CA3/CA7/CA8-CA 92337,208407,hunanhaoshengtongdianzishangwuyouxiangongsi,APS Housewares & More,1.0,1.0,1.0,14.0,11.0,-3.0,0.9845615151997454,29.1,New Brighton Ncpc,,,,,,,,,,,,,,,,,,,,,,False,False
406859,"Hangzhou Flange technology co.,LTD CA 91752",406823,"Hangzhou Flange technology co.,LTD",Wayfair,1.0,1.0,1.0,11.0,6.0,-5.0,0.9484002587450863,103.7,Chicago,,,,,,,,,,,,,,,,,,,,,,False,False
406892,      TOPCA,103176,shenzhen jiejiegao wangluokejiyouxiangongsi,APS Upholstery,1.0,1.0,1.0,9.0,8.0,-1.0,0.9476644341404774,121.9,Toledo,,,,,,,,,,,,,,,,,,,,,,False,False
316555,"FoShan XiNiu Outdoor Product Co., Ltd TX 77053",47589,SUMMER BELLA INC,APS,1.0,1.0,1.0,10.0,7.0,-3.0,0.9918442752219169,18.1,Columbus,,,,,,,,,,,,,,,,,,,,,,False,False
316755,ZhangzhoushiXiangchengquXiaoluoboDianzis CA 92337,241051,ZhangzhoushiXiangchengquXiaoluoboDianzishangwuyouxiangongsi,APS,1.0,1.0,1.0,9.0,8.0,-1.0,0.9861010830324909,30.8,Columbus,,,,,,,,,,,,,,,,,,,,,,False,False
316850,Xuzhou Jiayi Real Estate Marketing CA 92337,280284,"Xuzhou Jiayi Real Estate Marketing Planning Co., Ltd",APS AEOF,1.0,1.0,1.0,12.0,7.0,-5.0,0.9917653934016895,15.5,New Brighton Ncpc,,,,,,,,,,,,,,,,,,,,,,False,False
316921,Petal Perfecto Inc CA 91761,288148,Petal Perfecto Inc,Outdoor Structures,1.0,1.0,1.0,14.0,8.0,-6.0,0.9941549192003536,11.9,North  Indianapolis,,,,,,,,,,,,,,,,,,,,,,False,False
316967,Etan Pet Supplies Inc. CA 91761,54001,Etan Pet Supplies Inc.,APS,1.0,1.0,1.0,7.0,7.0,0.0,0.9902202031673922,15.5,Springfield,,,,,,,,,,,,,,,,,,,,,,False,False
108837,FOSH NATURE INC CA 92507,84664,FOSH NATURE INC,Casegoods,1.0,1.0,1.0,14.0,4.0,-10.0,0.8973355028984032,201.9,Greenwood,,,,,,,,,,,,,,,,,,,,,,False,False
108996,"Ningbo NSC FOREIGN TRADE & SERVICE CO., LTD. CA 92507",99467,"Ningbo NSC FOREIGN TRADE & SERVICE CO., LTD.",APS,1.0,1.0,1.0,8.0,6.0,-2.0,0.998325383132041,3.3,Chicago Loop,,,,,,,,,,,,,,,,,,,,,,False,False
110061,DUNTEN ARCARA LL CA 91748,109116,DUNTEN ARCARA LL,APS Mattresses,1.0,1.0,1.0,9.0,6.0,-3.0,0.9826574053327359,38.7,Columbus,,,,,,,,,,,,,,,,,,,,,,False,False
93820,Enchante Accessories Inc. CA 90501,18412,Enchante Accessories Inc.,Pet,1.0,1.0,1.0,8.0,6.0,-2.0,0.977952471311105,48.8,Toledo,,,,,,,,,,,,,,,,,,,,,,False,False
94645,General Sherman International Inc. CA 91761,49636,General Sherman International Inc.,APS,1.0,1.0,0.0,6.0,7.0,1.0,0.8238941398865783,232.9,North Kansas City Ncpc,,,,,,,,,,,,,,,,,,,,,,False,False
95048,Alipu Inc CA 91730(2),50463,Alipu Inc,APS Outdoor,1.0,1.0,1.0,8.0,7.0,-1.0,0.9589819619471214,83.0,Romeoville Ncpc,,,,,,,,,,,,,,,,,,,,,,False,False
95321,IVAN FURNITURE INC. CA 91761,85898,IVAN FURNITURE INC.,APS Mattresses,1.0,1.0,1.0,9.0,9.0,0.0,0.9842931937172775,33.6,Grand Rapids,,,,,,,,,,,,,,,,,,,,,,False,False
98008,"Waymore, llc CA 90745",94537,"Waymore, llc",Tabletop,1.0,1.0,1.0,8.0,8.0,0.0,0.9931912374185909,13.8,Chicago,,,,,,,,,,,,,,,,,,,,,,False,False
98141,Yiwu Youxi Electronic Commerce Co. Ltd,98141,Yiwu Youxi Electronic Commerce Co. Ltd,APS Outdoor,1.0,1.0,1.0,8.0,4.0,-4.0,0.9913633280578793,19.1,West Columbus,,,,,,,,,,,,,,,,,,,,,,False,False
98195,COMPHOME.CORP CA 91761(2),39423,COMPHOME.CORP,Youth Furniture & Decor,1.0,1.0,1.0,10.0,9.0,-1.0,0.9839435704673071,34.6,North Cincinnati,,,,,,,,,,,,,,,,,,,,,,False,False
409602,HONG KONG XIANGFENG TRADE LIMITED CA 91752,357370,HONG KONG XIANGFENG TRADE LIMITED,Lighting,1.0,1.0,1.0,9.0,7.0,-2.0,0.993787288595237,12.6,Greenwood,,,,,,,,,,,,,,,,,,,,,,False,False
409159,发现美西CA008,190580,Royal Online INC,APS AEOF,1.0,1.0,1.0,8.0,8.0,0.0,0.9494317899856086,101.9,Chicago,,,,,,,,,,,,,,,,,,,,,,False,False
409181,WanBang（ShenZhen）SheJiYouXianGongSi CA 90745,406484,WanBang（ShenZhen）SheJiYouXianGongSi,Wayfair,1.0,1.0,1.0,8.0,7.0,-1.0,0.9387934602649007,118.3,North St.Louis,,,,,,,,,,,,,,,,,,,,,,False,False
409283,"HONGKONG YUNQI NETWORK TECHNOLOGY CO., LIMITED CA 90201",409242,"HONGKONG YUNQI NETWORK TECHNOLOGY CO., LIMITED",Wayfair,1.0,0.0,1.0,11.0,11.0,0.0,0.9612806491444699,87.8,Toledo,,,,,,,,,,,,,,,,,,,,,,False,False
409304,SPS INTERNATIONAL GROUP INC CA 91761,304083,SPS INTERNATIONAL GROUP INC,Upholstery,1.0,0.0,0.0,9.0,11.0,2.0,0.7789595995709689,494.6,Hagerstown,,,,,,,,,,,,,,,,,,,,,,False,False
91833,Kalamera Inc. CA 91702,31117,Kalamera Inc.,APS,1.0,0.0,1.0,9.0,9.0,0.0,0.950217025422978,112.4,Toledo,,,,,,,,,,,,,,,,,,,,,,False,False
92401,"YIWU WENTOU IMPORTEXPORT CO.,LTD CA-LC08 91761",91104,"YIWU WENTOU IMPORT&EXPORT CO.,LTD",APS Outdoor,1.0,1.0,1.0,9.0,7.0,-2.0,0.9596418489767113,91.5,Toledo,,,,,,,,,,,,,,,,,,,,,,False,False
92698,Avenue Lighting CA,18025,Avenue Lighting,Lighting,1.0,0.0,0.0,8.0,9.0,1.0,0.9921701876200325,15.9,Chicago,,,,,,,,,,,,,,,,,,,,,,False,False
93192,"Joneca Company, LLC",93192,"Joneca Company, LLC",Plumbing,1.0,1.0,1.0,10.0,9.0,-1.0,0.9979613147033962,4.1,Chicago Loop,,,,,,,,,,,,,,,,,,,,,,False,False
408018,Huzhou Shenzhou Home Furnishing CA 91761(6),63585,"Huzhou Shenzhou Home Furnishing Co.,Ltd",APS Upholstery,1.0,1.0,1.0,11.0,10.0,-1.0,0.9426577020256092,133.9,Toledo,,,,,,,,,,,,,,,,,,,,,,False,False
408085,"Suzhou Chaojijia Internet Technology Co., Ltd. CA 92337-7703",347593,"Suzhou Chaojijia Internet Technology Co., Ltd.",APS AEOF,1.0,1.0,1.0,12.0,9.0,-3.0,0.9930571311884557,15.3,West Columbus,,,,,,,,,,,,,,,,,,,,,,False,False
408501,HONG KONG LINGXIU TECHNOLOGY CA 91789(2),296453,"HONG KONG LINGXIU TECHNOLOGY CO., LIMITED",APS Pet,1.0,1.0,1.0,10.0,9.0,-1.0,0.9965421853388658,7.5,South Dayton,,,,,,,,,,,,,,,,,,,,,,False,False
408814,ASCREATE INC. CA 92337-8217,271202,ASCREATE INC.,Upholstery,1.0,1.0,1.0,11.0,9.0,-2.0,0.9880116831596844,27.5,Cleveland,,,,,,,,,,,,,,,,,,,,,,False,False
408839,Guangzhou yabu maoyiyouxiangongsi CA 90670,79207,Guangzhou yabu maoyiyouxiangongsi,APS Home Improvement,1.0,1.0,1.0,11.0,10.0,-1.0,0.9831631244824731,30.5,North St.Louis,,,,,,,,,,,,,,,,,,,,,,False,False
409004,"LISTER TECHNOLOGIES, INC CA 92335",80379,"LISTER TECHNOLOGIES, INC",APS Outdoor,1.0,1.0,1.0,11.0,7.0,-4.0,0.9888498548953719,21.9,Chicago,,,,,,,,,,,,,,,,,,,,,,False,False
409062,NJ-19[谷仓新泽西19号仓],286747,"Linyi Lingmoxuan Technology Co., Ltd",APS Bedroom,1.0,1.0,1.0,3.0,3.0,0.0,0.9849085503198486,33.5,Columbus,,,,,,,,,,,,,,,,,,,,,,False,False
409088,           WPLA11,190899,Mopio Inc,Casegoods,1.0,1.0,1.0,9.0,8.0,-1.0,0.9927194860813704,11.9,Des Moines,,,,,,,,,,,,,,,,,,,,,,False,False
104103,"TANIX ARTISTS Trading Co.,LTD CA 91761",85222,"TANIX ARTISTS Trading Co.,LTD",APS,1.0,1.0,1.0,7.0,7.0,0.0,0.9804550758459744,40.2,Greenwood,,,,,,,,,,,,,,,,,,,,,,False,False
104471,Levtex LLC,104471,Levtex LLC,Soft Home,1.0,1.0,1.0,11.0,9.0,-2.0,0.9802005012531328,39.5,Chicago Loop,,,,,,,,,,,,,,,,,,,,,,False,False
104621,"Got Ray Enterprise, Inc. CA 91761",67982,"Got Ray Enterprise, Inc.",APS,1.0,0.0,0.0,10.0,11.0,1.0,0.9918330308529946,16.2,Chicago,,,,,,,,,,,,,,,,,,,,,,False,False
105142,美西3仓,101432,Dongguan Shi Jiapeng Jinshu zhiping youxian gongsi,APS Outdoor,1.0,0.0,0.0,10.0,11.0,1.0,0.9881019251391513,23.3,Chicago,,,,,,,,,,,,,,,,,,,,,,False,False
105638,Mopio Inc. CA 91766,63903,Mopio Inc.,Casegoods,1.0,1.0,1.0,9.0,8.0,-1.0,0.9897792046124616,15.6,Omaha,,,,,,,,,,,,,,,,,,,,,,False,False
407761,"Huizhoujiaxingmaoyi Co., Ltd. CA 91761",407446,"Huizhoujiaxingmaoyi Co., Ltd.",Wayfair,1.0,1.0,1.0,8.0,7.0,-1.0,0.9846478501714587,29.1,Maple Grove,,,,,,,,,,,,,,,,,,,,,,False,False
407899,FLINT GARDEN INC CA 92324,46805,FLINT GARDEN INC,APS Home Improvement,1.0,1.0,1.0,8.0,7.0,-1.0,0.9774639269872023,44.2,Chicago,,,,,,,,,,,,,,,,,,,,,,False,False
408014,Starpower International LLC CA 92324,56999,Starpower International LLC,APS Outdoor,1.0,1.0,1.0,19.0,9.0,-10.0,0.9176654507556019,158.0,South Chicago,,,,,,,,,,,,,,,,,,,,,,False,False
313850,SUZHOU WEIBANG DIANZISHANGWU CA 92337,90224,SUZHOU WEIBANG DIANZISHANGWU YOUXIANGONGSI,APS,1.0,1.0,1.0,10.0,7.0,-3.0,0.9827325196328887,36.5,South Dayton,,,,,,,,,,,,,,,,,,,,,,False,False
313898,Soluwa LLC CA 92571,58042,Soluwa LLC,APS Outdoor,1.0,1.0,1.0,7.0,7.0,0.0,0.9960216260328472,7.8,South Chicago,,,,,,,,,,,,,,,,,,,,,,False,False
313947,LUBBIT INC CA 92571,120034,LUBBIT INC,Casegoods,1.0,1.0,1.0,8.0,8.0,0.0,0.9941374837872893,11.3,Rockford,,,,,,,,,,,,,,,,,,,,,,False,False
314043,UFaucet CA 92626,55967,UFaucet,APS,1.0,1.0,1.0,14.0,6.0,-8.0,0.9936261328552933,12.8,Mokena,,,,,,,,,,,,,,,,,,,,,,False,False
314168,Su Zhou shi nai bu la dian zishangwu CA 92571,303185,Su Zhou shi nai bu la dian zishangwu youxiangongsi,APS Youth,1.0,1.0,1.0,8.0,7.0,-1.0,0.9815092219829604,39.5,Northern Kentucky,,,,,,,,,,,,,,,,,,,,,,False,False
314504,Mirage Capital Corp WA 98072 ,253071,Mirage Capital Corp,Casegoods,1.0,1.0,1.0,9.0,5.0,-4.0,0.9872924963085596,28.4,Greenwood,,,,,,,,,,,,,,,,,,,,,,False,False
314808,QIANJING (SHANTOU) E-COMMERCE CO CA 91710,234289,"QIANJING (SHANTOU) E-COMMERCE CO.,LTD",APS,1.0,1.0,1.0,10.0,9.0,-1.0,0.9929566759564226,13.9,Mccook,,,,,,,,,,,,,,,,,,,,,,False,False
271617,WPLA11-92410,270514,foshanshikesilewujinzhipinyouxiangongsi,Wayfair,1.0,1.0,1.0,9.0,8.0,-1.0,0.9438734783476352,112.5,Romeoville Rsf,,,,,,,,,,,,,,,,,,,,,,False,False
276336,Ningbo le verde home furnishing CA 91730(3),70401,"Ningbo le verde home furnishing co.,ltd.",APS Outdoor,1.0,1.0,1.0,11.0,7.0,-4.0,0.9930622264916213,13.0,Rosemount,,,,,,,,,,,,,,,,,,,,,,False,False
312419,SICOTAS INC CA 92335,94468,SICOTAS INC,APS Bedroom,1.0,1.0,1.0,7.0,7.0,0.0,0.9992655609278414,1.2,Sioux Falls,,,,,,,,,,,,,,,,,,,,,,False,False
312743,huizhoushiliansenmaoyiyouxiangongsi_1 CA 90640,312610,VSN PARTNERS INC,Wayfair,1.0,1.0,1.0,11.0,6.0,-5.0,0.9488079567061577,105.0,Chicago,,,,,,,,,,,,,,,,,,,,,,False,False
312874,Shenzhen XinDianLiang Technology CA 91730 ,105430,Shenzhen XinDianLiang Technology Corporation Limited,APS K&D,1.0,1.0,1.0,11.0,11.0,0.0,0.9990373410346051,1.9,Niles,,,,,,,,,,,,,,,,,,,,,,False,False
313242,Doule golden inc CA 91762,216149,Doule golden inc,APS Outdoor,1.0,1.0,1.0,8.0,7.0,-1.0,0.9653088417245645,72.9,Greenwood,,,,,,,,,,,,,,,,,,,,,,False,False
313369,Rome Flatware Inc CA 92335,299744,Rome Flatware Inc,Kitchen & Small Electrics,1.0,1.0,1.0,13.0,7.0,-6.0,0.8684499494882945,299.5,Toledo,,,,,,,,,,,,,,,,,,,,,,False,False
313456,Baeryon Inc. CA 91748 - Korn Supply Chain,78347,Baeryon Inc.,Outdoor Furniture,1.0,1.0,1.0,8.0,7.0,-1.0,0.9927318932655654,14.3,Chicago,,,,,,,,,,,,,,,,,,,,,,False,False
313542,Art Space INC. CA 92335,66097,Art Space INC.,APS,1.0,1.0,1.0,9.0,4.0,-5.0,0.9890086883701456,21.0,New Brighton Ncpc,,,,,,,,,,,,,,,,,,,,,,False,False
411364,Goodheat Technology Ltd CA 90040,322689,Goodheat Technology Ltd,APS Spa,1.0,1.0,1.0,11.0,7.0,-4.0,0.9406514382402706,140.3,Toledo,,,,,,,,,,,,,,,,,,,,,,False,False
411451,COZIO PTY LTD CA 92337(3),61645,COZIO PTY LTD,APS Upholstery,1.0,1.0,1.0,11.0,6.0,-5.0,0.9882734792168358,22.4,New Brighton Ncpc,,,,,,,,,,,,,,,,,,,,,,False,False
411507,B2748-CA2,320356,haikouqiyikemaoyiyouxiangongsi,APS AEOF,1.0,1.0,1.0,12.0,10.0,-2.0,0.9918093452410323,16.6,Munster,,,,,,,,,,,,,,,,,,,,,,False,False
275262,1 UP 1 Down Ltd CA10 91761,243505,1 UP 1 Down Ltd,APS,1.0,1.0,1.0,14.0,8.0,-6.0,0.8841882011497461,207.5,Champaign,,,,,,,,,,,,,,,,,,,,,,False,False
275486,"ChengduoujialongTechnology Co., Ltd GA 30281",254062,"ChengduoujialongTechnology Co., Ltd",APS,1.0,1.0,1.0,8.0,4.0,-4.0,0.9930464577244785,13.8,Chicago,,,,,,,,,,,,,,,,,,,,,,False,False
275787,Parlos Home CA 91752,53558,Parlos Home,APS,1.0,1.0,1.0,9.0,7.0,-2.0,0.958880488128399,93.0,Toledo,,,,,,,,,,,,,,,,,,,,,,False,False
276092,FOSHAN WEIQUAN TRADING CO LTD CA9,210590,"FOSHAN WEIQUAN TRADING CO.,LTD",APS,1.0,1.0,1.0,7.0,7.0,0.0,0.9900149098631004,22.1,West Columbus,,,,,,,,,,,,,,,,,,,,,,False,False
276333,Riverstar Inc. CA 91730(3),67198,Riverstar Inc.,APS Outdoor,1.0,0.0,1.0,8.0,8.0,0.0,0.990632437085422,18.5,Chicago,,,,,,,,,,,,,,,,,,,,,,False,False
409787,5 Oaks Furniture CA 91761-3616,46556,5 Oaks Furniture,Lighting,1.0,1.0,1.0,8.0,8.0,0.0,0.9886804365473078,25.1,West Columbus,,,,,,,,,,,,,,,,,,,,,,False,False
409793,Lanora Lighting CA 91730,53471,Lanora Lighting,Lighting,1.0,1.0,1.0,8.0,6.0,-2.0,0.9942831521129918,10.2,North St.Louis,,,,,,,,,,,,,,,,,,,,,,False,False
410167,Vanity Stars & Sparkle Inc. CA 91761,225189,Vanity Stars & Sparkle Inc.,Casegoods,1.0,1.0,1.0,15.0,5.0,-10.0,0.991383530794086,17.6,Greenwood,,,,,,,,,,,,,,,,,,,,,,False,False
410330,Gui Zhou Xin Yun Lin Dian Zi Shang Wu You Xian Gong Si_1 CA 92316,334487,"Chuangjie Trading (Hong Kong) Co., Limited",APS K&D,1.0,1.0,1.0,9.0,8.0,-1.0,0.985524728588661,32.4,Toledo,,,,,,,,,,,,,,,,,,,,,,False,False
410551,"Fuzhou Xiaohao Er Trading Co., Ltd. CA 92376",410366,"Fuzhou Xiaohao Er Trading Co., Ltd.",APS Housewares & More,1.0,1.0,1.0,9.0,9.0,0.0,0.9936942347288951,14.7,Parkersburg,,,,,,,,,,,,,,,,,,,,,,False,False
410618,CA11 waiba91761,404325,"Wuhan Mr. Waiba Home Furnishing CO.,Ltd",APS Upholstery,1.0,1.0,1.0,10.0,8.0,-2.0,0.9959732219258066,8.0,Chicago Loop,,,,,,,,,,,,,,,,,,,,,,False,False
410620,Zhong shan shi nan xi zhao ming you xian gong si CA 91752,401342,Zhong shan shi nan xi zhao ming you xian gong si,Wayfair,1.0,1.0,1.0,8.0,7.0,-1.0,0.9839185911631341,30.5,Rosemount,,,,,,,,,,,,,,,,,,,,,,False,False
411253,"OBILE TRADING CO., LIMITED CA 91745",403551,"OBILE TRADING CO., LIMITED",Wayfair,1.0,1.0,1.0,11.0,8.0,-3.0,0.9856421761076837,25.6,North St.Louis,,,,,,,,,,,,,,,,,,,,,,False,False
86370,"Jiaxing Aofeisi Imp.  Exp.Co., Ltd CA2",77629,"WANSHENG ENTERPRISE CO., LIMITED",APS,1.0,1.0,1.0,8.0,8.0,0.0,0.9063548551093035,184.2,North St.Louis,,,,,,,,,,,,,,,,,,,,,,False,False
87173,NAVITURE INTERNATIONAL LLC CA 91746,72158,cixishijuxundianzishangwuyouxiangongsi,APS,1.0,1.0,0.0,7.0,8.0,1.0,0.8740127664178297,232.9,Chicago,,,,,,,,,,,,,,,,,,,,,,False,False
87512,XH WP_LSJ CA 91730,66040,Shenzhen XinheTrade Limited Company,APS,1.0,1.0,1.0,8.0,4.0,-4.0,1.0,0.0,North St.Louis,,,,,,,,,,,,,,,,,,,,,,False,False
88958,Alltronics,88958,Alltronics,Lighting,1.0,1.0,1.0,9.0,7.0,-2.0,0.9962821641718032,7.6,Indianapolis,,,,,,,,,,,,,,,,,,,,,,False,False
89232,Klokick Inc (USA) CA 91761,77318,Klokick Inc (USA),APS,1.0,1.0,1.0,11.0,9.0,-2.0,0.9929298642533937,15.0,Fort Wayne,,,,,,,,,,,,,,,,,,,,,,False,False
89294,SH LIGHTING CA,44097,SH LIGHTING,Lighting,1.0,1.0,1.0,9.0,8.0,-1.0,0.9951388576315433,10.8,Columbus,,,,,,,,,,,,,,,,,,,,,,False,False
413470,zhongshanshixingshuodianzishangwuyouxiangongsi CA 91761,407088,zhongshanshixingshuodianzishangwuyouxiangongsi,Wayfair,1.0,1.0,1.0,9.0,8.0,-1.0,0.9984106105447769,2.9,Rock Island,,,,,,,,,,,,,,,,,,,,,,False,False
413530,shenzhenshilangshengguangkejiyouxiangongsi CA 92571,339944,shenzhenshilangshengguangkejiyouxiangongsi,APS Home Improvement,1.0,1.0,1.0,8.0,8.0,0.0,0.9802020475964471,29.2,Olathe,,,,,,,,,,,,,,,,,,,,,,False,False
412762,Willow-Wares ltd CA 92337(3),281393,Willow-Wares ltd,APS K&D,1.0,1.0,1.0,9.0,8.0,-1.0,0.9977972439936479,4.3,Romeoville Rsf,,,,,,,,,,,,,,,,,,,,,,False,False
413069,Storge Inc CA 92376,61230,Storge Inc,APS Decor,1.0,1.0,1.0,8.0,7.0,-1.0,0.9928894927536233,15.7,Toledo Local,,,,,,,,,,,,,,,,,,,,,,False,False
413107,      WPLA,365555,"Nanjing Longyu Home Technology Co., Ltd.",APS Upholstery,1.0,1.0,1.0,9.0,5.0,-4.0,0.9768320180383315,41.1,North St.Louis,,,,,,,,,,,,,,,,,,,,,,False,False
413186,COOKING CRAZE LLC CA 92337,223158,COOKING CRAZE LLC,Casegoods,1.0,1.0,1.0,17.0,7.0,-10.0,0.9782564724919094,43.0,Romeoville Ncpc,,,,,,,,,,,,,,,,,,,,,,False,False
83848,"Mission Pets, Inc. CA 91764",79543,"Mission Pets, Inc.",Pet,1.0,1.0,1.0,13.0,6.0,-7.0,0.9932885906040269,14.4,Northern Kentucky,,,,,,,,,,,,,,,,,,,,,,False,False
85280,Pabin Inc CA 92337,76227,Pabin Inc,APS Outdoor,1.0,0.0,1.0,9.0,9.0,0.0,0.9597252990695613,90.9,Toledo,,,,,,,,,,,,,,,,,,,,,,False,False
86084,Smartlet Bidet CA 91730(2),65184,Smartlet Bidet,Plumbing,1.0,1.0,1.0,10.0,8.0,-2.0,0.9832691137700263,33.0,South Chicago,,,,,,,,,,,,,,,,,,,,,,False,False
86147,Manhattan Comfort CA 92373,15552,Manhattan Comfort,Decor,1.0,1.0,1.0,9.0,8.0,-1.0,0.9804934893854182,38.5,South Chicago,,,,,,,,,,,,,,,,,,,,,,False,False
412042,"Ganzhou Sidawo Electronic Commerce Co., Ltd. CA 92337-7457",66328,"Ganzhou Sidawo Electronic Commerce Co., Ltd.",APS Outdoor,1.0,1.0,1.0,8.0,8.0,0.0,0.9888498548953719,21.9,Chicago,,,,,,,,,,,,,,,,,,,,,,False,False
412045,Giluta INC CA 91730,119982,Giluta INC,APS Bedroom,1.0,1.0,1.0,12.0,8.0,-4.0,0.9292067620286086,136.1,New Brighton Ncpc,,,,,,,,,,,,,,,,,,,,,,False,False
412060,Casa Eclat Inc CA 92376,271738,Casa Eclat Inc,Casegoods,1.0,1.0,1.0,8.0,7.0,-1.0,0.983750846310088,28.8,North St.Louis,,,,,,,,,,,,,,,,,,,,,,False,False
412081,ganzhoushisidaworiyongpinyouxiangongsi CA 92337-7457,358386,ganzhoushisidaworiyongpinyouxiangongsi,APS Outdoor,1.0,1.0,0.0,9.0,10.0,1.0,0.9966144731273805,7.2,Cincinnati,,,,,,,,,,,,,,,,,,,,,,False,False
412194,             CA9,297075,"Taining County Maidile Technology Co., Ltd",APS Bedroom,1.0,0.0,0.0,9.0,14.0,5.0,0.9709378462778281,57.7,Romeoville Rsf,,,,,,,,,,,,,,,,,,,,,,False,False
412305,Smart Big Mall Inc CA 92410,206253,Smart Big Mall Inc,APS AEOF,1.0,1.0,1.0,9.0,7.0,-2.0,0.9693393026726359,67.8,Columbus,,,,,,,,,,,,,,,,,,,,,,False,False
412492,SOARFLASH LLC CA 91730,153390,SOARFLASH LLC,APS K&D,1.0,1.0,1.0,10.0,10.0,0.0,0.9914365340765138,16.9,Mokena,,,,,,,,,,,,,,,,,,,,,,False,False
412500,NINGBO LEEBAO IMPORT AND EXPORT COMPANY LIMITED CA 91730,234575,NINGBO LEEBAO IMPORT AND EXPORT COMPANY LIMITED,APS K&D,1.0,0.0,0.0,10.0,16.0,6.0,0.9979160059801568,4.6,East Columbus,,,,,,,,,,,,,,,,,,,,,,False,False
271723,ZOKERTECHNOLOGY CA 90058,266575,"ZOKER TECHNOLOGY (HONGKONG) CO., LIMITED",Kitchen & Small Electrics,1.0,1.0,1.0,10.0,5.0,-5.0,0.99255298835211,15.6,Louisville,,,,,,,,,,,,,,,,,,,,,,False,False
271861,Merry Products CA 90220,1102,Merry Products,Pet,1.0,1.0,1.0,8.0,6.0,-2.0,0.994069095042752,12.0,Chicago,,,,,,,,,,,,,,,,,,,,,,False,False
272541,NING BO LI CHEN DIAN QI YOU XIAN GONG SI CA 91752,237317,NING BO LI CHEN DIAN QI YOU XIAN GONG SI,APS,1.0,1.0,1.0,10.0,10.0,0.0,0.9718720559867212,62.7,Toledo,,,,,,,,,,,,,,,,,,,,,,False,False
411591,SHENZHENSHI TAXI MAOYI YOUXIAN GONGSI CA 92571,344412,SHENZHENSHI TAXI MAOYI YOUXIAN GONGSI,APS Home Improvement,1.0,1.0,1.0,8.0,7.0,-1.0,0.995264765784114,9.3,Niles,,,,,,,,,,,,,,,,,,,,,,False,False
411596,Beneouya International Trade Limited GA 30260,309436,Beneouya International Trade Limited,APS Home Improvement,1.0,1.0,1.0,9.0,4.0,-5.0,0.9827965797962215,33.6,Chicago,,,,,,,,,,,,,,,,,,,,,,False,False
411626,深圳英煌家具（集团）有限公司 CA 92879,347248,yinghuangfurniture,APS Upholstery,1.0,0.0,1.0,9.0,9.0,0.0,0.9837194405893028,30.5,New Brighton Ncpc,,,,,,,,,,,,,,,,,,,,,,False,False
411679,"YueShengshi (Guangzhou) Information Technology Co., Ltd CA 91761",411663,"YueShengshi (Guangzhou) Information Technology Co., Ltd",Wayfair,1.0,1.0,1.0,9.0,9.0,0.0,0.9964830747974629,5.6,Kansas City Local,,,,,,,,,,,,,,,,,,,,,,False,False
412035,"Taijiakang International Trading Co., Limited CA 92335",401959,"Taijiakang International Trading Co., Limited",APS K&D,1.0,1.0,1.0,10.0,9.0,-1.0,0.9963151669547812,8.1,Columbus,,,,,,,,,,,,,,,,,,,,,,False,False
414752,"Qianhai Qianyi (Shenzhen) Technology Co., Ltd. CA 92324",87721,"Shenzhen Huanqiu Huizhi Technology Co., Ltd.",APS Home Improvement,1.0,1.0,1.0,9.0,8.0,-1.0,0.8466888232397835,249.1,New Brighton Ncpc,,,,,,,,,,,,,,,,,,,,,,False,False
414788,"Kunming Wuhua District Lvchenman Trading Co., Ltd CA 92337",365856,"Kunming Wuhua District Lvchenman Trading Co., Ltd",APS Housewares & More,1.0,1.0,0.0,7.0,8.0,1.0,0.9887668373179582,22.6,Greenwood,1.0,0.0,1.0,10.0,6.0,-4.0,0.878671949719907,266.4,Carol Stream,,,,,,,,,,-1.0,1.0,-2.0,True,False
415400,DongguanshiYuanmumuDianzikejiYouxiangongsi CA 92374,247010,DongguanshiYuanmumuDianzikejiYouxiangongsi,APS AEOF,1.0,1.0,1.0,6.0,6.0,0.0,0.9614333922545396,48.0,Rapid City,,,,,,,,,,,,,,,,,,,,,,False,False
415510,changzhou brilliant dianzi shangwu youxiangongsi AL 91761,206479,changzhou brilliant dianzi shangwu youxiangongsi,APS Decor,1.0,1.0,1.0,9.0,7.0,-2.0,0.9720670391061452,55.0,Romeoville Rsf,,,,,,,,,,,,,,,,,,,,,,False,False
415592,shenzhenheimaokejiyouxiangongsi AL 91764,321015,shenzhenheimaokejiyouxiangongsi,APS Upholstery,1.0,1.0,1.0,11.0,8.0,-3.0,0.8757114493712773,187.8,North Kansas City Ncpc,,,,,,,,,,,,,,,,,,,,,,False,False
415937,"Foshan Chenyuan E-commerce Co., Ltd CA 91761",363187,"Foshan Chenyuan E-commerce Co., Ltd",APS Home Improvement,1.0,1.0,1.0,11.0,11.0,0.0,0.9834587147647965,36.5,Ann Arbor,,,,,,,,,,,,,,,,,,,,,,False,False
416159,shenzhenshisidayuekejiyouxiangongsi CA 91761,318636,shenzhenshisidayuekejiyouxiangongsi,APS Bedroom,1.0,1.0,1.0,9.0,7.0,-2.0,0.9860836775004489,31.0,Columbus,,,,,,,,,,,,,,,,,,,,,,False,False
416315,quanzhoushi wobodianzishangwu CA 91731,231595,quanzhoushi wobodianzishangwu youxiangongsi,APS Home Improvement,1.0,1.0,1.0,9.0,9.0,0.0,0.9624223602484473,84.7,Toledo,,,,,,,,,,,,,,,,,,,,,,False,False
80483,"Huzhou Shenzhou Home Furnishing Co.,Ltd CA 91731",63585,"Huzhou Shenzhou Home Furnishing Co.,Ltd",APS,1.0,1.0,1.0,18.0,7.0,-11.0,0.9959414717505074,7.6,Minneapolis,,,,,,,,,,,,,,,,,,,,,,False,False
80510,Riverstar Inc. CA 91761,67198,Riverstar Inc.,APS Outdoor,1.0,0.0,1.0,8.0,7.0,-1.0,0.983839200040402,32.0,Chicago,,,,,,,,,,,,,,,,,,,,,,False,False
80964,Mocoloo Decor Inc. CA 95826,64043,Mocoloo Decor Inc.,Plumbing,1.0,1.0,1.0,11.0,6.0,-5.0,0.9926082970433188,12.9,Lenexa,,,,,,,,,,,,,,,,,,,,,,False,False
83048,Allied Plush lnc CA 91761,62525,Allied Plush lnc,APS,1.0,0.0,0.0,8.0,9.0,1.0,0.943310772988652,111.4,Chicago,,,,,,,,,,,,,,,,,,,,,,False,False
414365,shenzhenfuduosishangmaoyouxiangongsi CA 92410,325706,shenzhenfuduosishangmaoyouxiangongsi,APS Housewares & More,1.0,1.0,1.0,11.0,10.0,-1.0,0.9973060892548542,5.3,Niles,,,,,,,,,,,,,,,,,,,,,,False,False
414403,"ROOM FULL OF ROOMS, LLC CA 92337",203102,"ROOM FULL OF ROOMS, LLC",Casegoods,1.0,1.0,1.0,12.0,9.0,-3.0,0.9517853639395724,98.3,Greenwood,,,,,,,,,,,,,,,,,,,,,,False,False
414569,WOWME LLC CA 92410,273026,WOWME LLC,APS Home Improvement,1.0,1.0,1.0,5.0,5.0,0.0,0.9079935473104522,165.4,Olive Branch,,,,,,,,,,,,,,,,,,,,,,False,False
414593,shenzhenshijinmanningkejiyouxiangongsi CA 90220,315215,shenzhenshijinmanningkejiyouxiangongsi,APS AEOF,1.0,1.0,1.0,8.0,8.0,0.0,0.9935349940688019,10.9,Des Moines,,,,,,,,,,,,,,,,,,,,,,False,False
414139,shanghai zhentu dianzi shangwu youxian gongsi CA 92337,272876,shanghai zhentu dianzi shangwu youxian gongsi,APS Outdoor,1.0,1.0,1.0,8.0,7.0,-1.0,0.9044760935910479,187.8,Murfreesboro,,,,,,,,,,,,,,,,,,,,,,False,False
414142,shanghai zhentu dianzi shangwu youxian gongsi CA 91764,272876,shanghai zhentu dianzi shangwu youxian gongsi,APS Outdoor,1.0,1.0,1.0,11.0,10.0,-1.0,0.9884015397082657,22.9,Romeoville Rsf,,,,,,,,,,,,,,,,,,,,,,False,False
414169,"GOODLUX TRADING CO.,LTD. CA 92376",120004,"GOODLUX TRADING CO.,LTD.",APS Home Improvement,1.0,0.0,0.0,7.0,8.0,1.0,0.9870503597122302,25.2,Chicago,,,,,,,,,,,,,,,,,,,,,,False,False
414257,"NINGBO GLOBALWAY IMP.& EXP.CO.,LTD CA 92337",214378,HONEYJOY COMPANY,APS AEOF,1.0,1.0,1.0,7.0,6.0,-1.0,0.9665619389587073,74.5,Toledo,,,,,,,,,,,,,,,,,,,,,,False,False
78396,SCH-CA3 92337,66991,Schnappi Inc,APS,1.0,1.0,1.0,8.0,7.0,-1.0,0.9808449505161222,36.0,Maple Grove,,,,,,,,,,,,,,,,,,,,,,False,False
78935,UNIONLINE INC CA 91761,77299,UNIONLINE INC,APS,1.0,1.0,1.0,9.0,7.0,-2.0,0.9700398803589233,60.1,Romeoville Rsf,,,,,,,,,,,,,,,,,,,,,,False,False
79055,Costway NJ 08505,38830,Costway,APS Outdoor,1.0,1.0,1.0,10.0,5.0,-5.0,0.9639712488769093,80.2,Toledo,,,,,,,,,,,,,,,,,,,,,,False,False
79984,"Shenzhou Home Furnishing Co.,Limited CA 91730",77337,"Shenzhou Home Furnishing Co.,Limited",APS,1.0,1.0,1.0,7.0,7.0,0.0,0.9496866220012967,116.4,West Columbus,,,,,,,,,,,,,,,,,,,,,,False,False
413573,      WPLA3,190899,Mopio Inc,Casegoods,1.0,0.0,1.0,10.0,9.0,-1.0,0.994476948279897,11.8,Grand Rapids,,,,,,,,,,,,,,,,,,,,,,False,False
413669,WPLA4-WPLA17,280710,BIAK SERVICES INC,Casegoods,1.0,1.0,1.0,8.0,7.0,-1.0,0.992570344609548,14.1,New Brighton Ncpc,,,,,,,,,,,,,,,,,,,,,,False,False
413706,      WPPA2,280710,BIAK SERVICES INC,Casegoods,1.0,1.0,1.0,10.0,5.0,-5.0,0.9608656849620706,87.7,Toledo,,,,,,,,,,,,,,,,,,,,,,False,False
413780,FTL Lighting Inc CA 91761,103228,FTL Lighting Inc,Lighting,1.0,1.0,1.0,11.0,9.0,-2.0,0.9400201392233265,137.0,Columbus,,,,,,,,,,,,,,,,,,,,,,False,False
413796,ShouGuangShiJinXiangYuanJiaJuGuFenYouXianGongSi_1 CA 92571,338336,ShouGuangShiJinXiangYuanJiaJuGuFenYouXianGongSi_1,APS AEOF,1.0,1.0,1.0,8.0,4.0,-4.0,0.9942938659058488,10.0,Cedar Rapids,,,,,,,,,,,,,,,,,,,,,,False,False
413807,Zhengzhou A Mazhuo Wangluo Keji CA 91761(5),104525,Zhengzhou A Mazhuo Wangluo Keji Youxian Gongsi,APS Upholstery,1.0,1.0,1.0,12.0,10.0,-2.0,0.9762818924944265,38.3,North Kansas City Ncpc,,,,,,,,,,,,,,,,,,,,,,False,False
413823,"Geeyoo Home Co., Limited CA 91761",411036,"Geeyoo Home Co., Limited",Wayfair,1.0,1.0,1.0,12.0,7.0,-5.0,0.9354716981132075,136.8,Greenwood,,,,,,,,,,,,,,,,,,,,,,False,False
413956,RICH SOURCE LIMITED CA 91706,268425,RICH SOURCE LIMITED,Lighting,1.0,1.0,1.0,10.0,9.0,-1.0,0.9777174966091843,46.0,Manitowoc,,,,,,,,,,,,,,,,,,,,,,False,False
310267,AQUA GALLERY CA 92336,85716,AQUA GALLERY,APS Spa,1.0,1.0,1.0,7.0,7.0,0.0,0.9869898226838737,24.8,Maple Grove,,,,,,,,,,,,,,,,,,,,,,False,False
310368,Gaines Manufacturing Inc CA 92064,310365,Gaines Manufacturing Inc,Decor,1.0,1.0,1.0,9.0,6.0,-3.0,0.9949741387723237,10.3,Chicago,,,,,,,,,,,,,,,,,,,,,,False,False
310850,Go Peak Track Inc CA 91761,253298,Go Peak Track Inc,Casegoods,1.0,1.0,1.0,12.0,8.0,-4.0,0.9932799804508522,11.0,Sioux Falls,,,,,,,,,,,,,,,,,,,,,,False,False
310902,shenzhenshiliweidianzishangwuyouxiangong OR 97008 ,310886,shenzhenshiliweidianzishangwuyouxiangongsi,Wayfair,1.0,1.0,1.0,16.0,10.0,-6.0,0.9871605173977376,26.9,Chicago,,,,,,,,,,,,,,,,,,,,,,False,False
311078,Tmekeeper INC. CA 91761(3),64494,Tmekeeper INC.,APS,1.0,1.0,1.0,7.0,6.0,-1.0,0.979543542280185,38.9,Maple Grove,,,,,,,,,,,,,,,,,,,,,,False,False
311141,InnovateTech Corner Inc CA 91730,292482,InnovateTech Corner Inc,Decor,1.0,1.0,1.0,9.0,8.0,-1.0,0.9933785275106417,12.6,New Brighton Ncpc,,,,,,,,,,,,,,,,,,,,,,False,False
311230,FURNITURE GROUP LIMITED NJ 08512,208802,FURNITURE GROUP LIMITED,Casegoods,1.0,1.0,1.0,7.0,4.0,-3.0,0.9868666969742891,26.0,Romeoville Rsf,,,,,,,,,,,,,,,,,,,,,,False,False
311249,BIGHOUSE LIGHTING INC CA 92376,200844,BIGHOUSE LIGHTING INC,APS Home Improvement,1.0,0.0,0.0,9.0,11.0,2.0,0.9720833131038501,57.5,Greenwood,,,,,,,,,,,,,,,,,,,,,,False,False
280949,huozhoushi leyikeji youxiangongsi CA 91730(2),94795,huozhoushi leyikeji youxiangongsi,APS,1.0,1.0,0.0,7.0,8.0,1.0,0.9947908361239569,9.8,Minneapolis,,,,,,,,,,,,,,,,,,,,,,False,False
281308,BURDOCK PROPERTY LIMITED CA 91766 ,221637,BURDOCK PROPERTY LIMITED,DE Furniture,1.0,0.0,1.0,8.0,8.0,0.0,0.9883732387427333,23.6,Greenwood,,,,,,,,,,,,,,,,,,,,,,False,False
281491,TOP SPACE Trading Inc CA 91746,54274,TOP SPACE Trading Inc,Outdoor Furniture,1.0,1.0,1.0,10.0,7.0,-3.0,0.9487533261062383,104.0,Romeoville Rsf,,,,,,,,,,,,,,,,,,,,,,False,False
309018,hang zhou xin ru shang mao you xian CA 91761 (3),302742,hang zhou xin ru shang mao you xian gong si,Pet,1.0,1.0,1.0,9.0,9.0,0.0,0.9876313881841245,27.3,Columbus,,,,,,,,,,,,,,,,,,,,,,False,False
309919,Nantong Xiaoxin Supply Chain Management CA 91768,174009,"FLXX CO., LIMITED",APS,1.0,1.0,1.0,7.0,4.0,-3.0,0.9800212848297214,41.3,Greenwood,,,,,,,,,,,,,,,,,,,,,,False,False
310052,Suzhou Yuanrun Trading Co. CA 92337,302479,Suzhou Yuanrun Trading Co.,APS K&D,1.0,1.0,0.0,7.0,8.0,1.0,0.9945638744749197,11.0,Greenwood,,,,,,,,,,,,,,,,,,,,,,False,False
310055,Shipout-NJ,133448,"Zhongshan xiaobailong Lighting Engineering Co.,Ltd_1",APS Home Improvement,1.0,1.0,1.0,8.0,4.0,-4.0,0.8807074668837416,161.2,Olathe,,,,,,,,,,,,,,,,,,,,,,False,False
310150,Sunon CA 92337 (2),47789,"Sunon International Development Co., Limited_1",APS,1.0,1.0,1.0,8.0,7.0,-1.0,0.9860304968027545,28.4,Greenwood,,,,,,,,,,,,,,,,,,,,,,False,False
417887,Lingshui Yingzhou hua hua hua Electronic Commerce studio CA 92337,175356,Lingshui Yingzhou hua hua hua Electronic Commerce studio,APS K&D,1.0,1.0,1.0,12.0,8.0,-4.0,0.9062064480163523,201.9,Chicago,,,,,,,,,,,,,,,,,,,,,,False,False
418105,quanzhoushilipobaowangluokejiyouxiangong CA 90049,234304,quanzhoushilipobaowangluokejiyouxiangongsi,APS Upholstery,1.0,1.0,1.0,9.0,6.0,-3.0,0.9925057354065766,14.7,New Brighton Ncpc,,,,,,,,,,,,,,,,,,,,,,False,False
420464,shenzhenshiweixunguangdiankejiyouxiangongsi CA 91731,299331,shenzhenshiweixunguangdiankejiyouxiangongsi,APS Upholstery,1.0,1.0,1.0,9.0,8.0,-1.0,0.9897269782508099,22.2,Northern Kentucky,,,,,,,,,,,,,,,,,,,,,,False,False
421512,Beeleo International inc AL 91731,104983,Beeleo International inc,APS Upholstery,1.0,1.0,1.0,8.0,7.0,-1.0,0.9894934922377294,20.1,Maple Grove,,,,,,,,,,,,,,,,,,,,,,False,False
423046,Brilliant International Trading Inc CA 91730(2),63938,Brilliant International Trading Inc,APS Bedroom,1.0,1.0,1.0,10.0,10.0,0.0,0.9926470588235293,16.9,Cleveland,,,,,,,,,,,,,,,,,,,,,,False,False
423452,"Luxmars Co., Lmited CA 92337",404135,"Luxmars Co., Lmited",APS Upholstery,1.0,1.0,1.0,9.0,8.0,-1.0,0.9963815054724146,8.1,Oak Park,,,,,,,,,,,,,,,,,,,,,,False,False
280563,Knlnny Lighting CA 91761(11),66187,Knlnny Lighting,APS,1.0,1.0,1.0,12.0,10.0,-2.0,0.9870142550283149,26.6,Greenwood,,,,,,,,,,,,,,,,,,,,,,False,False
280861,Quanzhou Perfect Generation Technology CA 92410,62246,"Quanzhou Perfect Generation Technology Co., Ltd",APS Housewares & More,1.0,1.0,1.0,12.0,6.0,-6.0,0.9425608296769047,115.2,Chicago,,,,,,,,,,,,,,,,,,,,,,False,False
416337,"Zhongshan Jufu Trading Co., Ltd CA 91764",363184,"Zhongshan Jufu Trading Co., Ltd",APS Home Improvement,1.0,1.0,1.0,7.0,7.0,0.0,0.973281674549663,53.1,Romeoville Rsf,,,,,,,,,,,,,,,,,,,,,,False,False
416680,Dapper Doodles Inc GA 31407,255127,Dapper Doodles Inc,Upholstery,1.0,1.0,1.0,11.0,5.0,-6.0,0.9598207465498803,78.9,Greenwood,,,,,,,,,,,,,,,,,,,,,,False,False
416746,"Boai County Xingfan Trading Co., Ltd CA 91731",337916,"Boai County Xingfan Trading Co., Ltd",APS Housewares & More,1.0,0.0,1.0,8.0,8.0,0.0,0.9817945986010098,39.3,Northern Kentucky,,,,,,,,,,,,,,,,,,,,,,False,False
416790,"Boai County Xingfan Trading Co., Ltd CA 91761",337916,"Boai County Xingfan Trading Co., Ltd",APS Housewares & More,1.0,1.0,1.0,8.0,8.0,0.0,0.9924526192206631,13.5,North St.Louis,,,,,,,,,,,,,,,,,,,,,,False,False
416851,"Boai County Xingfan Trading Co., Ltd CA 91764",337916,"Boai County Xingfan Trading Co., Ltd",APS Housewares & More,1.0,1.0,1.0,16.0,8.0,-8.0,0.9916983396679336,16.6,Munster,,,,,,,,,,,,,,,,,,,,,,False,False
417270,Dapper Doodles Inc CA 91730,255127,Dapper Doodles Inc,Upholstery,1.0,1.0,1.0,12.0,6.0,-6.0,0.9872924589555699,27.4,Northern Kentucky,,,,,,,,,,,,,,,,,,,,,,False,False
417350,DEEPSKY FURNITURE INC CA 92374,241579,DEEPSKY FURNITURE INC,Casegoods,1.0,1.0,1.0,13.0,12.0,-1.0,0.9980749746707194,3.8,Niles,,,,,,,,,,,,,,,,,,,,,,False,False
417733,Audio Visual Commodity Ltd AL 92337-8200,208461,Audio Visual Commodity Ltd,APS K&D,1.0,0.0,1.0,9.0,9.0,0.0,0.9385152431929253,132.1,Greenwood,,,,,,,,,,,,,,,,,,,,,,False,False
75537,Lordear Mayson 95826,58377,LORDEAR,Plumbing,1.0,1.0,1.0,9.0,8.0,-1.0,1.0,0.0,West Columbus,,,,,,,,,,,,,,,,,,,,,,False,False
75546,Logmey USA CA 95826,62096,Logmey USA,Plumbing,1.0,1.0,1.0,12.0,8.0,-4.0,0.9876975231013178,22.5,Cedar Rapids Local,,,,,,,,,,,,,,,,,,,,,,False,False
75556,Sarlai Home Inc CA 95826,65706,Sarlai Home Inc,Plumbing,1.0,1.0,0.0,10.0,11.0,1.0,0.994121163810283,11.8,Rockford,,,,,,,,,,,,,,,,,,,,,,False,False
75722,RM Wholesale USA Inc  CA 92337,73810,RM Wholesale USA Inc,Outdoor Furniture,1.0,1.0,1.0,12.0,7.0,-5.0,0.9933598937583001,12.5,Minneapolis,,,,,,,,,,,,,,,,,,,,,,False,False
75915,Excellent Group Inc,75915,Excellent Group Inc,Upholstery,1.0,1.0,1.0,13.0,8.0,-5.0,0.982606503655155,34.5,Romeoville Ncpc,,,,,,,,,,,,,,,,,,,,,,False,False
76626,A&L Technology Support LLC CA92337,76378,A&L Technology Support LLC,Upholstery,1.0,1.0,1.0,14.0,8.0,-6.0,0.9819498429263617,33.9,Maple Grove,,,,,,,,,,,,,,,,,,,,,,False,False
430312,suzhoukunshanshiyizemaoyiyouxiangongsi GA 31326,370502,suzhoukunshanshiyizemaoyiyouxiangongsi,APS Upholstery,1.0,1.0,1.0,11.0,5.0,-6.0,0.9432407542048374,117.1,Northern Kentucky,1.0,0.0,1.0,10.0,5.0,-5.0,0.7887748672247727,469.3,King Of Prussia,,,,,,,,,,-1.0,0.0,0.0,True,False
430315,COSY FURNITURE CO. LIMITED CA 92337,324556,COSY FURNITURE CO. LIMITED,APS Bedroom,1.0,1.0,1.0,11.0,11.0,0.0,0.8891901757313448,212.5,Romeoville Ncpc,,,,,,,,,,,,,,,,,,,,,,False,False
429507,H-CA-1,221756,Ning Bo Hao Mi Xin Xi Ke Ji You Xian Gong Si,APS Home Improvement,1.0,0.0,1.0,10.0,10.0,0.0,0.9355087358684482,150.6,Columbus,,,,,,,,,,,,,,,,,,,,,,False,False
429805,US AUTOFLY KAOLA LLC CA 91752,78357,US AUTOFLY KAOLA LLC,APS Home Improvement,1.0,1.0,1.0,8.0,8.0,0.0,0.9853433243790942,31.1,Green Bay,,,,,,,,,,,,,,,,,,,,,,False,False
430009,    WPLA16,276152,SKYLINK(HK)TECHNOLOGY LIMITED,APS Home Improvement,1.0,1.0,1.0,11.0,6.0,-5.0,0.9925883942974234,17.0,Cleveland,,,,,,,,,,,,,,,,,,,,,,False,False
430297,RACKEM UP SPORTS LLC CA 92374,243506,RACKEM UP SPORTS LLC,Recreation,1.0,1.0,1.0,7.0,7.0,0.0,0.9277713807180991,138.0,Rosemount,,,,,,,,,,,,,,,,,,,,,,False,False
72477,Vant Panels CA 92374,30435,Vant Panels,Casegoods,1.0,1.0,1.0,9.0,7.0,-2.0,0.9959251713280236,8.8,South Dayton,,,,,,,,,,,,,,,,,,,,,,False,False
72985,YC-CA3,65377,"Shenzhen Chuangjicheng Network Technology Co., Ltd",APS,1.0,1.0,1.0,9.0,9.0,0.0,0.9423763824934371,133.9,Toledo,,,,,,,,,,,,,,,,,,,,,,False,False
74097,"Langfang Juwangshang E-Commerce Co., Ltd CA3",68042,"Langfang Juwangshang E-Commerce Co., Ltd",APS,1.0,1.0,1.0,8.0,8.0,0.0,0.9345569150908416,141.2,Greenwood,,,,,,,,,,,,,,,,,,,,,,False,False
74176,Feng Shui Imports LLC,74176,Feng Shui Imports LLC,Decor,1.0,1.0,1.0,8.0,7.0,-1.0,0.9461664735419081,111.5,Chicago,,,,,,,,,,,,,,,,,,,,,,False,False
425053,RBROHANT INC CA 94544,65035,RBROHANT INC,APS Home Improvement,1.0,1.0,1.0,14.0,9.0,-5.0,0.9973739742086754,5.6,Niles,,,,,,,,,,,,,,,,,,,,,,False,False
425102,RBROHANT INC CA 92336,65035,RBROHANT INC,APS Home Improvement,1.0,1.0,1.0,14.0,8.0,-6.0,0.9921618852459017,15.3,Romeoville Ncpc,,,,,,,,,,,,,,,,,,,,,,False,False
425289,Coastal Bathrooms & Kitchens Limited CA 90040,214339,Coastal Bathrooms & Kitchens Limited,Upholstery,1.0,1.0,1.0,17.0,9.0,-8.0,0.9966035685173444,7.5,Lansing,,,,,,,,,,,,,,,,,,,,,,False,False
427583,SDK Mirror Inc CA 92337-8200,282199,SDK Mirror Inc,Casegoods,1.0,1.0,1.0,14.0,7.0,-7.0,0.9729925247166626,56.0,Greenwood Local,,,,,,,,,,,,,,,,,,,,,,False,False
429149,Go Peak Track Inc CA 92337,253298,Go Peak Track Inc,Casegoods,1.0,1.0,1.0,11.0,7.0,-4.0,0.9345751088870354,141.2,Greenwood,,,,,,,,,,,,,,,,,,,,,,False,False
429378,ZAHVEETH SERVICE LLC CA 91731,354138,ZAHVEETH SERVICE LLC,Outdoor Furniture,1.0,1.0,1.0,18.0,7.0,-11.0,0.9742291143779133,57.5,Toledo,,,,,,,,,,,,,,,,,,,,,,False,False
429382,shenzhenshichengshenxingkejiyouxiangongsi CA 91710,352959,shenzhenshichengshenxingkejiyouxiangongsi,APS Housewares & More,1.0,1.0,1.0,9.0,7.0,-2.0,0.9811719693918647,37.4,South Chicago,,,,,,,,,,,,,,,,,,,,,,False,False
429416,dongguanshiqiandengkejiyouxiangongsi CA 91761,370795,dongguanshiqiandengkejiyouxiangongsi,APS Home Improvement,1.0,1.0,1.0,9.0,8.0,-1.0,0.989509230076542,23.3,Toledo,,,,,,,,,,,,,,,,,,,,,,False,False
311713, Jvlang-CA-007,266775,Flakes Joy Inc,Decor,1.0,0.0,0.0,6.0,16.0,10.0,0.8954956968816363,187.0,Champaign,,,,,,,,,,,,,,,,,,,,,,False,False
311889,美西仓,297086,"Luoyang Ruidu Furniture Co., Ltd",APS,1.0,1.0,1.0,11.0,9.0,-2.0,1.0,0.0,Green Bay,,,,,,,,,,,,,,,,,,,,,,False,False
273424,CAZHENGYUAN1,271648,Stellweilan Tessberg LLC,Storage & Org,1.0,1.0,1.0,12.0,10.0,-2.0,0.9968697596422583,5.6,St. Louis,,,,,,,,,,,,,,,,,,,,,,False,False
274932,CA 91789,222677,COVERONICS LIMITED,APS,1.0,1.0,1.0,8.0,8.0,0.0,0.9980758043585268,4.3,Van Buren,,,,,,,,,,,,,,,,,,,,,,False,False
423555,Takasan Inc CA 92337-8200,67058,Takasan Inc,Casegoods,1.0,1.0,0.0,7.0,9.0,2.0,0.9953465589027676,9.5,Greenwood Local,,,,,,,,,,,,,,,,,,,,,,False,False
423556,91440700MAC6BY20X3 CA 91730,405130,JiangMenShiABianGeKeJiYouXianGongSi,Lighting,1.0,0.0,0.0,7.0,8.0,1.0,0.9479573127732593,110.7,Greenwood,,,,,,,,,,,,,,,,,,,,,,False,False
423866,"Taiyuan Tongle Yunguan Technology Co., Ltd CA 91731",371473,"Taiyuan Tongle Yunguan Technology Co., Ltd",APS Housewares & More,1.0,1.0,1.0,8.0,8.0,0.0,0.9902336782019264,21.9,West Columbus,,,,,,,,,,,,,,,,,,,,,,False,False
424702,Waya Home (HK) Limited CA 92410,414944,Waya Home (HK) Limited,Wayfair,1.0,1.0,1.0,9.0,9.0,0.0,0.9606930205488651,87.8,Toledo,,,,,,,,,,,,,,,,,,,,,,False,False
71056,Yii Lighting CA 91710,61379,Eternadecor INC_1,APS Home Improvement,1.0,1.0,1.0,9.0,5.0,-4.0,0.9219614675138348,152.3,Mccook,,,,,,,,,,,,,,,,,,,,,,False,False
432393,Living Source International CA 91730,35652,Living Source International,Outdoor Furniture,1.0,1.0,1.0,9.0,6.0,-3.0,0.9929417571569595,14.3,Greenwood,,,,,,,,,,,,,,,,,,,,,,False,False
432485,Domicile Delight Ltd CA 92337,303066,Domicile Delight Ltd,Soft Home,1.0,1.0,1.0,8.0,8.0,0.0,0.9875032208193764,19.4,Olathe,,,,,,,,,,,,,,,,,,,,,,False,False
432526,YIGOBUY INC CA 91752(3),70264,YIGOBUY INC,APS Upholstery,1.0,1.0,1.0,11.0,10.0,-1.0,0.9964603510151909,7.2,Duluth,,,,,,,,,,,,,,,,,,,,,,False,False
432912,shenzhenshijunyadianziyouxiangongsi CA 92374,405427,shenzhenshijunyadianziyouxiangongsi,APS Bedroom,1.0,1.0,1.0,9.0,8.0,-1.0,0.9830741079597438,33.3,Romeoville Rsf,,,,,,,,,,,,,,,,,,,,,,False,False
433187,looksugar CA 91010,46848,looksugar,Decor,1.0,0.0,0.0,11.0,20.0,9.0,0.9908913467794405,19.6,Northern Kentucky,,,,,,,,,,,,,,,,,,,,,,False,False
433197,"GAOSHENG home art SHENZHEN CO.,Ltd CA 92337",268711,"GAOSHENG home art SHENZHEN CO.,Ltd",APS Upholstery,1.0,1.0,1.0,11.0,7.0,-4.0,0.990472266570531,18.5,South Chicago,,,,,,,,,,,,,,,,,,,,,,False,False
433417,ANHUI MORDEN LIVING CO LTD CA 91730(4),326409,ANHUI MORDEN LIVING CO LTD,APS Outdoor,1.0,1.0,1.0,9.0,8.0,-1.0,0.9896094589752777,20.3,Chicago,,,,,,,,,,,,,,,,,,,,,,False,False
67719,"SpeedyKarts723, LLC",67719,"SpeedyKarts723, LLC",Outdoor Furniture,1.0,1.0,1.0,9.0,8.0,-1.0,0.9243094986045617,157.3,Chicago,,,,,,,,,,,,,,,,,,,,,,False,False
67834,IRUD GROUP INC,67834,IRUD GROUP INC,Soft Home,1.0,1.0,1.0,9.0,7.0,-2.0,0.9683665927568367,64.2,Mccook,,,,,,,,,,,,,,,,,,,,,,False,False
67985,Interlock Studio Inc.,67985,Interlock Studio Inc.,Tabletop,1.0,1.0,1.0,12.0,9.0,-3.0,0.8687695032470272,311.2,Toledo,,,,,,,,,,,,,,,,,,,,,,False,False
69261,"Langfang Juwangshang E-Commerce Co., Ltd CA4",68042,"Langfang Juwangshang E-Commerce Co., Ltd",APS,1.0,1.0,1.0,9.0,7.0,-2.0,0.984001620089105,31.6,Romeoville Ncpc,,,,,,,,,,,,,,,,,,,,,,False,False
69916,LuBann CA,41698,"Valley Blvd Trading and Investment Co., LTD",Hardware,1.0,1.0,1.0,9.0,9.0,0.0,0.9599632449461801,91.5,Toledo,,,,,,,,,,,,,,,,,,,,,,False,False
70128,TOYOSUN INC CA 91761,64458,TOYOSUN INC,Upholstery,1.0,0.0,0.0,9.0,10.0,1.0,0.94393214655555,113.7,Chicago,,,,,,,,,,,,,,,,,,,,,,False,False
70572,Yaheetech IL 60106,46852,Yaheetech,APS AEOF,1.0,1.0,0.0,3.0,4.0,1.0,0.9761958739514849,42.0,North St.Louis,,,,,,,,,,,,,,,,,,,,,,False,False
70693,CARTISAN DESIGNBUILD GROUP INC CA 91748,45023,CARTISAN DESIGNBUILD GROUP INC,Plumbing,1.0,1.0,1.0,12.0,6.0,-6.0,0.9358578052550232,149.4,West Columbus,,,,,,,,,,,,,,,,,,,,,,False,False
431734,"Guangzhou Dianya Mansion E-commerce Trading Co., Ltd. CA 92337(2)",431627,"Guangzhou Dianya Mansion E-commerce Trading Co., Ltd.",Wayfair,1.0,0.0,1.0,10.0,10.0,0.0,0.9961291690969829,7.3,New Brighton Ncpc,,,,,,,,,,,,,,,,,,,,,,False,False
431735,"Guangzhou Dianya Mansion E-commerce Trading Co., Ltd. CA 92337(1)",431627,"Guangzhou Dianya Mansion E-commerce Trading Co., Ltd.",Wayfair,1.0,0.0,0.0,9.0,11.0,2.0,0.9587615225157676,93.5,Toledo,,,,,,,,,,,,,,,,,,,,,,False,False
432016,"Yisheng E-Commerce (Foshan) Co., Ltd. CA 91764",431802,"Yisheng E-Commerce (Foshan) Co., Ltd.",Wayfair,1.0,1.0,1.0,9.0,7.0,-2.0,0.9390936659121002,142.6,Toledo,,,,,,,,,,,,,,,,,,,,,,False,False
432017,"Yisheng E-Commerce (Foshan) Co., Ltd. CA 91761(4)",431802,"Yisheng E-Commerce (Foshan) Co., Ltd.",Wayfair,1.0,1.0,1.0,8.0,6.0,-2.0,0.9774467492691077,48.6,Northern Kentucky,,,,,,,,,,,,,,,,,,,,,,False,False
432126,guang zhou shang jia mao yi you xian gong si CA 92374,309338,guang zhou shang jia mao yi you xian gong si,APS Home Improvement,1.0,1.0,1.0,7.0,7.0,0.0,0.9204415880584638,153.5,Chicago,,,,,,,,,,,,,,,,,,,,,,False,False
432146,"Xiangtan Xianjue Technology Co., Ltd. CA 92337",432120,"Xiangtan Xianjue Technology Co., Ltd.",Wayfair,1.0,1.0,1.0,9.0,8.0,-1.0,1.0,0.0,Columbus,,,,,,,,,,,,,,,,,,,,,,False,False
66539,"HKF, Inc",66539,"HKF, Inc",Appliances,1.0,1.0,1.0,7.0,6.0,-1.0,0.987606583382907,25.0,Chicago Loop,,,,,,,,,,,,,,,,,,,,,,False,False
66601,Kinmade Hardware,66601,Kinmade Hardware,APS Home Improvement,1.0,1.0,1.0,9.0,8.0,-1.0,0.9890440588705506,23.3,Chicago Loop,,,,,,,,,,,,,,,,,,,,,,False,False
430328,COFVIAL LTD CA 91761,304188,COFVIAL LTD,Soft Home,1.0,1.0,1.0,10.0,10.0,0.0,0.9923162832253742,17.2,East Columbus,,,,,,,,,,,,,,,,,,,,,,False,False
430336,深圳市栖梧生活装饰有限公司 CA 91748,352358,"Shenzhen Eden Grove Decoration Co., LTD",APS Decor,1.0,1.0,1.0,8.0,6.0,-2.0,0.9862936920411698,26.9,Chicago,,,,,,,,,,,,,,,,,,,,,,False,False
430409,Mantel Memories Ltd CA 90220,303187,Mantel Memories Ltd,Plumbing,1.0,1.0,1.0,11.0,10.0,-1.0,0.9779861796643633,44.6,Romeoville Rsf,,,,,,,,,,,,,,,,,,,,,,False,False
430461,fu zhou qun shang gong yi pin you xian gong si CA 92571,286861,fu zhou qun shang gong yi pin you xian gong si,APS K&D,1.0,1.0,1.0,10.0,7.0,-3.0,0.9904766781014798,18.6,Romeoville Ncpc,,,,,,,,,,,,,,,,,,,,,,False,False
430647,CA8 - Bactrian Camel,363899,"Beijing Bactrian Camel Technology Co., Ltd.​",APS Bedroom,1.0,1.0,1.0,9.0,8.0,-1.0,0.93877373658367,140.9,West Columbus,,,,,,,,,,,,,,,,,,,,,,False,False
430871,WuLiang Company Inc CA 91730,430870,WuLiang Company Inc,Wayfair,1.0,1.0,1.0,9.0,7.0,-2.0,0.8656709975396037,311.2,Toledo,,,,,,,,,,,,,,,,,,,,,,False,False
431641,Mojia(HK) Holding Limited CA 91789,431123,Mojia(HK) Holding Limited,Wayfair,1.0,1.0,1.0,10.0,7.0,-3.0,0.9865316862150472,30.2,Toledo Local,,,,,,,,,,,,,,,,,,,,,,False,False
431660,VOMINZ LIMITED CA 91745,289539,VOMINZ LIMITED,Plumbing,1.0,1.0,1.0,12.0,7.0,-5.0,0.9814511170321787,36.2,Chicago,,,,,,,,,,,,,,,,,,,,,,False,False
308440,Q-CA-4,221756,Ning Bo Hao Mi Xin Xi Ke Ji You Xian Gong Si,APS,1.0,1.0,1.0,8.0,8.0,0.0,0.9953614027933531,9.1,Romeoville Rsf,,,,,,,,,,,,,,,,,,,,,,False,False
308444,Riverstar Inc. CA 91752 (2),67198,Riverstar Inc.,APS Outdoor,1.0,1.0,1.0,8.0,7.0,-1.0,0.9952483209210947,10.4,Toledo Local,,,,,,,,,,,,,,,,,,,,,,False,False
308454,Ningbo Jiangdong Peter International Trad CA 91752,53013,Ningbo Jiangdong Peter International Trading CoLTD,APS Outdoor,1.0,1.0,0.0,8.0,9.0,1.0,0.9595767289471353,91.3,Toledo,,,,,,,,,,,,,,,,,,,,,,False,False
308498,quanzhou tuoyuxun dianzishangwu youxian CA 91761 ,229920,quanzhou tuoyuxun dianzishangwu youxiangongsi,APS,1.0,1.0,1.0,9.0,8.0,-1.0,0.969907058528008,59.9,Chicago,,,,,,,,,,,,,,,,,,,,,,False,False
309017,hang zhou xin ru shang mao you xian CA 92401,302742,hang zhou xin ru shang mao you xian gong si,Pet,1.0,1.0,1.0,8.0,6.0,-2.0,0.9967787485658811,7.3,Mansfield,,,,,,,,,,,,,,,,,,,,,,False,False
278534,ZHEJIANG XINGHUA FURNITURE CO LTD CA7 92337,202245,ZHEJIANG XINGHUA FURNITURE CO LTD,APS,1.0,1.0,1.0,9.0,8.0,-1.0,0.9733600036368596,58.6,Toledo,,,,,,,,,,,,,,,,,,,,,,False,False
278562,OutHome Furni Inc CA 91730,266447,OutHome Furni Inc,APS Outdoor,1.0,1.0,1.0,11.0,6.0,-5.0,0.90501968503937,193.0,Chicago,,,,,,,,,,,,,,,,,,,,,,False,False
278602,ASCREATE INC. CA 91730,271202,ASCREATE INC.,Upholstery,1.0,1.0,1.0,9.0,8.0,-1.0,0.9888278223263356,24.8,West Columbus,,,,,,,,,,,,,,,,,,,,,,False,False
305983,GOKING INTERNATIONAL TRADING LIMITED CA 92337,102928,GOKING INTERNATIONAL TRADING LIMITED,APS,1.0,0.0,1.0,7.0,5.0,-2.0,0.9794169003650987,38.9,Maple Grove,,,,,,,,,,,,,,,,,,,,,,False,False
306419,BEHR SALES LLC CA 91730,209848,BEHR SALES LLC,Upholstery,1.0,1.0,1.0,9.0,9.0,0.0,0.9934769823023044,12.2,Minneapolis,,,,,,,,,,,,,,,,,,,,,,False,False
306504,BH RS Inc CA,59821,BH RS Inc,Hardware,1.0,1.0,1.0,7.0,6.0,-1.0,0.9341015791720017,154.4,Columbus,,,,,,,,,,,,,,,,,,,,,,False,False
306689,Foshan City Youhong Home Furniture Co Ltd CA 91730,275213,Foshan City Youhong Home Furniture Co Ltd,APS,1.0,1.0,1.0,8.0,6.0,-2.0,0.9841917628295338,33.7,Northern Kentucky,,,,,,,,,,,,,,,,,,,,,,False,False
306891,shaoxingjiayongdianzishangwuyouxiangongsi CA 92410,306887,shaoxingjiayongdianzishangwuyouxiangongsi,Wayfair,1.0,1.0,1.0,10.0,8.0,-2.0,0.9504099378881988,99.8,Chicago,,,,,,,,,,,,,,,,,,,,,,False,False
307377,MINDRAY INTERNATIONAL LIMITED CA 92335,307364,MINDRAY INTERNATIONAL LIMITED,Wayfair,1.0,0.0,0.0,8.0,10.0,2.0,0.922024903041437,152.8,Nashville,,,,,,,,,,,,,,,,,,,,,,False,False
307646,ningbo dreamer trading co ltd CA 91710,62261,ningbo dreamer trading co ltd,APS,1.0,1.0,1.0,10.0,7.0,-3.0,0.9265767179165358,140.4,Cedar Rapids,,,,,,,,,,,,,,,,,,,,,,False,False
308018,Zhejiang Hengjian Home Furnishing WA 98424,58415,HENGJIAN HOME FURNISHING (HONG KONG) LIMITED_1,APS,1.0,1.0,1.0,7.0,6.0,-1.0,0.9431347096017754,135.8,Columbus,,,,,,,,,,,,,,,,,,,,,,False,False
433912,"LINHAI CHANGZHEN LEISURE PRODUCT CO.,LTD CA 92879",101948,"LINHAI CHANGZHEN LEISURE PRODUCT CO.,LTD",APS Outdoor,1.0,1.0,1.0,12.0,7.0,-5.0,0.9799522915292087,39.5,Chicago,,,,,,,,,,,,,,,,,,,,,,False,False
60322,WeiMang CA 91710,58346,WeiMang,APS,1.0,1.0,1.0,8.0,6.0,-2.0,0.904788838612368,202.0,Northern Kentucky,,,,,,,,,,,,,,,,,,,,,,False,False
61128,"Wenzhou Bomei Sanitary Ware Co., Ltd",61128,"Wenzhou Bomei Sanitary Ware Co., Ltd",APS Home Improvement,1.0,1.0,1.0,7.0,7.0,0.0,0.9595892237930115,90.9,Toledo,,,,,,,,,,,,,,,,,,,,,,False,False
62163,Ardmore Home Design,62163,Ardmore Home Design,PG Decor,1.0,1.0,1.0,8.0,7.0,-1.0,0.9370874493558521,138.2,Toledo,,,,,,,,,,,,,,,,,,,,,,False,False
62676,KaiMeiChen CA 91761,62219,Oneinmil Inc_1,APS,1.0,1.0,0.0,6.0,7.0,1.0,1.0,0.0,North St.Louis,,,,,,,,,,,,,,,,,,,,,,False,False
63687,Dilon Inc CA 91789,59502,Dilon Inc,APS,1.0,1.0,1.0,10.0,10.0,0.0,0.9911934805467928,13.4,Omaha,,,,,,,,,,,,,,,,,,,,,,False,False
64162,Creative Scents USA Inc CA 92316,13480,Creative Scents USA Inc,Storage & Org - Frequency,1.0,1.0,1.0,10.0,9.0,-1.0,0.9433230152155905,130.0,West Columbus,,,,,,,,,,,,,,,,,,,,,,False,False
285418,Weilianda Home LLC CA 91708,213266,Weilianda Home LLC,APS Upholstery,1.0,1.0,1.0,8.0,6.0,-2.0,0.9858835391983867,28.0,Chicago,,,,,,,,,,,,,,,,,,,,,,False,False
433546,IRHOMA CO CA 91761,304218,IRHOMA CO,Youth Furniture & Decor,1.0,1.0,1.0,8.0,3.0,-5.0,0.9770195596877467,52.4,Van Buren Rsf,,,,,,,,,,,,,,,,,,,,,,False,False
433578,shenzhenshi zhiaokeji youxiangongsi CA 91730,101372,shenzhenshi zhiaokeji youxiangongsi,APS Home Improvement,1.0,1.0,1.0,11.0,11.0,0.0,0.9727795846885163,54.4,Chicago,,,,,,,,,,,,,,,,,,,,,,False,False
433612,quanzhouzhendazhongwangluokejiyouxiangongsi CA 92337,361929,quanzhouzhendazhongwangluokejiyouxiangongsi,APS Decor,1.0,1.0,1.0,12.0,7.0,-5.0,0.9897446521986845,19.8,East Carol Stream,,,,,,,,,,,,,,,,,,,,,,False,False
433686,"Fuzhou Xiaohao Er Trading Co., Ltd. CA 91730",410366,"Fuzhou Xiaohao Er Trading Co., Ltd.",APS Housewares & More,1.0,0.0,0.0,10.0,11.0,1.0,0.9931069437404968,13.6,Chicago,,,,,,,,,,,,,,,,,,,,,,False,False
433693,GRFFINHOME INTERIORS LLC CA 92337,332776,GRFFINHOME INTERIORS LLC,Casegoods,1.0,1.0,1.0,12.0,10.0,-2.0,0.8991682400367403,197.6,North St.Louis,,,,,,,,,,,,,,,,,,,,,,False,False
433770,quanzhouzhendazhongwangluokejiyouxiangongsi CA 91731,361929,quanzhouzhendazhongwangluokejiyouxiangongsi,APS Decor,1.0,1.0,1.0,9.0,9.0,0.0,0.878692604964957,185.2,Lenexa,,,,,,,,,,,,,,,,,,,,,,False,False
433861,LINHAI JUNCHENG LEISURE PRODUCTS CO.LTD CA 92879,44498,LINHAI JUNCHENG LEISURE PRODUCTS CO.LTD,APS Outdoor,1.0,1.0,0.0,8.0,9.0,1.0,0.9494047619047619,93.5,St. Paul,,,,,,,,,,,,,,,,,,,,,,False,False
433867,"Juncheng Leisure Products Co.,LTD AL 92879",122290,"Juncheng Leisure Products Co.,LTD",APS Outdoor,1.0,1.0,1.0,9.0,8.0,-1.0,0.964806905143264,79.1,Toledo,,,,,,,,,,,,,,,,,,,,,,False,False
438468,Nefelt home inc CA 92324,219599,Nefelt home inc,APS Home Improvement,1.0,1.0,0.0,7.0,8.0,1.0,0.9902080783353733,18.4,New Brighton Ncpc,,,,,,,,,,,,,,,,,,,,,,False,False
438525,"Ningbo Weifu Electronic Commerce Co., Ltd. CA 92571",60688,"Ningbo Weifu Electronic Commerce Co., Ltd.",APS AEOF,1.0,1.0,1.0,9.0,8.0,-1.0,0.9888026346741943,23.8,Northern Kentucky,,,,,,,,,,,,,,,,,,,,,,False,False
438830,VOMINZ LIMITED CA 91710,289539,VOMINZ LIMITED,Plumbing,1.0,1.0,1.0,7.0,7.0,0.0,0.9838420107719928,31.5,Chicago,,,,,,,,,,,,,,,,,,,,,,False,False
439005,"Zhejiang Kexiong Intelligent Technology Co., Ltd CA 92374",346547,"Zhejiang Kexiong Intelligent Technology Co., Ltd",APS Home Improvement,1.0,1.0,1.0,9.0,7.0,-2.0,0.9917032183057655,15.7,Maple Grove,,,,,,,,,,,,,,,,,,,,,,False,False
439009,"Guang Dong Kosmo Smart Home Devices Co., Ltd. CA 92374",266462,"Guang Dong Kosmo Smart Home Devices Co., Ltd.",APS Decor,1.0,1.0,1.0,9.0,8.0,-1.0,0.9176654507556019,158.0,Romeoville Rsf,,,,,,,,,,,,,,,,,,,,,,False,False
439030,"Suzhou Roadpal Tech Co.,Ltd CA 91752",439012,"Suzhou Roadpal Tech Co.,Ltd",Wayfair,1.0,1.0,1.0,11.0,5.0,-6.0,0.9889780835881754,17.3,Springfield,,,,,,,,,,,,,,,,,,,,,,False,False
439257,"Guangdong Tuni Electric Technology Co., Ltd CA 91739",359826,"Guangdong Tuni Electric Technology Co., Ltd",APS Housewares & More,1.0,1.0,1.0,10.0,8.0,-2.0,0.9959207723337715,9.0,West Columbus,,,,,,,,,,,,,,,,,,,,,,False,False
439334,"Xiangyang Xuexin Trading Co., Ltd. CA 92337-8200",431412,"Xiangyang Xuexin Trading Co., Ltd.",Decor,1.0,1.0,1.0,8.0,8.0,0.0,0.9871447543160691,24.2,Maple Grove,,,,,,,,,,,,,,,,,,,,,,False,False
437343,Ornative Tableware CA  90220 ,47753,Ornative Tableware,Tabletop,1.0,1.0,1.0,9.0,8.0,-1.0,0.9823443848121582,35.2,Chicago,,,,,,,,,,,,,,,,,,,,,,False,False
437583,"H2o Labs, Inc. CA 91761",356224,"H2o Labs, Inc.",Casegoods,1.0,1.0,1.0,12.0,6.0,-6.0,0.9100723366944323,164.1,Chicago,,,,,,,,,,,,,,,,,,,,,,False,False
437744,shenzhenshijiekejiekejiyouxiangongsi CA 91761,366208,shenzhenshijiekejiekejiyouxiangongsi,APS Pet,1.0,1.0,1.0,9.0,6.0,-3.0,1.0,0.0,Rapid City,,,,,,,,,,,,,,,,,,,,,,False,False
438012,Zhongshanshi yaoyao zhaoming keji youxian gongsi CA  91752 ,370274,Zhongshanshi yaoyao zhaoming keji youxian gongsi,Lighting,1.0,1.0,1.0,10.0,7.0,-3.0,0.9896145209580839,22.2,Northern Kentucky,,,,,,,,,,,,,,,,,,,,,,False,False
438188,"Ningbo Yuxun E-commerce Co., Ltd. CA 92571",400043,"Ningbo Yuxun E-commerce Co., Ltd.",APS AEOF,1.0,1.0,1.0,7.0,7.0,0.0,0.899484807065503,191.2,North St.Louis,,,,,,,,,,,,,,,,,,,,,,False,False
438286, Surego Warehouse,266989,HOME LIGHTING GALLERY INC.,APS Home Improvement,1.0,1.0,1.0,8.0,7.0,-1.0,0.9926440746753247,14.5,Mokena,,,,,,,,,,,,,,,,,,,,,,False,False
438356,dongguanshiliqiangwangluokejiyouxiangongsi CA 91761,438068,dongguanshiliqiangwangluokejiyouxiangongsi,Wayfair,1.0,1.0,1.0,11.0,8.0,-3.0,0.992341192371227,15.3,Bedford Park,,,,,,,,,,,,,,,,,,,,,,False,False
438449,VD IMPORTERS INC. CA 91730,369404,VD IMPORTERS INC.,Upholstery,1.0,1.0,1.0,8.0,7.0,-1.0,0.9022418439309673,170.5,Olive Branch,,,,,,,,,,,,,,,,,,,,,,False,False
434462,ganzhouzhuhulingmaoyiyouxiangongsi CA 91762,369957,ganzhouzhuhulingmaoyiyouxiangongsi,APS AEOF,1.0,1.0,0.0,7.0,8.0,1.0,0.9872241579558653,24.2,Maple Grove,,,,,,,,,,,,,,,,,,,,,,False,False
434533,"Xuzhou Abosi Network Technology Co., Ltd CA 92376",354350,"Xuzhou Abosi Network Technology Co., Ltd",APS Decor,1.0,1.0,1.0,12.0,10.0,-2.0,0.9928823255504556,10.7,Omaha,,,,,,,,,,,,,,,,,,,,,,False,False
435278,"Xinyun Keji (Shanghai) Trading Co., Ltd. CA 92337",358408,"Xinyun Keji (Shanghai) Trading Co., Ltd.",APS Soft Home,1.0,1.0,1.0,11.0,6.0,-5.0,0.9926030846710734,14.1,New Brighton Ncpc,,,,,,,,,,,,,,,,,,,,,,False,False
435307,Anji Hongqiang furniture Co LTD CA 92376,241167,Anji Hongqiang furniture Co LTD,APS K&D,1.0,1.0,1.0,8.0,8.0,0.0,0.987385819921705,29.0,Gaylord,,,,,,,,,,,,,,,,,,,,,,False,False
435527,zhengzhouwuxiadaowangluokejiyouxiangongsi CA 92880,424522,zhengzhouwuxiadaowangluokejiyouxiangongsi,Casegoods,1.0,1.0,1.0,9.0,6.0,-3.0,0.9851487632331545,29.6,South Chicago,,,,,,,,,,,,,,,,,,,,,,False,False
436060,LeCang LCCA5,297013,"Ningbo Yubo Technology Co., Ltd.",APS AEOF,1.0,0.0,1.0,10.0,9.0,-1.0,0.9833061150426419,36.8,Toledo,,,,,,,,,,,,,,,,,,,,,,False,False
436207,LTMATE GLOBAL INC. CA 92410,50414,LTMATE GLOBAL INC.,APS Home Improvement,1.0,0.0,1.0,8.0,7.0,-1.0,0.9904945117121196,16.8,North St.Louis,,,,,,,,,,,,,,,,,,,,,,False,False
437170,Decoauthentico Inc. CA 91730,76268,Decoauthentico Inc.,APS Housewares & More,1.0,1.0,1.0,9.0,3.0,-6.0,0.9291591606212571,145.5,Northern Kentucky,,,,,,,,,,,,,,,,,,,,,,False,False
278778,ACG Green CA 92337,6890,ACG Green,Upholstery,1.0,1.0,1.0,7.0,7.0,0.0,0.8656709975396037,311.2,Toledo,,,,,,,,,,,,,,,,,,,,,,False,False
279092,"Ningbo Detaike Trading Co., Ltd. CA 95838",279037,"Ningbo Detaike Trading Co., Ltd.",APS Outdoor,1.0,1.0,1.0,10.0,6.0,-4.0,0.9926082970433188,12.9,Lenexa,,,,,,,,,,,,,,,,,,,,,,False,False
279426,LORDEAR CA 95688,58377,LORDEAR,APS,1.0,1.0,1.0,12.0,9.0,-3.0,0.9899292550977945,24.2,Columbus,,,,,,,,,,,,,,,,,,,,,,False,False
280050,Fuzhou Zhuojie E-commerce Co. CA 92336,254724,Fuzhou Zhuojie E-commerce Co.,APS,1.0,1.0,1.0,11.0,9.0,-2.0,0.9922376474100612,10.4,Wichita,,,,,,,,,,,,,,,,,,,,,,False,False
280354,Comptree Inc CA 91761(4),8574,Comptree Inc,APS,1.0,1.0,1.0,10.0,8.0,-2.0,0.9434400706418181,121.7,Greenwood,,,,,,,,,,,,,,,,,,,,,,False,False
280560,Impact Outdoor Supplies Ltd. GA 31408 ,220960,Impact Outdoor Supplies Ltd.,Casegoods,1.0,1.0,1.0,7.0,4.0,-3.0,0.46869323645688643,994.5,Richmond Hill Ncpc,,,,,,,,,,,,,,,,,,,,,,False,False
65271,Apex Entertainment CA 91789,61844,Apex Entertainment,Plumbing,1.0,1.0,1.0,8.0,7.0,-1.0,0.9869992972593112,25.9,Chicago,,,,,,,,,,,,,,,,,,,,,,False,False
59962,Auxley CA 91744,49741,"ShenyangHaimaotongInformationTechnologyCo.,Ltd",APS Home Improvement,1.0,1.0,1.0,9.0,7.0,-2.0,0.9506050876759694,100.0,Mccook,,,,,,,,,,,,,,,,,,,,,,False,False
281531,"Guangzhou Luotan Tradding Co,. Ltd CA 91789",273145,CHUEN WAI TRADING (HK) LIMITED,Plumbing,1.0,1.0,1.0,11.0,10.0,-1.0,0.99454799036389,8.6,Lenexa Local,,,,,,,,,,,,,,,,,,,,,,False,False
281536, BCF_CA_US 92337,205460,nzhenshijishangshangmaoyouxiangongsi,APS Youth,1.0,1.0,1.0,10.0,9.0,-1.0,0.947710154964938,120.8,Toledo,,,,,,,,,,,,,,,,,,,,,,False,False
282051,CA-Rancho Cucamonga-91730,272180,Plexi Digi Inc,Soft Home,1.0,1.0,1.0,12.0,3.0,-9.0,0.9015232420886965,175.2,Champaign,,,,,,,,,,,,,,,,,,,,,,False,False
282336,VOLBAL LTD CA 92337,274443,VOLBAL LTD,Plumbing,1.0,1.0,1.0,9.0,6.0,-3.0,0.9959720161119356,7.6,New Brighton Ncpc,,,,,,,,,,,,,,,,,,,,,,False,False
282447,"Netvue Technologies Co., Ltd. CA 92324",282208,"Netvue Technologies Co., Ltd.",APS Youth,1.0,1.0,1.0,9.0,7.0,-2.0,0.9596607260059574,79.9,Mccook,,,,,,,,,,2.0,1.0,1.0,8.0,6.0,-2.0,0.4292165618023137,1124.9,Princeton,,,,False,True
282629,COPE-CA-02,244072,Terra Feed Me Inc,APS,1.0,1.0,1.0,7.0,6.0,-1.0,0.995190380761523,7.2,Omaha,,,,,,,,,,,,,,,,,,,,,,False,False
282820,foshanshichaqujiajuyouxiangongsi CA 92337,282781,foshanshichaqujiajuyouxiangongsi,Wayfair,1.0,1.0,1.0,10.0,9.0,-1.0,0.9928994082840237,15.6,West Columbus,,,,,,,,,,,,,,,,,,,,,,False,False
282968,Trans Globe Lighting TX 77090,3137,Trans Globe Lighting,Lighting,1.0,1.0,1.0,7.0,4.0,-3.0,0.9397703188920105,122.2,Chicago,,,,,,,,,,,,,,,,,,,,,,False,False
443261,LA15.,443024,"Dongguan Yanmu Crafts Co., Ltd.",Wayfair,1.0,1.0,1.0,8.0,7.0,-1.0,0.9715808973026702,62.9,Toledo,,,,,,,,,,,,,,,,,,,,,,False,False
304928,Kaiping Xinghui Kitchen & Bath CA 91730,289463,"Kaiping Xinghui Kitchen & Bath Co., Ltd.",APS,1.0,1.0,1.0,7.0,7.0,0.0,0.8991682400367403,197.6,North St.Louis,,,,,,,,,,,,,,,,,,,,,,False,False
305124,Soueeum CA 91730,64708,Soueeum,APS,1.0,1.0,1.0,9.0,8.0,-1.0,0.9785299318009598,42.5,South Chicago,,,,,,,,,,,,,,,,,,,,,,False,False
305127,GOBEYONDWF INC CA 92337 (2),105692,GOBEYONDWF INC,APS,1.0,1.0,1.0,10.0,9.0,-1.0,0.987905077825976,23.7,Romeoville Ncpc,,,,,,,,,,,,,,,,,,,,,,False,False
305292,Titamore CA 91730,62451,Titamore,APS,1.0,1.0,1.0,10.0,6.0,-4.0,0.9262793981594195,151.4,Northern Kentucky,,,,,,,,,,,,,,,,,,,,,,False,False
305301,Eqloo CA 91730,65214,Eqloo,APS,1.0,1.0,1.0,9.0,8.0,-1.0,0.984172077922078,31.2,Chicago,,,,,,,,,,,,,,,,,,,,,,False,False
305844,ningjinxiannuojiejiajuyouxiangongsi CA 92337 (3),305799,ningjinxiannuojiejiajuyouxiangongsi,Wayfair,1.0,0.0,1.0,9.0,9.0,0.0,0.9826037871401446,33.9,Chicago,,,,,,,,,,,,,,,,,,,,,,False,False
305852,ningjinxiannuojiejiajuyouxiangongsi CA 91761 (2),305799,ningjinxiannuojiejiajuyouxiangongsi,Wayfair,1.0,1.0,1.0,8.0,8.0,0.0,0.9913788571728959,16.4,New Brighton Ncpc,,,,,,,,,,,,,,,,,,,,,,False,False
442382,Hangzhouduomitefangzhikejiyouxiangongsi CA 90640,289956,Hangzhouduomitefangzhikejiyouxiangongsi,APS Soft Home,1.0,0.0,1.0,11.0,9.0,-2.0,0.9418241879243897,126.8,Greenwood,,,,,,,,,,,,,,,,,,,,,,False,False
442385,"Xiangyang Xuexin Trading Co., Ltd. CA 91761-2930",431412,"Xiangyang Xuexin Trading Co., Ltd.",APS Decor,1.0,1.0,1.0,11.0,11.0,0.0,0.9945918822479929,9.7,North St.Louis,,,,,,,,,,,,,,,,,,,,,,False,False
442585,xiamenshichubangzhukejiyouxiangongsi CA 91762,370411,xiamenshichubangzhukejiyouxiangongsi,APS Decor,1.0,1.0,1.0,10.0,9.0,-1.0,0.9954188481675393,9.1,Niles,,,,,,,,,,,,,,,,,,,,,,False,False
442864,quanwuyoupinkeji(shenzhen)youxiangongsi CA 92376,441827,quanwuyoupinkeji(shenzhen)youxiangongsi,Wayfair,1.0,1.0,1.0,10.0,7.0,-3.0,0.9317904993909866,140.0,Northern Kentucky,,,,,,,,,,,,,,,,,,,,,,False,False
442930,Waya Home (HK) Limited CA 92337,414944,Waya Home (HK) Limited,APS Mattresses,1.0,0.0,0.0,8.0,9.0,1.0,0.9802512562814071,39.3,Chicago,,,,,,,,,,,,,,,,,,,,,,False,False
443000,Cofere lnterior LLC CA 92337-7129,88628,Cofere lnterior LLC,APS Home Improvement,1.0,1.0,1.0,10.0,9.0,-1.0,0.9492334247131688,100.0,New Brighton Ncpc,,,,,,,,,,,,,,,,,,,,,,False,False
443002,CA001,209429,Breanna Decor Inc,Upholstery,1.0,1.0,1.0,11.0,9.0,-2.0,0.9865955677315199,27.4,North Milwaukee,,,,,,,,,,,,,,,,,,,,,,False,False
443210,zhongshanoudemaoyiyouxiangongsi CA 92879,249589,CRYSTALLINE INTERNATIONAL LIMITED,APS Home Improvement,1.0,1.0,1.0,8.0,8.0,0.0,0.9735988421420372,52.9,Chicago,,,,,,,,,,,,,,,,,,,,,,False,False
439419,Mossy Laundromat Inc CA 92376,266772,Mossy Laundromat Inc,APS K&D,1.0,1.0,1.0,7.0,7.0,0.0,0.9003014972660842,195.1,North St.Louis,,,,,,,,,,,,,,,,,,,,,,False,False
439511,hangzhououyiguojimaoyiyouxiangongsi CA 92337,96970,hangzhououyiguojimaoyiyouxiangongsi,APS Upholstery,1.0,1.0,1.0,11.0,8.0,-3.0,0.8320184089414858,357.7,Romeoville Ncpc,,,,,,,,,,,,,,,,,,,,,,False,False
440351,ZHIMAO STAR TECHNOLOGY LIMITED CA 92377(2),440338,ZHIMAO STAR TECHNOLOGY LIMITED,Wayfair,1.0,1.0,1.0,10.0,9.0,-1.0,0.9450925275240103,117.2,Greenwood,,,,,,,,,,,,,,,,,,,,,,False,False
441082,foshanshi fujiamao yiyouxiangongsi CA 91708,104006,foshanshi fujiamao yiyouxiangongsi,APS Home Improvement,1.0,1.0,1.0,12.0,10.0,-2.0,0.9247171680308638,144.4,North St.Louis,,,,,,,,,,,,,,,,,,,,,,False,False
441391,si chuan hui li shang mao you xian gong si CA 91761,441342,si chuan hui li shang mao you xian gong si,Wayfair,1.0,1.0,1.0,15.0,7.0,-8.0,0.9928618083418866,15.3,West Chester,,,,,,,,,,,,,,,,,,,,,,False,False
441926,ENSHINES INC CA 91762,413571,ENSHINES INC,APS Bedroom,1.0,1.0,1.0,7.0,7.0,0.0,0.9876838401154922,27.3,West Columbus,,,,,,,,,,,,,,,,,,,,,,False,False
442015,shenzhenshizexijiakejiyouxiangongsi CA 91761,436684,shenzhenshizexijiakejiyouxiangongsi,Wayfair,1.0,0.0,0.0,9.0,10.0,1.0,0.8749786019971469,219.1,Kansas City,,,,,,,,,,,,,,,,,,,,,,False,False
442195,Haotiangroup CA 92410,38167,Haotiangroup,APS Housewares & More,1.0,1.0,1.0,9.0,3.0,-6.0,0.9917854064195527,16.2,Chicago,,,,,,,,,,,,,,,,,,,,,,False,False
54814,14Karat Home Inc. TX 76104,21718,Karat Home Inc (14 Karat),APS Upholstery,1.0,0.0,1.0,7.0,5.0,-2.0,0.9179516270434738,159.1,Champaign,,,,,,,,,,,,,,,,,,,,,,False,False
55962,COMPHOME.CORP CA 92337,39423,COMPHOME.CORP,Youth Furniture & Decor,1.0,1.0,1.0,8.0,6.0,-2.0,0.9874445149017121,19.8,Lenexa,,,,,,,,,,,,,,,,,,,,,,False,False
56406,Macally,56406,Macally,APS Home Improvement,1.0,1.0,1.0,10.0,10.0,0.0,0.993008764375095,13.8,Chicago,,,,,,,,,,,,,,,,,,,,,,False,False
56578,General Sherman International Inc. CA 92337,49636,General Sherman International Inc.,APS,1.0,0.0,1.0,8.0,8.0,0.0,0.9571688784803539,82.3,Chicago,,,,,,,,,,,,,,,,,,,,,,False,False
57273,Unicorn Tile Corp,57273,Unicorn Tile Corp,Flooring,1.0,1.0,1.0,9.0,7.0,-2.0,0.9933726067746685,14.4,Northern Kentucky,,,,,,,,,,,,,,,,,,,,,,False,False
57364,King Electrical Manufacturing Co.,57364,King Electrical Manufacturing Co.,Appliances,1.0,1.0,1.0,10.0,10.0,0.0,0.9143931019235021,193.6,Chicago,,,,,,,,,,,,,,,,,,,,,,False,False
57468,Brightening House Inc CA91761 (2),51814,Brightening House Inc,APS,1.0,1.0,1.0,8.0,7.0,-1.0,0.960236289895962,90.2,Toledo,,,,,,,,,,,,,,,,,,,,,,False,False
445187,LA17.,443024,"Dongguan Yanmu Crafts Co., Ltd.",Casegoods,1.0,1.0,1.0,10.0,10.0,0.0,0.9921231161498884,17.3,Toledo Local,,,,,,,,,,,,,,,,,,,,,,False,False
445071,"Hebei Ou Nuo De Industrial Co., Ltd. CA 91730",320644,"Hebei Ou Nuo De Industrial Co., Ltd.",APS Outdoor,1.0,1.0,1.0,8.0,7.0,-1.0,0.975844672068491,47.4,South Chicago,,,,,,,,,,,,,,,,,,,,,,False,False
51640,The Home Beyond CA 95776,50717,The Home Beyond,APS,1.0,1.0,1.0,9.0,5.0,-4.0,0.930405075646657,142.6,Champaign,,,,,,,,,,,,,,,,,,,,,,False,False
51854,LLYTech Inc. TX 77099,10909,LLYTech Inc.,APS SEA,1.0,1.0,0.0,5.0,6.0,1.0,0.94083046490349,135.8,Columbus,,,,,,,,,,,,,,,,,,,,,,False,False
53046,GloryWisdomCorp.,53046,GloryWisdomCorp.,Rugs,1.0,1.0,0.0,6.0,7.0,1.0,0.9884239652154272,20.5,North St.Louis,,,,,,,,,,,,,,,,,,,,,,False,False
53167,Poundex Associates Corporation CA ,7327,Poundex Associates Corporation,Upholstery,1.0,1.0,1.0,9.0,7.0,-2.0,0.9865223708602635,26.9,Mccook,,,,,,,,,,,,,,,,,,,,,,False,False
53787,Comfort Pointe NC,12210,Comfort Pointe,Upholstery,1.0,1.0,1.0,7.0,4.0,-3.0,0.9719344130369179,55.8,Duluth,,,,,,,,,,,,,,,,,,,,,,False,False
54170,Universal Connect Wholesale LLC CLN1,50489,Universal Connect Wholesale LLC,Kitchen & Small Electrics,1.0,1.0,1.0,12.0,11.0,-1.0,0.97456463927254,59.3,Toledo,,,,,,,,,,,,,,,,,,,,,,False,False
54799,Lloyd Pans,54799,Lloyd Pans,Kitchen & Small Electrics,1.0,1.0,1.0,5.0,4.0,-1.0,0.9719491035280509,48.5,Romeoville Ncpc,,,,,,,,,,,,,,,,,,,,,,False,False
443869,Breanna Decor Inc CA7,209429,Breanna Decor Inc,Upholstery,1.0,1.0,1.0,8.0,8.0,0.0,0.9102371800881223,191.5,Toledo,,,,,,,,,,,,,,,,,,,,,,False,False
444034,Liangcang-CA-01,63465,"Ningbo Youyuan Import and Export Co., Ltd.",APS Home Improvement,1.0,1.0,1.0,9.0,7.0,-2.0,0.9914935975747703,18.8,Columbus,,,,,,,,,,,,,,,,,,,,,,False,False
444170,RUIAN INC CA 90703,92999,RUIAN INC,APS Upholstery,1.0,0.0,1.0,7.0,7.0,0.0,0.9848540241291064,29.0,Maple Grove,,,,,,,,,,,,,,,,,,,,,,False,False
444209,UK HONBAY LIMITED CA 91761(2),409190,UK HONBAY LIMITED,Upholstery,1.0,1.0,1.0,8.0,7.0,-1.0,0.9774467492691077,48.6,Northern Kentucky,,,,,,,,,,,,,,,,,,,,,,False,False
444528,Graceful Garments LLC CA 91730,269964,Graceful Garments LLC,APS Upholstery,1.0,1.0,1.0,8.0,8.0,0.0,0.9944127835512347,10.0,North St.Louis,,,,,,,,,,,,,,,,,,,,,,False,False
444710,suzhoukunshanshiyizemaoyiyouxiangongsi CA 92337,370502,suzhoukunshanshiyizemaoyiyouxiangongsi,APS Upholstery,1.0,1.0,1.0,9.0,8.0,-1.0,0.963119167264896,82.2,Toledo,1.0,1.0,1.0,9.0,7.0,-2.0,0.5069894878103333,881.7,King Of Prussia,,,,,,,,,,0.0,0.0,-1.0,True,False
445047,TURVISION INC CA 91762,439102,TURVISION INC,APS Housewares & More,1.0,1.0,1.0,8.0,8.0,0.0,0.9748371948788375,56.8,Toledo,,,,,,,,,,,,,,,,,,,,,,False,False
445055,"Xuzhou Abosi Network Technology Co., Ltd CA 91733",354350,"Xuzhou Abosi Network Technology Co., Ltd",APS Decor,1.0,1.0,1.0,12.0,11.0,-1.0,0.9924841331700256,13.5,North St.Louis,,,,,,,,,,,,,,,,,,,,,,False,False
283243,ONOTIM LTD CA 91730(2),271948,ONOTIM LTD,Outdoor Structures,1.0,1.0,1.0,9.0,8.0,-1.0,0.9577364534211229,95.0,Toledo,,,,,,,,,,,,,,,,,,,,,,False,False
283539,"Shenzhen Aoqi Technology CO., Ltd CA 91748",281792,"Shenzhen Aoqi Technology CO., Ltd",APS K&D,1.0,1.0,1.0,8.0,7.0,-1.0,0.9522266856723252,110.6,Columbus,,,,,,,,,,,,,,,,,,,,,,False,False
283550,QuanZhou Hailun GongYiPin YouXian GongSi CA 92336,236373,"Quanzhou Jianyi Horticulture Co., Ltd",APS Decor,1.0,0.0,0.0,8.0,9.0,1.0,0.9776369735370853,42.0,Maple Grove,,,,,,,,,,,,,,,,,,,,,,False,False
283779,Guang Dong Kosmo Smart Home Devices Co.CA 91761 ,266462,"Guang Dong Kosmo Smart Home Devices Co., Ltd.",APS Youth,1.0,1.0,1.0,13.0,10.0,-3.0,0.9880042516576403,23.7,South Chicago,,,,,,,,,,,,,,,,,,,,,,False,False
284054,Victory Relax Furniture LLC CA 91761,265358,Victory Relax Furniture LLC,APS,1.0,1.0,1.0,7.0,7.0,0.0,0.9934736416067995,12.9,Chicago,,,,,,,,,,,,,,,,,,,,,,False,False
284181,hefeituotuwangluokejiyouxaingongsi CA 92346,284178,hefeituotuwangluokejiyouxaingongsi,Wayfair,1.0,1.0,1.0,10.0,10.0,0.0,0.9908689697154163,18.0,Chicago,,,,,,,,,,,,,,,,,,,,,,False,False
284475,CAFQ2-HGHW CA 91789,63897,HIGOLD USA CORPORATION,APS Outdoor,1.0,1.0,1.0,11.0,6.0,-5.0,0.970798384591488,56.4,Rosemount,,,,,,,,,,1.0,1.0,1.0,9.0,3.0,-6.0,0.5995062474808546,794.9,Fairless Hills,,,,False,True
443824,Foshanshimulianshangmaoyouxiangongsi CA 92337,315161,Foshanshimulianshangmaoyouxiangongsi,APS Bedroom,1.0,1.0,1.0,11.0,6.0,-5.0,1.0,0.0,Rosemount,,,,,,,,,,,,,,,,,,,,,,False,False
449682,Shenzhen XinheTrade Limited Company CA 91761 (5),66040,Shenzhen XinheTrade Limited Company,APS K&D,1.0,1.0,1.0,8.0,6.0,-2.0,0.9915106010835715,19.9,East Cleveland,,,,,,,,,,,,,,,,,,,,,,False,False
449899,KIKO HOME INC CA 91010,89292,KIKO HOME INC,APS Home Improvement,1.0,0.0,0.0,7.0,8.0,1.0,0.9802005012531328,39.5,Chicago,,,,,,,,,,,,,,,,,,,,,,False,False
450090,SUNNY HOME LLC CA 91342,371584,SUNNY HOME LLC,Wayfair,1.0,1.0,1.0,10.0,7.0,-3.0,0.9930222200227644,14.1,Niles,,,,,,,,,,,,,,,,,,,,,,False,False
450152,Guang Zhou Mai Bao Shang Mao You Xian Gong Si CA 92337,450133,Guang Zhou Mai Bao Shang Mao You Xian Gong Si,Wayfair,1.0,1.0,1.0,12.0,6.0,-6.0,0.9976776100496146,4.4,New Brighton Ncpc,,,,,,,,,,,,,,,,,,,,,,False,False
450221,"Wenzhou Qilin Digital Technology Co., Ltd CA 92880",270575,"Wenzhou Qilin Digital Technology Co., Ltd",APS Youth,1.0,1.0,1.0,11.0,7.0,-4.0,0.981833779078569,36.0,Romeoville Ncpc,,,,,,,,,,,,,,,,,,,,,,False,False
450333,"WenZhou Limu Furniture Co,.ltd CA 91710",361185,"WenZhou Limu Furniture Co,.ltd",APS AEOF,1.0,1.0,1.0,11.0,8.0,-3.0,0.965110751972621,73.4,Greenwood,,,,,,,,,,,,,,,,,,,,,,False,False
450400,YC-AW-USCA,61645,COZIO PTY LTD,APS Upholstery,1.0,1.0,1.0,11.0,8.0,-3.0,0.9842180046686289,31.1,Romeoville Ncpc,,,,,,,,,,,,,,,,,,,,,,False,False
450727,USWE-20[洛杉矶20号仓],308237,chongqinghongliyangmaoyiyouxiangongsi,APS K&D,1.0,1.0,1.0,9.0,4.0,-5.0,0.9420988531411754,114.1,South Bend,,,,,,,,,,,,,,,,,,,,,,False,False
47425,"Mozlly, LLC",47425,"Mozlly, LLC",Casegoods,1.0,1.0,1.0,7.0,7.0,0.0,0.9380749574105621,145.4,West Columbus,,,,,,,,,,,,,,,,,,,,,,False,False
47604,Abamerica Corp,47604,Abamerica Corp,Storage & Org - Frequency,1.0,1.0,1.0,8.0,6.0,-2.0,0.9697276452157146,62.8,Romeoville Ncpc,,,,,,,,,,,,,,,,,,,,,,False,False
48988,Gingko Home Furnishings CA,14921,Gingko Home Furnishings,Casegoods,1.0,1.0,1.0,6.0,6.0,0.0,1.0,0.0,Rapid City,,,,,,,,,,,,,,,,,,,,,,False,False
49460,Taiga Furnishings,49460,Taiga Furnishings,Casegoods,1.0,1.0,1.0,7.0,7.0,0.0,0.9843549384183746,32.9,Chicago,,,,,,,,,,,,,,,,,,,,,,False,False
449454,GULUMIAO CA 92374,449439,"NINGBO GULUMIAO TECHNOLOGY  CO., LTD",APS Outdoor,1.0,0.0,0.0,11.0,12.0,1.0,0.9258913412563667,174.6,West Columbus,,,,,,,,,,,,,,,,,,,,,,False,False
449492,foshanshihuanlingshangmaoyouxiangongsi_1 CA 91761,347202,foshanshihuanlingshangmaoyouxiangongsi_1,APS Wayfair Professional,1.0,1.0,1.0,7.0,7.0,0.0,0.9861728395061727,30.8,Columbus,,,,,,,,,,,,,,,,,,,,,,False,False
449537,IWDOO INC. WA 98188-3910,420880,IWDOO INC.,Casegoods,1.0,1.0,1.0,16.0,9.0,-7.0,0.9532116970757312,93.6,Chicago,,,,,,,,,,,,,,,,,,,,,,False,False
449679,Dwelling Dots Ltd CA 91761-8632,308220,Dwelling Dots Ltd,APS Upholstery,1.0,1.0,1.0,9.0,8.0,-1.0,0.8985584623598505,190.0,Chicago,,,,,,,,,,,,,,,,,,,,,,False,False
447726,aipaite(zhongshan)maoyiyouxiangongsi CA 91761,353586,aipaite(zhongshan)maoyiyouxiangongsi,Lighting,1.0,0.0,1.0,11.0,10.0,-1.0,0.9858040136853393,27.8,Chicago,,,,,,,,,,,,,,,,,,,,,,False,False
447905,易仓92707,445199,"J-XIN Trading Co., Limited WayfairDoNotUse_1",Wayfair,1.0,1.0,1.0,8.0,8.0,0.0,0.9768331673567797,44.2,Maple Grove,,,,,,,,,,,,,,,,,,,,,,False,False
448132,hangzhoushiyangjiajuyongpinyouxiangongsi CA 92337,211435,hangzhoushiyangjiajuyongpinyouxiangongsi,APS Outdoor,1.0,1.0,1.0,13.0,8.0,-5.0,0.9971593791214366,5.6,Chicago Loop,,,,,,,,,,,,,,,,,,,,,,False,False
448765,Hu Nan Sui Huo Dian Zi Shang Wu You Xian Ze Ren Gong Si CA 92337,405132,Hu Nan Sui Huo Dian Zi Shang Wu You Xian Ze Ren Gong Si,APS Youth,1.0,1.0,1.0,8.0,8.0,0.0,0.9808449505161222,36.0,Maple Grove,,,,,,,,,,,,,,,,,,,,,,False,False
46519,Amerock KY 40165,15175,Amerock,Hardware,1.0,1.0,1.0,7.0,2.0,-5.0,0.9370288055083453,144.5,Columbus,,,,,,,,,,,,,,,,,,,,,,False,False
46570,Hydeline CA 91752,34494,Hydeline,Upholstery,1.0,1.0,1.0,12.0,12.0,0.0,0.9938861464607581,13.5,West Columbus,,,,,,,,,,,,,,,,,,,,,,False,False
46910,Eileen Grays LLC CA 91761,37865,Eileen Grays LLC,APS Home Improvement,1.0,1.0,1.0,7.0,7.0,0.0,0.9079703736458103,166.5,Champaign,,,,,,,,,,,,,,,,,,,,,,False,False
47067,Aero Way Inc.,47067,Aero Way Inc.,Appliances,1.0,1.0,1.0,8.0,8.0,0.0,0.949534766466517,110.1,Greenwood,,,,,,,,,,,,,,,,,,,,,,False,False
445478,shen zhen shi fu lai en ke ji you xian gong si CA 91761,374727,shen zhen shi fu lai en ke ji you xian gong si,APS Housewares & More,1.0,0.0,0.0,7.0,8.0,1.0,0.9731285988483686,60.2,Toledo,,,,,,,,,,,,,,,,,,,,,,False,False
445716,BANSEY(HK)INTERNATIONAL CO.，LIMITED CA 92335,445262,BANSEY(HK)INTERNATIONAL CO.，LIMITED,Wayfair,1.0,1.0,1.0,9.0,8.0,-1.0,0.9918442752219169,18.1,Columbus,,,,,,,,,,,,,,,,,,,,,,False,False
445718,TOPTENG INTERNATIONAL TARDE INC CA 92337,91618,TOPTENG INTERNATIONAL TARDE INC,APS Outdoor,1.0,1.0,1.0,9.0,7.0,-2.0,0.9549318990196929,103.9,Toledo,,,,,,,,,,,,,,,,,,,,,,False,False
445719,TUOTENG E-BUSINESS INC CA 92337,74234,TUOTENG E-BUSINESS INC,Storage & Org,1.0,1.0,1.0,11.0,11.0,0.0,0.9436088517289953,124.1,Northern Kentucky,,,,,,,,,,,,,,,,,,,,,,False,False
445821,Fast Bay Limited CA 94545,434478,Fast Bay Limited,Decor,1.0,1.0,1.0,11.0,7.0,-4.0,0.982769861227531,37.0,Chicago,,,,,,,,,,,,,,,,,,,,,,False,False
446083,"HANNI, LLC CA 91761",435179,"HANNI, LLC",Mattress,1.0,1.0,1.0,10.0,8.0,-2.0,0.9362626133605825,149.7,Columbus,,,,,,,,,,,,,,,,,,,,,,False,False
446558,RAYMOON LIMITED CA 91730,445334,RAYMOON LIMITED,Wayfair,1.0,1.0,1.0,11.0,11.0,0.0,0.9992024811696942,1.8,Sterling Heights,,,,,,,,,,,,,,,,,,,,,,False,False
446987,"XIAMEN YOUQINGYOUXIN TRADING CO., LTD. CA 91752",431918,"XIAMEN YOUQINGYOUXIN TRADING CO., LTD.",APS Youth,1.0,0.0,1.0,9.0,9.0,0.0,0.9637262169508277,73.4,Chicago,,,,,,,,,,,,,,,,,,,,,,False,False
302740,Lin Hai Guanghe Craft Co CA 90220,295783,"Lin Hai Guanghe Craft Co., Ltd.",Outdoor Structures,1.0,1.0,1.0,9.0,4.0,-5.0,0.9605620447394508,91.5,Toledo,,,,,,,,,,,,,,,,,,,,,,False,False
302753,Global Leisure Inc CA 91752,295302,Global Leisure Inc,Outdoor Furniture,1.0,1.0,1.0,12.0,12.0,0.0,0.9947033358798064,10.4,Romeoville Ncpc,,,,,,,,,,,,,,,,,,,,,,False,False
303021,Grand Leisure Outdoor Product Co. CA 92316,54838,Grand Leisure Outdoor Product Co.,APS Outdoor,1.0,1.0,1.0,10.0,8.0,-2.0,0.9882721264225016,23.6,Greenwood,,,,,,,,,,,,,,,,,,,,,,False,False
303370,NATCOMMERCE INC. CA 90638 ,3737,NATCOMMERCE INC.,Plumbing,1.0,0.0,1.0,12.0,11.0,-1.0,0.9954456733897202,9.1,Chicago,,,,,,,,,,,,,,,,,,,,,,False,False
303427,CM-WE-1,236634,"Shenzhen Na Mo Mei Fashion Design Co., LTD",APS,1.0,1.0,1.0,8.0,8.0,0.0,0.991074748977315,16.8,St. Paul Local,,,,,,,,,,,,,,,,,,,,,,False,False
303521,XY-WE-15,236634,"Shenzhen Na Mo Mei Fashion Design Co., LTD",APS,1.0,1.0,1.0,7.0,7.0,0.0,1.0,0.0,North St.Louis,,,,,,,,,,,,,,,,,,,,,,False,False
303608,InnovateTech Corner Inc CA 92337,292482,InnovateTech Corner Inc,Decor,1.0,1.0,0.0,7.0,8.0,1.0,0.9884959974553358,21.7,New Brighton Ncpc,,,,,,,,,,,,,,,,,,,,,,False,False
304008,GXFCBoutique LLC CA 91710,255183,GXFCBoutique LLC,Casegoods,1.0,0.0,1.0,9.0,8.0,-1.0,0.987382536163024,23.9,New Brighton Ncpc,,,,,,,,,,,,,,,,,,,,,,False,False
300364,shenzhenshidaojiandianziyouxianzerengongsi CA 91748,300362,shenzhenshidaojiandianziyouxianzerengongsi,APS Youth,1.0,1.0,1.0,8.0,7.0,-1.0,0.9566237830319888,99.8,Toledo,,,,,,,,,,,,,,,,,,,,,,False,False
300739,Xiamen Baiyiji Electronic Commerce CA 92337,217450,"Xiamen Baiyiji Electronic Commerce Co., Ltd._1",APS,1.0,1.0,1.0,7.0,7.0,0.0,0.9966175404687122,7.0,Lafayette,,,,,,,,,,,,,,,,,,,,,,False,False
301483,"Minhou Minxing Weaving CO.,Ltd CA 91730(2)",62617,"Minhou Minxing Weaving CO.,Ltd",APS,1.0,1.0,1.0,10.0,9.0,-1.0,0.9962705701365904,8.0,North Cincinnati,,,,,,,,,,,,,,,,,,,,,,False,False
301662,shenzhenwujiexingchuangkejiyouxiangongsi CA 92376,290293,shenzhenwujiexingchuangkejiyouxiangongsi,APS Bedroom,1.0,1.0,1.0,9.0,8.0,-1.0,0.9939270337638794,13.4,Columbus,,,,,,,,,,,,,,,,,,,,,,False,False
301701,shenzhenshipengchengfengmaoyiyouxiangongsi GA 3051,296357,shenzhenshipengchengfengmaoyiyouxiangongsi,APS,1.0,1.0,0.0,4.0,6.0,2.0,0.9960659841745272,8.8,Detroit,,,,,,,,,,,,,,,,,,,,,,False,False
302228,EVCO International CA 90670,1081,EVCO International,Storage & Org - Frequency,1.0,0.0,1.0,12.0,12.0,0.0,0.9091056910569105,167.7,Chicago,,,,,,,,,,,,,,,,,,,,,,False,False
302646,"Shenzhen Kaisinuo Technology Co., LTD. CA 92570 ",71947,"Shenzhen Kaisinuo Technology Co., LTD.",APS Mattresses,1.0,1.0,1.0,7.0,7.0,0.0,0.9832555307489345,33.0,Chicago,,,,,,,,,,,,,,,,,,,,,,False,False
302704,CA 7,201517,HIKING GARDEN LIMITED,APS,1.0,1.0,1.0,8.0,8.0,0.0,0.9383226964499402,123.7,Romeoville Rsf,,,,,,,,,,,,,,,,,,,,,,False,False
453533,Wayli Exchange LLC CA 91710,453514,Wayli Exchange LLC,Wayfair,1.0,1.0,1.0,8.0,7.0,-1.0,0.9903646325335349,15.3,Kansas City Local,,,,,,,,,,,,,,,,,,,,,,False,False
453536,"Future Island Arts and Crafts (Hangzhou) Co., Ltd. CA 95376",453069,"Future Island Arts and Crafts (Hangzhou) Co., Ltd.",Wayfair,1.0,1.0,0.0,4.0,8.0,4.0,0.9719012227283625,58.6,Champaign,,,,,,,,,,,,,,,,,,,,,,False,False
286884,SKC-E-CA-11310CAN,106632,"HONG KONG REST TRADING CO.,LIMITED",APS,1.0,1.0,1.0,9.0,9.0,0.0,0.9125105268082717,187.0,Chicago,,,,,,,,,,,,,,,,,,,,,,False,False
286900,bazhoushidetaijiajuyouxiangongsi CA 91761 (1),286653,bazhoushidetaijiajuyouxiangongsi,Wayfair,1.0,1.0,1.0,10.0,10.0,0.0,0.9259480696959344,173.4,West Columbus,,,,,,,,,,,,,,,,,,,,,,False,False
287491,Allied Plush lnc CA 91752 (2),62525,Allied Plush lnc,APS,1.0,1.0,1.0,7.0,6.0,-1.0,0.9801046577897518,38.4,New Brighton Ncpc,,,,,,,,,,,,,,,,,,,,,,False,False
287593,J Sing LLC CA 91752,56360,J Sing LLC,APS,1.0,1.0,1.0,11.0,10.0,-1.0,0.9953317772590864,7.0,Omaha,,,,,,,,,,,,,,,,,,,,,,False,False
287682,Freedom Life Inc. CA 92336 ,86516,Freedom Life Inc.,APS,1.0,1.0,1.0,16.0,8.0,-8.0,0.9894953547297297,19.9,Maple Grove,,,,,,,,,,,,,,,,,,,,,,False,False
300220,            CA3,299103,Zhongshanhaoshenglai Lighting. LLC,Wayfair,1.0,1.0,1.0,9.0,8.0,-1.0,0.9839813453642217,31.6,Romeoville Ncpc,,,,,,,,,,,,,,,,,,,,,,False,False
450969,LELELINKY INTERNATIONAL LIMITED CA 91752,408925,LELELINKY INTERNATIONAL LIMITED,APS AEOF,1.0,1.0,1.0,10.0,8.0,-2.0,0.9750350631136044,53.4,Northern Kentucky,,,,,,,,,,,,,,,,,,,,,,False,False
451023,ningbodeqizhinengkejiyouxiangongsi CA 91766,403684,ningbodeqizhinengkejiyouxiangongsi,APS Upholstery,1.0,0.0,1.0,9.0,9.0,0.0,0.9910368435276101,19.9,Toledo,,,,,,,,,,,,,,,,,,,,,,False,False
451686,Magics Radiance LLC CA 92879,250721,Magics Radiance LLC,Flooring,1.0,1.0,1.0,9.0,8.0,-1.0,0.9530440730968436,96.1,Chicago,,,,,,,,,,,,,,,,,,,,,,False,False
451760, LA-21[洛杉矶21号仓],290842,Hui Zhou Shi Ting Man Shu Ma You Xian Gong Si,APS Bedroom,1.0,1.0,1.0,8.0,6.0,-2.0,0.9894238033102122,15.4,Lincoln,,,,,,,,,,,,,,,,,,,,,,False,False
451984,Chef Preserve LLC WA 98188,414726,Chef Preserve LLC,Wayfair Professional,1.0,1.0,1.0,14.0,13.0,-1.0,0.9642219007912873,84.1,Toledo,,,,,,,,,,,,,,,,,,,,,,False,False
452229,JiangMenShiDeWeiSiWeiYuKeJiYouXianGongSi CA 91761,370391,JiangMenShiDeWeiSiWeiYuKeJiYouXianGongSi,APS Home Improvement,1.0,1.0,1.0,10.0,10.0,0.0,0.987315799291177,20.4,Kansas City Local,,,,,,,,,,,,,,,,,,,,,,False,False
452818,FXY,451512,MING LAN INTERNATIONAL TECHNOLOGY LIMITED,Wayfair,1.0,1.0,1.0,9.0,8.0,-1.0,0.9953665987780042,9.1,Mccook,,,,,,,,,,,,,,,,,,,,,,False,False
452936,  JL-CA6,452361,WINMATCH GLOBAL (HK) TRADING LIMITED,APS AEOF,1.0,1.0,1.0,10.0,6.0,-4.0,0.9751941869205712,49.5,Romeoville Ncpc,,,,,,,,,,,,,,,,,,,,,,False,False
46459,Trademark Time Company,46459,Trademark Time Company,Decor,1.0,1.0,1.0,9.0,8.0,-1.0,0.9855822196675768,30.1,Greenwood,,,,,,,,,,,,,,,,,,,,,,False,False
37778,Harmonia Living CA 92078,20613,Harmonia Living,PG Outdoor,1.0,1.0,1.0,14.0,8.0,-6.0,0.9980237154150198,3.5,Jefferson City,,,,,,,,,,,,,,,,,,,,,,False,False
38878,Vogue Furniture Direct Inc. CA 91763,30727,Vogue Furniture Direct Inc.,Casegoods,1.0,1.0,1.0,7.0,7.0,0.0,0.9828464759598405,34.0,Chicago,,,,,,,,,,,,,,,,,,,,,,False,False
39225,Enclume WA 98339,175,Enclume,Storage & Org - Frequency,1.0,1.0,1.0,8.0,5.0,-3.0,0.9450229974832943,126.7,Chicago,,,,,,,,,,,,,,,,,,,,,,False,False
39399,Feit Electric,39399,Feit Electric,Lighting,1.0,1.0,1.0,14.0,8.0,-6.0,0.9419680824453449,116.0,Maple Grove,,,,,,,,,,,,,,,,,,,,,,False,False
39811,WHP Associates LLC/Golden State Art CA 94080,38624,WHP Associates LLC/Golden State Art,Decor,1.0,1.0,1.0,11.0,10.0,-1.0,0.9299496876209432,126.7,Cedar Rapids,,,,,,,,,,,,,,,,,,,,,,False,False
40067,Stanza International CA 91710,39410,Stanza International,Flooring,1.0,1.0,1.0,11.0,10.0,-1.0,0.9741471215351812,48.5,Maple Grove,,,,,,,,,,,,,,,,,,,,,,False,False
40360,Cathay Home Inc. NJ,14556,Cathay Home Inc.,Soft Home,1.0,1.0,1.0,9.0,5.0,-4.0,0.9818648018648019,38.9,Northern Kentucky,1.0,1.0,1.0,7.0,3.0,-4.0,0.585223490860683,810.1,Woodbridge,,,,,,,,,,0.0,0.0,-2.0,True,False
455732,YMS HOME INC. CA 91748,401699,YMS HOME INC.,Wayfair,1.0,1.0,1.0,9.0,8.0,-1.0,0.9778778778778778,44.2,South Chicago,,,,,,,,,,,,,,,,,,,,,,False,False
41227,Beverage Factory CA92126,20120,Beverage Factory,Appliances,1.0,0.0,0.0,8.0,12.0,4.0,0.931409434820358,165.9,Columbus,,,,,,,,,,,,,,,,,,,,,,False,False
41687,Martin Furniture CA 92154,170,Martin Furniture,Casegoods,1.0,1.0,1.0,8.0,6.0,-2.0,0.9416068798403573,122.9,Rosemount,,,,,,,,,,,,,,,,,,,,,,False,False
43599,SUNSHINE FURNITURE GROUP INC,43599,SUNSHINE FURNITURE GROUP INC,Casegoods,1.0,1.0,1.0,14.0,12.0,-2.0,0.9970865983524212,5.8,Chicago Loop,,,,,,,,,,,,,,,,,,,,,,False,False
43863,Moda Furnishings CA 91761,39355,Moda Furnishings,Outdoor Furniture,1.0,1.0,1.0,14.0,3.0,-11.0,0.8698459346335382,292.3,South Chicago,,,,,,,,,,,,,,,,,,,,,,False,False
44828,HomeCo Vanity,44828,HomeCo Vanity,Plumbing,1.0,1.0,1.0,8.0,8.0,0.0,0.9963108139266774,8.0,North Cincinnati,,,,,,,,,,,,,,,,,,,,,,False,False
44876,Agraria,44876,Agraria,PG Decor,1.0,1.0,1.0,8.0,8.0,0.0,0.981600598354525,36.9,South Chicago,,,,,,,,,,,,,,,,,,,,,,False,False
46079,Jespet Inc,46079,Jespet Inc,Pet,1.0,1.0,1.0,7.0,7.0,0.0,0.8844430992736076,190.9,Kansas City,,,,,,,,,,,,,,,,,,,,,,False,False
455199,Zhejiang Anji shengan furniture co Ltd CA 92346,451769,Zhejiang Anji shengan furniture co Ltd,Wayfair,1.0,1.0,1.0,9.0,9.0,0.0,0.958880488128399,93.0,Toledo,,,,,,,,,,,,,,,,,,,,,,False,False
455205,taiyuanyunxiangshangmaoyouxiangongsi AL 91730,412284,taiyuanyunxiangshangmaoyouxiangongsi,APS Outdoor,1.0,1.0,1.0,11.0,8.0,-3.0,0.9929262844378258,13.3,Minneapolis,,,,,,,,,,,,,,,,,,,,,,False,False
455336,Living Source International CA 91789-2942,35652,Living Source International,Outdoor Furniture,1.0,0.0,0.0,9.0,10.0,1.0,0.9747209152135805,54.8,Northern Kentucky,,,,,,,,,,,,,,,,,,,,,,False,False
455348,"Ningbo Huaining Technology Co., LTD CA 92407",452279,"Ningbo Huaining Technology Co., LTD",Casegoods,1.0,1.0,1.0,10.0,9.0,-1.0,0.9904883661467656,18.6,Romeoville Rsf,,,,,,,,,,,,,,,,,,,,,,False,False
455376,EFCA03,58415,HENGJIAN HOME FURNISHING (HONG KONG) LIMITED_1,APS AEOF,1.0,1.0,1.0,9.0,7.0,-2.0,0.9712197762540599,63.8,Toledo,,,,,,,,,,,,,,,,,,,,,,False,False
455421, WE-CA4,452361,WINMATCH GLOBAL (HK) TRADING LIMITED,APS AEOF,1.0,1.0,1.0,8.0,6.0,-2.0,0.9079384385086776,196.8,Romeoville Rsf,,,,,,,,,,,,,,,,,,,,,,False,False
455482,LALA  WONZ INC. CA 91730,56227,LALA  WONZ INC.,APS Bedroom,1.0,1.0,1.0,9.0,8.0,-1.0,0.9244487954371329,177.5,West Columbus,,,,,,,,,,,,,,,,,,,,,,False,False
455730,YMS HOME INC. CA 91752,401699,YMS HOME INC.,Wayfair,1.0,1.0,1.0,10.0,9.0,-1.0,0.9965568125922283,7.0,North  Indianapolis,,,,,,,,,,,,,,,,,,,,,,False,False
304232,Home View Improvements Ltd CA 91764,213156,Home View Improvements Ltd,Casegoods,1.0,1.0,1.0,9.0,9.0,0.0,0.997258604934511,5.4,Romeoville Rsf,,,,,,,,,,,,,,,,,,,,,,False,False
304907,"JIANGMEN BOHUANG TECHNOLOGY CO., LTD. CA 91730",266740,"JIANGMEN BOHUANG TECHNOLOGY CO., LTD.",APS,1.0,0.0,1.0,8.0,7.0,-1.0,0.9848530748258104,30.0,Chicago,,,,,,,,,,,,,,,,,,,,,,False,False
304918,Heshan Yimanya Sanitary Ware CA 91730,296950,"Heshan Yimanya Sanitary Ware Co., Ltd",Plumbing,1.0,1.0,1.0,10.0,6.0,-4.0,0.9824452472341387,31.1,North St.Louis,,,,,,,,,,,,,,,,,,,,,,False,False
453849,RED GINGER 88 INC CA 92337,434320,RED GINGER 88 INC,APS Decor,1.0,1.0,1.0,12.0,8.0,-4.0,0.9789230934248633,39.3,New Brighton Ncpc,,,,,,,,,,,,,,,,,,,,,,False,False
453853,RED GINGER 88 INC CA 91761,434320,RED GINGER 88 INC,APS Decor,1.0,1.0,1.0,11.0,8.0,-3.0,0.932173828787365,140.0,Northern Kentucky,,,,,,,,,,,,,,,,,,,,,,False,False
453865,RED GINGER 88 INC CA 95776,434320,RED GINGER 88 INC,APS Decor,1.0,1.0,0.0,7.0,8.0,1.0,0.9105371428571428,195.7,Toledo,,,,,,,,,,,,,,,,,,,,,,False,False
454061,YY-USCA03,286640,Spectre Link Inc,Casegoods,1.0,1.0,1.0,9.0,7.0,-2.0,0.9507045364194532,111.6,Toledo,,,,,,,,,,,,,,,,,,,,,,False,False
454101,"Shenzhen kemo electronic commerce co., ltd CA 92337",293616,"Shenzhen kemo electronic commerce co., ltd",APS Upholstery,1.0,1.0,1.0,8.0,7.0,-1.0,0.9929813367363216,13.2,New Brighton Ncpc,,,,,,,,,,,,,,,,,,,,,,False,False
458376,                           ca10,289091,shenzhenyuanhuankejiyouxiangongsi,APS Youth,1.0,1.0,1.0,11.0,10.0,-1.0,0.9910541694762868,19.9,Columbus,,,,,,,,,,,,,,,,,,,,,,False,False
458593,"Fu Owner, LLC CA 90703",219145,"Fu Owner, LLC",APS Bedroom,1.0,1.0,1.0,9.0,8.0,-1.0,0.9827490570224097,31.1,North St.Louis,,,,,,,,,,,,,,,,,,,,,,False,False
458757,Lotus Trading Inc CA 90723,147857,Lotus Trading Inc,Casegoods,1.0,1.0,1.0,7.0,7.0,0.0,0.9963420210333791,5.6,Omaha,,,,,,,,,,,,,,,,,,,,,,False,False
459758,Stellweilan Tessberg LLC IL 62025,271648,Stellweilan Tessberg LLC,Storage & Org,1.0,1.0,1.0,9.0,3.0,-6.0,1.0,0.0,Peoria,,,,,,,,,,,,,,,,,,,,,,False,False
459999,美西WPLA15 Unit A.,453083,PHEAKDEY LLC,Rugs,1.0,1.0,1.0,9.0,8.0,-1.0,0.989814905494075,20.8,Oshkosh,,,,,,,,,,,,,,,,,,,,,,False,False
460111,WPLA15/92335,433135,"TILAID TECHNOLOGY CO., LIMITED",APS Bedroom,1.0,1.0,1.0,12.0,6.0,-6.0,0.9964750368518874,5.5,Lenexa,,,,,,,,,,,,,,,,,,,,,,False,False
460403,KYT TECHNOLOGY INC. CA 90660,320631,KYT TECHNOLOGY INC.,APS Upholstery,1.0,1.0,1.0,11.0,5.0,-6.0,0.9509775027016406,99.8,Chicago,,,,,,,,,,2.0,1.0,1.0,9.0,4.0,-5.0,0.8310170427982491,397.6,King Of Prussia,,,,False,True
461235,"GOODLUX TRADING CO.,LTD. CA 92337-7457",120004,"GOODLUX TRADING CO.,LTD.",APS Home Improvement,1.0,1.0,1.0,10.0,9.0,-1.0,0.9849428039372173,28.3,Maple Grove,,,,,,,,,,,,,,,,,,,,,,False,False
34663,eModern Decor CA91745,15702,eModern Decor,Casegoods,1.0,1.0,0.0,8.0,9.0,1.0,0.9879393366635164,26.8,West Columbus,,,,,,,,,,,,,,,,,,,,,,False,False
35069,JLA Home GA 31407 - SV2,1987,JLA Home,Soft Home,1.0,1.0,1.0,7.0,3.0,-4.0,0.9805270345455465,38.5,Chicago,,,,,,,,,,,,,,,,,,,,,,False,False
35139,Pillow Decor,35139,Pillow Decor,Soft Home,1.0,0.0,1.0,14.0,11.0,-3.0,0.972065167315827,66.7,Toledo,,,,,,,,,,,,,,,,,,,,,,False,False
35296,BZB Group CA,11670,BZB Group,Decor,1.0,1.0,1.0,10.0,7.0,-3.0,0.9094730367028911,176.6,Cedar Rapids,,,,,,,,,,,,,,,,,,,,,,False,False
35725,Ari Kitchen and Bath CA,20983,Ari Kitchen and Bath,Plumbing,1.0,1.0,1.0,9.0,7.0,-2.0,0.9785365372280062,43.5,Chicago Loop,,,,,,,,,,,,,,,,,,,,,,False,False
36283,Dial Industries,36283,Dial Industries,Storage & Org - Frequency,1.0,1.0,1.0,8.0,7.0,-1.0,0.9892600841375897,21.7,Chicago,,,,,,,,,,,,,,,,,,,,,,False,False
37299,AKDY IMPORTS LLC CA,18615,AKDY IMPORTS LLC,Plumbing,1.0,1.0,1.0,7.0,7.0,0.0,0.9507038512616202,92.8,Champaign,,,,,,,,,,,,,,,,,,,,,,False,False
37398,MyFun Corporation,37398,MyFun Corporation,Lighting,1.0,1.0,1.0,7.0,5.0,-2.0,0.9820329312847205,35.9,South Chicago,,,,,,,,,,,,,,,,,,,,,,False,False
457041,Tianle International Group Limited CA 91730,452360,Tianle International Group Limited,Casegoods,1.0,1.0,1.0,11.0,4.0,-7.0,0.9724099099099098,53.9,Romeoville Rsf,,,,,,,,,,,,,,,,,,,,,,False,False
457057, TOP-CA,452361,WINMATCH GLOBAL (HK) TRADING LIMITED,APS AEOF,1.0,1.0,1.0,8.0,7.0,-1.0,0.9956393163249962,8.7,Chicago,,,,,,,,,,,,,,,,,,,,,,False,False
457254,yangyi USCA03,298360,LIFVIA LTD,Casegoods,1.0,1.0,1.0,11.0,7.0,-4.0,0.9963449921315802,7.2,Chicago,,,,,,,,,,,,,,,,,,,,,,False,False
457552,shenzhenshidamaludianzishangwuyouxian B347-CA1,330262,shenzhenshidamaludianzishangwuyouxiangongsi,APS Home Improvement,1.0,1.0,1.0,12.0,8.0,-4.0,0.8991682400367403,197.6,North St.Louis,,,,,,,,,,,,,,,,,,,,,,False,False
457835,SHENZHENSHIQIMAIDIANZISHANGWUYOUXIANGONGSI CA 92337(1),439917,SHENZHENSHIQIMAIDIANZISHANGWUYOUXIANGONGSI,Wayfair,1.0,1.0,1.0,8.0,7.0,-1.0,0.9899892742223811,19.6,Romeoville Rsf,,,,,,,,,,,,,,,,,,,,,,False,False
458294,Alvantor CA 91733-1831,46242,Alvantor,Outdoor Structures,1.0,1.0,1.0,11.0,6.0,-5.0,0.9509345794392523,94.5,Champaign,,,,,,,,,,,,,,,,,,,,,,False,False
32997,"Ultimate Innovations, H.I.S.C.",32997,"Ultimate Innovations, H.I.S.C.",Storage & Org - Frequency,1.0,1.0,1.0,8.0,8.0,0.0,0.88737037703051,187.9,Kansas City,,,,,,,,,,,,,,,,,,,,,,False,False
33094,Stufurhome CA,3737,NATCOMMERCE INC.,Plumbing,1.0,1.0,1.0,10.0,7.0,-3.0,0.9812713936430318,38.3,Maple Grove,,,,,,,,,,,,,,,,,,,,,,False,False
455842,          WPLA4-WPLA17,448785,Luxxe Fixtures Inc,Soft Home,1.0,1.0,1.0,8.0,7.0,-1.0,0.9493942264546044,101.5,Chicago,,,,,,,,,,,,,,,,,,,,,,False,False
456061,"LUOYANG MAKEACE OFFICE FURNITURE CO.,LTD. CA 92374",254723,"LUOYANG MAKEACE OFFICE FURNITURE CO.,LTD.",APS AEOF,1.0,1.0,1.0,9.0,9.0,0.0,0.9145159023841866,182.5,Chicago,,,,,,,,,,,,,,,,,,,,,,False,False
456158,HX-USLAX9TY,213037,JXY HOME LLC,APS Decor,1.0,1.0,1.0,12.0,7.0,-5.0,0.9963051070506657,7.3,North Chicago,,,,,,,,,,,,,,,,,,,,,,False,False
456272,Priority Media LLC WA 98188,430232,Priority Media LLC,Kitchen & Small Electrics,1.0,1.0,0.0,14.0,28.0,14.0,0.9950662668085519,10.2,Niles,,,,,,,,,,,,,,,,,,,,,,False,False
456423,MANETTE CREATIVE INC CA 92337,147596,MANETTE CREATIVE INC,Upholstery,1.0,1.0,1.0,8.0,7.0,-1.0,0.8558381429568086,227.3,Lenexa,,,,,,,,,,,,,,,,,,,,,,False,False
456467,HOPE SHIP LLC CA 92337,67040,HOPE SHIP LLC,Plumbing,1.0,1.0,1.0,9.0,8.0,-1.0,0.8772228876808256,266.5,Romeoville Rsf,,,,,,,,,,,,,,,,,,,,,,False,False
456825,CRDC ARTISANS TRADING LIMITED CA 91752,450216,CRDC ARTISANS TRADING LIMITED,Wayfair,1.0,1.0,1.0,8.0,7.0,-1.0,0.9841196423065063,30.9,Chicago,,,,,,,,,,,,,,,,,,,,,,False,False
456921,Dongguan Shangku Toys Trading Co CA 92335,290837,HIFYOBRO HONGKONG LIMITED,APS AEOF,1.0,1.0,1.0,8.0,6.0,-2.0,0.9854149203688182,26.1,Mankato,,,,,,,,,,,,,,,,,,,,,,False,False
299793,FORESTUP LTD CA 92337,214055,FORESTUP LTD,Mattress,1.0,0.0,1.0,8.0,8.0,0.0,0.9074196753892017,167.7,Chicago,,,,,,,,,,,,,,,,,,,,,,False,False
285603,INOWEL LIGHTING INC CA 91710 ,74018,INOWEL LIGHTING INC,APS Home Improvement,1.0,1.0,1.0,11.0,6.0,-5.0,0.9943219772879092,10.2,North St.Louis,,,,,,,,,,,,,,,,,,,,,,False,False
285627,Loftland Inc CA 91761(3),68839,Loftland Inc,APS,1.0,1.0,0.0,8.0,10.0,2.0,0.943916697113628,122.8,Toledo,,,,,,,,,,,,,,,,,,,,,,False,False
285939,KINGHOSE INDUSTRY LLC CA 92337(3),89762,KINGHOSE INDUSTRY LLC,APS,1.0,1.0,1.0,12.0,8.0,-4.0,0.9904766781014798,18.6,Romeoville Rsf,,,,,,,,,,,,,,,,,,,,,,False,False
286026,Shenzhen Yifanghengtong Technology Co Ltd CA 92626,284288,Shenzhen Yifanghengtong Technology Co Ltd,Casegoods,1.0,1.0,1.0,10.0,7.0,-3.0,0.9789426745280682,42.5,South Chicago,,,,,,,,,,,,,,,,,,,,,,False,False
286122,"Hangzhou Saili Digital Technology co., Ltd NJ 08817",285851,"Hangzhou Saili Digital Technology co., Ltd",APS K&D,1.0,1.0,1.0,9.0,5.0,-4.0,0.9880251180450762,24.6,Greenwood,,,,,,,,,,,,,,,,,,,,,,False,False
286197,Dongguan Tongshun Electronic Commerce CA 91710 ,264647,"Dongguan Tongshun Electronic Commerce Co., Ltd.",APS Home Improvement,1.0,1.0,1.0,12.0,6.0,-6.0,0.8800764767932489,181.9,Kansas City,,,,,,,,,,,,,,,,,,,,,,False,False
286302, SULAIMEI-SPL-CA1,240293,ALL CHIC HOME AND GARDEN LIMITED,APS,1.0,1.0,0.0,9.0,10.0,1.0,0.9265338645418326,92.2,Wichita,,,,,,,,,,,,,,,,,,,,,,False,False
298852,Edyun-E01,56612,Artrage Limited,APS,1.0,1.0,1.0,5.0,5.0,0.0,0.9958319031040063,8.5,Duluth,,,,,,,,,,,,,,,,,,,,,,False,False
299045,Tianjin Yuanlin International Trade CA 92335,296712,"Tianjin Yuanlin International Trade Co., LTD",Outdoor Furniture,1.0,1.0,1.0,11.0,3.0,-8.0,0.9414900589906051,133.9,Etna Rsf,,,,,,,,,,,,,,,,,,,,,,False,False
299083,Nicetree Consultant Inc CA 91761 (2),215251,Nicetree Consultant Inc,APS Upholstery,1.0,1.0,1.0,8.0,7.0,-1.0,0.9919967785775406,15.9,Chicago,,,,,,,,,,,,,,,,,,,,,,False,False
299227,Ever Grace CA 92335,56792,Ever Grace,APS,1.0,1.0,1.0,9.0,8.0,-1.0,0.9933915273462544,13.4,Greenwood,,,,,,,,,,,,,,,,,,,,,,False,False
299385,Shenzhen Jingxin Product Technology Development Co. CA 91710,299322,Shenzhen Jingxin Product Technology Development Co.,Wayfair,1.0,1.0,1.0,8.0,7.0,-1.0,0.9102370146243066,178.0,Chicago Loop,,,,,,,,,,,,,,,,,,,,,,False,False
299522,LGUSW01,57016,ROOJER LIMITED,APS,1.0,1.0,1.0,7.0,7.0,0.0,0.9871393424289868,23.0,North St.Louis,,,,,,,,,,,,,,,,,,,,,,False,False
299586,Hongkong Youth Technology CA 91708,255139,Hongkong Youth Technology Limited,APS,1.0,1.0,1.0,10.0,6.0,-4.0,0.9838420107719928,31.5,Chicago,,,,,,,,,,1.0,1.0,1.0,7.0,5.0,-2.0,0.7242976538112978,547.6,Olive Branch,,,,False,True
299786,Q-CA-1,221756,Ning Bo Hao Mi Xin Xi Ke Ji You Xian Gong Si,APS,1.0,0.0,1.0,8.0,8.0,0.0,0.9413868896263414,136.0,Columbus,,,,,,,,,,,,,,,,,,,,,,False,False
289575,Lege CAP,254183,TINGTEK INC,Casegoods,1.0,0.0,0.0,8.0,9.0,1.0,0.9332669794777004,140.8,Greenwood,,,,,,,,,,,,,,,,,,,,,,False,False
297061,Foshan Wenhua Electronic Commerce CA 92337 (1),174085,"Foshan Wenhua Electronic Commerce Co., Ltd.",APS,1.0,1.0,1.0,10.0,6.0,-4.0,0.9087394018447777,195.9,Chicago Loop,,,,,,,,,,,,,,,,,,,,,,False,False
297290,shenzhenshizhikechuangxinjishuyouxian CA 92337,282292,"Chongqing Piaomo E-commerce Co., Ltd.",APS Rugs,1.0,1.0,1.0,11.0,10.0,-1.0,0.9930006773538044,12.4,St. Louis,,,,,,,,,,,,,,,,,,,,,,False,False
297388,shenzhenshichangyixingkejiyouxiangongsi OR 97008,297127,shenzhenshichangyixingkejiyouxiangongsi,Wayfair,1.0,1.0,1.0,22.0,12.0,-10.0,0.9501260504201682,118.7,Greenwood,,,,,,,,,,,,,,,,,,,,,,False,False
298017,"Zhejiang On Leap Furnishing Co.,Ltd. CA 90201",63641,"Zhejiang On Leap Furnishing Co.,Ltd.",APS Outdoor,1.0,1.0,1.0,7.0,7.0,0.0,0.9890197821738165,24.7,Toledo Local,,,,,,,,,,,,,,,,,,,,,,False,False
298073,shenzhen haohaoxiong jiaju keji youxiangongsi CA 91730,298035,shenzhen haohaoxiong jiaju keji youxiangongsi,Wayfair,1.0,1.0,1.0,20.0,7.0,-13.0,0.9941200233403654,13.1,Oak Park,,,,,,,,,,1.0,1.0,1.0,10.0,8.0,-2.0,0.6750555144337527,702.4,West Savannah  Ncpc,,,,False,True
298196,ZhejiangNanFengJinChukouYouXianGongSi CA 91752,214424,ZhejiangNanFengJinChukouYouXianGongSi,APS,1.0,1.0,1.0,9.0,8.0,-1.0,0.9909491072753351,18.3,North  Indianapolis,,,,,,,,,,,,,,,,,,,,,,False,False
298275,"Wenzhou Qilin Digital Technology Co., Ltd CA 92337",270575,"Wenzhou Qilin Digital Technology Co., Ltd",APS,1.0,1.0,0.0,6.0,8.0,2.0,0.9832618025751073,39.0,East Cleveland,,,,,,,,,,1.0,1.0,1.0,7.0,3.0,-4.0,0.7443829078301589,567.7,King Of Prussia,,,,False,True
461756,KSP-CA,452361,WINMATCH GLOBAL (HK) TRADING LIMITED,APS AEOF,1.0,1.0,1.0,9.0,7.0,-2.0,0.9750516607025855,49.5,Romeoville Ncpc,,,,,,,,,,,,,,,,,,,,,,False,False
461906,langfangyuemingqishangmaoyouxiangongsi CA 91761,240536,langfangyuemingqishangmaoyouxiangongsi,APS K&D,1.0,1.0,1.0,12.0,10.0,-2.0,0.9311754831489691,159.9,Columbus,,,,,,,,,,,,,,,,,,,,,,False,False
462420,CA仓,276614,"Anji Fuheng Furniture Co., Ltd",APS Upholstery,1.0,1.0,1.0,11.0,9.0,-2.0,0.9667990630410429,65.2,South Chicago,,,,,,,,,,,,,,,,,,,,,,False,False
462490,Optimus Enterprise Inc. CA 92806,461027,Optimus Enterprise Inc.,Wayfair,1.0,1.0,1.0,12.0,10.0,-2.0,0.9944175317185698,12.1,Dayton,,,,,,,,,,,,,,,,,,,,,,False,False
462502,Emerald City Brand Boosters LLC_1 CA 91761,414998,Emerald City Brand Boosters LLC_1,APS Pet,1.0,1.0,1.0,9.0,8.0,-1.0,0.988270053358028,26.6,Ashland,,,,,,,,,,,,,,,,,,,,,,False,False
27662,Hi-Line Gift LTD NY 14150,20819,Hi-Line Gift LTD,Decor,1.0,1.0,1.0,7.0,6.0,-1.0,0.9280984303466318,175.9,Buffalo,,,,,,,,,,,,,,,,,,,,,,False,False
28223,Teva Furniture CA 91411,25366,Teva Furniture,Outdoor Furniture,1.0,1.0,1.0,10.0,8.0,-2.0,0.99561578318055,8.8,East Carol Stream,,,,,,,,,,,,,,,,,,,,,,False,False
28794,Kube Bath CA 90040,25257,Kube Bath,Plumbing,1.0,1.0,1.0,7.0,5.0,-2.0,0.9244936509602266,143.9,Cedar Rapids,,,,,,,,,,,,,,,,,,,,,,False,False
466919,YQN 92337,36677,Eurus Home,APS Home Improvement,1.0,0.0,1.0,8.0,8.0,0.0,0.9916750068237649,18.3,West Columbus,,,,,,,,,,,,,,,,,,,,,,False,False
467248,guang zhou shi sheng peng chu wei you xian gong si CA 92337,450304,guang zhou shi sheng peng chu wei you xian gong si,Wayfair,1.0,1.0,0.0,10.0,11.0,1.0,0.9794503085003314,40.3,Romeoville Ncpc,,,,,,,,,,,,,,,,,,,,,,False,False
467453,"Hangzhou Ligu Cultural Creative Co., Ltd. CA 91761",465486,"Hangzhou Ligu Cultural Creative Co., Ltd.",APS Youth,1.0,1.0,1.0,11.0,11.0,0.0,0.8890153671030165,175.5,North Kansas City Ncpc,,,,,,,,,,,,,,,,,,,,,,False,False
467584,DLXCA-92337,363937,"Hangzhou Yude Consulting Co., Ltd.",APS Outdoor,1.0,1.0,0.0,9.0,11.0,2.0,0.9880065589130944,25.6,North Cincinnati,,,,,,,,,,,,,,,,,,,,,,False,False
467754,MAKE FUN INC. CA 91710,407264,MAKE FUN INC.,APS Home Improvement,1.0,1.0,1.0,10.0,10.0,0.0,0.9947204344328238,10.5,Chicago,,,,,,,,,,,,,,,,,,,,,,False,False
467819,Wayli Exchange LLC CA 91730,453514,Wayli Exchange LLC,APS Spa,1.0,1.0,1.0,7.0,6.0,-1.0,0.9932517924926191,14.4,Northern Kentucky,,,,,,,,,,,,,,,,,,,,,,False,False
467858,"Longyan Kaishi Information Technology Co., Ltd CA 91761",460922,"Longyan Kaishi Information Technology Co., Ltd",Plumbing,1.0,1.0,1.0,7.0,5.0,-2.0,0.8962954927591257,191.2,Olive Branch,,,,,,,,,,,,,,,,,,,,,,False,False
468062,FoShanShiHeXieJiaYuanJiaJuYouXianGongSi CA 92337,301154,FoShanShiHeXieJiaYuanJiaJuYouXianGongSi,APS K&D,1.0,1.0,1.0,7.0,7.0,0.0,0.9896531040687794,20.7,Milwaukee,,,,,,,,,,,,,,,,,,,,,,False,False
24040,Elite Screens CA 92841,2278,Elite Screens,Wayfair Professional,1.0,0.0,0.0,7.0,8.0,1.0,0.9791508141835338,41.1,Chicago,,,,,,,,,,,,,,,,,,,,,,False,False
26028,Seachrome,26028,Seachrome,Plumbing,1.0,1.0,1.0,8.0,8.0,0.0,0.9509682931460034,103.3,Chicago,,,,,,,,,,,,,,,,,,,,,,False,False
26072,Tayama Appliance USA Inc.,26072,Tayama Appliance USA Inc.,Kitchen & Small Electrics,1.0,1.0,1.0,10.0,9.0,-1.0,0.9975427511157915,4.9,Niles,,,,,,,,,,,,,,,,,,,,,,False,False
26761,Olympia Faucets CA,24410,Pioneer Industries,Plumbing,1.0,1.0,1.0,9.0,8.0,-1.0,0.9045317220543806,205.4,Chicago,,,,,,,,,,,,,,,,,,,,,,False,False
26767,Opulent Treasures,26767,Opulent Treasures,Tabletop,1.0,1.0,1.0,10.0,5.0,-5.0,0.9568882343980094,84.9,Chicago,,,,,,,,,,,,,,,,,,,,,,False,False
26773,Trans Globe Lighting CA 91355,3137,Trans Globe Lighting,Lighting,1.0,0.0,1.0,6.0,5.0,-1.0,0.9959227784054625,8.3,Chicago,,,,,,,,,,,,,,,,,,,,,,False,False
26980,New Age Pet CA 94545,1258,New Age Pet,Pet,1.0,1.0,1.0,7.0,6.0,-1.0,0.9894776557390794,25.1,Northern Kentucky,,,,,,,,,,,,,,,,,,,,,,False,False
466917,WEDO 91761,36677,Eurus Home,APS Home Improvement,1.0,1.0,1.0,10.0,9.0,-1.0,0.9913405088062622,17.7,Greenwood,,,,,,,,,,,,,,,,,,,,,,False,False
463878,Suncrown Inc CA 91730 (2),44741,Suncrown Inc,APS Outdoor,1.0,1.0,1.0,9.0,6.0,-3.0,0.9921862541859352,14.7,New Brighton Ncpc,,,,,,,,,,,,,,,,,,,,,,False,False
464629,Vakkerlight Inc CA 90670,457830,Vakkerlight Inc,Wayfair,1.0,1.0,1.0,11.0,10.0,-1.0,0.9888254283585796,22.5,Chicago,,,,,,,,,,,,,,,,,,,,,,False,False
464791,Great Sink LLC_1 CA 91733,462867,Great Sink LLC_1,Wayfair,1.0,1.0,1.0,10.0,8.0,-2.0,0.9852535973058475,28.9,Romeoville Rsf,,,,,,,,,,,,,,,,,,,,,,False,False
464800,"Hangzhou MyPetLinks Technology Co.,Ltd CA 91761",464786,"Hangzhou MyPetLinks Technology Co.,Ltd",Wayfair,1.0,1.0,0.0,7.0,8.0,1.0,0.9953687905230829,9.5,Greenwood Local,,,,,,,,,,,,,,,,,,,,,,False,False
465292,Battilo WPLA16,36897,Battilo,APS Soft Home,1.0,0.0,1.0,8.0,8.0,0.0,0.9729113924050633,53.5,Chicago,,,,,,,,,,,,,,,,,,,,,,False,False
465331,BZY-CA01,91035,NINGBOZHENHAIAIBODADIANZISHANGWUYOUXIANGONGSI,APS Home Improvement,1.0,1.0,1.0,11.0,5.0,-6.0,0.9904443382704252,22.0,Richfield ,,,,,,,,,,,,,,,,,,,,,,False,False
465996,Northobliq Digi Inc CA 90201,287325,Northobliq Digi Inc,Casegoods,1.0,1.0,1.0,9.0,7.0,-2.0,0.9893391220453449,22.1,Greenwood,,,,,,,,,,,,,,,,,,,,,,False,False
466039,Smart Big Mall Inc CA 91761,206253,Smart Big Mall Inc,APS AEOF,1.0,1.0,1.0,11.0,8.0,-3.0,0.9833384916950377,32.3,Romeoville Rsf,,,,,,,,,,,,,,,,,,,,,,False,False
286749,Xiamen Mingpinzhijia E Commerce Co Ltd CA 95826,286742,Xiamen Mingpinzhijia E Commerce Co Ltd,Wayfair,1.0,1.0,1.0,8.0,7.0,-1.0,0.9838815645394419,36.8,Toledo,,,,,,,,,,,,,,,,,,,,,,False,False
29325,Elco,29325,Elco,Lighting,1.0,1.0,1.0,9.0,7.0,-2.0,0.9544976076555024,95.1,Chicago,,,,,,,,,,,,,,,,,,,,,,False,False
30213,Propel Trampolines LLC CA90703,22287,Propel Trampolines LLC,Recreation,1.0,1.0,1.0,7.0,7.0,0.0,0.9459658230586199,124.9,West Columbus,,,,,,,,,,,,,,,,,,,,,,False,False
462606,"Guangzhou Tuosen Import and Export Co., Ltd. NJ 07094",274887,"Guangzhou Tuosen Import and Export Co., Ltd.",APS Home Improvement,1.0,1.0,1.0,10.0,4.0,-6.0,0.8684823193498792,299.4,Toledo,,,,,,,,,,,,,,,,,,,,,,False,False
462789,DongGuanJiLinGongYingLianYouXianGongSi CA 91752,355850,DongGuanJiLinGongYingLianYouXianGongSi,APS Bedroom,1.0,1.0,1.0,13.0,10.0,-3.0,0.9452136370403453,110.4,Romeoville Rsf,,,,,,,,,,,,,,,,,,,,,,False,False
462825,"Shenzhen Dayu Shuchuang Technology Co., Ltd CA 92337",338662,"Shenzhen Dayu Shuchuang Technology Co., Ltd",APS Outdoor,1.0,1.0,1.0,9.0,8.0,-1.0,0.9857201561536881,27.8,Chicago,,,,,,,,,,,,,,,,,,,,,,False,False
462979,良仓-CA-05,363958,"Shenzhen Yuanshen Import & Export Co., Ltd.",APS AEOF,1.0,0.0,0.0,8.0,9.0,1.0,0.9733560331985529,62.6,Zanesville,,,,,,,,,,,,,,,,,,,,,,False,False
462993,"Zhongshan Qidian Lighting Co., Ltd. CA 91761-2905",249297,"Zhongshan Qidian Lighting Co., Ltd.",APS Home Improvement,1.0,1.0,1.0,8.0,4.0,-4.0,0.9854757487410548,27.4,St. Paul,,,,,,,,,,,,,,,,,,,,,,False,False
296637,Tangt LA 91748,208512,Tangt,Wayfair Professional,1.0,1.0,1.0,8.0,8.0,0.0,0.9895920502092049,19.9,Maple Grove,,,,,,,,,,,,,,,,,,,,,,False,False
288089,Foshan Weiquan CA11 CA 91761,210590,"FOSHAN WEIQUAN TRADING CO.,LTD",APS,1.0,1.0,1.0,10.0,8.0,-2.0,0.9348232531849211,149.9,Columbus,,,,,,,,,,,,,,,,,,,,,,False,False
288225,"LANBOR TECH CO., LIMITED CA 92335",62715,"LANBOR TECH CO., LIMITED",APS Youth,1.0,1.0,0.0,10.0,11.0,1.0,0.988038166162439,25.7,North Cincinnati,,,,,,,,,,,,,,,,,,,,,,False,False
288856,Tradeber E-marketing Inc CA 92337,239639,Tradeber E-marketing Inc,Upholstery,1.0,1.0,1.0,6.0,2.0,-4.0,0.951667696108709,93.9,Mccook,3.0,0.6666666666666666,1.0,7.0,4.666666666666667,-2.333333333333333,0.8470771316381266,293.7,Carol Stream,1.0,1.0,1.0,6.0,3.0,-3.0,0.878858597645062,228.4,Niles,-0.33333333333333337,0.0,2.666666666666667,True,True
288894,COMPHOME.CORP CA 90220 ,39423,COMPHOME.CORP,Youth Furniture & Decor,1.0,1.0,1.0,9.0,8.0,-1.0,0.9938116140174139,8.6,Wichita,,,,,,,,,,,,,,,,,,,,,,False,False
288908,SmartStandard NJ 08518,49538,NORTH ELM ARTISAN LLC_1,APS Home Improvement,1.0,1.0,1.0,8.0,4.0,-4.0,0.9818648018648019,38.9,Northern Kentucky,,,,,,,,,,,,,,,,,,,,,,False,False
288927,Crafted by Catherine LLC CA 91789,285258,Crafted by Catherine LLC,Soft Home,1.0,1.0,1.0,8.0,7.0,-1.0,0.9876595074305519,23.5,Maple Grove,,,,,,,,,,,,,,,,,,,,,,False,False
288963,"Dongguan Runqiang E-commerce Co., Ltd. CA 91710",285353,"Dongguan Runqiang E-commerce Co., Ltd.",Wayfair,1.0,1.0,1.0,12.0,12.0,0.0,0.926390509529366,151.4,Northern Kentucky,,,,,,,,,,,,,,,,,,,,,,False,False
295613,Shenzhen Oumeifeng Fashion Design CA 91752,108440,"Shenzhen Oumeifeng Fashion Design Co., Ltd.",APS,1.0,0.0,0.0,6.0,13.0,7.0,0.9924689599023,14.8,Mccook,3.0,1.0,1.0,6.666666666666667,3.6666666666666665,-3.0000000000000004,0.7589362211000656,526.9666666666667,Fairless Hills,4.0,0.75,1.0,6.0,4.0,-2.0,0.6744034542107705,682.95,Fairless Hills,1.0,1.0,-9.333333333333334,True,True
295751,Langfangbaobolijiajuyouxiangongsi CA6,284461,Langfangbaobolijiajuyouxiangongsi,Casegoods,1.0,0.0,0.0,9.0,10.0,1.0,0.9756680184434199,43.8,North St.Louis,,,,,,,,,,,,,,,,,,,,,,False,False
295848,"Chongqing Yixun Trading Co., Ltd. CA 91789",295833,"Chongqing Yixun Trading Co., Ltd.",Wayfair,1.0,1.0,1.0,8.0,7.0,-1.0,0.9852519053746412,29.8,Hammond,,,,,,,,,,,,,,,,,,,,,,False,False
295976,王棋航 CA 92337,295864,Ningbojialikejiyouxiangongsi,Wayfair,1.0,1.0,1.0,12.0,10.0,-2.0,0.9619110816191109,86.1,Toledo,,,,,,,,,,,,,,,,,,,,,,False,False
296023,Wuhan Xiazhimeng Network Technology Co WA 98032 ,136037,Wuhan Xiazhimeng Network Technology Co Ltd,APS Youth,1.0,1.0,1.0,7.0,7.0,0.0,0.9907551576488907,19.0,Chicago,,,,,,,,,,,,,,,,,,,,,,False,False
296030,Yiimo CA 92337(2),40130,Yiimo,APS Bedroom,1.0,1.0,1.0,7.0,5.0,-2.0,0.9961291690969829,7.3,New Brighton Ncpc,,,,,,,,,,,,,,,,,,,,,,False,False
296207,Covers And All GA,58537,Covers And All,Outdoor Furniture,1.0,0.0,0.0,7.0,21.0,14.0,0.9030034000755572,205.4,Chicago,,,,,,,,,,,,,,,,,,,,,,False,False
296303,Elevated Eats Inc CA 91789,269994,Elevated Eats Inc,Casegoods,1.0,0.0,0.0,9.0,14.0,5.0,0.9819575773064145,35.3,Chicago,,,,,,,,,,,,,,,,,,,,,,False,False
469799,Stellweilan CA 92337 202603,271648,Stellweilan Tessberg LLC,Storage & Org,1.0,1.0,1.0,7.0,7.0,0.0,0.9910068691250904,19.9,Columbus,,,,,,,,,,,,,,,,,,,,,,False,False
20697,Michley Tivax,20697,Michley Tivax,Kitchen & Small Electrics,1.0,1.0,1.0,10.0,9.0,-1.0,0.957567929582855,88.7,Champaign,,,,,,,,,,,,,,,,,,,,,,False,False
20914,Emson USA CA 91730,1303,Emson USA,Kitchen & Small Electrics,1.0,0.0,0.0,8.0,9.0,1.0,0.9458661417322834,115.5,Greenwood,,,,,,,,,,,,,,,,,,,,,,False,False
292469,Baishi NJ 08810 Bedshe,25843,"Bedshe International Co.,LTD",APS,1.0,1.0,1.0,8.0,5.0,-3.0,0.9929908832467406,14.3,Greenwood,,,,,,,,,,,,,,,,,,,,,,False,False
292740,"Ningbo Lexuan E-Commerce Co., Ltd. CA 91752 ",76038,"Ningbo Lexuan E-Commerce Co., Ltd.",APS,1.0,1.0,0.0,7.0,8.0,1.0,0.9798192035182018,41.3,Greenwood,,,,,,,,,,,,,,,,,,,,,,False,False
292742,Kindred Home CA 91733 ,76232,Kindred Home,Soft Home,1.0,1.0,0.0,9.0,10.0,1.0,0.9843609473368642,31.3,Chicago,,,,,,,,,,,,,,,,,,,,,,False,False
292929,DELTA FURNITURE INC. CA 91730 ,80044,DELTA FURNITURE INC.,APS,1.0,1.0,1.0,12.0,6.0,-6.0,0.994713835518959,10.4,Chicago,,,,,,,,,,,,,,,,,,,,,,False,False
295210,GlobalVisionDirectLtd CA 90220,35778,GlobalVisionDirectLtd,Casegoods,1.0,0.0,1.0,9.0,9.0,0.0,0.9803239637922819,41.3,Greenwood,,,,,,,,,,,,,,,,,,,,,,False,False
468218,hangzhououyiguojimaoyiyouxiangongsi CA15,96970,hangzhououyiguojimaoyiyouxiangongsi,APS Upholstery,1.0,0.0,1.0,9.0,9.0,0.0,0.9108174202611998,171.4,New Brighton Ncpc,,,,,,,,,,,,,,,,,,,,,,False,False
468445,Extromax Lea Inc CA 92376,177829,Extromax Lea Inc,APS Upholstery,1.0,0.0,1.0,9.0,9.0,0.0,0.9785544484345758,42.4,Romeoville Ncpc,,,,,,,,,,,,,,,,,,,,,,False,False
468863,"Shenzhen jiupinwei Trading Co., LTD CA 91702",239704,"Shenzhen jiupinwei Trading Co., LTD",APS Home Improvement,1.0,1.0,1.0,10.0,10.0,0.0,0.9565108220760308,86.6,Chicago Loop,,,,,,,,,,,,,,,,,,,,,,False,False
469149,shilijincheng CA 91762 260330,63929,Hong Kong HuaYa Trade Limited,APS Home Improvement,1.0,1.0,1.0,7.0,6.0,-1.0,0.998069115754035,3.9,Milwaukee,,,,,,,,,,,,,,,,,,,,,,False,False
469350,"Guangdong Shunde Shanyun Technology Co.,Ltd CA 91708",86674,"Guangdong Shunde Shanyun Technology Co.,Ltd",APS Home Improvement,1.0,1.0,1.0,9.0,6.0,-3.0,0.9889766201804758,21.5,Romeoville Ncpc,,,,,,,,,,,,,,,,,,,,,,False,False
469447, LA17,469099,"Shenzhen Yiju E-commerce Co., Ltd.",Wayfair,1.0,1.0,1.0,11.0,8.0,-3.0,0.9905685920577617,20.9,West Columbus,,,,,,,,,,,,,,,,,,,,,,False,False
469501,"Quanzhou Jianyi Horticulture Co., Ltd CA 90640",236373,"Quanzhou Jianyi Horticulture Co., Ltd",APS Decor,1.0,1.0,1.0,9.0,8.0,-1.0,0.9329169162317104,156.8,Columbus,,,,,,,,,,,,,,,,,,,,,,False,False
469642,    USLAX01,69201,Hermes and Fesius LLC,APS Outdoor,1.0,1.0,1.0,8.0,7.0,-1.0,0.9974426888300302,5.6,Toledo,,,,,,,,,,,,,,,,,,,,,,False,False
472194,"Shenzhen Jiayou Home Products Co., Ltd. CA 92316",362602,"Shenzhen Jiayou Home Products Co., Ltd.",APS Decor,1.0,1.0,1.0,10.0,3.0,-7.0,0.9958269073754877,9.2,Columbus Local,,,,,,,,,,,,,,,,,,,,,,False,False
472500,shenzhenshimeiyuweiyuyouxiangongsi CA 91752,363728,shenzhenshimeiyuweiyuyouxiangongsi,APS Home Improvement,1.0,1.0,1.0,11.0,6.0,-5.0,0.9147326881518368,181.5,Mccook,,,,,,,,,,,,,,,,,,,,,,False,False
472705,"Suzhou Zichen Trading Co., Ltd. CA 91708",148750,"Suzhou Zichen Trading Co., Ltd.",APS Bedroom,1.0,1.0,1.0,9.0,8.0,-1.0,0.9877910635619886,19.4,Kansas City,,,,,,,,,,,,,,,,,,,,,,False,False
472794,Gaomon Innovation Inc CA 91761,334372,Gaomon Innovation Inc,Casegoods,1.0,1.0,1.0,10.0,9.0,-1.0,0.9870327993897787,28.9,Columbus,,,,,,,,,,,,,,,,,,,,,,False,False
473244,Dongguan Zhimei Jiaju youxiangongsi CA 91761,447480,Dongguan Zhimei Jiaju youxiangongsi,APS AEOF,1.0,1.0,1.0,9.0,8.0,-1.0,0.9546228020419739,88.0,Romeoville Rsf,,,,,,,,,,,,,,,,,,,,,,False,False
473248,Chengdu xuxian keji youxian gongsi CA 92376(2),239862,Chengdu xuxian keji youxian gongsi,APS Youth,1.0,1.0,1.0,11.0,8.0,-3.0,0.9140831658025605,162.4,Cedar Rapids,,,,,,,,,,,,,,,,,,,,,,False,False
473306,GUANGZHOU TONGYAO KEJI YOUXIANGONGSI NJ  08831,330283,GUANGZHOU TONGYAO KEJI YOUXIANGONGSI,APS Home Improvement,1.0,1.0,1.0,11.0,3.0,-8.0,0.54742352699651,881.8,Princeton,,,,,,,,,,,,,,,,,,,,,,False,False
473931, W1059-CA4,337940,shenzhenshijinxundadianzishangwuyouxiangongsi,APS Home Improvement,1.0,1.0,1.0,9.0,8.0,-1.0,0.9921231161498884,17.3,Toledo Local,,,,,,,,,,,,,,,,,,,,,,False,False
471411,Malyyds LLC CA 91748-1922,466701,Malyyds LLC,Soft Home,1.0,1.0,1.0,14.0,12.0,-2.0,0.9931286008774248,13.0,Rosemount,,,,,,,,,,,,,,,,,,,,,,False,False
471504,"Grand Brass Lamp Parts, LLC CA 92324",273128,"Grand Brass Lamp Parts, LLC",Plumbing,1.0,1.0,1.0,11.0,10.0,-1.0,0.9590076943486336,92.7,Toledo,,,,,,,,,,,,,,,,,,,,,,False,False
471575,"Shenzhen Future Flag International Trade Co., Ltd. CA 91730-4524",452299,"Shenzhen Future Flag International Trade Co., Ltd.",Wayfair,1.0,1.0,1.0,18.0,8.0,-10.0,0.9584650313849441,93.3,Toledo,,,,,,,,,,,,,,,,,,,,,,False,False
471588,  Y-CA-3,139176,XIANGGANGJIDIANGUOJIMAOYIYOUXIANGONGSI,APS Outdoor,1.0,1.0,1.0,9.0,8.0,-1.0,0.9692573734268422,64.0,Duluth,,,,,,,,,,,,,,,,,,,,,,False,False
471634,Tripower Cove Inc CA 92880,299755,Tripower Cove Inc,Upholstery,1.0,1.0,1.0,9.0,9.0,0.0,0.9887680064470636,22.3,Chicago,,,,,,,,,,,,,,,,,,,,,,False,False
471820,"HALL HARDWARE, INC. CA 95776",277181,"HALL HARDWARE, INC.",APS AEOF,1.0,1.0,1.0,9.0,8.0,-1.0,0.9871108467182232,26.0,Chicago,,,,,,,,,,,,,,,,,,,,,,False,False
472081,jiangmaoshengkeji CA 92571,338344,jiangmaoshengkeji,APS Housewares & More,1.0,1.0,1.0,9.0,8.0,-1.0,0.9894546277438334,23.3,Toledo,,,,,,,,,,,,,,,,,,,,,,False,False
472157,"Henan Turio Trading Co., Ltd. CA 91710",452738,"Henan Turio Trading Co., Ltd.",APS Outdoor,1.0,1.0,1.0,9.0,6.0,-3.0,0.9888639341194085,23.8,Northern Kentucky,,,,,,,,,,,,,,,,,,,,,,False,False
23378,ARM Enterprises,23378,ARM Enterprises,Kitchen & Small Electrics,1.0,1.0,1.0,7.0,6.0,-1.0,0.9612806491444699,87.8,Toledo,,,,,,,,,,,,,,,,,,,,,,False,False
469801,Stellweilan SPECIAL CA 91762,271648,Stellweilan Tessberg LLC,Storage & Org,1.0,1.0,1.0,8.0,7.0,-1.0,0.935019303344467,149.8,Columbus,,,,,,,,,,,,,,,,,,,,,,False,False
470070,Signature Housewares CA,1327,Signature Housewares,Tabletop,1.0,1.0,1.0,8.0,7.0,-1.0,0.9857193229901269,32.4,Toledo,,,,,,,,,,,,,,,,,,,,,,False,False
471001,CAJW05-WYD-91761,270772,foshanshinanhaikangjianweiyuyouxiangongsi,APS Home Improvement,1.0,1.0,1.0,9.0,8.0,-1.0,0.972574161705592,53.9,Romeoville Ncpc,,,,,,,,,,,,,,,,,,,,,,False,False
471114,Pixdemand Limited CA 91768,465161,Pixdemand Limited,Wayfair,1.0,1.0,1.0,11.0,10.0,-1.0,0.9677288866915367,71.8,Toledo,,,,,,,,,,,,,,,,,,,,,,False,False
471119,"Qingdao Docool Technology Co., Ltd CA 92571",98174,"Qingdao Docool Technology Co., Ltd",APS AEOF,1.0,1.0,1.0,8.0,6.0,-2.0,0.9872807467432557,24.8,Chicago Loop,,,,,,,,,,,,,,,,,,,,,,False,False
471406,"Shenzhen Tongke Trading Co., Ltd. CA 92376",469929,"Shenzhen Tongke Trading Co., Ltd.",Wayfair,1.0,1.0,1.0,9.0,8.0,-1.0,0.9804255733554073,40.2,Greenwood,,,,,,,,,,,,,,,,,,,,,,False,False
471409,"Shenzhen Jiayuxiang Audio Electronics Co., Ltd. CA 92571",117529,"Shenzhen Jiayuxiang Audio Electronics Co., Ltd.",APS Decor,1.0,1.0,1.0,9.0,9.0,0.0,0.9121975442397977,194.5,Toledo,,,,,,,,,,,,,,,,,,,,,,False,False
289409,SWEET NIGHT TECHNOLOGY INC. CA 91752 ,93029,SWEET NIGHT TECHNOLOGY INC.,APS Mattresses,1.0,1.0,1.0,8.0,6.0,-2.0,0.9007386363636364,174.7,New Brighton Ncpc,,,,,,,,,,,,,,,,,,,,,,False,False
20933,Zenport Industries,20933,Zenport Industries,Outdoor Structures,1.0,1.0,0.0,7.0,8.0,1.0,0.9957226792009402,9.1,Chicago,,,,,,,,,,,,,,,,,,,,,,False,False
20998,Hezme Home Fashion,20998,Hezme Home Fashion,Soft Home,1.0,1.0,1.0,13.0,7.0,-6.0,0.9525930182445052,99.0,Chicago,,,,,,,,,,,,,,,,,,,,,,False,False
22519,Timeline Wood,22519,Timeline Wood,Flooring,1.0,1.0,0.0,10.0,11.0,1.0,0.9229069358645975,153.5,Chicago,,,,,,,,,,,,,,,,,,,,,,False,False
22667,Intrend Tile,22667,Intrend Tile,Flooring,1.0,1.0,1.0,7.0,5.0,-2.0,0.989832206361132,20.3,Chicago,,,,,,,,,,,,,,,,,,,,,,False,False
22696,Surya GA 30184 (1 Surya Dr),291,Surya,Rugs,1.0,1.0,1.0,6.0,2.0,-4.0,0.46877066426209796,883.7,Chattanooga,,,,,,,,,,,,,,,,,,,,,,False,False
22876,Adesso GA 30043,324,Adesso,Lighting,1.0,1.0,1.0,7.0,3.0,-4.0,0.9816011235955056,39.3,Northern Kentucky,,,,,,,,,,,,,,,,,,,,,,False,False
23309,"Phonopia, LLC_1",23309,"Phonopia, LLC_1",Decor,1.0,1.0,1.0,10.0,9.0,-1.0,0.9155374048635604,182.0,Chicago,,,,,,,,,,,,,,,,,,,,,,False,False
480281,"Foshan Tangniang Trading Co., Ltd CA 92324",368963,"Foshan Tangniang Trading Co., Ltd",APS Housewares & More,1.0,1.0,1.0,11.0,10.0,-1.0,0.9596418489767113,91.5,Toledo,,,,,,,,,,,,,,,,,,,,,,False,False
480441,ENVIWE MIRROR LLC CA 92335,252845,ENVIWE MIRROR LLC,APS Home Improvement,1.0,1.0,1.0,9.0,7.0,-2.0,0.9884239652154272,20.5,North St.Louis,,,,,,,,,,,,,,,,,,,,,,False,False
480646,jilinouboshangmaoyouxiangongsi CA 91730,374177,Aurorithm Nova,APS Soft Home,1.0,1.0,1.0,12.0,8.0,-4.0,0.9477111188428848,105.2,Romeoville Rsf,,,,,,,,,,,,,,,,,,,,,,False,False
7729,Teak Etc. LLC,7729,Teak Etc. LLC,PG Outdoor,1.0,1.0,1.0,11.0,9.0,-2.0,0.9948330683624801,10.4,Chicago,,,,,,,,,,,,,,,,,,,,,,False,False
9795,Orient Express Furniture Inc. CA 92688,9072,Essentials For Living,Casegoods,1.0,1.0,1.0,11.0,9.0,-2.0,0.9808866603782952,38.5,Romeoville Ncpc,,,,,,,,,,,,,,,,,,,,,,False,False
10343,Daltile CA91761,6764,Daltile,Flooring,1.0,1.0,1.0,8.0,6.0,-2.0,0.9904945117121196,16.8,North St.Louis,,,,,,,,,,,,,,,,,,,,,,False,False
10673,123 Creations,10673,123 Creations,Casegoods,1.0,0.0,1.0,14.0,14.0,0.0,0.9905976494123531,18.8,Minneapolis,,,,,,,,,,,,,,,,,,,,,,False,False
7147,The Stock Market CA 95203,7141,The Stock Market,Plumbing,1.0,1.0,1.0,7.0,7.0,0.0,0.9974126778783958,5.4,East Carol Stream,,,,,,,,,,,,,,,,,,,,,,False,False
478153,hangzhouxinaowangluokejiyouxiangongsi CA 91752,474797,hangzhouxinaowangluokejiyouxiangongsi,Wayfair,1.0,1.0,1.0,10.0,8.0,-2.0,0.9897639306506302,16.0,Lenexa Local,,,,,,,,,,,,,,,,,,,,,,False,False
478538,hangzhoudongmeidianzishangwuyouxiangongsi CA 92571,203629,hangzhoudongmeidianzishangwuyouxiangongsi,APS Upholstery,1.0,1.0,1.0,7.0,7.0,0.0,0.9356332785040257,148.7,West Columbus,,,,,,,,,,,,,,,,,,,,,,False,False
478559,"Ningbo ChengYi Cross-Border Trade Co.,Ltd. CA 92571",357739,"Ningbo ChengYi Cross-Border Trade Co.,Ltd.",APS Outdoor,1.0,1.0,1.0,7.0,7.0,0.0,0.9834639212827988,36.3,Columbus,,,,,,,,,,,,,,,,,,,,,,False,False
478763,HONG KONG VISTA FURNITURE LIMITED CA 91761,478529,HONG KONG VISTA FURNITURE LIMITED,Wayfair,1.0,1.0,1.0,12.0,11.0,-1.0,0.944562551103843,101.7,New Brighton Ncpc,,,,,,,,,,,,,,,,,,,,,,False,False
478766,Yizhong Foshan import and Export CA 91761 (1),147761,"Yizhong Foshan import and Export Co., Ltd",APS Bedroom,1.0,0.0,0.0,10.0,13.0,3.0,0.9294595280385689,139.0,Champaign,,,,,,,,,,,,,,,,,,,,,,False,False
479670,SLPCA03,86802,"Shenzhen Jiayuan Decoration Materials Co., Ltd.",Upholstery,1.0,1.0,1.0,9.0,4.0,-5.0,0.9971593791214366,5.6,Chicago Loop,,,,,,,,,,,,,,,,,,,,,,False,False
479840,"Zhongshan Big Blue Elephant Lighting Co., Ltd. CA 91710",298707,"Zhongshan Big Blue Elephant Lighting Co., Ltd.",APS Home Improvement,1.0,1.0,1.0,12.0,7.0,-5.0,0.9921637903700683,17.3,Toledo Local,,,,,,,,,,,,,,,,,,,,,,False,False
480210,US-POD-CA,82169,"DALI FORTUNE TRADE CO.,LIMITED",APS Rugs,1.0,1.0,0.0,8.0,11.0,3.0,0.9935951541631497,12.9,Chicago,,,,,,,,,,,,,,,,,,,,,,False,False
292200,LORDEAR CA 95304 ,58377,LORDEAR,APS,1.0,1.0,1.0,7.0,7.0,0.0,0.8597724720472633,287.2,Lenexa,,,,,,,,,,,,,,,,,,,,,,False,False
292222,"Caoxian Zhongzhou Household Products Co., Ltd. CA 91789",292220,Pedilok Limited,APS Bedroom,1.0,1.0,1.0,8.0,3.0,-5.0,0.9843356643356643,33.6,Grand Rapids,,,,,,,,,,,,,,,,,,,,,,False,False
17945,Johnson Premier Hardwood Flooring CA 91748,17740,Johnson Premier Hardwood Flooring,Flooring,1.0,0.0,1.0,9.0,7.0,-2.0,0.974699151706451,51.3,Champaign,,,,,,,,,,,,,,,,,,,,,,False,False
476146,HoorayDepot CA 91761(4),66590,Hooray Depot,APS Home Improvement,1.0,1.0,1.0,17.0,9.0,-8.0,0.9923705722070844,16.8,Lansing,,,,,,,,,,,,,,,,,,,,,,False,False
476857, XCCA02,455369,Hong Kong Friday Craftsmanship International Limited,APS Housewares & More,1.0,1.0,1.0,12.0,11.0,-1.0,0.9789565306435923,41.1,Romeoville Ncpc,,,,,,,,,,,,,,,,,,,,,,False,False
477089,QK-WPLA15,236437,"Zhejiang Yifeng new material Technology Co., LTD",APS Outdoor,1.0,1.0,1.0,5.0,4.0,-1.0,0.9614333922545396,48.0,Rapid City,,,,,,,,,,,,,,,,,,,,,,False,False
477318,"Hebei Ou Nuo De Industrial Co., Ltd. CA 92335",320644,"Hebei Ou Nuo De Industrial Co., Ltd.",APS Outdoor,1.0,1.0,1.0,12.0,8.0,-4.0,0.9792253124648125,36.9,North St.Louis,,,,,,,,,,,,,,,,,,,,,,False,False
477665,(US)yichangshikaimingwangluokejiyouxiangongsi CA 92337,473209,(US)yichangshikaimingwangluokejiyouxiangongsi,APS Housewares & More,1.0,1.0,1.0,7.0,5.0,-2.0,0.9816745818707413,35.5,Chicago,,,,,,,,,,,,,,,,,,,,,,False,False
290811,Dongguan Aidenghui Home Decoration  Co CA 91748,275423,"Hong Kong Luoman International Co., Limited",APS Home Improvement,1.0,1.0,1.0,9.0,7.0,-2.0,0.9827837905864586,34.2,Romeoville Rsf,,,,,,,,,,,,,,,,,,,,,,False,False
291242,CA11-CA 91761 XINSANITY	,72363,"WingLanber Co., Ltd.",APS,1.0,1.0,1.0,11.0,9.0,-2.0,0.9972216048010669,5.0,North St.Louis,,,,,,,,,,,,,,,,,,,,,,False,False
291251,Yosi Inc_1 CA 91761,291045,Yosi Inc_1,Wayfair,1.0,1.0,1.0,10.0,7.0,-3.0,0.9805102763997166,44.0,Columbus,,,,,,,,,,,,,,,,,,,,,,False,False
291421,SDK Mirror Inc CA 91789,282199,SDK Mirror Inc,Casegoods,1.0,1.0,1.0,14.0,8.0,-6.0,0.9738091511451975,50.2,Madison,,,,,,,,,,,,,,,,,,,,,,False,False
291609,Guang Zhou Shi Le Ai Jia Trading Co. Ltd CA 90660 ,71369,SHUNMAY INTERNATIONAL LIMITED,APS Youth,1.0,1.0,1.0,11.0,11.0,0.0,0.985151710781149,29.9,Chicago,,,,,,,,,,,,,,,,,,,,,,False,False
291836,Jdm Interiors Inc CA 91744 ,268720,Jdm Interiors Inc,Casegoods,1.0,1.0,1.0,9.0,4.0,-5.0,0.9897256807369167,20.3,Chicago,1.0,1.0,1.0,6.0,3.0,-3.0,0.6386110970100005,711.9,King Of Prussia,1.0,1.0,1.0,8.0,3.0,-5.0,0.6176933624498502,752.8,King Of Prussia,0.0,0.0,-1.0,True,True
291846,"Hangzhou Meikaxi Technology Co.,LTd CA 92337",253990,"Hangzhou Meikaxi Technology Co.,LTd",APS,1.0,1.0,1.0,9.0,7.0,-2.0,0.9934690157958688,12.9,Chicago,,,,,,,,,,,,,,,,,,,,,,False,False
292198,Goldhill Lighting Inc CA 91761  ,65718,Goldhill Lighting Inc,Lighting,1.0,1.0,1.0,8.0,7.0,-1.0,0.9898893360160966,20.1,Chicago,,,,,,,,,,,,,,,,,,,,,,False,False
485435,"Beijing Baobeimi Technology Co., Ltd CA 92880",105709,"Beijing Baobeimi Technology Co., Ltd",Casegoods,1.0,1.0,1.0,10.0,10.0,0.0,0.9555589965933726,86.1,Romeoville Rsf,,,,,,,,,,,,,,,,,,,,,,False,False
485455,"Ningbo Huaining Technology Co., LTD CA 92374",452279,"Ningbo Huaining Technology Co., LTD",APS AEOF,1.0,1.0,1.0,9.0,7.0,-2.0,0.9308083221126698,159.3,Columbus,,,,,,,,,,,,,,,,,,,,,,False,False
485492,CA6 - Bactrian Camel,363899,"Beijing Bactrian Camel Technology Co., Ltd.​",APS Bedroom,1.0,1.0,1.0,16.0,5.0,-11.0,0.9142254511366299,183.0,Chicago Loop,,,,,,,,,,,,,,,,,,,,,,False,False
485867,MT-USLA07,237557,guangdongyuanfumaoyiyouxiangongsi,APS Housewares & More,1.0,1.0,1.0,9.0,8.0,-1.0,0.9955940443634154,8.7,Chicago,,,,,,,,,,,,,,,,,,,,,,False,False
486136,"SHENZHEN SHANSHUIPAI TECHNOLOGY CO., LTD. CA 91761",473445,"SHENZHEN SHANSHUIPAI TECHNOLOGY CO., LTD.",Grills,1.0,0.0,0.0,11.0,16.0,5.0,0.9414368576371223,115.1,Chicago,,,,,,,,,,,,,,,,,,,,,,False,False
486304,SHENGZHOU YUYUAN TECHNOLOGY CO LTD CA 92571,200748,SHENGZHOU YUYUAN TECHNOLOGY CO LTD,APS Home Improvement,1.0,1.0,1.0,9.0,8.0,-1.0,0.9639712488769093,80.2,Toledo,,,,,,,,,,,,,,,,,,,,,,False,False
486444,Dyno Exchange Warehouse- Valley View,39715,Dyno Exchange,Flooring,1.0,1.0,1.0,10.0,10.0,0.0,0.9453369905956114,111.6,South Chicago,,,,,,,,,,,,,,,,,,,,,,False,False
486608,shen zhen shi xin rui tai ke ji you xian gong si CA 91708,370239,shen zhen shi xin rui tai ke ji you xian gong si,APS Housewares & More,1.0,0.0,1.0,9.0,9.0,0.0,0.967186302070023,64.2,New Brighton Ncpc,,,,,,,,,,,,,,,,,,,,,,False,False
483650,"Yangjiang China Industry and Trade Co., Ltd. CA 91708",473699,"Yangjiang China Industry and Trade Co., Ltd.",Wayfair,1.0,1.0,1.0,12.0,6.0,-6.0,0.9574214910238502,82.3,Chicago,,,,,,,,,,,,,,,,,,,,,,False,False
484101,IMBILO CO CA 91762,271125,IMBILO CO,APS K&D,1.0,1.0,1.0,16.0,8.0,-8.0,0.9168691588785046,177.9,Chicago,,,,,,,,,,,,,,,,,,,,,,False,False
484545,Hestan Culinary CA 94533,63223,Hestan Culinary,Kitchen & Small Electrics,1.0,0.0,1.0,9.0,9.0,0.0,0.9855992189406884,29.5,Chicago,,,,,,,,,,,,,,,,,,,,,,False,False
484640,     FANDING,59788,ARTPLAN Trading LLC,APS Outdoor,1.0,1.0,1.0,11.0,9.0,-2.0,0.9547885510547688,91.3,Romeoville Rsf,,,,,,,,,,,,,,,,,,,,,,False,False
484703,"Foshan Han Ting Furniture Co., Ltd CA 91762",447113,"Foshan Han Ting Furniture Co., Ltd",APS AEOF,1.0,1.0,1.0,9.0,6.0,-3.0,0.9638031101856365,81.7,Toledo,,,,,,,,,,,,,,,,,,,,,,False,False
485003,"Shenzhen Zhongrenxing E-commerce Co., Ltd CA 92880",450142,"Shenzhen Zhongrenxing E-commerce Co., Ltd",Wayfair,1.0,1.0,1.0,11.0,8.0,-3.0,0.9128409846972722,170.3,Romeoville Rsf,,,,,,,,,,,,,,,,,,,,,,False,False
485015,"Shenzhen Yidesen Technology Co., Ltd. CA 92337(2)",375587,"Shenzhen Yidesen Technology Co., Ltd.",APS AEOF,1.0,1.0,1.0,9.0,6.0,-3.0,0.982885582245696,33.7,Romeoville Rsf,,,,,,,,,,,,,,,,,,,,,,False,False
485030,Pedilok Limited CA 92376,292220,Pedilok Limited,APS Bedroom,1.0,1.0,1.0,6.0,6.0,0.0,0.9753164556962025,31.2,Rapid City,,,,,,,,,,,,,,,,,,,,,,False,False
10896,RH16 Home,10896,RH16 Home,Decor,1.0,1.0,0.0,10.0,11.0,1.0,0.9968079359622846,6.5,East Wheeling,,,,,,,,,,,,,,,,,,,,,,False,False
11800,TerraTrellis,11800,TerraTrellis,Outdoor Structures,1.0,1.0,1.0,25.0,19.0,-6.0,0.9137577002053389,180.6,St. Paul,,,,,,,,,,,,,,,,,,,,,,False,False
11916,Copper Creek,11916,Copper Creek,Hardware,1.0,1.0,1.0,9.0,5.0,-4.0,1.0,0.0,Lenexa Local,,,,,,,,,,,,,,,,,,,,,,False,False
12395,Ashley Furniture CA 92324,2022,Ashley Furniture,Upholstery,1.0,0.0,1.0,8.0,8.0,0.0,0.9695033250207814,58.7,Maple Grove,,,,,,,,,,,,,,,,,,,,,,False,False
12591,Liberty Hardware Manufacturing Corp. CA 91761,12579,Liberty Hardware Manufacturing Corp.,Hardware,1.0,1.0,1.0,10.0,9.0,-1.0,0.9910541694762868,19.9,Columbus,,,,,,,,,,,,,,,,,,,,,,False,False
12594,S.O.L.E. DESIGNS Inc.,12594,S.O.L.E. DESIGNS Inc.,Casegoods,1.0,0.0,1.0,20.0,20.0,0.0,0.9684594510431959,70.9,Toledo,,,,,,,,,,,,,,,,,,,,,,False,False
482791,Foshan MJL Intelligent Home Products CA 91761(2),214365,"WSIDSY CO., LIMITED",APS Bedroom,1.0,1.0,1.0,8.0,7.0,-1.0,0.9356270810210876,150.8,West Columbus,,,,,,,,,,,,,,,,,,,,,,False,False
483014,Brit Zonk inc CA 91789,330754,Brit Zonk inc,Mattress,1.0,1.0,1.0,13.0,6.0,-7.0,0.989879566845461,20.0,Chicago,,,,,,,,,,,,,,,,,,,,,,False,False
488203,TANYA DECOR INC CA 91789,270365,TANYA DECOR INC,APS Home Improvement,1.0,1.0,1.0,10.0,8.0,-2.0,0.9523316062176166,110.4,Toledo,,,,,,,,,,,,,,,,,,,,,,False,False
489425,QUANTUM SKY MEDIA Inc. CA 90640,277700,QUANTUM SKY MEDIA Inc.,APS Home Improvement,1.0,1.0,1.0,11.0,10.0,-1.0,0.9923904881101376,15.2,Chicago,,,,,,,,,,,,,,,,,,,,,,False,False
489520, CPF_CA_US,321435,"Shenzhen Wuseqiao Trading Co., Ltd.",APS Rugs,1.0,1.0,1.0,9.0,9.0,0.0,0.9752268552023604,44.5,North St.Louis,,,,,,,,,,,,,,,,,,,,,,False,False
489840,Lanora Lighting CA 91730-4945,53471,Lanora Lighting,Lighting,1.0,1.0,1.0,10.0,9.0,-1.0,0.950261516797425,98.9,Romeoville Ncpc,,,,,,,,,,,,,,,,,,,,,,False,False
491221,Cusp Barn inc CA 91730-4945,143543,Cusp Barn inc,APS Home Improvement,1.0,1.0,1.0,12.0,11.0,-1.0,0.9593797479667531,90.9,Toledo,,,,,,,,,,,,,,,,,,,,,,False,False
491613,ganzhoushisidaworiyongpinyouxiangongsi CA 92337(2),358386,ganzhoushisidaworiyongpinyouxiangongsi,APS Outdoor,1.0,1.0,1.0,9.0,8.0,-1.0,0.9974346324617661,5.2,Greenwood,,,,,,,,,,,,,,,,,,,,,,False,False
491852,"NINGBO HI-TECH SKYFISH IMPORT & EXPORT CO.,LTD CA 90201",117555,"NINGBO HI-TECH SKYFISH IMPORT & EXPORT CO.,LTD",APS Outdoor,1.0,1.0,1.0,9.0,8.0,-1.0,0.9975502204801567,5.5,East Columbus,,,,,,,,,,,,,,,,,,,,,,False,False
491983,Hangzhoukachiwangluokejiyouxiangongsi CA 92879,464854,Hangzhoukachiwangluokejiyouxiangongsi,APS Upholstery,1.0,1.0,1.0,9.0,8.0,-1.0,0.9906969650754919,18.3,North Wheeling,,,,,,,,,,,,,,,,,,,,,,False,False
8678,Linon NC 27288,405,Linon,Casegoods,,,,,,,,,,1.0,1.0,1.0,8.0,3.0,-5.0,0.7974608296887605,477.0,Elon,,,,,,,,,,,,,True,False
10114,Safavieh PA 18042a,381,Safavieh,Rugs,,,,,,,,,,,,,,,,,,,1.0,1.0,1.0,7.0,5.0,-2.0,0.8208700223419634,408.9,Lehigh Valley,,,,False,True
11136,M S International GA 30168,10633,MSI,Flooring,,,,,,,,,,,,,,,,,,,1.0,1.0,1.0,26.0,4.0,-22.0,0.6602130177514793,717.8,Austell,,,,False,True
14129,nuLOOM NJ 08512,5468,nuLOOM,Rugs,,,,,,,,,,,,,,,,,,,1.0,1.0,1.0,7.0,4.0,-3.0,0.5981375358166189,841.5,East Brunswick,,,,False,True
22195,Meridian Furniture NJ 08638,20744,Meridian Furniture,Upholstery,,,,,,,,,,,,,,,,,,,3.0,1.0,1.0,11.0,2.0,-9.0,0.5803145254484249,835.2999999999998,Robbinsville,,,,False,True
27229,CapitalLighting GA,6545,CapitalLighting,Lighting,,,,,,,,,,,,,,,,,,,1.0,1.0,1.0,7.0,3.0,-4.0,0.6470828233374133,778.5,Braselton,,,,False,True
34687,Tatara Group NJ07065,10440,Tatara Group,Storage & Org - Frequency,,,,,,,,,,1.0,1.0,1.0,6.0,6.0,0.0,0.6767406273909716,676.0,Linden,,,,,,,,,,,,,True,False
42637,Lenox Corporation MD 21740,894,Lenox Corporation,Tabletop,,,,,,,,,,,,,,,,,,,1.0,1.0,1.0,7.0,3.0,-4.0,0.5202689041649818,949.1,Hagerstown,,,,False,True
49461,Uniek WI 53597,22487,Uniek,Decor,,,,,,,,,,1.0,1.0,1.0,7.0,4.0,-3.0,0.8547026796199423,272.2,Madison,,,,,,,,,,,,,True,False
63184,Alipu Inc CA A0001,50463,Alipu Inc,APS Outdoor,,,,,,,,,,,,,,,,,,,1.0,1.0,1.0,6.0,4.0,-2.0,0.9049612931496178,195.2,Romeoville Rsf,,,,False,True
66315,Million Dollar Baby Co GA 31322,426,Million Dollar Baby Co,Youth Furniture & Decor,,,,,,,,,,,,,,,,,,,2.0,1.0,1.0,6.0,6.0,0.0,0.4249454998442852,1107.9,West Savannah  Ncpc,,,,False,True
70918,BASIC  HOME INC. CA 91761,48821,BASIC  HOME INC.,APS K&D,,,,,,,,,,,,,,,,,,,1.0,1.0,1.0,8.0,3.0,-5.0,0.784375,483.0,Robbinsville,,,,False,True
90956,"JIANGXI KINYING INDUSTIAL CO.,LTD CA 92835",65677,"JIANGXI KINYING INDUSTIAL CO.,LTD",APS,,,,,,,,,,,,,,,,,,,1.0,1.0,1.0,8.0,3.0,-5.0,0.5593976849126937,898.3,Fairless Hills,,,,False,True
93132,Safavieh IN46075,381,Safavieh,Rugs,,,,,,,,,,,,,,,,,,,1.0,1.0,1.0,3.0,2.0,-1.0,0.8465180915126872,298.2,North  Indianapolis,,,,False,True
103303,YXSUN COMPANY LTD NJ 08831,87823,YXSUN COMPANY LTD,APS Home Improvement,,,,,,,,,,,,,,,,,,,1.0,1.0,1.0,6.0,3.0,-3.0,0.5952066619274906,797.2,East Brunswick,,,,False,True
107930,AIGA,68135,"Ningbo Tianqi Electronic Commerce Co.,Ltd",APS,,,,,,,,,,,,,,,,,,,1.0,1.0,1.0,7.0,3.0,-4.0,0.4874217772215269,819.1,South Atlanta Ncpc,,,,False,True
123085,Armen Living OR 97210,2502,Armen Living,Casegoods,,,,,,,,,,1.0,0.0,1.0,12.0,9.0,-3.0,0.9928583155475291,17.4,Columbus,,,,,,,,,,,,,True,False
127616,Shenzhen Zhichen Trading Co. LTD. NJ 08060,59517,Shenzhen Zhichen Trading Co. LTD.,APS K&D,,,,,,,,,,,,,,,,,,,1.0,1.0,1.0,4.0,3.0,-1.0,0.5631510754081368,842.9,Metuchen,,,,False,True
130533,Shenzhen Honga Intelligence E-Commerce CA 90022,97786,"Shenzhen Honga Intelligence E-Commerce Co., Ltd.",APS,,,,,,,,,,1.0,1.0,1.0,8.0,4.0,-4.0,0.6415366983905526,719.4,Greensboro,1.0,1.0,1.0,7.0,7.0,0.0,0.48697527791604445,927.6,Greensboro,,,,True,True
146552,"Ningbo Garden International Co, Ltd. NJ 07305",53407,"Ningbo Garden International Co, Ltd.",APS Outdoor,,,,,,,,,,1.0,1.0,1.0,7.0,4.0,-3.0,0.60763381841986,779.2,Secaucus,,,,,,,,,,,,,True,False
147096,South Bay International CA,5741,South Bay International,Mattress,,,,,,,,,,,,,,,,,,,1.0,1.0,1.0,10.0,6.0,-4.0,0.5570608614716377,856.6,Greensboro,,,,False,True
153347,Alphamarts TX 77521(2),46710,Alphamarts,APS Outdoor,,,,,,,,,,,,,,,,,,,1.0,1.0,1.0,3.0,3.0,0.0,0.5439212489811274,727.4,Baytown,,,,False,True
174581,"Ningbo le verde home furnishing co.,ltd. NJ 08016",70401,"Ningbo le verde home furnishing co.,ltd.",APS Outdoor,,,,,,,,,,1.0,1.0,1.0,6.0,4.0,-2.0,0.7452950268206201,560.3,Fairless Hills,,,,,,,,,,,,,True,False
177654,Loctek-CA,100553,SHENZHEN NAMUNANI WANGLUO KEJI YOUXIAN GONGSI,APS,,,,,,,,,,1.0,1.0,1.0,8.0,3.0,-5.0,0.5472067778660313,855.1,Olive Branch,,,,,,,,,,,,,True,False
183019,PROFOUND CENTURY CA 92835,142934,PROFOUND CENTURY LIMITED,APS,,,,,,,,,,1.0,1.0,1.0,8.0,4.0,-4.0,0.672575842173832,703.7,Richmond Hill Ncpc,,,,,,,,,,,,,True,False
190378,Prime-Line TX 75041,34472,Prime-Line,Hardware,,,,,,,,,,,,,,,,,,,1.0,1.0,0.0,6.0,7.0,1.0,0.49742582665463614,946.9,Mesquite,,,,False,True
191313,Sundale Outdoor CA 91761,36598,Sundale Outdoor,APS AEOF,,,,,,,,,,,,,,,,,,,1.0,1.0,1.0,8.0,5.0,-3.0,0.5524303419179045,1018.4,Orlando,,,,False,True
200205,Shenzhenshi Daman NJ 08060,76761,Shenzhenshi Daman Shiye Youxiangongsi,APS K&D,,,,,,,,,,1.0,1.0,1.0,7.0,3.0,-4.0,0.772780531771068,504.2,Robbinsville,,,,,,,,,,,,,True,False
204623,"Nanjing Zamx Furnishing Co.,Ltd NJ 08016",204398,"Nanjing Zamx Furnishing Co.,Ltd",APS,,,,,,,,,,,,,,,,,,,1.0,1.0,1.0,7.0,4.0,-3.0,0.58113476622186,822.4,Robbinsville,,,,False,True
216485,Smash sports group Inc TX 75050,106010,Smash sports group Inc,Kitchen & Small Electrics,,,,,,,,,,,,,,,,,,,1.0,0.0,1.0,8.0,6.0,-2.0,0.5143472022955524,1015.5,South Dallas Rsf,,,,False,True
223799,Safavieh Texas,381,Safavieh,Rugs,,,,,,,,,,,,,,,,,,,1.0,1.0,1.0,18.0,4.0,-14.0,0.4883125664058727,1059.5,Baytown,,,,False,True
229944, JLNJ03,75517,Amzmos,APS AEOF,,,,,,,,,,,,,,,,,,,1.0,0.0,1.0,8.0,6.0,-2.0,0.5964262145286563,795.0,Metuchen,,,,False,True
234897,CA3-W1710,67639,MIRROR FLY LLC,Outdoor Furniture,,,,,,,,,,1.0,0.0,0.0,11.0,17.0,6.0,0.7408707865168539,553.5,King Of Prussia,,,,,,,,,,,,,True,False
236461,Americanflat Corp CA 92335,10545,Americanflat Corp,Decor,,,,,,,,,,1.0,0.0,1.0,8.0,6.0,-2.0,0.7052248242375196,582.8,Olive Branch,,,,,,,,,,,,,True,False
242185,Zhejiangchengjieyiyeyouxiangongsi CA 92571,241673,Zhejiangchengjieyiyeyouxiangongsi,Wayfair,,,,,,,,,,,,,,,,,,,1.0,0.0,1.0,7.0,5.0,-2.0,0.5243770314192849,746.3,Baytown,,,,False,True
243335,"Dewenwils Network Technology Co., Ltd NJ 08817",62262,"Dewenwils Network Technology Co., Ltd",APS Home Improvement,,,,,,,,,,2.0,1.0,1.0,7.0,3.0,-4.0,0.6054421768707482,771.4,Metuchen,,,,,,,,,,,,,True,False
244312,Zoy Home Furnishing Co. Ltd GA 30519,58758,Zoy Home Furnishing Co. Ltd,APS,,,,,,,,,,,,,,,,,,,1.0,1.0,1.0,7.0,6.0,-1.0,0.6843707198295541,622.2,Chattanooga,,,,False,True
247333,EFNJ01 08854,64096,"NANJING HENGNING HOME FURNISHING CO., LTD.",APS,,,,,,,,,,,,,,,,,,,1.0,1.0,0.0,6.0,,,0.743150063509345,566.2,Woodbridge,,,,False,True
250017,Karat Home Inc (14 Karat) TX 77085,21718,Karat Home Inc (14 Karat),APS Upholstery,,,,,,,,,,,,,,,,,,,1.0,1.0,1.0,7.0,4.0,-3.0,0.40595804688877135,1348.0,Sugar Land,,,,False,True
254842,"Ningbo Jimarkde Trading Co., Ltd. CA 91761",89483,"Ningbo Jimarkde Trading Co., Ltd.",APS,,,,,,,,,,,,,,,,,,,1.0,1.0,1.0,7.0,3.0,-4.0,0.49472807991120976,910.5,King Of Prussia,,,,False,True
267938,EVERGREEN DECOR INC CA 91761,267936,EVERGREEN DECOR INC,Wayfair,,,,,,,,,,2.0,1.0,1.0,8.0,5.0,-3.0,0.571603750901659,890.85,Chattanooga,,,,,,,,,,,,,True,False
268171,"CAN_Nantong Yasai Textile Co., LTD. CA 92337",234220,"CAN_Nantong Yasai Textile Co., LTD.",APS Youth,,,,,,,,,,,,,,,,,,,2.0,1.0,1.0,9.0,5.0,-4.0,0.5623166585423284,879.6,Richmond Hill Ncpc,,,,False,True
272271,"Conair, Inc MD 21740",5189,"Conair, Inc",Kitchen & Small Electrics,,,,,,,,,,,,,,,,,,,1.0,0.0,0.0,7.0,8.0,1.0,0.8022386483632523,468.2,Hagerstown,,,,False,True
279093,"Ningbo Detaike Trading Co., Ltd. NY 11716",279037,"Ningbo Detaike Trading Co., Ltd.",APS Outdoor,,,,,,,,,,1.0,1.0,0.0,5.0,6.0,1.0,0.6116561437591064,799.6,Woodbridge,1.0,1.0,1.0,8.0,3.0,-5.0,0.940041841004184,143.3,Etna Rsf,,,,True,True
279170,"GigaCloud Trading, Inc. AT4 GA 31408",3215,"GigaCloud Trading, Inc.",Outdoor Furniture,,,,,,,,,,,,,,,,,,,2.0,0.0,0.0,5.0,7.0,2.0,0.5931118424018393,902.6,Richmond Hill Ncpc,,,,False,True
282335,EFIL01 60441,64096,"NANJING HENGNING HOME FURNISHING CO., LTD.",APS,,,,,,,,,,,,,,,,,,,1.0,1.0,1.0,7.0,4.0,-3.0,0.8713628705432357,282.5,Chicago,,,,False,True
286666,"Shenzhen Laiwo Trading Co., Ltd. NJ 08512",65593,"Shenzhen Laiwo Trading Co., Ltd.",APS,,,,,,,,,,,,,,,,,,,1.0,1.0,1.0,7.0,3.0,-4.0,0.7417474844055912,567.2,East Brunswick,,,,False,True
296153,"Sleemon-Xilinmen Furniture co.,Ltd NJ 08016 ",88620,"Sleemon-Xilinmen Furniture co.,Ltd",APS,,,,,,,,,,,,,,,,,,,1.0,1.0,1.0,4.0,3.0,-1.0,0.7947444110341221,471.0,Robbinsville,,,,False,True
299874,Hangzhou Mucheng International Trade GA 30519 (2),132375,"Hangzhou Mucheng International Trade Co., Ltd",APS Other,,,,,,,,,,1.0,0.0,1.0,8.0,4.0,-4.0,0.7308641975308642,577.7,Braselton,,,,,,,,,,,,,True,False
308884,"Xianyou County Sili Network Technology Co., Ltd. CA 92337",308878,"Xianyou County Sili Network Technology Co., Ltd.",Wayfair,,,,,,,,,,1.0,1.0,1.0,12.0,6.0,-6.0,0.5117082338599076,961.3,West Savannah  Ncpc,,,,,,,,,,,,,True,False
310015,JAFFE MURPHY HOUSE INC CA 91761,72736,JAFFE MURPHY HOUSE INC,APS,,,,,,,,,,,,,,,,,,,1.0,1.0,1.0,7.0,2.0,-5.0,0.9816999395039323,36.3,Romeoville Rsf,,,,False,True
312991,TINGTEK INC GA 31326,254183,TINGTEK INC,APS,,,,,,,,,,,,,,,,,,,2.0,1.0,1.0,7.0,5.0,-2.0,0.6379524400725815,758.2,Murfreesboro,,,,False,True
313815,"Hangzhou Mengfeisi Home Furnishings Co., Ltd GA 31326",313810,"Hangzhou Mengfeisi Home Furnishings Co., Ltd",APS Outdoor,,,,,,,,,,2.0,1.0,0.0,4.0,5.0,1.0,0.6830366194898415,781.6,West Savannah  Ncpc,,,,,,,,,,,,,True,False
315143,"Freestyle Outdoor Living Co., Ltd PA 18466",57760,Orange Casual Co Ltd_1,APS Outdoor,,,,,,,,,,,,,,,,,,,1.0,1.0,1.0,4.0,3.0,-1.0,0.7887997873377343,476.7,Hagerstown,,,,False,True
320979,"Zhejiang Kangqian Industrial & Trading Co., Ltd. GA 30519(1)",320777,"Zhejiang Kangqian Industrial & Trading Co., Ltd.",APS,,,,,,,,,,,,,,,,,,,1.0,1.0,1.0,5.0,3.0,-2.0,0.7458447786209786,545.9,South Atlanta Ncpc,,,,False,True
321846,"Foshan MiaoSu Building Materials CO., LTD CA 92335",321745,"Foshan MiaoSu Building Materials CO., LTD",Wayfair,,,,,,,,,,,,,,,,,,,1.0,1.0,1.0,8.0,3.0,-5.0,0.6565038912169674,803.3,Camden,,,,False,True
326360,"Freestyle Outdoor Living Co., Ltd GA 31407 ",57760,Orange Casual Co Ltd_1,APS Outdoor,,,,,,,,,,2.0,0.5,1.0,18.0,5.5,-12.5,0.5859770518685531,846.7,Richmond Hill Ncpc,,,,,,,,,,,,,True,False
332042,Shenzhen kaisite electronic technology CA 91730(2),90538,HONGKONG KAISITE LIMITED,APS Home Improvement,,,,,,,,,,,,,,,,,,,1.0,0.0,0.0,10.0,36.0,26.0,0.6692004886656713,731.1,Seekonk,,,,False,True
338752,"Shenzhen Jingzan Keji Co., Ltd CA 92410",266525,"Shenzhen Jingzan Keji Co., Ltd",APS K&D,,,,,,,,,,,,,,,,,,,1.0,1.0,1.0,6.0,5.0,-1.0,0.8199909747292419,398.9,Greensboro,,,,False,True
340196,Dee Noon Corporation Sdn Bhd CA 92376,326722,Dee Noon Corporation Sdn Bhd,APS SEA,,,,,,,,,,1.0,1.0,1.0,10.0,6.0,-4.0,0.6241490505195271,734.3,Greensboro,,,,,,,,,,,,,True,False
345690,"Judong Yunqi(Xiamen)Trading Co.,Ltd. NJ 08817",286888,"Judong Yunqi(Xiamen)Trading Co.,Ltd.",APS Youth,,,,,,,,,,,,,,,,,,,1.0,1.0,1.0,4.0,4.0,0.0,0.4649649898197348,1077.4,Woodbridge,,,,False,True
350081,KYT 9425,285354,HONGKONG LANDER TECHNOLOGY LIMITED,APS AEOF,,,,,,,,,,1.0,1.0,1.0,7.0,3.0,-4.0,0.815010478519036,423.7,King Of Prussia,,,,,,,,,,,,,True,False
350656,Costway IL 60446 (2),38830,Costway,APS Outdoor,,,,,,,,,,,,,,,,,,,1.0,1.0,1.0,7.0,4.0,-3.0,0.4315162620247366,744.6,Romeoville Rsf,,,,False,True
351179,DWNJ1. NJ 08873,326437,Hongkong Taisheng Furniture Trading Limited,APS AEOF,,,,,,,,,,,,,,,,,,,1.0,1.0,1.0,4.0,3.0,-1.0,0.5259779807917545,1011.8,Woodbridge,,,,False,True
351865,tongxiangshiqicaijiajuyongpinyouxiang NJ 08016 (2),295759,tongxiangshiqicaijiajuyongpinyouxiangongsi,APS Rugs,,,,,,,,,,,,,,,,,,,1.0,0.0,1.0,5.0,4.0,-1.0,0.7619650010541851,564.5,Fairless Hills,,,,False,True
354419,"Ningbo le verde home furnishing co.,ltd. GA 31408",70401,"Ningbo le verde home furnishing co.,ltd.",APS Outdoor,,,,,,,,,,,,,,,,,,,1.0,0.0,1.0,9.0,8.0,-1.0,0.7196986582267196,628.8,Fairless Hills,,,,False,True
354421,Ningbo Jiangdong Peter International GA 31408,53013,Ningbo Jiangdong Peter International Trading CoLTD,APS Outdoor,,,,,,,,,,,,,,,,,,,1.0,0.0,1.0,7.0,4.0,-3.0,0.6896209386281589,687.8,West Savannah  Ncpc,,,,False,True
356444,Karat Home Inc (14 Karat) NJ 08691,21718,Karat Home Inc (14 Karat),APS Upholstery,,,,,,,,,,,,,,,,,,,1.0,1.0,1.0,7.0,3.0,-4.0,0.7217962277454609,631.3,Metuchen,,,,False,True
357194,Zhengzhou Bevi Import  Export Trading NJ 08512,61515,"HONGKONG OUSHENG NETWORK TECHNOLOGY CO.,LIMITED",APS Bedroom,,,,,,,,,,1.0,1.0,1.0,10.0,7.0,-3.0,0.5042357274401473,942.2,East Brunswick,1.0,1.0,1.0,4.0,4.0,0.0,0.5568693104530711,847.0,East Brunswick,,,,True,True
358112,MAGIC CACTUS INC CA 92337-8200,207075,MAGIC CACTUS INC,Youth Furniture & Decor,,,,,,,,,,,,,,,,,,,1.0,1.0,1.0,11.0,3.0,-8.0,0.983381320402081,32.9,Carol Stream,,,,False,True
360303,Trimark Technology NJ 08003,60485,Trimark Technology,APS K&D,,,,,,,,,,1.0,1.0,1.0,6.0,6.0,0.0,0.7377730609357036,593.0,King Of Prussia,,,,,,,,,,,,,True,False
361921,   WPLA16,336659,"Shanghai Yudingchi Technology Co., LTD.",APS AEOF,,,,,,,,,,,,,,,,,,,2.0,1.0,1.0,7.5,3.0,-4.5,0.7101399022880583,597.85,Greensboro,,,,False,True
365134,aifei(shanghai)kejiyouxiangongsi NJ 07094,232557,aifei(shanghai)kejiyouxiangongsi,APS K&D,,,,,,,,,,,,,,,,,,,1.0,1.0,0.0,4.0,5.0,1.0,0.5530148630511508,899.2,Secaucus,,,,False,True
369500,dingli technology inc CA 91789,103798,dingli technology inc,APS Home Improvement,,,,,,,,,,1.0,1.0,1.0,10.0,6.0,-4.0,0.8004684461728832,451.5,Camden,,,,,,,,,,,,,True,False
370173,aifei(shanghai)kejiyouxiangongsi GA 30517,232557,aifei(shanghai)kejiyouxiangongsi,APS K&D,,,,,,,,,,1.0,0.0,1.0,5.0,4.0,-1.0,0.6826279036625339,668.1,Olive Branch,,,,,,,,,,,,,True,False
370863,"Shijiazhuang New Cast Sun Trading Co., Ltd CA 92337",200164,"Shijiazhuang New Cast Sun Trading Co., Ltd",APS AEOF,,,,,,,,,,,,,,,,,,,1.0,1.0,1.0,11.0,4.0,-7.0,0.8319403659362999,297.6,Chicago,,,,False,True
374240,AMEZIEL INC NJ 08505,22539,AMEZIEL INC,APS AEOF,,,,,,,,,,1.0,1.0,1.0,5.0,4.0,-1.0,0.6692766041266558,671.6,Fairless Hills,,,,,,,,,,,,,True,False
401646,NEO CHAIR INC GA 30567,50192,NEO CHAIR INC,Casegoods,,,,,,,,,,,,,,,,,,,1.0,1.0,0.0,2.0,3.0,1.0,0.5743135260787448,879.0,Braselton,,,,False,True
401757,KYT TECHNOLOGY INC. CA 92374,320631,KYT TECHNOLOGY INC.,APS Upholstery,,,,,,,,,,,,,,,,,,,1.0,1.0,1.0,9.0,6.0,-3.0,0.8285393936780371,397.6,King Of Prussia,,,,False,True
402373,GXFCBoutique LLC CA 92376,255183,GXFCBoutique LLC,Casegoods,,,,,,,,,,,,,,,,,,,1.0,0.0,1.0,8.0,6.0,-2.0,0.7317577282530553,597.0,Fairless Hills,,,,False,True
406312,Yii Lighting NJ 08817 (3),61379,Eternadecor INC_1,APS Home Improvement,,,,,,,,,,,,,,,,,,,1.0,1.0,0.0,5.0,6.0,1.0,0.4593809364174768,967.6,Metuchen,,,,False,True
407006,"Cheetah Sourcing, LLC GA 30519",76044,"Cheetah Sourcing, LLC",APS K&D,,,,,,,,,,,,,,,,,,,2.0,1.0,1.0,4.0,3.0,-1.0,0.6255325547591599,747.1,Braselton,,,,False,True
408999,"Freestyle Outdoor Living Co., Ltd CA 91761 (4)",57760,Orange Casual Co Ltd_1,APS Outdoor,,,,,,,,,,7.0,1.0,1.0,9.857142857142858,7.142857142857143,-2.7142857142857144,0.9198423974911174,156.64285714285714,Romeoville Rsf,,,,,,,,,,,,,True,False
412106,TOPTENG INTERNATIONAL TARDE INC NJ 08550,91618,TOPTENG INTERNATIONAL TARDE INC,APS Outdoor,,,,,,,,,,,,,,,,,,,1.0,1.0,1.0,7.0,3.0,-4.0,0.7620789649788089,533.3,Princeton,,,,False,True
412315,guangzhoushidengerwangluokejiyouxiangongsi NJ 07064,272061,guangzhoushidengerwangluokejiyouxiangongsi,APS Home Improvement,,,,,,,,,,1.0,1.0,1.0,5.0,3.0,-2.0,0.6994451438429617,644.6,Woodbridge,,,,,,,,,,,,,True,False
413677,shenzhenshizhongshengchuangzhankejiyouxiangongsi CA 91761,348882,shenzhenshizhongshengchuangzhankejiyouxiangongsi,APS AEOF,,,,,,,,,,,,,,,,,,,1.0,1.0,1.0,8.0,3.0,-5.0,0.8866787494336204,250.1,Mccook,,,,False,True
414203,"Hefei Maxyoyo Trading Co., Ltd. NJ 08861",67567,"Hefei Maxyoyo Trading Co., Ltd.",APS Upholstery,,,,,,,,,,,,,,,,,,,1.0,1.0,1.0,7.0,5.0,-2.0,0.5655725456990586,872.2,Woodbridge,,,,False,True
414794,"Kunming Wuhua District Lvchenman Trading Co., Ltd GA 31408",365856,"Kunming Wuhua District Lvchenman Trading Co., Ltd",APS Housewares & More,,,,,,,,,,1.0,0.0,1.0,24.0,13.0,-11.0,0.5458466675942674,979.2,Richmond Hill Ncpc,,,,,,,,,,,,,True,False
421392,Reprise Designs Inc CA 92337,279234,Reprise Designs Inc,Casegoods,,,,,,,,,,1.0,1.0,1.0,8.0,6.0,-2.0,0.8537147505422994,323.7,Chicago,,,,,,,,,,,,,True,False
437969,"HANGZHOU BOXIAO NETWORK TECHNOLOGY CO., LTD. CA 91761-3641",366268,"HANGZHOU BOXIAO NETWORK TECHNOLOGY CO., LTD.",APS Outdoor,,,,,,,,,,,,,,,,,,,2.0,1.0,1.0,11.0,5.0,-6.0,0.8718487394957983,286.7,Romeoville Rsf,,,,False,True
443492,shanxixuechuyangbinshangmaoyouxiangongsi CA 91789,399511,shanxixuechuyangbinshangmaoyouxiangongsi,APS Outdoor,,,,,,,,,,,,,,,,,,,1.0,1.0,1.0,7.0,4.0,-3.0,0.5894259818731117,815.4,Lehigh Valley,,,,False,True
444042,"Hongkong Ting Han trading Co.,Limited CA 91789",436423,"Hongkong Ting Han trading Co.,Limited",APS Decor,,,,,,,,,,,,,,,,,,,1.0,1.0,1.0,7.0,3.0,-4.0,0.44039355344962877,927.1,South Atlanta Ncpc,,,,False,True
444302,WOW PIONEER C-Corp GA 31302,435184,WOW PIONEER C-Corp,Casegoods,,,,,,,,,,,,,,,,,,,1.0,1.0,1.0,6.0,4.0,-2.0,0.6819217334075837,628.3,East Chattanooga,,,,False,True
447147,Tradeber E-marketing Inc CA 95776,239639,Tradeber E-marketing Inc,Upholstery,,,,,,,,,,1.0,0.0,1.0,10.0,6.0,-4.0,0.679547922218932,649.3,East Chattanooga,,,,,,,,,,,,,True,False
447305,US-POD-NJ,82169,"DALI FORTUNE TRADE CO.,LIMITED",APS Rugs,,,,,,,,,,,,,,,,,,,1.0,0.0,1.0,8.0,6.0,-2.0,0.7406024942912348,590.7,Woodbridge,,,,False,True
449380,"Shenzhen Wuseqiao Trading Co., Ltd. CA 92337",321435,"Shenzhen Wuseqiao Trading Co., Ltd.",APS Rugs,,,,,,,,,,,,,,,,,,,1.0,1.0,1.0,7.0,4.0,-3.0,0.7259761182714177,578.3,Lehigh Valley,,,,False,True
449657,Moe's Home Collection MS 30114,7922,Moe's Home Collection,Casegoods,,,,,,,,,,2.0,1.0,1.0,7.0,3.0,-4.0,0.5141553407585496,990.2,Olive Branch,,,,,,,,,,,,,True,False
450124,shen zhen le kang ting ke ji you xian gong si CA 91710,360340,shen zhen le kang ting ke ji you xian gong si,APS Housewares & More,,,,,,,,,,,,,,,,,,,1.0,1.0,1.0,64.0,17.0,-47.0,0.9939461204722027,12.0,Chicago,,,,False,True
454392,Shenzhenkaibaishikejiyouxiangongsi CA 92337,413446,Shenzhenkaibaishikejiyouxiangongsi,APS Outdoor,,,,,,,,,,1.0,1.0,1.0,8.0,3.0,-5.0,0.7221217866748975,630.2,East Chattanooga,,,,,,,,,,,,,True,False
460875,"weike Global (Wuhan) E-Commerce Co., Ltd CA 91730",459390,"weike Global (Wuhan) E-Commerce Co., Ltd",Wayfair,,,,,,,,,,,,,,,,,,,1.0,1.0,1.0,8.0,3.0,-5.0,0.8804194621412866,212.1,Mccook,,,,False,True
463513,Luxe Weavers NJ 08638,20583,Luxe Weavers,Rugs,,,,,,,,,,1.0,1.0,1.0,6.0,4.0,-2.0,0.7657312733660646,520.1,Robbinsville,,,,,,,,,,,,,True,False
463936,Home Ease CA 91748,353901,Home Ease,APS Upholstery,,,,,,,,,,1.0,1.0,1.0,10.0,5.0,-5.0,0.9868368368368369,26.3,Mccook,2.0,1.0,1.0,8.5,3.5,-5.0,0.7966813945323861,345.5,Romeoville Rsf,,,,True,True
464787,"HONG KONG JIEYIQI TRADING CO., LIMITED NJ 07114",370589,"HONG KONG JIEYIQI TRADING CO., LIMITED",APS Decor,,,,,,,,,,,,,,,,,,,1.0,1.0,1.0,8.0,3.0,-5.0,0.48856289051888074,941.3,Secaucus,,,,False,True
468853, AMNJ,266529,"Zhengzhou Tiaoda Network Technology Co., Ltd.",APS AEOF,,,,,,,,,,,,,,,,,,,1.0,1.0,0.0,3.0,5.0,2.0,0.6018978991170202,784.5,Fairless Hills,,,,False,True
470864,"Ningbo FanKai E-commerce Co., Ltd._1 GA 30297",83386,"Ningbo FanKai E-commerce Co., Ltd._1",APS Home Improvement,,,,,,,,,,,,,,,,,,,1.0,1.0,1.0,7.0,3.0,-4.0,0.6540895695444224,716.0,South Atlanta Ncpc,,,,False,True
471412,NJXX02,273078,"Yiwu Binsai Import and Export Co., Ltd.",APS Outdoor,,,,,,,,,,1.0,1.0,1.0,9.0,3.0,-6.0,0.6177013213662428,766.7,Fairless Hills,,,,,,,,,,,,,True,False
472627,shanghairuixingushiyeyouxiangongsi CA 91710,471694,shanghairuixingushiyeyouxiangongsi,Wayfair,,,,,,,,,,,,,,,,,,,3.0,1.0,1.0,8.333333333333334,3.3333333333333335,-5.0,0.7298112223982325,592.6666666666666,Linden,,,,False,True
475183,EFIL07,58415,HENGJIAN HOME FURNISHING (HONG KONG) LIMITED_1,APS AEOF,,,,,,,,,,,,,,,,,,,1.0,1.0,1.0,6.0,5.0,-1.0,0.9125877231944567,196.8,South Chicago,,,,False,True
479667,"Foshan Nanhai District Jushangpinju Furniture Co., Ltd. CA 92337-8200",478232,"Foshan Nanhai District Jushangpinju Furniture Co., Ltd.",APS Upholstery,,,,,,,,,,,,,,,,,,,1.0,1.0,1.0,9.0,4.0,-5.0,0.8283547366461939,368.9,East Chattanooga,,,,False,True
483439,Sande Home Limited TX 77477-3815,50030,Sande Home Limited,APS Home Improvement,,,,,,,,,,,,,,,,,,,1.0,1.0,1.0,9.0,5.0,-4.0,0.4366097585614708,1115.4,Sugar Land,,,,False,True
486570, NJ-2A,251752,LUXHOME (HK) TRADING LIMITED,APS Bedroom,,,,,,,,,,,,,,,,,,,1.0,1.0,0.0,3.0,4.0,1.0,0.43464822672743464,1079.2,Princeton,,,,False,True
496685,NORTH ELM ARTISAN LLC_1 NJ 08505,49538,NORTH ELM ARTISAN LLC_1,APS Home Improvement,,,,,,,,,,,,,,,,,,,1.0,1.0,1.0,7.0,3.0,-4.0,0.4730074271145106,950.8,Woodbridge,,,,False,True
497107,Greenland Home Fashions CA 91710,2743,Greenland Home Fashions,Soft Home,,,,,,,,,,1.0,0.0,1.0,10.0,10.0,0.0,0.9059512107943883,210.5,Plainfield,,,,,,,,,,,,,True,False
503385,FLOWXNJ-NJ-NJS01,63641,"Zhejiang On Leap Furnishing Co.,Ltd.",APS Outdoor,,,,,,,,,,,,,,,,,,,1.0,1.0,1.0,7.0,3.0,-4.0,0.5875472469097966,807.5,Princeton,,,,False,True
504875,G Home Collection CA 92705,30620,G Home Collection,Decor,,,,,,,,,,,,,,,,,,,1.0,0.0,0.0,5.0,6.0,1.0,0.4171579135405502,1305.1,Houston,,,,False,True
507120,huzhouqinglanjiajuyouxiangongsi CA 91710 ,322284,huzhouqinglanjiajuyouxiangongsi,APS Upholstery,,,,,,,,,,,,,,,,,,,1.0,0.0,1.0,8.0,4.0,-4.0,0.7337797835686902,548.6,Greensboro,,,,False,True
